representation,model,iso3,column,group,value
primary_total_co2,M0star,DZA,intercept,intercept,1.0
primary_total_co2,M0star,AGO,intercept,intercept,1.0
primary_total_co2,M0star,BEN,intercept,intercept,1.0
primary_total_co2,M0star,BWA,intercept,intercept,1.0
primary_total_co2,M0star,BFA,intercept,intercept,1.0
primary_total_co2,M0star,BDI,intercept,intercept,1.0
primary_total_co2,M0star,CMR,intercept,intercept,1.0
primary_total_co2,M0star,CAF,intercept,intercept,1.0
primary_total_co2,M0star,TCD,intercept,intercept,1.0
primary_total_co2,M0star,COG,intercept,intercept,1.0
primary_total_co2,M0star,COD,intercept,intercept,1.0
primary_total_co2,M0star,CIV,intercept,intercept,1.0
primary_total_co2,M0star,DJI,intercept,intercept,1.0
primary_total_co2,M0star,EGY,intercept,intercept,1.0
primary_total_co2,M0star,GNQ,intercept,intercept,1.0
primary_total_co2,M0star,ERI,intercept,intercept,1.0
primary_total_co2,M0star,ETH,intercept,intercept,1.0
primary_total_co2,M0star,GAB,intercept,intercept,1.0
primary_total_co2,M0star,GHA,intercept,intercept,1.0
primary_total_co2,M0star,GIN,intercept,intercept,1.0
primary_total_co2,M0star,GNB,intercept,intercept,1.0
primary_total_co2,M0star,KEN,intercept,intercept,1.0
primary_total_co2,M0star,LSO,intercept,intercept,1.0
primary_total_co2,M0star,LBR,intercept,intercept,1.0
primary_total_co2,M0star,LBY,intercept,intercept,1.0
primary_total_co2,M0star,MDG,intercept,intercept,1.0
primary_total_co2,M0star,MWI,intercept,intercept,1.0
primary_total_co2,M0star,MLI,intercept,intercept,1.0
primary_total_co2,M0star,MRT,intercept,intercept,1.0
primary_total_co2,M0star,MAR,intercept,intercept,1.0
primary_total_co2,M0star,MOZ,intercept,intercept,1.0
primary_total_co2,M0star,NAM,intercept,intercept,1.0
primary_total_co2,M0star,NER,intercept,intercept,1.0
primary_total_co2,M0star,NGA,intercept,intercept,1.0
primary_total_co2,M0star,RWA,intercept,intercept,1.0
primary_total_co2,M0star,SEN,intercept,intercept,1.0
primary_total_co2,M0star,SLE,intercept,intercept,1.0
primary_total_co2,M0star,SOM,intercept,intercept,1.0
primary_total_co2,M0star,ZAF,intercept,intercept,1.0
primary_total_co2,M0star,SDN,intercept,intercept,1.0
primary_total_co2,M0star,SWZ,intercept,intercept,1.0
primary_total_co2,M0star,TZA,intercept,intercept,1.0
primary_total_co2,M0star,TGO,intercept,intercept,1.0
primary_total_co2,M0star,TUN,intercept,intercept,1.0
primary_total_co2,M0star,UGA,intercept,intercept,1.0
primary_total_co2,M0star,ZMB,intercept,intercept,1.0
primary_total_co2,M0star,ZWE,intercept,intercept,1.0
primary_total_co2,M0star,AFG,intercept,intercept,1.0
primary_total_co2,M0star,ARM,intercept,intercept,1.0
primary_total_co2,M0star,AZE,intercept,intercept,1.0
primary_total_co2,M0star,BGD,intercept,intercept,1.0
primary_total_co2,M0star,MMR,intercept,intercept,1.0
primary_total_co2,M0star,KHM,intercept,intercept,1.0
primary_total_co2,M0star,CHN,intercept,intercept,1.0
primary_total_co2,M0star,GEO,intercept,intercept,1.0
primary_total_co2,M0star,IND,intercept,intercept,1.0
primary_total_co2,M0star,IDN,intercept,intercept,1.0
primary_total_co2,M0star,IRN,intercept,intercept,1.0
primary_total_co2,M0star,IRQ,intercept,intercept,1.0
primary_total_co2,M0star,ISR,intercept,intercept,1.0
primary_total_co2,M0star,JPN,intercept,intercept,1.0
primary_total_co2,M0star,JOR,intercept,intercept,1.0
primary_total_co2,M0star,KAZ,intercept,intercept,1.0
primary_total_co2,M0star,LAO,intercept,intercept,1.0
primary_total_co2,M0star,LBN,intercept,intercept,1.0
primary_total_co2,M0star,MYS,intercept,intercept,1.0
primary_total_co2,M0star,MNG,intercept,intercept,1.0
primary_total_co2,M0star,NPL,intercept,intercept,1.0
primary_total_co2,M0star,OMN,intercept,intercept,1.0
primary_total_co2,M0star,PAK,intercept,intercept,1.0
primary_total_co2,M0star,PHL,intercept,intercept,1.0
primary_total_co2,M0star,QAT,intercept,intercept,1.0
primary_total_co2,M0star,SAU,intercept,intercept,1.0
primary_total_co2,M0star,KOR,intercept,intercept,1.0
primary_total_co2,M0star,LKA,intercept,intercept,1.0
primary_total_co2,M0star,SYR,intercept,intercept,1.0
primary_total_co2,M0star,TWN,intercept,intercept,1.0
primary_total_co2,M0star,TJK,intercept,intercept,1.0
primary_total_co2,M0star,THA,intercept,intercept,1.0
primary_total_co2,M0star,TUR,intercept,intercept,1.0
primary_total_co2,M0star,TKM,intercept,intercept,1.0
primary_total_co2,M0star,ARE,intercept,intercept,1.0
primary_total_co2,M0star,UZB,intercept,intercept,1.0
primary_total_co2,M0star,VNM,intercept,intercept,1.0
primary_total_co2,M0star,YEM,intercept,intercept,1.0
primary_total_co2,M0star,ALB,intercept,intercept,1.0
primary_total_co2,M0star,AUT,intercept,intercept,1.0
primary_total_co2,M0star,BLR,intercept,intercept,1.0
primary_total_co2,M0star,BEL,intercept,intercept,1.0
primary_total_co2,M0star,BIH,intercept,intercept,1.0
primary_total_co2,M0star,BGR,intercept,intercept,1.0
primary_total_co2,M0star,HRV,intercept,intercept,1.0
primary_total_co2,M0star,CYP,intercept,intercept,1.0
primary_total_co2,M0star,CZE,intercept,intercept,1.0
primary_total_co2,M0star,DNK,intercept,intercept,1.0
primary_total_co2,M0star,EST,intercept,intercept,1.0
primary_total_co2,M0star,FIN,intercept,intercept,1.0
primary_total_co2,M0star,FRA,intercept,intercept,1.0
primary_total_co2,M0star,DEU,intercept,intercept,1.0
primary_total_co2,M0star,GRC,intercept,intercept,1.0
primary_total_co2,M0star,HUN,intercept,intercept,1.0
primary_total_co2,M0star,ISL,intercept,intercept,1.0
primary_total_co2,M0star,IRL,intercept,intercept,1.0
primary_total_co2,M0star,ITA,intercept,intercept,1.0
primary_total_co2,M0star,LVA,intercept,intercept,1.0
primary_total_co2,M0star,LTU,intercept,intercept,1.0
primary_total_co2,M0star,MKD,intercept,intercept,1.0
primary_total_co2,M0star,MDA,intercept,intercept,1.0
primary_total_co2,M0star,MNE,intercept,intercept,1.0
primary_total_co2,M0star,NLD,intercept,intercept,1.0
primary_total_co2,M0star,NOR,intercept,intercept,1.0
primary_total_co2,M0star,POL,intercept,intercept,1.0
primary_total_co2,M0star,PRT,intercept,intercept,1.0
primary_total_co2,M0star,ROU,intercept,intercept,1.0
primary_total_co2,M0star,RUS,intercept,intercept,1.0
primary_total_co2,M0star,SRB,intercept,intercept,1.0
primary_total_co2,M0star,SVK,intercept,intercept,1.0
primary_total_co2,M0star,SVN,intercept,intercept,1.0
primary_total_co2,M0star,ESP,intercept,intercept,1.0
primary_total_co2,M0star,SWE,intercept,intercept,1.0
primary_total_co2,M0star,CHE,intercept,intercept,1.0
primary_total_co2,M0star,UKR,intercept,intercept,1.0
primary_total_co2,M0star,GBR,intercept,intercept,1.0
primary_total_co2,M0star,BHS,intercept,intercept,1.0
primary_total_co2,M0star,CAN,intercept,intercept,1.0
primary_total_co2,M0star,CRI,intercept,intercept,1.0
primary_total_co2,M0star,CUB,intercept,intercept,1.0
primary_total_co2,M0star,DOM,intercept,intercept,1.0
primary_total_co2,M0star,SLV,intercept,intercept,1.0
primary_total_co2,M0star,GTM,intercept,intercept,1.0
primary_total_co2,M0star,HTI,intercept,intercept,1.0
primary_total_co2,M0star,HND,intercept,intercept,1.0
primary_total_co2,M0star,JAM,intercept,intercept,1.0
primary_total_co2,M0star,MEX,intercept,intercept,1.0
primary_total_co2,M0star,NIC,intercept,intercept,1.0
primary_total_co2,M0star,PAN,intercept,intercept,1.0
primary_total_co2,M0star,USA,intercept,intercept,1.0
primary_total_co2,M0star,AUS,intercept,intercept,1.0
primary_total_co2,M0star,NZL,intercept,intercept,1.0
primary_total_co2,M0star,PNG,intercept,intercept,1.0
primary_total_co2,M0star,ARG,intercept,intercept,1.0
primary_total_co2,M0star,BOL,intercept,intercept,1.0
primary_total_co2,M0star,BRA,intercept,intercept,1.0
primary_total_co2,M0star,CHL,intercept,intercept,1.0
primary_total_co2,M0star,COL,intercept,intercept,1.0
primary_total_co2,M0star,ECU,intercept,intercept,1.0
primary_total_co2,M0star,PRY,intercept,intercept,1.0
primary_total_co2,M0star,PER,intercept,intercept,1.0
primary_total_co2,M0star,SUR,intercept,intercept,1.0
primary_total_co2,M0star,URY,intercept,intercept,1.0
primary_total_co2,M0star,VEN,intercept,intercept,1.0
primary_total_co2,M0star,DZA,cum_co2_total,emissions,3.54855671520855
primary_total_co2,M0star,AGO,cum_co2_total,emissions,2.6907018714035313
primary_total_co2,M0star,BEN,cum_co2_total,emissions,1.8264182132733642
primary_total_co2,M0star,BWA,cum_co2_total,emissions,2.0356218259759236
primary_total_co2,M0star,BFA,cum_co2_total,emissions,1.5845799676666654
primary_total_co2,M0star,BDI,cum_co2_total,emissions,0.9776321652459995
primary_total_co2,M0star,CMR,cum_co2_total,emissions,2.307607271514734
primary_total_co2,M0star,CAF,cum_co2_total,emissions,0.9566965648946508
primary_total_co2,M0star,TCD,cum_co2_total,emissions,1.3783070348568127
primary_total_co2,M0star,COG,cum_co2_total,emissions,2.056294887076228
primary_total_co2,M0star,COD,cum_co2_total,emissions,2.2801593518115966
primary_total_co2,M0star,CIV,cum_co2_total,emissions,2.4275607571873796
primary_total_co2,M0star,DJI,cum_co2_total,emissions,1.1944865905497057
primary_total_co2,M0star,EGY,cum_co2_total,emissions,3.678648920904521
primary_total_co2,M0star,GNQ,cum_co2_total,emissions,1.9391896628066057
primary_total_co2,M0star,ERI,cum_co2_total,emissions,1.0825340528727136
primary_total_co2,M0star,ETH,cum_co2_total,emissions,2.1956091035167655
primary_total_co2,M0star,GAB,cum_co2_total,emissions,2.3903698034350125
primary_total_co2,M0star,GHA,cum_co2_total,emissions,2.3786504088367857
primary_total_co2,M0star,GIN,cum_co2_total,emissions,1.8144806667210172
primary_total_co2,M0star,GNB,cum_co2_total,emissions,0.7416242575038121
primary_total_co2,M0star,KEN,cum_co2_total,emissions,2.5461945949323432
primary_total_co2,M0star,LSO,cum_co2_total,emissions,1.6691308473733326
primary_total_co2,M0star,LBR,cum_co2_total,emissions,1.6446453471398719
primary_total_co2,M0star,LBY,cum_co2_total,emissions,3.25980715157785
primary_total_co2,M0star,MDG,cum_co2_total,emissions,1.8483677262157812
primary_total_co2,M0star,MWI,cum_co2_total,emissions,1.6091246477062942
primary_total_co2,M0star,MLI,cum_co2_total,emissions,1.5949226627169901
primary_total_co2,M0star,MRT,cum_co2_total,emissions,1.734127472631969
primary_total_co2,M0star,MAR,cum_co2_total,emissions,3.116196164571735
primary_total_co2,M0star,MOZ,cum_co2_total,emissions,2.0994907252143977
primary_total_co2,M0star,NAM,cum_co2_total,emissions,1.6883753223375348
primary_total_co2,M0star,NER,cum_co2_total,emissions,1.5213734807610282
primary_total_co2,M0star,NGA,cum_co2_total,emissions,3.5241928844625754
primary_total_co2,M0star,RWA,cum_co2_total,emissions,1.3317915866149979
primary_total_co2,M0star,SEN,cum_co2_total,emissions,2.234954900632999
primary_total_co2,M0star,SLE,cum_co2_total,emissions,1.46372879165109
primary_total_co2,M0star,SOM,cum_co2_total,emissions,1.4755259150392808
primary_total_co2,M0star,ZAF,cum_co2_total,emissions,4.252521117751636
primary_total_co2,M0star,SDN,cum_co2_total,emissions,2.4983932686707004
primary_total_co2,M0star,SWZ,cum_co2_total,emissions,1.5290837045027095
primary_total_co2,M0star,TZA,cum_co2_total,emissions,2.2303032805755483
primary_total_co2,M0star,TGO,cum_co2_total,emissions,1.7093293331159785
primary_total_co2,M0star,TUN,cum_co2_total,emissions,2.860352382977959
primary_total_co2,M0star,UGA,cum_co2_total,emissions,1.849603658082447
primary_total_co2,M0star,ZMB,cum_co2_total,emissions,2.311622493590024
primary_total_co2,M0star,ZWE,cum_co2_total,emissions,2.8506235704226546
primary_total_co2,M0star,AFG,cum_co2_total,emissions,2.125627632431824
primary_total_co2,M0star,ARM,cum_co2_total,emissions,2.5264194076693554
primary_total_co2,M0star,AZE,cum_co2_total,emissions,3.347929220926045
primary_total_co2,M0star,BGD,cum_co2_total,emissions,2.9989150812680263
primary_total_co2,M0star,MMR,cum_co2_total,emissions,2.622057482903641
primary_total_co2,M0star,KHM,cum_co2_total,emissions,1.8779469516291882
primary_total_co2,M0star,CHN,cum_co2_total,emissions,5.2203453285371095
primary_total_co2,M0star,GEO,cum_co2_total,emissions,2.737348515312523
primary_total_co2,M0star,IND,cum_co2_total,emissions,4.574287333317938
primary_total_co2,M0star,IDN,cum_co2_total,emissions,4.016639414288195
primary_total_co2,M0star,IRN,cum_co2_total,emissions,4.143544597437826
primary_total_co2,M0star,IRQ,cum_co2_total,emissions,3.522151475149211
primary_total_co2,M0star,ISR,cum_co2_total,emissions,3.2915803953637948
primary_total_co2,M0star,JPN,cum_co2_total,emissions,4.759160572052175
primary_total_co2,M0star,JOR,cum_co2_total,emissions,2.724133266493241
primary_total_co2,M0star,KAZ,cum_co2_total,emissions,4.068777843198626
primary_total_co2,M0star,LAO,cum_co2_total,emissions,1.6370391905594046
primary_total_co2,M0star,LBN,cum_co2_total,emissions,2.7404061167711067
primary_total_co2,M0star,MYS,cum_co2_total,emissions,3.6186175385162955
primary_total_co2,M0star,MNG,cum_co2_total,emissions,2.65183022495331
primary_total_co2,M0star,NPL,cum_co2_total,emissions,1.9161959273164775
primary_total_co2,M0star,OMN,cum_co2_total,emissions,2.942814347323048
primary_total_co2,M0star,PAK,cum_co2_total,emissions,3.5591156807001605
primary_total_co2,M0star,PHL,cum_co2_total,emissions,3.3940524017243976
primary_total_co2,M0star,QAT,cum_co2_total,emissions,3.1596195219644674
primary_total_co2,M0star,SAU,cum_co2_total,emissions,4.071106541396464
primary_total_co2,M0star,KOR,cum_co2_total,emissions,4.141193730729231
primary_total_co2,M0star,LKA,cum_co2_total,emissions,2.539406087407612
primary_total_co2,M0star,SYR,cum_co2_total,emissions,3.2307574163343005
primary_total_co2,M0star,TWN,cum_co2_total,emissions,3.8484451212621322
primary_total_co2,M0star,TJK,cum_co2_total,emissions,2.631299656749231
primary_total_co2,M0star,THA,cum_co2_total,emissions,3.722389233958953
primary_total_co2,M0star,TUR,cum_co2_total,emissions,3.9110897682421775
primary_total_co2,M0star,TKM,cum_co2_total,emissions,3.286466799275726
primary_total_co2,M0star,ARE,cum_co2_total,emissions,3.5422220978279344
primary_total_co2,M0star,UZB,cum_co2_total,emissions,3.740226378600022
primary_total_co2,M0star,VNM,cum_co2_total,emissions,3.4003927397934803
primary_total_co2,M0star,YEM,cum_co2_total,emissions,2.7579514489334294
primary_total_co2,M0star,ALB,cum_co2_total,emissions,2.4044163198319484
primary_total_co2,M0star,AUT,cum_co2_total,emissions,3.7028734804303647
primary_total_co2,M0star,BLR,cum_co2_total,emissions,3.65620096329467
primary_total_co2,M0star,BEL,cum_co2_total,emissions,4.074207929148208
primary_total_co2,M0star,BIH,cum_co2_total,emissions,2.9121109437313133
primary_total_co2,M0star,BGR,cum_co2_total,emissions,3.5465947263435624
primary_total_co2,M0star,HRV,cum_co2_total,emissions,2.9948224354771575
primary_total_co2,M0star,CYP,cum_co2_total,emissions,2.385234372629354
primary_total_co2,M0star,CZE,cum_co2_total,emissions,4.051487436992587
primary_total_co2,M0star,DNK,cum_co2_total,emissions,3.584968626410202
primary_total_co2,M0star,EST,cum_co2_total,emissions,3.1815995144469498
primary_total_co2,M0star,FIN,cum_co2_total,emissions,3.4593056201758023
primary_total_co2,M0star,FRA,cum_co2_total,emissions,4.564143069555475
primary_total_co2,M0star,DEU,cum_co2_total,emissions,4.941179214423491
primary_total_co2,M0star,GRC,cum_co2_total,emissions,3.554299773590582
primary_total_co2,M0star,HUN,cum_co2_total,emissions,3.670026516102076
primary_total_co2,M0star,ISL,cum_co2_total,emissions,2.1226581417244548
primary_total_co2,M0star,IRL,cum_co2_total,emissions,3.292088525456098
primary_total_co2,M0star,ITA,cum_co2_total,emissions,4.348362466540707
primary_total_co2,M0star,LVA,cum_co2_total,emissions,2.95546597746838
primary_total_co2,M0star,LTU,cum_co2_total,emissions,3.1659961947467217
primary_total_co2,M0star,MKD,cum_co2_total,emissions,2.66401169742383
primary_total_co2,M0star,MDA,cum_co2_total,emissions,3.114407798967798
primary_total_co2,M0star,MNE,cum_co2_total,emissions,1.9854354562958416
primary_total_co2,M0star,NLD,cum_co2_total,emissions,4.028000561404352
primary_total_co2,M0star,NOR,cum_co2_total,emissions,3.365737632451197
primary_total_co2,M0star,POL,cum_co2_total,emissions,4.408328121536703
primary_total_co2,M0star,PRT,cum_co2_total,emissions,3.3554743166359864
primary_total_co2,M0star,ROU,cum_co2_total,emissions,3.9047562686177564
primary_total_co2,M0star,RUS,cum_co2_total,emissions,5.018431743654664
primary_total_co2,M0star,SRB,cum_co2_total,emissions,3.3883220243247285
primary_total_co2,M0star,SVK,cum_co2_total,emissions,3.563601389660313
primary_total_co2,M0star,SVN,cum_co2_total,emissions,2.8825319374046425
primary_total_co2,M0star,ESP,cum_co2_total,emissions,4.114393849431578
primary_total_co2,M0star,SWE,cum_co2_total,emissions,3.671472300781437
primary_total_co2,M0star,CHE,cum_co2_total,emissions,3.4411607740351156
primary_total_co2,M0star,UKR,cum_co2_total,emissions,4.462410831860048
primary_total_co2,M0star,GBR,cum_co2_total,emissions,4.8813071445534755
primary_total_co2,M0star,BHS,cum_co2_total,emissions,2.184006806706364
primary_total_co2,M0star,CAN,cum_co2_total,emissions,4.470610170539815
primary_total_co2,M0star,CRI,cum_co2_total,emissions,2.3002497365767445
primary_total_co2,M0star,CUB,cum_co2_total,emissions,3.188876758878359
primary_total_co2,M0star,DOM,cum_co2_total,emissions,2.757288960487825
primary_total_co2,M0star,SLV,cum_co2_total,emissions,2.2707766287166797
primary_total_co2,M0star,GTM,cum_co2_total,emissions,2.5052924578225153
primary_total_co2,M0star,HTI,cum_co2_total,emissions,1.7433607934204063
primary_total_co2,M0star,HND,cum_co2_total,emissions,2.2806284433649813
primary_total_co2,M0star,JAM,cum_co2_total,emissions,2.5994441911398924
primary_total_co2,M0star,MEX,cum_co2_total,emissions,4.228494394324438
primary_total_co2,M0star,NIC,cum_co2_total,emissions,2.147224794264175
primary_total_co2,M0star,PAN,cum_co2_total,emissions,2.386646974996053
primary_total_co2,M0star,USA,cum_co2_total,emissions,5.5778831296115685
primary_total_co2,M0star,AUS,cum_co2_total,emissions,4.194557269700958
primary_total_co2,M0star,NZL,cum_co2_total,emissions,3.2133145074380933
primary_total_co2,M0star,PNG,cum_co2_total,emissions,2.105820041248875
primary_total_co2,M0star,ARG,cum_co2_total,emissions,3.853889891627958
primary_total_co2,M0star,BOL,cum_co2_total,emissions,2.59762389436399
primary_total_co2,M0star,BRA,cum_co2_total,emissions,4.106532926741018
primary_total_co2,M0star,CHL,cum_co2_total,emissions,3.382880088098228
primary_total_co2,M0star,COL,cum_co2_total,emissions,3.4449867238971104
primary_total_co2,M0star,ECU,cum_co2_total,emissions,2.975767165739055
primary_total_co2,M0star,PRY,cum_co2_total,emissions,2.1016955327771023
primary_total_co2,M0star,PER,cum_co2_total,emissions,3.1854928583581406
primary_total_co2,M0star,SUR,cum_co2_total,emissions,1.9935508514775335
primary_total_co2,M0star,URY,cum_co2_total,emissions,2.6023638911127747
primary_total_co2,M0star,VEN,cum_co2_total,emissions,3.813967945294808
primary_total_co2,M0star,DZA,abs_latitude,geography,35.206
primary_total_co2,M0star,AGO,abs_latitude,geography,12.32
primary_total_co2,M0star,BEN,abs_latitude,geography,8.571666666666667
primary_total_co2,M0star,BWA,abs_latitude,geography,24.92
primary_total_co2,M0star,BFA,abs_latitude,geography,11.25
primary_total_co2,M0star,BDI,abs_latitude,geography,4.02
primary_total_co2,M0star,CMR,abs_latitude,geography,6.484666666666667
primary_total_co2,M0star,CAF,abs_latitude,geography,4.02
primary_total_co2,M0star,TCD,abs_latitude,geography,8.84
primary_total_co2,M0star,COG,abs_latitude,geography,4.02
primary_total_co2,M0star,COD,abs_latitude,geography,4.717826086956522
primary_total_co2,M0star,CIV,abs_latitude,geography,6.492307692307692
primary_total_co2,M0star,DJI,abs_latitude,geography,12.05
primary_total_co2,M0star,EGY,abs_latitude,geography,29.316842105263156
primary_total_co2,M0star,GNQ,abs_latitude,geography,3.215
primary_total_co2,M0star,ERI,abs_latitude,geography,15.27
primary_total_co2,M0star,ETH,abs_latitude,geography,9.553333333333335
primary_total_co2,M0star,GAB,abs_latitude,geography,0.8
primary_total_co2,M0star,GHA,abs_latitude,geography,6.164444444444444
primary_total_co2,M0star,GIN,abs_latitude,geography,9.2425
primary_total_co2,M0star,GNB,abs_latitude,geography,12.05
primary_total_co2,M0star,KEN,abs_latitude,geography,1.3366666666666667
primary_total_co2,M0star,LSO,abs_latitude,geography,29.74
primary_total_co2,M0star,LBR,abs_latitude,geography,7.23
primary_total_co2,M0star,LBY,abs_latitude,geography,31.827000000000005
primary_total_co2,M0star,MDG,abs_latitude,geography,19.555
primary_total_co2,M0star,MWI,abs_latitude,geography,14.465
primary_total_co2,M0star,MLI,abs_latitude,geography,12.589999999999998
primary_total_co2,M0star,MRT,abs_latitude,geography,18.48
primary_total_co2,M0star,MAR,abs_latitude,geography,33.757
primary_total_co2,M0star,MOZ,abs_latitude,geography,19.420833333333334
primary_total_co2,M0star,NAM,abs_latitude,geography,23.31
primary_total_co2,M0star,NER,abs_latitude,geography,13.660000000000002
primary_total_co2,M0star,NGA,abs_latitude,geography,8.044835164835165
primary_total_co2,M0star,RWA,abs_latitude,geography,2.41
primary_total_co2,M0star,SEN,abs_latitude,geography,14.665
primary_total_co2,M0star,SLE,abs_latitude,geography,8.84
primary_total_co2,M0star,SOM,abs_latitude,geography,4.66
primary_total_co2,M0star,ZAF,abs_latitude,geography,28.1294
primary_total_co2,M0star,SDN,abs_latitude,geography,12.053999999999998
primary_total_co2,M0star,SWZ,abs_latitude,geography,26.52
primary_total_co2,M0star,TZA,abs_latitude,geography,5.726875
primary_total_co2,M0star,TGO,abs_latitude,geography,8.035
primary_total_co2,M0star,TUN,abs_latitude,geography,35.525999999999996
primary_total_co2,M0star,UGA,abs_latitude,geography,1.8733333333333333
primary_total_co2,M0star,ZMB,abs_latitude,geography,13.86
primary_total_co2,M0star,ZWE,abs_latitude,geography,18.94
primary_total_co2,M0star,AFG,abs_latitude,geography,34.158750000000005
primary_total_co2,M0star,ARM,abs_latitude,geography,40.99
primary_total_co2,M0star,AZE,abs_latitude,geography,40.99
primary_total_co2,M0star,BGD,abs_latitude,geography,24.072105263157894
primary_total_co2,M0star,MMR,abs_latitude,geography,18.803
primary_total_co2,M0star,KHM,abs_latitude,geography,12.05
primary_total_co2,M0star,CHN,abs_latitude,geography,33.82457894736842
primary_total_co2,M0star,GEO,abs_latitude,geography,40.99
primary_total_co2,M0star,IND,abs_latitude,geography,22.25485933503836
primary_total_co2,M0star,IDN,abs_latitude,geography,5.857724137931035
primary_total_co2,M0star,IRN,abs_latitude,geography,34.34257575757576
primary_total_co2,M0star,IRQ,abs_latitude,geography,35.365
primary_total_co2,M0star,ISR,abs_latitude,geography,32.06111111111111
primary_total_co2,M0star,JPN,abs_latitude,geography,35.745828571428575
primary_total_co2,M0star,JOR,abs_latitude,geography,32.95
primary_total_co2,M0star,KAZ,abs_latitude,geography,48.915333333333336
primary_total_co2,M0star,LAO,abs_latitude,geography,18.48
primary_total_co2,M0star,LBN,abs_latitude,geography,34.02333333333333
primary_total_co2,M0star,MYS,abs_latitude,geography,3.6174999999999997
primary_total_co2,M0star,MNG,abs_latitude,geography,47.42
primary_total_co2,M0star,NPL,abs_latitude,geography,27.439999999999998
primary_total_co2,M0star,OMN,abs_latitude,geography,16.87
primary_total_co2,M0star,PAK,abs_latitude,geography,30.52915254237288
primary_total_co2,M0star,PHL,abs_latitude,geography,12.598307692307692
primary_total_co2,M0star,QAT,abs_latitude,geography,24.92
primary_total_co2,M0star,SAU,abs_latitude,geography,22.617142857142856
primary_total_co2,M0star,KOR,abs_latitude,geography,37.78
primary_total_co2,M0star,LKA,abs_latitude,geography,7.7666666666666675
primary_total_co2,M0star,SYR,abs_latitude,geography,34.56
primary_total_co2,M0star,TWN,abs_latitude,geography,24.490666666666666
primary_total_co2,M0star,TJK,abs_latitude,geography,40.185
primary_total_co2,M0star,THA,abs_latitude,geography,13.88904761904762
primary_total_co2,M0star,TUR,abs_latitude,geography,38.91117647058824
primary_total_co2,M0star,TKM,abs_latitude,geography,39.38333333333333
primary_total_co2,M0star,ARE,abs_latitude,geography,24.92
primary_total_co2,M0star,UZB,abs_latitude,geography,40.386250000000004
primary_total_co2,M0star,VNM,abs_latitude,geography,14.572666666666667
primary_total_co2,M0star,YEM,abs_latitude,geography,13.66
primary_total_co2,M0star,ALB,abs_latitude,geography,40.99
primary_total_co2,M0star,AUT,abs_latitude,geography,48.064
primary_total_co2,M0star,BLR,abs_latitude,geography,52.84
primary_total_co2,M0star,BEL,abs_latitude,geography,50.63
primary_total_co2,M0star,BIH,abs_latitude,geography,43.878
primary_total_co2,M0star,BGR,abs_latitude,geography,43.050000000000004
primary_total_co2,M0star,HRV,abs_latitude,geography,45.27333333333333
primary_total_co2,M0star,CYP,abs_latitude,geography,34.56
primary_total_co2,M0star,CZE,abs_latitude,geography,49.99
primary_total_co2,M0star,DNK,abs_latitude,geography,56.25
primary_total_co2,M0star,EST,abs_latitude,geography,58.66
primary_total_co2,M0star,FIN,abs_latitude,geography,61.556000000000004
primary_total_co2,M0star,FRA,abs_latitude,geography,46.79361111111112
primary_total_co2,M0star,DEU,abs_latitude,geography,50.89012345679013
primary_total_co2,M0star,GRC,abs_latitude,geography,38.00714285714286
primary_total_co2,M0star,HUN,abs_latitude,geography,47.062222222222225
primary_total_co2,M0star,ISL,abs_latitude,geography,65.09
primary_total_co2,M0star,IRL,abs_latitude,geography,53.040000000000006
primary_total_co2,M0star,ITA,abs_latitude,geography,43.01619047619048
primary_total_co2,M0star,LVA,abs_latitude,geography,56.25
primary_total_co2,M0star,LTU,abs_latitude,geography,55.45
primary_total_co2,M0star,MKD,abs_latitude,geography,42.59
primary_total_co2,M0star,MDA,abs_latitude,geography,47.419999999999995
primary_total_co2,M0star,MNE,abs_latitude,geography,42.59
primary_total_co2,M0star,NLD,abs_latitude,geography,52.239583333333336
primary_total_co2,M0star,NOR,abs_latitude,geography,60.6725
primary_total_co2,M0star,POL,abs_latitude,geography,51.64473684210526
primary_total_co2,M0star,PRT,abs_latitude,geography,40.07
primary_total_co2,M0star,ROU,abs_latitude,geography,46.00320000000001
primary_total_co2,M0star,RUS,abs_latitude,geography,53.74948717948718
primary_total_co2,M0star,SRB,abs_latitude,geography,43.663333333333334
primary_total_co2,M0star,SVK,abs_latitude,geography,48.225
primary_total_co2,M0star,SVN,abs_latitude,geography,45.81
primary_total_co2,M0star,ESP,abs_latitude,geography,39.671200000000006
primary_total_co2,M0star,SWE,abs_latitude,geography,58.662
primary_total_co2,M0star,CHE,abs_latitude,geography,46.775999999999996
primary_total_co2,M0star,UKR,abs_latitude,geography,48.826249999999995
primary_total_co2,M0star,GBR,abs_latitude,geography,52.80411764705883
primary_total_co2,M0star,BHS,abs_latitude,geography,24.92
primary_total_co2,M0star,CAN,abs_latitude,geography,46.77360000000001
primary_total_co2,M0star,CRI,abs_latitude,geography,10.45
primary_total_co2,M0star,CUB,abs_latitude,geography,21.125
primary_total_co2,M0star,DOM,abs_latitude,geography,19.016666666666666
primary_total_co2,M0star,SLV,abs_latitude,geography,13.660000000000002
primary_total_co2,M0star,GTM,abs_latitude,geography,15.270000000000001
primary_total_co2,M0star,HTI,abs_latitude,geography,18.802
primary_total_co2,M0star,HND,abs_latitude,geography,14.947999999999999
primary_total_co2,M0star,JAM,abs_latitude,geography,18.48
primary_total_co2,M0star,MEX,abs_latitude,geography,22.14556701030928
primary_total_co2,M0star,NIC,abs_latitude,geography,12.05
primary_total_co2,M0star,PAN,abs_latitude,geography,8.84
primary_total_co2,M0star,USA,abs_latitude,geography,36.592217898832686
primary_total_co2,M0star,AUS,abs_latitude,geography,32.14857142857143
primary_total_co2,M0star,NZL,abs_latitude,geography,39.562222222222225
primary_total_co2,M0star,PNG,abs_latitude,geography,8.84
primary_total_co2,M0star,ARG,abs_latitude,geography,32.450625
primary_total_co2,M0star,BOL,abs_latitude,geography,18.748333333333335
primary_total_co2,M0star,BRA,abs_latitude,geography,19.28931818181818
primary_total_co2,M0star,CHL,abs_latitude,geography,33.42125
primary_total_co2,M0star,COL,abs_latitude,geography,6.203846153846153
primary_total_co2,M0star,ECU,abs_latitude,geography,1.790769230769231
primary_total_co2,M0star,PRY,abs_latitude,geography,24.92
primary_total_co2,M0star,PER,abs_latitude,geography,10.519545454545455
primary_total_co2,M0star,SUR,abs_latitude,geography,5.63
primary_total_co2,M0star,URY,abs_latitude,geography,32.955
primary_total_co2,M0star,VEN,abs_latitude,geography,10.087250000000001
primary_total_co2,M0star,DZA,elevation,geography,314.5950439453125
primary_total_co2,M0star,AGO,elevation,geography,447.00633748372394
primary_total_co2,M0star,BEN,elevation,geography,170.6803414026896
primary_total_co2,M0star,BWA,elevation,geography,1113.0069580078125
primary_total_co2,M0star,BFA,elevation,geography,328.78623962402344
primary_total_co2,M0star,BDI,elevation,geography,1952.42529296875
primary_total_co2,M0star,CMR,elevation,geography,373.34877624511716
primary_total_co2,M0star,CAF,elevation,geography,362.7322998046875
primary_total_co2,M0star,TCD,elevation,geography,398.74542236328125
primary_total_co2,M0star,COG,elevation,geography,392.1075134277344
primary_total_co2,M0star,COD,elevation,geography,740.5418668000594
primary_total_co2,M0star,CIV,elevation,geography,145.13958637530988
primary_total_co2,M0star,DJI,elevation,geography,955.0897827148438
primary_total_co2,M0star,EGY,elevation,geography,153.40576180345133
primary_total_co2,M0star,GNQ,elevation,geography,173.23263549804688
primary_total_co2,M0star,ERI,elevation,geography,1375.2100830078125
primary_total_co2,M0star,ETH,elevation,geography,1702.080790201823
primary_total_co2,M0star,GAB,elevation,geography,-640.96875
primary_total_co2,M0star,GHA,elevation,geography,63.10153892305162
primary_total_co2,M0star,GIN,elevation,geography,285.3084411621094
primary_total_co2,M0star,GNB,elevation,geography,18.24833106994629
primary_total_co2,M0star,KEN,elevation,geography,1525.0360488891602
primary_total_co2,M0star,LSO,elevation,geography,1859.45947265625
primary_total_co2,M0star,LBR,elevation,geography,250.87191772460938
primary_total_co2,M0star,LBY,elevation,geography,-125.94530410766602
primary_total_co2,M0star,MDG,elevation,geography,-329.610299428304
primary_total_co2,M0star,MWI,elevation,geography,1041.6434326171875
primary_total_co2,M0star,MLI,elevation,geography,325.3349304199219
primary_total_co2,M0star,MRT,elevation,geography,16.04151153564453
primary_total_co2,M0star,MAR,elevation,geography,498.75402641296387
primary_total_co2,M0star,MOZ,elevation,geography,119.55623495578766
primary_total_co2,M0star,NAM,elevation,geography,1778.283447265625
primary_total_co2,M0star,NER,elevation,geography,363.1866963704427
primary_total_co2,M0star,NGA,elevation,geography,194.73254671201602
primary_total_co2,M0star,RWA,elevation,geography,1644.7860107421875
primary_total_co2,M0star,SEN,elevation,geography,-287.7956578731537
primary_total_co2,M0star,SLE,elevation,geography,216.62176513671875
primary_total_co2,M0star,SOM,elevation,geography,34.74064483642578
primary_total_co2,M0star,ZAF,elevation,geography,1144.452760925293
primary_total_co2,M0star,SDN,elevation,geography,447.6297546386719
primary_total_co2,M0star,SWZ,elevation,geography,58.5894775390625
primary_total_co2,M0star,TZA,elevation,geography,890.7327861785889
primary_total_co2,M0star,TGO,elevation,geography,333.53379821777344
primary_total_co2,M0star,TUN,elevation,geography,260.5694213867188
primary_total_co2,M0star,UGA,elevation,geography,1101.8234049479167
primary_total_co2,M0star,ZMB,elevation,geography,1189.5065307617188
primary_total_co2,M0star,ZWE,elevation,geography,1307.260498046875
primary_total_co2,M0star,AFG,elevation,geography,1700.4435272216797
primary_total_co2,M0star,ARM,elevation,geography,1651.8125
primary_total_co2,M0star,AZE,elevation,geography,715.4375
primary_total_co2,M0star,BGD,elevation,geography,10.800667110242342
primary_total_co2,M0star,MMR,elevation,geography,209.8380369782448
primary_total_co2,M0star,KHM,elevation,geography,17.38812828063965
primary_total_co2,M0star,CHN,elevation,geography,452.5437363197929
primary_total_co2,M0star,GEO,elevation,geography,1651.8125
primary_total_co2,M0star,IND,elevation,geography,241.7615375030986
primary_total_co2,M0star,IDN,elevation,geography,119.2868159606539
primary_total_co2,M0star,IRN,elevation,geography,1447.170124689738
primary_total_co2,M0star,IRQ,elevation,geography,289.8549337387085
primary_total_co2,M0star,ISR,elevation,geography,476.33343505859375
primary_total_co2,M0star,JPN,elevation,geography,168.62458624703544
primary_total_co2,M0star,JOR,elevation,geography,941.8968505859375
primary_total_co2,M0star,KAZ,elevation,geography,484.8650632222494
primary_total_co2,M0star,LAO,elevation,geography,466.8389892578125
primary_total_co2,M0star,LBN,elevation,geography,-872.9927164713541
primary_total_co2,M0star,MYS,elevation,geography,61.488870069384575
primary_total_co2,M0star,MNG,elevation,geography,1629.556640625
primary_total_co2,M0star,NPL,elevation,geography,572.1913659232004
primary_total_co2,M0star,OMN,elevation,geography,809.6633911132812
primary_total_co2,M0star,PAK,elevation,geography,270.0815026881331
primary_total_co2,M0star,PHL,elevation,geography,-299.69309522188627
primary_total_co2,M0star,QAT,elevation,geography,12.518510818481445
primary_total_co2,M0star,SAU,elevation,geography,1105.9072004045759
primary_total_co2,M0star,KOR,elevation,geography,3.9714112281799316
primary_total_co2,M0star,LKA,elevation,geography,-320.5574188232422
primary_total_co2,M0star,SYR,elevation,geography,177.92982700892858
primary_total_co2,M0star,TWN,elevation,geography,-341.6999688545863
primary_total_co2,M0star,TJK,elevation,geography,1916.3934326171875
primary_total_co2,M0star,THA,elevation,geography,147.38663546244302
primary_total_co2,M0star,TUR,elevation,geography,758.0135866052964
primary_total_co2,M0star,TKM,elevation,geography,175.64475758870444
primary_total_co2,M0star,ARE,elevation,geography,7.874352931976318
primary_total_co2,M0star,UZB,elevation,geography,816.1821012496948
primary_total_co2,M0star,VNM,elevation,geography,290.3942291418711
primary_total_co2,M0star,YEM,elevation,geography,1076.9956665039062
primary_total_co2,M0star,ALB,elevation,geography,-91.5625
primary_total_co2,M0star,AUT,elevation,geography,997.8897521972656
primary_total_co2,M0star,BLR,elevation,geography,149.20576190948486
primary_total_co2,M0star,BEL,elevation,geography,115.06332070486886
primary_total_co2,M0star,BIH,elevation,geography,304.62919921875
primary_total_co2,M0star,BGR,elevation,geography,180.59325081961495
primary_total_co2,M0star,HRV,elevation,geography,269.5243784586589
primary_total_co2,M0star,CYP,elevation,geography,-110.875
primary_total_co2,M0star,CZE,elevation,geography,264.7006469726563
primary_total_co2,M0star,DNK,elevation,geography,14.889735221862793
primary_total_co2,M0star,EST,elevation,geography,29.868961334228516
primary_total_co2,M0star,FIN,elevation,geography,19.03453540802002
primary_total_co2,M0star,FRA,elevation,geography,122.23891422483656
primary_total_co2,M0star,DEU,elevation,geography,311.64766118850235
primary_total_co2,M0star,GRC,elevation,geography,-92.69817434038434
primary_total_co2,M0star,HUN,elevation,geography,141.55999077690973
primary_total_co2,M0star,ISL,elevation,geography,171.58587646484375
primary_total_co2,M0star,IRL,elevation,geography,229.5601806640625
primary_total_co2,M0star,ITA,elevation,geography,393.7182623545329
primary_total_co2,M0star,LVA,elevation,geography,139.87512969970703
primary_total_co2,M0star,LTU,elevation,geography,100.8182861328125
primary_total_co2,M0star,MKD,elevation,geography,1106.3851318359375
primary_total_co2,M0star,MDA,elevation,geography,155.33504740397134
primary_total_co2,M0star,MNE,elevation,geography,1227.2928466796875
primary_total_co2,M0star,NLD,elevation,geography,28.77057038868467
primary_total_co2,M0star,NOR,elevation,geography,536.0525588989258
primary_total_co2,M0star,POL,elevation,geography,230.46440777025725
primary_total_co2,M0star,PRT,elevation,geography,173.78685869489397
primary_total_co2,M0star,ROU,elevation,geography,379.83351135253906
primary_total_co2,M0star,RUS,elevation,geography,224.93065158860423
primary_total_co2,M0star,SRB,elevation,geography,669.6914189656576
primary_total_co2,M0star,SVK,elevation,geography,205.38938903808594
primary_total_co2,M0star,SVN,elevation,geography,358.90411376953125
primary_total_co2,M0star,ESP,elevation,geography,31.531451950073244
primary_total_co2,M0star,SWE,elevation,geography,29.949632263183595
primary_total_co2,M0star,CHE,elevation,geography,349.16029052734376
primary_total_co2,M0star,UKR,elevation,geography,132.7877142826716
primary_total_co2,M0star,GBR,elevation,geography,102.5040927213781
primary_total_co2,M0star,BHS,elevation,geography,1.6355916261672974
primary_total_co2,M0star,CAN,elevation,geography,361.9892102050781
primary_total_co2,M0star,CRI,elevation,geography,147.4757843017578
primary_total_co2,M0star,CUB,elevation,geography,-601.6696684019906
primary_total_co2,M0star,DOM,elevation,geography,-1174.1369934082031
primary_total_co2,M0star,SLV,elevation,geography,53.99977111816406
primary_total_co2,M0star,GTM,elevation,geography,1338.172607421875
primary_total_co2,M0star,HTI,elevation,geography,-314.93158264160155
primary_total_co2,M0star,HND,elevation,geography,510.82997436523436
primary_total_co2,M0star,JAM,elevation,geography,-1527.6361592610676
primary_total_co2,M0star,MEX,elevation,geography,1081.4254860116034
primary_total_co2,M0star,NIC,elevation,geography,110.783447265625
primary_total_co2,M0star,PAN,elevation,geography,136.88180541992188
primary_total_co2,M0star,USA,elevation,geography,360.4095271300481
primary_total_co2,M0star,AUS,elevation,geography,-465.4354716709682
primary_total_co2,M0star,NZL,elevation,geography,-5.283027860853407
primary_total_co2,M0star,PNG,elevation,geography,39.91184997558594
primary_total_co2,M0star,ARG,elevation,geography,467.42525082826614
primary_total_co2,M0star,BOL,elevation,geography,3352.897745768229
primary_total_co2,M0star,BRA,elevation,geography,417.889818778905
primary_total_co2,M0star,CHL,elevation,geography,357.4125075340271
primary_total_co2,M0star,COL,elevation,geography,933.2442020514072
primary_total_co2,M0star,ECU,elevation,geography,638.521503008329
primary_total_co2,M0star,PRY,elevation,geography,78.58065338134766
primary_total_co2,M0star,PER,elevation,geography,1406.251771981066
primary_total_co2,M0star,SUR,elevation,geography,5.543477535247803
primary_total_co2,M0star,URY,elevation,geography,36.999884843826294
primary_total_co2,M0star,VEN,elevation,geography,218.3050817489624
primary_total_co2,M0star,DZA,continentality,geography,148.41535189827113
primary_total_co2,M0star,AGO,continentality,geography,160.7492019566083
primary_total_co2,M0star,BEN,continentality,geography,259.15676787430976
primary_total_co2,M0star,BWA,continentality,geography,607.1320549029783
primary_total_co2,M0star,BFA,continentality,geography,663.8004651185327
primary_total_co2,M0star,BDI,continentality,geography,1019.9677893297082
primary_total_co2,M0star,CMR,continentality,geography,394.9028883457315
primary_total_co2,M0star,CAF,continentality,geography,969.5623067843129
primary_total_co2,M0star,TCD,continentality,geography,1020.8945842181433
primary_total_co2,M0star,COG,continentality,geography,388.2906643268661
primary_total_co2,M0star,COD,continentality,geography,996.1091986864735
primary_total_co2,M0star,CIV,continentality,geography,167.6921433742753
primary_total_co2,M0star,DJI,continentality,geography,31.093075198477482
primary_total_co2,M0star,EGY,continentality,geography,95.87474525066706
primary_total_co2,M0star,GNQ,continentality,geography,45.269797760188965
primary_total_co2,M0star,ERI,continentality,geography,60.38639204880394
primary_total_co2,M0star,ETH,continentality,geography,493.0399736897681
primary_total_co2,M0star,GAB,continentality,geography,32.622769815760456
primary_total_co2,M0star,GHA,continentality,geography,106.09593382969571
primary_total_co2,M0star,GIN,continentality,geography,234.83934928588695
primary_total_co2,M0star,GNB,continentality,geography,110.84080268526557
primary_total_co2,M0star,KEN,continentality,geography,461.7225404847252
primary_total_co2,M0star,LSO,continentality,geography,274.4548832701292
primary_total_co2,M0star,LBR,continentality,geography,104.43708968138911
primary_total_co2,M0star,LBY,continentality,geography,89.88278489482425
primary_total_co2,M0star,MDG,continentality,geography,82.73136994650416
primary_total_co2,M0star,MWI,continentality,geography,443.73171145000083
primary_total_co2,M0star,MLI,continentality,geography,790.6679792505496
primary_total_co2,M0star,MRT,continentality,geography,102.59076566611054
primary_total_co2,M0star,MAR,continentality,geography,66.70655523715897
primary_total_co2,M0star,MOZ,continentality,geography,121.37622991964236
primary_total_co2,M0star,NAM,continentality,geography,224.80583091201763
primary_total_co2,M0star,NER,continentality,geography,894.9775794916054
primary_total_co2,M0star,NGA,continentality,geography,318.513579715843
primary_total_co2,M0star,RWA,continentality,geography,1072.1697409642793
primary_total_co2,M0star,SEN,continentality,geography,62.13532239964827
primary_total_co2,M0star,SLE,continentality,geography,150.18275311661122
primary_total_co2,M0star,SOM,continentality,geography,64.56544811242864
primary_total_co2,M0star,ZAF,continentality,geography,335.6952888931987
primary_total_co2,M0star,SDN,continentality,geography,841.9292364635133
primary_total_co2,M0star,SWZ,continentality,geography,58.827025394391974
primary_total_co2,M0star,TZA,continentality,geography,432.6313852611501
primary_total_co2,M0star,TGO,continentality,geography,233.37768488566002
primary_total_co2,M0star,TUN,continentality,geography,65.46114059052488
primary_total_co2,M0star,UGA,continentality,geography,954.3105346740564
primary_total_co2,M0star,ZMB,continentality,geography,1010.4273463271114
primary_total_co2,M0star,ZWE,continentality,geography,490.4733890974661
primary_total_co2,M0star,AFG,continentality,geography,980.0251806546243
primary_total_co2,M0star,ARM,continentality,geography,274.3681751312658
primary_total_co2,M0star,AZE,continentality,geography,25.20360155335367
primary_total_co2,M0star,BGD,continentality,geography,167.4501932416387
primary_total_co2,M0star,MMR,continentality,geography,169.36276423745338
primary_total_co2,M0star,KHM,continentality,geography,198.32514565256477
primary_total_co2,M0star,CHN,continentality,geography,460.2465280733392
primary_total_co2,M0star,GEO,continentality,geography,274.3681751312658
primary_total_co2,M0star,IND,continentality,geography,426.4417018320571
primary_total_co2,M0star,IDN,continentality,geography,35.7087662442575
primary_total_co2,M0star,IRN,continentality,geography,245.46141844990464
primary_total_co2,M0star,IRQ,continentality,geography,493.08066829081065
primary_total_co2,M0star,ISR,continentality,geography,40.74969055425075
primary_total_co2,M0star,JPN,continentality,geography,82.64314172622903
primary_total_co2,M0star,JOR,continentality,geography,32.37622746276071
primary_total_co2,M0star,KAZ,continentality,geography,1283.3287869501294
primary_total_co2,M0star,LAO,continentality,geography,277.298802346493
primary_total_co2,M0star,LBN,continentality,geography,59.931174779228634
primary_total_co2,M0star,MYS,continentality,geography,33.43449978139673
primary_total_co2,M0star,MNG,continentality,geography,1247.786939954368
primary_total_co2,M0star,NPL,continentality,geography,675.6541122586723
primary_total_co2,M0star,OMN,continentality,geography,15.503326119087154
primary_total_co2,M0star,PAK,continentality,geography,782.4292145410926
primary_total_co2,M0star,PHL,continentality,geography,31.710189245915206
primary_total_co2,M0star,QAT,continentality,geography,6.479188127362905
primary_total_co2,M0star,SAU,continentality,geography,193.68550798338518
primary_total_co2,M0star,KOR,continentality,geography,0.10270068647604357
primary_total_co2,M0star,LKA,continentality,geography,46.694283573125205
primary_total_co2,M0star,SYR,continentality,geography,93.42535931944471
primary_total_co2,M0star,TWN,continentality,geography,36.42621324316634
primary_total_co2,M0star,TJK,continentality,geography,1250.1800623340782
primary_total_co2,M0star,THA,continentality,geography,141.8254668239137
primary_total_co2,M0star,TUR,continentality,geography,128.00623313826836
primary_total_co2,M0star,TKM,continentality,geography,570.2171184704274
primary_total_co2,M0star,ARE,continentality,geography,10.093384715369945
primary_total_co2,M0star,UZB,continentality,geography,1235.4772603548088
primary_total_co2,M0star,VNM,continentality,geography,62.6329056650239
primary_total_co2,M0star,YEM,continentality,geography,51.31698455455971
primary_total_co2,M0star,ALB,continentality,geography,15.22079556911455
primary_total_co2,M0star,AUT,continentality,geography,307.4168158026393
primary_total_co2,M0star,BLR,continentality,geography,505.97112247230973
primary_total_co2,M0star,BEL,continentality,geography,107.65063529604579
primary_total_co2,M0star,BIH,continentality,geography,117.31795932389403
primary_total_co2,M0star,BGR,continentality,geography,161.43914265156482
primary_total_co2,M0star,HRV,continentality,geography,63.022862766722064
primary_total_co2,M0star,CYP,continentality,geography,5.212894634530487
primary_total_co2,M0star,CZE,continentality,geography,412.2378803838792
primary_total_co2,M0star,DNK,continentality,geography,13.150004152366645
primary_total_co2,M0star,EST,continentality,geography,61.18713473481305
primary_total_co2,M0star,FIN,continentality,geography,16.945009130870062
primary_total_co2,M0star,FRA,continentality,geography,191.58322927483144
primary_total_co2,M0star,DEU,continentality,geography,254.6552396099633
primary_total_co2,M0star,GRC,continentality,geography,37.832746154457865
primary_total_co2,M0star,HUN,continentality,geography,471.3236388126921
primary_total_co2,M0star,ISL,continentality,geography,81.00297872001015
primary_total_co2,M0star,IRL,continentality,geography,38.006117586339364
primary_total_co2,M0star,ITA,continentality,geography,77.31098117304789
primary_total_co2,M0star,LVA,continentality,geography,127.3360239986891
primary_total_co2,M0star,LTU,continentality,geography,128.23898105661175
primary_total_co2,M0star,MKD,continentality,geography,249.1916330178268
primary_total_co2,M0star,MDA,continentality,geography,186.17367904200015
primary_total_co2,M0star,MNE,continentality,geography,82.22403706234513
primary_total_co2,M0star,NLD,continentality,geography,84.12315249217339
primary_total_co2,M0star,NOR,continentality,geography,53.643774822738706
primary_total_co2,M0star,POL,continentality,geography,315.3013901770544
primary_total_co2,M0star,PRT,continentality,geography,52.27557760028044
primary_total_co2,M0star,ROU,continentality,geography,338.7173828268546
primary_total_co2,M0star,RUS,continentality,geography,773.3640644346395
primary_total_co2,M0star,SRB,continentality,geography,266.36523983952844
primary_total_co2,M0star,SVK,continentality,geography,481.3914559398293
primary_total_co2,M0star,SVN,continentality,geography,80.66975858525952
primary_total_co2,M0star,ESP,continentality,geography,122.88312330283075
primary_total_co2,M0star,SWE,continentality,geography,75.43097905999782
primary_total_co2,M0star,CHE,continentality,geography,318.6523818941167
primary_total_co2,M0star,UKR,continentality,geography,290.40284273323937
primary_total_co2,M0star,GBR,continentality,geography,72.04328617417774
primary_total_co2,M0star,BHS,continentality,geography,23.16612848458598
primary_total_co2,M0star,CAN,continentality,geography,476.3700986805195
primary_total_co2,M0star,CRI,continentality,geography,77.36810714506554
primary_total_co2,M0star,CUB,continentality,geography,18.77046674992996
primary_total_co2,M0star,DOM,continentality,geography,22.830820802109027
primary_total_co2,M0star,SLV,continentality,geography,9.472273407052763
primary_total_co2,M0star,GTM,continentality,geography,150.45784284636164
primary_total_co2,M0star,HTI,continentality,geography,6.669859990832684
primary_total_co2,M0star,HND,continentality,geography,65.80876686673079
primary_total_co2,M0star,JAM,continentality,geography,33.33208864969499
primary_total_co2,M0star,MEX,continentality,geography,183.9376302671782
primary_total_co2,M0star,NIC,continentality,geography,64.27621674754454
primary_total_co2,M0star,PAN,continentality,geography,37.38771902554524
primary_total_co2,M0star,USA,continentality,geography,362.91067511348734
primary_total_co2,M0star,AUS,continentality,geography,51.902087485243456
primary_total_co2,M0star,NZL,continentality,geography,27.11518358276313
primary_total_co2,M0star,PNG,continentality,geography,22.920569798684497
primary_total_co2,M0star,ARG,continentality,geography,395.0114435104324
primary_total_co2,M0star,BOL,continentality,geography,383.94310600316356
primary_total_co2,M0star,BRA,continentality,geography,227.37419655911592
primary_total_co2,M0star,CHL,continentality,geography,76.85381942963869
primary_total_co2,M0star,COL,continentality,geography,174.04108407793845
primary_total_co2,M0star,ECU,continentality,geography,111.72413640286271
primary_total_co2,M0star,PRY,continentality,geography,866.639709061554
primary_total_co2,M0star,PER,continentality,geography,143.2232885931093
primary_total_co2,M0star,SUR,continentality,geography,38.772545254957784
primary_total_co2,M0star,URY,continentality,geography,152.09574835188806
primary_total_co2,M0star,VEN,continentality,geography,57.22985427389291
primary_total_co2,M0star,DZA,climate_zone=B,geography,0.0
primary_total_co2,M0star,AGO,climate_zone=B,geography,0.0
primary_total_co2,M0star,BEN,climate_zone=B,geography,0.0
primary_total_co2,M0star,BWA,climate_zone=B,geography,1.0
primary_total_co2,M0star,BFA,climate_zone=B,geography,0.0
primary_total_co2,M0star,BDI,climate_zone=B,geography,0.0
primary_total_co2,M0star,CMR,climate_zone=B,geography,0.0
primary_total_co2,M0star,CAF,climate_zone=B,geography,0.0
primary_total_co2,M0star,TCD,climate_zone=B,geography,0.0
primary_total_co2,M0star,COG,climate_zone=B,geography,0.0
primary_total_co2,M0star,COD,climate_zone=B,geography,0.0
primary_total_co2,M0star,CIV,climate_zone=B,geography,0.0
primary_total_co2,M0star,DJI,climate_zone=B,geography,1.0
primary_total_co2,M0star,EGY,climate_zone=B,geography,1.0
primary_total_co2,M0star,GNQ,climate_zone=B,geography,0.0
primary_total_co2,M0star,ERI,climate_zone=B,geography,1.0
primary_total_co2,M0star,ETH,climate_zone=B,geography,0.0
primary_total_co2,M0star,GAB,climate_zone=B,geography,0.0
primary_total_co2,M0star,GHA,climate_zone=B,geography,0.0
primary_total_co2,M0star,GIN,climate_zone=B,geography,0.0
primary_total_co2,M0star,GNB,climate_zone=B,geography,0.0
primary_total_co2,M0star,KEN,climate_zone=B,geography,0.0
primary_total_co2,M0star,LSO,climate_zone=B,geography,0.0
primary_total_co2,M0star,LBR,climate_zone=B,geography,0.0
primary_total_co2,M0star,LBY,climate_zone=B,geography,1.0
primary_total_co2,M0star,MDG,climate_zone=B,geography,0.0
primary_total_co2,M0star,MWI,climate_zone=B,geography,0.0
primary_total_co2,M0star,MLI,climate_zone=B,geography,0.0
primary_total_co2,M0star,MRT,climate_zone=B,geography,1.0
primary_total_co2,M0star,MAR,climate_zone=B,geography,0.0
primary_total_co2,M0star,MOZ,climate_zone=B,geography,0.0
primary_total_co2,M0star,NAM,climate_zone=B,geography,1.0
primary_total_co2,M0star,NER,climate_zone=B,geography,1.0
primary_total_co2,M0star,NGA,climate_zone=B,geography,0.0
primary_total_co2,M0star,RWA,climate_zone=B,geography,0.0
primary_total_co2,M0star,SEN,climate_zone=B,geography,1.0
primary_total_co2,M0star,SLE,climate_zone=B,geography,0.0
primary_total_co2,M0star,SOM,climate_zone=B,geography,1.0
primary_total_co2,M0star,ZAF,climate_zone=B,geography,0.0
primary_total_co2,M0star,SDN,climate_zone=B,geography,1.0
primary_total_co2,M0star,SWZ,climate_zone=B,geography,1.0
primary_total_co2,M0star,TZA,climate_zone=B,geography,0.0
primary_total_co2,M0star,TGO,climate_zone=B,geography,0.0
primary_total_co2,M0star,TUN,climate_zone=B,geography,1.0
primary_total_co2,M0star,UGA,climate_zone=B,geography,0.0
primary_total_co2,M0star,ZMB,climate_zone=B,geography,0.0
primary_total_co2,M0star,ZWE,climate_zone=B,geography,0.0
primary_total_co2,M0star,AFG,climate_zone=B,geography,1.0
primary_total_co2,M0star,ARM,climate_zone=B,geography,0.0
primary_total_co2,M0star,AZE,climate_zone=B,geography,0.0
primary_total_co2,M0star,BGD,climate_zone=B,geography,0.0
primary_total_co2,M0star,MMR,climate_zone=B,geography,0.0
primary_total_co2,M0star,KHM,climate_zone=B,geography,0.0
primary_total_co2,M0star,CHN,climate_zone=B,geography,0.0
primary_total_co2,M0star,GEO,climate_zone=B,geography,0.0
primary_total_co2,M0star,IND,climate_zone=B,geography,0.0
primary_total_co2,M0star,IDN,climate_zone=B,geography,0.0
primary_total_co2,M0star,IRN,climate_zone=B,geography,1.0
primary_total_co2,M0star,IRQ,climate_zone=B,geography,0.0
primary_total_co2,M0star,ISR,climate_zone=B,geography,1.0
primary_total_co2,M0star,JPN,climate_zone=B,geography,0.0
primary_total_co2,M0star,JOR,climate_zone=B,geography,0.0
primary_total_co2,M0star,KAZ,climate_zone=B,geography,1.0
primary_total_co2,M0star,LAO,climate_zone=B,geography,0.0
primary_total_co2,M0star,LBN,climate_zone=B,geography,0.0
primary_total_co2,M0star,MYS,climate_zone=B,geography,0.0
primary_total_co2,M0star,MNG,climate_zone=B,geography,1.0
primary_total_co2,M0star,NPL,climate_zone=B,geography,0.0
primary_total_co2,M0star,OMN,climate_zone=B,geography,1.0
primary_total_co2,M0star,PAK,climate_zone=B,geography,1.0
primary_total_co2,M0star,PHL,climate_zone=B,geography,0.0
primary_total_co2,M0star,QAT,climate_zone=B,geography,1.0
primary_total_co2,M0star,SAU,climate_zone=B,geography,1.0
primary_total_co2,M0star,KOR,climate_zone=B,geography,0.0
primary_total_co2,M0star,LKA,climate_zone=B,geography,0.0
primary_total_co2,M0star,SYR,climate_zone=B,geography,1.0
primary_total_co2,M0star,TWN,climate_zone=B,geography,0.0
primary_total_co2,M0star,TJK,climate_zone=B,geography,0.0
primary_total_co2,M0star,THA,climate_zone=B,geography,0.0
primary_total_co2,M0star,TUR,climate_zone=B,geography,0.0
primary_total_co2,M0star,TKM,climate_zone=B,geography,1.0
primary_total_co2,M0star,ARE,climate_zone=B,geography,1.0
primary_total_co2,M0star,UZB,climate_zone=B,geography,1.0
primary_total_co2,M0star,VNM,climate_zone=B,geography,0.0
primary_total_co2,M0star,YEM,climate_zone=B,geography,1.0
primary_total_co2,M0star,ALB,climate_zone=B,geography,0.0
primary_total_co2,M0star,AUT,climate_zone=B,geography,0.0
primary_total_co2,M0star,BLR,climate_zone=B,geography,0.0
primary_total_co2,M0star,BEL,climate_zone=B,geography,0.0
primary_total_co2,M0star,BIH,climate_zone=B,geography,0.0
primary_total_co2,M0star,BGR,climate_zone=B,geography,0.0
primary_total_co2,M0star,HRV,climate_zone=B,geography,0.0
primary_total_co2,M0star,CYP,climate_zone=B,geography,0.0
primary_total_co2,M0star,CZE,climate_zone=B,geography,0.0
primary_total_co2,M0star,DNK,climate_zone=B,geography,0.0
primary_total_co2,M0star,EST,climate_zone=B,geography,0.0
primary_total_co2,M0star,FIN,climate_zone=B,geography,0.0
primary_total_co2,M0star,FRA,climate_zone=B,geography,0.0
primary_total_co2,M0star,DEU,climate_zone=B,geography,0.0
primary_total_co2,M0star,GRC,climate_zone=B,geography,0.0
primary_total_co2,M0star,HUN,climate_zone=B,geography,0.0
primary_total_co2,M0star,ISL,climate_zone=B,geography,0.0
primary_total_co2,M0star,IRL,climate_zone=B,geography,0.0
primary_total_co2,M0star,ITA,climate_zone=B,geography,0.0
primary_total_co2,M0star,LVA,climate_zone=B,geography,0.0
primary_total_co2,M0star,LTU,climate_zone=B,geography,0.0
primary_total_co2,M0star,MKD,climate_zone=B,geography,0.0
primary_total_co2,M0star,MDA,climate_zone=B,geography,0.0
primary_total_co2,M0star,MNE,climate_zone=B,geography,0.0
primary_total_co2,M0star,NLD,climate_zone=B,geography,0.0
primary_total_co2,M0star,NOR,climate_zone=B,geography,0.0
primary_total_co2,M0star,POL,climate_zone=B,geography,0.0
primary_total_co2,M0star,PRT,climate_zone=B,geography,0.0
primary_total_co2,M0star,ROU,climate_zone=B,geography,0.0
primary_total_co2,M0star,RUS,climate_zone=B,geography,0.0
primary_total_co2,M0star,SRB,climate_zone=B,geography,0.0
primary_total_co2,M0star,SVK,climate_zone=B,geography,0.0
primary_total_co2,M0star,SVN,climate_zone=B,geography,0.0
primary_total_co2,M0star,ESP,climate_zone=B,geography,0.0
primary_total_co2,M0star,SWE,climate_zone=B,geography,0.0
primary_total_co2,M0star,CHE,climate_zone=B,geography,0.0
primary_total_co2,M0star,UKR,climate_zone=B,geography,0.0
primary_total_co2,M0star,GBR,climate_zone=B,geography,0.0
primary_total_co2,M0star,BHS,climate_zone=B,geography,0.0
primary_total_co2,M0star,CAN,climate_zone=B,geography,0.0
primary_total_co2,M0star,CRI,climate_zone=B,geography,0.0
primary_total_co2,M0star,CUB,climate_zone=B,geography,0.0
primary_total_co2,M0star,DOM,climate_zone=B,geography,0.0
primary_total_co2,M0star,SLV,climate_zone=B,geography,0.0
primary_total_co2,M0star,GTM,climate_zone=B,geography,0.0
primary_total_co2,M0star,HTI,climate_zone=B,geography,0.0
primary_total_co2,M0star,HND,climate_zone=B,geography,0.0
primary_total_co2,M0star,JAM,climate_zone=B,geography,0.0
primary_total_co2,M0star,MEX,climate_zone=B,geography,0.0
primary_total_co2,M0star,NIC,climate_zone=B,geography,0.0
primary_total_co2,M0star,PAN,climate_zone=B,geography,0.0
primary_total_co2,M0star,USA,climate_zone=B,geography,0.0
primary_total_co2,M0star,AUS,climate_zone=B,geography,0.0
primary_total_co2,M0star,NZL,climate_zone=B,geography,0.0
primary_total_co2,M0star,PNG,climate_zone=B,geography,0.0
primary_total_co2,M0star,ARG,climate_zone=B,geography,1.0
primary_total_co2,M0star,BOL,climate_zone=B,geography,0.0
primary_total_co2,M0star,BRA,climate_zone=B,geography,0.0
primary_total_co2,M0star,CHL,climate_zone=B,geography,0.0
primary_total_co2,M0star,COL,climate_zone=B,geography,0.0
primary_total_co2,M0star,ECU,climate_zone=B,geography,0.0
primary_total_co2,M0star,PRY,climate_zone=B,geography,0.0
primary_total_co2,M0star,PER,climate_zone=B,geography,1.0
primary_total_co2,M0star,SUR,climate_zone=B,geography,0.0
primary_total_co2,M0star,URY,climate_zone=B,geography,0.0
primary_total_co2,M0star,VEN,climate_zone=B,geography,0.0
primary_total_co2,M0star,DZA,climate_zone=C,geography,1.0
primary_total_co2,M0star,AGO,climate_zone=C,geography,1.0
primary_total_co2,M0star,BEN,climate_zone=C,geography,0.0
primary_total_co2,M0star,BWA,climate_zone=C,geography,0.0
primary_total_co2,M0star,BFA,climate_zone=C,geography,0.0
primary_total_co2,M0star,BDI,climate_zone=C,geography,0.0
primary_total_co2,M0star,CMR,climate_zone=C,geography,0.0
primary_total_co2,M0star,CAF,climate_zone=C,geography,0.0
primary_total_co2,M0star,TCD,climate_zone=C,geography,0.0
primary_total_co2,M0star,COG,climate_zone=C,geography,0.0
primary_total_co2,M0star,COD,climate_zone=C,geography,0.0
primary_total_co2,M0star,CIV,climate_zone=C,geography,0.0
primary_total_co2,M0star,DJI,climate_zone=C,geography,0.0
primary_total_co2,M0star,EGY,climate_zone=C,geography,0.0
primary_total_co2,M0star,GNQ,climate_zone=C,geography,0.0
primary_total_co2,M0star,ERI,climate_zone=C,geography,0.0
primary_total_co2,M0star,ETH,climate_zone=C,geography,0.0
primary_total_co2,M0star,GAB,climate_zone=C,geography,0.0
primary_total_co2,M0star,GHA,climate_zone=C,geography,0.0
primary_total_co2,M0star,GIN,climate_zone=C,geography,0.0
primary_total_co2,M0star,GNB,climate_zone=C,geography,0.0
primary_total_co2,M0star,KEN,climate_zone=C,geography,0.0
primary_total_co2,M0star,LSO,climate_zone=C,geography,1.0
primary_total_co2,M0star,LBR,climate_zone=C,geography,0.0
primary_total_co2,M0star,LBY,climate_zone=C,geography,0.0
primary_total_co2,M0star,MDG,climate_zone=C,geography,0.0
primary_total_co2,M0star,MWI,climate_zone=C,geography,0.0
primary_total_co2,M0star,MLI,climate_zone=C,geography,0.0
primary_total_co2,M0star,MRT,climate_zone=C,geography,0.0
primary_total_co2,M0star,MAR,climate_zone=C,geography,1.0
primary_total_co2,M0star,MOZ,climate_zone=C,geography,0.0
primary_total_co2,M0star,NAM,climate_zone=C,geography,0.0
primary_total_co2,M0star,NER,climate_zone=C,geography,0.0
primary_total_co2,M0star,NGA,climate_zone=C,geography,0.0
primary_total_co2,M0star,RWA,climate_zone=C,geography,0.0
primary_total_co2,M0star,SEN,climate_zone=C,geography,0.0
primary_total_co2,M0star,SLE,climate_zone=C,geography,0.0
primary_total_co2,M0star,SOM,climate_zone=C,geography,0.0
primary_total_co2,M0star,ZAF,climate_zone=C,geography,1.0
primary_total_co2,M0star,SDN,climate_zone=C,geography,0.0
primary_total_co2,M0star,SWZ,climate_zone=C,geography,0.0
primary_total_co2,M0star,TZA,climate_zone=C,geography,0.0
primary_total_co2,M0star,TGO,climate_zone=C,geography,0.0
primary_total_co2,M0star,TUN,climate_zone=C,geography,0.0
primary_total_co2,M0star,UGA,climate_zone=C,geography,0.0
primary_total_co2,M0star,ZMB,climate_zone=C,geography,1.0
primary_total_co2,M0star,ZWE,climate_zone=C,geography,1.0
primary_total_co2,M0star,AFG,climate_zone=C,geography,0.0
primary_total_co2,M0star,ARM,climate_zone=C,geography,0.0
primary_total_co2,M0star,AZE,climate_zone=C,geography,0.0
primary_total_co2,M0star,BGD,climate_zone=C,geography,0.0
primary_total_co2,M0star,MMR,climate_zone=C,geography,0.0
primary_total_co2,M0star,KHM,climate_zone=C,geography,0.0
primary_total_co2,M0star,CHN,climate_zone=C,geography,1.0
primary_total_co2,M0star,GEO,climate_zone=C,geography,0.0
primary_total_co2,M0star,IND,climate_zone=C,geography,0.0
primary_total_co2,M0star,IDN,climate_zone=C,geography,0.0
primary_total_co2,M0star,IRN,climate_zone=C,geography,0.0
primary_total_co2,M0star,IRQ,climate_zone=C,geography,1.0
primary_total_co2,M0star,ISR,climate_zone=C,geography,0.0
primary_total_co2,M0star,JPN,climate_zone=C,geography,1.0
primary_total_co2,M0star,JOR,climate_zone=C,geography,1.0
primary_total_co2,M0star,KAZ,climate_zone=C,geography,0.0
primary_total_co2,M0star,LAO,climate_zone=C,geography,0.0
primary_total_co2,M0star,LBN,climate_zone=C,geography,1.0
primary_total_co2,M0star,MYS,climate_zone=C,geography,0.0
primary_total_co2,M0star,MNG,climate_zone=C,geography,0.0
primary_total_co2,M0star,NPL,climate_zone=C,geography,1.0
primary_total_co2,M0star,OMN,climate_zone=C,geography,0.0
primary_total_co2,M0star,PAK,climate_zone=C,geography,0.0
primary_total_co2,M0star,PHL,climate_zone=C,geography,0.0
primary_total_co2,M0star,QAT,climate_zone=C,geography,0.0
primary_total_co2,M0star,SAU,climate_zone=C,geography,0.0
primary_total_co2,M0star,KOR,climate_zone=C,geography,0.0
primary_total_co2,M0star,LKA,climate_zone=C,geography,0.0
primary_total_co2,M0star,SYR,climate_zone=C,geography,0.0
primary_total_co2,M0star,TWN,climate_zone=C,geography,1.0
primary_total_co2,M0star,TJK,climate_zone=C,geography,0.0
primary_total_co2,M0star,THA,climate_zone=C,geography,0.0
primary_total_co2,M0star,TUR,climate_zone=C,geography,1.0
primary_total_co2,M0star,TKM,climate_zone=C,geography,0.0
primary_total_co2,M0star,ARE,climate_zone=C,geography,0.0
primary_total_co2,M0star,UZB,climate_zone=C,geography,0.0
primary_total_co2,M0star,VNM,climate_zone=C,geography,0.0
primary_total_co2,M0star,YEM,climate_zone=C,geography,0.0
primary_total_co2,M0star,ALB,climate_zone=C,geography,1.0
primary_total_co2,M0star,AUT,climate_zone=C,geography,0.0
primary_total_co2,M0star,BLR,climate_zone=C,geography,0.0
primary_total_co2,M0star,BEL,climate_zone=C,geography,1.0
primary_total_co2,M0star,BIH,climate_zone=C,geography,0.0
primary_total_co2,M0star,BGR,climate_zone=C,geography,0.0
primary_total_co2,M0star,HRV,climate_zone=C,geography,0.0
primary_total_co2,M0star,CYP,climate_zone=C,geography,1.0
primary_total_co2,M0star,CZE,climate_zone=C,geography,0.0
primary_total_co2,M0star,DNK,climate_zone=C,geography,1.0
primary_total_co2,M0star,EST,climate_zone=C,geography,0.0
primary_total_co2,M0star,FIN,climate_zone=C,geography,0.0
primary_total_co2,M0star,FRA,climate_zone=C,geography,1.0
primary_total_co2,M0star,DEU,climate_zone=C,geography,1.0
primary_total_co2,M0star,GRC,climate_zone=C,geography,1.0
primary_total_co2,M0star,HUN,climate_zone=C,geography,0.0
primary_total_co2,M0star,ISL,climate_zone=C,geography,0.0
primary_total_co2,M0star,IRL,climate_zone=C,geography,1.0
primary_total_co2,M0star,ITA,climate_zone=C,geography,1.0
primary_total_co2,M0star,LVA,climate_zone=C,geography,0.0
primary_total_co2,M0star,LTU,climate_zone=C,geography,0.0
primary_total_co2,M0star,MKD,climate_zone=C,geography,0.0
primary_total_co2,M0star,MDA,climate_zone=C,geography,0.0
primary_total_co2,M0star,MNE,climate_zone=C,geography,0.0
primary_total_co2,M0star,NLD,climate_zone=C,geography,1.0
primary_total_co2,M0star,NOR,climate_zone=C,geography,0.0
primary_total_co2,M0star,POL,climate_zone=C,geography,0.0
primary_total_co2,M0star,PRT,climate_zone=C,geography,1.0
primary_total_co2,M0star,ROU,climate_zone=C,geography,0.0
primary_total_co2,M0star,RUS,climate_zone=C,geography,0.0
primary_total_co2,M0star,SRB,climate_zone=C,geography,0.0
primary_total_co2,M0star,SVK,climate_zone=C,geography,0.0
primary_total_co2,M0star,SVN,climate_zone=C,geography,0.0
primary_total_co2,M0star,ESP,climate_zone=C,geography,1.0
primary_total_co2,M0star,SWE,climate_zone=C,geography,0.0
primary_total_co2,M0star,CHE,climate_zone=C,geography,0.0
primary_total_co2,M0star,UKR,climate_zone=C,geography,0.0
primary_total_co2,M0star,GBR,climate_zone=C,geography,1.0
primary_total_co2,M0star,BHS,climate_zone=C,geography,0.0
primary_total_co2,M0star,CAN,climate_zone=C,geography,0.0
primary_total_co2,M0star,CRI,climate_zone=C,geography,0.0
primary_total_co2,M0star,CUB,climate_zone=C,geography,0.0
primary_total_co2,M0star,DOM,climate_zone=C,geography,0.0
primary_total_co2,M0star,SLV,climate_zone=C,geography,0.0
primary_total_co2,M0star,GTM,climate_zone=C,geography,1.0
primary_total_co2,M0star,HTI,climate_zone=C,geography,0.0
primary_total_co2,M0star,HND,climate_zone=C,geography,0.0
primary_total_co2,M0star,JAM,climate_zone=C,geography,0.0
primary_total_co2,M0star,MEX,climate_zone=C,geography,1.0
primary_total_co2,M0star,NIC,climate_zone=C,geography,0.0
primary_total_co2,M0star,PAN,climate_zone=C,geography,0.0
primary_total_co2,M0star,USA,climate_zone=C,geography,1.0
primary_total_co2,M0star,AUS,climate_zone=C,geography,1.0
primary_total_co2,M0star,NZL,climate_zone=C,geography,1.0
primary_total_co2,M0star,PNG,climate_zone=C,geography,0.0
primary_total_co2,M0star,ARG,climate_zone=C,geography,0.0
primary_total_co2,M0star,BOL,climate_zone=C,geography,1.0
primary_total_co2,M0star,BRA,climate_zone=C,geography,1.0
primary_total_co2,M0star,CHL,climate_zone=C,geography,1.0
primary_total_co2,M0star,COL,climate_zone=C,geography,0.0
primary_total_co2,M0star,ECU,climate_zone=C,geography,0.0
primary_total_co2,M0star,PRY,climate_zone=C,geography,0.0
primary_total_co2,M0star,PER,climate_zone=C,geography,0.0
primary_total_co2,M0star,SUR,climate_zone=C,geography,0.0
primary_total_co2,M0star,URY,climate_zone=C,geography,1.0
primary_total_co2,M0star,VEN,climate_zone=C,geography,0.0
primary_total_co2,M0star,DZA,climate_zone=D,geography,0.0
primary_total_co2,M0star,AGO,climate_zone=D,geography,0.0
primary_total_co2,M0star,BEN,climate_zone=D,geography,0.0
primary_total_co2,M0star,BWA,climate_zone=D,geography,0.0
primary_total_co2,M0star,BFA,climate_zone=D,geography,0.0
primary_total_co2,M0star,BDI,climate_zone=D,geography,0.0
primary_total_co2,M0star,CMR,climate_zone=D,geography,0.0
primary_total_co2,M0star,CAF,climate_zone=D,geography,0.0
primary_total_co2,M0star,TCD,climate_zone=D,geography,0.0
primary_total_co2,M0star,COG,climate_zone=D,geography,0.0
primary_total_co2,M0star,COD,climate_zone=D,geography,0.0
primary_total_co2,M0star,CIV,climate_zone=D,geography,0.0
primary_total_co2,M0star,DJI,climate_zone=D,geography,0.0
primary_total_co2,M0star,EGY,climate_zone=D,geography,0.0
primary_total_co2,M0star,GNQ,climate_zone=D,geography,0.0
primary_total_co2,M0star,ERI,climate_zone=D,geography,0.0
primary_total_co2,M0star,ETH,climate_zone=D,geography,0.0
primary_total_co2,M0star,GAB,climate_zone=D,geography,0.0
primary_total_co2,M0star,GHA,climate_zone=D,geography,0.0
primary_total_co2,M0star,GIN,climate_zone=D,geography,0.0
primary_total_co2,M0star,GNB,climate_zone=D,geography,0.0
primary_total_co2,M0star,KEN,climate_zone=D,geography,0.0
primary_total_co2,M0star,LSO,climate_zone=D,geography,0.0
primary_total_co2,M0star,LBR,climate_zone=D,geography,0.0
primary_total_co2,M0star,LBY,climate_zone=D,geography,0.0
primary_total_co2,M0star,MDG,climate_zone=D,geography,0.0
primary_total_co2,M0star,MWI,climate_zone=D,geography,0.0
primary_total_co2,M0star,MLI,climate_zone=D,geography,0.0
primary_total_co2,M0star,MRT,climate_zone=D,geography,0.0
primary_total_co2,M0star,MAR,climate_zone=D,geography,0.0
primary_total_co2,M0star,MOZ,climate_zone=D,geography,0.0
primary_total_co2,M0star,NAM,climate_zone=D,geography,0.0
primary_total_co2,M0star,NER,climate_zone=D,geography,0.0
primary_total_co2,M0star,NGA,climate_zone=D,geography,0.0
primary_total_co2,M0star,RWA,climate_zone=D,geography,0.0
primary_total_co2,M0star,SEN,climate_zone=D,geography,0.0
primary_total_co2,M0star,SLE,climate_zone=D,geography,0.0
primary_total_co2,M0star,SOM,climate_zone=D,geography,0.0
primary_total_co2,M0star,ZAF,climate_zone=D,geography,0.0
primary_total_co2,M0star,SDN,climate_zone=D,geography,0.0
primary_total_co2,M0star,SWZ,climate_zone=D,geography,0.0
primary_total_co2,M0star,TZA,climate_zone=D,geography,0.0
primary_total_co2,M0star,TGO,climate_zone=D,geography,0.0
primary_total_co2,M0star,TUN,climate_zone=D,geography,0.0
primary_total_co2,M0star,UGA,climate_zone=D,geography,0.0
primary_total_co2,M0star,ZMB,climate_zone=D,geography,0.0
primary_total_co2,M0star,ZWE,climate_zone=D,geography,0.0
primary_total_co2,M0star,AFG,climate_zone=D,geography,0.0
primary_total_co2,M0star,ARM,climate_zone=D,geography,1.0
primary_total_co2,M0star,AZE,climate_zone=D,geography,1.0
primary_total_co2,M0star,BGD,climate_zone=D,geography,0.0
primary_total_co2,M0star,MMR,climate_zone=D,geography,0.0
primary_total_co2,M0star,KHM,climate_zone=D,geography,0.0
primary_total_co2,M0star,CHN,climate_zone=D,geography,0.0
primary_total_co2,M0star,GEO,climate_zone=D,geography,1.0
primary_total_co2,M0star,IND,climate_zone=D,geography,0.0
primary_total_co2,M0star,IDN,climate_zone=D,geography,0.0
primary_total_co2,M0star,IRN,climate_zone=D,geography,0.0
primary_total_co2,M0star,IRQ,climate_zone=D,geography,0.0
primary_total_co2,M0star,ISR,climate_zone=D,geography,0.0
primary_total_co2,M0star,JPN,climate_zone=D,geography,0.0
primary_total_co2,M0star,JOR,climate_zone=D,geography,0.0
primary_total_co2,M0star,KAZ,climate_zone=D,geography,0.0
primary_total_co2,M0star,LAO,climate_zone=D,geography,0.0
primary_total_co2,M0star,LBN,climate_zone=D,geography,0.0
primary_total_co2,M0star,MYS,climate_zone=D,geography,0.0
primary_total_co2,M0star,MNG,climate_zone=D,geography,0.0
primary_total_co2,M0star,NPL,climate_zone=D,geography,0.0
primary_total_co2,M0star,OMN,climate_zone=D,geography,0.0
primary_total_co2,M0star,PAK,climate_zone=D,geography,0.0
primary_total_co2,M0star,PHL,climate_zone=D,geography,0.0
primary_total_co2,M0star,QAT,climate_zone=D,geography,0.0
primary_total_co2,M0star,SAU,climate_zone=D,geography,0.0
primary_total_co2,M0star,KOR,climate_zone=D,geography,1.0
primary_total_co2,M0star,LKA,climate_zone=D,geography,0.0
primary_total_co2,M0star,SYR,climate_zone=D,geography,0.0
primary_total_co2,M0star,TWN,climate_zone=D,geography,0.0
primary_total_co2,M0star,TJK,climate_zone=D,geography,1.0
primary_total_co2,M0star,THA,climate_zone=D,geography,0.0
primary_total_co2,M0star,TUR,climate_zone=D,geography,0.0
primary_total_co2,M0star,TKM,climate_zone=D,geography,0.0
primary_total_co2,M0star,ARE,climate_zone=D,geography,0.0
primary_total_co2,M0star,UZB,climate_zone=D,geography,0.0
primary_total_co2,M0star,VNM,climate_zone=D,geography,0.0
primary_total_co2,M0star,YEM,climate_zone=D,geography,0.0
primary_total_co2,M0star,ALB,climate_zone=D,geography,0.0
primary_total_co2,M0star,AUT,climate_zone=D,geography,1.0
primary_total_co2,M0star,BLR,climate_zone=D,geography,1.0
primary_total_co2,M0star,BEL,climate_zone=D,geography,0.0
primary_total_co2,M0star,BIH,climate_zone=D,geography,1.0
primary_total_co2,M0star,BGR,climate_zone=D,geography,1.0
primary_total_co2,M0star,HRV,climate_zone=D,geography,1.0
primary_total_co2,M0star,CYP,climate_zone=D,geography,0.0
primary_total_co2,M0star,CZE,climate_zone=D,geography,1.0
primary_total_co2,M0star,DNK,climate_zone=D,geography,0.0
primary_total_co2,M0star,EST,climate_zone=D,geography,1.0
primary_total_co2,M0star,FIN,climate_zone=D,geography,1.0
primary_total_co2,M0star,FRA,climate_zone=D,geography,0.0
primary_total_co2,M0star,DEU,climate_zone=D,geography,0.0
primary_total_co2,M0star,GRC,climate_zone=D,geography,0.0
primary_total_co2,M0star,HUN,climate_zone=D,geography,1.0
primary_total_co2,M0star,ISL,climate_zone=D,geography,0.0
primary_total_co2,M0star,IRL,climate_zone=D,geography,0.0
primary_total_co2,M0star,ITA,climate_zone=D,geography,0.0
primary_total_co2,M0star,LVA,climate_zone=D,geography,1.0
primary_total_co2,M0star,LTU,climate_zone=D,geography,1.0
primary_total_co2,M0star,MKD,climate_zone=D,geography,1.0
primary_total_co2,M0star,MDA,climate_zone=D,geography,1.0
primary_total_co2,M0star,MNE,climate_zone=D,geography,1.0
primary_total_co2,M0star,NLD,climate_zone=D,geography,0.0
primary_total_co2,M0star,NOR,climate_zone=D,geography,1.0
primary_total_co2,M0star,POL,climate_zone=D,geography,1.0
primary_total_co2,M0star,PRT,climate_zone=D,geography,0.0
primary_total_co2,M0star,ROU,climate_zone=D,geography,1.0
primary_total_co2,M0star,RUS,climate_zone=D,geography,1.0
primary_total_co2,M0star,SRB,climate_zone=D,geography,1.0
primary_total_co2,M0star,SVK,climate_zone=D,geography,1.0
primary_total_co2,M0star,SVN,climate_zone=D,geography,1.0
primary_total_co2,M0star,ESP,climate_zone=D,geography,0.0
primary_total_co2,M0star,SWE,climate_zone=D,geography,1.0
primary_total_co2,M0star,CHE,climate_zone=D,geography,1.0
primary_total_co2,M0star,UKR,climate_zone=D,geography,1.0
primary_total_co2,M0star,GBR,climate_zone=D,geography,0.0
primary_total_co2,M0star,BHS,climate_zone=D,geography,0.0
primary_total_co2,M0star,CAN,climate_zone=D,geography,1.0
primary_total_co2,M0star,CRI,climate_zone=D,geography,0.0
primary_total_co2,M0star,CUB,climate_zone=D,geography,0.0
primary_total_co2,M0star,DOM,climate_zone=D,geography,0.0
primary_total_co2,M0star,SLV,climate_zone=D,geography,0.0
primary_total_co2,M0star,GTM,climate_zone=D,geography,0.0
primary_total_co2,M0star,HTI,climate_zone=D,geography,0.0
primary_total_co2,M0star,HND,climate_zone=D,geography,0.0
primary_total_co2,M0star,JAM,climate_zone=D,geography,0.0
primary_total_co2,M0star,MEX,climate_zone=D,geography,0.0
primary_total_co2,M0star,NIC,climate_zone=D,geography,0.0
primary_total_co2,M0star,PAN,climate_zone=D,geography,0.0
primary_total_co2,M0star,USA,climate_zone=D,geography,0.0
primary_total_co2,M0star,AUS,climate_zone=D,geography,0.0
primary_total_co2,M0star,NZL,climate_zone=D,geography,0.0
primary_total_co2,M0star,PNG,climate_zone=D,geography,0.0
primary_total_co2,M0star,ARG,climate_zone=D,geography,0.0
primary_total_co2,M0star,BOL,climate_zone=D,geography,0.0
primary_total_co2,M0star,BRA,climate_zone=D,geography,0.0
primary_total_co2,M0star,CHL,climate_zone=D,geography,0.0
primary_total_co2,M0star,COL,climate_zone=D,geography,0.0
primary_total_co2,M0star,ECU,climate_zone=D,geography,0.0
primary_total_co2,M0star,PRY,climate_zone=D,geography,0.0
primary_total_co2,M0star,PER,climate_zone=D,geography,0.0
primary_total_co2,M0star,SUR,climate_zone=D,geography,0.0
primary_total_co2,M0star,URY,climate_zone=D,geography,0.0
primary_total_co2,M0star,VEN,climate_zone=D,geography,0.0
primary_total_co2,M0star,DZA,climate_zone=E,geography,0.0
primary_total_co2,M0star,AGO,climate_zone=E,geography,0.0
primary_total_co2,M0star,BEN,climate_zone=E,geography,0.0
primary_total_co2,M0star,BWA,climate_zone=E,geography,0.0
primary_total_co2,M0star,BFA,climate_zone=E,geography,0.0
primary_total_co2,M0star,BDI,climate_zone=E,geography,0.0
primary_total_co2,M0star,CMR,climate_zone=E,geography,0.0
primary_total_co2,M0star,CAF,climate_zone=E,geography,0.0
primary_total_co2,M0star,TCD,climate_zone=E,geography,0.0
primary_total_co2,M0star,COG,climate_zone=E,geography,0.0
primary_total_co2,M0star,COD,climate_zone=E,geography,0.0
primary_total_co2,M0star,CIV,climate_zone=E,geography,0.0
primary_total_co2,M0star,DJI,climate_zone=E,geography,0.0
primary_total_co2,M0star,EGY,climate_zone=E,geography,0.0
primary_total_co2,M0star,GNQ,climate_zone=E,geography,0.0
primary_total_co2,M0star,ERI,climate_zone=E,geography,0.0
primary_total_co2,M0star,ETH,climate_zone=E,geography,0.0
primary_total_co2,M0star,GAB,climate_zone=E,geography,0.0
primary_total_co2,M0star,GHA,climate_zone=E,geography,0.0
primary_total_co2,M0star,GIN,climate_zone=E,geography,0.0
primary_total_co2,M0star,GNB,climate_zone=E,geography,0.0
primary_total_co2,M0star,KEN,climate_zone=E,geography,0.0
primary_total_co2,M0star,LSO,climate_zone=E,geography,0.0
primary_total_co2,M0star,LBR,climate_zone=E,geography,0.0
primary_total_co2,M0star,LBY,climate_zone=E,geography,0.0
primary_total_co2,M0star,MDG,climate_zone=E,geography,0.0
primary_total_co2,M0star,MWI,climate_zone=E,geography,0.0
primary_total_co2,M0star,MLI,climate_zone=E,geography,0.0
primary_total_co2,M0star,MRT,climate_zone=E,geography,0.0
primary_total_co2,M0star,MAR,climate_zone=E,geography,0.0
primary_total_co2,M0star,MOZ,climate_zone=E,geography,0.0
primary_total_co2,M0star,NAM,climate_zone=E,geography,0.0
primary_total_co2,M0star,NER,climate_zone=E,geography,0.0
primary_total_co2,M0star,NGA,climate_zone=E,geography,0.0
primary_total_co2,M0star,RWA,climate_zone=E,geography,0.0
primary_total_co2,M0star,SEN,climate_zone=E,geography,0.0
primary_total_co2,M0star,SLE,climate_zone=E,geography,0.0
primary_total_co2,M0star,SOM,climate_zone=E,geography,0.0
primary_total_co2,M0star,ZAF,climate_zone=E,geography,0.0
primary_total_co2,M0star,SDN,climate_zone=E,geography,0.0
primary_total_co2,M0star,SWZ,climate_zone=E,geography,0.0
primary_total_co2,M0star,TZA,climate_zone=E,geography,0.0
primary_total_co2,M0star,TGO,climate_zone=E,geography,0.0
primary_total_co2,M0star,TUN,climate_zone=E,geography,0.0
primary_total_co2,M0star,UGA,climate_zone=E,geography,0.0
primary_total_co2,M0star,ZMB,climate_zone=E,geography,0.0
primary_total_co2,M0star,ZWE,climate_zone=E,geography,0.0
primary_total_co2,M0star,AFG,climate_zone=E,geography,0.0
primary_total_co2,M0star,ARM,climate_zone=E,geography,0.0
primary_total_co2,M0star,AZE,climate_zone=E,geography,0.0
primary_total_co2,M0star,BGD,climate_zone=E,geography,0.0
primary_total_co2,M0star,MMR,climate_zone=E,geography,0.0
primary_total_co2,M0star,KHM,climate_zone=E,geography,0.0
primary_total_co2,M0star,CHN,climate_zone=E,geography,0.0
primary_total_co2,M0star,GEO,climate_zone=E,geography,0.0
primary_total_co2,M0star,IND,climate_zone=E,geography,0.0
primary_total_co2,M0star,IDN,climate_zone=E,geography,0.0
primary_total_co2,M0star,IRN,climate_zone=E,geography,0.0
primary_total_co2,M0star,IRQ,climate_zone=E,geography,0.0
primary_total_co2,M0star,ISR,climate_zone=E,geography,0.0
primary_total_co2,M0star,JPN,climate_zone=E,geography,0.0
primary_total_co2,M0star,JOR,climate_zone=E,geography,0.0
primary_total_co2,M0star,KAZ,climate_zone=E,geography,0.0
primary_total_co2,M0star,LAO,climate_zone=E,geography,0.0
primary_total_co2,M0star,LBN,climate_zone=E,geography,0.0
primary_total_co2,M0star,MYS,climate_zone=E,geography,0.0
primary_total_co2,M0star,MNG,climate_zone=E,geography,0.0
primary_total_co2,M0star,NPL,climate_zone=E,geography,0.0
primary_total_co2,M0star,OMN,climate_zone=E,geography,0.0
primary_total_co2,M0star,PAK,climate_zone=E,geography,0.0
primary_total_co2,M0star,PHL,climate_zone=E,geography,0.0
primary_total_co2,M0star,QAT,climate_zone=E,geography,0.0
primary_total_co2,M0star,SAU,climate_zone=E,geography,0.0
primary_total_co2,M0star,KOR,climate_zone=E,geography,0.0
primary_total_co2,M0star,LKA,climate_zone=E,geography,0.0
primary_total_co2,M0star,SYR,climate_zone=E,geography,0.0
primary_total_co2,M0star,TWN,climate_zone=E,geography,0.0
primary_total_co2,M0star,TJK,climate_zone=E,geography,0.0
primary_total_co2,M0star,THA,climate_zone=E,geography,0.0
primary_total_co2,M0star,TUR,climate_zone=E,geography,0.0
primary_total_co2,M0star,TKM,climate_zone=E,geography,0.0
primary_total_co2,M0star,ARE,climate_zone=E,geography,0.0
primary_total_co2,M0star,UZB,climate_zone=E,geography,0.0
primary_total_co2,M0star,VNM,climate_zone=E,geography,0.0
primary_total_co2,M0star,YEM,climate_zone=E,geography,0.0
primary_total_co2,M0star,ALB,climate_zone=E,geography,0.0
primary_total_co2,M0star,AUT,climate_zone=E,geography,0.0
primary_total_co2,M0star,BLR,climate_zone=E,geography,0.0
primary_total_co2,M0star,BEL,climate_zone=E,geography,0.0
primary_total_co2,M0star,BIH,climate_zone=E,geography,0.0
primary_total_co2,M0star,BGR,climate_zone=E,geography,0.0
primary_total_co2,M0star,HRV,climate_zone=E,geography,0.0
primary_total_co2,M0star,CYP,climate_zone=E,geography,0.0
primary_total_co2,M0star,CZE,climate_zone=E,geography,0.0
primary_total_co2,M0star,DNK,climate_zone=E,geography,0.0
primary_total_co2,M0star,EST,climate_zone=E,geography,0.0
primary_total_co2,M0star,FIN,climate_zone=E,geography,0.0
primary_total_co2,M0star,FRA,climate_zone=E,geography,0.0
primary_total_co2,M0star,DEU,climate_zone=E,geography,0.0
primary_total_co2,M0star,GRC,climate_zone=E,geography,0.0
primary_total_co2,M0star,HUN,climate_zone=E,geography,0.0
primary_total_co2,M0star,ISL,climate_zone=E,geography,1.0
primary_total_co2,M0star,IRL,climate_zone=E,geography,0.0
primary_total_co2,M0star,ITA,climate_zone=E,geography,0.0
primary_total_co2,M0star,LVA,climate_zone=E,geography,0.0
primary_total_co2,M0star,LTU,climate_zone=E,geography,0.0
primary_total_co2,M0star,MKD,climate_zone=E,geography,0.0
primary_total_co2,M0star,MDA,climate_zone=E,geography,0.0
primary_total_co2,M0star,MNE,climate_zone=E,geography,0.0
primary_total_co2,M0star,NLD,climate_zone=E,geography,0.0
primary_total_co2,M0star,NOR,climate_zone=E,geography,0.0
primary_total_co2,M0star,POL,climate_zone=E,geography,0.0
primary_total_co2,M0star,PRT,climate_zone=E,geography,0.0
primary_total_co2,M0star,ROU,climate_zone=E,geography,0.0
primary_total_co2,M0star,RUS,climate_zone=E,geography,0.0
primary_total_co2,M0star,SRB,climate_zone=E,geography,0.0
primary_total_co2,M0star,SVK,climate_zone=E,geography,0.0
primary_total_co2,M0star,SVN,climate_zone=E,geography,0.0
primary_total_co2,M0star,ESP,climate_zone=E,geography,0.0
primary_total_co2,M0star,SWE,climate_zone=E,geography,0.0
primary_total_co2,M0star,CHE,climate_zone=E,geography,0.0
primary_total_co2,M0star,UKR,climate_zone=E,geography,0.0
primary_total_co2,M0star,GBR,climate_zone=E,geography,0.0
primary_total_co2,M0star,BHS,climate_zone=E,geography,0.0
primary_total_co2,M0star,CAN,climate_zone=E,geography,0.0
primary_total_co2,M0star,CRI,climate_zone=E,geography,0.0
primary_total_co2,M0star,CUB,climate_zone=E,geography,0.0
primary_total_co2,M0star,DOM,climate_zone=E,geography,0.0
primary_total_co2,M0star,SLV,climate_zone=E,geography,0.0
primary_total_co2,M0star,GTM,climate_zone=E,geography,0.0
primary_total_co2,M0star,HTI,climate_zone=E,geography,0.0
primary_total_co2,M0star,HND,climate_zone=E,geography,0.0
primary_total_co2,M0star,JAM,climate_zone=E,geography,0.0
primary_total_co2,M0star,MEX,climate_zone=E,geography,0.0
primary_total_co2,M0star,NIC,climate_zone=E,geography,0.0
primary_total_co2,M0star,PAN,climate_zone=E,geography,0.0
primary_total_co2,M0star,USA,climate_zone=E,geography,0.0
primary_total_co2,M0star,AUS,climate_zone=E,geography,0.0
primary_total_co2,M0star,NZL,climate_zone=E,geography,0.0
primary_total_co2,M0star,PNG,climate_zone=E,geography,0.0
primary_total_co2,M0star,ARG,climate_zone=E,geography,0.0
primary_total_co2,M0star,BOL,climate_zone=E,geography,0.0
primary_total_co2,M0star,BRA,climate_zone=E,geography,0.0
primary_total_co2,M0star,CHL,climate_zone=E,geography,0.0
primary_total_co2,M0star,COL,climate_zone=E,geography,0.0
primary_total_co2,M0star,ECU,climate_zone=E,geography,0.0
primary_total_co2,M0star,PRY,climate_zone=E,geography,0.0
primary_total_co2,M0star,PER,climate_zone=E,geography,0.0
primary_total_co2,M0star,SUR,climate_zone=E,geography,0.0
primary_total_co2,M0star,URY,climate_zone=E,geography,0.0
primary_total_co2,M0star,VEN,climate_zone=E,geography,0.0
primary_total_co2,M0star,DZA,hemisphere=S,geography,0.0
primary_total_co2,M0star,AGO,hemisphere=S,geography,1.0
primary_total_co2,M0star,BEN,hemisphere=S,geography,0.0
primary_total_co2,M0star,BWA,hemisphere=S,geography,1.0
primary_total_co2,M0star,BFA,hemisphere=S,geography,0.0
primary_total_co2,M0star,BDI,hemisphere=S,geography,1.0
primary_total_co2,M0star,CMR,hemisphere=S,geography,0.0
primary_total_co2,M0star,CAF,hemisphere=S,geography,0.0
primary_total_co2,M0star,TCD,hemisphere=S,geography,0.0
primary_total_co2,M0star,COG,hemisphere=S,geography,1.0
primary_total_co2,M0star,COD,hemisphere=S,geography,1.0
primary_total_co2,M0star,CIV,hemisphere=S,geography,0.0
primary_total_co2,M0star,DJI,hemisphere=S,geography,0.0
primary_total_co2,M0star,EGY,hemisphere=S,geography,0.0
primary_total_co2,M0star,GNQ,hemisphere=S,geography,0.0
primary_total_co2,M0star,ERI,hemisphere=S,geography,0.0
primary_total_co2,M0star,ETH,hemisphere=S,geography,0.0
primary_total_co2,M0star,GAB,hemisphere=S,geography,0.0
primary_total_co2,M0star,GHA,hemisphere=S,geography,0.0
primary_total_co2,M0star,GIN,hemisphere=S,geography,0.0
primary_total_co2,M0star,GNB,hemisphere=S,geography,0.0
primary_total_co2,M0star,KEN,hemisphere=S,geography,1.0
primary_total_co2,M0star,LSO,hemisphere=S,geography,1.0
primary_total_co2,M0star,LBR,hemisphere=S,geography,0.0
primary_total_co2,M0star,LBY,hemisphere=S,geography,0.0
primary_total_co2,M0star,MDG,hemisphere=S,geography,1.0
primary_total_co2,M0star,MWI,hemisphere=S,geography,1.0
primary_total_co2,M0star,MLI,hemisphere=S,geography,0.0
primary_total_co2,M0star,MRT,hemisphere=S,geography,0.0
primary_total_co2,M0star,MAR,hemisphere=S,geography,0.0
primary_total_co2,M0star,MOZ,hemisphere=S,geography,1.0
primary_total_co2,M0star,NAM,hemisphere=S,geography,1.0
primary_total_co2,M0star,NER,hemisphere=S,geography,0.0
primary_total_co2,M0star,NGA,hemisphere=S,geography,0.0
primary_total_co2,M0star,RWA,hemisphere=S,geography,1.0
primary_total_co2,M0star,SEN,hemisphere=S,geography,0.0
primary_total_co2,M0star,SLE,hemisphere=S,geography,0.0
primary_total_co2,M0star,SOM,hemisphere=S,geography,0.0
primary_total_co2,M0star,ZAF,hemisphere=S,geography,1.0
primary_total_co2,M0star,SDN,hemisphere=S,geography,0.0
primary_total_co2,M0star,SWZ,hemisphere=S,geography,1.0
primary_total_co2,M0star,TZA,hemisphere=S,geography,1.0
primary_total_co2,M0star,TGO,hemisphere=S,geography,0.0
primary_total_co2,M0star,TUN,hemisphere=S,geography,0.0
primary_total_co2,M0star,UGA,hemisphere=S,geography,0.0
primary_total_co2,M0star,ZMB,hemisphere=S,geography,1.0
primary_total_co2,M0star,ZWE,hemisphere=S,geography,1.0
primary_total_co2,M0star,AFG,hemisphere=S,geography,0.0
primary_total_co2,M0star,ARM,hemisphere=S,geography,0.0
primary_total_co2,M0star,AZE,hemisphere=S,geography,0.0
primary_total_co2,M0star,BGD,hemisphere=S,geography,0.0
primary_total_co2,M0star,MMR,hemisphere=S,geography,0.0
primary_total_co2,M0star,KHM,hemisphere=S,geography,0.0
primary_total_co2,M0star,CHN,hemisphere=S,geography,0.0
primary_total_co2,M0star,GEO,hemisphere=S,geography,0.0
primary_total_co2,M0star,IND,hemisphere=S,geography,0.0
primary_total_co2,M0star,IDN,hemisphere=S,geography,1.0
primary_total_co2,M0star,IRN,hemisphere=S,geography,0.0
primary_total_co2,M0star,IRQ,hemisphere=S,geography,0.0
primary_total_co2,M0star,ISR,hemisphere=S,geography,0.0
primary_total_co2,M0star,JPN,hemisphere=S,geography,0.0
primary_total_co2,M0star,JOR,hemisphere=S,geography,0.0
primary_total_co2,M0star,KAZ,hemisphere=S,geography,0.0
primary_total_co2,M0star,LAO,hemisphere=S,geography,0.0
primary_total_co2,M0star,LBN,hemisphere=S,geography,0.0
primary_total_co2,M0star,MYS,hemisphere=S,geography,0.0
primary_total_co2,M0star,MNG,hemisphere=S,geography,0.0
primary_total_co2,M0star,NPL,hemisphere=S,geography,0.0
primary_total_co2,M0star,OMN,hemisphere=S,geography,0.0
primary_total_co2,M0star,PAK,hemisphere=S,geography,0.0
primary_total_co2,M0star,PHL,hemisphere=S,geography,0.0
primary_total_co2,M0star,QAT,hemisphere=S,geography,0.0
primary_total_co2,M0star,SAU,hemisphere=S,geography,0.0
primary_total_co2,M0star,KOR,hemisphere=S,geography,0.0
primary_total_co2,M0star,LKA,hemisphere=S,geography,0.0
primary_total_co2,M0star,SYR,hemisphere=S,geography,0.0
primary_total_co2,M0star,TWN,hemisphere=S,geography,0.0
primary_total_co2,M0star,TJK,hemisphere=S,geography,0.0
primary_total_co2,M0star,THA,hemisphere=S,geography,0.0
primary_total_co2,M0star,TUR,hemisphere=S,geography,0.0
primary_total_co2,M0star,TKM,hemisphere=S,geography,0.0
primary_total_co2,M0star,ARE,hemisphere=S,geography,0.0
primary_total_co2,M0star,UZB,hemisphere=S,geography,0.0
primary_total_co2,M0star,VNM,hemisphere=S,geography,0.0
primary_total_co2,M0star,YEM,hemisphere=S,geography,0.0
primary_total_co2,M0star,ALB,hemisphere=S,geography,0.0
primary_total_co2,M0star,AUT,hemisphere=S,geography,0.0
primary_total_co2,M0star,BLR,hemisphere=S,geography,0.0
primary_total_co2,M0star,BEL,hemisphere=S,geography,0.0
primary_total_co2,M0star,BIH,hemisphere=S,geography,0.0
primary_total_co2,M0star,BGR,hemisphere=S,geography,0.0
primary_total_co2,M0star,HRV,hemisphere=S,geography,0.0
primary_total_co2,M0star,CYP,hemisphere=S,geography,0.0
primary_total_co2,M0star,CZE,hemisphere=S,geography,0.0
primary_total_co2,M0star,DNK,hemisphere=S,geography,0.0
primary_total_co2,M0star,EST,hemisphere=S,geography,0.0
primary_total_co2,M0star,FIN,hemisphere=S,geography,0.0
primary_total_co2,M0star,FRA,hemisphere=S,geography,0.0
primary_total_co2,M0star,DEU,hemisphere=S,geography,0.0
primary_total_co2,M0star,GRC,hemisphere=S,geography,0.0
primary_total_co2,M0star,HUN,hemisphere=S,geography,0.0
primary_total_co2,M0star,ISL,hemisphere=S,geography,0.0
primary_total_co2,M0star,IRL,hemisphere=S,geography,0.0
primary_total_co2,M0star,ITA,hemisphere=S,geography,0.0
primary_total_co2,M0star,LVA,hemisphere=S,geography,0.0
primary_total_co2,M0star,LTU,hemisphere=S,geography,0.0
primary_total_co2,M0star,MKD,hemisphere=S,geography,0.0
primary_total_co2,M0star,MDA,hemisphere=S,geography,0.0
primary_total_co2,M0star,MNE,hemisphere=S,geography,0.0
primary_total_co2,M0star,NLD,hemisphere=S,geography,0.0
primary_total_co2,M0star,NOR,hemisphere=S,geography,0.0
primary_total_co2,M0star,POL,hemisphere=S,geography,0.0
primary_total_co2,M0star,PRT,hemisphere=S,geography,0.0
primary_total_co2,M0star,ROU,hemisphere=S,geography,0.0
primary_total_co2,M0star,RUS,hemisphere=S,geography,0.0
primary_total_co2,M0star,SRB,hemisphere=S,geography,0.0
primary_total_co2,M0star,SVK,hemisphere=S,geography,0.0
primary_total_co2,M0star,SVN,hemisphere=S,geography,0.0
primary_total_co2,M0star,ESP,hemisphere=S,geography,0.0
primary_total_co2,M0star,SWE,hemisphere=S,geography,0.0
primary_total_co2,M0star,CHE,hemisphere=S,geography,0.0
primary_total_co2,M0star,UKR,hemisphere=S,geography,0.0
primary_total_co2,M0star,GBR,hemisphere=S,geography,0.0
primary_total_co2,M0star,BHS,hemisphere=S,geography,0.0
primary_total_co2,M0star,CAN,hemisphere=S,geography,0.0
primary_total_co2,M0star,CRI,hemisphere=S,geography,0.0
primary_total_co2,M0star,CUB,hemisphere=S,geography,0.0
primary_total_co2,M0star,DOM,hemisphere=S,geography,0.0
primary_total_co2,M0star,SLV,hemisphere=S,geography,0.0
primary_total_co2,M0star,GTM,hemisphere=S,geography,0.0
primary_total_co2,M0star,HTI,hemisphere=S,geography,0.0
primary_total_co2,M0star,HND,hemisphere=S,geography,0.0
primary_total_co2,M0star,JAM,hemisphere=S,geography,0.0
primary_total_co2,M0star,MEX,hemisphere=S,geography,0.0
primary_total_co2,M0star,NIC,hemisphere=S,geography,0.0
primary_total_co2,M0star,PAN,hemisphere=S,geography,0.0
primary_total_co2,M0star,USA,hemisphere=S,geography,0.0
primary_total_co2,M0star,AUS,hemisphere=S,geography,1.0
primary_total_co2,M0star,NZL,hemisphere=S,geography,1.0
primary_total_co2,M0star,PNG,hemisphere=S,geography,1.0
primary_total_co2,M0star,ARG,hemisphere=S,geography,1.0
primary_total_co2,M0star,BOL,hemisphere=S,geography,1.0
primary_total_co2,M0star,BRA,hemisphere=S,geography,1.0
primary_total_co2,M0star,CHL,hemisphere=S,geography,1.0
primary_total_co2,M0star,COL,hemisphere=S,geography,0.0
primary_total_co2,M0star,ECU,hemisphere=S,geography,1.0
primary_total_co2,M0star,PRY,hemisphere=S,geography,1.0
primary_total_co2,M0star,PER,hemisphere=S,geography,1.0
primary_total_co2,M0star,SUR,hemisphere=S,geography,0.0
primary_total_co2,M0star,URY,hemisphere=S,geography,1.0
primary_total_co2,M0star,VEN,hemisphere=S,geography,0.0
primary_total_co2,M0star,DZA,spatial_block=Asia,geography,0.0
primary_total_co2,M0star,AGO,spatial_block=Asia,geography,0.0
primary_total_co2,M0star,BEN,spatial_block=Asia,geography,0.0
primary_total_co2,M0star,BWA,spatial_block=Asia,geography,0.0
primary_total_co2,M0star,BFA,spatial_block=Asia,geography,0.0
primary_total_co2,M0star,BDI,spatial_block=Asia,geography,0.0
primary_total_co2,M0star,CMR,spatial_block=Asia,geography,0.0
primary_total_co2,M0star,CAF,spatial_block=Asia,geography,0.0
primary_total_co2,M0star,TCD,spatial_block=Asia,geography,0.0
primary_total_co2,M0star,COG,spatial_block=Asia,geography,0.0
primary_total_co2,M0star,COD,spatial_block=Asia,geography,0.0
primary_total_co2,M0star,CIV,spatial_block=Asia,geography,0.0
primary_total_co2,M0star,DJI,spatial_block=Asia,geography,0.0
primary_total_co2,M0star,EGY,spatial_block=Asia,geography,0.0
primary_total_co2,M0star,GNQ,spatial_block=Asia,geography,0.0
primary_total_co2,M0star,ERI,spatial_block=Asia,geography,0.0
primary_total_co2,M0star,ETH,spatial_block=Asia,geography,0.0
primary_total_co2,M0star,GAB,spatial_block=Asia,geography,0.0
primary_total_co2,M0star,GHA,spatial_block=Asia,geography,0.0
primary_total_co2,M0star,GIN,spatial_block=Asia,geography,0.0
primary_total_co2,M0star,GNB,spatial_block=Asia,geography,0.0
primary_total_co2,M0star,KEN,spatial_block=Asia,geography,0.0
primary_total_co2,M0star,LSO,spatial_block=Asia,geography,0.0
primary_total_co2,M0star,LBR,spatial_block=Asia,geography,0.0
primary_total_co2,M0star,LBY,spatial_block=Asia,geography,0.0
primary_total_co2,M0star,MDG,spatial_block=Asia,geography,0.0
primary_total_co2,M0star,MWI,spatial_block=Asia,geography,0.0
primary_total_co2,M0star,MLI,spatial_block=Asia,geography,0.0
primary_total_co2,M0star,MRT,spatial_block=Asia,geography,0.0
primary_total_co2,M0star,MAR,spatial_block=Asia,geography,0.0
primary_total_co2,M0star,MOZ,spatial_block=Asia,geography,0.0
primary_total_co2,M0star,NAM,spatial_block=Asia,geography,0.0
primary_total_co2,M0star,NER,spatial_block=Asia,geography,0.0
primary_total_co2,M0star,NGA,spatial_block=Asia,geography,0.0
primary_total_co2,M0star,RWA,spatial_block=Asia,geography,0.0
primary_total_co2,M0star,SEN,spatial_block=Asia,geography,0.0
primary_total_co2,M0star,SLE,spatial_block=Asia,geography,0.0
primary_total_co2,M0star,SOM,spatial_block=Asia,geography,0.0
primary_total_co2,M0star,ZAF,spatial_block=Asia,geography,0.0
primary_total_co2,M0star,SDN,spatial_block=Asia,geography,0.0
primary_total_co2,M0star,SWZ,spatial_block=Asia,geography,0.0
primary_total_co2,M0star,TZA,spatial_block=Asia,geography,0.0
primary_total_co2,M0star,TGO,spatial_block=Asia,geography,0.0
primary_total_co2,M0star,TUN,spatial_block=Asia,geography,0.0
primary_total_co2,M0star,UGA,spatial_block=Asia,geography,0.0
primary_total_co2,M0star,ZMB,spatial_block=Asia,geography,0.0
primary_total_co2,M0star,ZWE,spatial_block=Asia,geography,0.0
primary_total_co2,M0star,AFG,spatial_block=Asia,geography,1.0
primary_total_co2,M0star,ARM,spatial_block=Asia,geography,1.0
primary_total_co2,M0star,AZE,spatial_block=Asia,geography,1.0
primary_total_co2,M0star,BGD,spatial_block=Asia,geography,1.0
primary_total_co2,M0star,MMR,spatial_block=Asia,geography,1.0
primary_total_co2,M0star,KHM,spatial_block=Asia,geography,1.0
primary_total_co2,M0star,CHN,spatial_block=Asia,geography,1.0
primary_total_co2,M0star,GEO,spatial_block=Asia,geography,1.0
primary_total_co2,M0star,IND,spatial_block=Asia,geography,1.0
primary_total_co2,M0star,IDN,spatial_block=Asia,geography,1.0
primary_total_co2,M0star,IRN,spatial_block=Asia,geography,1.0
primary_total_co2,M0star,IRQ,spatial_block=Asia,geography,1.0
primary_total_co2,M0star,ISR,spatial_block=Asia,geography,1.0
primary_total_co2,M0star,JPN,spatial_block=Asia,geography,1.0
primary_total_co2,M0star,JOR,spatial_block=Asia,geography,1.0
primary_total_co2,M0star,KAZ,spatial_block=Asia,geography,1.0
primary_total_co2,M0star,LAO,spatial_block=Asia,geography,1.0
primary_total_co2,M0star,LBN,spatial_block=Asia,geography,1.0
primary_total_co2,M0star,MYS,spatial_block=Asia,geography,1.0
primary_total_co2,M0star,MNG,spatial_block=Asia,geography,1.0
primary_total_co2,M0star,NPL,spatial_block=Asia,geography,1.0
primary_total_co2,M0star,OMN,spatial_block=Asia,geography,1.0
primary_total_co2,M0star,PAK,spatial_block=Asia,geography,1.0
primary_total_co2,M0star,PHL,spatial_block=Asia,geography,1.0
primary_total_co2,M0star,QAT,spatial_block=Asia,geography,1.0
primary_total_co2,M0star,SAU,spatial_block=Asia,geography,1.0
primary_total_co2,M0star,KOR,spatial_block=Asia,geography,1.0
primary_total_co2,M0star,LKA,spatial_block=Asia,geography,1.0
primary_total_co2,M0star,SYR,spatial_block=Asia,geography,1.0
primary_total_co2,M0star,TWN,spatial_block=Asia,geography,1.0
primary_total_co2,M0star,TJK,spatial_block=Asia,geography,1.0
primary_total_co2,M0star,THA,spatial_block=Asia,geography,1.0
primary_total_co2,M0star,TUR,spatial_block=Asia,geography,1.0
primary_total_co2,M0star,TKM,spatial_block=Asia,geography,1.0
primary_total_co2,M0star,ARE,spatial_block=Asia,geography,1.0
primary_total_co2,M0star,UZB,spatial_block=Asia,geography,1.0
primary_total_co2,M0star,VNM,spatial_block=Asia,geography,1.0
primary_total_co2,M0star,YEM,spatial_block=Asia,geography,1.0
primary_total_co2,M0star,ALB,spatial_block=Asia,geography,0.0
primary_total_co2,M0star,AUT,spatial_block=Asia,geography,0.0
primary_total_co2,M0star,BLR,spatial_block=Asia,geography,0.0
primary_total_co2,M0star,BEL,spatial_block=Asia,geography,0.0
primary_total_co2,M0star,BIH,spatial_block=Asia,geography,0.0
primary_total_co2,M0star,BGR,spatial_block=Asia,geography,0.0
primary_total_co2,M0star,HRV,spatial_block=Asia,geography,0.0
primary_total_co2,M0star,CYP,spatial_block=Asia,geography,0.0
primary_total_co2,M0star,CZE,spatial_block=Asia,geography,0.0
primary_total_co2,M0star,DNK,spatial_block=Asia,geography,0.0
primary_total_co2,M0star,EST,spatial_block=Asia,geography,0.0
primary_total_co2,M0star,FIN,spatial_block=Asia,geography,0.0
primary_total_co2,M0star,FRA,spatial_block=Asia,geography,0.0
primary_total_co2,M0star,DEU,spatial_block=Asia,geography,0.0
primary_total_co2,M0star,GRC,spatial_block=Asia,geography,0.0
primary_total_co2,M0star,HUN,spatial_block=Asia,geography,0.0
primary_total_co2,M0star,ISL,spatial_block=Asia,geography,0.0
primary_total_co2,M0star,IRL,spatial_block=Asia,geography,0.0
primary_total_co2,M0star,ITA,spatial_block=Asia,geography,0.0
primary_total_co2,M0star,LVA,spatial_block=Asia,geography,0.0
primary_total_co2,M0star,LTU,spatial_block=Asia,geography,0.0
primary_total_co2,M0star,MKD,spatial_block=Asia,geography,0.0
primary_total_co2,M0star,MDA,spatial_block=Asia,geography,0.0
primary_total_co2,M0star,MNE,spatial_block=Asia,geography,0.0
primary_total_co2,M0star,NLD,spatial_block=Asia,geography,0.0
primary_total_co2,M0star,NOR,spatial_block=Asia,geography,0.0
primary_total_co2,M0star,POL,spatial_block=Asia,geography,0.0
primary_total_co2,M0star,PRT,spatial_block=Asia,geography,0.0
primary_total_co2,M0star,ROU,spatial_block=Asia,geography,0.0
primary_total_co2,M0star,RUS,spatial_block=Asia,geography,0.0
primary_total_co2,M0star,SRB,spatial_block=Asia,geography,0.0
primary_total_co2,M0star,SVK,spatial_block=Asia,geography,0.0
primary_total_co2,M0star,SVN,spatial_block=Asia,geography,0.0
primary_total_co2,M0star,ESP,spatial_block=Asia,geography,0.0
primary_total_co2,M0star,SWE,spatial_block=Asia,geography,0.0
primary_total_co2,M0star,CHE,spatial_block=Asia,geography,0.0
primary_total_co2,M0star,UKR,spatial_block=Asia,geography,0.0
primary_total_co2,M0star,GBR,spatial_block=Asia,geography,0.0
primary_total_co2,M0star,BHS,spatial_block=Asia,geography,0.0
primary_total_co2,M0star,CAN,spatial_block=Asia,geography,0.0
primary_total_co2,M0star,CRI,spatial_block=Asia,geography,0.0
primary_total_co2,M0star,CUB,spatial_block=Asia,geography,0.0
primary_total_co2,M0star,DOM,spatial_block=Asia,geography,0.0
primary_total_co2,M0star,SLV,spatial_block=Asia,geography,0.0
primary_total_co2,M0star,GTM,spatial_block=Asia,geography,0.0
primary_total_co2,M0star,HTI,spatial_block=Asia,geography,0.0
primary_total_co2,M0star,HND,spatial_block=Asia,geography,0.0
primary_total_co2,M0star,JAM,spatial_block=Asia,geography,0.0
primary_total_co2,M0star,MEX,spatial_block=Asia,geography,0.0
primary_total_co2,M0star,NIC,spatial_block=Asia,geography,0.0
primary_total_co2,M0star,PAN,spatial_block=Asia,geography,0.0
primary_total_co2,M0star,USA,spatial_block=Asia,geography,0.0
primary_total_co2,M0star,AUS,spatial_block=Asia,geography,0.0
primary_total_co2,M0star,NZL,spatial_block=Asia,geography,0.0
primary_total_co2,M0star,PNG,spatial_block=Asia,geography,0.0
primary_total_co2,M0star,ARG,spatial_block=Asia,geography,0.0
primary_total_co2,M0star,BOL,spatial_block=Asia,geography,0.0
primary_total_co2,M0star,BRA,spatial_block=Asia,geography,0.0
primary_total_co2,M0star,CHL,spatial_block=Asia,geography,0.0
primary_total_co2,M0star,COL,spatial_block=Asia,geography,0.0
primary_total_co2,M0star,ECU,spatial_block=Asia,geography,0.0
primary_total_co2,M0star,PRY,spatial_block=Asia,geography,0.0
primary_total_co2,M0star,PER,spatial_block=Asia,geography,0.0
primary_total_co2,M0star,SUR,spatial_block=Asia,geography,0.0
primary_total_co2,M0star,URY,spatial_block=Asia,geography,0.0
primary_total_co2,M0star,VEN,spatial_block=Asia,geography,0.0
primary_total_co2,M0star,DZA,spatial_block=Europe,geography,0.0
primary_total_co2,M0star,AGO,spatial_block=Europe,geography,0.0
primary_total_co2,M0star,BEN,spatial_block=Europe,geography,0.0
primary_total_co2,M0star,BWA,spatial_block=Europe,geography,0.0
primary_total_co2,M0star,BFA,spatial_block=Europe,geography,0.0
primary_total_co2,M0star,BDI,spatial_block=Europe,geography,0.0
primary_total_co2,M0star,CMR,spatial_block=Europe,geography,0.0
primary_total_co2,M0star,CAF,spatial_block=Europe,geography,0.0
primary_total_co2,M0star,TCD,spatial_block=Europe,geography,0.0
primary_total_co2,M0star,COG,spatial_block=Europe,geography,0.0
primary_total_co2,M0star,COD,spatial_block=Europe,geography,0.0
primary_total_co2,M0star,CIV,spatial_block=Europe,geography,0.0
primary_total_co2,M0star,DJI,spatial_block=Europe,geography,0.0
primary_total_co2,M0star,EGY,spatial_block=Europe,geography,0.0
primary_total_co2,M0star,GNQ,spatial_block=Europe,geography,0.0
primary_total_co2,M0star,ERI,spatial_block=Europe,geography,0.0
primary_total_co2,M0star,ETH,spatial_block=Europe,geography,0.0
primary_total_co2,M0star,GAB,spatial_block=Europe,geography,0.0
primary_total_co2,M0star,GHA,spatial_block=Europe,geography,0.0
primary_total_co2,M0star,GIN,spatial_block=Europe,geography,0.0
primary_total_co2,M0star,GNB,spatial_block=Europe,geography,0.0
primary_total_co2,M0star,KEN,spatial_block=Europe,geography,0.0
primary_total_co2,M0star,LSO,spatial_block=Europe,geography,0.0
primary_total_co2,M0star,LBR,spatial_block=Europe,geography,0.0
primary_total_co2,M0star,LBY,spatial_block=Europe,geography,0.0
primary_total_co2,M0star,MDG,spatial_block=Europe,geography,0.0
primary_total_co2,M0star,MWI,spatial_block=Europe,geography,0.0
primary_total_co2,M0star,MLI,spatial_block=Europe,geography,0.0
primary_total_co2,M0star,MRT,spatial_block=Europe,geography,0.0
primary_total_co2,M0star,MAR,spatial_block=Europe,geography,0.0
primary_total_co2,M0star,MOZ,spatial_block=Europe,geography,0.0
primary_total_co2,M0star,NAM,spatial_block=Europe,geography,0.0
primary_total_co2,M0star,NER,spatial_block=Europe,geography,0.0
primary_total_co2,M0star,NGA,spatial_block=Europe,geography,0.0
primary_total_co2,M0star,RWA,spatial_block=Europe,geography,0.0
primary_total_co2,M0star,SEN,spatial_block=Europe,geography,0.0
primary_total_co2,M0star,SLE,spatial_block=Europe,geography,0.0
primary_total_co2,M0star,SOM,spatial_block=Europe,geography,0.0
primary_total_co2,M0star,ZAF,spatial_block=Europe,geography,0.0
primary_total_co2,M0star,SDN,spatial_block=Europe,geography,0.0
primary_total_co2,M0star,SWZ,spatial_block=Europe,geography,0.0
primary_total_co2,M0star,TZA,spatial_block=Europe,geography,0.0
primary_total_co2,M0star,TGO,spatial_block=Europe,geography,0.0
primary_total_co2,M0star,TUN,spatial_block=Europe,geography,0.0
primary_total_co2,M0star,UGA,spatial_block=Europe,geography,0.0
primary_total_co2,M0star,ZMB,spatial_block=Europe,geography,0.0
primary_total_co2,M0star,ZWE,spatial_block=Europe,geography,0.0
primary_total_co2,M0star,AFG,spatial_block=Europe,geography,0.0
primary_total_co2,M0star,ARM,spatial_block=Europe,geography,0.0
primary_total_co2,M0star,AZE,spatial_block=Europe,geography,0.0
primary_total_co2,M0star,BGD,spatial_block=Europe,geography,0.0
primary_total_co2,M0star,MMR,spatial_block=Europe,geography,0.0
primary_total_co2,M0star,KHM,spatial_block=Europe,geography,0.0
primary_total_co2,M0star,CHN,spatial_block=Europe,geography,0.0
primary_total_co2,M0star,GEO,spatial_block=Europe,geography,0.0
primary_total_co2,M0star,IND,spatial_block=Europe,geography,0.0
primary_total_co2,M0star,IDN,spatial_block=Europe,geography,0.0
primary_total_co2,M0star,IRN,spatial_block=Europe,geography,0.0
primary_total_co2,M0star,IRQ,spatial_block=Europe,geography,0.0
primary_total_co2,M0star,ISR,spatial_block=Europe,geography,0.0
primary_total_co2,M0star,JPN,spatial_block=Europe,geography,0.0
primary_total_co2,M0star,JOR,spatial_block=Europe,geography,0.0
primary_total_co2,M0star,KAZ,spatial_block=Europe,geography,0.0
primary_total_co2,M0star,LAO,spatial_block=Europe,geography,0.0
primary_total_co2,M0star,LBN,spatial_block=Europe,geography,0.0
primary_total_co2,M0star,MYS,spatial_block=Europe,geography,0.0
primary_total_co2,M0star,MNG,spatial_block=Europe,geography,0.0
primary_total_co2,M0star,NPL,spatial_block=Europe,geography,0.0
primary_total_co2,M0star,OMN,spatial_block=Europe,geography,0.0
primary_total_co2,M0star,PAK,spatial_block=Europe,geography,0.0
primary_total_co2,M0star,PHL,spatial_block=Europe,geography,0.0
primary_total_co2,M0star,QAT,spatial_block=Europe,geography,0.0
primary_total_co2,M0star,SAU,spatial_block=Europe,geography,0.0
primary_total_co2,M0star,KOR,spatial_block=Europe,geography,0.0
primary_total_co2,M0star,LKA,spatial_block=Europe,geography,0.0
primary_total_co2,M0star,SYR,spatial_block=Europe,geography,0.0
primary_total_co2,M0star,TWN,spatial_block=Europe,geography,0.0
primary_total_co2,M0star,TJK,spatial_block=Europe,geography,0.0
primary_total_co2,M0star,THA,spatial_block=Europe,geography,0.0
primary_total_co2,M0star,TUR,spatial_block=Europe,geography,0.0
primary_total_co2,M0star,TKM,spatial_block=Europe,geography,0.0
primary_total_co2,M0star,ARE,spatial_block=Europe,geography,0.0
primary_total_co2,M0star,UZB,spatial_block=Europe,geography,0.0
primary_total_co2,M0star,VNM,spatial_block=Europe,geography,0.0
primary_total_co2,M0star,YEM,spatial_block=Europe,geography,0.0
primary_total_co2,M0star,ALB,spatial_block=Europe,geography,1.0
primary_total_co2,M0star,AUT,spatial_block=Europe,geography,1.0
primary_total_co2,M0star,BLR,spatial_block=Europe,geography,1.0
primary_total_co2,M0star,BEL,spatial_block=Europe,geography,1.0
primary_total_co2,M0star,BIH,spatial_block=Europe,geography,1.0
primary_total_co2,M0star,BGR,spatial_block=Europe,geography,1.0
primary_total_co2,M0star,HRV,spatial_block=Europe,geography,1.0
primary_total_co2,M0star,CYP,spatial_block=Europe,geography,1.0
primary_total_co2,M0star,CZE,spatial_block=Europe,geography,1.0
primary_total_co2,M0star,DNK,spatial_block=Europe,geography,1.0
primary_total_co2,M0star,EST,spatial_block=Europe,geography,1.0
primary_total_co2,M0star,FIN,spatial_block=Europe,geography,1.0
primary_total_co2,M0star,FRA,spatial_block=Europe,geography,1.0
primary_total_co2,M0star,DEU,spatial_block=Europe,geography,1.0
primary_total_co2,M0star,GRC,spatial_block=Europe,geography,1.0
primary_total_co2,M0star,HUN,spatial_block=Europe,geography,1.0
primary_total_co2,M0star,ISL,spatial_block=Europe,geography,1.0
primary_total_co2,M0star,IRL,spatial_block=Europe,geography,1.0
primary_total_co2,M0star,ITA,spatial_block=Europe,geography,1.0
primary_total_co2,M0star,LVA,spatial_block=Europe,geography,1.0
primary_total_co2,M0star,LTU,spatial_block=Europe,geography,1.0
primary_total_co2,M0star,MKD,spatial_block=Europe,geography,1.0
primary_total_co2,M0star,MDA,spatial_block=Europe,geography,1.0
primary_total_co2,M0star,MNE,spatial_block=Europe,geography,1.0
primary_total_co2,M0star,NLD,spatial_block=Europe,geography,1.0
primary_total_co2,M0star,NOR,spatial_block=Europe,geography,1.0
primary_total_co2,M0star,POL,spatial_block=Europe,geography,1.0
primary_total_co2,M0star,PRT,spatial_block=Europe,geography,1.0
primary_total_co2,M0star,ROU,spatial_block=Europe,geography,1.0
primary_total_co2,M0star,RUS,spatial_block=Europe,geography,1.0
primary_total_co2,M0star,SRB,spatial_block=Europe,geography,1.0
primary_total_co2,M0star,SVK,spatial_block=Europe,geography,1.0
primary_total_co2,M0star,SVN,spatial_block=Europe,geography,1.0
primary_total_co2,M0star,ESP,spatial_block=Europe,geography,1.0
primary_total_co2,M0star,SWE,spatial_block=Europe,geography,1.0
primary_total_co2,M0star,CHE,spatial_block=Europe,geography,1.0
primary_total_co2,M0star,UKR,spatial_block=Europe,geography,1.0
primary_total_co2,M0star,GBR,spatial_block=Europe,geography,1.0
primary_total_co2,M0star,BHS,spatial_block=Europe,geography,0.0
primary_total_co2,M0star,CAN,spatial_block=Europe,geography,0.0
primary_total_co2,M0star,CRI,spatial_block=Europe,geography,0.0
primary_total_co2,M0star,CUB,spatial_block=Europe,geography,0.0
primary_total_co2,M0star,DOM,spatial_block=Europe,geography,0.0
primary_total_co2,M0star,SLV,spatial_block=Europe,geography,0.0
primary_total_co2,M0star,GTM,spatial_block=Europe,geography,0.0
primary_total_co2,M0star,HTI,spatial_block=Europe,geography,0.0
primary_total_co2,M0star,HND,spatial_block=Europe,geography,0.0
primary_total_co2,M0star,JAM,spatial_block=Europe,geography,0.0
primary_total_co2,M0star,MEX,spatial_block=Europe,geography,0.0
primary_total_co2,M0star,NIC,spatial_block=Europe,geography,0.0
primary_total_co2,M0star,PAN,spatial_block=Europe,geography,0.0
primary_total_co2,M0star,USA,spatial_block=Europe,geography,0.0
primary_total_co2,M0star,AUS,spatial_block=Europe,geography,0.0
primary_total_co2,M0star,NZL,spatial_block=Europe,geography,0.0
primary_total_co2,M0star,PNG,spatial_block=Europe,geography,0.0
primary_total_co2,M0star,ARG,spatial_block=Europe,geography,0.0
primary_total_co2,M0star,BOL,spatial_block=Europe,geography,0.0
primary_total_co2,M0star,BRA,spatial_block=Europe,geography,0.0
primary_total_co2,M0star,CHL,spatial_block=Europe,geography,0.0
primary_total_co2,M0star,COL,spatial_block=Europe,geography,0.0
primary_total_co2,M0star,ECU,spatial_block=Europe,geography,0.0
primary_total_co2,M0star,PRY,spatial_block=Europe,geography,0.0
primary_total_co2,M0star,PER,spatial_block=Europe,geography,0.0
primary_total_co2,M0star,SUR,spatial_block=Europe,geography,0.0
primary_total_co2,M0star,URY,spatial_block=Europe,geography,0.0
primary_total_co2,M0star,VEN,spatial_block=Europe,geography,0.0
primary_total_co2,M0star,DZA,spatial_block=North America,geography,0.0
primary_total_co2,M0star,AGO,spatial_block=North America,geography,0.0
primary_total_co2,M0star,BEN,spatial_block=North America,geography,0.0
primary_total_co2,M0star,BWA,spatial_block=North America,geography,0.0
primary_total_co2,M0star,BFA,spatial_block=North America,geography,0.0
primary_total_co2,M0star,BDI,spatial_block=North America,geography,0.0
primary_total_co2,M0star,CMR,spatial_block=North America,geography,0.0
primary_total_co2,M0star,CAF,spatial_block=North America,geography,0.0
primary_total_co2,M0star,TCD,spatial_block=North America,geography,0.0
primary_total_co2,M0star,COG,spatial_block=North America,geography,0.0
primary_total_co2,M0star,COD,spatial_block=North America,geography,0.0
primary_total_co2,M0star,CIV,spatial_block=North America,geography,0.0
primary_total_co2,M0star,DJI,spatial_block=North America,geography,0.0
primary_total_co2,M0star,EGY,spatial_block=North America,geography,0.0
primary_total_co2,M0star,GNQ,spatial_block=North America,geography,0.0
primary_total_co2,M0star,ERI,spatial_block=North America,geography,0.0
primary_total_co2,M0star,ETH,spatial_block=North America,geography,0.0
primary_total_co2,M0star,GAB,spatial_block=North America,geography,0.0
primary_total_co2,M0star,GHA,spatial_block=North America,geography,0.0
primary_total_co2,M0star,GIN,spatial_block=North America,geography,0.0
primary_total_co2,M0star,GNB,spatial_block=North America,geography,0.0
primary_total_co2,M0star,KEN,spatial_block=North America,geography,0.0
primary_total_co2,M0star,LSO,spatial_block=North America,geography,0.0
primary_total_co2,M0star,LBR,spatial_block=North America,geography,0.0
primary_total_co2,M0star,LBY,spatial_block=North America,geography,0.0
primary_total_co2,M0star,MDG,spatial_block=North America,geography,0.0
primary_total_co2,M0star,MWI,spatial_block=North America,geography,0.0
primary_total_co2,M0star,MLI,spatial_block=North America,geography,0.0
primary_total_co2,M0star,MRT,spatial_block=North America,geography,0.0
primary_total_co2,M0star,MAR,spatial_block=North America,geography,0.0
primary_total_co2,M0star,MOZ,spatial_block=North America,geography,0.0
primary_total_co2,M0star,NAM,spatial_block=North America,geography,0.0
primary_total_co2,M0star,NER,spatial_block=North America,geography,0.0
primary_total_co2,M0star,NGA,spatial_block=North America,geography,0.0
primary_total_co2,M0star,RWA,spatial_block=North America,geography,0.0
primary_total_co2,M0star,SEN,spatial_block=North America,geography,0.0
primary_total_co2,M0star,SLE,spatial_block=North America,geography,0.0
primary_total_co2,M0star,SOM,spatial_block=North America,geography,0.0
primary_total_co2,M0star,ZAF,spatial_block=North America,geography,0.0
primary_total_co2,M0star,SDN,spatial_block=North America,geography,0.0
primary_total_co2,M0star,SWZ,spatial_block=North America,geography,0.0
primary_total_co2,M0star,TZA,spatial_block=North America,geography,0.0
primary_total_co2,M0star,TGO,spatial_block=North America,geography,0.0
primary_total_co2,M0star,TUN,spatial_block=North America,geography,0.0
primary_total_co2,M0star,UGA,spatial_block=North America,geography,0.0
primary_total_co2,M0star,ZMB,spatial_block=North America,geography,0.0
primary_total_co2,M0star,ZWE,spatial_block=North America,geography,0.0
primary_total_co2,M0star,AFG,spatial_block=North America,geography,0.0
primary_total_co2,M0star,ARM,spatial_block=North America,geography,0.0
primary_total_co2,M0star,AZE,spatial_block=North America,geography,0.0
primary_total_co2,M0star,BGD,spatial_block=North America,geography,0.0
primary_total_co2,M0star,MMR,spatial_block=North America,geography,0.0
primary_total_co2,M0star,KHM,spatial_block=North America,geography,0.0
primary_total_co2,M0star,CHN,spatial_block=North America,geography,0.0
primary_total_co2,M0star,GEO,spatial_block=North America,geography,0.0
primary_total_co2,M0star,IND,spatial_block=North America,geography,0.0
primary_total_co2,M0star,IDN,spatial_block=North America,geography,0.0
primary_total_co2,M0star,IRN,spatial_block=North America,geography,0.0
primary_total_co2,M0star,IRQ,spatial_block=North America,geography,0.0
primary_total_co2,M0star,ISR,spatial_block=North America,geography,0.0
primary_total_co2,M0star,JPN,spatial_block=North America,geography,0.0
primary_total_co2,M0star,JOR,spatial_block=North America,geography,0.0
primary_total_co2,M0star,KAZ,spatial_block=North America,geography,0.0
primary_total_co2,M0star,LAO,spatial_block=North America,geography,0.0
primary_total_co2,M0star,LBN,spatial_block=North America,geography,0.0
primary_total_co2,M0star,MYS,spatial_block=North America,geography,0.0
primary_total_co2,M0star,MNG,spatial_block=North America,geography,0.0
primary_total_co2,M0star,NPL,spatial_block=North America,geography,0.0
primary_total_co2,M0star,OMN,spatial_block=North America,geography,0.0
primary_total_co2,M0star,PAK,spatial_block=North America,geography,0.0
primary_total_co2,M0star,PHL,spatial_block=North America,geography,0.0
primary_total_co2,M0star,QAT,spatial_block=North America,geography,0.0
primary_total_co2,M0star,SAU,spatial_block=North America,geography,0.0
primary_total_co2,M0star,KOR,spatial_block=North America,geography,0.0
primary_total_co2,M0star,LKA,spatial_block=North America,geography,0.0
primary_total_co2,M0star,SYR,spatial_block=North America,geography,0.0
primary_total_co2,M0star,TWN,spatial_block=North America,geography,0.0
primary_total_co2,M0star,TJK,spatial_block=North America,geography,0.0
primary_total_co2,M0star,THA,spatial_block=North America,geography,0.0
primary_total_co2,M0star,TUR,spatial_block=North America,geography,0.0
primary_total_co2,M0star,TKM,spatial_block=North America,geography,0.0
primary_total_co2,M0star,ARE,spatial_block=North America,geography,0.0
primary_total_co2,M0star,UZB,spatial_block=North America,geography,0.0
primary_total_co2,M0star,VNM,spatial_block=North America,geography,0.0
primary_total_co2,M0star,YEM,spatial_block=North America,geography,0.0
primary_total_co2,M0star,ALB,spatial_block=North America,geography,0.0
primary_total_co2,M0star,AUT,spatial_block=North America,geography,0.0
primary_total_co2,M0star,BLR,spatial_block=North America,geography,0.0
primary_total_co2,M0star,BEL,spatial_block=North America,geography,0.0
primary_total_co2,M0star,BIH,spatial_block=North America,geography,0.0
primary_total_co2,M0star,BGR,spatial_block=North America,geography,0.0
primary_total_co2,M0star,HRV,spatial_block=North America,geography,0.0
primary_total_co2,M0star,CYP,spatial_block=North America,geography,0.0
primary_total_co2,M0star,CZE,spatial_block=North America,geography,0.0
primary_total_co2,M0star,DNK,spatial_block=North America,geography,0.0
primary_total_co2,M0star,EST,spatial_block=North America,geography,0.0
primary_total_co2,M0star,FIN,spatial_block=North America,geography,0.0
primary_total_co2,M0star,FRA,spatial_block=North America,geography,0.0
primary_total_co2,M0star,DEU,spatial_block=North America,geography,0.0
primary_total_co2,M0star,GRC,spatial_block=North America,geography,0.0
primary_total_co2,M0star,HUN,spatial_block=North America,geography,0.0
primary_total_co2,M0star,ISL,spatial_block=North America,geography,0.0
primary_total_co2,M0star,IRL,spatial_block=North America,geography,0.0
primary_total_co2,M0star,ITA,spatial_block=North America,geography,0.0
primary_total_co2,M0star,LVA,spatial_block=North America,geography,0.0
primary_total_co2,M0star,LTU,spatial_block=North America,geography,0.0
primary_total_co2,M0star,MKD,spatial_block=North America,geography,0.0
primary_total_co2,M0star,MDA,spatial_block=North America,geography,0.0
primary_total_co2,M0star,MNE,spatial_block=North America,geography,0.0
primary_total_co2,M0star,NLD,spatial_block=North America,geography,0.0
primary_total_co2,M0star,NOR,spatial_block=North America,geography,0.0
primary_total_co2,M0star,POL,spatial_block=North America,geography,0.0
primary_total_co2,M0star,PRT,spatial_block=North America,geography,0.0
primary_total_co2,M0star,ROU,spatial_block=North America,geography,0.0
primary_total_co2,M0star,RUS,spatial_block=North America,geography,0.0
primary_total_co2,M0star,SRB,spatial_block=North America,geography,0.0
primary_total_co2,M0star,SVK,spatial_block=North America,geography,0.0
primary_total_co2,M0star,SVN,spatial_block=North America,geography,0.0
primary_total_co2,M0star,ESP,spatial_block=North America,geography,0.0
primary_total_co2,M0star,SWE,spatial_block=North America,geography,0.0
primary_total_co2,M0star,CHE,spatial_block=North America,geography,0.0
primary_total_co2,M0star,UKR,spatial_block=North America,geography,0.0
primary_total_co2,M0star,GBR,spatial_block=North America,geography,0.0
primary_total_co2,M0star,BHS,spatial_block=North America,geography,1.0
primary_total_co2,M0star,CAN,spatial_block=North America,geography,1.0
primary_total_co2,M0star,CRI,spatial_block=North America,geography,1.0
primary_total_co2,M0star,CUB,spatial_block=North America,geography,1.0
primary_total_co2,M0star,DOM,spatial_block=North America,geography,1.0
primary_total_co2,M0star,SLV,spatial_block=North America,geography,1.0
primary_total_co2,M0star,GTM,spatial_block=North America,geography,1.0
primary_total_co2,M0star,HTI,spatial_block=North America,geography,1.0
primary_total_co2,M0star,HND,spatial_block=North America,geography,1.0
primary_total_co2,M0star,JAM,spatial_block=North America,geography,1.0
primary_total_co2,M0star,MEX,spatial_block=North America,geography,1.0
primary_total_co2,M0star,NIC,spatial_block=North America,geography,1.0
primary_total_co2,M0star,PAN,spatial_block=North America,geography,1.0
primary_total_co2,M0star,USA,spatial_block=North America,geography,1.0
primary_total_co2,M0star,AUS,spatial_block=North America,geography,0.0
primary_total_co2,M0star,NZL,spatial_block=North America,geography,0.0
primary_total_co2,M0star,PNG,spatial_block=North America,geography,0.0
primary_total_co2,M0star,ARG,spatial_block=North America,geography,0.0
primary_total_co2,M0star,BOL,spatial_block=North America,geography,0.0
primary_total_co2,M0star,BRA,spatial_block=North America,geography,0.0
primary_total_co2,M0star,CHL,spatial_block=North America,geography,0.0
primary_total_co2,M0star,COL,spatial_block=North America,geography,0.0
primary_total_co2,M0star,ECU,spatial_block=North America,geography,0.0
primary_total_co2,M0star,PRY,spatial_block=North America,geography,0.0
primary_total_co2,M0star,PER,spatial_block=North America,geography,0.0
primary_total_co2,M0star,SUR,spatial_block=North America,geography,0.0
primary_total_co2,M0star,URY,spatial_block=North America,geography,0.0
primary_total_co2,M0star,VEN,spatial_block=North America,geography,0.0
primary_total_co2,M0star,DZA,spatial_block=Oceania,geography,0.0
primary_total_co2,M0star,AGO,spatial_block=Oceania,geography,0.0
primary_total_co2,M0star,BEN,spatial_block=Oceania,geography,0.0
primary_total_co2,M0star,BWA,spatial_block=Oceania,geography,0.0
primary_total_co2,M0star,BFA,spatial_block=Oceania,geography,0.0
primary_total_co2,M0star,BDI,spatial_block=Oceania,geography,0.0
primary_total_co2,M0star,CMR,spatial_block=Oceania,geography,0.0
primary_total_co2,M0star,CAF,spatial_block=Oceania,geography,0.0
primary_total_co2,M0star,TCD,spatial_block=Oceania,geography,0.0
primary_total_co2,M0star,COG,spatial_block=Oceania,geography,0.0
primary_total_co2,M0star,COD,spatial_block=Oceania,geography,0.0
primary_total_co2,M0star,CIV,spatial_block=Oceania,geography,0.0
primary_total_co2,M0star,DJI,spatial_block=Oceania,geography,0.0
primary_total_co2,M0star,EGY,spatial_block=Oceania,geography,0.0
primary_total_co2,M0star,GNQ,spatial_block=Oceania,geography,0.0
primary_total_co2,M0star,ERI,spatial_block=Oceania,geography,0.0
primary_total_co2,M0star,ETH,spatial_block=Oceania,geography,0.0
primary_total_co2,M0star,GAB,spatial_block=Oceania,geography,0.0
primary_total_co2,M0star,GHA,spatial_block=Oceania,geography,0.0
primary_total_co2,M0star,GIN,spatial_block=Oceania,geography,0.0
primary_total_co2,M0star,GNB,spatial_block=Oceania,geography,0.0
primary_total_co2,M0star,KEN,spatial_block=Oceania,geography,0.0
primary_total_co2,M0star,LSO,spatial_block=Oceania,geography,0.0
primary_total_co2,M0star,LBR,spatial_block=Oceania,geography,0.0
primary_total_co2,M0star,LBY,spatial_block=Oceania,geography,0.0
primary_total_co2,M0star,MDG,spatial_block=Oceania,geography,0.0
primary_total_co2,M0star,MWI,spatial_block=Oceania,geography,0.0
primary_total_co2,M0star,MLI,spatial_block=Oceania,geography,0.0
primary_total_co2,M0star,MRT,spatial_block=Oceania,geography,0.0
primary_total_co2,M0star,MAR,spatial_block=Oceania,geography,0.0
primary_total_co2,M0star,MOZ,spatial_block=Oceania,geography,0.0
primary_total_co2,M0star,NAM,spatial_block=Oceania,geography,0.0
primary_total_co2,M0star,NER,spatial_block=Oceania,geography,0.0
primary_total_co2,M0star,NGA,spatial_block=Oceania,geography,0.0
primary_total_co2,M0star,RWA,spatial_block=Oceania,geography,0.0
primary_total_co2,M0star,SEN,spatial_block=Oceania,geography,0.0
primary_total_co2,M0star,SLE,spatial_block=Oceania,geography,0.0
primary_total_co2,M0star,SOM,spatial_block=Oceania,geography,0.0
primary_total_co2,M0star,ZAF,spatial_block=Oceania,geography,0.0
primary_total_co2,M0star,SDN,spatial_block=Oceania,geography,0.0
primary_total_co2,M0star,SWZ,spatial_block=Oceania,geography,0.0
primary_total_co2,M0star,TZA,spatial_block=Oceania,geography,0.0
primary_total_co2,M0star,TGO,spatial_block=Oceania,geography,0.0
primary_total_co2,M0star,TUN,spatial_block=Oceania,geography,0.0
primary_total_co2,M0star,UGA,spatial_block=Oceania,geography,0.0
primary_total_co2,M0star,ZMB,spatial_block=Oceania,geography,0.0
primary_total_co2,M0star,ZWE,spatial_block=Oceania,geography,0.0
primary_total_co2,M0star,AFG,spatial_block=Oceania,geography,0.0
primary_total_co2,M0star,ARM,spatial_block=Oceania,geography,0.0
primary_total_co2,M0star,AZE,spatial_block=Oceania,geography,0.0
primary_total_co2,M0star,BGD,spatial_block=Oceania,geography,0.0
primary_total_co2,M0star,MMR,spatial_block=Oceania,geography,0.0
primary_total_co2,M0star,KHM,spatial_block=Oceania,geography,0.0
primary_total_co2,M0star,CHN,spatial_block=Oceania,geography,0.0
primary_total_co2,M0star,GEO,spatial_block=Oceania,geography,0.0
primary_total_co2,M0star,IND,spatial_block=Oceania,geography,0.0
primary_total_co2,M0star,IDN,spatial_block=Oceania,geography,0.0
primary_total_co2,M0star,IRN,spatial_block=Oceania,geography,0.0
primary_total_co2,M0star,IRQ,spatial_block=Oceania,geography,0.0
primary_total_co2,M0star,ISR,spatial_block=Oceania,geography,0.0
primary_total_co2,M0star,JPN,spatial_block=Oceania,geography,0.0
primary_total_co2,M0star,JOR,spatial_block=Oceania,geography,0.0
primary_total_co2,M0star,KAZ,spatial_block=Oceania,geography,0.0
primary_total_co2,M0star,LAO,spatial_block=Oceania,geography,0.0
primary_total_co2,M0star,LBN,spatial_block=Oceania,geography,0.0
primary_total_co2,M0star,MYS,spatial_block=Oceania,geography,0.0
primary_total_co2,M0star,MNG,spatial_block=Oceania,geography,0.0
primary_total_co2,M0star,NPL,spatial_block=Oceania,geography,0.0
primary_total_co2,M0star,OMN,spatial_block=Oceania,geography,0.0
primary_total_co2,M0star,PAK,spatial_block=Oceania,geography,0.0
primary_total_co2,M0star,PHL,spatial_block=Oceania,geography,0.0
primary_total_co2,M0star,QAT,spatial_block=Oceania,geography,0.0
primary_total_co2,M0star,SAU,spatial_block=Oceania,geography,0.0
primary_total_co2,M0star,KOR,spatial_block=Oceania,geography,0.0
primary_total_co2,M0star,LKA,spatial_block=Oceania,geography,0.0
primary_total_co2,M0star,SYR,spatial_block=Oceania,geography,0.0
primary_total_co2,M0star,TWN,spatial_block=Oceania,geography,0.0
primary_total_co2,M0star,TJK,spatial_block=Oceania,geography,0.0
primary_total_co2,M0star,THA,spatial_block=Oceania,geography,0.0
primary_total_co2,M0star,TUR,spatial_block=Oceania,geography,0.0
primary_total_co2,M0star,TKM,spatial_block=Oceania,geography,0.0
primary_total_co2,M0star,ARE,spatial_block=Oceania,geography,0.0
primary_total_co2,M0star,UZB,spatial_block=Oceania,geography,0.0
primary_total_co2,M0star,VNM,spatial_block=Oceania,geography,0.0
primary_total_co2,M0star,YEM,spatial_block=Oceania,geography,0.0
primary_total_co2,M0star,ALB,spatial_block=Oceania,geography,0.0
primary_total_co2,M0star,AUT,spatial_block=Oceania,geography,0.0
primary_total_co2,M0star,BLR,spatial_block=Oceania,geography,0.0
primary_total_co2,M0star,BEL,spatial_block=Oceania,geography,0.0
primary_total_co2,M0star,BIH,spatial_block=Oceania,geography,0.0
primary_total_co2,M0star,BGR,spatial_block=Oceania,geography,0.0
primary_total_co2,M0star,HRV,spatial_block=Oceania,geography,0.0
primary_total_co2,M0star,CYP,spatial_block=Oceania,geography,0.0
primary_total_co2,M0star,CZE,spatial_block=Oceania,geography,0.0
primary_total_co2,M0star,DNK,spatial_block=Oceania,geography,0.0
primary_total_co2,M0star,EST,spatial_block=Oceania,geography,0.0
primary_total_co2,M0star,FIN,spatial_block=Oceania,geography,0.0
primary_total_co2,M0star,FRA,spatial_block=Oceania,geography,0.0
primary_total_co2,M0star,DEU,spatial_block=Oceania,geography,0.0
primary_total_co2,M0star,GRC,spatial_block=Oceania,geography,0.0
primary_total_co2,M0star,HUN,spatial_block=Oceania,geography,0.0
primary_total_co2,M0star,ISL,spatial_block=Oceania,geography,0.0
primary_total_co2,M0star,IRL,spatial_block=Oceania,geography,0.0
primary_total_co2,M0star,ITA,spatial_block=Oceania,geography,0.0
primary_total_co2,M0star,LVA,spatial_block=Oceania,geography,0.0
primary_total_co2,M0star,LTU,spatial_block=Oceania,geography,0.0
primary_total_co2,M0star,MKD,spatial_block=Oceania,geography,0.0
primary_total_co2,M0star,MDA,spatial_block=Oceania,geography,0.0
primary_total_co2,M0star,MNE,spatial_block=Oceania,geography,0.0
primary_total_co2,M0star,NLD,spatial_block=Oceania,geography,0.0
primary_total_co2,M0star,NOR,spatial_block=Oceania,geography,0.0
primary_total_co2,M0star,POL,spatial_block=Oceania,geography,0.0
primary_total_co2,M0star,PRT,spatial_block=Oceania,geography,0.0
primary_total_co2,M0star,ROU,spatial_block=Oceania,geography,0.0
primary_total_co2,M0star,RUS,spatial_block=Oceania,geography,0.0
primary_total_co2,M0star,SRB,spatial_block=Oceania,geography,0.0
primary_total_co2,M0star,SVK,spatial_block=Oceania,geography,0.0
primary_total_co2,M0star,SVN,spatial_block=Oceania,geography,0.0
primary_total_co2,M0star,ESP,spatial_block=Oceania,geography,0.0
primary_total_co2,M0star,SWE,spatial_block=Oceania,geography,0.0
primary_total_co2,M0star,CHE,spatial_block=Oceania,geography,0.0
primary_total_co2,M0star,UKR,spatial_block=Oceania,geography,0.0
primary_total_co2,M0star,GBR,spatial_block=Oceania,geography,0.0
primary_total_co2,M0star,BHS,spatial_block=Oceania,geography,0.0
primary_total_co2,M0star,CAN,spatial_block=Oceania,geography,0.0
primary_total_co2,M0star,CRI,spatial_block=Oceania,geography,0.0
primary_total_co2,M0star,CUB,spatial_block=Oceania,geography,0.0
primary_total_co2,M0star,DOM,spatial_block=Oceania,geography,0.0
primary_total_co2,M0star,SLV,spatial_block=Oceania,geography,0.0
primary_total_co2,M0star,GTM,spatial_block=Oceania,geography,0.0
primary_total_co2,M0star,HTI,spatial_block=Oceania,geography,0.0
primary_total_co2,M0star,HND,spatial_block=Oceania,geography,0.0
primary_total_co2,M0star,JAM,spatial_block=Oceania,geography,0.0
primary_total_co2,M0star,MEX,spatial_block=Oceania,geography,0.0
primary_total_co2,M0star,NIC,spatial_block=Oceania,geography,0.0
primary_total_co2,M0star,PAN,spatial_block=Oceania,geography,0.0
primary_total_co2,M0star,USA,spatial_block=Oceania,geography,0.0
primary_total_co2,M0star,AUS,spatial_block=Oceania,geography,1.0
primary_total_co2,M0star,NZL,spatial_block=Oceania,geography,1.0
primary_total_co2,M0star,PNG,spatial_block=Oceania,geography,1.0
primary_total_co2,M0star,ARG,spatial_block=Oceania,geography,0.0
primary_total_co2,M0star,BOL,spatial_block=Oceania,geography,0.0
primary_total_co2,M0star,BRA,spatial_block=Oceania,geography,0.0
primary_total_co2,M0star,CHL,spatial_block=Oceania,geography,0.0
primary_total_co2,M0star,COL,spatial_block=Oceania,geography,0.0
primary_total_co2,M0star,ECU,spatial_block=Oceania,geography,0.0
primary_total_co2,M0star,PRY,spatial_block=Oceania,geography,0.0
primary_total_co2,M0star,PER,spatial_block=Oceania,geography,0.0
primary_total_co2,M0star,SUR,spatial_block=Oceania,geography,0.0
primary_total_co2,M0star,URY,spatial_block=Oceania,geography,0.0
primary_total_co2,M0star,VEN,spatial_block=Oceania,geography,0.0
primary_total_co2,M0star,DZA,spatial_block=South America,geography,0.0
primary_total_co2,M0star,AGO,spatial_block=South America,geography,0.0
primary_total_co2,M0star,BEN,spatial_block=South America,geography,0.0
primary_total_co2,M0star,BWA,spatial_block=South America,geography,0.0
primary_total_co2,M0star,BFA,spatial_block=South America,geography,0.0
primary_total_co2,M0star,BDI,spatial_block=South America,geography,0.0
primary_total_co2,M0star,CMR,spatial_block=South America,geography,0.0
primary_total_co2,M0star,CAF,spatial_block=South America,geography,0.0
primary_total_co2,M0star,TCD,spatial_block=South America,geography,0.0
primary_total_co2,M0star,COG,spatial_block=South America,geography,0.0
primary_total_co2,M0star,COD,spatial_block=South America,geography,0.0
primary_total_co2,M0star,CIV,spatial_block=South America,geography,0.0
primary_total_co2,M0star,DJI,spatial_block=South America,geography,0.0
primary_total_co2,M0star,EGY,spatial_block=South America,geography,0.0
primary_total_co2,M0star,GNQ,spatial_block=South America,geography,0.0
primary_total_co2,M0star,ERI,spatial_block=South America,geography,0.0
primary_total_co2,M0star,ETH,spatial_block=South America,geography,0.0
primary_total_co2,M0star,GAB,spatial_block=South America,geography,0.0
primary_total_co2,M0star,GHA,spatial_block=South America,geography,0.0
primary_total_co2,M0star,GIN,spatial_block=South America,geography,0.0
primary_total_co2,M0star,GNB,spatial_block=South America,geography,0.0
primary_total_co2,M0star,KEN,spatial_block=South America,geography,0.0
primary_total_co2,M0star,LSO,spatial_block=South America,geography,0.0
primary_total_co2,M0star,LBR,spatial_block=South America,geography,0.0
primary_total_co2,M0star,LBY,spatial_block=South America,geography,0.0
primary_total_co2,M0star,MDG,spatial_block=South America,geography,0.0
primary_total_co2,M0star,MWI,spatial_block=South America,geography,0.0
primary_total_co2,M0star,MLI,spatial_block=South America,geography,0.0
primary_total_co2,M0star,MRT,spatial_block=South America,geography,0.0
primary_total_co2,M0star,MAR,spatial_block=South America,geography,0.0
primary_total_co2,M0star,MOZ,spatial_block=South America,geography,0.0
primary_total_co2,M0star,NAM,spatial_block=South America,geography,0.0
primary_total_co2,M0star,NER,spatial_block=South America,geography,0.0
primary_total_co2,M0star,NGA,spatial_block=South America,geography,0.0
primary_total_co2,M0star,RWA,spatial_block=South America,geography,0.0
primary_total_co2,M0star,SEN,spatial_block=South America,geography,0.0
primary_total_co2,M0star,SLE,spatial_block=South America,geography,0.0
primary_total_co2,M0star,SOM,spatial_block=South America,geography,0.0
primary_total_co2,M0star,ZAF,spatial_block=South America,geography,0.0
primary_total_co2,M0star,SDN,spatial_block=South America,geography,0.0
primary_total_co2,M0star,SWZ,spatial_block=South America,geography,0.0
primary_total_co2,M0star,TZA,spatial_block=South America,geography,0.0
primary_total_co2,M0star,TGO,spatial_block=South America,geography,0.0
primary_total_co2,M0star,TUN,spatial_block=South America,geography,0.0
primary_total_co2,M0star,UGA,spatial_block=South America,geography,0.0
primary_total_co2,M0star,ZMB,spatial_block=South America,geography,0.0
primary_total_co2,M0star,ZWE,spatial_block=South America,geography,0.0
primary_total_co2,M0star,AFG,spatial_block=South America,geography,0.0
primary_total_co2,M0star,ARM,spatial_block=South America,geography,0.0
primary_total_co2,M0star,AZE,spatial_block=South America,geography,0.0
primary_total_co2,M0star,BGD,spatial_block=South America,geography,0.0
primary_total_co2,M0star,MMR,spatial_block=South America,geography,0.0
primary_total_co2,M0star,KHM,spatial_block=South America,geography,0.0
primary_total_co2,M0star,CHN,spatial_block=South America,geography,0.0
primary_total_co2,M0star,GEO,spatial_block=South America,geography,0.0
primary_total_co2,M0star,IND,spatial_block=South America,geography,0.0
primary_total_co2,M0star,IDN,spatial_block=South America,geography,0.0
primary_total_co2,M0star,IRN,spatial_block=South America,geography,0.0
primary_total_co2,M0star,IRQ,spatial_block=South America,geography,0.0
primary_total_co2,M0star,ISR,spatial_block=South America,geography,0.0
primary_total_co2,M0star,JPN,spatial_block=South America,geography,0.0
primary_total_co2,M0star,JOR,spatial_block=South America,geography,0.0
primary_total_co2,M0star,KAZ,spatial_block=South America,geography,0.0
primary_total_co2,M0star,LAO,spatial_block=South America,geography,0.0
primary_total_co2,M0star,LBN,spatial_block=South America,geography,0.0
primary_total_co2,M0star,MYS,spatial_block=South America,geography,0.0
primary_total_co2,M0star,MNG,spatial_block=South America,geography,0.0
primary_total_co2,M0star,NPL,spatial_block=South America,geography,0.0
primary_total_co2,M0star,OMN,spatial_block=South America,geography,0.0
primary_total_co2,M0star,PAK,spatial_block=South America,geography,0.0
primary_total_co2,M0star,PHL,spatial_block=South America,geography,0.0
primary_total_co2,M0star,QAT,spatial_block=South America,geography,0.0
primary_total_co2,M0star,SAU,spatial_block=South America,geography,0.0
primary_total_co2,M0star,KOR,spatial_block=South America,geography,0.0
primary_total_co2,M0star,LKA,spatial_block=South America,geography,0.0
primary_total_co2,M0star,SYR,spatial_block=South America,geography,0.0
primary_total_co2,M0star,TWN,spatial_block=South America,geography,0.0
primary_total_co2,M0star,TJK,spatial_block=South America,geography,0.0
primary_total_co2,M0star,THA,spatial_block=South America,geography,0.0
primary_total_co2,M0star,TUR,spatial_block=South America,geography,0.0
primary_total_co2,M0star,TKM,spatial_block=South America,geography,0.0
primary_total_co2,M0star,ARE,spatial_block=South America,geography,0.0
primary_total_co2,M0star,UZB,spatial_block=South America,geography,0.0
primary_total_co2,M0star,VNM,spatial_block=South America,geography,0.0
primary_total_co2,M0star,YEM,spatial_block=South America,geography,0.0
primary_total_co2,M0star,ALB,spatial_block=South America,geography,0.0
primary_total_co2,M0star,AUT,spatial_block=South America,geography,0.0
primary_total_co2,M0star,BLR,spatial_block=South America,geography,0.0
primary_total_co2,M0star,BEL,spatial_block=South America,geography,0.0
primary_total_co2,M0star,BIH,spatial_block=South America,geography,0.0
primary_total_co2,M0star,BGR,spatial_block=South America,geography,0.0
primary_total_co2,M0star,HRV,spatial_block=South America,geography,0.0
primary_total_co2,M0star,CYP,spatial_block=South America,geography,0.0
primary_total_co2,M0star,CZE,spatial_block=South America,geography,0.0
primary_total_co2,M0star,DNK,spatial_block=South America,geography,0.0
primary_total_co2,M0star,EST,spatial_block=South America,geography,0.0
primary_total_co2,M0star,FIN,spatial_block=South America,geography,0.0
primary_total_co2,M0star,FRA,spatial_block=South America,geography,0.0
primary_total_co2,M0star,DEU,spatial_block=South America,geography,0.0
primary_total_co2,M0star,GRC,spatial_block=South America,geography,0.0
primary_total_co2,M0star,HUN,spatial_block=South America,geography,0.0
primary_total_co2,M0star,ISL,spatial_block=South America,geography,0.0
primary_total_co2,M0star,IRL,spatial_block=South America,geography,0.0
primary_total_co2,M0star,ITA,spatial_block=South America,geography,0.0
primary_total_co2,M0star,LVA,spatial_block=South America,geography,0.0
primary_total_co2,M0star,LTU,spatial_block=South America,geography,0.0
primary_total_co2,M0star,MKD,spatial_block=South America,geography,0.0
primary_total_co2,M0star,MDA,spatial_block=South America,geography,0.0
primary_total_co2,M0star,MNE,spatial_block=South America,geography,0.0
primary_total_co2,M0star,NLD,spatial_block=South America,geography,0.0
primary_total_co2,M0star,NOR,spatial_block=South America,geography,0.0
primary_total_co2,M0star,POL,spatial_block=South America,geography,0.0
primary_total_co2,M0star,PRT,spatial_block=South America,geography,0.0
primary_total_co2,M0star,ROU,spatial_block=South America,geography,0.0
primary_total_co2,M0star,RUS,spatial_block=South America,geography,0.0
primary_total_co2,M0star,SRB,spatial_block=South America,geography,0.0
primary_total_co2,M0star,SVK,spatial_block=South America,geography,0.0
primary_total_co2,M0star,SVN,spatial_block=South America,geography,0.0
primary_total_co2,M0star,ESP,spatial_block=South America,geography,0.0
primary_total_co2,M0star,SWE,spatial_block=South America,geography,0.0
primary_total_co2,M0star,CHE,spatial_block=South America,geography,0.0
primary_total_co2,M0star,UKR,spatial_block=South America,geography,0.0
primary_total_co2,M0star,GBR,spatial_block=South America,geography,0.0
primary_total_co2,M0star,BHS,spatial_block=South America,geography,0.0
primary_total_co2,M0star,CAN,spatial_block=South America,geography,0.0
primary_total_co2,M0star,CRI,spatial_block=South America,geography,0.0
primary_total_co2,M0star,CUB,spatial_block=South America,geography,0.0
primary_total_co2,M0star,DOM,spatial_block=South America,geography,0.0
primary_total_co2,M0star,SLV,spatial_block=South America,geography,0.0
primary_total_co2,M0star,GTM,spatial_block=South America,geography,0.0
primary_total_co2,M0star,HTI,spatial_block=South America,geography,0.0
primary_total_co2,M0star,HND,spatial_block=South America,geography,0.0
primary_total_co2,M0star,JAM,spatial_block=South America,geography,0.0
primary_total_co2,M0star,MEX,spatial_block=South America,geography,0.0
primary_total_co2,M0star,NIC,spatial_block=South America,geography,0.0
primary_total_co2,M0star,PAN,spatial_block=South America,geography,0.0
primary_total_co2,M0star,USA,spatial_block=South America,geography,0.0
primary_total_co2,M0star,AUS,spatial_block=South America,geography,0.0
primary_total_co2,M0star,NZL,spatial_block=South America,geography,0.0
primary_total_co2,M0star,PNG,spatial_block=South America,geography,0.0
primary_total_co2,M0star,ARG,spatial_block=South America,geography,1.0
primary_total_co2,M0star,BOL,spatial_block=South America,geography,1.0
primary_total_co2,M0star,BRA,spatial_block=South America,geography,1.0
primary_total_co2,M0star,CHL,spatial_block=South America,geography,1.0
primary_total_co2,M0star,COL,spatial_block=South America,geography,1.0
primary_total_co2,M0star,ECU,spatial_block=South America,geography,1.0
primary_total_co2,M0star,PRY,spatial_block=South America,geography,1.0
primary_total_co2,M0star,PER,spatial_block=South America,geography,1.0
primary_total_co2,M0star,SUR,spatial_block=South America,geography,1.0
primary_total_co2,M0star,URY,spatial_block=South America,geography,1.0
primary_total_co2,M0star,VEN,spatial_block=South America,geography,1.0
primary_total_co2,M0star,DZA,income_group=Low-income countries,socioeconomic,0.0
primary_total_co2,M0star,AGO,income_group=Low-income countries,socioeconomic,0.0
primary_total_co2,M0star,BEN,income_group=Low-income countries,socioeconomic,0.0
primary_total_co2,M0star,BWA,income_group=Low-income countries,socioeconomic,0.0
primary_total_co2,M0star,BFA,income_group=Low-income countries,socioeconomic,1.0
primary_total_co2,M0star,BDI,income_group=Low-income countries,socioeconomic,1.0
primary_total_co2,M0star,CMR,income_group=Low-income countries,socioeconomic,0.0
primary_total_co2,M0star,CAF,income_group=Low-income countries,socioeconomic,1.0
primary_total_co2,M0star,TCD,income_group=Low-income countries,socioeconomic,1.0
primary_total_co2,M0star,COG,income_group=Low-income countries,socioeconomic,0.0
primary_total_co2,M0star,COD,income_group=Low-income countries,socioeconomic,1.0
primary_total_co2,M0star,CIV,income_group=Low-income countries,socioeconomic,0.0
primary_total_co2,M0star,DJI,income_group=Low-income countries,socioeconomic,0.0
primary_total_co2,M0star,EGY,income_group=Low-income countries,socioeconomic,0.0
primary_total_co2,M0star,GNQ,income_group=Low-income countries,socioeconomic,0.0
primary_total_co2,M0star,ERI,income_group=Low-income countries,socioeconomic,1.0
primary_total_co2,M0star,ETH,income_group=Low-income countries,socioeconomic,1.0
primary_total_co2,M0star,GAB,income_group=Low-income countries,socioeconomic,0.0
primary_total_co2,M0star,GHA,income_group=Low-income countries,socioeconomic,0.0
primary_total_co2,M0star,GIN,income_group=Low-income countries,socioeconomic,0.0
primary_total_co2,M0star,GNB,income_group=Low-income countries,socioeconomic,1.0
primary_total_co2,M0star,KEN,income_group=Low-income countries,socioeconomic,0.0
primary_total_co2,M0star,LSO,income_group=Low-income countries,socioeconomic,0.0
primary_total_co2,M0star,LBR,income_group=Low-income countries,socioeconomic,1.0
primary_total_co2,M0star,LBY,income_group=Low-income countries,socioeconomic,0.0
primary_total_co2,M0star,MDG,income_group=Low-income countries,socioeconomic,1.0
primary_total_co2,M0star,MWI,income_group=Low-income countries,socioeconomic,1.0
primary_total_co2,M0star,MLI,income_group=Low-income countries,socioeconomic,1.0
primary_total_co2,M0star,MRT,income_group=Low-income countries,socioeconomic,0.0
primary_total_co2,M0star,MAR,income_group=Low-income countries,socioeconomic,0.0
primary_total_co2,M0star,MOZ,income_group=Low-income countries,socioeconomic,1.0
primary_total_co2,M0star,NAM,income_group=Low-income countries,socioeconomic,0.0
primary_total_co2,M0star,NER,income_group=Low-income countries,socioeconomic,1.0
primary_total_co2,M0star,NGA,income_group=Low-income countries,socioeconomic,0.0
primary_total_co2,M0star,RWA,income_group=Low-income countries,socioeconomic,1.0
primary_total_co2,M0star,SEN,income_group=Low-income countries,socioeconomic,0.0
primary_total_co2,M0star,SLE,income_group=Low-income countries,socioeconomic,1.0
primary_total_co2,M0star,SOM,income_group=Low-income countries,socioeconomic,1.0
primary_total_co2,M0star,ZAF,income_group=Low-income countries,socioeconomic,0.0
primary_total_co2,M0star,SDN,income_group=Low-income countries,socioeconomic,1.0
primary_total_co2,M0star,SWZ,income_group=Low-income countries,socioeconomic,0.0
primary_total_co2,M0star,TZA,income_group=Low-income countries,socioeconomic,0.0
primary_total_co2,M0star,TGO,income_group=Low-income countries,socioeconomic,1.0
primary_total_co2,M0star,TUN,income_group=Low-income countries,socioeconomic,0.0
primary_total_co2,M0star,UGA,income_group=Low-income countries,socioeconomic,1.0
primary_total_co2,M0star,ZMB,income_group=Low-income countries,socioeconomic,0.0
primary_total_co2,M0star,ZWE,income_group=Low-income countries,socioeconomic,0.0
primary_total_co2,M0star,AFG,income_group=Low-income countries,socioeconomic,1.0
primary_total_co2,M0star,ARM,income_group=Low-income countries,socioeconomic,0.0
primary_total_co2,M0star,AZE,income_group=Low-income countries,socioeconomic,0.0
primary_total_co2,M0star,BGD,income_group=Low-income countries,socioeconomic,0.0
primary_total_co2,M0star,MMR,income_group=Low-income countries,socioeconomic,0.0
primary_total_co2,M0star,KHM,income_group=Low-income countries,socioeconomic,0.0
primary_total_co2,M0star,CHN,income_group=Low-income countries,socioeconomic,0.0
primary_total_co2,M0star,GEO,income_group=Low-income countries,socioeconomic,0.0
primary_total_co2,M0star,IND,income_group=Low-income countries,socioeconomic,0.0
primary_total_co2,M0star,IDN,income_group=Low-income countries,socioeconomic,0.0
primary_total_co2,M0star,IRN,income_group=Low-income countries,socioeconomic,0.0
primary_total_co2,M0star,IRQ,income_group=Low-income countries,socioeconomic,0.0
primary_total_co2,M0star,ISR,income_group=Low-income countries,socioeconomic,0.0
primary_total_co2,M0star,JPN,income_group=Low-income countries,socioeconomic,0.0
primary_total_co2,M0star,JOR,income_group=Low-income countries,socioeconomic,0.0
primary_total_co2,M0star,KAZ,income_group=Low-income countries,socioeconomic,0.0
primary_total_co2,M0star,LAO,income_group=Low-income countries,socioeconomic,0.0
primary_total_co2,M0star,LBN,income_group=Low-income countries,socioeconomic,0.0
primary_total_co2,M0star,MYS,income_group=Low-income countries,socioeconomic,0.0
primary_total_co2,M0star,MNG,income_group=Low-income countries,socioeconomic,0.0
primary_total_co2,M0star,NPL,income_group=Low-income countries,socioeconomic,0.0
primary_total_co2,M0star,OMN,income_group=Low-income countries,socioeconomic,0.0
primary_total_co2,M0star,PAK,income_group=Low-income countries,socioeconomic,0.0
primary_total_co2,M0star,PHL,income_group=Low-income countries,socioeconomic,0.0
primary_total_co2,M0star,QAT,income_group=Low-income countries,socioeconomic,0.0
primary_total_co2,M0star,SAU,income_group=Low-income countries,socioeconomic,0.0
primary_total_co2,M0star,KOR,income_group=Low-income countries,socioeconomic,0.0
primary_total_co2,M0star,LKA,income_group=Low-income countries,socioeconomic,0.0
primary_total_co2,M0star,SYR,income_group=Low-income countries,socioeconomic,1.0
primary_total_co2,M0star,TWN,income_group=Low-income countries,socioeconomic,0.0
primary_total_co2,M0star,TJK,income_group=Low-income countries,socioeconomic,0.0
primary_total_co2,M0star,THA,income_group=Low-income countries,socioeconomic,0.0
primary_total_co2,M0star,TUR,income_group=Low-income countries,socioeconomic,0.0
primary_total_co2,M0star,TKM,income_group=Low-income countries,socioeconomic,0.0
primary_total_co2,M0star,ARE,income_group=Low-income countries,socioeconomic,0.0
primary_total_co2,M0star,UZB,income_group=Low-income countries,socioeconomic,0.0
primary_total_co2,M0star,VNM,income_group=Low-income countries,socioeconomic,0.0
primary_total_co2,M0star,YEM,income_group=Low-income countries,socioeconomic,1.0
primary_total_co2,M0star,ALB,income_group=Low-income countries,socioeconomic,0.0
primary_total_co2,M0star,AUT,income_group=Low-income countries,socioeconomic,0.0
primary_total_co2,M0star,BLR,income_group=Low-income countries,socioeconomic,0.0
primary_total_co2,M0star,BEL,income_group=Low-income countries,socioeconomic,0.0
primary_total_co2,M0star,BIH,income_group=Low-income countries,socioeconomic,0.0
primary_total_co2,M0star,BGR,income_group=Low-income countries,socioeconomic,0.0
primary_total_co2,M0star,HRV,income_group=Low-income countries,socioeconomic,0.0
primary_total_co2,M0star,CYP,income_group=Low-income countries,socioeconomic,0.0
primary_total_co2,M0star,CZE,income_group=Low-income countries,socioeconomic,0.0
primary_total_co2,M0star,DNK,income_group=Low-income countries,socioeconomic,0.0
primary_total_co2,M0star,EST,income_group=Low-income countries,socioeconomic,0.0
primary_total_co2,M0star,FIN,income_group=Low-income countries,socioeconomic,0.0
primary_total_co2,M0star,FRA,income_group=Low-income countries,socioeconomic,0.0
primary_total_co2,M0star,DEU,income_group=Low-income countries,socioeconomic,0.0
primary_total_co2,M0star,GRC,income_group=Low-income countries,socioeconomic,0.0
primary_total_co2,M0star,HUN,income_group=Low-income countries,socioeconomic,0.0
primary_total_co2,M0star,ISL,income_group=Low-income countries,socioeconomic,0.0
primary_total_co2,M0star,IRL,income_group=Low-income countries,socioeconomic,0.0
primary_total_co2,M0star,ITA,income_group=Low-income countries,socioeconomic,0.0
primary_total_co2,M0star,LVA,income_group=Low-income countries,socioeconomic,0.0
primary_total_co2,M0star,LTU,income_group=Low-income countries,socioeconomic,0.0
primary_total_co2,M0star,MKD,income_group=Low-income countries,socioeconomic,0.0
primary_total_co2,M0star,MDA,income_group=Low-income countries,socioeconomic,0.0
primary_total_co2,M0star,MNE,income_group=Low-income countries,socioeconomic,0.0
primary_total_co2,M0star,NLD,income_group=Low-income countries,socioeconomic,0.0
primary_total_co2,M0star,NOR,income_group=Low-income countries,socioeconomic,0.0
primary_total_co2,M0star,POL,income_group=Low-income countries,socioeconomic,0.0
primary_total_co2,M0star,PRT,income_group=Low-income countries,socioeconomic,0.0
primary_total_co2,M0star,ROU,income_group=Low-income countries,socioeconomic,0.0
primary_total_co2,M0star,RUS,income_group=Low-income countries,socioeconomic,0.0
primary_total_co2,M0star,SRB,income_group=Low-income countries,socioeconomic,0.0
primary_total_co2,M0star,SVK,income_group=Low-income countries,socioeconomic,0.0
primary_total_co2,M0star,SVN,income_group=Low-income countries,socioeconomic,0.0
primary_total_co2,M0star,ESP,income_group=Low-income countries,socioeconomic,0.0
primary_total_co2,M0star,SWE,income_group=Low-income countries,socioeconomic,0.0
primary_total_co2,M0star,CHE,income_group=Low-income countries,socioeconomic,0.0
primary_total_co2,M0star,UKR,income_group=Low-income countries,socioeconomic,0.0
primary_total_co2,M0star,GBR,income_group=Low-income countries,socioeconomic,0.0
primary_total_co2,M0star,BHS,income_group=Low-income countries,socioeconomic,0.0
primary_total_co2,M0star,CAN,income_group=Low-income countries,socioeconomic,0.0
primary_total_co2,M0star,CRI,income_group=Low-income countries,socioeconomic,0.0
primary_total_co2,M0star,CUB,income_group=Low-income countries,socioeconomic,0.0
primary_total_co2,M0star,DOM,income_group=Low-income countries,socioeconomic,0.0
primary_total_co2,M0star,SLV,income_group=Low-income countries,socioeconomic,0.0
primary_total_co2,M0star,GTM,income_group=Low-income countries,socioeconomic,0.0
primary_total_co2,M0star,HTI,income_group=Low-income countries,socioeconomic,0.0
primary_total_co2,M0star,HND,income_group=Low-income countries,socioeconomic,0.0
primary_total_co2,M0star,JAM,income_group=Low-income countries,socioeconomic,0.0
primary_total_co2,M0star,MEX,income_group=Low-income countries,socioeconomic,0.0
primary_total_co2,M0star,NIC,income_group=Low-income countries,socioeconomic,0.0
primary_total_co2,M0star,PAN,income_group=Low-income countries,socioeconomic,0.0
primary_total_co2,M0star,USA,income_group=Low-income countries,socioeconomic,0.0
primary_total_co2,M0star,AUS,income_group=Low-income countries,socioeconomic,0.0
primary_total_co2,M0star,NZL,income_group=Low-income countries,socioeconomic,0.0
primary_total_co2,M0star,PNG,income_group=Low-income countries,socioeconomic,0.0
primary_total_co2,M0star,ARG,income_group=Low-income countries,socioeconomic,0.0
primary_total_co2,M0star,BOL,income_group=Low-income countries,socioeconomic,0.0
primary_total_co2,M0star,BRA,income_group=Low-income countries,socioeconomic,0.0
primary_total_co2,M0star,CHL,income_group=Low-income countries,socioeconomic,0.0
primary_total_co2,M0star,COL,income_group=Low-income countries,socioeconomic,0.0
primary_total_co2,M0star,ECU,income_group=Low-income countries,socioeconomic,0.0
primary_total_co2,M0star,PRY,income_group=Low-income countries,socioeconomic,0.0
primary_total_co2,M0star,PER,income_group=Low-income countries,socioeconomic,0.0
primary_total_co2,M0star,SUR,income_group=Low-income countries,socioeconomic,0.0
primary_total_co2,M0star,URY,income_group=Low-income countries,socioeconomic,0.0
primary_total_co2,M0star,VEN,income_group=Low-income countries,socioeconomic,0.0
primary_total_co2,M0star,DZA,income_group=Lower-middle-income countries,socioeconomic,0.0
primary_total_co2,M0star,AGO,income_group=Lower-middle-income countries,socioeconomic,1.0
primary_total_co2,M0star,BEN,income_group=Lower-middle-income countries,socioeconomic,1.0
primary_total_co2,M0star,BWA,income_group=Lower-middle-income countries,socioeconomic,0.0
primary_total_co2,M0star,BFA,income_group=Lower-middle-income countries,socioeconomic,0.0
primary_total_co2,M0star,BDI,income_group=Lower-middle-income countries,socioeconomic,0.0
primary_total_co2,M0star,CMR,income_group=Lower-middle-income countries,socioeconomic,1.0
primary_total_co2,M0star,CAF,income_group=Lower-middle-income countries,socioeconomic,0.0
primary_total_co2,M0star,TCD,income_group=Lower-middle-income countries,socioeconomic,0.0
primary_total_co2,M0star,COG,income_group=Lower-middle-income countries,socioeconomic,1.0
primary_total_co2,M0star,COD,income_group=Lower-middle-income countries,socioeconomic,0.0
primary_total_co2,M0star,CIV,income_group=Lower-middle-income countries,socioeconomic,1.0
primary_total_co2,M0star,DJI,income_group=Lower-middle-income countries,socioeconomic,1.0
primary_total_co2,M0star,EGY,income_group=Lower-middle-income countries,socioeconomic,1.0
primary_total_co2,M0star,GNQ,income_group=Lower-middle-income countries,socioeconomic,0.0
primary_total_co2,M0star,ERI,income_group=Lower-middle-income countries,socioeconomic,0.0
primary_total_co2,M0star,ETH,income_group=Lower-middle-income countries,socioeconomic,0.0
primary_total_co2,M0star,GAB,income_group=Lower-middle-income countries,socioeconomic,0.0
primary_total_co2,M0star,GHA,income_group=Lower-middle-income countries,socioeconomic,1.0
primary_total_co2,M0star,GIN,income_group=Lower-middle-income countries,socioeconomic,1.0
primary_total_co2,M0star,GNB,income_group=Lower-middle-income countries,socioeconomic,0.0
primary_total_co2,M0star,KEN,income_group=Lower-middle-income countries,socioeconomic,1.0
primary_total_co2,M0star,LSO,income_group=Lower-middle-income countries,socioeconomic,1.0
primary_total_co2,M0star,LBR,income_group=Lower-middle-income countries,socioeconomic,0.0
primary_total_co2,M0star,LBY,income_group=Lower-middle-income countries,socioeconomic,0.0
primary_total_co2,M0star,MDG,income_group=Lower-middle-income countries,socioeconomic,0.0
primary_total_co2,M0star,MWI,income_group=Lower-middle-income countries,socioeconomic,0.0
primary_total_co2,M0star,MLI,income_group=Lower-middle-income countries,socioeconomic,0.0
primary_total_co2,M0star,MRT,income_group=Lower-middle-income countries,socioeconomic,1.0
primary_total_co2,M0star,MAR,income_group=Lower-middle-income countries,socioeconomic,1.0
primary_total_co2,M0star,MOZ,income_group=Lower-middle-income countries,socioeconomic,0.0
primary_total_co2,M0star,NAM,income_group=Lower-middle-income countries,socioeconomic,1.0
primary_total_co2,M0star,NER,income_group=Lower-middle-income countries,socioeconomic,0.0
primary_total_co2,M0star,NGA,income_group=Lower-middle-income countries,socioeconomic,1.0
primary_total_co2,M0star,RWA,income_group=Lower-middle-income countries,socioeconomic,0.0
primary_total_co2,M0star,SEN,income_group=Lower-middle-income countries,socioeconomic,1.0
primary_total_co2,M0star,SLE,income_group=Lower-middle-income countries,socioeconomic,0.0
primary_total_co2,M0star,SOM,income_group=Lower-middle-income countries,socioeconomic,0.0
primary_total_co2,M0star,ZAF,income_group=Lower-middle-income countries,socioeconomic,0.0
primary_total_co2,M0star,SDN,income_group=Lower-middle-income countries,socioeconomic,0.0
primary_total_co2,M0star,SWZ,income_group=Lower-middle-income countries,socioeconomic,1.0
primary_total_co2,M0star,TZA,income_group=Lower-middle-income countries,socioeconomic,1.0
primary_total_co2,M0star,TGO,income_group=Lower-middle-income countries,socioeconomic,0.0
primary_total_co2,M0star,TUN,income_group=Lower-middle-income countries,socioeconomic,1.0
primary_total_co2,M0star,UGA,income_group=Lower-middle-income countries,socioeconomic,0.0
primary_total_co2,M0star,ZMB,income_group=Lower-middle-income countries,socioeconomic,1.0
primary_total_co2,M0star,ZWE,income_group=Lower-middle-income countries,socioeconomic,1.0
primary_total_co2,M0star,AFG,income_group=Lower-middle-income countries,socioeconomic,0.0
primary_total_co2,M0star,ARM,income_group=Lower-middle-income countries,socioeconomic,0.0
primary_total_co2,M0star,AZE,income_group=Lower-middle-income countries,socioeconomic,0.0
primary_total_co2,M0star,BGD,income_group=Lower-middle-income countries,socioeconomic,1.0
primary_total_co2,M0star,MMR,income_group=Lower-middle-income countries,socioeconomic,1.0
primary_total_co2,M0star,KHM,income_group=Lower-middle-income countries,socioeconomic,1.0
primary_total_co2,M0star,CHN,income_group=Lower-middle-income countries,socioeconomic,0.0
primary_total_co2,M0star,GEO,income_group=Lower-middle-income countries,socioeconomic,0.0
primary_total_co2,M0star,IND,income_group=Lower-middle-income countries,socioeconomic,1.0
primary_total_co2,M0star,IDN,income_group=Lower-middle-income countries,socioeconomic,0.0
primary_total_co2,M0star,IRN,income_group=Lower-middle-income countries,socioeconomic,0.0
primary_total_co2,M0star,IRQ,income_group=Lower-middle-income countries,socioeconomic,0.0
primary_total_co2,M0star,ISR,income_group=Lower-middle-income countries,socioeconomic,0.0
primary_total_co2,M0star,JPN,income_group=Lower-middle-income countries,socioeconomic,0.0
primary_total_co2,M0star,JOR,income_group=Lower-middle-income countries,socioeconomic,1.0
primary_total_co2,M0star,KAZ,income_group=Lower-middle-income countries,socioeconomic,0.0
primary_total_co2,M0star,LAO,income_group=Lower-middle-income countries,socioeconomic,1.0
primary_total_co2,M0star,LBN,income_group=Lower-middle-income countries,socioeconomic,1.0
primary_total_co2,M0star,MYS,income_group=Lower-middle-income countries,socioeconomic,0.0
primary_total_co2,M0star,MNG,income_group=Lower-middle-income countries,socioeconomic,0.0
primary_total_co2,M0star,NPL,income_group=Lower-middle-income countries,socioeconomic,1.0
primary_total_co2,M0star,OMN,income_group=Lower-middle-income countries,socioeconomic,0.0
primary_total_co2,M0star,PAK,income_group=Lower-middle-income countries,socioeconomic,1.0
primary_total_co2,M0star,PHL,income_group=Lower-middle-income countries,socioeconomic,1.0
primary_total_co2,M0star,QAT,income_group=Lower-middle-income countries,socioeconomic,0.0
primary_total_co2,M0star,SAU,income_group=Lower-middle-income countries,socioeconomic,0.0
primary_total_co2,M0star,KOR,income_group=Lower-middle-income countries,socioeconomic,0.0
primary_total_co2,M0star,LKA,income_group=Lower-middle-income countries,socioeconomic,1.0
primary_total_co2,M0star,SYR,income_group=Lower-middle-income countries,socioeconomic,0.0
primary_total_co2,M0star,TWN,income_group=Lower-middle-income countries,socioeconomic,0.0
primary_total_co2,M0star,TJK,income_group=Lower-middle-income countries,socioeconomic,1.0
primary_total_co2,M0star,THA,income_group=Lower-middle-income countries,socioeconomic,0.0
primary_total_co2,M0star,TUR,income_group=Lower-middle-income countries,socioeconomic,0.0
primary_total_co2,M0star,TKM,income_group=Lower-middle-income countries,socioeconomic,0.0
primary_total_co2,M0star,ARE,income_group=Lower-middle-income countries,socioeconomic,0.0
primary_total_co2,M0star,UZB,income_group=Lower-middle-income countries,socioeconomic,1.0
primary_total_co2,M0star,VNM,income_group=Lower-middle-income countries,socioeconomic,1.0
primary_total_co2,M0star,YEM,income_group=Lower-middle-income countries,socioeconomic,0.0
primary_total_co2,M0star,ALB,income_group=Lower-middle-income countries,socioeconomic,0.0
primary_total_co2,M0star,AUT,income_group=Lower-middle-income countries,socioeconomic,0.0
primary_total_co2,M0star,BLR,income_group=Lower-middle-income countries,socioeconomic,0.0
primary_total_co2,M0star,BEL,income_group=Lower-middle-income countries,socioeconomic,0.0
primary_total_co2,M0star,BIH,income_group=Lower-middle-income countries,socioeconomic,0.0
primary_total_co2,M0star,BGR,income_group=Lower-middle-income countries,socioeconomic,0.0
primary_total_co2,M0star,HRV,income_group=Lower-middle-income countries,socioeconomic,0.0
primary_total_co2,M0star,CYP,income_group=Lower-middle-income countries,socioeconomic,0.0
primary_total_co2,M0star,CZE,income_group=Lower-middle-income countries,socioeconomic,0.0
primary_total_co2,M0star,DNK,income_group=Lower-middle-income countries,socioeconomic,0.0
primary_total_co2,M0star,EST,income_group=Lower-middle-income countries,socioeconomic,0.0
primary_total_co2,M0star,FIN,income_group=Lower-middle-income countries,socioeconomic,0.0
primary_total_co2,M0star,FRA,income_group=Lower-middle-income countries,socioeconomic,0.0
primary_total_co2,M0star,DEU,income_group=Lower-middle-income countries,socioeconomic,0.0
primary_total_co2,M0star,GRC,income_group=Lower-middle-income countries,socioeconomic,0.0
primary_total_co2,M0star,HUN,income_group=Lower-middle-income countries,socioeconomic,0.0
primary_total_co2,M0star,ISL,income_group=Lower-middle-income countries,socioeconomic,0.0
primary_total_co2,M0star,IRL,income_group=Lower-middle-income countries,socioeconomic,0.0
primary_total_co2,M0star,ITA,income_group=Lower-middle-income countries,socioeconomic,0.0
primary_total_co2,M0star,LVA,income_group=Lower-middle-income countries,socioeconomic,0.0
primary_total_co2,M0star,LTU,income_group=Lower-middle-income countries,socioeconomic,0.0
primary_total_co2,M0star,MKD,income_group=Lower-middle-income countries,socioeconomic,0.0
primary_total_co2,M0star,MDA,income_group=Lower-middle-income countries,socioeconomic,0.0
primary_total_co2,M0star,MNE,income_group=Lower-middle-income countries,socioeconomic,0.0
primary_total_co2,M0star,NLD,income_group=Lower-middle-income countries,socioeconomic,0.0
primary_total_co2,M0star,NOR,income_group=Lower-middle-income countries,socioeconomic,0.0
primary_total_co2,M0star,POL,income_group=Lower-middle-income countries,socioeconomic,0.0
primary_total_co2,M0star,PRT,income_group=Lower-middle-income countries,socioeconomic,0.0
primary_total_co2,M0star,ROU,income_group=Lower-middle-income countries,socioeconomic,0.0
primary_total_co2,M0star,RUS,income_group=Lower-middle-income countries,socioeconomic,0.0
primary_total_co2,M0star,SRB,income_group=Lower-middle-income countries,socioeconomic,0.0
primary_total_co2,M0star,SVK,income_group=Lower-middle-income countries,socioeconomic,0.0
primary_total_co2,M0star,SVN,income_group=Lower-middle-income countries,socioeconomic,0.0
primary_total_co2,M0star,ESP,income_group=Lower-middle-income countries,socioeconomic,0.0
primary_total_co2,M0star,SWE,income_group=Lower-middle-income countries,socioeconomic,0.0
primary_total_co2,M0star,CHE,income_group=Lower-middle-income countries,socioeconomic,0.0
primary_total_co2,M0star,UKR,income_group=Lower-middle-income countries,socioeconomic,0.0
primary_total_co2,M0star,GBR,income_group=Lower-middle-income countries,socioeconomic,0.0
primary_total_co2,M0star,BHS,income_group=Lower-middle-income countries,socioeconomic,0.0
primary_total_co2,M0star,CAN,income_group=Lower-middle-income countries,socioeconomic,0.0
primary_total_co2,M0star,CRI,income_group=Lower-middle-income countries,socioeconomic,0.0
primary_total_co2,M0star,CUB,income_group=Lower-middle-income countries,socioeconomic,0.0
primary_total_co2,M0star,DOM,income_group=Lower-middle-income countries,socioeconomic,0.0
primary_total_co2,M0star,SLV,income_group=Lower-middle-income countries,socioeconomic,0.0
primary_total_co2,M0star,GTM,income_group=Lower-middle-income countries,socioeconomic,0.0
primary_total_co2,M0star,HTI,income_group=Lower-middle-income countries,socioeconomic,1.0
primary_total_co2,M0star,HND,income_group=Lower-middle-income countries,socioeconomic,1.0
primary_total_co2,M0star,JAM,income_group=Lower-middle-income countries,socioeconomic,0.0
primary_total_co2,M0star,MEX,income_group=Lower-middle-income countries,socioeconomic,0.0
primary_total_co2,M0star,NIC,income_group=Lower-middle-income countries,socioeconomic,1.0
primary_total_co2,M0star,PAN,income_group=Lower-middle-income countries,socioeconomic,0.0
primary_total_co2,M0star,USA,income_group=Lower-middle-income countries,socioeconomic,0.0
primary_total_co2,M0star,AUS,income_group=Lower-middle-income countries,socioeconomic,0.0
primary_total_co2,M0star,NZL,income_group=Lower-middle-income countries,socioeconomic,0.0
primary_total_co2,M0star,PNG,income_group=Lower-middle-income countries,socioeconomic,1.0
primary_total_co2,M0star,ARG,income_group=Lower-middle-income countries,socioeconomic,0.0
primary_total_co2,M0star,BOL,income_group=Lower-middle-income countries,socioeconomic,1.0
primary_total_co2,M0star,BRA,income_group=Lower-middle-income countries,socioeconomic,0.0
primary_total_co2,M0star,CHL,income_group=Lower-middle-income countries,socioeconomic,0.0
primary_total_co2,M0star,COL,income_group=Lower-middle-income countries,socioeconomic,0.0
primary_total_co2,M0star,ECU,income_group=Lower-middle-income countries,socioeconomic,0.0
primary_total_co2,M0star,PRY,income_group=Lower-middle-income countries,socioeconomic,0.0
primary_total_co2,M0star,PER,income_group=Lower-middle-income countries,socioeconomic,0.0
primary_total_co2,M0star,SUR,income_group=Lower-middle-income countries,socioeconomic,0.0
primary_total_co2,M0star,URY,income_group=Lower-middle-income countries,socioeconomic,0.0
primary_total_co2,M0star,VEN,income_group=Lower-middle-income countries,socioeconomic,0.0
primary_total_co2,M0star,DZA,income_group=Upper-middle-income countries,socioeconomic,1.0
primary_total_co2,M0star,AGO,income_group=Upper-middle-income countries,socioeconomic,0.0
primary_total_co2,M0star,BEN,income_group=Upper-middle-income countries,socioeconomic,0.0
primary_total_co2,M0star,BWA,income_group=Upper-middle-income countries,socioeconomic,1.0
primary_total_co2,M0star,BFA,income_group=Upper-middle-income countries,socioeconomic,0.0
primary_total_co2,M0star,BDI,income_group=Upper-middle-income countries,socioeconomic,0.0
primary_total_co2,M0star,CMR,income_group=Upper-middle-income countries,socioeconomic,0.0
primary_total_co2,M0star,CAF,income_group=Upper-middle-income countries,socioeconomic,0.0
primary_total_co2,M0star,TCD,income_group=Upper-middle-income countries,socioeconomic,0.0
primary_total_co2,M0star,COG,income_group=Upper-middle-income countries,socioeconomic,0.0
primary_total_co2,M0star,COD,income_group=Upper-middle-income countries,socioeconomic,0.0
primary_total_co2,M0star,CIV,income_group=Upper-middle-income countries,socioeconomic,0.0
primary_total_co2,M0star,DJI,income_group=Upper-middle-income countries,socioeconomic,0.0
primary_total_co2,M0star,EGY,income_group=Upper-middle-income countries,socioeconomic,0.0
primary_total_co2,M0star,GNQ,income_group=Upper-middle-income countries,socioeconomic,1.0
primary_total_co2,M0star,ERI,income_group=Upper-middle-income countries,socioeconomic,0.0
primary_total_co2,M0star,ETH,income_group=Upper-middle-income countries,socioeconomic,0.0
primary_total_co2,M0star,GAB,income_group=Upper-middle-income countries,socioeconomic,1.0
primary_total_co2,M0star,GHA,income_group=Upper-middle-income countries,socioeconomic,0.0
primary_total_co2,M0star,GIN,income_group=Upper-middle-income countries,socioeconomic,0.0
primary_total_co2,M0star,GNB,income_group=Upper-middle-income countries,socioeconomic,0.0
primary_total_co2,M0star,KEN,income_group=Upper-middle-income countries,socioeconomic,0.0
primary_total_co2,M0star,LSO,income_group=Upper-middle-income countries,socioeconomic,0.0
primary_total_co2,M0star,LBR,income_group=Upper-middle-income countries,socioeconomic,0.0
primary_total_co2,M0star,LBY,income_group=Upper-middle-income countries,socioeconomic,1.0
primary_total_co2,M0star,MDG,income_group=Upper-middle-income countries,socioeconomic,0.0
primary_total_co2,M0star,MWI,income_group=Upper-middle-income countries,socioeconomic,0.0
primary_total_co2,M0star,MLI,income_group=Upper-middle-income countries,socioeconomic,0.0
primary_total_co2,M0star,MRT,income_group=Upper-middle-income countries,socioeconomic,0.0
primary_total_co2,M0star,MAR,income_group=Upper-middle-income countries,socioeconomic,0.0
primary_total_co2,M0star,MOZ,income_group=Upper-middle-income countries,socioeconomic,0.0
primary_total_co2,M0star,NAM,income_group=Upper-middle-income countries,socioeconomic,0.0
primary_total_co2,M0star,NER,income_group=Upper-middle-income countries,socioeconomic,0.0
primary_total_co2,M0star,NGA,income_group=Upper-middle-income countries,socioeconomic,0.0
primary_total_co2,M0star,RWA,income_group=Upper-middle-income countries,socioeconomic,0.0
primary_total_co2,M0star,SEN,income_group=Upper-middle-income countries,socioeconomic,0.0
primary_total_co2,M0star,SLE,income_group=Upper-middle-income countries,socioeconomic,0.0
primary_total_co2,M0star,SOM,income_group=Upper-middle-income countries,socioeconomic,0.0
primary_total_co2,M0star,ZAF,income_group=Upper-middle-income countries,socioeconomic,1.0
primary_total_co2,M0star,SDN,income_group=Upper-middle-income countries,socioeconomic,0.0
primary_total_co2,M0star,SWZ,income_group=Upper-middle-income countries,socioeconomic,0.0
primary_total_co2,M0star,TZA,income_group=Upper-middle-income countries,socioeconomic,0.0
primary_total_co2,M0star,TGO,income_group=Upper-middle-income countries,socioeconomic,0.0
primary_total_co2,M0star,TUN,income_group=Upper-middle-income countries,socioeconomic,0.0
primary_total_co2,M0star,UGA,income_group=Upper-middle-income countries,socioeconomic,0.0
primary_total_co2,M0star,ZMB,income_group=Upper-middle-income countries,socioeconomic,0.0
primary_total_co2,M0star,ZWE,income_group=Upper-middle-income countries,socioeconomic,0.0
primary_total_co2,M0star,AFG,income_group=Upper-middle-income countries,socioeconomic,0.0
primary_total_co2,M0star,ARM,income_group=Upper-middle-income countries,socioeconomic,1.0
primary_total_co2,M0star,AZE,income_group=Upper-middle-income countries,socioeconomic,1.0
primary_total_co2,M0star,BGD,income_group=Upper-middle-income countries,socioeconomic,0.0
primary_total_co2,M0star,MMR,income_group=Upper-middle-income countries,socioeconomic,0.0
primary_total_co2,M0star,KHM,income_group=Upper-middle-income countries,socioeconomic,0.0
primary_total_co2,M0star,CHN,income_group=Upper-middle-income countries,socioeconomic,1.0
primary_total_co2,M0star,GEO,income_group=Upper-middle-income countries,socioeconomic,1.0
primary_total_co2,M0star,IND,income_group=Upper-middle-income countries,socioeconomic,0.0
primary_total_co2,M0star,IDN,income_group=Upper-middle-income countries,socioeconomic,1.0
primary_total_co2,M0star,IRN,income_group=Upper-middle-income countries,socioeconomic,1.0
primary_total_co2,M0star,IRQ,income_group=Upper-middle-income countries,socioeconomic,1.0
primary_total_co2,M0star,ISR,income_group=Upper-middle-income countries,socioeconomic,0.0
primary_total_co2,M0star,JPN,income_group=Upper-middle-income countries,socioeconomic,0.0
primary_total_co2,M0star,JOR,income_group=Upper-middle-income countries,socioeconomic,0.0
primary_total_co2,M0star,KAZ,income_group=Upper-middle-income countries,socioeconomic,1.0
primary_total_co2,M0star,LAO,income_group=Upper-middle-income countries,socioeconomic,0.0
primary_total_co2,M0star,LBN,income_group=Upper-middle-income countries,socioeconomic,0.0
primary_total_co2,M0star,MYS,income_group=Upper-middle-income countries,socioeconomic,1.0
primary_total_co2,M0star,MNG,income_group=Upper-middle-income countries,socioeconomic,1.0
primary_total_co2,M0star,NPL,income_group=Upper-middle-income countries,socioeconomic,0.0
primary_total_co2,M0star,OMN,income_group=Upper-middle-income countries,socioeconomic,0.0
primary_total_co2,M0star,PAK,income_group=Upper-middle-income countries,socioeconomic,0.0
primary_total_co2,M0star,PHL,income_group=Upper-middle-income countries,socioeconomic,0.0
primary_total_co2,M0star,QAT,income_group=Upper-middle-income countries,socioeconomic,0.0
primary_total_co2,M0star,SAU,income_group=Upper-middle-income countries,socioeconomic,0.0
primary_total_co2,M0star,KOR,income_group=Upper-middle-income countries,socioeconomic,0.0
primary_total_co2,M0star,LKA,income_group=Upper-middle-income countries,socioeconomic,0.0
primary_total_co2,M0star,SYR,income_group=Upper-middle-income countries,socioeconomic,0.0
primary_total_co2,M0star,TWN,income_group=Upper-middle-income countries,socioeconomic,0.0
primary_total_co2,M0star,TJK,income_group=Upper-middle-income countries,socioeconomic,0.0
primary_total_co2,M0star,THA,income_group=Upper-middle-income countries,socioeconomic,1.0
primary_total_co2,M0star,TUR,income_group=Upper-middle-income countries,socioeconomic,1.0
primary_total_co2,M0star,TKM,income_group=Upper-middle-income countries,socioeconomic,1.0
primary_total_co2,M0star,ARE,income_group=Upper-middle-income countries,socioeconomic,0.0
primary_total_co2,M0star,UZB,income_group=Upper-middle-income countries,socioeconomic,0.0
primary_total_co2,M0star,VNM,income_group=Upper-middle-income countries,socioeconomic,0.0
primary_total_co2,M0star,YEM,income_group=Upper-middle-income countries,socioeconomic,0.0
primary_total_co2,M0star,ALB,income_group=Upper-middle-income countries,socioeconomic,1.0
primary_total_co2,M0star,AUT,income_group=Upper-middle-income countries,socioeconomic,0.0
primary_total_co2,M0star,BLR,income_group=Upper-middle-income countries,socioeconomic,1.0
primary_total_co2,M0star,BEL,income_group=Upper-middle-income countries,socioeconomic,0.0
primary_total_co2,M0star,BIH,income_group=Upper-middle-income countries,socioeconomic,1.0
primary_total_co2,M0star,BGR,income_group=Upper-middle-income countries,socioeconomic,0.0
primary_total_co2,M0star,HRV,income_group=Upper-middle-income countries,socioeconomic,0.0
primary_total_co2,M0star,CYP,income_group=Upper-middle-income countries,socioeconomic,0.0
primary_total_co2,M0star,CZE,income_group=Upper-middle-income countries,socioeconomic,0.0
primary_total_co2,M0star,DNK,income_group=Upper-middle-income countries,socioeconomic,0.0
primary_total_co2,M0star,EST,income_group=Upper-middle-income countries,socioeconomic,0.0
primary_total_co2,M0star,FIN,income_group=Upper-middle-income countries,socioeconomic,0.0
primary_total_co2,M0star,FRA,income_group=Upper-middle-income countries,socioeconomic,0.0
primary_total_co2,M0star,DEU,income_group=Upper-middle-income countries,socioeconomic,0.0
primary_total_co2,M0star,GRC,income_group=Upper-middle-income countries,socioeconomic,0.0
primary_total_co2,M0star,HUN,income_group=Upper-middle-income countries,socioeconomic,0.0
primary_total_co2,M0star,ISL,income_group=Upper-middle-income countries,socioeconomic,0.0
primary_total_co2,M0star,IRL,income_group=Upper-middle-income countries,socioeconomic,0.0
primary_total_co2,M0star,ITA,income_group=Upper-middle-income countries,socioeconomic,0.0
primary_total_co2,M0star,LVA,income_group=Upper-middle-income countries,socioeconomic,0.0
primary_total_co2,M0star,LTU,income_group=Upper-middle-income countries,socioeconomic,0.0
primary_total_co2,M0star,MKD,income_group=Upper-middle-income countries,socioeconomic,1.0
primary_total_co2,M0star,MDA,income_group=Upper-middle-income countries,socioeconomic,1.0
primary_total_co2,M0star,MNE,income_group=Upper-middle-income countries,socioeconomic,1.0
primary_total_co2,M0star,NLD,income_group=Upper-middle-income countries,socioeconomic,0.0
primary_total_co2,M0star,NOR,income_group=Upper-middle-income countries,socioeconomic,0.0
primary_total_co2,M0star,POL,income_group=Upper-middle-income countries,socioeconomic,0.0
primary_total_co2,M0star,PRT,income_group=Upper-middle-income countries,socioeconomic,0.0
primary_total_co2,M0star,ROU,income_group=Upper-middle-income countries,socioeconomic,0.0
primary_total_co2,M0star,RUS,income_group=Upper-middle-income countries,socioeconomic,0.0
primary_total_co2,M0star,SRB,income_group=Upper-middle-income countries,socioeconomic,1.0
primary_total_co2,M0star,SVK,income_group=Upper-middle-income countries,socioeconomic,0.0
primary_total_co2,M0star,SVN,income_group=Upper-middle-income countries,socioeconomic,0.0
primary_total_co2,M0star,ESP,income_group=Upper-middle-income countries,socioeconomic,0.0
primary_total_co2,M0star,SWE,income_group=Upper-middle-income countries,socioeconomic,0.0
primary_total_co2,M0star,CHE,income_group=Upper-middle-income countries,socioeconomic,0.0
primary_total_co2,M0star,UKR,income_group=Upper-middle-income countries,socioeconomic,1.0
primary_total_co2,M0star,GBR,income_group=Upper-middle-income countries,socioeconomic,0.0
primary_total_co2,M0star,BHS,income_group=Upper-middle-income countries,socioeconomic,0.0
primary_total_co2,M0star,CAN,income_group=Upper-middle-income countries,socioeconomic,0.0
primary_total_co2,M0star,CRI,income_group=Upper-middle-income countries,socioeconomic,0.0
primary_total_co2,M0star,CUB,income_group=Upper-middle-income countries,socioeconomic,1.0
primary_total_co2,M0star,DOM,income_group=Upper-middle-income countries,socioeconomic,1.0
primary_total_co2,M0star,SLV,income_group=Upper-middle-income countries,socioeconomic,1.0
primary_total_co2,M0star,GTM,income_group=Upper-middle-income countries,socioeconomic,1.0
primary_total_co2,M0star,HTI,income_group=Upper-middle-income countries,socioeconomic,0.0
primary_total_co2,M0star,HND,income_group=Upper-middle-income countries,socioeconomic,0.0
primary_total_co2,M0star,JAM,income_group=Upper-middle-income countries,socioeconomic,1.0
primary_total_co2,M0star,MEX,income_group=Upper-middle-income countries,socioeconomic,1.0
primary_total_co2,M0star,NIC,income_group=Upper-middle-income countries,socioeconomic,0.0
primary_total_co2,M0star,PAN,income_group=Upper-middle-income countries,socioeconomic,0.0
primary_total_co2,M0star,USA,income_group=Upper-middle-income countries,socioeconomic,0.0
primary_total_co2,M0star,AUS,income_group=Upper-middle-income countries,socioeconomic,0.0
primary_total_co2,M0star,NZL,income_group=Upper-middle-income countries,socioeconomic,0.0
primary_total_co2,M0star,PNG,income_group=Upper-middle-income countries,socioeconomic,0.0
primary_total_co2,M0star,ARG,income_group=Upper-middle-income countries,socioeconomic,1.0
primary_total_co2,M0star,BOL,income_group=Upper-middle-income countries,socioeconomic,0.0
primary_total_co2,M0star,BRA,income_group=Upper-middle-income countries,socioeconomic,1.0
primary_total_co2,M0star,CHL,income_group=Upper-middle-income countries,socioeconomic,0.0
primary_total_co2,M0star,COL,income_group=Upper-middle-income countries,socioeconomic,1.0
primary_total_co2,M0star,ECU,income_group=Upper-middle-income countries,socioeconomic,1.0
primary_total_co2,M0star,PRY,income_group=Upper-middle-income countries,socioeconomic,1.0
primary_total_co2,M0star,PER,income_group=Upper-middle-income countries,socioeconomic,1.0
primary_total_co2,M0star,SUR,income_group=Upper-middle-income countries,socioeconomic,1.0
primary_total_co2,M0star,URY,income_group=Upper-middle-income countries,socioeconomic,0.0
primary_total_co2,M0star,VEN,income_group=Upper-middle-income countries,socioeconomic,1.0
primary_total_co2,M0star,DZA,population,population,7.584491521827347
primary_total_co2,M0star,AGO,population,population,7.417730963507243
primary_total_co2,M0star,BEN,population,population,7.0297420648599935
primary_total_co2,M0star,BWA,population,population,6.330553171680173
primary_total_co2,M0star,BFA,population,population,7.247860654170999
primary_total_co2,M0star,BDI,population,population,7.0186732920103205
primary_total_co2,M0star,CMR,population,population,7.330462050412179
primary_total_co2,M0star,CAF,population,population,6.666744709191047
primary_total_co2,M0star,TCD,population,population,7.136437739865217
primary_total_co2,M0star,COG,population,population,6.686377402658246
primary_total_co2,M0star,COD,population,population,7.879608451720629
primary_total_co2,M0star,CIV,population,population,7.379120064336155
primary_total_co2,M0star,DJI,population,population,5.993362592601758
primary_total_co2,M0star,EGY,population,population,7.979245769996698
primary_total_co2,M0star,GNQ,population,population,6.129116038326742
primary_total_co2,M0star,ERI,population,population,6.4877557098004175
primary_total_co2,M0star,ETH,population,population,7.993166099108892
primary_total_co2,M0star,GAB,population,population,6.281728818193019
primary_total_co2,M0star,GHA,population,population,7.437531664455299
primary_total_co2,M0star,GIN,population,population,7.048902812150967
primary_total_co2,M0star,GNB,population,population,6.229420726493306
primary_total_co2,M0star,KEN,population,population,7.653085044116425
primary_total_co2,M0star,LSO,population,population,6.313130614473341
primary_total_co2,M0star,LBR,population,population,6.650331423244434
primary_total_co2,M0star,LBY,population,population,6.7996600175142055
primary_total_co2,M0star,MDG,population,population,7.382184420928162
primary_total_co2,M0star,MWI,population,population,7.208490158076444
primary_total_co2,M0star,MLI,population,population,7.242034762393436
primary_total_co2,M0star,MRT,population,population,6.572211995805804
primary_total_co2,M0star,MAR,population,population,7.528756997026069
primary_total_co2,M0star,MOZ,population,population,7.3988356940534326
primary_total_co2,M0star,NAM,population,population,6.352665763677737
primary_total_co2,M0star,NER,population,population,7.267638613886829
primary_total_co2,M0star,NGA,population,population,8.257797185848496
primary_total_co2,M0star,RWA,population,population,7.045062323893226
primary_total_co2,M0star,SEN,population,population,7.1370646013058385
primary_total_co2,M0star,SLE,population,population,6.82698502393618
primary_total_co2,M0star,SOM,population,population,7.109565015062865
primary_total_co2,M0star,ZAF,population,population,7.737818887453181
primary_total_co2,M0star,SDN,population,population,7.57732921918915
primary_total_co2,M0star,SWZ,population,population,6.05307844348342
primary_total_co2,M0star,TZA,population,population,7.688634548890629
primary_total_co2,M0star,TGO,population,population,6.83243552351168
primary_total_co2,M0star,TUN,population,population,7.046938402296572
primary_total_co2,M0star,UGA,population,population,7.548230291005571
primary_total_co2,M0star,ZMB,population,population,7.1874925189804255
primary_total_co2,M0star,ZWE,population,population,7.146556255999673
primary_total_co2,M0star,AFG,population,population,7.4999990715847
primary_total_co2,M0star,ARM,population,population,6.465758383514392
primary_total_co2,M0star,AZE,population,population,6.97792548243784
primary_total_co2,M0star,BGD,population,population,8.194603506012374
primary_total_co2,M0star,MMR,population,population,7.701245451312068
primary_total_co2,M0star,KHM,population,population,7.180991592732013
primary_total_co2,M0star,CHN,population,population,9.13956679824072
primary_total_co2,M0star,GEO,population,population,6.580825566717042
primary_total_co2,M0star,IND,population,population,9.11254786492971
primary_total_co2,M0star,IDN,population,population,8.407989603823088
primary_total_co2,M0star,IRN,population,population,7.905335386670902
primary_total_co2,M0star,IRQ,population,population,7.547553035610451
primary_total_co2,M0star,ISR,population,population,6.889266341090212
primary_total_co2,M0star,JPN,population,population,8.106271293816295
primary_total_co2,M0star,JOR,population,population,6.902645258961303
primary_total_co2,M0star,KAZ,population,population,7.244437990304228
primary_total_co2,M0star,LAO,population,population,6.820292448116504
primary_total_co2,M0star,LBN,population,population,6.759172164098234
primary_total_co2,M0star,MYS,population,population,7.479636757705204
primary_total_co2,M0star,MNG,population,population,6.4551323135189955
primary_total_co2,M0star,NPL,population,population,7.440751653256151
primary_total_co2,M0star,OMN,population,population,6.5836424801017275
primary_total_co2,M0star,PAK,population,population,8.32443469719558
primary_total_co2,M0star,PHL,population,population,8.008925064275203
primary_total_co2,M0star,QAT,population,population,6.308062604336738
primary_total_co2,M0star,SAU,population,population,7.4475739017888225
primary_total_co2,M0star,KOR,population,population,7.699587722216534
primary_total_co2,M0star,LKA,population,population,7.32957743876949
primary_total_co2,M0star,SYR,population,population,7.335797199842345
primary_total_co2,M0star,TWN,population,population,7.369528844939075
primary_total_co2,M0star,TJK,population,population,6.914699174948477
primary_total_co2,M0star,THA,population,population,7.844136018099344
primary_total_co2,M0star,TUR,population,population,7.883110593585389
primary_total_co2,M0star,TKM,population,population,6.773738772330727
primary_total_co2,M0star,ARE,population,population,6.893864416474685
primary_total_co2,M0star,UZB,population,population,7.473108202341121
primary_total_co2,M0star,VNM,population,population,7.956999246761118
primary_total_co2,M0star,YEM,population,population,7.467059601294319
primary_total_co2,M0star,ALB,population,population,6.463530328570472
primary_total_co2,M0star,AUT,population,population,6.9284681091597955
primary_total_co2,M0star,BLR,population,population,6.976095564773477
primary_total_co2,M0star,BEL,population,population,7.047674973999279
primary_total_co2,M0star,BIH,population,population,6.557610289495604
primary_total_co2,M0star,BGR,population,population,6.861212005284552
primary_total_co2,M0star,HRV,population,population,6.627611921220393
primary_total_co2,M0star,CYP,population,population,6.073314653726718
primary_total_co2,M0star,CZE,population,population,7.021650812201932
primary_total_co2,M0star,DNK,population,population,6.749375515855583
primary_total_co2,M0star,EST,population,population,6.1198890486396085
primary_total_co2,M0star,FIN,population,population,6.735523610140002
primary_total_co2,M0star,FRA,population,population,7.80880315470863
primary_total_co2,M0star,DEU,population,population,7.908707904870466
primary_total_co2,M0star,GRC,population,population,7.040108989417488
primary_total_co2,M0star,HUN,population,population,6.995167484051263
primary_total_co2,M0star,ISL,population,population,5.510398880382385
primary_total_co2,M0star,IRL,population,population,6.665082251000093
primary_total_co2,M0star,ITA,population,population,7.782858473140336
primary_total_co2,M0star,LVA,population,population,6.303844637867393
primary_total_co2,M0star,LTU,population,population,6.471050874954516
primary_total_co2,M0star,MKD,population,population,6.3039041792595025
primary_total_co2,M0star,MDA,population,population,6.532594004296075
primary_total_co2,M0star,MNE,population,population,5.8015402203172535
primary_total_co2,M0star,NLD,population,population,7.229606749201902
primary_total_co2,M0star,NOR,population,population,6.705874484021341
primary_total_co2,M0star,POL,population,population,7.58273664522853
primary_total_co2,M0star,PRT,population,population,7.019460555719498
primary_total_co2,M0star,ROU,population,population,7.302393989899721
primary_total_co2,M0star,RUS,population,population,8.16018062182119
primary_total_co2,M0star,SRB,population,population,6.861903613273627
primary_total_co2,M0star,SVK,population,population,6.733231140360503
primary_total_co2,M0star,SVN,population,population,6.313118577021262
primary_total_co2,M0star,ESP,population,population,7.670805935803977
primary_total_co2,M0star,SWE,population,population,6.982299280319174
primary_total_co2,M0star,CHE,population,population,6.90801288261355
primary_total_co2,M0star,UKR,population,population,7.663952950304367
primary_total_co2,M0star,GBR,population,population,7.8088142837955985
primary_total_co2,M0star,BHS,population,population,5.578589933656245
primary_total_co2,M0star,CAN,population,population,7.547693756671519
primary_total_co2,M0star,CRI,population,population,6.673587885900976
primary_total_co2,M0star,CUB,population,population,7.0530078360659045
primary_total_co2,M0star,DOM,population,population,7.0083377275197964
primary_total_co2,M0star,SLV,population,population,6.788086667995949
primary_total_co2,M0star,GTM,population,population,7.1871635218758545
primary_total_co2,M0star,HTI,population,population,7.009551383824838
primary_total_co2,M0star,HND,population,population,6.948866390665476
primary_total_co2,M0star,JAM,population,population,6.4446207132917905
primary_total_co2,M0star,MEX,population,population,8.073144673581162
primary_total_co2,M0star,NIC,population,population,6.776980843483045
primary_total_co2,M0star,PAN,population,population,6.582669247010581
primary_total_co2,M0star,USA,population,population,8.505300261635066
primary_total_co2,M0star,AUS,population,population,7.366166432923759
primary_total_co2,M0star,NZL,population,population,6.648736269027635
primary_total_co2,M0star,PNG,population,population,6.919219345920554
primary_total_co2,M0star,ARG,population,population,7.6292306757420185
primary_total_co2,M0star,BOL,population,population,7.02867745479857
primary_total_co2,M0star,BRA,population,population,8.297713009593641
primary_total_co2,M0star,CHL,population,population,7.247654323145674
primary_total_co2,M0star,COL,population,population,7.664186601924754
primary_total_co2,M0star,ECU,population,population,7.198853079953566
primary_total_co2,M0star,PRY,population,population,6.776878859778663
primary_total_co2,M0star,PER,population,population,7.474477170440693
primary_total_co2,M0star,SUR,population,population,5.755130584229435
primary_total_co2,M0star,URY,population,population,6.524439614291172
primary_total_co2,M0star,VEN,population,population,7.475848283355976
primary_total_co2,M0star,DZA,station_density,population,0.0
primary_total_co2,M0star,AGO,station_density,population,0.3333333333333333
primary_total_co2,M0star,BEN,station_density,population,1.3333333333333333
primary_total_co2,M0star,BWA,station_density,population,0.0
primary_total_co2,M0star,BFA,station_density,population,0.0
primary_total_co2,M0star,BDI,station_density,population,2.0
primary_total_co2,M0star,CMR,station_density,population,1.8
primary_total_co2,M0star,CAF,station_density,population,0.0
primary_total_co2,M0star,TCD,station_density,population,0.0
primary_total_co2,M0star,COG,station_density,population,1.0
primary_total_co2,M0star,COD,station_density,population,0.4782608695652174
primary_total_co2,M0star,CIV,station_density,population,1.3846153846153846
primary_total_co2,M0star,DJI,station_density,population,0.0
primary_total_co2,M0star,EGY,station_density,population,3.0526315789473686
primary_total_co2,M0star,GNQ,station_density,population,0.5
primary_total_co2,M0star,ERI,station_density,population,0.0
primary_total_co2,M0star,ETH,station_density,population,0.4444444444444444
primary_total_co2,M0star,GAB,station_density,population,0.0
primary_total_co2,M0star,GHA,station_density,population,2.0
primary_total_co2,M0star,GIN,station_density,population,0.25
primary_total_co2,M0star,GNB,station_density,population,0.0
primary_total_co2,M0star,KEN,station_density,population,0.5
primary_total_co2,M0star,LSO,station_density,population,1.0
primary_total_co2,M0star,LBR,station_density,population,0.0
primary_total_co2,M0star,LBY,station_density,population,0.8
primary_total_co2,M0star,MDG,station_density,population,0.0
primary_total_co2,M0star,MWI,station_density,population,0.0
primary_total_co2,M0star,MLI,station_density,population,0.0
primary_total_co2,M0star,MRT,station_density,population,0.0
primary_total_co2,M0star,MAR,station_density,population,1.4
primary_total_co2,M0star,MOZ,station_density,population,0.3333333333333333
primary_total_co2,M0star,NAM,station_density,population,0.0
primary_total_co2,M0star,NER,station_density,population,0.3333333333333333
primary_total_co2,M0star,NGA,station_density,population,6.978021978021978
primary_total_co2,M0star,RWA,station_density,population,1.0
primary_total_co2,M0star,SEN,station_density,population,0.75
primary_total_co2,M0star,SLE,station_density,population,0.5
primary_total_co2,M0star,SOM,station_density,population,0.0
primary_total_co2,M0star,ZAF,station_density,population,6.42
primary_total_co2,M0star,SDN,station_density,population,0.6
primary_total_co2,M0star,SWZ,station_density,population,2.0
primary_total_co2,M0star,TZA,station_density,population,0.4375
primary_total_co2,M0star,TGO,station_density,population,0.0
primary_total_co2,M0star,TUN,station_density,population,1.2
primary_total_co2,M0star,UGA,station_density,population,0.6666666666666666
primary_total_co2,M0star,ZMB,station_density,population,1.875
primary_total_co2,M0star,ZWE,station_density,population,2.0
primary_total_co2,M0star,AFG,station_density,population,0.5
primary_total_co2,M0star,ARM,station_density,population,3.0
primary_total_co2,M0star,AZE,station_density,population,0.0
primary_total_co2,M0star,BGD,station_density,population,7.947368421052632
primary_total_co2,M0star,MMR,station_density,population,1.1
primary_total_co2,M0star,KHM,station_density,population,0.0
primary_total_co2,M0star,CHN,station_density,population,3.623684210526316
primary_total_co2,M0star,GEO,station_density,population,3.0
primary_total_co2,M0star,IND,station_density,population,7.294117647058823
primary_total_co2,M0star,IDN,station_density,population,12.931034482758621
primary_total_co2,M0star,IRN,station_density,population,1.7727272727272727
primary_total_co2,M0star,IRQ,station_density,population,1.5
primary_total_co2,M0star,ISR,station_density,population,4.444444444444445
primary_total_co2,M0star,JPN,station_density,population,29.954285714285714
primary_total_co2,M0star,JOR,station_density,population,7.0
primary_total_co2,M0star,KAZ,station_density,population,0.26666666666666666
primary_total_co2,M0star,LAO,station_density,population,0.0
primary_total_co2,M0star,LBN,station_density,population,3.6666666666666665
primary_total_co2,M0star,MYS,station_density,population,2.9375
primary_total_co2,M0star,MNG,station_density,population,0.0
primary_total_co2,M0star,NPL,station_density,population,4.142857142857143
primary_total_co2,M0star,OMN,station_density,population,0.0
primary_total_co2,M0star,PAK,station_density,population,6.508474576271187
primary_total_co2,M0star,PHL,station_density,population,9.692307692307692
primary_total_co2,M0star,QAT,station_density,population,0.0
primary_total_co2,M0star,SAU,station_density,population,0.0
primary_total_co2,M0star,KOR,station_density,population,0.0
primary_total_co2,M0star,LKA,station_density,population,2.4444444444444446
primary_total_co2,M0star,SYR,station_density,population,3.0
primary_total_co2,M0star,TWN,station_density,population,9.866666666666667
primary_total_co2,M0star,TJK,station_density,population,1.0
primary_total_co2,M0star,THA,station_density,population,2.5714285714285716
primary_total_co2,M0star,TUR,station_density,population,1.3725490196078431
primary_total_co2,M0star,TKM,station_density,population,0.6666666666666666
primary_total_co2,M0star,ARE,station_density,population,2.0
primary_total_co2,M0star,UZB,station_density,population,0.875
primary_total_co2,M0star,VNM,station_density,population,2.433333333333333
primary_total_co2,M0star,YEM,station_density,population,0.0
primary_total_co2,M0star,ALB,station_density,population,2.0
primary_total_co2,M0star,AUT,station_density,population,0.8
primary_total_co2,M0star,BLR,station_density,population,0.5
primary_total_co2,M0star,BEL,station_density,population,7.857142857142857
primary_total_co2,M0star,BIH,station_density,population,2.4
primary_total_co2,M0star,BGR,station_density,population,1.1428571428571428
primary_total_co2,M0star,HRV,station_density,population,1.3333333333333333
primary_total_co2,M0star,CYP,station_density,population,0.0
primary_total_co2,M0star,CZE,station_density,population,4.8
primary_total_co2,M0star,DNK,station_density,population,1.0
primary_total_co2,M0star,EST,station_density,population,0.0
primary_total_co2,M0star,FIN,station_density,population,0.4
primary_total_co2,M0star,FRA,station_density,population,2.1944444444444446
primary_total_co2,M0star,DEU,station_density,population,9.88888888888889
primary_total_co2,M0star,GRC,station_density,population,0.8571428571428571
primary_total_co2,M0star,HUN,station_density,population,2.3333333333333335
primary_total_co2,M0star,ISL,station_density,population,0.0
primary_total_co2,M0star,IRL,station_density,population,0.0
primary_total_co2,M0star,ITA,station_density,population,3.3333333333333335
primary_total_co2,M0star,LVA,station_density,population,1.0
primary_total_co2,M0star,LTU,station_density,population,1.4
primary_total_co2,M0star,MKD,station_density,population,4.0
primary_total_co2,M0star,MDA,station_density,population,2.0
primary_total_co2,M0star,MNE,station_density,population,0.0
primary_total_co2,M0star,NLD,station_density,population,17.875
primary_total_co2,M0star,NOR,station_density,population,0.0
primary_total_co2,M0star,POL,station_density,population,6.605263157894737
primary_total_co2,M0star,PRT,station_density,population,2.5714285714285716
primary_total_co2,M0star,ROU,station_density,population,2.84
primary_total_co2,M0star,RUS,station_density,population,1.7820512820512822
primary_total_co2,M0star,SRB,station_density,population,2.5
primary_total_co2,M0star,SVK,station_density,population,1.5
primary_total_co2,M0star,SVN,station_density,population,2.0
primary_total_co2,M0star,ESP,station_density,population,3.32
primary_total_co2,M0star,SWE,station_density,population,0.4
primary_total_co2,M0star,CHE,station_density,population,4.0
primary_total_co2,M0star,UKR,station_density,population,0.7916666666666666
primary_total_co2,M0star,GBR,station_density,population,10.647058823529411
primary_total_co2,M0star,BHS,station_density,population,0.0
primary_total_co2,M0star,CAN,station_density,population,1.36
primary_total_co2,M0star,CRI,station_density,population,0.0
primary_total_co2,M0star,CUB,station_density,population,1.5714285714285714
primary_total_co2,M0star,DOM,station_density,population,2.888888888888889
primary_total_co2,M0star,SLV,station_density,population,3.3333333333333335
primary_total_co2,M0star,GTM,station_density,population,8.0
primary_total_co2,M0star,HTI,station_density,population,2.4
primary_total_co2,M0star,HND,station_density,population,2.4
primary_total_co2,M0star,JAM,station_density,population,0.6666666666666666
primary_total_co2,M0star,MEX,station_density,population,5.298969072164948
primary_total_co2,M0star,NIC,station_density,population,1.0
primary_total_co2,M0star,PAN,station_density,population,1.0
primary_total_co2,M0star,USA,station_density,population,5.36964980544747
primary_total_co2,M0star,AUS,station_density,population,0.42857142857142855
primary_total_co2,M0star,NZL,station_density,population,0.8888888888888888
primary_total_co2,M0star,PNG,station_density,population,0.0
primary_total_co2,M0star,ARG,station_density,population,0.4375
primary_total_co2,M0star,BOL,station_density,population,0.0
primary_total_co2,M0star,BRA,station_density,population,9.672727272727272
primary_total_co2,M0star,CHL,station_density,population,0.7916666666666666
primary_total_co2,M0star,COL,station_density,population,3.3333333333333335
primary_total_co2,M0star,ECU,station_density,population,1.1538461538461537
primary_total_co2,M0star,PRY,station_density,population,2.6
primary_total_co2,M0star,PER,station_density,population,0.5
primary_total_co2,M0star,SUR,station_density,population,0.0
primary_total_co2,M0star,URY,station_density,population,0.5
primary_total_co2,M0star,VEN,station_density,population,5.075
primary_total_co2,M1b,DZA,intercept,intercept,1.0
primary_total_co2,M1b,AGO,intercept,intercept,1.0
primary_total_co2,M1b,BEN,intercept,intercept,1.0
primary_total_co2,M1b,BWA,intercept,intercept,1.0
primary_total_co2,M1b,BFA,intercept,intercept,1.0
primary_total_co2,M1b,BDI,intercept,intercept,1.0
primary_total_co2,M1b,CMR,intercept,intercept,1.0
primary_total_co2,M1b,CAF,intercept,intercept,1.0
primary_total_co2,M1b,TCD,intercept,intercept,1.0
primary_total_co2,M1b,COG,intercept,intercept,1.0
primary_total_co2,M1b,COD,intercept,intercept,1.0
primary_total_co2,M1b,CIV,intercept,intercept,1.0
primary_total_co2,M1b,DJI,intercept,intercept,1.0
primary_total_co2,M1b,EGY,intercept,intercept,1.0
primary_total_co2,M1b,GNQ,intercept,intercept,1.0
primary_total_co2,M1b,ERI,intercept,intercept,1.0
primary_total_co2,M1b,ETH,intercept,intercept,1.0
primary_total_co2,M1b,GAB,intercept,intercept,1.0
primary_total_co2,M1b,GHA,intercept,intercept,1.0
primary_total_co2,M1b,GIN,intercept,intercept,1.0
primary_total_co2,M1b,GNB,intercept,intercept,1.0
primary_total_co2,M1b,KEN,intercept,intercept,1.0
primary_total_co2,M1b,LSO,intercept,intercept,1.0
primary_total_co2,M1b,LBR,intercept,intercept,1.0
primary_total_co2,M1b,LBY,intercept,intercept,1.0
primary_total_co2,M1b,MDG,intercept,intercept,1.0
primary_total_co2,M1b,MWI,intercept,intercept,1.0
primary_total_co2,M1b,MLI,intercept,intercept,1.0
primary_total_co2,M1b,MRT,intercept,intercept,1.0
primary_total_co2,M1b,MAR,intercept,intercept,1.0
primary_total_co2,M1b,MOZ,intercept,intercept,1.0
primary_total_co2,M1b,NAM,intercept,intercept,1.0
primary_total_co2,M1b,NER,intercept,intercept,1.0
primary_total_co2,M1b,NGA,intercept,intercept,1.0
primary_total_co2,M1b,RWA,intercept,intercept,1.0
primary_total_co2,M1b,SEN,intercept,intercept,1.0
primary_total_co2,M1b,SLE,intercept,intercept,1.0
primary_total_co2,M1b,SOM,intercept,intercept,1.0
primary_total_co2,M1b,ZAF,intercept,intercept,1.0
primary_total_co2,M1b,SDN,intercept,intercept,1.0
primary_total_co2,M1b,SWZ,intercept,intercept,1.0
primary_total_co2,M1b,TZA,intercept,intercept,1.0
primary_total_co2,M1b,TGO,intercept,intercept,1.0
primary_total_co2,M1b,TUN,intercept,intercept,1.0
primary_total_co2,M1b,UGA,intercept,intercept,1.0
primary_total_co2,M1b,ZMB,intercept,intercept,1.0
primary_total_co2,M1b,ZWE,intercept,intercept,1.0
primary_total_co2,M1b,AFG,intercept,intercept,1.0
primary_total_co2,M1b,ARM,intercept,intercept,1.0
primary_total_co2,M1b,AZE,intercept,intercept,1.0
primary_total_co2,M1b,BGD,intercept,intercept,1.0
primary_total_co2,M1b,MMR,intercept,intercept,1.0
primary_total_co2,M1b,KHM,intercept,intercept,1.0
primary_total_co2,M1b,CHN,intercept,intercept,1.0
primary_total_co2,M1b,GEO,intercept,intercept,1.0
primary_total_co2,M1b,IND,intercept,intercept,1.0
primary_total_co2,M1b,IDN,intercept,intercept,1.0
primary_total_co2,M1b,IRN,intercept,intercept,1.0
primary_total_co2,M1b,IRQ,intercept,intercept,1.0
primary_total_co2,M1b,ISR,intercept,intercept,1.0
primary_total_co2,M1b,JPN,intercept,intercept,1.0
primary_total_co2,M1b,JOR,intercept,intercept,1.0
primary_total_co2,M1b,KAZ,intercept,intercept,1.0
primary_total_co2,M1b,LAO,intercept,intercept,1.0
primary_total_co2,M1b,LBN,intercept,intercept,1.0
primary_total_co2,M1b,MYS,intercept,intercept,1.0
primary_total_co2,M1b,MNG,intercept,intercept,1.0
primary_total_co2,M1b,NPL,intercept,intercept,1.0
primary_total_co2,M1b,OMN,intercept,intercept,1.0
primary_total_co2,M1b,PAK,intercept,intercept,1.0
primary_total_co2,M1b,PHL,intercept,intercept,1.0
primary_total_co2,M1b,QAT,intercept,intercept,1.0
primary_total_co2,M1b,SAU,intercept,intercept,1.0
primary_total_co2,M1b,KOR,intercept,intercept,1.0
primary_total_co2,M1b,LKA,intercept,intercept,1.0
primary_total_co2,M1b,SYR,intercept,intercept,1.0
primary_total_co2,M1b,TWN,intercept,intercept,1.0
primary_total_co2,M1b,TJK,intercept,intercept,1.0
primary_total_co2,M1b,THA,intercept,intercept,1.0
primary_total_co2,M1b,TUR,intercept,intercept,1.0
primary_total_co2,M1b,TKM,intercept,intercept,1.0
primary_total_co2,M1b,ARE,intercept,intercept,1.0
primary_total_co2,M1b,UZB,intercept,intercept,1.0
primary_total_co2,M1b,VNM,intercept,intercept,1.0
primary_total_co2,M1b,YEM,intercept,intercept,1.0
primary_total_co2,M1b,ALB,intercept,intercept,1.0
primary_total_co2,M1b,AUT,intercept,intercept,1.0
primary_total_co2,M1b,BLR,intercept,intercept,1.0
primary_total_co2,M1b,BEL,intercept,intercept,1.0
primary_total_co2,M1b,BIH,intercept,intercept,1.0
primary_total_co2,M1b,BGR,intercept,intercept,1.0
primary_total_co2,M1b,HRV,intercept,intercept,1.0
primary_total_co2,M1b,CYP,intercept,intercept,1.0
primary_total_co2,M1b,CZE,intercept,intercept,1.0
primary_total_co2,M1b,DNK,intercept,intercept,1.0
primary_total_co2,M1b,EST,intercept,intercept,1.0
primary_total_co2,M1b,FIN,intercept,intercept,1.0
primary_total_co2,M1b,FRA,intercept,intercept,1.0
primary_total_co2,M1b,DEU,intercept,intercept,1.0
primary_total_co2,M1b,GRC,intercept,intercept,1.0
primary_total_co2,M1b,HUN,intercept,intercept,1.0
primary_total_co2,M1b,ISL,intercept,intercept,1.0
primary_total_co2,M1b,IRL,intercept,intercept,1.0
primary_total_co2,M1b,ITA,intercept,intercept,1.0
primary_total_co2,M1b,LVA,intercept,intercept,1.0
primary_total_co2,M1b,LTU,intercept,intercept,1.0
primary_total_co2,M1b,MKD,intercept,intercept,1.0
primary_total_co2,M1b,MDA,intercept,intercept,1.0
primary_total_co2,M1b,MNE,intercept,intercept,1.0
primary_total_co2,M1b,NLD,intercept,intercept,1.0
primary_total_co2,M1b,NOR,intercept,intercept,1.0
primary_total_co2,M1b,POL,intercept,intercept,1.0
primary_total_co2,M1b,PRT,intercept,intercept,1.0
primary_total_co2,M1b,ROU,intercept,intercept,1.0
primary_total_co2,M1b,RUS,intercept,intercept,1.0
primary_total_co2,M1b,SRB,intercept,intercept,1.0
primary_total_co2,M1b,SVK,intercept,intercept,1.0
primary_total_co2,M1b,SVN,intercept,intercept,1.0
primary_total_co2,M1b,ESP,intercept,intercept,1.0
primary_total_co2,M1b,SWE,intercept,intercept,1.0
primary_total_co2,M1b,CHE,intercept,intercept,1.0
primary_total_co2,M1b,UKR,intercept,intercept,1.0
primary_total_co2,M1b,GBR,intercept,intercept,1.0
primary_total_co2,M1b,BHS,intercept,intercept,1.0
primary_total_co2,M1b,CAN,intercept,intercept,1.0
primary_total_co2,M1b,CRI,intercept,intercept,1.0
primary_total_co2,M1b,CUB,intercept,intercept,1.0
primary_total_co2,M1b,DOM,intercept,intercept,1.0
primary_total_co2,M1b,SLV,intercept,intercept,1.0
primary_total_co2,M1b,GTM,intercept,intercept,1.0
primary_total_co2,M1b,HTI,intercept,intercept,1.0
primary_total_co2,M1b,HND,intercept,intercept,1.0
primary_total_co2,M1b,JAM,intercept,intercept,1.0
primary_total_co2,M1b,MEX,intercept,intercept,1.0
primary_total_co2,M1b,NIC,intercept,intercept,1.0
primary_total_co2,M1b,PAN,intercept,intercept,1.0
primary_total_co2,M1b,USA,intercept,intercept,1.0
primary_total_co2,M1b,AUS,intercept,intercept,1.0
primary_total_co2,M1b,NZL,intercept,intercept,1.0
primary_total_co2,M1b,PNG,intercept,intercept,1.0
primary_total_co2,M1b,ARG,intercept,intercept,1.0
primary_total_co2,M1b,BOL,intercept,intercept,1.0
primary_total_co2,M1b,BRA,intercept,intercept,1.0
primary_total_co2,M1b,CHL,intercept,intercept,1.0
primary_total_co2,M1b,COL,intercept,intercept,1.0
primary_total_co2,M1b,ECU,intercept,intercept,1.0
primary_total_co2,M1b,PRY,intercept,intercept,1.0
primary_total_co2,M1b,PER,intercept,intercept,1.0
primary_total_co2,M1b,SUR,intercept,intercept,1.0
primary_total_co2,M1b,URY,intercept,intercept,1.0
primary_total_co2,M1b,VEN,intercept,intercept,1.0
primary_total_co2,M1b,DZA,cum_co2_total,emissions,3.54855671520855
primary_total_co2,M1b,AGO,cum_co2_total,emissions,2.6907018714035313
primary_total_co2,M1b,BEN,cum_co2_total,emissions,1.8264182132733642
primary_total_co2,M1b,BWA,cum_co2_total,emissions,2.0356218259759236
primary_total_co2,M1b,BFA,cum_co2_total,emissions,1.5845799676666654
primary_total_co2,M1b,BDI,cum_co2_total,emissions,0.9776321652459995
primary_total_co2,M1b,CMR,cum_co2_total,emissions,2.307607271514734
primary_total_co2,M1b,CAF,cum_co2_total,emissions,0.9566965648946508
primary_total_co2,M1b,TCD,cum_co2_total,emissions,1.3783070348568127
primary_total_co2,M1b,COG,cum_co2_total,emissions,2.056294887076228
primary_total_co2,M1b,COD,cum_co2_total,emissions,2.2801593518115966
primary_total_co2,M1b,CIV,cum_co2_total,emissions,2.4275607571873796
primary_total_co2,M1b,DJI,cum_co2_total,emissions,1.1944865905497057
primary_total_co2,M1b,EGY,cum_co2_total,emissions,3.678648920904521
primary_total_co2,M1b,GNQ,cum_co2_total,emissions,1.9391896628066057
primary_total_co2,M1b,ERI,cum_co2_total,emissions,1.0825340528727136
primary_total_co2,M1b,ETH,cum_co2_total,emissions,2.1956091035167655
primary_total_co2,M1b,GAB,cum_co2_total,emissions,2.3903698034350125
primary_total_co2,M1b,GHA,cum_co2_total,emissions,2.3786504088367857
primary_total_co2,M1b,GIN,cum_co2_total,emissions,1.8144806667210172
primary_total_co2,M1b,GNB,cum_co2_total,emissions,0.7416242575038121
primary_total_co2,M1b,KEN,cum_co2_total,emissions,2.5461945949323432
primary_total_co2,M1b,LSO,cum_co2_total,emissions,1.6691308473733326
primary_total_co2,M1b,LBR,cum_co2_total,emissions,1.6446453471398719
primary_total_co2,M1b,LBY,cum_co2_total,emissions,3.25980715157785
primary_total_co2,M1b,MDG,cum_co2_total,emissions,1.8483677262157812
primary_total_co2,M1b,MWI,cum_co2_total,emissions,1.6091246477062942
primary_total_co2,M1b,MLI,cum_co2_total,emissions,1.5949226627169901
primary_total_co2,M1b,MRT,cum_co2_total,emissions,1.734127472631969
primary_total_co2,M1b,MAR,cum_co2_total,emissions,3.116196164571735
primary_total_co2,M1b,MOZ,cum_co2_total,emissions,2.0994907252143977
primary_total_co2,M1b,NAM,cum_co2_total,emissions,1.6883753223375348
primary_total_co2,M1b,NER,cum_co2_total,emissions,1.5213734807610282
primary_total_co2,M1b,NGA,cum_co2_total,emissions,3.5241928844625754
primary_total_co2,M1b,RWA,cum_co2_total,emissions,1.3317915866149979
primary_total_co2,M1b,SEN,cum_co2_total,emissions,2.234954900632999
primary_total_co2,M1b,SLE,cum_co2_total,emissions,1.46372879165109
primary_total_co2,M1b,SOM,cum_co2_total,emissions,1.4755259150392808
primary_total_co2,M1b,ZAF,cum_co2_total,emissions,4.252521117751636
primary_total_co2,M1b,SDN,cum_co2_total,emissions,2.4983932686707004
primary_total_co2,M1b,SWZ,cum_co2_total,emissions,1.5290837045027095
primary_total_co2,M1b,TZA,cum_co2_total,emissions,2.2303032805755483
primary_total_co2,M1b,TGO,cum_co2_total,emissions,1.7093293331159785
primary_total_co2,M1b,TUN,cum_co2_total,emissions,2.860352382977959
primary_total_co2,M1b,UGA,cum_co2_total,emissions,1.849603658082447
primary_total_co2,M1b,ZMB,cum_co2_total,emissions,2.311622493590024
primary_total_co2,M1b,ZWE,cum_co2_total,emissions,2.8506235704226546
primary_total_co2,M1b,AFG,cum_co2_total,emissions,2.125627632431824
primary_total_co2,M1b,ARM,cum_co2_total,emissions,2.5264194076693554
primary_total_co2,M1b,AZE,cum_co2_total,emissions,3.347929220926045
primary_total_co2,M1b,BGD,cum_co2_total,emissions,2.9989150812680263
primary_total_co2,M1b,MMR,cum_co2_total,emissions,2.622057482903641
primary_total_co2,M1b,KHM,cum_co2_total,emissions,1.8779469516291882
primary_total_co2,M1b,CHN,cum_co2_total,emissions,5.2203453285371095
primary_total_co2,M1b,GEO,cum_co2_total,emissions,2.737348515312523
primary_total_co2,M1b,IND,cum_co2_total,emissions,4.574287333317938
primary_total_co2,M1b,IDN,cum_co2_total,emissions,4.016639414288195
primary_total_co2,M1b,IRN,cum_co2_total,emissions,4.143544597437826
primary_total_co2,M1b,IRQ,cum_co2_total,emissions,3.522151475149211
primary_total_co2,M1b,ISR,cum_co2_total,emissions,3.2915803953637948
primary_total_co2,M1b,JPN,cum_co2_total,emissions,4.759160572052175
primary_total_co2,M1b,JOR,cum_co2_total,emissions,2.724133266493241
primary_total_co2,M1b,KAZ,cum_co2_total,emissions,4.068777843198626
primary_total_co2,M1b,LAO,cum_co2_total,emissions,1.6370391905594046
primary_total_co2,M1b,LBN,cum_co2_total,emissions,2.7404061167711067
primary_total_co2,M1b,MYS,cum_co2_total,emissions,3.6186175385162955
primary_total_co2,M1b,MNG,cum_co2_total,emissions,2.65183022495331
primary_total_co2,M1b,NPL,cum_co2_total,emissions,1.9161959273164775
primary_total_co2,M1b,OMN,cum_co2_total,emissions,2.942814347323048
primary_total_co2,M1b,PAK,cum_co2_total,emissions,3.5591156807001605
primary_total_co2,M1b,PHL,cum_co2_total,emissions,3.3940524017243976
primary_total_co2,M1b,QAT,cum_co2_total,emissions,3.1596195219644674
primary_total_co2,M1b,SAU,cum_co2_total,emissions,4.071106541396464
primary_total_co2,M1b,KOR,cum_co2_total,emissions,4.141193730729231
primary_total_co2,M1b,LKA,cum_co2_total,emissions,2.539406087407612
primary_total_co2,M1b,SYR,cum_co2_total,emissions,3.2307574163343005
primary_total_co2,M1b,TWN,cum_co2_total,emissions,3.8484451212621322
primary_total_co2,M1b,TJK,cum_co2_total,emissions,2.631299656749231
primary_total_co2,M1b,THA,cum_co2_total,emissions,3.722389233958953
primary_total_co2,M1b,TUR,cum_co2_total,emissions,3.9110897682421775
primary_total_co2,M1b,TKM,cum_co2_total,emissions,3.286466799275726
primary_total_co2,M1b,ARE,cum_co2_total,emissions,3.5422220978279344
primary_total_co2,M1b,UZB,cum_co2_total,emissions,3.740226378600022
primary_total_co2,M1b,VNM,cum_co2_total,emissions,3.4003927397934803
primary_total_co2,M1b,YEM,cum_co2_total,emissions,2.7579514489334294
primary_total_co2,M1b,ALB,cum_co2_total,emissions,2.4044163198319484
primary_total_co2,M1b,AUT,cum_co2_total,emissions,3.7028734804303647
primary_total_co2,M1b,BLR,cum_co2_total,emissions,3.65620096329467
primary_total_co2,M1b,BEL,cum_co2_total,emissions,4.074207929148208
primary_total_co2,M1b,BIH,cum_co2_total,emissions,2.9121109437313133
primary_total_co2,M1b,BGR,cum_co2_total,emissions,3.5465947263435624
primary_total_co2,M1b,HRV,cum_co2_total,emissions,2.9948224354771575
primary_total_co2,M1b,CYP,cum_co2_total,emissions,2.385234372629354
primary_total_co2,M1b,CZE,cum_co2_total,emissions,4.051487436992587
primary_total_co2,M1b,DNK,cum_co2_total,emissions,3.584968626410202
primary_total_co2,M1b,EST,cum_co2_total,emissions,3.1815995144469498
primary_total_co2,M1b,FIN,cum_co2_total,emissions,3.4593056201758023
primary_total_co2,M1b,FRA,cum_co2_total,emissions,4.564143069555475
primary_total_co2,M1b,DEU,cum_co2_total,emissions,4.941179214423491
primary_total_co2,M1b,GRC,cum_co2_total,emissions,3.554299773590582
primary_total_co2,M1b,HUN,cum_co2_total,emissions,3.670026516102076
primary_total_co2,M1b,ISL,cum_co2_total,emissions,2.1226581417244548
primary_total_co2,M1b,IRL,cum_co2_total,emissions,3.292088525456098
primary_total_co2,M1b,ITA,cum_co2_total,emissions,4.348362466540707
primary_total_co2,M1b,LVA,cum_co2_total,emissions,2.95546597746838
primary_total_co2,M1b,LTU,cum_co2_total,emissions,3.1659961947467217
primary_total_co2,M1b,MKD,cum_co2_total,emissions,2.66401169742383
primary_total_co2,M1b,MDA,cum_co2_total,emissions,3.114407798967798
primary_total_co2,M1b,MNE,cum_co2_total,emissions,1.9854354562958416
primary_total_co2,M1b,NLD,cum_co2_total,emissions,4.028000561404352
primary_total_co2,M1b,NOR,cum_co2_total,emissions,3.365737632451197
primary_total_co2,M1b,POL,cum_co2_total,emissions,4.408328121536703
primary_total_co2,M1b,PRT,cum_co2_total,emissions,3.3554743166359864
primary_total_co2,M1b,ROU,cum_co2_total,emissions,3.9047562686177564
primary_total_co2,M1b,RUS,cum_co2_total,emissions,5.018431743654664
primary_total_co2,M1b,SRB,cum_co2_total,emissions,3.3883220243247285
primary_total_co2,M1b,SVK,cum_co2_total,emissions,3.563601389660313
primary_total_co2,M1b,SVN,cum_co2_total,emissions,2.8825319374046425
primary_total_co2,M1b,ESP,cum_co2_total,emissions,4.114393849431578
primary_total_co2,M1b,SWE,cum_co2_total,emissions,3.671472300781437
primary_total_co2,M1b,CHE,cum_co2_total,emissions,3.4411607740351156
primary_total_co2,M1b,UKR,cum_co2_total,emissions,4.462410831860048
primary_total_co2,M1b,GBR,cum_co2_total,emissions,4.8813071445534755
primary_total_co2,M1b,BHS,cum_co2_total,emissions,2.184006806706364
primary_total_co2,M1b,CAN,cum_co2_total,emissions,4.470610170539815
primary_total_co2,M1b,CRI,cum_co2_total,emissions,2.3002497365767445
primary_total_co2,M1b,CUB,cum_co2_total,emissions,3.188876758878359
primary_total_co2,M1b,DOM,cum_co2_total,emissions,2.757288960487825
primary_total_co2,M1b,SLV,cum_co2_total,emissions,2.2707766287166797
primary_total_co2,M1b,GTM,cum_co2_total,emissions,2.5052924578225153
primary_total_co2,M1b,HTI,cum_co2_total,emissions,1.7433607934204063
primary_total_co2,M1b,HND,cum_co2_total,emissions,2.2806284433649813
primary_total_co2,M1b,JAM,cum_co2_total,emissions,2.5994441911398924
primary_total_co2,M1b,MEX,cum_co2_total,emissions,4.228494394324438
primary_total_co2,M1b,NIC,cum_co2_total,emissions,2.147224794264175
primary_total_co2,M1b,PAN,cum_co2_total,emissions,2.386646974996053
primary_total_co2,M1b,USA,cum_co2_total,emissions,5.5778831296115685
primary_total_co2,M1b,AUS,cum_co2_total,emissions,4.194557269700958
primary_total_co2,M1b,NZL,cum_co2_total,emissions,3.2133145074380933
primary_total_co2,M1b,PNG,cum_co2_total,emissions,2.105820041248875
primary_total_co2,M1b,ARG,cum_co2_total,emissions,3.853889891627958
primary_total_co2,M1b,BOL,cum_co2_total,emissions,2.59762389436399
primary_total_co2,M1b,BRA,cum_co2_total,emissions,4.106532926741018
primary_total_co2,M1b,CHL,cum_co2_total,emissions,3.382880088098228
primary_total_co2,M1b,COL,cum_co2_total,emissions,3.4449867238971104
primary_total_co2,M1b,ECU,cum_co2_total,emissions,2.975767165739055
primary_total_co2,M1b,PRY,cum_co2_total,emissions,2.1016955327771023
primary_total_co2,M1b,PER,cum_co2_total,emissions,3.1854928583581406
primary_total_co2,M1b,SUR,cum_co2_total,emissions,1.9935508514775335
primary_total_co2,M1b,URY,cum_co2_total,emissions,2.6023638911127747
primary_total_co2,M1b,VEN,cum_co2_total,emissions,3.813967945294808
primary_total_co2,M1b,DZA,abs_latitude,geography,35.206
primary_total_co2,M1b,AGO,abs_latitude,geography,12.32
primary_total_co2,M1b,BEN,abs_latitude,geography,8.571666666666667
primary_total_co2,M1b,BWA,abs_latitude,geography,24.92
primary_total_co2,M1b,BFA,abs_latitude,geography,11.25
primary_total_co2,M1b,BDI,abs_latitude,geography,4.02
primary_total_co2,M1b,CMR,abs_latitude,geography,6.484666666666667
primary_total_co2,M1b,CAF,abs_latitude,geography,4.02
primary_total_co2,M1b,TCD,abs_latitude,geography,8.84
primary_total_co2,M1b,COG,abs_latitude,geography,4.02
primary_total_co2,M1b,COD,abs_latitude,geography,4.717826086956522
primary_total_co2,M1b,CIV,abs_latitude,geography,6.492307692307692
primary_total_co2,M1b,DJI,abs_latitude,geography,12.05
primary_total_co2,M1b,EGY,abs_latitude,geography,29.316842105263156
primary_total_co2,M1b,GNQ,abs_latitude,geography,3.215
primary_total_co2,M1b,ERI,abs_latitude,geography,15.27
primary_total_co2,M1b,ETH,abs_latitude,geography,9.553333333333335
primary_total_co2,M1b,GAB,abs_latitude,geography,0.8
primary_total_co2,M1b,GHA,abs_latitude,geography,6.164444444444444
primary_total_co2,M1b,GIN,abs_latitude,geography,9.2425
primary_total_co2,M1b,GNB,abs_latitude,geography,12.05
primary_total_co2,M1b,KEN,abs_latitude,geography,1.3366666666666667
primary_total_co2,M1b,LSO,abs_latitude,geography,29.74
primary_total_co2,M1b,LBR,abs_latitude,geography,7.23
primary_total_co2,M1b,LBY,abs_latitude,geography,31.827000000000005
primary_total_co2,M1b,MDG,abs_latitude,geography,19.555
primary_total_co2,M1b,MWI,abs_latitude,geography,14.465
primary_total_co2,M1b,MLI,abs_latitude,geography,12.589999999999998
primary_total_co2,M1b,MRT,abs_latitude,geography,18.48
primary_total_co2,M1b,MAR,abs_latitude,geography,33.757
primary_total_co2,M1b,MOZ,abs_latitude,geography,19.420833333333334
primary_total_co2,M1b,NAM,abs_latitude,geography,23.31
primary_total_co2,M1b,NER,abs_latitude,geography,13.660000000000002
primary_total_co2,M1b,NGA,abs_latitude,geography,8.044835164835165
primary_total_co2,M1b,RWA,abs_latitude,geography,2.41
primary_total_co2,M1b,SEN,abs_latitude,geography,14.665
primary_total_co2,M1b,SLE,abs_latitude,geography,8.84
primary_total_co2,M1b,SOM,abs_latitude,geography,4.66
primary_total_co2,M1b,ZAF,abs_latitude,geography,28.1294
primary_total_co2,M1b,SDN,abs_latitude,geography,12.053999999999998
primary_total_co2,M1b,SWZ,abs_latitude,geography,26.52
primary_total_co2,M1b,TZA,abs_latitude,geography,5.726875
primary_total_co2,M1b,TGO,abs_latitude,geography,8.035
primary_total_co2,M1b,TUN,abs_latitude,geography,35.525999999999996
primary_total_co2,M1b,UGA,abs_latitude,geography,1.8733333333333333
primary_total_co2,M1b,ZMB,abs_latitude,geography,13.86
primary_total_co2,M1b,ZWE,abs_latitude,geography,18.94
primary_total_co2,M1b,AFG,abs_latitude,geography,34.158750000000005
primary_total_co2,M1b,ARM,abs_latitude,geography,40.99
primary_total_co2,M1b,AZE,abs_latitude,geography,40.99
primary_total_co2,M1b,BGD,abs_latitude,geography,24.072105263157894
primary_total_co2,M1b,MMR,abs_latitude,geography,18.803
primary_total_co2,M1b,KHM,abs_latitude,geography,12.05
primary_total_co2,M1b,CHN,abs_latitude,geography,33.82457894736842
primary_total_co2,M1b,GEO,abs_latitude,geography,40.99
primary_total_co2,M1b,IND,abs_latitude,geography,22.25485933503836
primary_total_co2,M1b,IDN,abs_latitude,geography,5.857724137931035
primary_total_co2,M1b,IRN,abs_latitude,geography,34.34257575757576
primary_total_co2,M1b,IRQ,abs_latitude,geography,35.365
primary_total_co2,M1b,ISR,abs_latitude,geography,32.06111111111111
primary_total_co2,M1b,JPN,abs_latitude,geography,35.745828571428575
primary_total_co2,M1b,JOR,abs_latitude,geography,32.95
primary_total_co2,M1b,KAZ,abs_latitude,geography,48.915333333333336
primary_total_co2,M1b,LAO,abs_latitude,geography,18.48
primary_total_co2,M1b,LBN,abs_latitude,geography,34.02333333333333
primary_total_co2,M1b,MYS,abs_latitude,geography,3.6174999999999997
primary_total_co2,M1b,MNG,abs_latitude,geography,47.42
primary_total_co2,M1b,NPL,abs_latitude,geography,27.439999999999998
primary_total_co2,M1b,OMN,abs_latitude,geography,16.87
primary_total_co2,M1b,PAK,abs_latitude,geography,30.52915254237288
primary_total_co2,M1b,PHL,abs_latitude,geography,12.598307692307692
primary_total_co2,M1b,QAT,abs_latitude,geography,24.92
primary_total_co2,M1b,SAU,abs_latitude,geography,22.617142857142856
primary_total_co2,M1b,KOR,abs_latitude,geography,37.78
primary_total_co2,M1b,LKA,abs_latitude,geography,7.7666666666666675
primary_total_co2,M1b,SYR,abs_latitude,geography,34.56
primary_total_co2,M1b,TWN,abs_latitude,geography,24.490666666666666
primary_total_co2,M1b,TJK,abs_latitude,geography,40.185
primary_total_co2,M1b,THA,abs_latitude,geography,13.88904761904762
primary_total_co2,M1b,TUR,abs_latitude,geography,38.91117647058824
primary_total_co2,M1b,TKM,abs_latitude,geography,39.38333333333333
primary_total_co2,M1b,ARE,abs_latitude,geography,24.92
primary_total_co2,M1b,UZB,abs_latitude,geography,40.386250000000004
primary_total_co2,M1b,VNM,abs_latitude,geography,14.572666666666667
primary_total_co2,M1b,YEM,abs_latitude,geography,13.66
primary_total_co2,M1b,ALB,abs_latitude,geography,40.99
primary_total_co2,M1b,AUT,abs_latitude,geography,48.064
primary_total_co2,M1b,BLR,abs_latitude,geography,52.84
primary_total_co2,M1b,BEL,abs_latitude,geography,50.63
primary_total_co2,M1b,BIH,abs_latitude,geography,43.878
primary_total_co2,M1b,BGR,abs_latitude,geography,43.050000000000004
primary_total_co2,M1b,HRV,abs_latitude,geography,45.27333333333333
primary_total_co2,M1b,CYP,abs_latitude,geography,34.56
primary_total_co2,M1b,CZE,abs_latitude,geography,49.99
primary_total_co2,M1b,DNK,abs_latitude,geography,56.25
primary_total_co2,M1b,EST,abs_latitude,geography,58.66
primary_total_co2,M1b,FIN,abs_latitude,geography,61.556000000000004
primary_total_co2,M1b,FRA,abs_latitude,geography,46.79361111111112
primary_total_co2,M1b,DEU,abs_latitude,geography,50.89012345679013
primary_total_co2,M1b,GRC,abs_latitude,geography,38.00714285714286
primary_total_co2,M1b,HUN,abs_latitude,geography,47.062222222222225
primary_total_co2,M1b,ISL,abs_latitude,geography,65.09
primary_total_co2,M1b,IRL,abs_latitude,geography,53.040000000000006
primary_total_co2,M1b,ITA,abs_latitude,geography,43.01619047619048
primary_total_co2,M1b,LVA,abs_latitude,geography,56.25
primary_total_co2,M1b,LTU,abs_latitude,geography,55.45
primary_total_co2,M1b,MKD,abs_latitude,geography,42.59
primary_total_co2,M1b,MDA,abs_latitude,geography,47.419999999999995
primary_total_co2,M1b,MNE,abs_latitude,geography,42.59
primary_total_co2,M1b,NLD,abs_latitude,geography,52.239583333333336
primary_total_co2,M1b,NOR,abs_latitude,geography,60.6725
primary_total_co2,M1b,POL,abs_latitude,geography,51.64473684210526
primary_total_co2,M1b,PRT,abs_latitude,geography,40.07
primary_total_co2,M1b,ROU,abs_latitude,geography,46.00320000000001
primary_total_co2,M1b,RUS,abs_latitude,geography,53.74948717948718
primary_total_co2,M1b,SRB,abs_latitude,geography,43.663333333333334
primary_total_co2,M1b,SVK,abs_latitude,geography,48.225
primary_total_co2,M1b,SVN,abs_latitude,geography,45.81
primary_total_co2,M1b,ESP,abs_latitude,geography,39.671200000000006
primary_total_co2,M1b,SWE,abs_latitude,geography,58.662
primary_total_co2,M1b,CHE,abs_latitude,geography,46.775999999999996
primary_total_co2,M1b,UKR,abs_latitude,geography,48.826249999999995
primary_total_co2,M1b,GBR,abs_latitude,geography,52.80411764705883
primary_total_co2,M1b,BHS,abs_latitude,geography,24.92
primary_total_co2,M1b,CAN,abs_latitude,geography,46.77360000000001
primary_total_co2,M1b,CRI,abs_latitude,geography,10.45
primary_total_co2,M1b,CUB,abs_latitude,geography,21.125
primary_total_co2,M1b,DOM,abs_latitude,geography,19.016666666666666
primary_total_co2,M1b,SLV,abs_latitude,geography,13.660000000000002
primary_total_co2,M1b,GTM,abs_latitude,geography,15.270000000000001
primary_total_co2,M1b,HTI,abs_latitude,geography,18.802
primary_total_co2,M1b,HND,abs_latitude,geography,14.947999999999999
primary_total_co2,M1b,JAM,abs_latitude,geography,18.48
primary_total_co2,M1b,MEX,abs_latitude,geography,22.14556701030928
primary_total_co2,M1b,NIC,abs_latitude,geography,12.05
primary_total_co2,M1b,PAN,abs_latitude,geography,8.84
primary_total_co2,M1b,USA,abs_latitude,geography,36.592217898832686
primary_total_co2,M1b,AUS,abs_latitude,geography,32.14857142857143
primary_total_co2,M1b,NZL,abs_latitude,geography,39.562222222222225
primary_total_co2,M1b,PNG,abs_latitude,geography,8.84
primary_total_co2,M1b,ARG,abs_latitude,geography,32.450625
primary_total_co2,M1b,BOL,abs_latitude,geography,18.748333333333335
primary_total_co2,M1b,BRA,abs_latitude,geography,19.28931818181818
primary_total_co2,M1b,CHL,abs_latitude,geography,33.42125
primary_total_co2,M1b,COL,abs_latitude,geography,6.203846153846153
primary_total_co2,M1b,ECU,abs_latitude,geography,1.790769230769231
primary_total_co2,M1b,PRY,abs_latitude,geography,24.92
primary_total_co2,M1b,PER,abs_latitude,geography,10.519545454545455
primary_total_co2,M1b,SUR,abs_latitude,geography,5.63
primary_total_co2,M1b,URY,abs_latitude,geography,32.955
primary_total_co2,M1b,VEN,abs_latitude,geography,10.087250000000001
primary_total_co2,M1b,DZA,elevation,geography,314.5950439453125
primary_total_co2,M1b,AGO,elevation,geography,447.00633748372394
primary_total_co2,M1b,BEN,elevation,geography,170.6803414026896
primary_total_co2,M1b,BWA,elevation,geography,1113.0069580078125
primary_total_co2,M1b,BFA,elevation,geography,328.78623962402344
primary_total_co2,M1b,BDI,elevation,geography,1952.42529296875
primary_total_co2,M1b,CMR,elevation,geography,373.34877624511716
primary_total_co2,M1b,CAF,elevation,geography,362.7322998046875
primary_total_co2,M1b,TCD,elevation,geography,398.74542236328125
primary_total_co2,M1b,COG,elevation,geography,392.1075134277344
primary_total_co2,M1b,COD,elevation,geography,740.5418668000594
primary_total_co2,M1b,CIV,elevation,geography,145.13958637530988
primary_total_co2,M1b,DJI,elevation,geography,955.0897827148438
primary_total_co2,M1b,EGY,elevation,geography,153.40576180345133
primary_total_co2,M1b,GNQ,elevation,geography,173.23263549804688
primary_total_co2,M1b,ERI,elevation,geography,1375.2100830078125
primary_total_co2,M1b,ETH,elevation,geography,1702.080790201823
primary_total_co2,M1b,GAB,elevation,geography,-640.96875
primary_total_co2,M1b,GHA,elevation,geography,63.10153892305162
primary_total_co2,M1b,GIN,elevation,geography,285.3084411621094
primary_total_co2,M1b,GNB,elevation,geography,18.24833106994629
primary_total_co2,M1b,KEN,elevation,geography,1525.0360488891602
primary_total_co2,M1b,LSO,elevation,geography,1859.45947265625
primary_total_co2,M1b,LBR,elevation,geography,250.87191772460938
primary_total_co2,M1b,LBY,elevation,geography,-125.94530410766602
primary_total_co2,M1b,MDG,elevation,geography,-329.610299428304
primary_total_co2,M1b,MWI,elevation,geography,1041.6434326171875
primary_total_co2,M1b,MLI,elevation,geography,325.3349304199219
primary_total_co2,M1b,MRT,elevation,geography,16.04151153564453
primary_total_co2,M1b,MAR,elevation,geography,498.75402641296387
primary_total_co2,M1b,MOZ,elevation,geography,119.55623495578766
primary_total_co2,M1b,NAM,elevation,geography,1778.283447265625
primary_total_co2,M1b,NER,elevation,geography,363.1866963704427
primary_total_co2,M1b,NGA,elevation,geography,194.73254671201602
primary_total_co2,M1b,RWA,elevation,geography,1644.7860107421875
primary_total_co2,M1b,SEN,elevation,geography,-287.7956578731537
primary_total_co2,M1b,SLE,elevation,geography,216.62176513671875
primary_total_co2,M1b,SOM,elevation,geography,34.74064483642578
primary_total_co2,M1b,ZAF,elevation,geography,1144.452760925293
primary_total_co2,M1b,SDN,elevation,geography,447.6297546386719
primary_total_co2,M1b,SWZ,elevation,geography,58.5894775390625
primary_total_co2,M1b,TZA,elevation,geography,890.7327861785889
primary_total_co2,M1b,TGO,elevation,geography,333.53379821777344
primary_total_co2,M1b,TUN,elevation,geography,260.5694213867188
primary_total_co2,M1b,UGA,elevation,geography,1101.8234049479167
primary_total_co2,M1b,ZMB,elevation,geography,1189.5065307617188
primary_total_co2,M1b,ZWE,elevation,geography,1307.260498046875
primary_total_co2,M1b,AFG,elevation,geography,1700.4435272216797
primary_total_co2,M1b,ARM,elevation,geography,1651.8125
primary_total_co2,M1b,AZE,elevation,geography,715.4375
primary_total_co2,M1b,BGD,elevation,geography,10.800667110242342
primary_total_co2,M1b,MMR,elevation,geography,209.8380369782448
primary_total_co2,M1b,KHM,elevation,geography,17.38812828063965
primary_total_co2,M1b,CHN,elevation,geography,452.5437363197929
primary_total_co2,M1b,GEO,elevation,geography,1651.8125
primary_total_co2,M1b,IND,elevation,geography,241.7615375030986
primary_total_co2,M1b,IDN,elevation,geography,119.2868159606539
primary_total_co2,M1b,IRN,elevation,geography,1447.170124689738
primary_total_co2,M1b,IRQ,elevation,geography,289.8549337387085
primary_total_co2,M1b,ISR,elevation,geography,476.33343505859375
primary_total_co2,M1b,JPN,elevation,geography,168.62458624703544
primary_total_co2,M1b,JOR,elevation,geography,941.8968505859375
primary_total_co2,M1b,KAZ,elevation,geography,484.8650632222494
primary_total_co2,M1b,LAO,elevation,geography,466.8389892578125
primary_total_co2,M1b,LBN,elevation,geography,-872.9927164713541
primary_total_co2,M1b,MYS,elevation,geography,61.488870069384575
primary_total_co2,M1b,MNG,elevation,geography,1629.556640625
primary_total_co2,M1b,NPL,elevation,geography,572.1913659232004
primary_total_co2,M1b,OMN,elevation,geography,809.6633911132812
primary_total_co2,M1b,PAK,elevation,geography,270.0815026881331
primary_total_co2,M1b,PHL,elevation,geography,-299.69309522188627
primary_total_co2,M1b,QAT,elevation,geography,12.518510818481445
primary_total_co2,M1b,SAU,elevation,geography,1105.9072004045759
primary_total_co2,M1b,KOR,elevation,geography,3.9714112281799316
primary_total_co2,M1b,LKA,elevation,geography,-320.5574188232422
primary_total_co2,M1b,SYR,elevation,geography,177.92982700892858
primary_total_co2,M1b,TWN,elevation,geography,-341.6999688545863
primary_total_co2,M1b,TJK,elevation,geography,1916.3934326171875
primary_total_co2,M1b,THA,elevation,geography,147.38663546244302
primary_total_co2,M1b,TUR,elevation,geography,758.0135866052964
primary_total_co2,M1b,TKM,elevation,geography,175.64475758870444
primary_total_co2,M1b,ARE,elevation,geography,7.874352931976318
primary_total_co2,M1b,UZB,elevation,geography,816.1821012496948
primary_total_co2,M1b,VNM,elevation,geography,290.3942291418711
primary_total_co2,M1b,YEM,elevation,geography,1076.9956665039062
primary_total_co2,M1b,ALB,elevation,geography,-91.5625
primary_total_co2,M1b,AUT,elevation,geography,997.8897521972656
primary_total_co2,M1b,BLR,elevation,geography,149.20576190948486
primary_total_co2,M1b,BEL,elevation,geography,115.06332070486886
primary_total_co2,M1b,BIH,elevation,geography,304.62919921875
primary_total_co2,M1b,BGR,elevation,geography,180.59325081961495
primary_total_co2,M1b,HRV,elevation,geography,269.5243784586589
primary_total_co2,M1b,CYP,elevation,geography,-110.875
primary_total_co2,M1b,CZE,elevation,geography,264.7006469726563
primary_total_co2,M1b,DNK,elevation,geography,14.889735221862793
primary_total_co2,M1b,EST,elevation,geography,29.868961334228516
primary_total_co2,M1b,FIN,elevation,geography,19.03453540802002
primary_total_co2,M1b,FRA,elevation,geography,122.23891422483656
primary_total_co2,M1b,DEU,elevation,geography,311.64766118850235
primary_total_co2,M1b,GRC,elevation,geography,-92.69817434038434
primary_total_co2,M1b,HUN,elevation,geography,141.55999077690973
primary_total_co2,M1b,ISL,elevation,geography,171.58587646484375
primary_total_co2,M1b,IRL,elevation,geography,229.5601806640625
primary_total_co2,M1b,ITA,elevation,geography,393.7182623545329
primary_total_co2,M1b,LVA,elevation,geography,139.87512969970703
primary_total_co2,M1b,LTU,elevation,geography,100.8182861328125
primary_total_co2,M1b,MKD,elevation,geography,1106.3851318359375
primary_total_co2,M1b,MDA,elevation,geography,155.33504740397134
primary_total_co2,M1b,MNE,elevation,geography,1227.2928466796875
primary_total_co2,M1b,NLD,elevation,geography,28.77057038868467
primary_total_co2,M1b,NOR,elevation,geography,536.0525588989258
primary_total_co2,M1b,POL,elevation,geography,230.46440777025725
primary_total_co2,M1b,PRT,elevation,geography,173.78685869489397
primary_total_co2,M1b,ROU,elevation,geography,379.83351135253906
primary_total_co2,M1b,RUS,elevation,geography,224.93065158860423
primary_total_co2,M1b,SRB,elevation,geography,669.6914189656576
primary_total_co2,M1b,SVK,elevation,geography,205.38938903808594
primary_total_co2,M1b,SVN,elevation,geography,358.90411376953125
primary_total_co2,M1b,ESP,elevation,geography,31.531451950073244
primary_total_co2,M1b,SWE,elevation,geography,29.949632263183595
primary_total_co2,M1b,CHE,elevation,geography,349.16029052734376
primary_total_co2,M1b,UKR,elevation,geography,132.7877142826716
primary_total_co2,M1b,GBR,elevation,geography,102.5040927213781
primary_total_co2,M1b,BHS,elevation,geography,1.6355916261672974
primary_total_co2,M1b,CAN,elevation,geography,361.9892102050781
primary_total_co2,M1b,CRI,elevation,geography,147.4757843017578
primary_total_co2,M1b,CUB,elevation,geography,-601.6696684019906
primary_total_co2,M1b,DOM,elevation,geography,-1174.1369934082031
primary_total_co2,M1b,SLV,elevation,geography,53.99977111816406
primary_total_co2,M1b,GTM,elevation,geography,1338.172607421875
primary_total_co2,M1b,HTI,elevation,geography,-314.93158264160155
primary_total_co2,M1b,HND,elevation,geography,510.82997436523436
primary_total_co2,M1b,JAM,elevation,geography,-1527.6361592610676
primary_total_co2,M1b,MEX,elevation,geography,1081.4254860116034
primary_total_co2,M1b,NIC,elevation,geography,110.783447265625
primary_total_co2,M1b,PAN,elevation,geography,136.88180541992188
primary_total_co2,M1b,USA,elevation,geography,360.4095271300481
primary_total_co2,M1b,AUS,elevation,geography,-465.4354716709682
primary_total_co2,M1b,NZL,elevation,geography,-5.283027860853407
primary_total_co2,M1b,PNG,elevation,geography,39.91184997558594
primary_total_co2,M1b,ARG,elevation,geography,467.42525082826614
primary_total_co2,M1b,BOL,elevation,geography,3352.897745768229
primary_total_co2,M1b,BRA,elevation,geography,417.889818778905
primary_total_co2,M1b,CHL,elevation,geography,357.4125075340271
primary_total_co2,M1b,COL,elevation,geography,933.2442020514072
primary_total_co2,M1b,ECU,elevation,geography,638.521503008329
primary_total_co2,M1b,PRY,elevation,geography,78.58065338134766
primary_total_co2,M1b,PER,elevation,geography,1406.251771981066
primary_total_co2,M1b,SUR,elevation,geography,5.543477535247803
primary_total_co2,M1b,URY,elevation,geography,36.999884843826294
primary_total_co2,M1b,VEN,elevation,geography,218.3050817489624
primary_total_co2,M1b,DZA,continentality,geography,148.41535189827113
primary_total_co2,M1b,AGO,continentality,geography,160.7492019566083
primary_total_co2,M1b,BEN,continentality,geography,259.15676787430976
primary_total_co2,M1b,BWA,continentality,geography,607.1320549029783
primary_total_co2,M1b,BFA,continentality,geography,663.8004651185327
primary_total_co2,M1b,BDI,continentality,geography,1019.9677893297082
primary_total_co2,M1b,CMR,continentality,geography,394.9028883457315
primary_total_co2,M1b,CAF,continentality,geography,969.5623067843129
primary_total_co2,M1b,TCD,continentality,geography,1020.8945842181433
primary_total_co2,M1b,COG,continentality,geography,388.2906643268661
primary_total_co2,M1b,COD,continentality,geography,996.1091986864735
primary_total_co2,M1b,CIV,continentality,geography,167.6921433742753
primary_total_co2,M1b,DJI,continentality,geography,31.093075198477482
primary_total_co2,M1b,EGY,continentality,geography,95.87474525066706
primary_total_co2,M1b,GNQ,continentality,geography,45.269797760188965
primary_total_co2,M1b,ERI,continentality,geography,60.38639204880394
primary_total_co2,M1b,ETH,continentality,geography,493.0399736897681
primary_total_co2,M1b,GAB,continentality,geography,32.622769815760456
primary_total_co2,M1b,GHA,continentality,geography,106.09593382969571
primary_total_co2,M1b,GIN,continentality,geography,234.83934928588695
primary_total_co2,M1b,GNB,continentality,geography,110.84080268526557
primary_total_co2,M1b,KEN,continentality,geography,461.7225404847252
primary_total_co2,M1b,LSO,continentality,geography,274.4548832701292
primary_total_co2,M1b,LBR,continentality,geography,104.43708968138911
primary_total_co2,M1b,LBY,continentality,geography,89.88278489482425
primary_total_co2,M1b,MDG,continentality,geography,82.73136994650416
primary_total_co2,M1b,MWI,continentality,geography,443.73171145000083
primary_total_co2,M1b,MLI,continentality,geography,790.6679792505496
primary_total_co2,M1b,MRT,continentality,geography,102.59076566611054
primary_total_co2,M1b,MAR,continentality,geography,66.70655523715897
primary_total_co2,M1b,MOZ,continentality,geography,121.37622991964236
primary_total_co2,M1b,NAM,continentality,geography,224.80583091201763
primary_total_co2,M1b,NER,continentality,geography,894.9775794916054
primary_total_co2,M1b,NGA,continentality,geography,318.513579715843
primary_total_co2,M1b,RWA,continentality,geography,1072.1697409642793
primary_total_co2,M1b,SEN,continentality,geography,62.13532239964827
primary_total_co2,M1b,SLE,continentality,geography,150.18275311661122
primary_total_co2,M1b,SOM,continentality,geography,64.56544811242864
primary_total_co2,M1b,ZAF,continentality,geography,335.6952888931987
primary_total_co2,M1b,SDN,continentality,geography,841.9292364635133
primary_total_co2,M1b,SWZ,continentality,geography,58.827025394391974
primary_total_co2,M1b,TZA,continentality,geography,432.6313852611501
primary_total_co2,M1b,TGO,continentality,geography,233.37768488566002
primary_total_co2,M1b,TUN,continentality,geography,65.46114059052488
primary_total_co2,M1b,UGA,continentality,geography,954.3105346740564
primary_total_co2,M1b,ZMB,continentality,geography,1010.4273463271114
primary_total_co2,M1b,ZWE,continentality,geography,490.4733890974661
primary_total_co2,M1b,AFG,continentality,geography,980.0251806546243
primary_total_co2,M1b,ARM,continentality,geography,274.3681751312658
primary_total_co2,M1b,AZE,continentality,geography,25.20360155335367
primary_total_co2,M1b,BGD,continentality,geography,167.4501932416387
primary_total_co2,M1b,MMR,continentality,geography,169.36276423745338
primary_total_co2,M1b,KHM,continentality,geography,198.32514565256477
primary_total_co2,M1b,CHN,continentality,geography,460.2465280733392
primary_total_co2,M1b,GEO,continentality,geography,274.3681751312658
primary_total_co2,M1b,IND,continentality,geography,426.4417018320571
primary_total_co2,M1b,IDN,continentality,geography,35.7087662442575
primary_total_co2,M1b,IRN,continentality,geography,245.46141844990464
primary_total_co2,M1b,IRQ,continentality,geography,493.08066829081065
primary_total_co2,M1b,ISR,continentality,geography,40.74969055425075
primary_total_co2,M1b,JPN,continentality,geography,82.64314172622903
primary_total_co2,M1b,JOR,continentality,geography,32.37622746276071
primary_total_co2,M1b,KAZ,continentality,geography,1283.3287869501294
primary_total_co2,M1b,LAO,continentality,geography,277.298802346493
primary_total_co2,M1b,LBN,continentality,geography,59.931174779228634
primary_total_co2,M1b,MYS,continentality,geography,33.43449978139673
primary_total_co2,M1b,MNG,continentality,geography,1247.786939954368
primary_total_co2,M1b,NPL,continentality,geography,675.6541122586723
primary_total_co2,M1b,OMN,continentality,geography,15.503326119087154
primary_total_co2,M1b,PAK,continentality,geography,782.4292145410926
primary_total_co2,M1b,PHL,continentality,geography,31.710189245915206
primary_total_co2,M1b,QAT,continentality,geography,6.479188127362905
primary_total_co2,M1b,SAU,continentality,geography,193.68550798338518
primary_total_co2,M1b,KOR,continentality,geography,0.10270068647604357
primary_total_co2,M1b,LKA,continentality,geography,46.694283573125205
primary_total_co2,M1b,SYR,continentality,geography,93.42535931944471
primary_total_co2,M1b,TWN,continentality,geography,36.42621324316634
primary_total_co2,M1b,TJK,continentality,geography,1250.1800623340782
primary_total_co2,M1b,THA,continentality,geography,141.8254668239137
primary_total_co2,M1b,TUR,continentality,geography,128.00623313826836
primary_total_co2,M1b,TKM,continentality,geography,570.2171184704274
primary_total_co2,M1b,ARE,continentality,geography,10.093384715369945
primary_total_co2,M1b,UZB,continentality,geography,1235.4772603548088
primary_total_co2,M1b,VNM,continentality,geography,62.6329056650239
primary_total_co2,M1b,YEM,continentality,geography,51.31698455455971
primary_total_co2,M1b,ALB,continentality,geography,15.22079556911455
primary_total_co2,M1b,AUT,continentality,geography,307.4168158026393
primary_total_co2,M1b,BLR,continentality,geography,505.97112247230973
primary_total_co2,M1b,BEL,continentality,geography,107.65063529604579
primary_total_co2,M1b,BIH,continentality,geography,117.31795932389403
primary_total_co2,M1b,BGR,continentality,geography,161.43914265156482
primary_total_co2,M1b,HRV,continentality,geography,63.022862766722064
primary_total_co2,M1b,CYP,continentality,geography,5.212894634530487
primary_total_co2,M1b,CZE,continentality,geography,412.2378803838792
primary_total_co2,M1b,DNK,continentality,geography,13.150004152366645
primary_total_co2,M1b,EST,continentality,geography,61.18713473481305
primary_total_co2,M1b,FIN,continentality,geography,16.945009130870062
primary_total_co2,M1b,FRA,continentality,geography,191.58322927483144
primary_total_co2,M1b,DEU,continentality,geography,254.6552396099633
primary_total_co2,M1b,GRC,continentality,geography,37.832746154457865
primary_total_co2,M1b,HUN,continentality,geography,471.3236388126921
primary_total_co2,M1b,ISL,continentality,geography,81.00297872001015
primary_total_co2,M1b,IRL,continentality,geography,38.006117586339364
primary_total_co2,M1b,ITA,continentality,geography,77.31098117304789
primary_total_co2,M1b,LVA,continentality,geography,127.3360239986891
primary_total_co2,M1b,LTU,continentality,geography,128.23898105661175
primary_total_co2,M1b,MKD,continentality,geography,249.1916330178268
primary_total_co2,M1b,MDA,continentality,geography,186.17367904200015
primary_total_co2,M1b,MNE,continentality,geography,82.22403706234513
primary_total_co2,M1b,NLD,continentality,geography,84.12315249217339
primary_total_co2,M1b,NOR,continentality,geography,53.643774822738706
primary_total_co2,M1b,POL,continentality,geography,315.3013901770544
primary_total_co2,M1b,PRT,continentality,geography,52.27557760028044
primary_total_co2,M1b,ROU,continentality,geography,338.7173828268546
primary_total_co2,M1b,RUS,continentality,geography,773.3640644346395
primary_total_co2,M1b,SRB,continentality,geography,266.36523983952844
primary_total_co2,M1b,SVK,continentality,geography,481.3914559398293
primary_total_co2,M1b,SVN,continentality,geography,80.66975858525952
primary_total_co2,M1b,ESP,continentality,geography,122.88312330283075
primary_total_co2,M1b,SWE,continentality,geography,75.43097905999782
primary_total_co2,M1b,CHE,continentality,geography,318.6523818941167
primary_total_co2,M1b,UKR,continentality,geography,290.40284273323937
primary_total_co2,M1b,GBR,continentality,geography,72.04328617417774
primary_total_co2,M1b,BHS,continentality,geography,23.16612848458598
primary_total_co2,M1b,CAN,continentality,geography,476.3700986805195
primary_total_co2,M1b,CRI,continentality,geography,77.36810714506554
primary_total_co2,M1b,CUB,continentality,geography,18.77046674992996
primary_total_co2,M1b,DOM,continentality,geography,22.830820802109027
primary_total_co2,M1b,SLV,continentality,geography,9.472273407052763
primary_total_co2,M1b,GTM,continentality,geography,150.45784284636164
primary_total_co2,M1b,HTI,continentality,geography,6.669859990832684
primary_total_co2,M1b,HND,continentality,geography,65.80876686673079
primary_total_co2,M1b,JAM,continentality,geography,33.33208864969499
primary_total_co2,M1b,MEX,continentality,geography,183.9376302671782
primary_total_co2,M1b,NIC,continentality,geography,64.27621674754454
primary_total_co2,M1b,PAN,continentality,geography,37.38771902554524
primary_total_co2,M1b,USA,continentality,geography,362.91067511348734
primary_total_co2,M1b,AUS,continentality,geography,51.902087485243456
primary_total_co2,M1b,NZL,continentality,geography,27.11518358276313
primary_total_co2,M1b,PNG,continentality,geography,22.920569798684497
primary_total_co2,M1b,ARG,continentality,geography,395.0114435104324
primary_total_co2,M1b,BOL,continentality,geography,383.94310600316356
primary_total_co2,M1b,BRA,continentality,geography,227.37419655911592
primary_total_co2,M1b,CHL,continentality,geography,76.85381942963869
primary_total_co2,M1b,COL,continentality,geography,174.04108407793845
primary_total_co2,M1b,ECU,continentality,geography,111.72413640286271
primary_total_co2,M1b,PRY,continentality,geography,866.639709061554
primary_total_co2,M1b,PER,continentality,geography,143.2232885931093
primary_total_co2,M1b,SUR,continentality,geography,38.772545254957784
primary_total_co2,M1b,URY,continentality,geography,152.09574835188806
primary_total_co2,M1b,VEN,continentality,geography,57.22985427389291
primary_total_co2,M1b,DZA,climate_zone=B,geography,0.0
primary_total_co2,M1b,AGO,climate_zone=B,geography,0.0
primary_total_co2,M1b,BEN,climate_zone=B,geography,0.0
primary_total_co2,M1b,BWA,climate_zone=B,geography,1.0
primary_total_co2,M1b,BFA,climate_zone=B,geography,0.0
primary_total_co2,M1b,BDI,climate_zone=B,geography,0.0
primary_total_co2,M1b,CMR,climate_zone=B,geography,0.0
primary_total_co2,M1b,CAF,climate_zone=B,geography,0.0
primary_total_co2,M1b,TCD,climate_zone=B,geography,0.0
primary_total_co2,M1b,COG,climate_zone=B,geography,0.0
primary_total_co2,M1b,COD,climate_zone=B,geography,0.0
primary_total_co2,M1b,CIV,climate_zone=B,geography,0.0
primary_total_co2,M1b,DJI,climate_zone=B,geography,1.0
primary_total_co2,M1b,EGY,climate_zone=B,geography,1.0
primary_total_co2,M1b,GNQ,climate_zone=B,geography,0.0
primary_total_co2,M1b,ERI,climate_zone=B,geography,1.0
primary_total_co2,M1b,ETH,climate_zone=B,geography,0.0
primary_total_co2,M1b,GAB,climate_zone=B,geography,0.0
primary_total_co2,M1b,GHA,climate_zone=B,geography,0.0
primary_total_co2,M1b,GIN,climate_zone=B,geography,0.0
primary_total_co2,M1b,GNB,climate_zone=B,geography,0.0
primary_total_co2,M1b,KEN,climate_zone=B,geography,0.0
primary_total_co2,M1b,LSO,climate_zone=B,geography,0.0
primary_total_co2,M1b,LBR,climate_zone=B,geography,0.0
primary_total_co2,M1b,LBY,climate_zone=B,geography,1.0
primary_total_co2,M1b,MDG,climate_zone=B,geography,0.0
primary_total_co2,M1b,MWI,climate_zone=B,geography,0.0
primary_total_co2,M1b,MLI,climate_zone=B,geography,0.0
primary_total_co2,M1b,MRT,climate_zone=B,geography,1.0
primary_total_co2,M1b,MAR,climate_zone=B,geography,0.0
primary_total_co2,M1b,MOZ,climate_zone=B,geography,0.0
primary_total_co2,M1b,NAM,climate_zone=B,geography,1.0
primary_total_co2,M1b,NER,climate_zone=B,geography,1.0
primary_total_co2,M1b,NGA,climate_zone=B,geography,0.0
primary_total_co2,M1b,RWA,climate_zone=B,geography,0.0
primary_total_co2,M1b,SEN,climate_zone=B,geography,1.0
primary_total_co2,M1b,SLE,climate_zone=B,geography,0.0
primary_total_co2,M1b,SOM,climate_zone=B,geography,1.0
primary_total_co2,M1b,ZAF,climate_zone=B,geography,0.0
primary_total_co2,M1b,SDN,climate_zone=B,geography,1.0
primary_total_co2,M1b,SWZ,climate_zone=B,geography,1.0
primary_total_co2,M1b,TZA,climate_zone=B,geography,0.0
primary_total_co2,M1b,TGO,climate_zone=B,geography,0.0
primary_total_co2,M1b,TUN,climate_zone=B,geography,1.0
primary_total_co2,M1b,UGA,climate_zone=B,geography,0.0
primary_total_co2,M1b,ZMB,climate_zone=B,geography,0.0
primary_total_co2,M1b,ZWE,climate_zone=B,geography,0.0
primary_total_co2,M1b,AFG,climate_zone=B,geography,1.0
primary_total_co2,M1b,ARM,climate_zone=B,geography,0.0
primary_total_co2,M1b,AZE,climate_zone=B,geography,0.0
primary_total_co2,M1b,BGD,climate_zone=B,geography,0.0
primary_total_co2,M1b,MMR,climate_zone=B,geography,0.0
primary_total_co2,M1b,KHM,climate_zone=B,geography,0.0
primary_total_co2,M1b,CHN,climate_zone=B,geography,0.0
primary_total_co2,M1b,GEO,climate_zone=B,geography,0.0
primary_total_co2,M1b,IND,climate_zone=B,geography,0.0
primary_total_co2,M1b,IDN,climate_zone=B,geography,0.0
primary_total_co2,M1b,IRN,climate_zone=B,geography,1.0
primary_total_co2,M1b,IRQ,climate_zone=B,geography,0.0
primary_total_co2,M1b,ISR,climate_zone=B,geography,1.0
primary_total_co2,M1b,JPN,climate_zone=B,geography,0.0
primary_total_co2,M1b,JOR,climate_zone=B,geography,0.0
primary_total_co2,M1b,KAZ,climate_zone=B,geography,1.0
primary_total_co2,M1b,LAO,climate_zone=B,geography,0.0
primary_total_co2,M1b,LBN,climate_zone=B,geography,0.0
primary_total_co2,M1b,MYS,climate_zone=B,geography,0.0
primary_total_co2,M1b,MNG,climate_zone=B,geography,1.0
primary_total_co2,M1b,NPL,climate_zone=B,geography,0.0
primary_total_co2,M1b,OMN,climate_zone=B,geography,1.0
primary_total_co2,M1b,PAK,climate_zone=B,geography,1.0
primary_total_co2,M1b,PHL,climate_zone=B,geography,0.0
primary_total_co2,M1b,QAT,climate_zone=B,geography,1.0
primary_total_co2,M1b,SAU,climate_zone=B,geography,1.0
primary_total_co2,M1b,KOR,climate_zone=B,geography,0.0
primary_total_co2,M1b,LKA,climate_zone=B,geography,0.0
primary_total_co2,M1b,SYR,climate_zone=B,geography,1.0
primary_total_co2,M1b,TWN,climate_zone=B,geography,0.0
primary_total_co2,M1b,TJK,climate_zone=B,geography,0.0
primary_total_co2,M1b,THA,climate_zone=B,geography,0.0
primary_total_co2,M1b,TUR,climate_zone=B,geography,0.0
primary_total_co2,M1b,TKM,climate_zone=B,geography,1.0
primary_total_co2,M1b,ARE,climate_zone=B,geography,1.0
primary_total_co2,M1b,UZB,climate_zone=B,geography,1.0
primary_total_co2,M1b,VNM,climate_zone=B,geography,0.0
primary_total_co2,M1b,YEM,climate_zone=B,geography,1.0
primary_total_co2,M1b,ALB,climate_zone=B,geography,0.0
primary_total_co2,M1b,AUT,climate_zone=B,geography,0.0
primary_total_co2,M1b,BLR,climate_zone=B,geography,0.0
primary_total_co2,M1b,BEL,climate_zone=B,geography,0.0
primary_total_co2,M1b,BIH,climate_zone=B,geography,0.0
primary_total_co2,M1b,BGR,climate_zone=B,geography,0.0
primary_total_co2,M1b,HRV,climate_zone=B,geography,0.0
primary_total_co2,M1b,CYP,climate_zone=B,geography,0.0
primary_total_co2,M1b,CZE,climate_zone=B,geography,0.0
primary_total_co2,M1b,DNK,climate_zone=B,geography,0.0
primary_total_co2,M1b,EST,climate_zone=B,geography,0.0
primary_total_co2,M1b,FIN,climate_zone=B,geography,0.0
primary_total_co2,M1b,FRA,climate_zone=B,geography,0.0
primary_total_co2,M1b,DEU,climate_zone=B,geography,0.0
primary_total_co2,M1b,GRC,climate_zone=B,geography,0.0
primary_total_co2,M1b,HUN,climate_zone=B,geography,0.0
primary_total_co2,M1b,ISL,climate_zone=B,geography,0.0
primary_total_co2,M1b,IRL,climate_zone=B,geography,0.0
primary_total_co2,M1b,ITA,climate_zone=B,geography,0.0
primary_total_co2,M1b,LVA,climate_zone=B,geography,0.0
primary_total_co2,M1b,LTU,climate_zone=B,geography,0.0
primary_total_co2,M1b,MKD,climate_zone=B,geography,0.0
primary_total_co2,M1b,MDA,climate_zone=B,geography,0.0
primary_total_co2,M1b,MNE,climate_zone=B,geography,0.0
primary_total_co2,M1b,NLD,climate_zone=B,geography,0.0
primary_total_co2,M1b,NOR,climate_zone=B,geography,0.0
primary_total_co2,M1b,POL,climate_zone=B,geography,0.0
primary_total_co2,M1b,PRT,climate_zone=B,geography,0.0
primary_total_co2,M1b,ROU,climate_zone=B,geography,0.0
primary_total_co2,M1b,RUS,climate_zone=B,geography,0.0
primary_total_co2,M1b,SRB,climate_zone=B,geography,0.0
primary_total_co2,M1b,SVK,climate_zone=B,geography,0.0
primary_total_co2,M1b,SVN,climate_zone=B,geography,0.0
primary_total_co2,M1b,ESP,climate_zone=B,geography,0.0
primary_total_co2,M1b,SWE,climate_zone=B,geography,0.0
primary_total_co2,M1b,CHE,climate_zone=B,geography,0.0
primary_total_co2,M1b,UKR,climate_zone=B,geography,0.0
primary_total_co2,M1b,GBR,climate_zone=B,geography,0.0
primary_total_co2,M1b,BHS,climate_zone=B,geography,0.0
primary_total_co2,M1b,CAN,climate_zone=B,geography,0.0
primary_total_co2,M1b,CRI,climate_zone=B,geography,0.0
primary_total_co2,M1b,CUB,climate_zone=B,geography,0.0
primary_total_co2,M1b,DOM,climate_zone=B,geography,0.0
primary_total_co2,M1b,SLV,climate_zone=B,geography,0.0
primary_total_co2,M1b,GTM,climate_zone=B,geography,0.0
primary_total_co2,M1b,HTI,climate_zone=B,geography,0.0
primary_total_co2,M1b,HND,climate_zone=B,geography,0.0
primary_total_co2,M1b,JAM,climate_zone=B,geography,0.0
primary_total_co2,M1b,MEX,climate_zone=B,geography,0.0
primary_total_co2,M1b,NIC,climate_zone=B,geography,0.0
primary_total_co2,M1b,PAN,climate_zone=B,geography,0.0
primary_total_co2,M1b,USA,climate_zone=B,geography,0.0
primary_total_co2,M1b,AUS,climate_zone=B,geography,0.0
primary_total_co2,M1b,NZL,climate_zone=B,geography,0.0
primary_total_co2,M1b,PNG,climate_zone=B,geography,0.0
primary_total_co2,M1b,ARG,climate_zone=B,geography,1.0
primary_total_co2,M1b,BOL,climate_zone=B,geography,0.0
primary_total_co2,M1b,BRA,climate_zone=B,geography,0.0
primary_total_co2,M1b,CHL,climate_zone=B,geography,0.0
primary_total_co2,M1b,COL,climate_zone=B,geography,0.0
primary_total_co2,M1b,ECU,climate_zone=B,geography,0.0
primary_total_co2,M1b,PRY,climate_zone=B,geography,0.0
primary_total_co2,M1b,PER,climate_zone=B,geography,1.0
primary_total_co2,M1b,SUR,climate_zone=B,geography,0.0
primary_total_co2,M1b,URY,climate_zone=B,geography,0.0
primary_total_co2,M1b,VEN,climate_zone=B,geography,0.0
primary_total_co2,M1b,DZA,climate_zone=C,geography,1.0
primary_total_co2,M1b,AGO,climate_zone=C,geography,1.0
primary_total_co2,M1b,BEN,climate_zone=C,geography,0.0
primary_total_co2,M1b,BWA,climate_zone=C,geography,0.0
primary_total_co2,M1b,BFA,climate_zone=C,geography,0.0
primary_total_co2,M1b,BDI,climate_zone=C,geography,0.0
primary_total_co2,M1b,CMR,climate_zone=C,geography,0.0
primary_total_co2,M1b,CAF,climate_zone=C,geography,0.0
primary_total_co2,M1b,TCD,climate_zone=C,geography,0.0
primary_total_co2,M1b,COG,climate_zone=C,geography,0.0
primary_total_co2,M1b,COD,climate_zone=C,geography,0.0
primary_total_co2,M1b,CIV,climate_zone=C,geography,0.0
primary_total_co2,M1b,DJI,climate_zone=C,geography,0.0
primary_total_co2,M1b,EGY,climate_zone=C,geography,0.0
primary_total_co2,M1b,GNQ,climate_zone=C,geography,0.0
primary_total_co2,M1b,ERI,climate_zone=C,geography,0.0
primary_total_co2,M1b,ETH,climate_zone=C,geography,0.0
primary_total_co2,M1b,GAB,climate_zone=C,geography,0.0
primary_total_co2,M1b,GHA,climate_zone=C,geography,0.0
primary_total_co2,M1b,GIN,climate_zone=C,geography,0.0
primary_total_co2,M1b,GNB,climate_zone=C,geography,0.0
primary_total_co2,M1b,KEN,climate_zone=C,geography,0.0
primary_total_co2,M1b,LSO,climate_zone=C,geography,1.0
primary_total_co2,M1b,LBR,climate_zone=C,geography,0.0
primary_total_co2,M1b,LBY,climate_zone=C,geography,0.0
primary_total_co2,M1b,MDG,climate_zone=C,geography,0.0
primary_total_co2,M1b,MWI,climate_zone=C,geography,0.0
primary_total_co2,M1b,MLI,climate_zone=C,geography,0.0
primary_total_co2,M1b,MRT,climate_zone=C,geography,0.0
primary_total_co2,M1b,MAR,climate_zone=C,geography,1.0
primary_total_co2,M1b,MOZ,climate_zone=C,geography,0.0
primary_total_co2,M1b,NAM,climate_zone=C,geography,0.0
primary_total_co2,M1b,NER,climate_zone=C,geography,0.0
primary_total_co2,M1b,NGA,climate_zone=C,geography,0.0
primary_total_co2,M1b,RWA,climate_zone=C,geography,0.0
primary_total_co2,M1b,SEN,climate_zone=C,geography,0.0
primary_total_co2,M1b,SLE,climate_zone=C,geography,0.0
primary_total_co2,M1b,SOM,climate_zone=C,geography,0.0
primary_total_co2,M1b,ZAF,climate_zone=C,geography,1.0
primary_total_co2,M1b,SDN,climate_zone=C,geography,0.0
primary_total_co2,M1b,SWZ,climate_zone=C,geography,0.0
primary_total_co2,M1b,TZA,climate_zone=C,geography,0.0
primary_total_co2,M1b,TGO,climate_zone=C,geography,0.0
primary_total_co2,M1b,TUN,climate_zone=C,geography,0.0
primary_total_co2,M1b,UGA,climate_zone=C,geography,0.0
primary_total_co2,M1b,ZMB,climate_zone=C,geography,1.0
primary_total_co2,M1b,ZWE,climate_zone=C,geography,1.0
primary_total_co2,M1b,AFG,climate_zone=C,geography,0.0
primary_total_co2,M1b,ARM,climate_zone=C,geography,0.0
primary_total_co2,M1b,AZE,climate_zone=C,geography,0.0
primary_total_co2,M1b,BGD,climate_zone=C,geography,0.0
primary_total_co2,M1b,MMR,climate_zone=C,geography,0.0
primary_total_co2,M1b,KHM,climate_zone=C,geography,0.0
primary_total_co2,M1b,CHN,climate_zone=C,geography,1.0
primary_total_co2,M1b,GEO,climate_zone=C,geography,0.0
primary_total_co2,M1b,IND,climate_zone=C,geography,0.0
primary_total_co2,M1b,IDN,climate_zone=C,geography,0.0
primary_total_co2,M1b,IRN,climate_zone=C,geography,0.0
primary_total_co2,M1b,IRQ,climate_zone=C,geography,1.0
primary_total_co2,M1b,ISR,climate_zone=C,geography,0.0
primary_total_co2,M1b,JPN,climate_zone=C,geography,1.0
primary_total_co2,M1b,JOR,climate_zone=C,geography,1.0
primary_total_co2,M1b,KAZ,climate_zone=C,geography,0.0
primary_total_co2,M1b,LAO,climate_zone=C,geography,0.0
primary_total_co2,M1b,LBN,climate_zone=C,geography,1.0
primary_total_co2,M1b,MYS,climate_zone=C,geography,0.0
primary_total_co2,M1b,MNG,climate_zone=C,geography,0.0
primary_total_co2,M1b,NPL,climate_zone=C,geography,1.0
primary_total_co2,M1b,OMN,climate_zone=C,geography,0.0
primary_total_co2,M1b,PAK,climate_zone=C,geography,0.0
primary_total_co2,M1b,PHL,climate_zone=C,geography,0.0
primary_total_co2,M1b,QAT,climate_zone=C,geography,0.0
primary_total_co2,M1b,SAU,climate_zone=C,geography,0.0
primary_total_co2,M1b,KOR,climate_zone=C,geography,0.0
primary_total_co2,M1b,LKA,climate_zone=C,geography,0.0
primary_total_co2,M1b,SYR,climate_zone=C,geography,0.0
primary_total_co2,M1b,TWN,climate_zone=C,geography,1.0
primary_total_co2,M1b,TJK,climate_zone=C,geography,0.0
primary_total_co2,M1b,THA,climate_zone=C,geography,0.0
primary_total_co2,M1b,TUR,climate_zone=C,geography,1.0
primary_total_co2,M1b,TKM,climate_zone=C,geography,0.0
primary_total_co2,M1b,ARE,climate_zone=C,geography,0.0
primary_total_co2,M1b,UZB,climate_zone=C,geography,0.0
primary_total_co2,M1b,VNM,climate_zone=C,geography,0.0
primary_total_co2,M1b,YEM,climate_zone=C,geography,0.0
primary_total_co2,M1b,ALB,climate_zone=C,geography,1.0
primary_total_co2,M1b,AUT,climate_zone=C,geography,0.0
primary_total_co2,M1b,BLR,climate_zone=C,geography,0.0
primary_total_co2,M1b,BEL,climate_zone=C,geography,1.0
primary_total_co2,M1b,BIH,climate_zone=C,geography,0.0
primary_total_co2,M1b,BGR,climate_zone=C,geography,0.0
primary_total_co2,M1b,HRV,climate_zone=C,geography,0.0
primary_total_co2,M1b,CYP,climate_zone=C,geography,1.0
primary_total_co2,M1b,CZE,climate_zone=C,geography,0.0
primary_total_co2,M1b,DNK,climate_zone=C,geography,1.0
primary_total_co2,M1b,EST,climate_zone=C,geography,0.0
primary_total_co2,M1b,FIN,climate_zone=C,geography,0.0
primary_total_co2,M1b,FRA,climate_zone=C,geography,1.0
primary_total_co2,M1b,DEU,climate_zone=C,geography,1.0
primary_total_co2,M1b,GRC,climate_zone=C,geography,1.0
primary_total_co2,M1b,HUN,climate_zone=C,geography,0.0
primary_total_co2,M1b,ISL,climate_zone=C,geography,0.0
primary_total_co2,M1b,IRL,climate_zone=C,geography,1.0
primary_total_co2,M1b,ITA,climate_zone=C,geography,1.0
primary_total_co2,M1b,LVA,climate_zone=C,geography,0.0
primary_total_co2,M1b,LTU,climate_zone=C,geography,0.0
primary_total_co2,M1b,MKD,climate_zone=C,geography,0.0
primary_total_co2,M1b,MDA,climate_zone=C,geography,0.0
primary_total_co2,M1b,MNE,climate_zone=C,geography,0.0
primary_total_co2,M1b,NLD,climate_zone=C,geography,1.0
primary_total_co2,M1b,NOR,climate_zone=C,geography,0.0
primary_total_co2,M1b,POL,climate_zone=C,geography,0.0
primary_total_co2,M1b,PRT,climate_zone=C,geography,1.0
primary_total_co2,M1b,ROU,climate_zone=C,geography,0.0
primary_total_co2,M1b,RUS,climate_zone=C,geography,0.0
primary_total_co2,M1b,SRB,climate_zone=C,geography,0.0
primary_total_co2,M1b,SVK,climate_zone=C,geography,0.0
primary_total_co2,M1b,SVN,climate_zone=C,geography,0.0
primary_total_co2,M1b,ESP,climate_zone=C,geography,1.0
primary_total_co2,M1b,SWE,climate_zone=C,geography,0.0
primary_total_co2,M1b,CHE,climate_zone=C,geography,0.0
primary_total_co2,M1b,UKR,climate_zone=C,geography,0.0
primary_total_co2,M1b,GBR,climate_zone=C,geography,1.0
primary_total_co2,M1b,BHS,climate_zone=C,geography,0.0
primary_total_co2,M1b,CAN,climate_zone=C,geography,0.0
primary_total_co2,M1b,CRI,climate_zone=C,geography,0.0
primary_total_co2,M1b,CUB,climate_zone=C,geography,0.0
primary_total_co2,M1b,DOM,climate_zone=C,geography,0.0
primary_total_co2,M1b,SLV,climate_zone=C,geography,0.0
primary_total_co2,M1b,GTM,climate_zone=C,geography,1.0
primary_total_co2,M1b,HTI,climate_zone=C,geography,0.0
primary_total_co2,M1b,HND,climate_zone=C,geography,0.0
primary_total_co2,M1b,JAM,climate_zone=C,geography,0.0
primary_total_co2,M1b,MEX,climate_zone=C,geography,1.0
primary_total_co2,M1b,NIC,climate_zone=C,geography,0.0
primary_total_co2,M1b,PAN,climate_zone=C,geography,0.0
primary_total_co2,M1b,USA,climate_zone=C,geography,1.0
primary_total_co2,M1b,AUS,climate_zone=C,geography,1.0
primary_total_co2,M1b,NZL,climate_zone=C,geography,1.0
primary_total_co2,M1b,PNG,climate_zone=C,geography,0.0
primary_total_co2,M1b,ARG,climate_zone=C,geography,0.0
primary_total_co2,M1b,BOL,climate_zone=C,geography,1.0
primary_total_co2,M1b,BRA,climate_zone=C,geography,1.0
primary_total_co2,M1b,CHL,climate_zone=C,geography,1.0
primary_total_co2,M1b,COL,climate_zone=C,geography,0.0
primary_total_co2,M1b,ECU,climate_zone=C,geography,0.0
primary_total_co2,M1b,PRY,climate_zone=C,geography,0.0
primary_total_co2,M1b,PER,climate_zone=C,geography,0.0
primary_total_co2,M1b,SUR,climate_zone=C,geography,0.0
primary_total_co2,M1b,URY,climate_zone=C,geography,1.0
primary_total_co2,M1b,VEN,climate_zone=C,geography,0.0
primary_total_co2,M1b,DZA,climate_zone=D,geography,0.0
primary_total_co2,M1b,AGO,climate_zone=D,geography,0.0
primary_total_co2,M1b,BEN,climate_zone=D,geography,0.0
primary_total_co2,M1b,BWA,climate_zone=D,geography,0.0
primary_total_co2,M1b,BFA,climate_zone=D,geography,0.0
primary_total_co2,M1b,BDI,climate_zone=D,geography,0.0
primary_total_co2,M1b,CMR,climate_zone=D,geography,0.0
primary_total_co2,M1b,CAF,climate_zone=D,geography,0.0
primary_total_co2,M1b,TCD,climate_zone=D,geography,0.0
primary_total_co2,M1b,COG,climate_zone=D,geography,0.0
primary_total_co2,M1b,COD,climate_zone=D,geography,0.0
primary_total_co2,M1b,CIV,climate_zone=D,geography,0.0
primary_total_co2,M1b,DJI,climate_zone=D,geography,0.0
primary_total_co2,M1b,EGY,climate_zone=D,geography,0.0
primary_total_co2,M1b,GNQ,climate_zone=D,geography,0.0
primary_total_co2,M1b,ERI,climate_zone=D,geography,0.0
primary_total_co2,M1b,ETH,climate_zone=D,geography,0.0
primary_total_co2,M1b,GAB,climate_zone=D,geography,0.0
primary_total_co2,M1b,GHA,climate_zone=D,geography,0.0
primary_total_co2,M1b,GIN,climate_zone=D,geography,0.0
primary_total_co2,M1b,GNB,climate_zone=D,geography,0.0
primary_total_co2,M1b,KEN,climate_zone=D,geography,0.0
primary_total_co2,M1b,LSO,climate_zone=D,geography,0.0
primary_total_co2,M1b,LBR,climate_zone=D,geography,0.0
primary_total_co2,M1b,LBY,climate_zone=D,geography,0.0
primary_total_co2,M1b,MDG,climate_zone=D,geography,0.0
primary_total_co2,M1b,MWI,climate_zone=D,geography,0.0
primary_total_co2,M1b,MLI,climate_zone=D,geography,0.0
primary_total_co2,M1b,MRT,climate_zone=D,geography,0.0
primary_total_co2,M1b,MAR,climate_zone=D,geography,0.0
primary_total_co2,M1b,MOZ,climate_zone=D,geography,0.0
primary_total_co2,M1b,NAM,climate_zone=D,geography,0.0
primary_total_co2,M1b,NER,climate_zone=D,geography,0.0
primary_total_co2,M1b,NGA,climate_zone=D,geography,0.0
primary_total_co2,M1b,RWA,climate_zone=D,geography,0.0
primary_total_co2,M1b,SEN,climate_zone=D,geography,0.0
primary_total_co2,M1b,SLE,climate_zone=D,geography,0.0
primary_total_co2,M1b,SOM,climate_zone=D,geography,0.0
primary_total_co2,M1b,ZAF,climate_zone=D,geography,0.0
primary_total_co2,M1b,SDN,climate_zone=D,geography,0.0
primary_total_co2,M1b,SWZ,climate_zone=D,geography,0.0
primary_total_co2,M1b,TZA,climate_zone=D,geography,0.0
primary_total_co2,M1b,TGO,climate_zone=D,geography,0.0
primary_total_co2,M1b,TUN,climate_zone=D,geography,0.0
primary_total_co2,M1b,UGA,climate_zone=D,geography,0.0
primary_total_co2,M1b,ZMB,climate_zone=D,geography,0.0
primary_total_co2,M1b,ZWE,climate_zone=D,geography,0.0
primary_total_co2,M1b,AFG,climate_zone=D,geography,0.0
primary_total_co2,M1b,ARM,climate_zone=D,geography,1.0
primary_total_co2,M1b,AZE,climate_zone=D,geography,1.0
primary_total_co2,M1b,BGD,climate_zone=D,geography,0.0
primary_total_co2,M1b,MMR,climate_zone=D,geography,0.0
primary_total_co2,M1b,KHM,climate_zone=D,geography,0.0
primary_total_co2,M1b,CHN,climate_zone=D,geography,0.0
primary_total_co2,M1b,GEO,climate_zone=D,geography,1.0
primary_total_co2,M1b,IND,climate_zone=D,geography,0.0
primary_total_co2,M1b,IDN,climate_zone=D,geography,0.0
primary_total_co2,M1b,IRN,climate_zone=D,geography,0.0
primary_total_co2,M1b,IRQ,climate_zone=D,geography,0.0
primary_total_co2,M1b,ISR,climate_zone=D,geography,0.0
primary_total_co2,M1b,JPN,climate_zone=D,geography,0.0
primary_total_co2,M1b,JOR,climate_zone=D,geography,0.0
primary_total_co2,M1b,KAZ,climate_zone=D,geography,0.0
primary_total_co2,M1b,LAO,climate_zone=D,geography,0.0
primary_total_co2,M1b,LBN,climate_zone=D,geography,0.0
primary_total_co2,M1b,MYS,climate_zone=D,geography,0.0
primary_total_co2,M1b,MNG,climate_zone=D,geography,0.0
primary_total_co2,M1b,NPL,climate_zone=D,geography,0.0
primary_total_co2,M1b,OMN,climate_zone=D,geography,0.0
primary_total_co2,M1b,PAK,climate_zone=D,geography,0.0
primary_total_co2,M1b,PHL,climate_zone=D,geography,0.0
primary_total_co2,M1b,QAT,climate_zone=D,geography,0.0
primary_total_co2,M1b,SAU,climate_zone=D,geography,0.0
primary_total_co2,M1b,KOR,climate_zone=D,geography,1.0
primary_total_co2,M1b,LKA,climate_zone=D,geography,0.0
primary_total_co2,M1b,SYR,climate_zone=D,geography,0.0
primary_total_co2,M1b,TWN,climate_zone=D,geography,0.0
primary_total_co2,M1b,TJK,climate_zone=D,geography,1.0
primary_total_co2,M1b,THA,climate_zone=D,geography,0.0
primary_total_co2,M1b,TUR,climate_zone=D,geography,0.0
primary_total_co2,M1b,TKM,climate_zone=D,geography,0.0
primary_total_co2,M1b,ARE,climate_zone=D,geography,0.0
primary_total_co2,M1b,UZB,climate_zone=D,geography,0.0
primary_total_co2,M1b,VNM,climate_zone=D,geography,0.0
primary_total_co2,M1b,YEM,climate_zone=D,geography,0.0
primary_total_co2,M1b,ALB,climate_zone=D,geography,0.0
primary_total_co2,M1b,AUT,climate_zone=D,geography,1.0
primary_total_co2,M1b,BLR,climate_zone=D,geography,1.0
primary_total_co2,M1b,BEL,climate_zone=D,geography,0.0
primary_total_co2,M1b,BIH,climate_zone=D,geography,1.0
primary_total_co2,M1b,BGR,climate_zone=D,geography,1.0
primary_total_co2,M1b,HRV,climate_zone=D,geography,1.0
primary_total_co2,M1b,CYP,climate_zone=D,geography,0.0
primary_total_co2,M1b,CZE,climate_zone=D,geography,1.0
primary_total_co2,M1b,DNK,climate_zone=D,geography,0.0
primary_total_co2,M1b,EST,climate_zone=D,geography,1.0
primary_total_co2,M1b,FIN,climate_zone=D,geography,1.0
primary_total_co2,M1b,FRA,climate_zone=D,geography,0.0
primary_total_co2,M1b,DEU,climate_zone=D,geography,0.0
primary_total_co2,M1b,GRC,climate_zone=D,geography,0.0
primary_total_co2,M1b,HUN,climate_zone=D,geography,1.0
primary_total_co2,M1b,ISL,climate_zone=D,geography,0.0
primary_total_co2,M1b,IRL,climate_zone=D,geography,0.0
primary_total_co2,M1b,ITA,climate_zone=D,geography,0.0
primary_total_co2,M1b,LVA,climate_zone=D,geography,1.0
primary_total_co2,M1b,LTU,climate_zone=D,geography,1.0
primary_total_co2,M1b,MKD,climate_zone=D,geography,1.0
primary_total_co2,M1b,MDA,climate_zone=D,geography,1.0
primary_total_co2,M1b,MNE,climate_zone=D,geography,1.0
primary_total_co2,M1b,NLD,climate_zone=D,geography,0.0
primary_total_co2,M1b,NOR,climate_zone=D,geography,1.0
primary_total_co2,M1b,POL,climate_zone=D,geography,1.0
primary_total_co2,M1b,PRT,climate_zone=D,geography,0.0
primary_total_co2,M1b,ROU,climate_zone=D,geography,1.0
primary_total_co2,M1b,RUS,climate_zone=D,geography,1.0
primary_total_co2,M1b,SRB,climate_zone=D,geography,1.0
primary_total_co2,M1b,SVK,climate_zone=D,geography,1.0
primary_total_co2,M1b,SVN,climate_zone=D,geography,1.0
primary_total_co2,M1b,ESP,climate_zone=D,geography,0.0
primary_total_co2,M1b,SWE,climate_zone=D,geography,1.0
primary_total_co2,M1b,CHE,climate_zone=D,geography,1.0
primary_total_co2,M1b,UKR,climate_zone=D,geography,1.0
primary_total_co2,M1b,GBR,climate_zone=D,geography,0.0
primary_total_co2,M1b,BHS,climate_zone=D,geography,0.0
primary_total_co2,M1b,CAN,climate_zone=D,geography,1.0
primary_total_co2,M1b,CRI,climate_zone=D,geography,0.0
primary_total_co2,M1b,CUB,climate_zone=D,geography,0.0
primary_total_co2,M1b,DOM,climate_zone=D,geography,0.0
primary_total_co2,M1b,SLV,climate_zone=D,geography,0.0
primary_total_co2,M1b,GTM,climate_zone=D,geography,0.0
primary_total_co2,M1b,HTI,climate_zone=D,geography,0.0
primary_total_co2,M1b,HND,climate_zone=D,geography,0.0
primary_total_co2,M1b,JAM,climate_zone=D,geography,0.0
primary_total_co2,M1b,MEX,climate_zone=D,geography,0.0
primary_total_co2,M1b,NIC,climate_zone=D,geography,0.0
primary_total_co2,M1b,PAN,climate_zone=D,geography,0.0
primary_total_co2,M1b,USA,climate_zone=D,geography,0.0
primary_total_co2,M1b,AUS,climate_zone=D,geography,0.0
primary_total_co2,M1b,NZL,climate_zone=D,geography,0.0
primary_total_co2,M1b,PNG,climate_zone=D,geography,0.0
primary_total_co2,M1b,ARG,climate_zone=D,geography,0.0
primary_total_co2,M1b,BOL,climate_zone=D,geography,0.0
primary_total_co2,M1b,BRA,climate_zone=D,geography,0.0
primary_total_co2,M1b,CHL,climate_zone=D,geography,0.0
primary_total_co2,M1b,COL,climate_zone=D,geography,0.0
primary_total_co2,M1b,ECU,climate_zone=D,geography,0.0
primary_total_co2,M1b,PRY,climate_zone=D,geography,0.0
primary_total_co2,M1b,PER,climate_zone=D,geography,0.0
primary_total_co2,M1b,SUR,climate_zone=D,geography,0.0
primary_total_co2,M1b,URY,climate_zone=D,geography,0.0
primary_total_co2,M1b,VEN,climate_zone=D,geography,0.0
primary_total_co2,M1b,DZA,climate_zone=E,geography,0.0
primary_total_co2,M1b,AGO,climate_zone=E,geography,0.0
primary_total_co2,M1b,BEN,climate_zone=E,geography,0.0
primary_total_co2,M1b,BWA,climate_zone=E,geography,0.0
primary_total_co2,M1b,BFA,climate_zone=E,geography,0.0
primary_total_co2,M1b,BDI,climate_zone=E,geography,0.0
primary_total_co2,M1b,CMR,climate_zone=E,geography,0.0
primary_total_co2,M1b,CAF,climate_zone=E,geography,0.0
primary_total_co2,M1b,TCD,climate_zone=E,geography,0.0
primary_total_co2,M1b,COG,climate_zone=E,geography,0.0
primary_total_co2,M1b,COD,climate_zone=E,geography,0.0
primary_total_co2,M1b,CIV,climate_zone=E,geography,0.0
primary_total_co2,M1b,DJI,climate_zone=E,geography,0.0
primary_total_co2,M1b,EGY,climate_zone=E,geography,0.0
primary_total_co2,M1b,GNQ,climate_zone=E,geography,0.0
primary_total_co2,M1b,ERI,climate_zone=E,geography,0.0
primary_total_co2,M1b,ETH,climate_zone=E,geography,0.0
primary_total_co2,M1b,GAB,climate_zone=E,geography,0.0
primary_total_co2,M1b,GHA,climate_zone=E,geography,0.0
primary_total_co2,M1b,GIN,climate_zone=E,geography,0.0
primary_total_co2,M1b,GNB,climate_zone=E,geography,0.0
primary_total_co2,M1b,KEN,climate_zone=E,geography,0.0
primary_total_co2,M1b,LSO,climate_zone=E,geography,0.0
primary_total_co2,M1b,LBR,climate_zone=E,geography,0.0
primary_total_co2,M1b,LBY,climate_zone=E,geography,0.0
primary_total_co2,M1b,MDG,climate_zone=E,geography,0.0
primary_total_co2,M1b,MWI,climate_zone=E,geography,0.0
primary_total_co2,M1b,MLI,climate_zone=E,geography,0.0
primary_total_co2,M1b,MRT,climate_zone=E,geography,0.0
primary_total_co2,M1b,MAR,climate_zone=E,geography,0.0
primary_total_co2,M1b,MOZ,climate_zone=E,geography,0.0
primary_total_co2,M1b,NAM,climate_zone=E,geography,0.0
primary_total_co2,M1b,NER,climate_zone=E,geography,0.0
primary_total_co2,M1b,NGA,climate_zone=E,geography,0.0
primary_total_co2,M1b,RWA,climate_zone=E,geography,0.0
primary_total_co2,M1b,SEN,climate_zone=E,geography,0.0
primary_total_co2,M1b,SLE,climate_zone=E,geography,0.0
primary_total_co2,M1b,SOM,climate_zone=E,geography,0.0
primary_total_co2,M1b,ZAF,climate_zone=E,geography,0.0
primary_total_co2,M1b,SDN,climate_zone=E,geography,0.0
primary_total_co2,M1b,SWZ,climate_zone=E,geography,0.0
primary_total_co2,M1b,TZA,climate_zone=E,geography,0.0
primary_total_co2,M1b,TGO,climate_zone=E,geography,0.0
primary_total_co2,M1b,TUN,climate_zone=E,geography,0.0
primary_total_co2,M1b,UGA,climate_zone=E,geography,0.0
primary_total_co2,M1b,ZMB,climate_zone=E,geography,0.0
primary_total_co2,M1b,ZWE,climate_zone=E,geography,0.0
primary_total_co2,M1b,AFG,climate_zone=E,geography,0.0
primary_total_co2,M1b,ARM,climate_zone=E,geography,0.0
primary_total_co2,M1b,AZE,climate_zone=E,geography,0.0
primary_total_co2,M1b,BGD,climate_zone=E,geography,0.0
primary_total_co2,M1b,MMR,climate_zone=E,geography,0.0
primary_total_co2,M1b,KHM,climate_zone=E,geography,0.0
primary_total_co2,M1b,CHN,climate_zone=E,geography,0.0
primary_total_co2,M1b,GEO,climate_zone=E,geography,0.0
primary_total_co2,M1b,IND,climate_zone=E,geography,0.0
primary_total_co2,M1b,IDN,climate_zone=E,geography,0.0
primary_total_co2,M1b,IRN,climate_zone=E,geography,0.0
primary_total_co2,M1b,IRQ,climate_zone=E,geography,0.0
primary_total_co2,M1b,ISR,climate_zone=E,geography,0.0
primary_total_co2,M1b,JPN,climate_zone=E,geography,0.0
primary_total_co2,M1b,JOR,climate_zone=E,geography,0.0
primary_total_co2,M1b,KAZ,climate_zone=E,geography,0.0
primary_total_co2,M1b,LAO,climate_zone=E,geography,0.0
primary_total_co2,M1b,LBN,climate_zone=E,geography,0.0
primary_total_co2,M1b,MYS,climate_zone=E,geography,0.0
primary_total_co2,M1b,MNG,climate_zone=E,geography,0.0
primary_total_co2,M1b,NPL,climate_zone=E,geography,0.0
primary_total_co2,M1b,OMN,climate_zone=E,geography,0.0
primary_total_co2,M1b,PAK,climate_zone=E,geography,0.0
primary_total_co2,M1b,PHL,climate_zone=E,geography,0.0
primary_total_co2,M1b,QAT,climate_zone=E,geography,0.0
primary_total_co2,M1b,SAU,climate_zone=E,geography,0.0
primary_total_co2,M1b,KOR,climate_zone=E,geography,0.0
primary_total_co2,M1b,LKA,climate_zone=E,geography,0.0
primary_total_co2,M1b,SYR,climate_zone=E,geography,0.0
primary_total_co2,M1b,TWN,climate_zone=E,geography,0.0
primary_total_co2,M1b,TJK,climate_zone=E,geography,0.0
primary_total_co2,M1b,THA,climate_zone=E,geography,0.0
primary_total_co2,M1b,TUR,climate_zone=E,geography,0.0
primary_total_co2,M1b,TKM,climate_zone=E,geography,0.0
primary_total_co2,M1b,ARE,climate_zone=E,geography,0.0
primary_total_co2,M1b,UZB,climate_zone=E,geography,0.0
primary_total_co2,M1b,VNM,climate_zone=E,geography,0.0
primary_total_co2,M1b,YEM,climate_zone=E,geography,0.0
primary_total_co2,M1b,ALB,climate_zone=E,geography,0.0
primary_total_co2,M1b,AUT,climate_zone=E,geography,0.0
primary_total_co2,M1b,BLR,climate_zone=E,geography,0.0
primary_total_co2,M1b,BEL,climate_zone=E,geography,0.0
primary_total_co2,M1b,BIH,climate_zone=E,geography,0.0
primary_total_co2,M1b,BGR,climate_zone=E,geography,0.0
primary_total_co2,M1b,HRV,climate_zone=E,geography,0.0
primary_total_co2,M1b,CYP,climate_zone=E,geography,0.0
primary_total_co2,M1b,CZE,climate_zone=E,geography,0.0
primary_total_co2,M1b,DNK,climate_zone=E,geography,0.0
primary_total_co2,M1b,EST,climate_zone=E,geography,0.0
primary_total_co2,M1b,FIN,climate_zone=E,geography,0.0
primary_total_co2,M1b,FRA,climate_zone=E,geography,0.0
primary_total_co2,M1b,DEU,climate_zone=E,geography,0.0
primary_total_co2,M1b,GRC,climate_zone=E,geography,0.0
primary_total_co2,M1b,HUN,climate_zone=E,geography,0.0
primary_total_co2,M1b,ISL,climate_zone=E,geography,1.0
primary_total_co2,M1b,IRL,climate_zone=E,geography,0.0
primary_total_co2,M1b,ITA,climate_zone=E,geography,0.0
primary_total_co2,M1b,LVA,climate_zone=E,geography,0.0
primary_total_co2,M1b,LTU,climate_zone=E,geography,0.0
primary_total_co2,M1b,MKD,climate_zone=E,geography,0.0
primary_total_co2,M1b,MDA,climate_zone=E,geography,0.0
primary_total_co2,M1b,MNE,climate_zone=E,geography,0.0
primary_total_co2,M1b,NLD,climate_zone=E,geography,0.0
primary_total_co2,M1b,NOR,climate_zone=E,geography,0.0
primary_total_co2,M1b,POL,climate_zone=E,geography,0.0
primary_total_co2,M1b,PRT,climate_zone=E,geography,0.0
primary_total_co2,M1b,ROU,climate_zone=E,geography,0.0
primary_total_co2,M1b,RUS,climate_zone=E,geography,0.0
primary_total_co2,M1b,SRB,climate_zone=E,geography,0.0
primary_total_co2,M1b,SVK,climate_zone=E,geography,0.0
primary_total_co2,M1b,SVN,climate_zone=E,geography,0.0
primary_total_co2,M1b,ESP,climate_zone=E,geography,0.0
primary_total_co2,M1b,SWE,climate_zone=E,geography,0.0
primary_total_co2,M1b,CHE,climate_zone=E,geography,0.0
primary_total_co2,M1b,UKR,climate_zone=E,geography,0.0
primary_total_co2,M1b,GBR,climate_zone=E,geography,0.0
primary_total_co2,M1b,BHS,climate_zone=E,geography,0.0
primary_total_co2,M1b,CAN,climate_zone=E,geography,0.0
primary_total_co2,M1b,CRI,climate_zone=E,geography,0.0
primary_total_co2,M1b,CUB,climate_zone=E,geography,0.0
primary_total_co2,M1b,DOM,climate_zone=E,geography,0.0
primary_total_co2,M1b,SLV,climate_zone=E,geography,0.0
primary_total_co2,M1b,GTM,climate_zone=E,geography,0.0
primary_total_co2,M1b,HTI,climate_zone=E,geography,0.0
primary_total_co2,M1b,HND,climate_zone=E,geography,0.0
primary_total_co2,M1b,JAM,climate_zone=E,geography,0.0
primary_total_co2,M1b,MEX,climate_zone=E,geography,0.0
primary_total_co2,M1b,NIC,climate_zone=E,geography,0.0
primary_total_co2,M1b,PAN,climate_zone=E,geography,0.0
primary_total_co2,M1b,USA,climate_zone=E,geography,0.0
primary_total_co2,M1b,AUS,climate_zone=E,geography,0.0
primary_total_co2,M1b,NZL,climate_zone=E,geography,0.0
primary_total_co2,M1b,PNG,climate_zone=E,geography,0.0
primary_total_co2,M1b,ARG,climate_zone=E,geography,0.0
primary_total_co2,M1b,BOL,climate_zone=E,geography,0.0
primary_total_co2,M1b,BRA,climate_zone=E,geography,0.0
primary_total_co2,M1b,CHL,climate_zone=E,geography,0.0
primary_total_co2,M1b,COL,climate_zone=E,geography,0.0
primary_total_co2,M1b,ECU,climate_zone=E,geography,0.0
primary_total_co2,M1b,PRY,climate_zone=E,geography,0.0
primary_total_co2,M1b,PER,climate_zone=E,geography,0.0
primary_total_co2,M1b,SUR,climate_zone=E,geography,0.0
primary_total_co2,M1b,URY,climate_zone=E,geography,0.0
primary_total_co2,M1b,VEN,climate_zone=E,geography,0.0
primary_total_co2,M1b,DZA,hemisphere=S,geography,0.0
primary_total_co2,M1b,AGO,hemisphere=S,geography,1.0
primary_total_co2,M1b,BEN,hemisphere=S,geography,0.0
primary_total_co2,M1b,BWA,hemisphere=S,geography,1.0
primary_total_co2,M1b,BFA,hemisphere=S,geography,0.0
primary_total_co2,M1b,BDI,hemisphere=S,geography,1.0
primary_total_co2,M1b,CMR,hemisphere=S,geography,0.0
primary_total_co2,M1b,CAF,hemisphere=S,geography,0.0
primary_total_co2,M1b,TCD,hemisphere=S,geography,0.0
primary_total_co2,M1b,COG,hemisphere=S,geography,1.0
primary_total_co2,M1b,COD,hemisphere=S,geography,1.0
primary_total_co2,M1b,CIV,hemisphere=S,geography,0.0
primary_total_co2,M1b,DJI,hemisphere=S,geography,0.0
primary_total_co2,M1b,EGY,hemisphere=S,geography,0.0
primary_total_co2,M1b,GNQ,hemisphere=S,geography,0.0
primary_total_co2,M1b,ERI,hemisphere=S,geography,0.0
primary_total_co2,M1b,ETH,hemisphere=S,geography,0.0
primary_total_co2,M1b,GAB,hemisphere=S,geography,0.0
primary_total_co2,M1b,GHA,hemisphere=S,geography,0.0
primary_total_co2,M1b,GIN,hemisphere=S,geography,0.0
primary_total_co2,M1b,GNB,hemisphere=S,geography,0.0
primary_total_co2,M1b,KEN,hemisphere=S,geography,1.0
primary_total_co2,M1b,LSO,hemisphere=S,geography,1.0
primary_total_co2,M1b,LBR,hemisphere=S,geography,0.0
primary_total_co2,M1b,LBY,hemisphere=S,geography,0.0
primary_total_co2,M1b,MDG,hemisphere=S,geography,1.0
primary_total_co2,M1b,MWI,hemisphere=S,geography,1.0
primary_total_co2,M1b,MLI,hemisphere=S,geography,0.0
primary_total_co2,M1b,MRT,hemisphere=S,geography,0.0
primary_total_co2,M1b,MAR,hemisphere=S,geography,0.0
primary_total_co2,M1b,MOZ,hemisphere=S,geography,1.0
primary_total_co2,M1b,NAM,hemisphere=S,geography,1.0
primary_total_co2,M1b,NER,hemisphere=S,geography,0.0
primary_total_co2,M1b,NGA,hemisphere=S,geography,0.0
primary_total_co2,M1b,RWA,hemisphere=S,geography,1.0
primary_total_co2,M1b,SEN,hemisphere=S,geography,0.0
primary_total_co2,M1b,SLE,hemisphere=S,geography,0.0
primary_total_co2,M1b,SOM,hemisphere=S,geography,0.0
primary_total_co2,M1b,ZAF,hemisphere=S,geography,1.0
primary_total_co2,M1b,SDN,hemisphere=S,geography,0.0
primary_total_co2,M1b,SWZ,hemisphere=S,geography,1.0
primary_total_co2,M1b,TZA,hemisphere=S,geography,1.0
primary_total_co2,M1b,TGO,hemisphere=S,geography,0.0
primary_total_co2,M1b,TUN,hemisphere=S,geography,0.0
primary_total_co2,M1b,UGA,hemisphere=S,geography,0.0
primary_total_co2,M1b,ZMB,hemisphere=S,geography,1.0
primary_total_co2,M1b,ZWE,hemisphere=S,geography,1.0
primary_total_co2,M1b,AFG,hemisphere=S,geography,0.0
primary_total_co2,M1b,ARM,hemisphere=S,geography,0.0
primary_total_co2,M1b,AZE,hemisphere=S,geography,0.0
primary_total_co2,M1b,BGD,hemisphere=S,geography,0.0
primary_total_co2,M1b,MMR,hemisphere=S,geography,0.0
primary_total_co2,M1b,KHM,hemisphere=S,geography,0.0
primary_total_co2,M1b,CHN,hemisphere=S,geography,0.0
primary_total_co2,M1b,GEO,hemisphere=S,geography,0.0
primary_total_co2,M1b,IND,hemisphere=S,geography,0.0
primary_total_co2,M1b,IDN,hemisphere=S,geography,1.0
primary_total_co2,M1b,IRN,hemisphere=S,geography,0.0
primary_total_co2,M1b,IRQ,hemisphere=S,geography,0.0
primary_total_co2,M1b,ISR,hemisphere=S,geography,0.0
primary_total_co2,M1b,JPN,hemisphere=S,geography,0.0
primary_total_co2,M1b,JOR,hemisphere=S,geography,0.0
primary_total_co2,M1b,KAZ,hemisphere=S,geography,0.0
primary_total_co2,M1b,LAO,hemisphere=S,geography,0.0
primary_total_co2,M1b,LBN,hemisphere=S,geography,0.0
primary_total_co2,M1b,MYS,hemisphere=S,geography,0.0
primary_total_co2,M1b,MNG,hemisphere=S,geography,0.0
primary_total_co2,M1b,NPL,hemisphere=S,geography,0.0
primary_total_co2,M1b,OMN,hemisphere=S,geography,0.0
primary_total_co2,M1b,PAK,hemisphere=S,geography,0.0
primary_total_co2,M1b,PHL,hemisphere=S,geography,0.0
primary_total_co2,M1b,QAT,hemisphere=S,geography,0.0
primary_total_co2,M1b,SAU,hemisphere=S,geography,0.0
primary_total_co2,M1b,KOR,hemisphere=S,geography,0.0
primary_total_co2,M1b,LKA,hemisphere=S,geography,0.0
primary_total_co2,M1b,SYR,hemisphere=S,geography,0.0
primary_total_co2,M1b,TWN,hemisphere=S,geography,0.0
primary_total_co2,M1b,TJK,hemisphere=S,geography,0.0
primary_total_co2,M1b,THA,hemisphere=S,geography,0.0
primary_total_co2,M1b,TUR,hemisphere=S,geography,0.0
primary_total_co2,M1b,TKM,hemisphere=S,geography,0.0
primary_total_co2,M1b,ARE,hemisphere=S,geography,0.0
primary_total_co2,M1b,UZB,hemisphere=S,geography,0.0
primary_total_co2,M1b,VNM,hemisphere=S,geography,0.0
primary_total_co2,M1b,YEM,hemisphere=S,geography,0.0
primary_total_co2,M1b,ALB,hemisphere=S,geography,0.0
primary_total_co2,M1b,AUT,hemisphere=S,geography,0.0
primary_total_co2,M1b,BLR,hemisphere=S,geography,0.0
primary_total_co2,M1b,BEL,hemisphere=S,geography,0.0
primary_total_co2,M1b,BIH,hemisphere=S,geography,0.0
primary_total_co2,M1b,BGR,hemisphere=S,geography,0.0
primary_total_co2,M1b,HRV,hemisphere=S,geography,0.0
primary_total_co2,M1b,CYP,hemisphere=S,geography,0.0
primary_total_co2,M1b,CZE,hemisphere=S,geography,0.0
primary_total_co2,M1b,DNK,hemisphere=S,geography,0.0
primary_total_co2,M1b,EST,hemisphere=S,geography,0.0
primary_total_co2,M1b,FIN,hemisphere=S,geography,0.0
primary_total_co2,M1b,FRA,hemisphere=S,geography,0.0
primary_total_co2,M1b,DEU,hemisphere=S,geography,0.0
primary_total_co2,M1b,GRC,hemisphere=S,geography,0.0
primary_total_co2,M1b,HUN,hemisphere=S,geography,0.0
primary_total_co2,M1b,ISL,hemisphere=S,geography,0.0
primary_total_co2,M1b,IRL,hemisphere=S,geography,0.0
primary_total_co2,M1b,ITA,hemisphere=S,geography,0.0
primary_total_co2,M1b,LVA,hemisphere=S,geography,0.0
primary_total_co2,M1b,LTU,hemisphere=S,geography,0.0
primary_total_co2,M1b,MKD,hemisphere=S,geography,0.0
primary_total_co2,M1b,MDA,hemisphere=S,geography,0.0
primary_total_co2,M1b,MNE,hemisphere=S,geography,0.0
primary_total_co2,M1b,NLD,hemisphere=S,geography,0.0
primary_total_co2,M1b,NOR,hemisphere=S,geography,0.0
primary_total_co2,M1b,POL,hemisphere=S,geography,0.0
primary_total_co2,M1b,PRT,hemisphere=S,geography,0.0
primary_total_co2,M1b,ROU,hemisphere=S,geography,0.0
primary_total_co2,M1b,RUS,hemisphere=S,geography,0.0
primary_total_co2,M1b,SRB,hemisphere=S,geography,0.0
primary_total_co2,M1b,SVK,hemisphere=S,geography,0.0
primary_total_co2,M1b,SVN,hemisphere=S,geography,0.0
primary_total_co2,M1b,ESP,hemisphere=S,geography,0.0
primary_total_co2,M1b,SWE,hemisphere=S,geography,0.0
primary_total_co2,M1b,CHE,hemisphere=S,geography,0.0
primary_total_co2,M1b,UKR,hemisphere=S,geography,0.0
primary_total_co2,M1b,GBR,hemisphere=S,geography,0.0
primary_total_co2,M1b,BHS,hemisphere=S,geography,0.0
primary_total_co2,M1b,CAN,hemisphere=S,geography,0.0
primary_total_co2,M1b,CRI,hemisphere=S,geography,0.0
primary_total_co2,M1b,CUB,hemisphere=S,geography,0.0
primary_total_co2,M1b,DOM,hemisphere=S,geography,0.0
primary_total_co2,M1b,SLV,hemisphere=S,geography,0.0
primary_total_co2,M1b,GTM,hemisphere=S,geography,0.0
primary_total_co2,M1b,HTI,hemisphere=S,geography,0.0
primary_total_co2,M1b,HND,hemisphere=S,geography,0.0
primary_total_co2,M1b,JAM,hemisphere=S,geography,0.0
primary_total_co2,M1b,MEX,hemisphere=S,geography,0.0
primary_total_co2,M1b,NIC,hemisphere=S,geography,0.0
primary_total_co2,M1b,PAN,hemisphere=S,geography,0.0
primary_total_co2,M1b,USA,hemisphere=S,geography,0.0
primary_total_co2,M1b,AUS,hemisphere=S,geography,1.0
primary_total_co2,M1b,NZL,hemisphere=S,geography,1.0
primary_total_co2,M1b,PNG,hemisphere=S,geography,1.0
primary_total_co2,M1b,ARG,hemisphere=S,geography,1.0
primary_total_co2,M1b,BOL,hemisphere=S,geography,1.0
primary_total_co2,M1b,BRA,hemisphere=S,geography,1.0
primary_total_co2,M1b,CHL,hemisphere=S,geography,1.0
primary_total_co2,M1b,COL,hemisphere=S,geography,0.0
primary_total_co2,M1b,ECU,hemisphere=S,geography,1.0
primary_total_co2,M1b,PRY,hemisphere=S,geography,1.0
primary_total_co2,M1b,PER,hemisphere=S,geography,1.0
primary_total_co2,M1b,SUR,hemisphere=S,geography,0.0
primary_total_co2,M1b,URY,hemisphere=S,geography,1.0
primary_total_co2,M1b,VEN,hemisphere=S,geography,0.0
primary_total_co2,M1b,DZA,spatial_block=Asia,geography,0.0
primary_total_co2,M1b,AGO,spatial_block=Asia,geography,0.0
primary_total_co2,M1b,BEN,spatial_block=Asia,geography,0.0
primary_total_co2,M1b,BWA,spatial_block=Asia,geography,0.0
primary_total_co2,M1b,BFA,spatial_block=Asia,geography,0.0
primary_total_co2,M1b,BDI,spatial_block=Asia,geography,0.0
primary_total_co2,M1b,CMR,spatial_block=Asia,geography,0.0
primary_total_co2,M1b,CAF,spatial_block=Asia,geography,0.0
primary_total_co2,M1b,TCD,spatial_block=Asia,geography,0.0
primary_total_co2,M1b,COG,spatial_block=Asia,geography,0.0
primary_total_co2,M1b,COD,spatial_block=Asia,geography,0.0
primary_total_co2,M1b,CIV,spatial_block=Asia,geography,0.0
primary_total_co2,M1b,DJI,spatial_block=Asia,geography,0.0
primary_total_co2,M1b,EGY,spatial_block=Asia,geography,0.0
primary_total_co2,M1b,GNQ,spatial_block=Asia,geography,0.0
primary_total_co2,M1b,ERI,spatial_block=Asia,geography,0.0
primary_total_co2,M1b,ETH,spatial_block=Asia,geography,0.0
primary_total_co2,M1b,GAB,spatial_block=Asia,geography,0.0
primary_total_co2,M1b,GHA,spatial_block=Asia,geography,0.0
primary_total_co2,M1b,GIN,spatial_block=Asia,geography,0.0
primary_total_co2,M1b,GNB,spatial_block=Asia,geography,0.0
primary_total_co2,M1b,KEN,spatial_block=Asia,geography,0.0
primary_total_co2,M1b,LSO,spatial_block=Asia,geography,0.0
primary_total_co2,M1b,LBR,spatial_block=Asia,geography,0.0
primary_total_co2,M1b,LBY,spatial_block=Asia,geography,0.0
primary_total_co2,M1b,MDG,spatial_block=Asia,geography,0.0
primary_total_co2,M1b,MWI,spatial_block=Asia,geography,0.0
primary_total_co2,M1b,MLI,spatial_block=Asia,geography,0.0
primary_total_co2,M1b,MRT,spatial_block=Asia,geography,0.0
primary_total_co2,M1b,MAR,spatial_block=Asia,geography,0.0
primary_total_co2,M1b,MOZ,spatial_block=Asia,geography,0.0
primary_total_co2,M1b,NAM,spatial_block=Asia,geography,0.0
primary_total_co2,M1b,NER,spatial_block=Asia,geography,0.0
primary_total_co2,M1b,NGA,spatial_block=Asia,geography,0.0
primary_total_co2,M1b,RWA,spatial_block=Asia,geography,0.0
primary_total_co2,M1b,SEN,spatial_block=Asia,geography,0.0
primary_total_co2,M1b,SLE,spatial_block=Asia,geography,0.0
primary_total_co2,M1b,SOM,spatial_block=Asia,geography,0.0
primary_total_co2,M1b,ZAF,spatial_block=Asia,geography,0.0
primary_total_co2,M1b,SDN,spatial_block=Asia,geography,0.0
primary_total_co2,M1b,SWZ,spatial_block=Asia,geography,0.0
primary_total_co2,M1b,TZA,spatial_block=Asia,geography,0.0
primary_total_co2,M1b,TGO,spatial_block=Asia,geography,0.0
primary_total_co2,M1b,TUN,spatial_block=Asia,geography,0.0
primary_total_co2,M1b,UGA,spatial_block=Asia,geography,0.0
primary_total_co2,M1b,ZMB,spatial_block=Asia,geography,0.0
primary_total_co2,M1b,ZWE,spatial_block=Asia,geography,0.0
primary_total_co2,M1b,AFG,spatial_block=Asia,geography,1.0
primary_total_co2,M1b,ARM,spatial_block=Asia,geography,1.0
primary_total_co2,M1b,AZE,spatial_block=Asia,geography,1.0
primary_total_co2,M1b,BGD,spatial_block=Asia,geography,1.0
primary_total_co2,M1b,MMR,spatial_block=Asia,geography,1.0
primary_total_co2,M1b,KHM,spatial_block=Asia,geography,1.0
primary_total_co2,M1b,CHN,spatial_block=Asia,geography,1.0
primary_total_co2,M1b,GEO,spatial_block=Asia,geography,1.0
primary_total_co2,M1b,IND,spatial_block=Asia,geography,1.0
primary_total_co2,M1b,IDN,spatial_block=Asia,geography,1.0
primary_total_co2,M1b,IRN,spatial_block=Asia,geography,1.0
primary_total_co2,M1b,IRQ,spatial_block=Asia,geography,1.0
primary_total_co2,M1b,ISR,spatial_block=Asia,geography,1.0
primary_total_co2,M1b,JPN,spatial_block=Asia,geography,1.0
primary_total_co2,M1b,JOR,spatial_block=Asia,geography,1.0
primary_total_co2,M1b,KAZ,spatial_block=Asia,geography,1.0
primary_total_co2,M1b,LAO,spatial_block=Asia,geography,1.0
primary_total_co2,M1b,LBN,spatial_block=Asia,geography,1.0
primary_total_co2,M1b,MYS,spatial_block=Asia,geography,1.0
primary_total_co2,M1b,MNG,spatial_block=Asia,geography,1.0
primary_total_co2,M1b,NPL,spatial_block=Asia,geography,1.0
primary_total_co2,M1b,OMN,spatial_block=Asia,geography,1.0
primary_total_co2,M1b,PAK,spatial_block=Asia,geography,1.0
primary_total_co2,M1b,PHL,spatial_block=Asia,geography,1.0
primary_total_co2,M1b,QAT,spatial_block=Asia,geography,1.0
primary_total_co2,M1b,SAU,spatial_block=Asia,geography,1.0
primary_total_co2,M1b,KOR,spatial_block=Asia,geography,1.0
primary_total_co2,M1b,LKA,spatial_block=Asia,geography,1.0
primary_total_co2,M1b,SYR,spatial_block=Asia,geography,1.0
primary_total_co2,M1b,TWN,spatial_block=Asia,geography,1.0
primary_total_co2,M1b,TJK,spatial_block=Asia,geography,1.0
primary_total_co2,M1b,THA,spatial_block=Asia,geography,1.0
primary_total_co2,M1b,TUR,spatial_block=Asia,geography,1.0
primary_total_co2,M1b,TKM,spatial_block=Asia,geography,1.0
primary_total_co2,M1b,ARE,spatial_block=Asia,geography,1.0
primary_total_co2,M1b,UZB,spatial_block=Asia,geography,1.0
primary_total_co2,M1b,VNM,spatial_block=Asia,geography,1.0
primary_total_co2,M1b,YEM,spatial_block=Asia,geography,1.0
primary_total_co2,M1b,ALB,spatial_block=Asia,geography,0.0
primary_total_co2,M1b,AUT,spatial_block=Asia,geography,0.0
primary_total_co2,M1b,BLR,spatial_block=Asia,geography,0.0
primary_total_co2,M1b,BEL,spatial_block=Asia,geography,0.0
primary_total_co2,M1b,BIH,spatial_block=Asia,geography,0.0
primary_total_co2,M1b,BGR,spatial_block=Asia,geography,0.0
primary_total_co2,M1b,HRV,spatial_block=Asia,geography,0.0
primary_total_co2,M1b,CYP,spatial_block=Asia,geography,0.0
primary_total_co2,M1b,CZE,spatial_block=Asia,geography,0.0
primary_total_co2,M1b,DNK,spatial_block=Asia,geography,0.0
primary_total_co2,M1b,EST,spatial_block=Asia,geography,0.0
primary_total_co2,M1b,FIN,spatial_block=Asia,geography,0.0
primary_total_co2,M1b,FRA,spatial_block=Asia,geography,0.0
primary_total_co2,M1b,DEU,spatial_block=Asia,geography,0.0
primary_total_co2,M1b,GRC,spatial_block=Asia,geography,0.0
primary_total_co2,M1b,HUN,spatial_block=Asia,geography,0.0
primary_total_co2,M1b,ISL,spatial_block=Asia,geography,0.0
primary_total_co2,M1b,IRL,spatial_block=Asia,geography,0.0
primary_total_co2,M1b,ITA,spatial_block=Asia,geography,0.0
primary_total_co2,M1b,LVA,spatial_block=Asia,geography,0.0
primary_total_co2,M1b,LTU,spatial_block=Asia,geography,0.0
primary_total_co2,M1b,MKD,spatial_block=Asia,geography,0.0
primary_total_co2,M1b,MDA,spatial_block=Asia,geography,0.0
primary_total_co2,M1b,MNE,spatial_block=Asia,geography,0.0
primary_total_co2,M1b,NLD,spatial_block=Asia,geography,0.0
primary_total_co2,M1b,NOR,spatial_block=Asia,geography,0.0
primary_total_co2,M1b,POL,spatial_block=Asia,geography,0.0
primary_total_co2,M1b,PRT,spatial_block=Asia,geography,0.0
primary_total_co2,M1b,ROU,spatial_block=Asia,geography,0.0
primary_total_co2,M1b,RUS,spatial_block=Asia,geography,0.0
primary_total_co2,M1b,SRB,spatial_block=Asia,geography,0.0
primary_total_co2,M1b,SVK,spatial_block=Asia,geography,0.0
primary_total_co2,M1b,SVN,spatial_block=Asia,geography,0.0
primary_total_co2,M1b,ESP,spatial_block=Asia,geography,0.0
primary_total_co2,M1b,SWE,spatial_block=Asia,geography,0.0
primary_total_co2,M1b,CHE,spatial_block=Asia,geography,0.0
primary_total_co2,M1b,UKR,spatial_block=Asia,geography,0.0
primary_total_co2,M1b,GBR,spatial_block=Asia,geography,0.0
primary_total_co2,M1b,BHS,spatial_block=Asia,geography,0.0
primary_total_co2,M1b,CAN,spatial_block=Asia,geography,0.0
primary_total_co2,M1b,CRI,spatial_block=Asia,geography,0.0
primary_total_co2,M1b,CUB,spatial_block=Asia,geography,0.0
primary_total_co2,M1b,DOM,spatial_block=Asia,geography,0.0
primary_total_co2,M1b,SLV,spatial_block=Asia,geography,0.0
primary_total_co2,M1b,GTM,spatial_block=Asia,geography,0.0
primary_total_co2,M1b,HTI,spatial_block=Asia,geography,0.0
primary_total_co2,M1b,HND,spatial_block=Asia,geography,0.0
primary_total_co2,M1b,JAM,spatial_block=Asia,geography,0.0
primary_total_co2,M1b,MEX,spatial_block=Asia,geography,0.0
primary_total_co2,M1b,NIC,spatial_block=Asia,geography,0.0
primary_total_co2,M1b,PAN,spatial_block=Asia,geography,0.0
primary_total_co2,M1b,USA,spatial_block=Asia,geography,0.0
primary_total_co2,M1b,AUS,spatial_block=Asia,geography,0.0
primary_total_co2,M1b,NZL,spatial_block=Asia,geography,0.0
primary_total_co2,M1b,PNG,spatial_block=Asia,geography,0.0
primary_total_co2,M1b,ARG,spatial_block=Asia,geography,0.0
primary_total_co2,M1b,BOL,spatial_block=Asia,geography,0.0
primary_total_co2,M1b,BRA,spatial_block=Asia,geography,0.0
primary_total_co2,M1b,CHL,spatial_block=Asia,geography,0.0
primary_total_co2,M1b,COL,spatial_block=Asia,geography,0.0
primary_total_co2,M1b,ECU,spatial_block=Asia,geography,0.0
primary_total_co2,M1b,PRY,spatial_block=Asia,geography,0.0
primary_total_co2,M1b,PER,spatial_block=Asia,geography,0.0
primary_total_co2,M1b,SUR,spatial_block=Asia,geography,0.0
primary_total_co2,M1b,URY,spatial_block=Asia,geography,0.0
primary_total_co2,M1b,VEN,spatial_block=Asia,geography,0.0
primary_total_co2,M1b,DZA,spatial_block=Europe,geography,0.0
primary_total_co2,M1b,AGO,spatial_block=Europe,geography,0.0
primary_total_co2,M1b,BEN,spatial_block=Europe,geography,0.0
primary_total_co2,M1b,BWA,spatial_block=Europe,geography,0.0
primary_total_co2,M1b,BFA,spatial_block=Europe,geography,0.0
primary_total_co2,M1b,BDI,spatial_block=Europe,geography,0.0
primary_total_co2,M1b,CMR,spatial_block=Europe,geography,0.0
primary_total_co2,M1b,CAF,spatial_block=Europe,geography,0.0
primary_total_co2,M1b,TCD,spatial_block=Europe,geography,0.0
primary_total_co2,M1b,COG,spatial_block=Europe,geography,0.0
primary_total_co2,M1b,COD,spatial_block=Europe,geography,0.0
primary_total_co2,M1b,CIV,spatial_block=Europe,geography,0.0
primary_total_co2,M1b,DJI,spatial_block=Europe,geography,0.0
primary_total_co2,M1b,EGY,spatial_block=Europe,geography,0.0
primary_total_co2,M1b,GNQ,spatial_block=Europe,geography,0.0
primary_total_co2,M1b,ERI,spatial_block=Europe,geography,0.0
primary_total_co2,M1b,ETH,spatial_block=Europe,geography,0.0
primary_total_co2,M1b,GAB,spatial_block=Europe,geography,0.0
primary_total_co2,M1b,GHA,spatial_block=Europe,geography,0.0
primary_total_co2,M1b,GIN,spatial_block=Europe,geography,0.0
primary_total_co2,M1b,GNB,spatial_block=Europe,geography,0.0
primary_total_co2,M1b,KEN,spatial_block=Europe,geography,0.0
primary_total_co2,M1b,LSO,spatial_block=Europe,geography,0.0
primary_total_co2,M1b,LBR,spatial_block=Europe,geography,0.0
primary_total_co2,M1b,LBY,spatial_block=Europe,geography,0.0
primary_total_co2,M1b,MDG,spatial_block=Europe,geography,0.0
primary_total_co2,M1b,MWI,spatial_block=Europe,geography,0.0
primary_total_co2,M1b,MLI,spatial_block=Europe,geography,0.0
primary_total_co2,M1b,MRT,spatial_block=Europe,geography,0.0
primary_total_co2,M1b,MAR,spatial_block=Europe,geography,0.0
primary_total_co2,M1b,MOZ,spatial_block=Europe,geography,0.0
primary_total_co2,M1b,NAM,spatial_block=Europe,geography,0.0
primary_total_co2,M1b,NER,spatial_block=Europe,geography,0.0
primary_total_co2,M1b,NGA,spatial_block=Europe,geography,0.0
primary_total_co2,M1b,RWA,spatial_block=Europe,geography,0.0
primary_total_co2,M1b,SEN,spatial_block=Europe,geography,0.0
primary_total_co2,M1b,SLE,spatial_block=Europe,geography,0.0
primary_total_co2,M1b,SOM,spatial_block=Europe,geography,0.0
primary_total_co2,M1b,ZAF,spatial_block=Europe,geography,0.0
primary_total_co2,M1b,SDN,spatial_block=Europe,geography,0.0
primary_total_co2,M1b,SWZ,spatial_block=Europe,geography,0.0
primary_total_co2,M1b,TZA,spatial_block=Europe,geography,0.0
primary_total_co2,M1b,TGO,spatial_block=Europe,geography,0.0
primary_total_co2,M1b,TUN,spatial_block=Europe,geography,0.0
primary_total_co2,M1b,UGA,spatial_block=Europe,geography,0.0
primary_total_co2,M1b,ZMB,spatial_block=Europe,geography,0.0
primary_total_co2,M1b,ZWE,spatial_block=Europe,geography,0.0
primary_total_co2,M1b,AFG,spatial_block=Europe,geography,0.0
primary_total_co2,M1b,ARM,spatial_block=Europe,geography,0.0
primary_total_co2,M1b,AZE,spatial_block=Europe,geography,0.0
primary_total_co2,M1b,BGD,spatial_block=Europe,geography,0.0
primary_total_co2,M1b,MMR,spatial_block=Europe,geography,0.0
primary_total_co2,M1b,KHM,spatial_block=Europe,geography,0.0
primary_total_co2,M1b,CHN,spatial_block=Europe,geography,0.0
primary_total_co2,M1b,GEO,spatial_block=Europe,geography,0.0
primary_total_co2,M1b,IND,spatial_block=Europe,geography,0.0
primary_total_co2,M1b,IDN,spatial_block=Europe,geography,0.0
primary_total_co2,M1b,IRN,spatial_block=Europe,geography,0.0
primary_total_co2,M1b,IRQ,spatial_block=Europe,geography,0.0
primary_total_co2,M1b,ISR,spatial_block=Europe,geography,0.0
primary_total_co2,M1b,JPN,spatial_block=Europe,geography,0.0
primary_total_co2,M1b,JOR,spatial_block=Europe,geography,0.0
primary_total_co2,M1b,KAZ,spatial_block=Europe,geography,0.0
primary_total_co2,M1b,LAO,spatial_block=Europe,geography,0.0
primary_total_co2,M1b,LBN,spatial_block=Europe,geography,0.0
primary_total_co2,M1b,MYS,spatial_block=Europe,geography,0.0
primary_total_co2,M1b,MNG,spatial_block=Europe,geography,0.0
primary_total_co2,M1b,NPL,spatial_block=Europe,geography,0.0
primary_total_co2,M1b,OMN,spatial_block=Europe,geography,0.0
primary_total_co2,M1b,PAK,spatial_block=Europe,geography,0.0
primary_total_co2,M1b,PHL,spatial_block=Europe,geography,0.0
primary_total_co2,M1b,QAT,spatial_block=Europe,geography,0.0
primary_total_co2,M1b,SAU,spatial_block=Europe,geography,0.0
primary_total_co2,M1b,KOR,spatial_block=Europe,geography,0.0
primary_total_co2,M1b,LKA,spatial_block=Europe,geography,0.0
primary_total_co2,M1b,SYR,spatial_block=Europe,geography,0.0
primary_total_co2,M1b,TWN,spatial_block=Europe,geography,0.0
primary_total_co2,M1b,TJK,spatial_block=Europe,geography,0.0
primary_total_co2,M1b,THA,spatial_block=Europe,geography,0.0
primary_total_co2,M1b,TUR,spatial_block=Europe,geography,0.0
primary_total_co2,M1b,TKM,spatial_block=Europe,geography,0.0
primary_total_co2,M1b,ARE,spatial_block=Europe,geography,0.0
primary_total_co2,M1b,UZB,spatial_block=Europe,geography,0.0
primary_total_co2,M1b,VNM,spatial_block=Europe,geography,0.0
primary_total_co2,M1b,YEM,spatial_block=Europe,geography,0.0
primary_total_co2,M1b,ALB,spatial_block=Europe,geography,1.0
primary_total_co2,M1b,AUT,spatial_block=Europe,geography,1.0
primary_total_co2,M1b,BLR,spatial_block=Europe,geography,1.0
primary_total_co2,M1b,BEL,spatial_block=Europe,geography,1.0
primary_total_co2,M1b,BIH,spatial_block=Europe,geography,1.0
primary_total_co2,M1b,BGR,spatial_block=Europe,geography,1.0
primary_total_co2,M1b,HRV,spatial_block=Europe,geography,1.0
primary_total_co2,M1b,CYP,spatial_block=Europe,geography,1.0
primary_total_co2,M1b,CZE,spatial_block=Europe,geography,1.0
primary_total_co2,M1b,DNK,spatial_block=Europe,geography,1.0
primary_total_co2,M1b,EST,spatial_block=Europe,geography,1.0
primary_total_co2,M1b,FIN,spatial_block=Europe,geography,1.0
primary_total_co2,M1b,FRA,spatial_block=Europe,geography,1.0
primary_total_co2,M1b,DEU,spatial_block=Europe,geography,1.0
primary_total_co2,M1b,GRC,spatial_block=Europe,geography,1.0
primary_total_co2,M1b,HUN,spatial_block=Europe,geography,1.0
primary_total_co2,M1b,ISL,spatial_block=Europe,geography,1.0
primary_total_co2,M1b,IRL,spatial_block=Europe,geography,1.0
primary_total_co2,M1b,ITA,spatial_block=Europe,geography,1.0
primary_total_co2,M1b,LVA,spatial_block=Europe,geography,1.0
primary_total_co2,M1b,LTU,spatial_block=Europe,geography,1.0
primary_total_co2,M1b,MKD,spatial_block=Europe,geography,1.0
primary_total_co2,M1b,MDA,spatial_block=Europe,geography,1.0
primary_total_co2,M1b,MNE,spatial_block=Europe,geography,1.0
primary_total_co2,M1b,NLD,spatial_block=Europe,geography,1.0
primary_total_co2,M1b,NOR,spatial_block=Europe,geography,1.0
primary_total_co2,M1b,POL,spatial_block=Europe,geography,1.0
primary_total_co2,M1b,PRT,spatial_block=Europe,geography,1.0
primary_total_co2,M1b,ROU,spatial_block=Europe,geography,1.0
primary_total_co2,M1b,RUS,spatial_block=Europe,geography,1.0
primary_total_co2,M1b,SRB,spatial_block=Europe,geography,1.0
primary_total_co2,M1b,SVK,spatial_block=Europe,geography,1.0
primary_total_co2,M1b,SVN,spatial_block=Europe,geography,1.0
primary_total_co2,M1b,ESP,spatial_block=Europe,geography,1.0
primary_total_co2,M1b,SWE,spatial_block=Europe,geography,1.0
primary_total_co2,M1b,CHE,spatial_block=Europe,geography,1.0
primary_total_co2,M1b,UKR,spatial_block=Europe,geography,1.0
primary_total_co2,M1b,GBR,spatial_block=Europe,geography,1.0
primary_total_co2,M1b,BHS,spatial_block=Europe,geography,0.0
primary_total_co2,M1b,CAN,spatial_block=Europe,geography,0.0
primary_total_co2,M1b,CRI,spatial_block=Europe,geography,0.0
primary_total_co2,M1b,CUB,spatial_block=Europe,geography,0.0
primary_total_co2,M1b,DOM,spatial_block=Europe,geography,0.0
primary_total_co2,M1b,SLV,spatial_block=Europe,geography,0.0
primary_total_co2,M1b,GTM,spatial_block=Europe,geography,0.0
primary_total_co2,M1b,HTI,spatial_block=Europe,geography,0.0
primary_total_co2,M1b,HND,spatial_block=Europe,geography,0.0
primary_total_co2,M1b,JAM,spatial_block=Europe,geography,0.0
primary_total_co2,M1b,MEX,spatial_block=Europe,geography,0.0
primary_total_co2,M1b,NIC,spatial_block=Europe,geography,0.0
primary_total_co2,M1b,PAN,spatial_block=Europe,geography,0.0
primary_total_co2,M1b,USA,spatial_block=Europe,geography,0.0
primary_total_co2,M1b,AUS,spatial_block=Europe,geography,0.0
primary_total_co2,M1b,NZL,spatial_block=Europe,geography,0.0
primary_total_co2,M1b,PNG,spatial_block=Europe,geography,0.0
primary_total_co2,M1b,ARG,spatial_block=Europe,geography,0.0
primary_total_co2,M1b,BOL,spatial_block=Europe,geography,0.0
primary_total_co2,M1b,BRA,spatial_block=Europe,geography,0.0
primary_total_co2,M1b,CHL,spatial_block=Europe,geography,0.0
primary_total_co2,M1b,COL,spatial_block=Europe,geography,0.0
primary_total_co2,M1b,ECU,spatial_block=Europe,geography,0.0
primary_total_co2,M1b,PRY,spatial_block=Europe,geography,0.0
primary_total_co2,M1b,PER,spatial_block=Europe,geography,0.0
primary_total_co2,M1b,SUR,spatial_block=Europe,geography,0.0
primary_total_co2,M1b,URY,spatial_block=Europe,geography,0.0
primary_total_co2,M1b,VEN,spatial_block=Europe,geography,0.0
primary_total_co2,M1b,DZA,spatial_block=North America,geography,0.0
primary_total_co2,M1b,AGO,spatial_block=North America,geography,0.0
primary_total_co2,M1b,BEN,spatial_block=North America,geography,0.0
primary_total_co2,M1b,BWA,spatial_block=North America,geography,0.0
primary_total_co2,M1b,BFA,spatial_block=North America,geography,0.0
primary_total_co2,M1b,BDI,spatial_block=North America,geography,0.0
primary_total_co2,M1b,CMR,spatial_block=North America,geography,0.0
primary_total_co2,M1b,CAF,spatial_block=North America,geography,0.0
primary_total_co2,M1b,TCD,spatial_block=North America,geography,0.0
primary_total_co2,M1b,COG,spatial_block=North America,geography,0.0
primary_total_co2,M1b,COD,spatial_block=North America,geography,0.0
primary_total_co2,M1b,CIV,spatial_block=North America,geography,0.0
primary_total_co2,M1b,DJI,spatial_block=North America,geography,0.0
primary_total_co2,M1b,EGY,spatial_block=North America,geography,0.0
primary_total_co2,M1b,GNQ,spatial_block=North America,geography,0.0
primary_total_co2,M1b,ERI,spatial_block=North America,geography,0.0
primary_total_co2,M1b,ETH,spatial_block=North America,geography,0.0
primary_total_co2,M1b,GAB,spatial_block=North America,geography,0.0
primary_total_co2,M1b,GHA,spatial_block=North America,geography,0.0
primary_total_co2,M1b,GIN,spatial_block=North America,geography,0.0
primary_total_co2,M1b,GNB,spatial_block=North America,geography,0.0
primary_total_co2,M1b,KEN,spatial_block=North America,geography,0.0
primary_total_co2,M1b,LSO,spatial_block=North America,geography,0.0
primary_total_co2,M1b,LBR,spatial_block=North America,geography,0.0
primary_total_co2,M1b,LBY,spatial_block=North America,geography,0.0
primary_total_co2,M1b,MDG,spatial_block=North America,geography,0.0
primary_total_co2,M1b,MWI,spatial_block=North America,geography,0.0
primary_total_co2,M1b,MLI,spatial_block=North America,geography,0.0
primary_total_co2,M1b,MRT,spatial_block=North America,geography,0.0
primary_total_co2,M1b,MAR,spatial_block=North America,geography,0.0
primary_total_co2,M1b,MOZ,spatial_block=North America,geography,0.0
primary_total_co2,M1b,NAM,spatial_block=North America,geography,0.0
primary_total_co2,M1b,NER,spatial_block=North America,geography,0.0
primary_total_co2,M1b,NGA,spatial_block=North America,geography,0.0
primary_total_co2,M1b,RWA,spatial_block=North America,geography,0.0
primary_total_co2,M1b,SEN,spatial_block=North America,geography,0.0
primary_total_co2,M1b,SLE,spatial_block=North America,geography,0.0
primary_total_co2,M1b,SOM,spatial_block=North America,geography,0.0
primary_total_co2,M1b,ZAF,spatial_block=North America,geography,0.0
primary_total_co2,M1b,SDN,spatial_block=North America,geography,0.0
primary_total_co2,M1b,SWZ,spatial_block=North America,geography,0.0
primary_total_co2,M1b,TZA,spatial_block=North America,geography,0.0
primary_total_co2,M1b,TGO,spatial_block=North America,geography,0.0
primary_total_co2,M1b,TUN,spatial_block=North America,geography,0.0
primary_total_co2,M1b,UGA,spatial_block=North America,geography,0.0
primary_total_co2,M1b,ZMB,spatial_block=North America,geography,0.0
primary_total_co2,M1b,ZWE,spatial_block=North America,geography,0.0
primary_total_co2,M1b,AFG,spatial_block=North America,geography,0.0
primary_total_co2,M1b,ARM,spatial_block=North America,geography,0.0
primary_total_co2,M1b,AZE,spatial_block=North America,geography,0.0
primary_total_co2,M1b,BGD,spatial_block=North America,geography,0.0
primary_total_co2,M1b,MMR,spatial_block=North America,geography,0.0
primary_total_co2,M1b,KHM,spatial_block=North America,geography,0.0
primary_total_co2,M1b,CHN,spatial_block=North America,geography,0.0
primary_total_co2,M1b,GEO,spatial_block=North America,geography,0.0
primary_total_co2,M1b,IND,spatial_block=North America,geography,0.0
primary_total_co2,M1b,IDN,spatial_block=North America,geography,0.0
primary_total_co2,M1b,IRN,spatial_block=North America,geography,0.0
primary_total_co2,M1b,IRQ,spatial_block=North America,geography,0.0
primary_total_co2,M1b,ISR,spatial_block=North America,geography,0.0
primary_total_co2,M1b,JPN,spatial_block=North America,geography,0.0
primary_total_co2,M1b,JOR,spatial_block=North America,geography,0.0
primary_total_co2,M1b,KAZ,spatial_block=North America,geography,0.0
primary_total_co2,M1b,LAO,spatial_block=North America,geography,0.0
primary_total_co2,M1b,LBN,spatial_block=North America,geography,0.0
primary_total_co2,M1b,MYS,spatial_block=North America,geography,0.0
primary_total_co2,M1b,MNG,spatial_block=North America,geography,0.0
primary_total_co2,M1b,NPL,spatial_block=North America,geography,0.0
primary_total_co2,M1b,OMN,spatial_block=North America,geography,0.0
primary_total_co2,M1b,PAK,spatial_block=North America,geography,0.0
primary_total_co2,M1b,PHL,spatial_block=North America,geography,0.0
primary_total_co2,M1b,QAT,spatial_block=North America,geography,0.0
primary_total_co2,M1b,SAU,spatial_block=North America,geography,0.0
primary_total_co2,M1b,KOR,spatial_block=North America,geography,0.0
primary_total_co2,M1b,LKA,spatial_block=North America,geography,0.0
primary_total_co2,M1b,SYR,spatial_block=North America,geography,0.0
primary_total_co2,M1b,TWN,spatial_block=North America,geography,0.0
primary_total_co2,M1b,TJK,spatial_block=North America,geography,0.0
primary_total_co2,M1b,THA,spatial_block=North America,geography,0.0
primary_total_co2,M1b,TUR,spatial_block=North America,geography,0.0
primary_total_co2,M1b,TKM,spatial_block=North America,geography,0.0
primary_total_co2,M1b,ARE,spatial_block=North America,geography,0.0
primary_total_co2,M1b,UZB,spatial_block=North America,geography,0.0
primary_total_co2,M1b,VNM,spatial_block=North America,geography,0.0
primary_total_co2,M1b,YEM,spatial_block=North America,geography,0.0
primary_total_co2,M1b,ALB,spatial_block=North America,geography,0.0
primary_total_co2,M1b,AUT,spatial_block=North America,geography,0.0
primary_total_co2,M1b,BLR,spatial_block=North America,geography,0.0
primary_total_co2,M1b,BEL,spatial_block=North America,geography,0.0
primary_total_co2,M1b,BIH,spatial_block=North America,geography,0.0
primary_total_co2,M1b,BGR,spatial_block=North America,geography,0.0
primary_total_co2,M1b,HRV,spatial_block=North America,geography,0.0
primary_total_co2,M1b,CYP,spatial_block=North America,geography,0.0
primary_total_co2,M1b,CZE,spatial_block=North America,geography,0.0
primary_total_co2,M1b,DNK,spatial_block=North America,geography,0.0
primary_total_co2,M1b,EST,spatial_block=North America,geography,0.0
primary_total_co2,M1b,FIN,spatial_block=North America,geography,0.0
primary_total_co2,M1b,FRA,spatial_block=North America,geography,0.0
primary_total_co2,M1b,DEU,spatial_block=North America,geography,0.0
primary_total_co2,M1b,GRC,spatial_block=North America,geography,0.0
primary_total_co2,M1b,HUN,spatial_block=North America,geography,0.0
primary_total_co2,M1b,ISL,spatial_block=North America,geography,0.0
primary_total_co2,M1b,IRL,spatial_block=North America,geography,0.0
primary_total_co2,M1b,ITA,spatial_block=North America,geography,0.0
primary_total_co2,M1b,LVA,spatial_block=North America,geography,0.0
primary_total_co2,M1b,LTU,spatial_block=North America,geography,0.0
primary_total_co2,M1b,MKD,spatial_block=North America,geography,0.0
primary_total_co2,M1b,MDA,spatial_block=North America,geography,0.0
primary_total_co2,M1b,MNE,spatial_block=North America,geography,0.0
primary_total_co2,M1b,NLD,spatial_block=North America,geography,0.0
primary_total_co2,M1b,NOR,spatial_block=North America,geography,0.0
primary_total_co2,M1b,POL,spatial_block=North America,geography,0.0
primary_total_co2,M1b,PRT,spatial_block=North America,geography,0.0
primary_total_co2,M1b,ROU,spatial_block=North America,geography,0.0
primary_total_co2,M1b,RUS,spatial_block=North America,geography,0.0
primary_total_co2,M1b,SRB,spatial_block=North America,geography,0.0
primary_total_co2,M1b,SVK,spatial_block=North America,geography,0.0
primary_total_co2,M1b,SVN,spatial_block=North America,geography,0.0
primary_total_co2,M1b,ESP,spatial_block=North America,geography,0.0
primary_total_co2,M1b,SWE,spatial_block=North America,geography,0.0
primary_total_co2,M1b,CHE,spatial_block=North America,geography,0.0
primary_total_co2,M1b,UKR,spatial_block=North America,geography,0.0
primary_total_co2,M1b,GBR,spatial_block=North America,geography,0.0
primary_total_co2,M1b,BHS,spatial_block=North America,geography,1.0
primary_total_co2,M1b,CAN,spatial_block=North America,geography,1.0
primary_total_co2,M1b,CRI,spatial_block=North America,geography,1.0
primary_total_co2,M1b,CUB,spatial_block=North America,geography,1.0
primary_total_co2,M1b,DOM,spatial_block=North America,geography,1.0
primary_total_co2,M1b,SLV,spatial_block=North America,geography,1.0
primary_total_co2,M1b,GTM,spatial_block=North America,geography,1.0
primary_total_co2,M1b,HTI,spatial_block=North America,geography,1.0
primary_total_co2,M1b,HND,spatial_block=North America,geography,1.0
primary_total_co2,M1b,JAM,spatial_block=North America,geography,1.0
primary_total_co2,M1b,MEX,spatial_block=North America,geography,1.0
primary_total_co2,M1b,NIC,spatial_block=North America,geography,1.0
primary_total_co2,M1b,PAN,spatial_block=North America,geography,1.0
primary_total_co2,M1b,USA,spatial_block=North America,geography,1.0
primary_total_co2,M1b,AUS,spatial_block=North America,geography,0.0
primary_total_co2,M1b,NZL,spatial_block=North America,geography,0.0
primary_total_co2,M1b,PNG,spatial_block=North America,geography,0.0
primary_total_co2,M1b,ARG,spatial_block=North America,geography,0.0
primary_total_co2,M1b,BOL,spatial_block=North America,geography,0.0
primary_total_co2,M1b,BRA,spatial_block=North America,geography,0.0
primary_total_co2,M1b,CHL,spatial_block=North America,geography,0.0
primary_total_co2,M1b,COL,spatial_block=North America,geography,0.0
primary_total_co2,M1b,ECU,spatial_block=North America,geography,0.0
primary_total_co2,M1b,PRY,spatial_block=North America,geography,0.0
primary_total_co2,M1b,PER,spatial_block=North America,geography,0.0
primary_total_co2,M1b,SUR,spatial_block=North America,geography,0.0
primary_total_co2,M1b,URY,spatial_block=North America,geography,0.0
primary_total_co2,M1b,VEN,spatial_block=North America,geography,0.0
primary_total_co2,M1b,DZA,spatial_block=Oceania,geography,0.0
primary_total_co2,M1b,AGO,spatial_block=Oceania,geography,0.0
primary_total_co2,M1b,BEN,spatial_block=Oceania,geography,0.0
primary_total_co2,M1b,BWA,spatial_block=Oceania,geography,0.0
primary_total_co2,M1b,BFA,spatial_block=Oceania,geography,0.0
primary_total_co2,M1b,BDI,spatial_block=Oceania,geography,0.0
primary_total_co2,M1b,CMR,spatial_block=Oceania,geography,0.0
primary_total_co2,M1b,CAF,spatial_block=Oceania,geography,0.0
primary_total_co2,M1b,TCD,spatial_block=Oceania,geography,0.0
primary_total_co2,M1b,COG,spatial_block=Oceania,geography,0.0
primary_total_co2,M1b,COD,spatial_block=Oceania,geography,0.0
primary_total_co2,M1b,CIV,spatial_block=Oceania,geography,0.0
primary_total_co2,M1b,DJI,spatial_block=Oceania,geography,0.0
primary_total_co2,M1b,EGY,spatial_block=Oceania,geography,0.0
primary_total_co2,M1b,GNQ,spatial_block=Oceania,geography,0.0
primary_total_co2,M1b,ERI,spatial_block=Oceania,geography,0.0
primary_total_co2,M1b,ETH,spatial_block=Oceania,geography,0.0
primary_total_co2,M1b,GAB,spatial_block=Oceania,geography,0.0
primary_total_co2,M1b,GHA,spatial_block=Oceania,geography,0.0
primary_total_co2,M1b,GIN,spatial_block=Oceania,geography,0.0
primary_total_co2,M1b,GNB,spatial_block=Oceania,geography,0.0
primary_total_co2,M1b,KEN,spatial_block=Oceania,geography,0.0
primary_total_co2,M1b,LSO,spatial_block=Oceania,geography,0.0
primary_total_co2,M1b,LBR,spatial_block=Oceania,geography,0.0
primary_total_co2,M1b,LBY,spatial_block=Oceania,geography,0.0
primary_total_co2,M1b,MDG,spatial_block=Oceania,geography,0.0
primary_total_co2,M1b,MWI,spatial_block=Oceania,geography,0.0
primary_total_co2,M1b,MLI,spatial_block=Oceania,geography,0.0
primary_total_co2,M1b,MRT,spatial_block=Oceania,geography,0.0
primary_total_co2,M1b,MAR,spatial_block=Oceania,geography,0.0
primary_total_co2,M1b,MOZ,spatial_block=Oceania,geography,0.0
primary_total_co2,M1b,NAM,spatial_block=Oceania,geography,0.0
primary_total_co2,M1b,NER,spatial_block=Oceania,geography,0.0
primary_total_co2,M1b,NGA,spatial_block=Oceania,geography,0.0
primary_total_co2,M1b,RWA,spatial_block=Oceania,geography,0.0
primary_total_co2,M1b,SEN,spatial_block=Oceania,geography,0.0
primary_total_co2,M1b,SLE,spatial_block=Oceania,geography,0.0
primary_total_co2,M1b,SOM,spatial_block=Oceania,geography,0.0
primary_total_co2,M1b,ZAF,spatial_block=Oceania,geography,0.0
primary_total_co2,M1b,SDN,spatial_block=Oceania,geography,0.0
primary_total_co2,M1b,SWZ,spatial_block=Oceania,geography,0.0
primary_total_co2,M1b,TZA,spatial_block=Oceania,geography,0.0
primary_total_co2,M1b,TGO,spatial_block=Oceania,geography,0.0
primary_total_co2,M1b,TUN,spatial_block=Oceania,geography,0.0
primary_total_co2,M1b,UGA,spatial_block=Oceania,geography,0.0
primary_total_co2,M1b,ZMB,spatial_block=Oceania,geography,0.0
primary_total_co2,M1b,ZWE,spatial_block=Oceania,geography,0.0
primary_total_co2,M1b,AFG,spatial_block=Oceania,geography,0.0
primary_total_co2,M1b,ARM,spatial_block=Oceania,geography,0.0
primary_total_co2,M1b,AZE,spatial_block=Oceania,geography,0.0
primary_total_co2,M1b,BGD,spatial_block=Oceania,geography,0.0
primary_total_co2,M1b,MMR,spatial_block=Oceania,geography,0.0
primary_total_co2,M1b,KHM,spatial_block=Oceania,geography,0.0
primary_total_co2,M1b,CHN,spatial_block=Oceania,geography,0.0
primary_total_co2,M1b,GEO,spatial_block=Oceania,geography,0.0
primary_total_co2,M1b,IND,spatial_block=Oceania,geography,0.0
primary_total_co2,M1b,IDN,spatial_block=Oceania,geography,0.0
primary_total_co2,M1b,IRN,spatial_block=Oceania,geography,0.0
primary_total_co2,M1b,IRQ,spatial_block=Oceania,geography,0.0
primary_total_co2,M1b,ISR,spatial_block=Oceania,geography,0.0
primary_total_co2,M1b,JPN,spatial_block=Oceania,geography,0.0
primary_total_co2,M1b,JOR,spatial_block=Oceania,geography,0.0
primary_total_co2,M1b,KAZ,spatial_block=Oceania,geography,0.0
primary_total_co2,M1b,LAO,spatial_block=Oceania,geography,0.0
primary_total_co2,M1b,LBN,spatial_block=Oceania,geography,0.0
primary_total_co2,M1b,MYS,spatial_block=Oceania,geography,0.0
primary_total_co2,M1b,MNG,spatial_block=Oceania,geography,0.0
primary_total_co2,M1b,NPL,spatial_block=Oceania,geography,0.0
primary_total_co2,M1b,OMN,spatial_block=Oceania,geography,0.0
primary_total_co2,M1b,PAK,spatial_block=Oceania,geography,0.0
primary_total_co2,M1b,PHL,spatial_block=Oceania,geography,0.0
primary_total_co2,M1b,QAT,spatial_block=Oceania,geography,0.0
primary_total_co2,M1b,SAU,spatial_block=Oceania,geography,0.0
primary_total_co2,M1b,KOR,spatial_block=Oceania,geography,0.0
primary_total_co2,M1b,LKA,spatial_block=Oceania,geography,0.0
primary_total_co2,M1b,SYR,spatial_block=Oceania,geography,0.0
primary_total_co2,M1b,TWN,spatial_block=Oceania,geography,0.0
primary_total_co2,M1b,TJK,spatial_block=Oceania,geography,0.0
primary_total_co2,M1b,THA,spatial_block=Oceania,geography,0.0
primary_total_co2,M1b,TUR,spatial_block=Oceania,geography,0.0
primary_total_co2,M1b,TKM,spatial_block=Oceania,geography,0.0
primary_total_co2,M1b,ARE,spatial_block=Oceania,geography,0.0
primary_total_co2,M1b,UZB,spatial_block=Oceania,geography,0.0
primary_total_co2,M1b,VNM,spatial_block=Oceania,geography,0.0
primary_total_co2,M1b,YEM,spatial_block=Oceania,geography,0.0
primary_total_co2,M1b,ALB,spatial_block=Oceania,geography,0.0
primary_total_co2,M1b,AUT,spatial_block=Oceania,geography,0.0
primary_total_co2,M1b,BLR,spatial_block=Oceania,geography,0.0
primary_total_co2,M1b,BEL,spatial_block=Oceania,geography,0.0
primary_total_co2,M1b,BIH,spatial_block=Oceania,geography,0.0
primary_total_co2,M1b,BGR,spatial_block=Oceania,geography,0.0
primary_total_co2,M1b,HRV,spatial_block=Oceania,geography,0.0
primary_total_co2,M1b,CYP,spatial_block=Oceania,geography,0.0
primary_total_co2,M1b,CZE,spatial_block=Oceania,geography,0.0
primary_total_co2,M1b,DNK,spatial_block=Oceania,geography,0.0
primary_total_co2,M1b,EST,spatial_block=Oceania,geography,0.0
primary_total_co2,M1b,FIN,spatial_block=Oceania,geography,0.0
primary_total_co2,M1b,FRA,spatial_block=Oceania,geography,0.0
primary_total_co2,M1b,DEU,spatial_block=Oceania,geography,0.0
primary_total_co2,M1b,GRC,spatial_block=Oceania,geography,0.0
primary_total_co2,M1b,HUN,spatial_block=Oceania,geography,0.0
primary_total_co2,M1b,ISL,spatial_block=Oceania,geography,0.0
primary_total_co2,M1b,IRL,spatial_block=Oceania,geography,0.0
primary_total_co2,M1b,ITA,spatial_block=Oceania,geography,0.0
primary_total_co2,M1b,LVA,spatial_block=Oceania,geography,0.0
primary_total_co2,M1b,LTU,spatial_block=Oceania,geography,0.0
primary_total_co2,M1b,MKD,spatial_block=Oceania,geography,0.0
primary_total_co2,M1b,MDA,spatial_block=Oceania,geography,0.0
primary_total_co2,M1b,MNE,spatial_block=Oceania,geography,0.0
primary_total_co2,M1b,NLD,spatial_block=Oceania,geography,0.0
primary_total_co2,M1b,NOR,spatial_block=Oceania,geography,0.0
primary_total_co2,M1b,POL,spatial_block=Oceania,geography,0.0
primary_total_co2,M1b,PRT,spatial_block=Oceania,geography,0.0
primary_total_co2,M1b,ROU,spatial_block=Oceania,geography,0.0
primary_total_co2,M1b,RUS,spatial_block=Oceania,geography,0.0
primary_total_co2,M1b,SRB,spatial_block=Oceania,geography,0.0
primary_total_co2,M1b,SVK,spatial_block=Oceania,geography,0.0
primary_total_co2,M1b,SVN,spatial_block=Oceania,geography,0.0
primary_total_co2,M1b,ESP,spatial_block=Oceania,geography,0.0
primary_total_co2,M1b,SWE,spatial_block=Oceania,geography,0.0
primary_total_co2,M1b,CHE,spatial_block=Oceania,geography,0.0
primary_total_co2,M1b,UKR,spatial_block=Oceania,geography,0.0
primary_total_co2,M1b,GBR,spatial_block=Oceania,geography,0.0
primary_total_co2,M1b,BHS,spatial_block=Oceania,geography,0.0
primary_total_co2,M1b,CAN,spatial_block=Oceania,geography,0.0
primary_total_co2,M1b,CRI,spatial_block=Oceania,geography,0.0
primary_total_co2,M1b,CUB,spatial_block=Oceania,geography,0.0
primary_total_co2,M1b,DOM,spatial_block=Oceania,geography,0.0
primary_total_co2,M1b,SLV,spatial_block=Oceania,geography,0.0
primary_total_co2,M1b,GTM,spatial_block=Oceania,geography,0.0
primary_total_co2,M1b,HTI,spatial_block=Oceania,geography,0.0
primary_total_co2,M1b,HND,spatial_block=Oceania,geography,0.0
primary_total_co2,M1b,JAM,spatial_block=Oceania,geography,0.0
primary_total_co2,M1b,MEX,spatial_block=Oceania,geography,0.0
primary_total_co2,M1b,NIC,spatial_block=Oceania,geography,0.0
primary_total_co2,M1b,PAN,spatial_block=Oceania,geography,0.0
primary_total_co2,M1b,USA,spatial_block=Oceania,geography,0.0
primary_total_co2,M1b,AUS,spatial_block=Oceania,geography,1.0
primary_total_co2,M1b,NZL,spatial_block=Oceania,geography,1.0
primary_total_co2,M1b,PNG,spatial_block=Oceania,geography,1.0
primary_total_co2,M1b,ARG,spatial_block=Oceania,geography,0.0
primary_total_co2,M1b,BOL,spatial_block=Oceania,geography,0.0
primary_total_co2,M1b,BRA,spatial_block=Oceania,geography,0.0
primary_total_co2,M1b,CHL,spatial_block=Oceania,geography,0.0
primary_total_co2,M1b,COL,spatial_block=Oceania,geography,0.0
primary_total_co2,M1b,ECU,spatial_block=Oceania,geography,0.0
primary_total_co2,M1b,PRY,spatial_block=Oceania,geography,0.0
primary_total_co2,M1b,PER,spatial_block=Oceania,geography,0.0
primary_total_co2,M1b,SUR,spatial_block=Oceania,geography,0.0
primary_total_co2,M1b,URY,spatial_block=Oceania,geography,0.0
primary_total_co2,M1b,VEN,spatial_block=Oceania,geography,0.0
primary_total_co2,M1b,DZA,spatial_block=South America,geography,0.0
primary_total_co2,M1b,AGO,spatial_block=South America,geography,0.0
primary_total_co2,M1b,BEN,spatial_block=South America,geography,0.0
primary_total_co2,M1b,BWA,spatial_block=South America,geography,0.0
primary_total_co2,M1b,BFA,spatial_block=South America,geography,0.0
primary_total_co2,M1b,BDI,spatial_block=South America,geography,0.0
primary_total_co2,M1b,CMR,spatial_block=South America,geography,0.0
primary_total_co2,M1b,CAF,spatial_block=South America,geography,0.0
primary_total_co2,M1b,TCD,spatial_block=South America,geography,0.0
primary_total_co2,M1b,COG,spatial_block=South America,geography,0.0
primary_total_co2,M1b,COD,spatial_block=South America,geography,0.0
primary_total_co2,M1b,CIV,spatial_block=South America,geography,0.0
primary_total_co2,M1b,DJI,spatial_block=South America,geography,0.0
primary_total_co2,M1b,EGY,spatial_block=South America,geography,0.0
primary_total_co2,M1b,GNQ,spatial_block=South America,geography,0.0
primary_total_co2,M1b,ERI,spatial_block=South America,geography,0.0
primary_total_co2,M1b,ETH,spatial_block=South America,geography,0.0
primary_total_co2,M1b,GAB,spatial_block=South America,geography,0.0
primary_total_co2,M1b,GHA,spatial_block=South America,geography,0.0
primary_total_co2,M1b,GIN,spatial_block=South America,geography,0.0
primary_total_co2,M1b,GNB,spatial_block=South America,geography,0.0
primary_total_co2,M1b,KEN,spatial_block=South America,geography,0.0
primary_total_co2,M1b,LSO,spatial_block=South America,geography,0.0
primary_total_co2,M1b,LBR,spatial_block=South America,geography,0.0
primary_total_co2,M1b,LBY,spatial_block=South America,geography,0.0
primary_total_co2,M1b,MDG,spatial_block=South America,geography,0.0
primary_total_co2,M1b,MWI,spatial_block=South America,geography,0.0
primary_total_co2,M1b,MLI,spatial_block=South America,geography,0.0
primary_total_co2,M1b,MRT,spatial_block=South America,geography,0.0
primary_total_co2,M1b,MAR,spatial_block=South America,geography,0.0
primary_total_co2,M1b,MOZ,spatial_block=South America,geography,0.0
primary_total_co2,M1b,NAM,spatial_block=South America,geography,0.0
primary_total_co2,M1b,NER,spatial_block=South America,geography,0.0
primary_total_co2,M1b,NGA,spatial_block=South America,geography,0.0
primary_total_co2,M1b,RWA,spatial_block=South America,geography,0.0
primary_total_co2,M1b,SEN,spatial_block=South America,geography,0.0
primary_total_co2,M1b,SLE,spatial_block=South America,geography,0.0
primary_total_co2,M1b,SOM,spatial_block=South America,geography,0.0
primary_total_co2,M1b,ZAF,spatial_block=South America,geography,0.0
primary_total_co2,M1b,SDN,spatial_block=South America,geography,0.0
primary_total_co2,M1b,SWZ,spatial_block=South America,geography,0.0
primary_total_co2,M1b,TZA,spatial_block=South America,geography,0.0
primary_total_co2,M1b,TGO,spatial_block=South America,geography,0.0
primary_total_co2,M1b,TUN,spatial_block=South America,geography,0.0
primary_total_co2,M1b,UGA,spatial_block=South America,geography,0.0
primary_total_co2,M1b,ZMB,spatial_block=South America,geography,0.0
primary_total_co2,M1b,ZWE,spatial_block=South America,geography,0.0
primary_total_co2,M1b,AFG,spatial_block=South America,geography,0.0
primary_total_co2,M1b,ARM,spatial_block=South America,geography,0.0
primary_total_co2,M1b,AZE,spatial_block=South America,geography,0.0
primary_total_co2,M1b,BGD,spatial_block=South America,geography,0.0
primary_total_co2,M1b,MMR,spatial_block=South America,geography,0.0
primary_total_co2,M1b,KHM,spatial_block=South America,geography,0.0
primary_total_co2,M1b,CHN,spatial_block=South America,geography,0.0
primary_total_co2,M1b,GEO,spatial_block=South America,geography,0.0
primary_total_co2,M1b,IND,spatial_block=South America,geography,0.0
primary_total_co2,M1b,IDN,spatial_block=South America,geography,0.0
primary_total_co2,M1b,IRN,spatial_block=South America,geography,0.0
primary_total_co2,M1b,IRQ,spatial_block=South America,geography,0.0
primary_total_co2,M1b,ISR,spatial_block=South America,geography,0.0
primary_total_co2,M1b,JPN,spatial_block=South America,geography,0.0
primary_total_co2,M1b,JOR,spatial_block=South America,geography,0.0
primary_total_co2,M1b,KAZ,spatial_block=South America,geography,0.0
primary_total_co2,M1b,LAO,spatial_block=South America,geography,0.0
primary_total_co2,M1b,LBN,spatial_block=South America,geography,0.0
primary_total_co2,M1b,MYS,spatial_block=South America,geography,0.0
primary_total_co2,M1b,MNG,spatial_block=South America,geography,0.0
primary_total_co2,M1b,NPL,spatial_block=South America,geography,0.0
primary_total_co2,M1b,OMN,spatial_block=South America,geography,0.0
primary_total_co2,M1b,PAK,spatial_block=South America,geography,0.0
primary_total_co2,M1b,PHL,spatial_block=South America,geography,0.0
primary_total_co2,M1b,QAT,spatial_block=South America,geography,0.0
primary_total_co2,M1b,SAU,spatial_block=South America,geography,0.0
primary_total_co2,M1b,KOR,spatial_block=South America,geography,0.0
primary_total_co2,M1b,LKA,spatial_block=South America,geography,0.0
primary_total_co2,M1b,SYR,spatial_block=South America,geography,0.0
primary_total_co2,M1b,TWN,spatial_block=South America,geography,0.0
primary_total_co2,M1b,TJK,spatial_block=South America,geography,0.0
primary_total_co2,M1b,THA,spatial_block=South America,geography,0.0
primary_total_co2,M1b,TUR,spatial_block=South America,geography,0.0
primary_total_co2,M1b,TKM,spatial_block=South America,geography,0.0
primary_total_co2,M1b,ARE,spatial_block=South America,geography,0.0
primary_total_co2,M1b,UZB,spatial_block=South America,geography,0.0
primary_total_co2,M1b,VNM,spatial_block=South America,geography,0.0
primary_total_co2,M1b,YEM,spatial_block=South America,geography,0.0
primary_total_co2,M1b,ALB,spatial_block=South America,geography,0.0
primary_total_co2,M1b,AUT,spatial_block=South America,geography,0.0
primary_total_co2,M1b,BLR,spatial_block=South America,geography,0.0
primary_total_co2,M1b,BEL,spatial_block=South America,geography,0.0
primary_total_co2,M1b,BIH,spatial_block=South America,geography,0.0
primary_total_co2,M1b,BGR,spatial_block=South America,geography,0.0
primary_total_co2,M1b,HRV,spatial_block=South America,geography,0.0
primary_total_co2,M1b,CYP,spatial_block=South America,geography,0.0
primary_total_co2,M1b,CZE,spatial_block=South America,geography,0.0
primary_total_co2,M1b,DNK,spatial_block=South America,geography,0.0
primary_total_co2,M1b,EST,spatial_block=South America,geography,0.0
primary_total_co2,M1b,FIN,spatial_block=South America,geography,0.0
primary_total_co2,M1b,FRA,spatial_block=South America,geography,0.0
primary_total_co2,M1b,DEU,spatial_block=South America,geography,0.0
primary_total_co2,M1b,GRC,spatial_block=South America,geography,0.0
primary_total_co2,M1b,HUN,spatial_block=South America,geography,0.0
primary_total_co2,M1b,ISL,spatial_block=South America,geography,0.0
primary_total_co2,M1b,IRL,spatial_block=South America,geography,0.0
primary_total_co2,M1b,ITA,spatial_block=South America,geography,0.0
primary_total_co2,M1b,LVA,spatial_block=South America,geography,0.0
primary_total_co2,M1b,LTU,spatial_block=South America,geography,0.0
primary_total_co2,M1b,MKD,spatial_block=South America,geography,0.0
primary_total_co2,M1b,MDA,spatial_block=South America,geography,0.0
primary_total_co2,M1b,MNE,spatial_block=South America,geography,0.0
primary_total_co2,M1b,NLD,spatial_block=South America,geography,0.0
primary_total_co2,M1b,NOR,spatial_block=South America,geography,0.0
primary_total_co2,M1b,POL,spatial_block=South America,geography,0.0
primary_total_co2,M1b,PRT,spatial_block=South America,geography,0.0
primary_total_co2,M1b,ROU,spatial_block=South America,geography,0.0
primary_total_co2,M1b,RUS,spatial_block=South America,geography,0.0
primary_total_co2,M1b,SRB,spatial_block=South America,geography,0.0
primary_total_co2,M1b,SVK,spatial_block=South America,geography,0.0
primary_total_co2,M1b,SVN,spatial_block=South America,geography,0.0
primary_total_co2,M1b,ESP,spatial_block=South America,geography,0.0
primary_total_co2,M1b,SWE,spatial_block=South America,geography,0.0
primary_total_co2,M1b,CHE,spatial_block=South America,geography,0.0
primary_total_co2,M1b,UKR,spatial_block=South America,geography,0.0
primary_total_co2,M1b,GBR,spatial_block=South America,geography,0.0
primary_total_co2,M1b,BHS,spatial_block=South America,geography,0.0
primary_total_co2,M1b,CAN,spatial_block=South America,geography,0.0
primary_total_co2,M1b,CRI,spatial_block=South America,geography,0.0
primary_total_co2,M1b,CUB,spatial_block=South America,geography,0.0
primary_total_co2,M1b,DOM,spatial_block=South America,geography,0.0
primary_total_co2,M1b,SLV,spatial_block=South America,geography,0.0
primary_total_co2,M1b,GTM,spatial_block=South America,geography,0.0
primary_total_co2,M1b,HTI,spatial_block=South America,geography,0.0
primary_total_co2,M1b,HND,spatial_block=South America,geography,0.0
primary_total_co2,M1b,JAM,spatial_block=South America,geography,0.0
primary_total_co2,M1b,MEX,spatial_block=South America,geography,0.0
primary_total_co2,M1b,NIC,spatial_block=South America,geography,0.0
primary_total_co2,M1b,PAN,spatial_block=South America,geography,0.0
primary_total_co2,M1b,USA,spatial_block=South America,geography,0.0
primary_total_co2,M1b,AUS,spatial_block=South America,geography,0.0
primary_total_co2,M1b,NZL,spatial_block=South America,geography,0.0
primary_total_co2,M1b,PNG,spatial_block=South America,geography,0.0
primary_total_co2,M1b,ARG,spatial_block=South America,geography,1.0
primary_total_co2,M1b,BOL,spatial_block=South America,geography,1.0
primary_total_co2,M1b,BRA,spatial_block=South America,geography,1.0
primary_total_co2,M1b,CHL,spatial_block=South America,geography,1.0
primary_total_co2,M1b,COL,spatial_block=South America,geography,1.0
primary_total_co2,M1b,ECU,spatial_block=South America,geography,1.0
primary_total_co2,M1b,PRY,spatial_block=South America,geography,1.0
primary_total_co2,M1b,PER,spatial_block=South America,geography,1.0
primary_total_co2,M1b,SUR,spatial_block=South America,geography,1.0
primary_total_co2,M1b,URY,spatial_block=South America,geography,1.0
primary_total_co2,M1b,VEN,spatial_block=South America,geography,1.0
primary_total_co2,M1b,DZA,income_group=Low-income countries,socioeconomic,0.0
primary_total_co2,M1b,AGO,income_group=Low-income countries,socioeconomic,0.0
primary_total_co2,M1b,BEN,income_group=Low-income countries,socioeconomic,0.0
primary_total_co2,M1b,BWA,income_group=Low-income countries,socioeconomic,0.0
primary_total_co2,M1b,BFA,income_group=Low-income countries,socioeconomic,1.0
primary_total_co2,M1b,BDI,income_group=Low-income countries,socioeconomic,1.0
primary_total_co2,M1b,CMR,income_group=Low-income countries,socioeconomic,0.0
primary_total_co2,M1b,CAF,income_group=Low-income countries,socioeconomic,1.0
primary_total_co2,M1b,TCD,income_group=Low-income countries,socioeconomic,1.0
primary_total_co2,M1b,COG,income_group=Low-income countries,socioeconomic,0.0
primary_total_co2,M1b,COD,income_group=Low-income countries,socioeconomic,1.0
primary_total_co2,M1b,CIV,income_group=Low-income countries,socioeconomic,0.0
primary_total_co2,M1b,DJI,income_group=Low-income countries,socioeconomic,0.0
primary_total_co2,M1b,EGY,income_group=Low-income countries,socioeconomic,0.0
primary_total_co2,M1b,GNQ,income_group=Low-income countries,socioeconomic,0.0
primary_total_co2,M1b,ERI,income_group=Low-income countries,socioeconomic,1.0
primary_total_co2,M1b,ETH,income_group=Low-income countries,socioeconomic,1.0
primary_total_co2,M1b,GAB,income_group=Low-income countries,socioeconomic,0.0
primary_total_co2,M1b,GHA,income_group=Low-income countries,socioeconomic,0.0
primary_total_co2,M1b,GIN,income_group=Low-income countries,socioeconomic,0.0
primary_total_co2,M1b,GNB,income_group=Low-income countries,socioeconomic,1.0
primary_total_co2,M1b,KEN,income_group=Low-income countries,socioeconomic,0.0
primary_total_co2,M1b,LSO,income_group=Low-income countries,socioeconomic,0.0
primary_total_co2,M1b,LBR,income_group=Low-income countries,socioeconomic,1.0
primary_total_co2,M1b,LBY,income_group=Low-income countries,socioeconomic,0.0
primary_total_co2,M1b,MDG,income_group=Low-income countries,socioeconomic,1.0
primary_total_co2,M1b,MWI,income_group=Low-income countries,socioeconomic,1.0
primary_total_co2,M1b,MLI,income_group=Low-income countries,socioeconomic,1.0
primary_total_co2,M1b,MRT,income_group=Low-income countries,socioeconomic,0.0
primary_total_co2,M1b,MAR,income_group=Low-income countries,socioeconomic,0.0
primary_total_co2,M1b,MOZ,income_group=Low-income countries,socioeconomic,1.0
primary_total_co2,M1b,NAM,income_group=Low-income countries,socioeconomic,0.0
primary_total_co2,M1b,NER,income_group=Low-income countries,socioeconomic,1.0
primary_total_co2,M1b,NGA,income_group=Low-income countries,socioeconomic,0.0
primary_total_co2,M1b,RWA,income_group=Low-income countries,socioeconomic,1.0
primary_total_co2,M1b,SEN,income_group=Low-income countries,socioeconomic,0.0
primary_total_co2,M1b,SLE,income_group=Low-income countries,socioeconomic,1.0
primary_total_co2,M1b,SOM,income_group=Low-income countries,socioeconomic,1.0
primary_total_co2,M1b,ZAF,income_group=Low-income countries,socioeconomic,0.0
primary_total_co2,M1b,SDN,income_group=Low-income countries,socioeconomic,1.0
primary_total_co2,M1b,SWZ,income_group=Low-income countries,socioeconomic,0.0
primary_total_co2,M1b,TZA,income_group=Low-income countries,socioeconomic,0.0
primary_total_co2,M1b,TGO,income_group=Low-income countries,socioeconomic,1.0
primary_total_co2,M1b,TUN,income_group=Low-income countries,socioeconomic,0.0
primary_total_co2,M1b,UGA,income_group=Low-income countries,socioeconomic,1.0
primary_total_co2,M1b,ZMB,income_group=Low-income countries,socioeconomic,0.0
primary_total_co2,M1b,ZWE,income_group=Low-income countries,socioeconomic,0.0
primary_total_co2,M1b,AFG,income_group=Low-income countries,socioeconomic,1.0
primary_total_co2,M1b,ARM,income_group=Low-income countries,socioeconomic,0.0
primary_total_co2,M1b,AZE,income_group=Low-income countries,socioeconomic,0.0
primary_total_co2,M1b,BGD,income_group=Low-income countries,socioeconomic,0.0
primary_total_co2,M1b,MMR,income_group=Low-income countries,socioeconomic,0.0
primary_total_co2,M1b,KHM,income_group=Low-income countries,socioeconomic,0.0
primary_total_co2,M1b,CHN,income_group=Low-income countries,socioeconomic,0.0
primary_total_co2,M1b,GEO,income_group=Low-income countries,socioeconomic,0.0
primary_total_co2,M1b,IND,income_group=Low-income countries,socioeconomic,0.0
primary_total_co2,M1b,IDN,income_group=Low-income countries,socioeconomic,0.0
primary_total_co2,M1b,IRN,income_group=Low-income countries,socioeconomic,0.0
primary_total_co2,M1b,IRQ,income_group=Low-income countries,socioeconomic,0.0
primary_total_co2,M1b,ISR,income_group=Low-income countries,socioeconomic,0.0
primary_total_co2,M1b,JPN,income_group=Low-income countries,socioeconomic,0.0
primary_total_co2,M1b,JOR,income_group=Low-income countries,socioeconomic,0.0
primary_total_co2,M1b,KAZ,income_group=Low-income countries,socioeconomic,0.0
primary_total_co2,M1b,LAO,income_group=Low-income countries,socioeconomic,0.0
primary_total_co2,M1b,LBN,income_group=Low-income countries,socioeconomic,0.0
primary_total_co2,M1b,MYS,income_group=Low-income countries,socioeconomic,0.0
primary_total_co2,M1b,MNG,income_group=Low-income countries,socioeconomic,0.0
primary_total_co2,M1b,NPL,income_group=Low-income countries,socioeconomic,0.0
primary_total_co2,M1b,OMN,income_group=Low-income countries,socioeconomic,0.0
primary_total_co2,M1b,PAK,income_group=Low-income countries,socioeconomic,0.0
primary_total_co2,M1b,PHL,income_group=Low-income countries,socioeconomic,0.0
primary_total_co2,M1b,QAT,income_group=Low-income countries,socioeconomic,0.0
primary_total_co2,M1b,SAU,income_group=Low-income countries,socioeconomic,0.0
primary_total_co2,M1b,KOR,income_group=Low-income countries,socioeconomic,0.0
primary_total_co2,M1b,LKA,income_group=Low-income countries,socioeconomic,0.0
primary_total_co2,M1b,SYR,income_group=Low-income countries,socioeconomic,1.0
primary_total_co2,M1b,TWN,income_group=Low-income countries,socioeconomic,0.0
primary_total_co2,M1b,TJK,income_group=Low-income countries,socioeconomic,0.0
primary_total_co2,M1b,THA,income_group=Low-income countries,socioeconomic,0.0
primary_total_co2,M1b,TUR,income_group=Low-income countries,socioeconomic,0.0
primary_total_co2,M1b,TKM,income_group=Low-income countries,socioeconomic,0.0
primary_total_co2,M1b,ARE,income_group=Low-income countries,socioeconomic,0.0
primary_total_co2,M1b,UZB,income_group=Low-income countries,socioeconomic,0.0
primary_total_co2,M1b,VNM,income_group=Low-income countries,socioeconomic,0.0
primary_total_co2,M1b,YEM,income_group=Low-income countries,socioeconomic,1.0
primary_total_co2,M1b,ALB,income_group=Low-income countries,socioeconomic,0.0
primary_total_co2,M1b,AUT,income_group=Low-income countries,socioeconomic,0.0
primary_total_co2,M1b,BLR,income_group=Low-income countries,socioeconomic,0.0
primary_total_co2,M1b,BEL,income_group=Low-income countries,socioeconomic,0.0
primary_total_co2,M1b,BIH,income_group=Low-income countries,socioeconomic,0.0
primary_total_co2,M1b,BGR,income_group=Low-income countries,socioeconomic,0.0
primary_total_co2,M1b,HRV,income_group=Low-income countries,socioeconomic,0.0
primary_total_co2,M1b,CYP,income_group=Low-income countries,socioeconomic,0.0
primary_total_co2,M1b,CZE,income_group=Low-income countries,socioeconomic,0.0
primary_total_co2,M1b,DNK,income_group=Low-income countries,socioeconomic,0.0
primary_total_co2,M1b,EST,income_group=Low-income countries,socioeconomic,0.0
primary_total_co2,M1b,FIN,income_group=Low-income countries,socioeconomic,0.0
primary_total_co2,M1b,FRA,income_group=Low-income countries,socioeconomic,0.0
primary_total_co2,M1b,DEU,income_group=Low-income countries,socioeconomic,0.0
primary_total_co2,M1b,GRC,income_group=Low-income countries,socioeconomic,0.0
primary_total_co2,M1b,HUN,income_group=Low-income countries,socioeconomic,0.0
primary_total_co2,M1b,ISL,income_group=Low-income countries,socioeconomic,0.0
primary_total_co2,M1b,IRL,income_group=Low-income countries,socioeconomic,0.0
primary_total_co2,M1b,ITA,income_group=Low-income countries,socioeconomic,0.0
primary_total_co2,M1b,LVA,income_group=Low-income countries,socioeconomic,0.0
primary_total_co2,M1b,LTU,income_group=Low-income countries,socioeconomic,0.0
primary_total_co2,M1b,MKD,income_group=Low-income countries,socioeconomic,0.0
primary_total_co2,M1b,MDA,income_group=Low-income countries,socioeconomic,0.0
primary_total_co2,M1b,MNE,income_group=Low-income countries,socioeconomic,0.0
primary_total_co2,M1b,NLD,income_group=Low-income countries,socioeconomic,0.0
primary_total_co2,M1b,NOR,income_group=Low-income countries,socioeconomic,0.0
primary_total_co2,M1b,POL,income_group=Low-income countries,socioeconomic,0.0
primary_total_co2,M1b,PRT,income_group=Low-income countries,socioeconomic,0.0
primary_total_co2,M1b,ROU,income_group=Low-income countries,socioeconomic,0.0
primary_total_co2,M1b,RUS,income_group=Low-income countries,socioeconomic,0.0
primary_total_co2,M1b,SRB,income_group=Low-income countries,socioeconomic,0.0
primary_total_co2,M1b,SVK,income_group=Low-income countries,socioeconomic,0.0
primary_total_co2,M1b,SVN,income_group=Low-income countries,socioeconomic,0.0
primary_total_co2,M1b,ESP,income_group=Low-income countries,socioeconomic,0.0
primary_total_co2,M1b,SWE,income_group=Low-income countries,socioeconomic,0.0
primary_total_co2,M1b,CHE,income_group=Low-income countries,socioeconomic,0.0
primary_total_co2,M1b,UKR,income_group=Low-income countries,socioeconomic,0.0
primary_total_co2,M1b,GBR,income_group=Low-income countries,socioeconomic,0.0
primary_total_co2,M1b,BHS,income_group=Low-income countries,socioeconomic,0.0
primary_total_co2,M1b,CAN,income_group=Low-income countries,socioeconomic,0.0
primary_total_co2,M1b,CRI,income_group=Low-income countries,socioeconomic,0.0
primary_total_co2,M1b,CUB,income_group=Low-income countries,socioeconomic,0.0
primary_total_co2,M1b,DOM,income_group=Low-income countries,socioeconomic,0.0
primary_total_co2,M1b,SLV,income_group=Low-income countries,socioeconomic,0.0
primary_total_co2,M1b,GTM,income_group=Low-income countries,socioeconomic,0.0
primary_total_co2,M1b,HTI,income_group=Low-income countries,socioeconomic,0.0
primary_total_co2,M1b,HND,income_group=Low-income countries,socioeconomic,0.0
primary_total_co2,M1b,JAM,income_group=Low-income countries,socioeconomic,0.0
primary_total_co2,M1b,MEX,income_group=Low-income countries,socioeconomic,0.0
primary_total_co2,M1b,NIC,income_group=Low-income countries,socioeconomic,0.0
primary_total_co2,M1b,PAN,income_group=Low-income countries,socioeconomic,0.0
primary_total_co2,M1b,USA,income_group=Low-income countries,socioeconomic,0.0
primary_total_co2,M1b,AUS,income_group=Low-income countries,socioeconomic,0.0
primary_total_co2,M1b,NZL,income_group=Low-income countries,socioeconomic,0.0
primary_total_co2,M1b,PNG,income_group=Low-income countries,socioeconomic,0.0
primary_total_co2,M1b,ARG,income_group=Low-income countries,socioeconomic,0.0
primary_total_co2,M1b,BOL,income_group=Low-income countries,socioeconomic,0.0
primary_total_co2,M1b,BRA,income_group=Low-income countries,socioeconomic,0.0
primary_total_co2,M1b,CHL,income_group=Low-income countries,socioeconomic,0.0
primary_total_co2,M1b,COL,income_group=Low-income countries,socioeconomic,0.0
primary_total_co2,M1b,ECU,income_group=Low-income countries,socioeconomic,0.0
primary_total_co2,M1b,PRY,income_group=Low-income countries,socioeconomic,0.0
primary_total_co2,M1b,PER,income_group=Low-income countries,socioeconomic,0.0
primary_total_co2,M1b,SUR,income_group=Low-income countries,socioeconomic,0.0
primary_total_co2,M1b,URY,income_group=Low-income countries,socioeconomic,0.0
primary_total_co2,M1b,VEN,income_group=Low-income countries,socioeconomic,0.0
primary_total_co2,M1b,DZA,income_group=Lower-middle-income countries,socioeconomic,0.0
primary_total_co2,M1b,AGO,income_group=Lower-middle-income countries,socioeconomic,1.0
primary_total_co2,M1b,BEN,income_group=Lower-middle-income countries,socioeconomic,1.0
primary_total_co2,M1b,BWA,income_group=Lower-middle-income countries,socioeconomic,0.0
primary_total_co2,M1b,BFA,income_group=Lower-middle-income countries,socioeconomic,0.0
primary_total_co2,M1b,BDI,income_group=Lower-middle-income countries,socioeconomic,0.0
primary_total_co2,M1b,CMR,income_group=Lower-middle-income countries,socioeconomic,1.0
primary_total_co2,M1b,CAF,income_group=Lower-middle-income countries,socioeconomic,0.0
primary_total_co2,M1b,TCD,income_group=Lower-middle-income countries,socioeconomic,0.0
primary_total_co2,M1b,COG,income_group=Lower-middle-income countries,socioeconomic,1.0
primary_total_co2,M1b,COD,income_group=Lower-middle-income countries,socioeconomic,0.0
primary_total_co2,M1b,CIV,income_group=Lower-middle-income countries,socioeconomic,1.0
primary_total_co2,M1b,DJI,income_group=Lower-middle-income countries,socioeconomic,1.0
primary_total_co2,M1b,EGY,income_group=Lower-middle-income countries,socioeconomic,1.0
primary_total_co2,M1b,GNQ,income_group=Lower-middle-income countries,socioeconomic,0.0
primary_total_co2,M1b,ERI,income_group=Lower-middle-income countries,socioeconomic,0.0
primary_total_co2,M1b,ETH,income_group=Lower-middle-income countries,socioeconomic,0.0
primary_total_co2,M1b,GAB,income_group=Lower-middle-income countries,socioeconomic,0.0
primary_total_co2,M1b,GHA,income_group=Lower-middle-income countries,socioeconomic,1.0
primary_total_co2,M1b,GIN,income_group=Lower-middle-income countries,socioeconomic,1.0
primary_total_co2,M1b,GNB,income_group=Lower-middle-income countries,socioeconomic,0.0
primary_total_co2,M1b,KEN,income_group=Lower-middle-income countries,socioeconomic,1.0
primary_total_co2,M1b,LSO,income_group=Lower-middle-income countries,socioeconomic,1.0
primary_total_co2,M1b,LBR,income_group=Lower-middle-income countries,socioeconomic,0.0
primary_total_co2,M1b,LBY,income_group=Lower-middle-income countries,socioeconomic,0.0
primary_total_co2,M1b,MDG,income_group=Lower-middle-income countries,socioeconomic,0.0
primary_total_co2,M1b,MWI,income_group=Lower-middle-income countries,socioeconomic,0.0
primary_total_co2,M1b,MLI,income_group=Lower-middle-income countries,socioeconomic,0.0
primary_total_co2,M1b,MRT,income_group=Lower-middle-income countries,socioeconomic,1.0
primary_total_co2,M1b,MAR,income_group=Lower-middle-income countries,socioeconomic,1.0
primary_total_co2,M1b,MOZ,income_group=Lower-middle-income countries,socioeconomic,0.0
primary_total_co2,M1b,NAM,income_group=Lower-middle-income countries,socioeconomic,1.0
primary_total_co2,M1b,NER,income_group=Lower-middle-income countries,socioeconomic,0.0
primary_total_co2,M1b,NGA,income_group=Lower-middle-income countries,socioeconomic,1.0
primary_total_co2,M1b,RWA,income_group=Lower-middle-income countries,socioeconomic,0.0
primary_total_co2,M1b,SEN,income_group=Lower-middle-income countries,socioeconomic,1.0
primary_total_co2,M1b,SLE,income_group=Lower-middle-income countries,socioeconomic,0.0
primary_total_co2,M1b,SOM,income_group=Lower-middle-income countries,socioeconomic,0.0
primary_total_co2,M1b,ZAF,income_group=Lower-middle-income countries,socioeconomic,0.0
primary_total_co2,M1b,SDN,income_group=Lower-middle-income countries,socioeconomic,0.0
primary_total_co2,M1b,SWZ,income_group=Lower-middle-income countries,socioeconomic,1.0
primary_total_co2,M1b,TZA,income_group=Lower-middle-income countries,socioeconomic,1.0
primary_total_co2,M1b,TGO,income_group=Lower-middle-income countries,socioeconomic,0.0
primary_total_co2,M1b,TUN,income_group=Lower-middle-income countries,socioeconomic,1.0
primary_total_co2,M1b,UGA,income_group=Lower-middle-income countries,socioeconomic,0.0
primary_total_co2,M1b,ZMB,income_group=Lower-middle-income countries,socioeconomic,1.0
primary_total_co2,M1b,ZWE,income_group=Lower-middle-income countries,socioeconomic,1.0
primary_total_co2,M1b,AFG,income_group=Lower-middle-income countries,socioeconomic,0.0
primary_total_co2,M1b,ARM,income_group=Lower-middle-income countries,socioeconomic,0.0
primary_total_co2,M1b,AZE,income_group=Lower-middle-income countries,socioeconomic,0.0
primary_total_co2,M1b,BGD,income_group=Lower-middle-income countries,socioeconomic,1.0
primary_total_co2,M1b,MMR,income_group=Lower-middle-income countries,socioeconomic,1.0
primary_total_co2,M1b,KHM,income_group=Lower-middle-income countries,socioeconomic,1.0
primary_total_co2,M1b,CHN,income_group=Lower-middle-income countries,socioeconomic,0.0
primary_total_co2,M1b,GEO,income_group=Lower-middle-income countries,socioeconomic,0.0
primary_total_co2,M1b,IND,income_group=Lower-middle-income countries,socioeconomic,1.0
primary_total_co2,M1b,IDN,income_group=Lower-middle-income countries,socioeconomic,0.0
primary_total_co2,M1b,IRN,income_group=Lower-middle-income countries,socioeconomic,0.0
primary_total_co2,M1b,IRQ,income_group=Lower-middle-income countries,socioeconomic,0.0
primary_total_co2,M1b,ISR,income_group=Lower-middle-income countries,socioeconomic,0.0
primary_total_co2,M1b,JPN,income_group=Lower-middle-income countries,socioeconomic,0.0
primary_total_co2,M1b,JOR,income_group=Lower-middle-income countries,socioeconomic,1.0
primary_total_co2,M1b,KAZ,income_group=Lower-middle-income countries,socioeconomic,0.0
primary_total_co2,M1b,LAO,income_group=Lower-middle-income countries,socioeconomic,1.0
primary_total_co2,M1b,LBN,income_group=Lower-middle-income countries,socioeconomic,1.0
primary_total_co2,M1b,MYS,income_group=Lower-middle-income countries,socioeconomic,0.0
primary_total_co2,M1b,MNG,income_group=Lower-middle-income countries,socioeconomic,0.0
primary_total_co2,M1b,NPL,income_group=Lower-middle-income countries,socioeconomic,1.0
primary_total_co2,M1b,OMN,income_group=Lower-middle-income countries,socioeconomic,0.0
primary_total_co2,M1b,PAK,income_group=Lower-middle-income countries,socioeconomic,1.0
primary_total_co2,M1b,PHL,income_group=Lower-middle-income countries,socioeconomic,1.0
primary_total_co2,M1b,QAT,income_group=Lower-middle-income countries,socioeconomic,0.0
primary_total_co2,M1b,SAU,income_group=Lower-middle-income countries,socioeconomic,0.0
primary_total_co2,M1b,KOR,income_group=Lower-middle-income countries,socioeconomic,0.0
primary_total_co2,M1b,LKA,income_group=Lower-middle-income countries,socioeconomic,1.0
primary_total_co2,M1b,SYR,income_group=Lower-middle-income countries,socioeconomic,0.0
primary_total_co2,M1b,TWN,income_group=Lower-middle-income countries,socioeconomic,0.0
primary_total_co2,M1b,TJK,income_group=Lower-middle-income countries,socioeconomic,1.0
primary_total_co2,M1b,THA,income_group=Lower-middle-income countries,socioeconomic,0.0
primary_total_co2,M1b,TUR,income_group=Lower-middle-income countries,socioeconomic,0.0
primary_total_co2,M1b,TKM,income_group=Lower-middle-income countries,socioeconomic,0.0
primary_total_co2,M1b,ARE,income_group=Lower-middle-income countries,socioeconomic,0.0
primary_total_co2,M1b,UZB,income_group=Lower-middle-income countries,socioeconomic,1.0
primary_total_co2,M1b,VNM,income_group=Lower-middle-income countries,socioeconomic,1.0
primary_total_co2,M1b,YEM,income_group=Lower-middle-income countries,socioeconomic,0.0
primary_total_co2,M1b,ALB,income_group=Lower-middle-income countries,socioeconomic,0.0
primary_total_co2,M1b,AUT,income_group=Lower-middle-income countries,socioeconomic,0.0
primary_total_co2,M1b,BLR,income_group=Lower-middle-income countries,socioeconomic,0.0
primary_total_co2,M1b,BEL,income_group=Lower-middle-income countries,socioeconomic,0.0
primary_total_co2,M1b,BIH,income_group=Lower-middle-income countries,socioeconomic,0.0
primary_total_co2,M1b,BGR,income_group=Lower-middle-income countries,socioeconomic,0.0
primary_total_co2,M1b,HRV,income_group=Lower-middle-income countries,socioeconomic,0.0
primary_total_co2,M1b,CYP,income_group=Lower-middle-income countries,socioeconomic,0.0
primary_total_co2,M1b,CZE,income_group=Lower-middle-income countries,socioeconomic,0.0
primary_total_co2,M1b,DNK,income_group=Lower-middle-income countries,socioeconomic,0.0
primary_total_co2,M1b,EST,income_group=Lower-middle-income countries,socioeconomic,0.0
primary_total_co2,M1b,FIN,income_group=Lower-middle-income countries,socioeconomic,0.0
primary_total_co2,M1b,FRA,income_group=Lower-middle-income countries,socioeconomic,0.0
primary_total_co2,M1b,DEU,income_group=Lower-middle-income countries,socioeconomic,0.0
primary_total_co2,M1b,GRC,income_group=Lower-middle-income countries,socioeconomic,0.0
primary_total_co2,M1b,HUN,income_group=Lower-middle-income countries,socioeconomic,0.0
primary_total_co2,M1b,ISL,income_group=Lower-middle-income countries,socioeconomic,0.0
primary_total_co2,M1b,IRL,income_group=Lower-middle-income countries,socioeconomic,0.0
primary_total_co2,M1b,ITA,income_group=Lower-middle-income countries,socioeconomic,0.0
primary_total_co2,M1b,LVA,income_group=Lower-middle-income countries,socioeconomic,0.0
primary_total_co2,M1b,LTU,income_group=Lower-middle-income countries,socioeconomic,0.0
primary_total_co2,M1b,MKD,income_group=Lower-middle-income countries,socioeconomic,0.0
primary_total_co2,M1b,MDA,income_group=Lower-middle-income countries,socioeconomic,0.0
primary_total_co2,M1b,MNE,income_group=Lower-middle-income countries,socioeconomic,0.0
primary_total_co2,M1b,NLD,income_group=Lower-middle-income countries,socioeconomic,0.0
primary_total_co2,M1b,NOR,income_group=Lower-middle-income countries,socioeconomic,0.0
primary_total_co2,M1b,POL,income_group=Lower-middle-income countries,socioeconomic,0.0
primary_total_co2,M1b,PRT,income_group=Lower-middle-income countries,socioeconomic,0.0
primary_total_co2,M1b,ROU,income_group=Lower-middle-income countries,socioeconomic,0.0
primary_total_co2,M1b,RUS,income_group=Lower-middle-income countries,socioeconomic,0.0
primary_total_co2,M1b,SRB,income_group=Lower-middle-income countries,socioeconomic,0.0
primary_total_co2,M1b,SVK,income_group=Lower-middle-income countries,socioeconomic,0.0
primary_total_co2,M1b,SVN,income_group=Lower-middle-income countries,socioeconomic,0.0
primary_total_co2,M1b,ESP,income_group=Lower-middle-income countries,socioeconomic,0.0
primary_total_co2,M1b,SWE,income_group=Lower-middle-income countries,socioeconomic,0.0
primary_total_co2,M1b,CHE,income_group=Lower-middle-income countries,socioeconomic,0.0
primary_total_co2,M1b,UKR,income_group=Lower-middle-income countries,socioeconomic,0.0
primary_total_co2,M1b,GBR,income_group=Lower-middle-income countries,socioeconomic,0.0
primary_total_co2,M1b,BHS,income_group=Lower-middle-income countries,socioeconomic,0.0
primary_total_co2,M1b,CAN,income_group=Lower-middle-income countries,socioeconomic,0.0
primary_total_co2,M1b,CRI,income_group=Lower-middle-income countries,socioeconomic,0.0
primary_total_co2,M1b,CUB,income_group=Lower-middle-income countries,socioeconomic,0.0
primary_total_co2,M1b,DOM,income_group=Lower-middle-income countries,socioeconomic,0.0
primary_total_co2,M1b,SLV,income_group=Lower-middle-income countries,socioeconomic,0.0
primary_total_co2,M1b,GTM,income_group=Lower-middle-income countries,socioeconomic,0.0
primary_total_co2,M1b,HTI,income_group=Lower-middle-income countries,socioeconomic,1.0
primary_total_co2,M1b,HND,income_group=Lower-middle-income countries,socioeconomic,1.0
primary_total_co2,M1b,JAM,income_group=Lower-middle-income countries,socioeconomic,0.0
primary_total_co2,M1b,MEX,income_group=Lower-middle-income countries,socioeconomic,0.0
primary_total_co2,M1b,NIC,income_group=Lower-middle-income countries,socioeconomic,1.0
primary_total_co2,M1b,PAN,income_group=Lower-middle-income countries,socioeconomic,0.0
primary_total_co2,M1b,USA,income_group=Lower-middle-income countries,socioeconomic,0.0
primary_total_co2,M1b,AUS,income_group=Lower-middle-income countries,socioeconomic,0.0
primary_total_co2,M1b,NZL,income_group=Lower-middle-income countries,socioeconomic,0.0
primary_total_co2,M1b,PNG,income_group=Lower-middle-income countries,socioeconomic,1.0
primary_total_co2,M1b,ARG,income_group=Lower-middle-income countries,socioeconomic,0.0
primary_total_co2,M1b,BOL,income_group=Lower-middle-income countries,socioeconomic,1.0
primary_total_co2,M1b,BRA,income_group=Lower-middle-income countries,socioeconomic,0.0
primary_total_co2,M1b,CHL,income_group=Lower-middle-income countries,socioeconomic,0.0
primary_total_co2,M1b,COL,income_group=Lower-middle-income countries,socioeconomic,0.0
primary_total_co2,M1b,ECU,income_group=Lower-middle-income countries,socioeconomic,0.0
primary_total_co2,M1b,PRY,income_group=Lower-middle-income countries,socioeconomic,0.0
primary_total_co2,M1b,PER,income_group=Lower-middle-income countries,socioeconomic,0.0
primary_total_co2,M1b,SUR,income_group=Lower-middle-income countries,socioeconomic,0.0
primary_total_co2,M1b,URY,income_group=Lower-middle-income countries,socioeconomic,0.0
primary_total_co2,M1b,VEN,income_group=Lower-middle-income countries,socioeconomic,0.0
primary_total_co2,M1b,DZA,income_group=Upper-middle-income countries,socioeconomic,1.0
primary_total_co2,M1b,AGO,income_group=Upper-middle-income countries,socioeconomic,0.0
primary_total_co2,M1b,BEN,income_group=Upper-middle-income countries,socioeconomic,0.0
primary_total_co2,M1b,BWA,income_group=Upper-middle-income countries,socioeconomic,1.0
primary_total_co2,M1b,BFA,income_group=Upper-middle-income countries,socioeconomic,0.0
primary_total_co2,M1b,BDI,income_group=Upper-middle-income countries,socioeconomic,0.0
primary_total_co2,M1b,CMR,income_group=Upper-middle-income countries,socioeconomic,0.0
primary_total_co2,M1b,CAF,income_group=Upper-middle-income countries,socioeconomic,0.0
primary_total_co2,M1b,TCD,income_group=Upper-middle-income countries,socioeconomic,0.0
primary_total_co2,M1b,COG,income_group=Upper-middle-income countries,socioeconomic,0.0
primary_total_co2,M1b,COD,income_group=Upper-middle-income countries,socioeconomic,0.0
primary_total_co2,M1b,CIV,income_group=Upper-middle-income countries,socioeconomic,0.0
primary_total_co2,M1b,DJI,income_group=Upper-middle-income countries,socioeconomic,0.0
primary_total_co2,M1b,EGY,income_group=Upper-middle-income countries,socioeconomic,0.0
primary_total_co2,M1b,GNQ,income_group=Upper-middle-income countries,socioeconomic,1.0
primary_total_co2,M1b,ERI,income_group=Upper-middle-income countries,socioeconomic,0.0
primary_total_co2,M1b,ETH,income_group=Upper-middle-income countries,socioeconomic,0.0
primary_total_co2,M1b,GAB,income_group=Upper-middle-income countries,socioeconomic,1.0
primary_total_co2,M1b,GHA,income_group=Upper-middle-income countries,socioeconomic,0.0
primary_total_co2,M1b,GIN,income_group=Upper-middle-income countries,socioeconomic,0.0
primary_total_co2,M1b,GNB,income_group=Upper-middle-income countries,socioeconomic,0.0
primary_total_co2,M1b,KEN,income_group=Upper-middle-income countries,socioeconomic,0.0
primary_total_co2,M1b,LSO,income_group=Upper-middle-income countries,socioeconomic,0.0
primary_total_co2,M1b,LBR,income_group=Upper-middle-income countries,socioeconomic,0.0
primary_total_co2,M1b,LBY,income_group=Upper-middle-income countries,socioeconomic,1.0
primary_total_co2,M1b,MDG,income_group=Upper-middle-income countries,socioeconomic,0.0
primary_total_co2,M1b,MWI,income_group=Upper-middle-income countries,socioeconomic,0.0
primary_total_co2,M1b,MLI,income_group=Upper-middle-income countries,socioeconomic,0.0
primary_total_co2,M1b,MRT,income_group=Upper-middle-income countries,socioeconomic,0.0
primary_total_co2,M1b,MAR,income_group=Upper-middle-income countries,socioeconomic,0.0
primary_total_co2,M1b,MOZ,income_group=Upper-middle-income countries,socioeconomic,0.0
primary_total_co2,M1b,NAM,income_group=Upper-middle-income countries,socioeconomic,0.0
primary_total_co2,M1b,NER,income_group=Upper-middle-income countries,socioeconomic,0.0
primary_total_co2,M1b,NGA,income_group=Upper-middle-income countries,socioeconomic,0.0
primary_total_co2,M1b,RWA,income_group=Upper-middle-income countries,socioeconomic,0.0
primary_total_co2,M1b,SEN,income_group=Upper-middle-income countries,socioeconomic,0.0
primary_total_co2,M1b,SLE,income_group=Upper-middle-income countries,socioeconomic,0.0
primary_total_co2,M1b,SOM,income_group=Upper-middle-income countries,socioeconomic,0.0
primary_total_co2,M1b,ZAF,income_group=Upper-middle-income countries,socioeconomic,1.0
primary_total_co2,M1b,SDN,income_group=Upper-middle-income countries,socioeconomic,0.0
primary_total_co2,M1b,SWZ,income_group=Upper-middle-income countries,socioeconomic,0.0
primary_total_co2,M1b,TZA,income_group=Upper-middle-income countries,socioeconomic,0.0
primary_total_co2,M1b,TGO,income_group=Upper-middle-income countries,socioeconomic,0.0
primary_total_co2,M1b,TUN,income_group=Upper-middle-income countries,socioeconomic,0.0
primary_total_co2,M1b,UGA,income_group=Upper-middle-income countries,socioeconomic,0.0
primary_total_co2,M1b,ZMB,income_group=Upper-middle-income countries,socioeconomic,0.0
primary_total_co2,M1b,ZWE,income_group=Upper-middle-income countries,socioeconomic,0.0
primary_total_co2,M1b,AFG,income_group=Upper-middle-income countries,socioeconomic,0.0
primary_total_co2,M1b,ARM,income_group=Upper-middle-income countries,socioeconomic,1.0
primary_total_co2,M1b,AZE,income_group=Upper-middle-income countries,socioeconomic,1.0
primary_total_co2,M1b,BGD,income_group=Upper-middle-income countries,socioeconomic,0.0
primary_total_co2,M1b,MMR,income_group=Upper-middle-income countries,socioeconomic,0.0
primary_total_co2,M1b,KHM,income_group=Upper-middle-income countries,socioeconomic,0.0
primary_total_co2,M1b,CHN,income_group=Upper-middle-income countries,socioeconomic,1.0
primary_total_co2,M1b,GEO,income_group=Upper-middle-income countries,socioeconomic,1.0
primary_total_co2,M1b,IND,income_group=Upper-middle-income countries,socioeconomic,0.0
primary_total_co2,M1b,IDN,income_group=Upper-middle-income countries,socioeconomic,1.0
primary_total_co2,M1b,IRN,income_group=Upper-middle-income countries,socioeconomic,1.0
primary_total_co2,M1b,IRQ,income_group=Upper-middle-income countries,socioeconomic,1.0
primary_total_co2,M1b,ISR,income_group=Upper-middle-income countries,socioeconomic,0.0
primary_total_co2,M1b,JPN,income_group=Upper-middle-income countries,socioeconomic,0.0
primary_total_co2,M1b,JOR,income_group=Upper-middle-income countries,socioeconomic,0.0
primary_total_co2,M1b,KAZ,income_group=Upper-middle-income countries,socioeconomic,1.0
primary_total_co2,M1b,LAO,income_group=Upper-middle-income countries,socioeconomic,0.0
primary_total_co2,M1b,LBN,income_group=Upper-middle-income countries,socioeconomic,0.0
primary_total_co2,M1b,MYS,income_group=Upper-middle-income countries,socioeconomic,1.0
primary_total_co2,M1b,MNG,income_group=Upper-middle-income countries,socioeconomic,1.0
primary_total_co2,M1b,NPL,income_group=Upper-middle-income countries,socioeconomic,0.0
primary_total_co2,M1b,OMN,income_group=Upper-middle-income countries,socioeconomic,0.0
primary_total_co2,M1b,PAK,income_group=Upper-middle-income countries,socioeconomic,0.0
primary_total_co2,M1b,PHL,income_group=Upper-middle-income countries,socioeconomic,0.0
primary_total_co2,M1b,QAT,income_group=Upper-middle-income countries,socioeconomic,0.0
primary_total_co2,M1b,SAU,income_group=Upper-middle-income countries,socioeconomic,0.0
primary_total_co2,M1b,KOR,income_group=Upper-middle-income countries,socioeconomic,0.0
primary_total_co2,M1b,LKA,income_group=Upper-middle-income countries,socioeconomic,0.0
primary_total_co2,M1b,SYR,income_group=Upper-middle-income countries,socioeconomic,0.0
primary_total_co2,M1b,TWN,income_group=Upper-middle-income countries,socioeconomic,0.0
primary_total_co2,M1b,TJK,income_group=Upper-middle-income countries,socioeconomic,0.0
primary_total_co2,M1b,THA,income_group=Upper-middle-income countries,socioeconomic,1.0
primary_total_co2,M1b,TUR,income_group=Upper-middle-income countries,socioeconomic,1.0
primary_total_co2,M1b,TKM,income_group=Upper-middle-income countries,socioeconomic,1.0
primary_total_co2,M1b,ARE,income_group=Upper-middle-income countries,socioeconomic,0.0
primary_total_co2,M1b,UZB,income_group=Upper-middle-income countries,socioeconomic,0.0
primary_total_co2,M1b,VNM,income_group=Upper-middle-income countries,socioeconomic,0.0
primary_total_co2,M1b,YEM,income_group=Upper-middle-income countries,socioeconomic,0.0
primary_total_co2,M1b,ALB,income_group=Upper-middle-income countries,socioeconomic,1.0
primary_total_co2,M1b,AUT,income_group=Upper-middle-income countries,socioeconomic,0.0
primary_total_co2,M1b,BLR,income_group=Upper-middle-income countries,socioeconomic,1.0
primary_total_co2,M1b,BEL,income_group=Upper-middle-income countries,socioeconomic,0.0
primary_total_co2,M1b,BIH,income_group=Upper-middle-income countries,socioeconomic,1.0
primary_total_co2,M1b,BGR,income_group=Upper-middle-income countries,socioeconomic,0.0
primary_total_co2,M1b,HRV,income_group=Upper-middle-income countries,socioeconomic,0.0
primary_total_co2,M1b,CYP,income_group=Upper-middle-income countries,socioeconomic,0.0
primary_total_co2,M1b,CZE,income_group=Upper-middle-income countries,socioeconomic,0.0
primary_total_co2,M1b,DNK,income_group=Upper-middle-income countries,socioeconomic,0.0
primary_total_co2,M1b,EST,income_group=Upper-middle-income countries,socioeconomic,0.0
primary_total_co2,M1b,FIN,income_group=Upper-middle-income countries,socioeconomic,0.0
primary_total_co2,M1b,FRA,income_group=Upper-middle-income countries,socioeconomic,0.0
primary_total_co2,M1b,DEU,income_group=Upper-middle-income countries,socioeconomic,0.0
primary_total_co2,M1b,GRC,income_group=Upper-middle-income countries,socioeconomic,0.0
primary_total_co2,M1b,HUN,income_group=Upper-middle-income countries,socioeconomic,0.0
primary_total_co2,M1b,ISL,income_group=Upper-middle-income countries,socioeconomic,0.0
primary_total_co2,M1b,IRL,income_group=Upper-middle-income countries,socioeconomic,0.0
primary_total_co2,M1b,ITA,income_group=Upper-middle-income countries,socioeconomic,0.0
primary_total_co2,M1b,LVA,income_group=Upper-middle-income countries,socioeconomic,0.0
primary_total_co2,M1b,LTU,income_group=Upper-middle-income countries,socioeconomic,0.0
primary_total_co2,M1b,MKD,income_group=Upper-middle-income countries,socioeconomic,1.0
primary_total_co2,M1b,MDA,income_group=Upper-middle-income countries,socioeconomic,1.0
primary_total_co2,M1b,MNE,income_group=Upper-middle-income countries,socioeconomic,1.0
primary_total_co2,M1b,NLD,income_group=Upper-middle-income countries,socioeconomic,0.0
primary_total_co2,M1b,NOR,income_group=Upper-middle-income countries,socioeconomic,0.0
primary_total_co2,M1b,POL,income_group=Upper-middle-income countries,socioeconomic,0.0
primary_total_co2,M1b,PRT,income_group=Upper-middle-income countries,socioeconomic,0.0
primary_total_co2,M1b,ROU,income_group=Upper-middle-income countries,socioeconomic,0.0
primary_total_co2,M1b,RUS,income_group=Upper-middle-income countries,socioeconomic,0.0
primary_total_co2,M1b,SRB,income_group=Upper-middle-income countries,socioeconomic,1.0
primary_total_co2,M1b,SVK,income_group=Upper-middle-income countries,socioeconomic,0.0
primary_total_co2,M1b,SVN,income_group=Upper-middle-income countries,socioeconomic,0.0
primary_total_co2,M1b,ESP,income_group=Upper-middle-income countries,socioeconomic,0.0
primary_total_co2,M1b,SWE,income_group=Upper-middle-income countries,socioeconomic,0.0
primary_total_co2,M1b,CHE,income_group=Upper-middle-income countries,socioeconomic,0.0
primary_total_co2,M1b,UKR,income_group=Upper-middle-income countries,socioeconomic,1.0
primary_total_co2,M1b,GBR,income_group=Upper-middle-income countries,socioeconomic,0.0
primary_total_co2,M1b,BHS,income_group=Upper-middle-income countries,socioeconomic,0.0
primary_total_co2,M1b,CAN,income_group=Upper-middle-income countries,socioeconomic,0.0
primary_total_co2,M1b,CRI,income_group=Upper-middle-income countries,socioeconomic,0.0
primary_total_co2,M1b,CUB,income_group=Upper-middle-income countries,socioeconomic,1.0
primary_total_co2,M1b,DOM,income_group=Upper-middle-income countries,socioeconomic,1.0
primary_total_co2,M1b,SLV,income_group=Upper-middle-income countries,socioeconomic,1.0
primary_total_co2,M1b,GTM,income_group=Upper-middle-income countries,socioeconomic,1.0
primary_total_co2,M1b,HTI,income_group=Upper-middle-income countries,socioeconomic,0.0
primary_total_co2,M1b,HND,income_group=Upper-middle-income countries,socioeconomic,0.0
primary_total_co2,M1b,JAM,income_group=Upper-middle-income countries,socioeconomic,1.0
primary_total_co2,M1b,MEX,income_group=Upper-middle-income countries,socioeconomic,1.0
primary_total_co2,M1b,NIC,income_group=Upper-middle-income countries,socioeconomic,0.0
primary_total_co2,M1b,PAN,income_group=Upper-middle-income countries,socioeconomic,0.0
primary_total_co2,M1b,USA,income_group=Upper-middle-income countries,socioeconomic,0.0
primary_total_co2,M1b,AUS,income_group=Upper-middle-income countries,socioeconomic,0.0
primary_total_co2,M1b,NZL,income_group=Upper-middle-income countries,socioeconomic,0.0
primary_total_co2,M1b,PNG,income_group=Upper-middle-income countries,socioeconomic,0.0
primary_total_co2,M1b,ARG,income_group=Upper-middle-income countries,socioeconomic,1.0
primary_total_co2,M1b,BOL,income_group=Upper-middle-income countries,socioeconomic,0.0
primary_total_co2,M1b,BRA,income_group=Upper-middle-income countries,socioeconomic,1.0
primary_total_co2,M1b,CHL,income_group=Upper-middle-income countries,socioeconomic,0.0
primary_total_co2,M1b,COL,income_group=Upper-middle-income countries,socioeconomic,1.0
primary_total_co2,M1b,ECU,income_group=Upper-middle-income countries,socioeconomic,1.0
primary_total_co2,M1b,PRY,income_group=Upper-middle-income countries,socioeconomic,1.0
primary_total_co2,M1b,PER,income_group=Upper-middle-income countries,socioeconomic,1.0
primary_total_co2,M1b,SUR,income_group=Upper-middle-income countries,socioeconomic,1.0
primary_total_co2,M1b,URY,income_group=Upper-middle-income countries,socioeconomic,0.0
primary_total_co2,M1b,VEN,income_group=Upper-middle-income countries,socioeconomic,1.0
primary_total_co2,M1b,DZA,population,population,7.584491521827347
primary_total_co2,M1b,AGO,population,population,7.417730963507243
primary_total_co2,M1b,BEN,population,population,7.0297420648599935
primary_total_co2,M1b,BWA,population,population,6.330553171680173
primary_total_co2,M1b,BFA,population,population,7.247860654170999
primary_total_co2,M1b,BDI,population,population,7.0186732920103205
primary_total_co2,M1b,CMR,population,population,7.330462050412179
primary_total_co2,M1b,CAF,population,population,6.666744709191047
primary_total_co2,M1b,TCD,population,population,7.136437739865217
primary_total_co2,M1b,COG,population,population,6.686377402658246
primary_total_co2,M1b,COD,population,population,7.879608451720629
primary_total_co2,M1b,CIV,population,population,7.379120064336155
primary_total_co2,M1b,DJI,population,population,5.993362592601758
primary_total_co2,M1b,EGY,population,population,7.979245769996698
primary_total_co2,M1b,GNQ,population,population,6.129116038326742
primary_total_co2,M1b,ERI,population,population,6.4877557098004175
primary_total_co2,M1b,ETH,population,population,7.993166099108892
primary_total_co2,M1b,GAB,population,population,6.281728818193019
primary_total_co2,M1b,GHA,population,population,7.437531664455299
primary_total_co2,M1b,GIN,population,population,7.048902812150967
primary_total_co2,M1b,GNB,population,population,6.229420726493306
primary_total_co2,M1b,KEN,population,population,7.653085044116425
primary_total_co2,M1b,LSO,population,population,6.313130614473341
primary_total_co2,M1b,LBR,population,population,6.650331423244434
primary_total_co2,M1b,LBY,population,population,6.7996600175142055
primary_total_co2,M1b,MDG,population,population,7.382184420928162
primary_total_co2,M1b,MWI,population,population,7.208490158076444
primary_total_co2,M1b,MLI,population,population,7.242034762393436
primary_total_co2,M1b,MRT,population,population,6.572211995805804
primary_total_co2,M1b,MAR,population,population,7.528756997026069
primary_total_co2,M1b,MOZ,population,population,7.3988356940534326
primary_total_co2,M1b,NAM,population,population,6.352665763677737
primary_total_co2,M1b,NER,population,population,7.267638613886829
primary_total_co2,M1b,NGA,population,population,8.257797185848496
primary_total_co2,M1b,RWA,population,population,7.045062323893226
primary_total_co2,M1b,SEN,population,population,7.1370646013058385
primary_total_co2,M1b,SLE,population,population,6.82698502393618
primary_total_co2,M1b,SOM,population,population,7.109565015062865
primary_total_co2,M1b,ZAF,population,population,7.737818887453181
primary_total_co2,M1b,SDN,population,population,7.57732921918915
primary_total_co2,M1b,SWZ,population,population,6.05307844348342
primary_total_co2,M1b,TZA,population,population,7.688634548890629
primary_total_co2,M1b,TGO,population,population,6.83243552351168
primary_total_co2,M1b,TUN,population,population,7.046938402296572
primary_total_co2,M1b,UGA,population,population,7.548230291005571
primary_total_co2,M1b,ZMB,population,population,7.1874925189804255
primary_total_co2,M1b,ZWE,population,population,7.146556255999673
primary_total_co2,M1b,AFG,population,population,7.4999990715847
primary_total_co2,M1b,ARM,population,population,6.465758383514392
primary_total_co2,M1b,AZE,population,population,6.97792548243784
primary_total_co2,M1b,BGD,population,population,8.194603506012374
primary_total_co2,M1b,MMR,population,population,7.701245451312068
primary_total_co2,M1b,KHM,population,population,7.180991592732013
primary_total_co2,M1b,CHN,population,population,9.13956679824072
primary_total_co2,M1b,GEO,population,population,6.580825566717042
primary_total_co2,M1b,IND,population,population,9.11254786492971
primary_total_co2,M1b,IDN,population,population,8.407989603823088
primary_total_co2,M1b,IRN,population,population,7.905335386670902
primary_total_co2,M1b,IRQ,population,population,7.547553035610451
primary_total_co2,M1b,ISR,population,population,6.889266341090212
primary_total_co2,M1b,JPN,population,population,8.106271293816295
primary_total_co2,M1b,JOR,population,population,6.902645258961303
primary_total_co2,M1b,KAZ,population,population,7.244437990304228
primary_total_co2,M1b,LAO,population,population,6.820292448116504
primary_total_co2,M1b,LBN,population,population,6.759172164098234
primary_total_co2,M1b,MYS,population,population,7.479636757705204
primary_total_co2,M1b,MNG,population,population,6.4551323135189955
primary_total_co2,M1b,NPL,population,population,7.440751653256151
primary_total_co2,M1b,OMN,population,population,6.5836424801017275
primary_total_co2,M1b,PAK,population,population,8.32443469719558
primary_total_co2,M1b,PHL,population,population,8.008925064275203
primary_total_co2,M1b,QAT,population,population,6.308062604336738
primary_total_co2,M1b,SAU,population,population,7.4475739017888225
primary_total_co2,M1b,KOR,population,population,7.699587722216534
primary_total_co2,M1b,LKA,population,population,7.32957743876949
primary_total_co2,M1b,SYR,population,population,7.335797199842345
primary_total_co2,M1b,TWN,population,population,7.369528844939075
primary_total_co2,M1b,TJK,population,population,6.914699174948477
primary_total_co2,M1b,THA,population,population,7.844136018099344
primary_total_co2,M1b,TUR,population,population,7.883110593585389
primary_total_co2,M1b,TKM,population,population,6.773738772330727
primary_total_co2,M1b,ARE,population,population,6.893864416474685
primary_total_co2,M1b,UZB,population,population,7.473108202341121
primary_total_co2,M1b,VNM,population,population,7.956999246761118
primary_total_co2,M1b,YEM,population,population,7.467059601294319
primary_total_co2,M1b,ALB,population,population,6.463530328570472
primary_total_co2,M1b,AUT,population,population,6.9284681091597955
primary_total_co2,M1b,BLR,population,population,6.976095564773477
primary_total_co2,M1b,BEL,population,population,7.047674973999279
primary_total_co2,M1b,BIH,population,population,6.557610289495604
primary_total_co2,M1b,BGR,population,population,6.861212005284552
primary_total_co2,M1b,HRV,population,population,6.627611921220393
primary_total_co2,M1b,CYP,population,population,6.073314653726718
primary_total_co2,M1b,CZE,population,population,7.021650812201932
primary_total_co2,M1b,DNK,population,population,6.749375515855583
primary_total_co2,M1b,EST,population,population,6.1198890486396085
primary_total_co2,M1b,FIN,population,population,6.735523610140002
primary_total_co2,M1b,FRA,population,population,7.80880315470863
primary_total_co2,M1b,DEU,population,population,7.908707904870466
primary_total_co2,M1b,GRC,population,population,7.040108989417488
primary_total_co2,M1b,HUN,population,population,6.995167484051263
primary_total_co2,M1b,ISL,population,population,5.510398880382385
primary_total_co2,M1b,IRL,population,population,6.665082251000093
primary_total_co2,M1b,ITA,population,population,7.782858473140336
primary_total_co2,M1b,LVA,population,population,6.303844637867393
primary_total_co2,M1b,LTU,population,population,6.471050874954516
primary_total_co2,M1b,MKD,population,population,6.3039041792595025
primary_total_co2,M1b,MDA,population,population,6.532594004296075
primary_total_co2,M1b,MNE,population,population,5.8015402203172535
primary_total_co2,M1b,NLD,population,population,7.229606749201902
primary_total_co2,M1b,NOR,population,population,6.705874484021341
primary_total_co2,M1b,POL,population,population,7.58273664522853
primary_total_co2,M1b,PRT,population,population,7.019460555719498
primary_total_co2,M1b,ROU,population,population,7.302393989899721
primary_total_co2,M1b,RUS,population,population,8.16018062182119
primary_total_co2,M1b,SRB,population,population,6.861903613273627
primary_total_co2,M1b,SVK,population,population,6.733231140360503
primary_total_co2,M1b,SVN,population,population,6.313118577021262
primary_total_co2,M1b,ESP,population,population,7.670805935803977
primary_total_co2,M1b,SWE,population,population,6.982299280319174
primary_total_co2,M1b,CHE,population,population,6.90801288261355
primary_total_co2,M1b,UKR,population,population,7.663952950304367
primary_total_co2,M1b,GBR,population,population,7.8088142837955985
primary_total_co2,M1b,BHS,population,population,5.578589933656245
primary_total_co2,M1b,CAN,population,population,7.547693756671519
primary_total_co2,M1b,CRI,population,population,6.673587885900976
primary_total_co2,M1b,CUB,population,population,7.0530078360659045
primary_total_co2,M1b,DOM,population,population,7.0083377275197964
primary_total_co2,M1b,SLV,population,population,6.788086667995949
primary_total_co2,M1b,GTM,population,population,7.1871635218758545
primary_total_co2,M1b,HTI,population,population,7.009551383824838
primary_total_co2,M1b,HND,population,population,6.948866390665476
primary_total_co2,M1b,JAM,population,population,6.4446207132917905
primary_total_co2,M1b,MEX,population,population,8.073144673581162
primary_total_co2,M1b,NIC,population,population,6.776980843483045
primary_total_co2,M1b,PAN,population,population,6.582669247010581
primary_total_co2,M1b,USA,population,population,8.505300261635066
primary_total_co2,M1b,AUS,population,population,7.366166432923759
primary_total_co2,M1b,NZL,population,population,6.648736269027635
primary_total_co2,M1b,PNG,population,population,6.919219345920554
primary_total_co2,M1b,ARG,population,population,7.6292306757420185
primary_total_co2,M1b,BOL,population,population,7.02867745479857
primary_total_co2,M1b,BRA,population,population,8.297713009593641
primary_total_co2,M1b,CHL,population,population,7.247654323145674
primary_total_co2,M1b,COL,population,population,7.664186601924754
primary_total_co2,M1b,ECU,population,population,7.198853079953566
primary_total_co2,M1b,PRY,population,population,6.776878859778663
primary_total_co2,M1b,PER,population,population,7.474477170440693
primary_total_co2,M1b,SUR,population,population,5.755130584229435
primary_total_co2,M1b,URY,population,population,6.524439614291172
primary_total_co2,M1b,VEN,population,population,7.475848283355976
primary_total_co2,M1b,DZA,station_density,population,0.0
primary_total_co2,M1b,AGO,station_density,population,0.3333333333333333
primary_total_co2,M1b,BEN,station_density,population,1.3333333333333333
primary_total_co2,M1b,BWA,station_density,population,0.0
primary_total_co2,M1b,BFA,station_density,population,0.0
primary_total_co2,M1b,BDI,station_density,population,2.0
primary_total_co2,M1b,CMR,station_density,population,1.8
primary_total_co2,M1b,CAF,station_density,population,0.0
primary_total_co2,M1b,TCD,station_density,population,0.0
primary_total_co2,M1b,COG,station_density,population,1.0
primary_total_co2,M1b,COD,station_density,population,0.4782608695652174
primary_total_co2,M1b,CIV,station_density,population,1.3846153846153846
primary_total_co2,M1b,DJI,station_density,population,0.0
primary_total_co2,M1b,EGY,station_density,population,3.0526315789473686
primary_total_co2,M1b,GNQ,station_density,population,0.5
primary_total_co2,M1b,ERI,station_density,population,0.0
primary_total_co2,M1b,ETH,station_density,population,0.4444444444444444
primary_total_co2,M1b,GAB,station_density,population,0.0
primary_total_co2,M1b,GHA,station_density,population,2.0
primary_total_co2,M1b,GIN,station_density,population,0.25
primary_total_co2,M1b,GNB,station_density,population,0.0
primary_total_co2,M1b,KEN,station_density,population,0.5
primary_total_co2,M1b,LSO,station_density,population,1.0
primary_total_co2,M1b,LBR,station_density,population,0.0
primary_total_co2,M1b,LBY,station_density,population,0.8
primary_total_co2,M1b,MDG,station_density,population,0.0
primary_total_co2,M1b,MWI,station_density,population,0.0
primary_total_co2,M1b,MLI,station_density,population,0.0
primary_total_co2,M1b,MRT,station_density,population,0.0
primary_total_co2,M1b,MAR,station_density,population,1.4
primary_total_co2,M1b,MOZ,station_density,population,0.3333333333333333
primary_total_co2,M1b,NAM,station_density,population,0.0
primary_total_co2,M1b,NER,station_density,population,0.3333333333333333
primary_total_co2,M1b,NGA,station_density,population,6.978021978021978
primary_total_co2,M1b,RWA,station_density,population,1.0
primary_total_co2,M1b,SEN,station_density,population,0.75
primary_total_co2,M1b,SLE,station_density,population,0.5
primary_total_co2,M1b,SOM,station_density,population,0.0
primary_total_co2,M1b,ZAF,station_density,population,6.42
primary_total_co2,M1b,SDN,station_density,population,0.6
primary_total_co2,M1b,SWZ,station_density,population,2.0
primary_total_co2,M1b,TZA,station_density,population,0.4375
primary_total_co2,M1b,TGO,station_density,population,0.0
primary_total_co2,M1b,TUN,station_density,population,1.2
primary_total_co2,M1b,UGA,station_density,population,0.6666666666666666
primary_total_co2,M1b,ZMB,station_density,population,1.875
primary_total_co2,M1b,ZWE,station_density,population,2.0
primary_total_co2,M1b,AFG,station_density,population,0.5
primary_total_co2,M1b,ARM,station_density,population,3.0
primary_total_co2,M1b,AZE,station_density,population,0.0
primary_total_co2,M1b,BGD,station_density,population,7.947368421052632
primary_total_co2,M1b,MMR,station_density,population,1.1
primary_total_co2,M1b,KHM,station_density,population,0.0
primary_total_co2,M1b,CHN,station_density,population,3.623684210526316
primary_total_co2,M1b,GEO,station_density,population,3.0
primary_total_co2,M1b,IND,station_density,population,7.294117647058823
primary_total_co2,M1b,IDN,station_density,population,12.931034482758621
primary_total_co2,M1b,IRN,station_density,population,1.7727272727272727
primary_total_co2,M1b,IRQ,station_density,population,1.5
primary_total_co2,M1b,ISR,station_density,population,4.444444444444445
primary_total_co2,M1b,JPN,station_density,population,29.954285714285714
primary_total_co2,M1b,JOR,station_density,population,7.0
primary_total_co2,M1b,KAZ,station_density,population,0.26666666666666666
primary_total_co2,M1b,LAO,station_density,population,0.0
primary_total_co2,M1b,LBN,station_density,population,3.6666666666666665
primary_total_co2,M1b,MYS,station_density,population,2.9375
primary_total_co2,M1b,MNG,station_density,population,0.0
primary_total_co2,M1b,NPL,station_density,population,4.142857142857143
primary_total_co2,M1b,OMN,station_density,population,0.0
primary_total_co2,M1b,PAK,station_density,population,6.508474576271187
primary_total_co2,M1b,PHL,station_density,population,9.692307692307692
primary_total_co2,M1b,QAT,station_density,population,0.0
primary_total_co2,M1b,SAU,station_density,population,0.0
primary_total_co2,M1b,KOR,station_density,population,0.0
primary_total_co2,M1b,LKA,station_density,population,2.4444444444444446
primary_total_co2,M1b,SYR,station_density,population,3.0
primary_total_co2,M1b,TWN,station_density,population,9.866666666666667
primary_total_co2,M1b,TJK,station_density,population,1.0
primary_total_co2,M1b,THA,station_density,population,2.5714285714285716
primary_total_co2,M1b,TUR,station_density,population,1.3725490196078431
primary_total_co2,M1b,TKM,station_density,population,0.6666666666666666
primary_total_co2,M1b,ARE,station_density,population,2.0
primary_total_co2,M1b,UZB,station_density,population,0.875
primary_total_co2,M1b,VNM,station_density,population,2.433333333333333
primary_total_co2,M1b,YEM,station_density,population,0.0
primary_total_co2,M1b,ALB,station_density,population,2.0
primary_total_co2,M1b,AUT,station_density,population,0.8
primary_total_co2,M1b,BLR,station_density,population,0.5
primary_total_co2,M1b,BEL,station_density,population,7.857142857142857
primary_total_co2,M1b,BIH,station_density,population,2.4
primary_total_co2,M1b,BGR,station_density,population,1.1428571428571428
primary_total_co2,M1b,HRV,station_density,population,1.3333333333333333
primary_total_co2,M1b,CYP,station_density,population,0.0
primary_total_co2,M1b,CZE,station_density,population,4.8
primary_total_co2,M1b,DNK,station_density,population,1.0
primary_total_co2,M1b,EST,station_density,population,0.0
primary_total_co2,M1b,FIN,station_density,population,0.4
primary_total_co2,M1b,FRA,station_density,population,2.1944444444444446
primary_total_co2,M1b,DEU,station_density,population,9.88888888888889
primary_total_co2,M1b,GRC,station_density,population,0.8571428571428571
primary_total_co2,M1b,HUN,station_density,population,2.3333333333333335
primary_total_co2,M1b,ISL,station_density,population,0.0
primary_total_co2,M1b,IRL,station_density,population,0.0
primary_total_co2,M1b,ITA,station_density,population,3.3333333333333335
primary_total_co2,M1b,LVA,station_density,population,1.0
primary_total_co2,M1b,LTU,station_density,population,1.4
primary_total_co2,M1b,MKD,station_density,population,4.0
primary_total_co2,M1b,MDA,station_density,population,2.0
primary_total_co2,M1b,MNE,station_density,population,0.0
primary_total_co2,M1b,NLD,station_density,population,17.875
primary_total_co2,M1b,NOR,station_density,population,0.0
primary_total_co2,M1b,POL,station_density,population,6.605263157894737
primary_total_co2,M1b,PRT,station_density,population,2.5714285714285716
primary_total_co2,M1b,ROU,station_density,population,2.84
primary_total_co2,M1b,RUS,station_density,population,1.7820512820512822
primary_total_co2,M1b,SRB,station_density,population,2.5
primary_total_co2,M1b,SVK,station_density,population,1.5
primary_total_co2,M1b,SVN,station_density,population,2.0
primary_total_co2,M1b,ESP,station_density,population,3.32
primary_total_co2,M1b,SWE,station_density,population,0.4
primary_total_co2,M1b,CHE,station_density,population,4.0
primary_total_co2,M1b,UKR,station_density,population,0.7916666666666666
primary_total_co2,M1b,GBR,station_density,population,10.647058823529411
primary_total_co2,M1b,BHS,station_density,population,0.0
primary_total_co2,M1b,CAN,station_density,population,1.36
primary_total_co2,M1b,CRI,station_density,population,0.0
primary_total_co2,M1b,CUB,station_density,population,1.5714285714285714
primary_total_co2,M1b,DOM,station_density,population,2.888888888888889
primary_total_co2,M1b,SLV,station_density,population,3.3333333333333335
primary_total_co2,M1b,GTM,station_density,population,8.0
primary_total_co2,M1b,HTI,station_density,population,2.4
primary_total_co2,M1b,HND,station_density,population,2.4
primary_total_co2,M1b,JAM,station_density,population,0.6666666666666666
primary_total_co2,M1b,MEX,station_density,population,5.298969072164948
primary_total_co2,M1b,NIC,station_density,population,1.0
primary_total_co2,M1b,PAN,station_density,population,1.0
primary_total_co2,M1b,USA,station_density,population,5.36964980544747
primary_total_co2,M1b,AUS,station_density,population,0.42857142857142855
primary_total_co2,M1b,NZL,station_density,population,0.8888888888888888
primary_total_co2,M1b,PNG,station_density,population,0.0
primary_total_co2,M1b,ARG,station_density,population,0.4375
primary_total_co2,M1b,BOL,station_density,population,0.0
primary_total_co2,M1b,BRA,station_density,population,9.672727272727272
primary_total_co2,M1b,CHL,station_density,population,0.7916666666666666
primary_total_co2,M1b,COL,station_density,population,3.3333333333333335
primary_total_co2,M1b,ECU,station_density,population,1.1538461538461537
primary_total_co2,M1b,PRY,station_density,population,2.6
primary_total_co2,M1b,PER,station_density,population,0.5
primary_total_co2,M1b,SUR,station_density,population,0.0
primary_total_co2,M1b,URY,station_density,population,0.5
primary_total_co2,M1b,VEN,station_density,population,5.075
primary_total_co2,M1b,DZA,baseline_dryness,hydroclimate,-1.690545065058128
primary_total_co2,M1b,AGO,baseline_dryness,hydroclimate,-0.1040954649116033
primary_total_co2,M1b,BEN,baseline_dryness,hydroclimate,-0.1326783291161894
primary_total_co2,M1b,BWA,baseline_dryness,hydroclimate,-0.5583172208393922
primary_total_co2,M1b,BFA,baseline_dryness,hydroclimate,-0.3373503232509182
primary_total_co2,M1b,BDI,baseline_dryness,hydroclimate,0.0129121301707185
primary_total_co2,M1b,CMR,baseline_dryness,hydroclimate,0.1234633881315638
primary_total_co2,M1b,CAF,baseline_dryness,hydroclimate,0.0001653626880324
primary_total_co2,M1b,TCD,baseline_dryness,hydroclimate,-1.0904460945639662
primary_total_co2,M1b,COG,baseline_dryness,hydroclimate,0.1990553174199466
primary_total_co2,M1b,COD,baseline_dryness,hydroclimate,0.1203669372525435
primary_total_co2,M1b,CIV,baseline_dryness,hydroclimate,0.0625136142902685
primary_total_co2,M1b,DJI,baseline_dryness,hydroclimate,-1.004749439005027
primary_total_co2,M1b,EGY,baseline_dryness,hydroclimate,-2.444135486634506
primary_total_co2,M1b,GNQ,baseline_dryness,hydroclimate,0.4142862575969018
primary_total_co2,M1b,ERI,baseline_dryness,hydroclimate,-0.8648933963655089
primary_total_co2,M1b,ETH,baseline_dryness,hydroclimate,-0.3469263006852902
primary_total_co2,M1b,GAB,baseline_dryness,hydroclimate,0.311401278258292
primary_total_co2,M1b,GHA,baseline_dryness,hydroclimate,-0.0040919666579692
primary_total_co2,M1b,GIN,baseline_dryness,hydroclimate,0.1117938997294083
primary_total_co2,M1b,GNB,baseline_dryness,hydroclimate,0.0475475218812508
primary_total_co2,M1b,KEN,baseline_dryness,hydroclimate,-0.4484341227194831
primary_total_co2,M1b,LSO,baseline_dryness,hydroclimate,-0.138731816850353
primary_total_co2,M1b,LBR,baseline_dryness,hydroclimate,0.358816597990449
primary_total_co2,M1b,LBY,baseline_dryness,hydroclimate,-2.1501616022424006
primary_total_co2,M1b,MDG,baseline_dryness,hydroclimate,0.0375954428193271
primary_total_co2,M1b,MWI,baseline_dryness,hydroclimate,-0.1156496838005782
primary_total_co2,M1b,MLI,baseline_dryness,hydroclimate,-1.0709636454013889
primary_total_co2,M1b,MRT,baseline_dryness,hydroclimate,-1.411210768265098
primary_total_co2,M1b,MAR,baseline_dryness,hydroclimate,-0.721142768325312
primary_total_co2,M1b,MOZ,baseline_dryness,hydroclimate,-0.1651256583139886
primary_total_co2,M1b,NAM,baseline_dryness,hydroclimate,-0.8603458850701876
primary_total_co2,M1b,NER,baseline_dryness,hydroclimate,-1.4325546391666584
primary_total_co2,M1b,NGA,baseline_dryness,hydroclimate,-0.1534393580345746
primary_total_co2,M1b,RWA,baseline_dryness,hydroclimate,0.0372662747781736
primary_total_co2,M1b,SEN,baseline_dryness,hydroclimate,-0.371739395902356
primary_total_co2,M1b,SLE,baseline_dryness,hydroclimate,0.2906209330341926
primary_total_co2,M1b,SOM,baseline_dryness,hydroclimate,-0.947845425055826
primary_total_co2,M1b,ZAF,baseline_dryness,hydroclimate,-0.5570233422805293
primary_total_co2,M1b,SDN,baseline_dryness,hydroclimate,-1.2108185895223982
primary_total_co2,M1b,SWZ,baseline_dryness,hydroclimate,-0.1978200893385523
primary_total_co2,M1b,TZA,baseline_dryness,hydroclimate,-0.1816560999959185
primary_total_co2,M1b,TGO,baseline_dryness,hydroclimate,-0.0405504866577743
primary_total_co2,M1b,TUN,baseline_dryness,hydroclimate,-0.917044519309088
primary_total_co2,M1b,UGA,baseline_dryness,hydroclimate,-0.0946799516102337
primary_total_co2,M1b,ZMB,baseline_dryness,hydroclimate,-0.1195818895206863
primary_total_co2,M1b,ZWE,baseline_dryness,hydroclimate,-0.2936083616964398
primary_total_co2,M1b,AFG,baseline_dryness,hydroclimate,-0.7146694628589113
primary_total_co2,M1b,ARM,baseline_dryness,hydroclimate,-0.2120236006096762
primary_total_co2,M1b,AZE,baseline_dryness,hydroclimate,-0.3116744502033686
primary_total_co2,M1b,BGD,baseline_dryness,hydroclimate,0.2960988617603756
primary_total_co2,M1b,MMR,baseline_dryness,hydroclimate,0.2266098792164899
primary_total_co2,M1b,KHM,baseline_dryness,hydroclimate,0.1105748455058624
primary_total_co2,M1b,CHN,baseline_dryness,hydroclimate,-0.3876841946530638
primary_total_co2,M1b,GEO,baseline_dryness,hydroclimate,0.0931830563793866
primary_total_co2,M1b,IND,baseline_dryness,hydroclimate,-0.1996931168680357
primary_total_co2,M1b,IDN,baseline_dryness,hydroclimate,0.3346510484922892
primary_total_co2,M1b,IRN,baseline_dryness,hydroclimate,-0.8642126366734831
primary_total_co2,M1b,IRQ,baseline_dryness,hydroclimate,-1.0537321397250503
primary_total_co2,M1b,ISR,baseline_dryness,hydroclimate,-0.8506789745873258
primary_total_co2,M1b,JPN,baseline_dryness,hydroclimate,0.3206055339323417
primary_total_co2,M1b,JOR,baseline_dryness,hydroclimate,-1.258017536526211
primary_total_co2,M1b,KAZ,baseline_dryness,hydroclimate,-0.6445281131697548
primary_total_co2,M1b,LAO,baseline_dryness,hydroclimate,0.1622819900717514
primary_total_co2,M1b,LBN,baseline_dryness,hydroclimate,-0.2537877927356001
primary_total_co2,M1b,MYS,baseline_dryness,hydroclimate,0.4212321063635333
primary_total_co2,M1b,MNG,baseline_dryness,hydroclimate,-0.6066728988395625
primary_total_co2,M1b,NPL,baseline_dryness,hydroclimate,0.0775687403615277
primary_total_co2,M1b,OMN,baseline_dryness,hydroclimate,-1.5518437859479248
primary_total_co2,M1b,PAK,baseline_dryness,hydroclimate,-0.8160707558087908
primary_total_co2,M1b,PHL,baseline_dryness,hydroclimate,0.3405614045385461
primary_total_co2,M1b,QAT,baseline_dryness,hydroclimate,-1.465321596828846
primary_total_co2,M1b,SAU,baseline_dryness,hydroclimate,-1.3872880374551892
primary_total_co2,M1b,KOR,baseline_dryness,hydroclimate,0.174555281746731
primary_total_co2,M1b,LKA,baseline_dryness,hydroclimate,0.0739363100513588
primary_total_co2,M1b,SYR,baseline_dryness,hydroclimate,-0.796617529834009
primary_total_co2,M1b,TWN,baseline_dryness,hydroclimate,0.3143960699138975
primary_total_co2,M1b,TJK,baseline_dryness,hydroclimate,-0.1877410641243553
primary_total_co2,M1b,THA,baseline_dryness,hydroclimate,0.0699106654504279
primary_total_co2,M1b,TUR,baseline_dryness,hydroclimate,-0.2563438947962282
primary_total_co2,M1b,TKM,baseline_dryness,hydroclimate,-1.0257506464403512
primary_total_co2,M1b,ARE,baseline_dryness,hydroclimate,-1.5513624822447576
primary_total_co2,M1b,UZB,baseline_dryness,hydroclimate,-0.908044538803122
primary_total_co2,M1b,VNM,baseline_dryness,hydroclimate,0.1783742175091501
primary_total_co2,M1b,YEM,baseline_dryness,hydroclimate,-1.109839906065466
primary_total_co2,M1b,ALB,baseline_dryness,hydroclimate,0.1038326817933687
primary_total_co2,M1b,AUT,baseline_dryness,hydroclimate,0.2196965962480884
primary_total_co2,M1b,BLR,baseline_dryness,hydroclimate,0.0116702534402932
primary_total_co2,M1b,BEL,baseline_dryness,hydroclimate,0.0986192702696426
primary_total_co2,M1b,BIH,baseline_dryness,hydroclimate,0.1353076429745489
primary_total_co2,M1b,BGR,baseline_dryness,hydroclimate,-0.1342131291050141
primary_total_co2,M1b,HRV,baseline_dryness,hydroclimate,0.1319919657680377
primary_total_co2,M1b,CYP,baseline_dryness,hydroclimate,-0.4604942678980323
primary_total_co2,M1b,CZE,baseline_dryness,hydroclimate,0.0133032541274154
primary_total_co2,M1b,DNK,baseline_dryness,hydroclimate,0.0858769386252542
primary_total_co2,M1b,EST,baseline_dryness,hydroclimate,0.0673426823080221
primary_total_co2,M1b,FIN,baseline_dryness,hydroclimate,0.0770632902985595
primary_total_co2,M1b,FRA,baseline_dryness,hydroclimate,0.0050080328877142
primary_total_co2,M1b,DEU,baseline_dryness,hydroclimate,0.0427827044475381
primary_total_co2,M1b,GRC,baseline_dryness,hydroclimate,-0.1571791768352736
primary_total_co2,M1b,HUN,baseline_dryness,hydroclimate,-0.1014280376662866
primary_total_co2,M1b,ISL,baseline_dryness,hydroclimate,0.4175591285639882
primary_total_co2,M1b,IRL,baseline_dryness,hydroclimate,0.3407106043945787
primary_total_co2,M1b,ITA,baseline_dryness,hydroclimate,-0.0553153496424138
primary_total_co2,M1b,LVA,baseline_dryness,hydroclimate,0.0760474323197018
primary_total_co2,M1b,LTU,baseline_dryness,hydroclimate,0.0737067922494232
primary_total_co2,M1b,MKD,baseline_dryness,hydroclimate,-0.1286631474920621
primary_total_co2,M1b,MDA,baseline_dryness,hydroclimate,-0.2624480311960825
primary_total_co2,M1b,MNE,baseline_dryness,hydroclimate,0.1900522495215795
primary_total_co2,M1b,NLD,baseline_dryness,hydroclimate,0.0855589736027751
primary_total_co2,M1b,NOR,baseline_dryness,hydroclimate,0.3338187023276966
primary_total_co2,M1b,POL,baseline_dryness,hydroclimate,-0.0168457879275789
primary_total_co2,M1b,PRT,baseline_dryness,hydroclimate,-0.1353129216224375
primary_total_co2,M1b,ROU,baseline_dryness,hydroclimate,-0.0868540711419185
primary_total_co2,M1b,RUS,baseline_dryness,hydroclimate,-0.0039715800766229
primary_total_co2,M1b,SRB,baseline_dryness,hydroclimate,-0.0607140361390977
primary_total_co2,M1b,SVK,baseline_dryness,hydroclimate,0.0411498020014766
primary_total_co2,M1b,SVN,baseline_dryness,hydroclimate,0.3067931666120929
primary_total_co2,M1b,ESP,baseline_dryness,hydroclimate,-0.2698035363660213
primary_total_co2,M1b,SWE,baseline_dryness,hydroclimate,0.1054497588744589
primary_total_co2,M1b,CHE,baseline_dryness,hydroclimate,0.272105748046081
primary_total_co2,M1b,UKR,baseline_dryness,hydroclimate,-0.1674040039449113
primary_total_co2,M1b,GBR,baseline_dryness,hydroclimate,0.3070490664412264
primary_total_co2,M1b,BHS,baseline_dryness,hydroclimate,-0.0973112772675652
primary_total_co2,M1b,CAN,baseline_dryness,hydroclimate,-0.0251910717359383
primary_total_co2,M1b,CRI,baseline_dryness,hydroclimate,0.3102325525494904
primary_total_co2,M1b,CUB,baseline_dryness,hydroclimate,-0.0140678522423005
primary_total_co2,M1b,DOM,baseline_dryness,hydroclimate,0.0584940669301408
primary_total_co2,M1b,SLV,baseline_dryness,hydroclimate,0.041481502048203
primary_total_co2,M1b,GTM,baseline_dryness,hydroclimate,0.1749307724507974
primary_total_co2,M1b,HTI,baseline_dryness,hydroclimate,0.0306164059496963
primary_total_co2,M1b,HND,baseline_dryness,hydroclimate,0.0485887411944063
primary_total_co2,M1b,JAM,baseline_dryness,hydroclimate,0.1429399100097935
primary_total_co2,M1b,MEX,baseline_dryness,hydroclimate,-0.4177197500855169
primary_total_co2,M1b,NIC,baseline_dryness,hydroclimate,0.1625169064617375
primary_total_co2,M1b,PAN,baseline_dryness,hydroclimate,0.2498293542252955
primary_total_co2,M1b,USA,baseline_dryness,hydroclimate,-0.2380549712368356
primary_total_co2,M1b,AUS,baseline_dryness,hydroclimate,-0.727806409329885
primary_total_co2,M1b,NZL,baseline_dryness,hydroclimate,0.3186684835909869
primary_total_co2,M1b,PNG,baseline_dryness,hydroclimate,0.3729194211537806
primary_total_co2,M1b,ARG,baseline_dryness,hydroclimate,-0.468880811971432
primary_total_co2,M1b,BOL,baseline_dryness,hydroclimate,-0.1993715943245521
primary_total_co2,M1b,BRA,baseline_dryness,hydroclimate,0.1496205919460442
primary_total_co2,M1b,CHL,baseline_dryness,hydroclimate,-0.3784859454636044
primary_total_co2,M1b,COL,baseline_dryness,hydroclimate,0.3123408243226592
primary_total_co2,M1b,ECU,baseline_dryness,hydroclimate,0.1875056993447916
primary_total_co2,M1b,PRY,baseline_dryness,hydroclimate,-0.1800585260375514
primary_total_co2,M1b,PER,baseline_dryness,hydroclimate,-0.0549389678770269
primary_total_co2,M1b,SUR,baseline_dryness,hydroclimate,0.2704607912476797
primary_total_co2,M1b,URY,baseline_dryness,hydroclimate,-0.019117007401508
primary_total_co2,M1b,VEN,baseline_dryness,hydroclimate,0.1295660391202561
per_capita,M0star,DZA,intercept,intercept,1.0
per_capita,M0star,AGO,intercept,intercept,1.0
per_capita,M0star,BEN,intercept,intercept,1.0
per_capita,M0star,BWA,intercept,intercept,1.0
per_capita,M0star,BFA,intercept,intercept,1.0
per_capita,M0star,BDI,intercept,intercept,1.0
per_capita,M0star,CMR,intercept,intercept,1.0
per_capita,M0star,CAF,intercept,intercept,1.0
per_capita,M0star,TCD,intercept,intercept,1.0
per_capita,M0star,COG,intercept,intercept,1.0
per_capita,M0star,COD,intercept,intercept,1.0
per_capita,M0star,CIV,intercept,intercept,1.0
per_capita,M0star,DJI,intercept,intercept,1.0
per_capita,M0star,EGY,intercept,intercept,1.0
per_capita,M0star,GNQ,intercept,intercept,1.0
per_capita,M0star,ERI,intercept,intercept,1.0
per_capita,M0star,ETH,intercept,intercept,1.0
per_capita,M0star,GAB,intercept,intercept,1.0
per_capita,M0star,GHA,intercept,intercept,1.0
per_capita,M0star,GIN,intercept,intercept,1.0
per_capita,M0star,GNB,intercept,intercept,1.0
per_capita,M0star,KEN,intercept,intercept,1.0
per_capita,M0star,LSO,intercept,intercept,1.0
per_capita,M0star,LBR,intercept,intercept,1.0
per_capita,M0star,LBY,intercept,intercept,1.0
per_capita,M0star,MDG,intercept,intercept,1.0
per_capita,M0star,MWI,intercept,intercept,1.0
per_capita,M0star,MLI,intercept,intercept,1.0
per_capita,M0star,MRT,intercept,intercept,1.0
per_capita,M0star,MAR,intercept,intercept,1.0
per_capita,M0star,MOZ,intercept,intercept,1.0
per_capita,M0star,NAM,intercept,intercept,1.0
per_capita,M0star,NER,intercept,intercept,1.0
per_capita,M0star,NGA,intercept,intercept,1.0
per_capita,M0star,RWA,intercept,intercept,1.0
per_capita,M0star,SEN,intercept,intercept,1.0
per_capita,M0star,SLE,intercept,intercept,1.0
per_capita,M0star,SOM,intercept,intercept,1.0
per_capita,M0star,ZAF,intercept,intercept,1.0
per_capita,M0star,SDN,intercept,intercept,1.0
per_capita,M0star,SWZ,intercept,intercept,1.0
per_capita,M0star,TZA,intercept,intercept,1.0
per_capita,M0star,TGO,intercept,intercept,1.0
per_capita,M0star,TUN,intercept,intercept,1.0
per_capita,M0star,UGA,intercept,intercept,1.0
per_capita,M0star,ZMB,intercept,intercept,1.0
per_capita,M0star,ZWE,intercept,intercept,1.0
per_capita,M0star,AFG,intercept,intercept,1.0
per_capita,M0star,ARM,intercept,intercept,1.0
per_capita,M0star,AZE,intercept,intercept,1.0
per_capita,M0star,BGD,intercept,intercept,1.0
per_capita,M0star,MMR,intercept,intercept,1.0
per_capita,M0star,KHM,intercept,intercept,1.0
per_capita,M0star,CHN,intercept,intercept,1.0
per_capita,M0star,GEO,intercept,intercept,1.0
per_capita,M0star,IND,intercept,intercept,1.0
per_capita,M0star,IDN,intercept,intercept,1.0
per_capita,M0star,IRN,intercept,intercept,1.0
per_capita,M0star,IRQ,intercept,intercept,1.0
per_capita,M0star,ISR,intercept,intercept,1.0
per_capita,M0star,JPN,intercept,intercept,1.0
per_capita,M0star,JOR,intercept,intercept,1.0
per_capita,M0star,KAZ,intercept,intercept,1.0
per_capita,M0star,LAO,intercept,intercept,1.0
per_capita,M0star,LBN,intercept,intercept,1.0
per_capita,M0star,MYS,intercept,intercept,1.0
per_capita,M0star,MNG,intercept,intercept,1.0
per_capita,M0star,NPL,intercept,intercept,1.0
per_capita,M0star,OMN,intercept,intercept,1.0
per_capita,M0star,PAK,intercept,intercept,1.0
per_capita,M0star,PHL,intercept,intercept,1.0
per_capita,M0star,QAT,intercept,intercept,1.0
per_capita,M0star,SAU,intercept,intercept,1.0
per_capita,M0star,KOR,intercept,intercept,1.0
per_capita,M0star,LKA,intercept,intercept,1.0
per_capita,M0star,SYR,intercept,intercept,1.0
per_capita,M0star,TWN,intercept,intercept,1.0
per_capita,M0star,TJK,intercept,intercept,1.0
per_capita,M0star,THA,intercept,intercept,1.0
per_capita,M0star,TUR,intercept,intercept,1.0
per_capita,M0star,TKM,intercept,intercept,1.0
per_capita,M0star,ARE,intercept,intercept,1.0
per_capita,M0star,UZB,intercept,intercept,1.0
per_capita,M0star,VNM,intercept,intercept,1.0
per_capita,M0star,YEM,intercept,intercept,1.0
per_capita,M0star,ALB,intercept,intercept,1.0
per_capita,M0star,AUT,intercept,intercept,1.0
per_capita,M0star,BLR,intercept,intercept,1.0
per_capita,M0star,BEL,intercept,intercept,1.0
per_capita,M0star,BIH,intercept,intercept,1.0
per_capita,M0star,BGR,intercept,intercept,1.0
per_capita,M0star,HRV,intercept,intercept,1.0
per_capita,M0star,CYP,intercept,intercept,1.0
per_capita,M0star,CZE,intercept,intercept,1.0
per_capita,M0star,DNK,intercept,intercept,1.0
per_capita,M0star,EST,intercept,intercept,1.0
per_capita,M0star,FIN,intercept,intercept,1.0
per_capita,M0star,FRA,intercept,intercept,1.0
per_capita,M0star,DEU,intercept,intercept,1.0
per_capita,M0star,GRC,intercept,intercept,1.0
per_capita,M0star,HUN,intercept,intercept,1.0
per_capita,M0star,ISL,intercept,intercept,1.0
per_capita,M0star,IRL,intercept,intercept,1.0
per_capita,M0star,ITA,intercept,intercept,1.0
per_capita,M0star,LVA,intercept,intercept,1.0
per_capita,M0star,LTU,intercept,intercept,1.0
per_capita,M0star,MKD,intercept,intercept,1.0
per_capita,M0star,MDA,intercept,intercept,1.0
per_capita,M0star,MNE,intercept,intercept,1.0
per_capita,M0star,NLD,intercept,intercept,1.0
per_capita,M0star,NOR,intercept,intercept,1.0
per_capita,M0star,POL,intercept,intercept,1.0
per_capita,M0star,PRT,intercept,intercept,1.0
per_capita,M0star,ROU,intercept,intercept,1.0
per_capita,M0star,RUS,intercept,intercept,1.0
per_capita,M0star,SRB,intercept,intercept,1.0
per_capita,M0star,SVK,intercept,intercept,1.0
per_capita,M0star,SVN,intercept,intercept,1.0
per_capita,M0star,ESP,intercept,intercept,1.0
per_capita,M0star,SWE,intercept,intercept,1.0
per_capita,M0star,CHE,intercept,intercept,1.0
per_capita,M0star,UKR,intercept,intercept,1.0
per_capita,M0star,GBR,intercept,intercept,1.0
per_capita,M0star,BHS,intercept,intercept,1.0
per_capita,M0star,CAN,intercept,intercept,1.0
per_capita,M0star,CRI,intercept,intercept,1.0
per_capita,M0star,CUB,intercept,intercept,1.0
per_capita,M0star,DOM,intercept,intercept,1.0
per_capita,M0star,SLV,intercept,intercept,1.0
per_capita,M0star,GTM,intercept,intercept,1.0
per_capita,M0star,HTI,intercept,intercept,1.0
per_capita,M0star,HND,intercept,intercept,1.0
per_capita,M0star,JAM,intercept,intercept,1.0
per_capita,M0star,MEX,intercept,intercept,1.0
per_capita,M0star,NIC,intercept,intercept,1.0
per_capita,M0star,PAN,intercept,intercept,1.0
per_capita,M0star,USA,intercept,intercept,1.0
per_capita,M0star,AUS,intercept,intercept,1.0
per_capita,M0star,NZL,intercept,intercept,1.0
per_capita,M0star,PNG,intercept,intercept,1.0
per_capita,M0star,ARG,intercept,intercept,1.0
per_capita,M0star,BOL,intercept,intercept,1.0
per_capita,M0star,BRA,intercept,intercept,1.0
per_capita,M0star,CHL,intercept,intercept,1.0
per_capita,M0star,COL,intercept,intercept,1.0
per_capita,M0star,ECU,intercept,intercept,1.0
per_capita,M0star,PRY,intercept,intercept,1.0
per_capita,M0star,PER,intercept,intercept,1.0
per_capita,M0star,SUR,intercept,intercept,1.0
per_capita,M0star,URY,intercept,intercept,1.0
per_capita,M0star,VEN,intercept,intercept,1.0
per_capita,M0star,DZA,cum_co2_per_capita,emissions,1.9640651933812026
per_capita,M0star,AGO,cum_co2_per_capita,emissions,1.272970907896288
per_capita,M0star,BEN,cum_co2_per_capita,emissions,0.7966761484133703
per_capita,M0star,BWA,cum_co2_per_capita,emissions,1.7050686542957503
per_capita,M0star,BFA,cum_co2_per_capita,emissions,0.33671931349566636
per_capita,M0star,BDI,cum_co2_per_capita,emissions,-0.04104112676432101
per_capita,M0star,CMR,cum_co2_per_capita,emissions,0.9771452211025551
per_capita,M0star,CAF,cum_co2_per_capita,emissions,0.28995185570360427
per_capita,M0star,TCD,cum_co2_per_capita,emissions,0.24186929499159554
per_capita,M0star,COG,cum_co2_per_capita,emissions,1.3699174844179824
per_capita,M0star,COD,cum_co2_per_capita,emissions,0.40055090009096767
per_capita,M0star,CIV,cum_co2_per_capita,emissions,1.0484406928512247
per_capita,M0star,DJI,cum_co2_per_capita,emissions,1.2011239979479478
per_capita,M0star,EGY,cum_co2_per_capita,emissions,1.6994031509078225
per_capita,M0star,GNQ,cum_co2_per_capita,emissions,1.8100736244798639
per_capita,M0star,ERI,cum_co2_per_capita,emissions,0.5947783430722957
per_capita,M0star,ETH,cum_co2_per_capita,emissions,0.20244300440787286
per_capita,M0star,GAB,cum_co2_per_capita,emissions,2.108640985241993
per_capita,M0star,GHA,cum_co2_per_capita,emissions,0.941118744381487
per_capita,M0star,GIN,cum_co2_per_capita,emissions,0.7655778545700505
per_capita,M0star,GNB,cum_co2_per_capita,emissions,0.5122035310105065
per_capita,M0star,KEN,cum_co2_per_capita,emissions,0.8931095508159184
per_capita,M0star,LSO,cum_co2_per_capita,emissions,1.3560002328999916
per_capita,M0star,LBR,cum_co2_per_capita,emissions,0.9943139238954385
per_capita,M0star,LBY,cum_co2_per_capita,emissions,2.4601471340636447
per_capita,M0star,MDG,cum_co2_per_capita,emissions,0.4661833052876193
per_capita,M0star,MWI,cum_co2_per_capita,emissions,0.4006344896298506
per_capita,M0star,MLI,cum_co2_per_capita,emissions,0.35288790032355455
per_capita,M0star,MRT,cum_co2_per_capita,emissions,1.1619154768261646
per_capita,M0star,MAR,cum_co2_per_capita,emissions,1.5874391675456656
per_capita,M0star,MOZ,cum_co2_per_capita,emissions,0.7006550311609653
per_capita,M0star,NAM,cum_co2_per_capita,emissions,1.3357095586597973
per_capita,M0star,NER,cum_co2_per_capita,emissions,0.25373486687419905
per_capita,M0star,NGA,cum_co2_per_capita,emissions,1.2663956986140794
per_capita,M0star,RWA,cum_co2_per_capita,emissions,0.28672926272177235
per_capita,M0star,SEN,cum_co2_per_capita,emissions,1.0978902993271602
per_capita,M0star,SLE,cum_co2_per_capita,emissions,0.6367437677149098
per_capita,M0star,SOM,cum_co2_per_capita,emissions,0.3659608999764163
per_capita,M0star,ZAF,cum_co2_per_capita,emissions,2.514702230298455
per_capita,M0star,SDN,cum_co2_per_capita,emissions,0.9210640494815501
per_capita,M0star,SWZ,cum_co2_per_capita,emissions,1.4760052610192897
per_capita,M0star,TZA,cum_co2_per_capita,emissions,0.5416687316849194
per_capita,M0star,TGO,cum_co2_per_capita,emissions,0.8768938096042991
per_capita,M0star,TUN,cum_co2_per_capita,emissions,1.8134139806813871
per_capita,M0star,UGA,cum_co2_per_capita,emissions,0.3013733670768759
per_capita,M0star,ZMB,cum_co2_per_capita,emissions,1.1241299746095987
per_capita,M0star,ZWE,cum_co2_per_capita,emissions,1.7040673144229816
per_capita,M0star,AFG,cum_co2_per_capita,emissions,0.6256285608471236
per_capita,M0star,ARM,cum_co2_per_capita,emissions,2.0606610241549634
per_capita,M0star,AZE,cum_co2_per_capita,emissions,2.3700037384882053
per_capita,M0star,BGD,cum_co2_per_capita,emissions,0.804311575255652
per_capita,M0star,MMR,cum_co2_per_capita,emissions,0.9208120315915735
per_capita,M0star,KHM,cum_co2_per_capita,emissions,0.6969553588971745
per_capita,M0star,CHN,cum_co2_per_capita,emissions,2.0807785302963895
per_capita,M0star,GEO,cum_co2_per_capita,emissions,2.156522948595481
per_capita,M0star,IND,cum_co2_per_capita,emissions,1.461739468388228
per_capita,M0star,IDN,cum_co2_per_capita,emissions,1.608649810465107
per_capita,M0star,IRN,cum_co2_per_capita,emissions,2.238209210766924
per_capita,M0star,IRQ,cum_co2_per_capita,emissions,1.9745984395387601
per_capita,M0star,ISR,cum_co2_per_capita,emissions,2.402314054273582
per_capita,M0star,JPN,cum_co2_per_capita,emissions,2.6528892782358793
per_capita,M0star,JOR,cum_co2_per_capita,emissions,1.821488007531938
per_capita,M0star,KAZ,cum_co2_per_capita,emissions,2.8243398528943975
per_capita,M0star,LAO,cum_co2_per_capita,emissions,0.8167467424429006
per_capita,M0star,LBN,cum_co2_per_capita,emissions,1.9812339526728724
per_capita,M0star,MYS,cum_co2_per_capita,emissions,2.138980780811092
per_capita,M0star,MNG,cum_co2_per_capita,emissions,2.1966979114343146
per_capita,M0star,NPL,cum_co2_per_capita,emissions,0.4754442740603263
per_capita,M0star,OMN,cum_co2_per_capita,emissions,2.3591718672213204
per_capita,M0star,PAK,cum_co2_per_capita,emissions,1.2346809835045816
per_capita,M0star,PHL,cum_co2_per_capita,emissions,1.3851273374491946
per_capita,M0star,QAT,cum_co2_per_capita,emissions,2.8515569176277293
per_capita,M0star,SAU,cum_co2_per_capita,emissions,2.6235326396076415
per_capita,M0star,KOR,cum_co2_per_capita,emissions,2.4416060085126965
per_capita,M0star,LKA,cum_co2_per_capita,emissions,1.2098286486381225
per_capita,M0star,SYR,cum_co2_per_capita,emissions,1.8949602164919561
per_capita,M0star,TWN,cum_co2_per_capita,emissions,2.4789162763230577
per_capita,M0star,TJK,cum_co2_per_capita,emissions,1.716600481800754
per_capita,M0star,THA,cum_co2_per_capita,emissions,1.8782532158596084
per_capita,M0star,TUR,cum_co2_per_capita,emissions,2.0279791746567883
per_capita,M0star,TKM,cum_co2_per_capita,emissions,2.5127280269449987
per_capita,M0star,ARE,cum_co2_per_capita,emissions,2.6483576813532497
per_capita,M0star,UZB,cum_co2_per_capita,emissions,2.267118176258901
per_capita,M0star,VNM,cum_co2_per_capita,emissions,1.4433934930323624
per_capita,M0star,YEM,cum_co2_per_capita,emissions,1.2908918476391107
per_capita,M0star,ALB,cum_co2_per_capita,emissions,1.9408859912614769
per_capita,M0star,AUT,cum_co2_per_capita,emissions,2.774405371270569
per_capita,M0star,BLR,cum_co2_per_capita,emissions,2.680105398521193
per_capita,M0star,BEL,cum_co2_per_capita,emissions,3.026532955148929
per_capita,M0star,BIH,cum_co2_per_capita,emissions,2.354500654235709
per_capita,M0star,BGR,cum_co2_per_capita,emissions,2.68538272105901
per_capita,M0star,HRV,cum_co2_per_capita,emissions,2.367210514256764
per_capita,M0star,CYP,cum_co2_per_capita,emissions,2.3119197189026357
per_capita,M0star,CZE,cum_co2_per_capita,emissions,3.029836624790655
per_capita,M0star,DNK,cum_co2_per_capita,emissions,2.8355931105546195
per_capita,M0star,EST,cum_co2_per_capita,emissions,3.061710465807341
per_capita,M0star,FIN,cum_co2_per_capita,emissions,2.7237820100358
per_capita,M0star,FRA,cum_co2_per_capita,emissions,2.755339914846845
per_capita,M0star,DEU,cum_co2_per_capita,emissions,3.032471309553025
per_capita,M0star,GRC,cum_co2_per_capita,emissions,2.5141907841730937
per_capita,M0star,HUN,cum_co2_per_capita,emissions,2.6748590320508128
per_capita,M0star,ISL,cum_co2_per_capita,emissions,2.612259261342069
per_capita,M0star,IRL,cum_co2_per_capita,emissions,2.627006274456005
per_capita,M0star,ITA,cum_co2_per_capita,emissions,2.5655039934003714
per_capita,M0star,LVA,cum_co2_per_capita,emissions,2.651621339600986
per_capita,M0star,LTU,cum_co2_per_capita,emissions,2.6949453197922058
per_capita,M0star,MKD,cum_co2_per_capita,emissions,2.3601075181643276
per_capita,M0star,MDA,cum_co2_per_capita,emissions,2.581813794671723
per_capita,M0star,MNE,cum_co2_per_capita,emissions,2.1838952359785884
per_capita,M0star,NLD,cum_co2_per_capita,emissions,2.7983938122024496
per_capita,M0star,NOR,cum_co2_per_capita,emissions,2.6598631484298556
per_capita,M0star,POL,cum_co2_per_capita,emissions,2.825591476308173
per_capita,M0star,PRT,cum_co2_per_capita,emissions,2.336013760916489
per_capita,M0star,ROU,cum_co2_per_capita,emissions,2.6023622787180356
per_capita,M0star,RUS,cum_co2_per_capita,emissions,2.8582511218334727
per_capita,M0star,SRB,cum_co2_per_capita,emissions,2.5264184110511017
per_capita,M0star,SVK,cum_co2_per_capita,emissions,2.830370249299811
per_capita,M0star,SVN,cum_co2_per_capita,emissions,2.5694133603833804
per_capita,M0star,ESP,cum_co2_per_capita,emissions,2.4435879136276015
per_capita,M0star,SWE,cum_co2_per_capita,emissions,2.689173020462263
per_capita,M0star,CHE,cum_co2_per_capita,emissions,2.533147891421566
per_capita,M0star,UKR,cum_co2_per_capita,emissions,2.7984578815556818
per_capita,M0star,GBR,cum_co2_per_capita,emissions,3.072492860757877
per_capita,M0star,BHS,cum_co2_per_capita,emissions,2.605416873050119
per_capita,M0star,CAN,cum_co2_per_capita,emissions,2.9229164138682964
per_capita,M0star,CRI,cum_co2_per_capita,emissions,1.6266618506757686
per_capita,M0star,CUB,cum_co2_per_capita,emissions,2.1358689228124548
per_capita,M0star,DOM,cum_co2_per_capita,emissions,1.7489512329680286
per_capita,M0star,SLV,cum_co2_per_capita,emissions,1.482689960720731
per_capita,M0star,GTM,cum_co2_per_capita,emissions,1.3181289359466606
per_capita,M0star,HTI,cum_co2_per_capita,emissions,0.7338094095955683
per_capita,M0star,HND,cum_co2_per_capita,emissions,1.3317620526995058
per_capita,M0star,JAM,cum_co2_per_capita,emissions,2.1548234778481015
per_capita,M0star,MEX,cum_co2_per_capita,emissions,2.1553497207432772
per_capita,M0star,NIC,cum_co2_per_capita,emissions,1.3702439507811297
per_capita,M0star,PAN,cum_co2_per_capita,emissions,1.803977727985472
per_capita,M0star,USA,cum_co2_per_capita,emissions,3.072582867976504
per_capita,M0star,AUS,cum_co2_per_capita,emissions,2.8283908367771993
per_capita,M0star,NZL,cum_co2_per_capita,emissions,2.564578238410458
per_capita,M0star,PNG,cum_co2_per_capita,emissions,1.1866006953283204
per_capita,M0star,ARG,cum_co2_per_capita,emissions,2.2246592158859397
per_capita,M0star,BOL,cum_co2_per_capita,emissions,1.5689464395654193
per_capita,M0star,BRA,cum_co2_per_capita,emissions,1.8088199171473769
per_capita,M0star,CHL,cum_co2_per_capita,emissions,2.135225764952555
per_capita,M0star,COL,cum_co2_per_capita,emissions,1.7808001219723566
per_capita,M0star,ECU,cum_co2_per_capita,emissions,1.7769140857854893
per_capita,M0star,PRY,cum_co2_per_capita,emissions,1.3248166729984387
per_capita,M0star,PER,cum_co2_per_capita,emissions,1.7110156879174476
per_capita,M0star,SUR,cum_co2_per_capita,emissions,2.238420267248098
per_capita,M0star,URY,cum_co2_per_capita,emissions,2.0779242768216033
per_capita,M0star,VEN,cum_co2_per_capita,emissions,2.338119661938832
per_capita,M0star,DZA,abs_latitude,geography,35.206
per_capita,M0star,AGO,abs_latitude,geography,12.32
per_capita,M0star,BEN,abs_latitude,geography,8.571666666666667
per_capita,M0star,BWA,abs_latitude,geography,24.92
per_capita,M0star,BFA,abs_latitude,geography,11.25
per_capita,M0star,BDI,abs_latitude,geography,4.02
per_capita,M0star,CMR,abs_latitude,geography,6.484666666666667
per_capita,M0star,CAF,abs_latitude,geography,4.02
per_capita,M0star,TCD,abs_latitude,geography,8.84
per_capita,M0star,COG,abs_latitude,geography,4.02
per_capita,M0star,COD,abs_latitude,geography,4.717826086956522
per_capita,M0star,CIV,abs_latitude,geography,6.492307692307692
per_capita,M0star,DJI,abs_latitude,geography,12.05
per_capita,M0star,EGY,abs_latitude,geography,29.316842105263156
per_capita,M0star,GNQ,abs_latitude,geography,3.215
per_capita,M0star,ERI,abs_latitude,geography,15.27
per_capita,M0star,ETH,abs_latitude,geography,9.553333333333335
per_capita,M0star,GAB,abs_latitude,geography,0.8
per_capita,M0star,GHA,abs_latitude,geography,6.164444444444444
per_capita,M0star,GIN,abs_latitude,geography,9.2425
per_capita,M0star,GNB,abs_latitude,geography,12.05
per_capita,M0star,KEN,abs_latitude,geography,1.3366666666666667
per_capita,M0star,LSO,abs_latitude,geography,29.74
per_capita,M0star,LBR,abs_latitude,geography,7.23
per_capita,M0star,LBY,abs_latitude,geography,31.827000000000005
per_capita,M0star,MDG,abs_latitude,geography,19.555
per_capita,M0star,MWI,abs_latitude,geography,14.465
per_capita,M0star,MLI,abs_latitude,geography,12.589999999999998
per_capita,M0star,MRT,abs_latitude,geography,18.48
per_capita,M0star,MAR,abs_latitude,geography,33.757
per_capita,M0star,MOZ,abs_latitude,geography,19.420833333333334
per_capita,M0star,NAM,abs_latitude,geography,23.31
per_capita,M0star,NER,abs_latitude,geography,13.660000000000002
per_capita,M0star,NGA,abs_latitude,geography,8.044835164835165
per_capita,M0star,RWA,abs_latitude,geography,2.41
per_capita,M0star,SEN,abs_latitude,geography,14.665
per_capita,M0star,SLE,abs_latitude,geography,8.84
per_capita,M0star,SOM,abs_latitude,geography,4.66
per_capita,M0star,ZAF,abs_latitude,geography,28.1294
per_capita,M0star,SDN,abs_latitude,geography,12.053999999999998
per_capita,M0star,SWZ,abs_latitude,geography,26.52
per_capita,M0star,TZA,abs_latitude,geography,5.726875
per_capita,M0star,TGO,abs_latitude,geography,8.035
per_capita,M0star,TUN,abs_latitude,geography,35.525999999999996
per_capita,M0star,UGA,abs_latitude,geography,1.8733333333333333
per_capita,M0star,ZMB,abs_latitude,geography,13.86
per_capita,M0star,ZWE,abs_latitude,geography,18.94
per_capita,M0star,AFG,abs_latitude,geography,34.158750000000005
per_capita,M0star,ARM,abs_latitude,geography,40.99
per_capita,M0star,AZE,abs_latitude,geography,40.99
per_capita,M0star,BGD,abs_latitude,geography,24.072105263157894
per_capita,M0star,MMR,abs_latitude,geography,18.803
per_capita,M0star,KHM,abs_latitude,geography,12.05
per_capita,M0star,CHN,abs_latitude,geography,33.82457894736842
per_capita,M0star,GEO,abs_latitude,geography,40.99
per_capita,M0star,IND,abs_latitude,geography,22.25485933503836
per_capita,M0star,IDN,abs_latitude,geography,5.857724137931035
per_capita,M0star,IRN,abs_latitude,geography,34.34257575757576
per_capita,M0star,IRQ,abs_latitude,geography,35.365
per_capita,M0star,ISR,abs_latitude,geography,32.06111111111111
per_capita,M0star,JPN,abs_latitude,geography,35.745828571428575
per_capita,M0star,JOR,abs_latitude,geography,32.95
per_capita,M0star,KAZ,abs_latitude,geography,48.915333333333336
per_capita,M0star,LAO,abs_latitude,geography,18.48
per_capita,M0star,LBN,abs_latitude,geography,34.02333333333333
per_capita,M0star,MYS,abs_latitude,geography,3.6174999999999997
per_capita,M0star,MNG,abs_latitude,geography,47.42
per_capita,M0star,NPL,abs_latitude,geography,27.439999999999998
per_capita,M0star,OMN,abs_latitude,geography,16.87
per_capita,M0star,PAK,abs_latitude,geography,30.52915254237288
per_capita,M0star,PHL,abs_latitude,geography,12.598307692307692
per_capita,M0star,QAT,abs_latitude,geography,24.92
per_capita,M0star,SAU,abs_latitude,geography,22.617142857142856
per_capita,M0star,KOR,abs_latitude,geography,37.78
per_capita,M0star,LKA,abs_latitude,geography,7.7666666666666675
per_capita,M0star,SYR,abs_latitude,geography,34.56
per_capita,M0star,TWN,abs_latitude,geography,24.490666666666666
per_capita,M0star,TJK,abs_latitude,geography,40.185
per_capita,M0star,THA,abs_latitude,geography,13.88904761904762
per_capita,M0star,TUR,abs_latitude,geography,38.91117647058824
per_capita,M0star,TKM,abs_latitude,geography,39.38333333333333
per_capita,M0star,ARE,abs_latitude,geography,24.92
per_capita,M0star,UZB,abs_latitude,geography,40.386250000000004
per_capita,M0star,VNM,abs_latitude,geography,14.572666666666667
per_capita,M0star,YEM,abs_latitude,geography,13.66
per_capita,M0star,ALB,abs_latitude,geography,40.99
per_capita,M0star,AUT,abs_latitude,geography,48.064
per_capita,M0star,BLR,abs_latitude,geography,52.84
per_capita,M0star,BEL,abs_latitude,geography,50.63
per_capita,M0star,BIH,abs_latitude,geography,43.878
per_capita,M0star,BGR,abs_latitude,geography,43.050000000000004
per_capita,M0star,HRV,abs_latitude,geography,45.27333333333333
per_capita,M0star,CYP,abs_latitude,geography,34.56
per_capita,M0star,CZE,abs_latitude,geography,49.99
per_capita,M0star,DNK,abs_latitude,geography,56.25
per_capita,M0star,EST,abs_latitude,geography,58.66
per_capita,M0star,FIN,abs_latitude,geography,61.556000000000004
per_capita,M0star,FRA,abs_latitude,geography,46.79361111111112
per_capita,M0star,DEU,abs_latitude,geography,50.89012345679013
per_capita,M0star,GRC,abs_latitude,geography,38.00714285714286
per_capita,M0star,HUN,abs_latitude,geography,47.062222222222225
per_capita,M0star,ISL,abs_latitude,geography,65.09
per_capita,M0star,IRL,abs_latitude,geography,53.040000000000006
per_capita,M0star,ITA,abs_latitude,geography,43.01619047619048
per_capita,M0star,LVA,abs_latitude,geography,56.25
per_capita,M0star,LTU,abs_latitude,geography,55.45
per_capita,M0star,MKD,abs_latitude,geography,42.59
per_capita,M0star,MDA,abs_latitude,geography,47.419999999999995
per_capita,M0star,MNE,abs_latitude,geography,42.59
per_capita,M0star,NLD,abs_latitude,geography,52.239583333333336
per_capita,M0star,NOR,abs_latitude,geography,60.6725
per_capita,M0star,POL,abs_latitude,geography,51.64473684210526
per_capita,M0star,PRT,abs_latitude,geography,40.07
per_capita,M0star,ROU,abs_latitude,geography,46.00320000000001
per_capita,M0star,RUS,abs_latitude,geography,53.74948717948718
per_capita,M0star,SRB,abs_latitude,geography,43.663333333333334
per_capita,M0star,SVK,abs_latitude,geography,48.225
per_capita,M0star,SVN,abs_latitude,geography,45.81
per_capita,M0star,ESP,abs_latitude,geography,39.671200000000006
per_capita,M0star,SWE,abs_latitude,geography,58.662
per_capita,M0star,CHE,abs_latitude,geography,46.775999999999996
per_capita,M0star,UKR,abs_latitude,geography,48.826249999999995
per_capita,M0star,GBR,abs_latitude,geography,52.80411764705883
per_capita,M0star,BHS,abs_latitude,geography,24.92
per_capita,M0star,CAN,abs_latitude,geography,46.77360000000001
per_capita,M0star,CRI,abs_latitude,geography,10.45
per_capita,M0star,CUB,abs_latitude,geography,21.125
per_capita,M0star,DOM,abs_latitude,geography,19.016666666666666
per_capita,M0star,SLV,abs_latitude,geography,13.660000000000002
per_capita,M0star,GTM,abs_latitude,geography,15.270000000000001
per_capita,M0star,HTI,abs_latitude,geography,18.802
per_capita,M0star,HND,abs_latitude,geography,14.947999999999999
per_capita,M0star,JAM,abs_latitude,geography,18.48
per_capita,M0star,MEX,abs_latitude,geography,22.14556701030928
per_capita,M0star,NIC,abs_latitude,geography,12.05
per_capita,M0star,PAN,abs_latitude,geography,8.84
per_capita,M0star,USA,abs_latitude,geography,36.592217898832686
per_capita,M0star,AUS,abs_latitude,geography,32.14857142857143
per_capita,M0star,NZL,abs_latitude,geography,39.562222222222225
per_capita,M0star,PNG,abs_latitude,geography,8.84
per_capita,M0star,ARG,abs_latitude,geography,32.450625
per_capita,M0star,BOL,abs_latitude,geography,18.748333333333335
per_capita,M0star,BRA,abs_latitude,geography,19.28931818181818
per_capita,M0star,CHL,abs_latitude,geography,33.42125
per_capita,M0star,COL,abs_latitude,geography,6.203846153846153
per_capita,M0star,ECU,abs_latitude,geography,1.790769230769231
per_capita,M0star,PRY,abs_latitude,geography,24.92
per_capita,M0star,PER,abs_latitude,geography,10.519545454545455
per_capita,M0star,SUR,abs_latitude,geography,5.63
per_capita,M0star,URY,abs_latitude,geography,32.955
per_capita,M0star,VEN,abs_latitude,geography,10.087250000000001
per_capita,M0star,DZA,elevation,geography,314.5950439453125
per_capita,M0star,AGO,elevation,geography,447.00633748372394
per_capita,M0star,BEN,elevation,geography,170.6803414026896
per_capita,M0star,BWA,elevation,geography,1113.0069580078125
per_capita,M0star,BFA,elevation,geography,328.78623962402344
per_capita,M0star,BDI,elevation,geography,1952.42529296875
per_capita,M0star,CMR,elevation,geography,373.34877624511716
per_capita,M0star,CAF,elevation,geography,362.7322998046875
per_capita,M0star,TCD,elevation,geography,398.74542236328125
per_capita,M0star,COG,elevation,geography,392.1075134277344
per_capita,M0star,COD,elevation,geography,740.5418668000594
per_capita,M0star,CIV,elevation,geography,145.13958637530988
per_capita,M0star,DJI,elevation,geography,955.0897827148438
per_capita,M0star,EGY,elevation,geography,153.40576180345133
per_capita,M0star,GNQ,elevation,geography,173.23263549804688
per_capita,M0star,ERI,elevation,geography,1375.2100830078125
per_capita,M0star,ETH,elevation,geography,1702.080790201823
per_capita,M0star,GAB,elevation,geography,-640.96875
per_capita,M0star,GHA,elevation,geography,63.10153892305162
per_capita,M0star,GIN,elevation,geography,285.3084411621094
per_capita,M0star,GNB,elevation,geography,18.24833106994629
per_capita,M0star,KEN,elevation,geography,1525.0360488891602
per_capita,M0star,LSO,elevation,geography,1859.45947265625
per_capita,M0star,LBR,elevation,geography,250.87191772460938
per_capita,M0star,LBY,elevation,geography,-125.94530410766602
per_capita,M0star,MDG,elevation,geography,-329.610299428304
per_capita,M0star,MWI,elevation,geography,1041.6434326171875
per_capita,M0star,MLI,elevation,geography,325.3349304199219
per_capita,M0star,MRT,elevation,geography,16.04151153564453
per_capita,M0star,MAR,elevation,geography,498.75402641296387
per_capita,M0star,MOZ,elevation,geography,119.55623495578766
per_capita,M0star,NAM,elevation,geography,1778.283447265625
per_capita,M0star,NER,elevation,geography,363.1866963704427
per_capita,M0star,NGA,elevation,geography,194.73254671201602
per_capita,M0star,RWA,elevation,geography,1644.7860107421875
per_capita,M0star,SEN,elevation,geography,-287.7956578731537
per_capita,M0star,SLE,elevation,geography,216.62176513671875
per_capita,M0star,SOM,elevation,geography,34.74064483642578
per_capita,M0star,ZAF,elevation,geography,1144.452760925293
per_capita,M0star,SDN,elevation,geography,447.6297546386719
per_capita,M0star,SWZ,elevation,geography,58.5894775390625
per_capita,M0star,TZA,elevation,geography,890.7327861785889
per_capita,M0star,TGO,elevation,geography,333.53379821777344
per_capita,M0star,TUN,elevation,geography,260.5694213867188
per_capita,M0star,UGA,elevation,geography,1101.8234049479167
per_capita,M0star,ZMB,elevation,geography,1189.5065307617188
per_capita,M0star,ZWE,elevation,geography,1307.260498046875
per_capita,M0star,AFG,elevation,geography,1700.4435272216797
per_capita,M0star,ARM,elevation,geography,1651.8125
per_capita,M0star,AZE,elevation,geography,715.4375
per_capita,M0star,BGD,elevation,geography,10.800667110242342
per_capita,M0star,MMR,elevation,geography,209.8380369782448
per_capita,M0star,KHM,elevation,geography,17.38812828063965
per_capita,M0star,CHN,elevation,geography,452.5437363197929
per_capita,M0star,GEO,elevation,geography,1651.8125
per_capita,M0star,IND,elevation,geography,241.7615375030986
per_capita,M0star,IDN,elevation,geography,119.2868159606539
per_capita,M0star,IRN,elevation,geography,1447.170124689738
per_capita,M0star,IRQ,elevation,geography,289.8549337387085
per_capita,M0star,ISR,elevation,geography,476.33343505859375
per_capita,M0star,JPN,elevation,geography,168.62458624703544
per_capita,M0star,JOR,elevation,geography,941.8968505859375
per_capita,M0star,KAZ,elevation,geography,484.8650632222494
per_capita,M0star,LAO,elevation,geography,466.8389892578125
per_capita,M0star,LBN,elevation,geography,-872.9927164713541
per_capita,M0star,MYS,elevation,geography,61.488870069384575
per_capita,M0star,MNG,elevation,geography,1629.556640625
per_capita,M0star,NPL,elevation,geography,572.1913659232004
per_capita,M0star,OMN,elevation,geography,809.6633911132812
per_capita,M0star,PAK,elevation,geography,270.0815026881331
per_capita,M0star,PHL,elevation,geography,-299.69309522188627
per_capita,M0star,QAT,elevation,geography,12.518510818481445
per_capita,M0star,SAU,elevation,geography,1105.9072004045759
per_capita,M0star,KOR,elevation,geography,3.9714112281799316
per_capita,M0star,LKA,elevation,geography,-320.5574188232422
per_capita,M0star,SYR,elevation,geography,177.92982700892858
per_capita,M0star,TWN,elevation,geography,-341.6999688545863
per_capita,M0star,TJK,elevation,geography,1916.3934326171875
per_capita,M0star,THA,elevation,geography,147.38663546244302
per_capita,M0star,TUR,elevation,geography,758.0135866052964
per_capita,M0star,TKM,elevation,geography,175.64475758870444
per_capita,M0star,ARE,elevation,geography,7.874352931976318
per_capita,M0star,UZB,elevation,geography,816.1821012496948
per_capita,M0star,VNM,elevation,geography,290.3942291418711
per_capita,M0star,YEM,elevation,geography,1076.9956665039062
per_capita,M0star,ALB,elevation,geography,-91.5625
per_capita,M0star,AUT,elevation,geography,997.8897521972656
per_capita,M0star,BLR,elevation,geography,149.20576190948486
per_capita,M0star,BEL,elevation,geography,115.06332070486886
per_capita,M0star,BIH,elevation,geography,304.62919921875
per_capita,M0star,BGR,elevation,geography,180.59325081961495
per_capita,M0star,HRV,elevation,geography,269.5243784586589
per_capita,M0star,CYP,elevation,geography,-110.875
per_capita,M0star,CZE,elevation,geography,264.7006469726563
per_capita,M0star,DNK,elevation,geography,14.889735221862793
per_capita,M0star,EST,elevation,geography,29.868961334228516
per_capita,M0star,FIN,elevation,geography,19.03453540802002
per_capita,M0star,FRA,elevation,geography,122.23891422483656
per_capita,M0star,DEU,elevation,geography,311.64766118850235
per_capita,M0star,GRC,elevation,geography,-92.69817434038434
per_capita,M0star,HUN,elevation,geography,141.55999077690973
per_capita,M0star,ISL,elevation,geography,171.58587646484375
per_capita,M0star,IRL,elevation,geography,229.5601806640625
per_capita,M0star,ITA,elevation,geography,393.7182623545329
per_capita,M0star,LVA,elevation,geography,139.87512969970703
per_capita,M0star,LTU,elevation,geography,100.8182861328125
per_capita,M0star,MKD,elevation,geography,1106.3851318359375
per_capita,M0star,MDA,elevation,geography,155.33504740397134
per_capita,M0star,MNE,elevation,geography,1227.2928466796875
per_capita,M0star,NLD,elevation,geography,28.77057038868467
per_capita,M0star,NOR,elevation,geography,536.0525588989258
per_capita,M0star,POL,elevation,geography,230.46440777025725
per_capita,M0star,PRT,elevation,geography,173.78685869489397
per_capita,M0star,ROU,elevation,geography,379.83351135253906
per_capita,M0star,RUS,elevation,geography,224.93065158860423
per_capita,M0star,SRB,elevation,geography,669.6914189656576
per_capita,M0star,SVK,elevation,geography,205.38938903808594
per_capita,M0star,SVN,elevation,geography,358.90411376953125
per_capita,M0star,ESP,elevation,geography,31.531451950073244
per_capita,M0star,SWE,elevation,geography,29.949632263183595
per_capita,M0star,CHE,elevation,geography,349.16029052734376
per_capita,M0star,UKR,elevation,geography,132.7877142826716
per_capita,M0star,GBR,elevation,geography,102.5040927213781
per_capita,M0star,BHS,elevation,geography,1.6355916261672974
per_capita,M0star,CAN,elevation,geography,361.9892102050781
per_capita,M0star,CRI,elevation,geography,147.4757843017578
per_capita,M0star,CUB,elevation,geography,-601.6696684019906
per_capita,M0star,DOM,elevation,geography,-1174.1369934082031
per_capita,M0star,SLV,elevation,geography,53.99977111816406
per_capita,M0star,GTM,elevation,geography,1338.172607421875
per_capita,M0star,HTI,elevation,geography,-314.93158264160155
per_capita,M0star,HND,elevation,geography,510.82997436523436
per_capita,M0star,JAM,elevation,geography,-1527.6361592610676
per_capita,M0star,MEX,elevation,geography,1081.4254860116034
per_capita,M0star,NIC,elevation,geography,110.783447265625
per_capita,M0star,PAN,elevation,geography,136.88180541992188
per_capita,M0star,USA,elevation,geography,360.4095271300481
per_capita,M0star,AUS,elevation,geography,-465.4354716709682
per_capita,M0star,NZL,elevation,geography,-5.283027860853407
per_capita,M0star,PNG,elevation,geography,39.91184997558594
per_capita,M0star,ARG,elevation,geography,467.42525082826614
per_capita,M0star,BOL,elevation,geography,3352.897745768229
per_capita,M0star,BRA,elevation,geography,417.889818778905
per_capita,M0star,CHL,elevation,geography,357.4125075340271
per_capita,M0star,COL,elevation,geography,933.2442020514072
per_capita,M0star,ECU,elevation,geography,638.521503008329
per_capita,M0star,PRY,elevation,geography,78.58065338134766
per_capita,M0star,PER,elevation,geography,1406.251771981066
per_capita,M0star,SUR,elevation,geography,5.543477535247803
per_capita,M0star,URY,elevation,geography,36.999884843826294
per_capita,M0star,VEN,elevation,geography,218.3050817489624
per_capita,M0star,DZA,continentality,geography,148.41535189827113
per_capita,M0star,AGO,continentality,geography,160.7492019566083
per_capita,M0star,BEN,continentality,geography,259.15676787430976
per_capita,M0star,BWA,continentality,geography,607.1320549029783
per_capita,M0star,BFA,continentality,geography,663.8004651185327
per_capita,M0star,BDI,continentality,geography,1019.9677893297082
per_capita,M0star,CMR,continentality,geography,394.9028883457315
per_capita,M0star,CAF,continentality,geography,969.5623067843129
per_capita,M0star,TCD,continentality,geography,1020.8945842181433
per_capita,M0star,COG,continentality,geography,388.2906643268661
per_capita,M0star,COD,continentality,geography,996.1091986864735
per_capita,M0star,CIV,continentality,geography,167.6921433742753
per_capita,M0star,DJI,continentality,geography,31.093075198477482
per_capita,M0star,EGY,continentality,geography,95.87474525066706
per_capita,M0star,GNQ,continentality,geography,45.269797760188965
per_capita,M0star,ERI,continentality,geography,60.38639204880394
per_capita,M0star,ETH,continentality,geography,493.0399736897681
per_capita,M0star,GAB,continentality,geography,32.622769815760456
per_capita,M0star,GHA,continentality,geography,106.09593382969571
per_capita,M0star,GIN,continentality,geography,234.83934928588695
per_capita,M0star,GNB,continentality,geography,110.84080268526557
per_capita,M0star,KEN,continentality,geography,461.7225404847252
per_capita,M0star,LSO,continentality,geography,274.4548832701292
per_capita,M0star,LBR,continentality,geography,104.43708968138911
per_capita,M0star,LBY,continentality,geography,89.88278489482425
per_capita,M0star,MDG,continentality,geography,82.73136994650416
per_capita,M0star,MWI,continentality,geography,443.73171145000083
per_capita,M0star,MLI,continentality,geography,790.6679792505496
per_capita,M0star,MRT,continentality,geography,102.59076566611054
per_capita,M0star,MAR,continentality,geography,66.70655523715897
per_capita,M0star,MOZ,continentality,geography,121.37622991964236
per_capita,M0star,NAM,continentality,geography,224.80583091201763
per_capita,M0star,NER,continentality,geography,894.9775794916054
per_capita,M0star,NGA,continentality,geography,318.513579715843
per_capita,M0star,RWA,continentality,geography,1072.1697409642793
per_capita,M0star,SEN,continentality,geography,62.13532239964827
per_capita,M0star,SLE,continentality,geography,150.18275311661122
per_capita,M0star,SOM,continentality,geography,64.56544811242864
per_capita,M0star,ZAF,continentality,geography,335.6952888931987
per_capita,M0star,SDN,continentality,geography,841.9292364635133
per_capita,M0star,SWZ,continentality,geography,58.827025394391974
per_capita,M0star,TZA,continentality,geography,432.6313852611501
per_capita,M0star,TGO,continentality,geography,233.37768488566002
per_capita,M0star,TUN,continentality,geography,65.46114059052488
per_capita,M0star,UGA,continentality,geography,954.3105346740564
per_capita,M0star,ZMB,continentality,geography,1010.4273463271114
per_capita,M0star,ZWE,continentality,geography,490.4733890974661
per_capita,M0star,AFG,continentality,geography,980.0251806546243
per_capita,M0star,ARM,continentality,geography,274.3681751312658
per_capita,M0star,AZE,continentality,geography,25.20360155335367
per_capita,M0star,BGD,continentality,geography,167.4501932416387
per_capita,M0star,MMR,continentality,geography,169.36276423745338
per_capita,M0star,KHM,continentality,geography,198.32514565256477
per_capita,M0star,CHN,continentality,geography,460.2465280733392
per_capita,M0star,GEO,continentality,geography,274.3681751312658
per_capita,M0star,IND,continentality,geography,426.4417018320571
per_capita,M0star,IDN,continentality,geography,35.7087662442575
per_capita,M0star,IRN,continentality,geography,245.46141844990464
per_capita,M0star,IRQ,continentality,geography,493.08066829081065
per_capita,M0star,ISR,continentality,geography,40.74969055425075
per_capita,M0star,JPN,continentality,geography,82.64314172622903
per_capita,M0star,JOR,continentality,geography,32.37622746276071
per_capita,M0star,KAZ,continentality,geography,1283.3287869501294
per_capita,M0star,LAO,continentality,geography,277.298802346493
per_capita,M0star,LBN,continentality,geography,59.931174779228634
per_capita,M0star,MYS,continentality,geography,33.43449978139673
per_capita,M0star,MNG,continentality,geography,1247.786939954368
per_capita,M0star,NPL,continentality,geography,675.6541122586723
per_capita,M0star,OMN,continentality,geography,15.503326119087154
per_capita,M0star,PAK,continentality,geography,782.4292145410926
per_capita,M0star,PHL,continentality,geography,31.710189245915206
per_capita,M0star,QAT,continentality,geography,6.479188127362905
per_capita,M0star,SAU,continentality,geography,193.68550798338518
per_capita,M0star,KOR,continentality,geography,0.10270068647604357
per_capita,M0star,LKA,continentality,geography,46.694283573125205
per_capita,M0star,SYR,continentality,geography,93.42535931944471
per_capita,M0star,TWN,continentality,geography,36.42621324316634
per_capita,M0star,TJK,continentality,geography,1250.1800623340782
per_capita,M0star,THA,continentality,geography,141.8254668239137
per_capita,M0star,TUR,continentality,geography,128.00623313826836
per_capita,M0star,TKM,continentality,geography,570.2171184704274
per_capita,M0star,ARE,continentality,geography,10.093384715369945
per_capita,M0star,UZB,continentality,geography,1235.4772603548088
per_capita,M0star,VNM,continentality,geography,62.6329056650239
per_capita,M0star,YEM,continentality,geography,51.31698455455971
per_capita,M0star,ALB,continentality,geography,15.22079556911455
per_capita,M0star,AUT,continentality,geography,307.4168158026393
per_capita,M0star,BLR,continentality,geography,505.97112247230973
per_capita,M0star,BEL,continentality,geography,107.65063529604579
per_capita,M0star,BIH,continentality,geography,117.31795932389403
per_capita,M0star,BGR,continentality,geography,161.43914265156482
per_capita,M0star,HRV,continentality,geography,63.022862766722064
per_capita,M0star,CYP,continentality,geography,5.212894634530487
per_capita,M0star,CZE,continentality,geography,412.2378803838792
per_capita,M0star,DNK,continentality,geography,13.150004152366645
per_capita,M0star,EST,continentality,geography,61.18713473481305
per_capita,M0star,FIN,continentality,geography,16.945009130870062
per_capita,M0star,FRA,continentality,geography,191.58322927483144
per_capita,M0star,DEU,continentality,geography,254.6552396099633
per_capita,M0star,GRC,continentality,geography,37.832746154457865
per_capita,M0star,HUN,continentality,geography,471.3236388126921
per_capita,M0star,ISL,continentality,geography,81.00297872001015
per_capita,M0star,IRL,continentality,geography,38.006117586339364
per_capita,M0star,ITA,continentality,geography,77.31098117304789
per_capita,M0star,LVA,continentality,geography,127.3360239986891
per_capita,M0star,LTU,continentality,geography,128.23898105661175
per_capita,M0star,MKD,continentality,geography,249.1916330178268
per_capita,M0star,MDA,continentality,geography,186.17367904200015
per_capita,M0star,MNE,continentality,geography,82.22403706234513
per_capita,M0star,NLD,continentality,geography,84.12315249217339
per_capita,M0star,NOR,continentality,geography,53.643774822738706
per_capita,M0star,POL,continentality,geography,315.3013901770544
per_capita,M0star,PRT,continentality,geography,52.27557760028044
per_capita,M0star,ROU,continentality,geography,338.7173828268546
per_capita,M0star,RUS,continentality,geography,773.3640644346395
per_capita,M0star,SRB,continentality,geography,266.36523983952844
per_capita,M0star,SVK,continentality,geography,481.3914559398293
per_capita,M0star,SVN,continentality,geography,80.66975858525952
per_capita,M0star,ESP,continentality,geography,122.88312330283075
per_capita,M0star,SWE,continentality,geography,75.43097905999782
per_capita,M0star,CHE,continentality,geography,318.6523818941167
per_capita,M0star,UKR,continentality,geography,290.40284273323937
per_capita,M0star,GBR,continentality,geography,72.04328617417774
per_capita,M0star,BHS,continentality,geography,23.16612848458598
per_capita,M0star,CAN,continentality,geography,476.3700986805195
per_capita,M0star,CRI,continentality,geography,77.36810714506554
per_capita,M0star,CUB,continentality,geography,18.77046674992996
per_capita,M0star,DOM,continentality,geography,22.830820802109027
per_capita,M0star,SLV,continentality,geography,9.472273407052763
per_capita,M0star,GTM,continentality,geography,150.45784284636164
per_capita,M0star,HTI,continentality,geography,6.669859990832684
per_capita,M0star,HND,continentality,geography,65.80876686673079
per_capita,M0star,JAM,continentality,geography,33.33208864969499
per_capita,M0star,MEX,continentality,geography,183.9376302671782
per_capita,M0star,NIC,continentality,geography,64.27621674754454
per_capita,M0star,PAN,continentality,geography,37.38771902554524
per_capita,M0star,USA,continentality,geography,362.91067511348734
per_capita,M0star,AUS,continentality,geography,51.902087485243456
per_capita,M0star,NZL,continentality,geography,27.11518358276313
per_capita,M0star,PNG,continentality,geography,22.920569798684497
per_capita,M0star,ARG,continentality,geography,395.0114435104324
per_capita,M0star,BOL,continentality,geography,383.94310600316356
per_capita,M0star,BRA,continentality,geography,227.37419655911592
per_capita,M0star,CHL,continentality,geography,76.85381942963869
per_capita,M0star,COL,continentality,geography,174.04108407793845
per_capita,M0star,ECU,continentality,geography,111.72413640286271
per_capita,M0star,PRY,continentality,geography,866.639709061554
per_capita,M0star,PER,continentality,geography,143.2232885931093
per_capita,M0star,SUR,continentality,geography,38.772545254957784
per_capita,M0star,URY,continentality,geography,152.09574835188806
per_capita,M0star,VEN,continentality,geography,57.22985427389291
per_capita,M0star,DZA,climate_zone=B,geography,0.0
per_capita,M0star,AGO,climate_zone=B,geography,0.0
per_capita,M0star,BEN,climate_zone=B,geography,0.0
per_capita,M0star,BWA,climate_zone=B,geography,1.0
per_capita,M0star,BFA,climate_zone=B,geography,0.0
per_capita,M0star,BDI,climate_zone=B,geography,0.0
per_capita,M0star,CMR,climate_zone=B,geography,0.0
per_capita,M0star,CAF,climate_zone=B,geography,0.0
per_capita,M0star,TCD,climate_zone=B,geography,0.0
per_capita,M0star,COG,climate_zone=B,geography,0.0
per_capita,M0star,COD,climate_zone=B,geography,0.0
per_capita,M0star,CIV,climate_zone=B,geography,0.0
per_capita,M0star,DJI,climate_zone=B,geography,1.0
per_capita,M0star,EGY,climate_zone=B,geography,1.0
per_capita,M0star,GNQ,climate_zone=B,geography,0.0
per_capita,M0star,ERI,climate_zone=B,geography,1.0
per_capita,M0star,ETH,climate_zone=B,geography,0.0
per_capita,M0star,GAB,climate_zone=B,geography,0.0
per_capita,M0star,GHA,climate_zone=B,geography,0.0
per_capita,M0star,GIN,climate_zone=B,geography,0.0
per_capita,M0star,GNB,climate_zone=B,geography,0.0
per_capita,M0star,KEN,climate_zone=B,geography,0.0
per_capita,M0star,LSO,climate_zone=B,geography,0.0
per_capita,M0star,LBR,climate_zone=B,geography,0.0
per_capita,M0star,LBY,climate_zone=B,geography,1.0
per_capita,M0star,MDG,climate_zone=B,geography,0.0
per_capita,M0star,MWI,climate_zone=B,geography,0.0
per_capita,M0star,MLI,climate_zone=B,geography,0.0
per_capita,M0star,MRT,climate_zone=B,geography,1.0
per_capita,M0star,MAR,climate_zone=B,geography,0.0
per_capita,M0star,MOZ,climate_zone=B,geography,0.0
per_capita,M0star,NAM,climate_zone=B,geography,1.0
per_capita,M0star,NER,climate_zone=B,geography,1.0
per_capita,M0star,NGA,climate_zone=B,geography,0.0
per_capita,M0star,RWA,climate_zone=B,geography,0.0
per_capita,M0star,SEN,climate_zone=B,geography,1.0
per_capita,M0star,SLE,climate_zone=B,geography,0.0
per_capita,M0star,SOM,climate_zone=B,geography,1.0
per_capita,M0star,ZAF,climate_zone=B,geography,0.0
per_capita,M0star,SDN,climate_zone=B,geography,1.0
per_capita,M0star,SWZ,climate_zone=B,geography,1.0
per_capita,M0star,TZA,climate_zone=B,geography,0.0
per_capita,M0star,TGO,climate_zone=B,geography,0.0
per_capita,M0star,TUN,climate_zone=B,geography,1.0
per_capita,M0star,UGA,climate_zone=B,geography,0.0
per_capita,M0star,ZMB,climate_zone=B,geography,0.0
per_capita,M0star,ZWE,climate_zone=B,geography,0.0
per_capita,M0star,AFG,climate_zone=B,geography,1.0
per_capita,M0star,ARM,climate_zone=B,geography,0.0
per_capita,M0star,AZE,climate_zone=B,geography,0.0
per_capita,M0star,BGD,climate_zone=B,geography,0.0
per_capita,M0star,MMR,climate_zone=B,geography,0.0
per_capita,M0star,KHM,climate_zone=B,geography,0.0
per_capita,M0star,CHN,climate_zone=B,geography,0.0
per_capita,M0star,GEO,climate_zone=B,geography,0.0
per_capita,M0star,IND,climate_zone=B,geography,0.0
per_capita,M0star,IDN,climate_zone=B,geography,0.0
per_capita,M0star,IRN,climate_zone=B,geography,1.0
per_capita,M0star,IRQ,climate_zone=B,geography,0.0
per_capita,M0star,ISR,climate_zone=B,geography,1.0
per_capita,M0star,JPN,climate_zone=B,geography,0.0
per_capita,M0star,JOR,climate_zone=B,geography,0.0
per_capita,M0star,KAZ,climate_zone=B,geography,1.0
per_capita,M0star,LAO,climate_zone=B,geography,0.0
per_capita,M0star,LBN,climate_zone=B,geography,0.0
per_capita,M0star,MYS,climate_zone=B,geography,0.0
per_capita,M0star,MNG,climate_zone=B,geography,1.0
per_capita,M0star,NPL,climate_zone=B,geography,0.0
per_capita,M0star,OMN,climate_zone=B,geography,1.0
per_capita,M0star,PAK,climate_zone=B,geography,1.0
per_capita,M0star,PHL,climate_zone=B,geography,0.0
per_capita,M0star,QAT,climate_zone=B,geography,1.0
per_capita,M0star,SAU,climate_zone=B,geography,1.0
per_capita,M0star,KOR,climate_zone=B,geography,0.0
per_capita,M0star,LKA,climate_zone=B,geography,0.0
per_capita,M0star,SYR,climate_zone=B,geography,1.0
per_capita,M0star,TWN,climate_zone=B,geography,0.0
per_capita,M0star,TJK,climate_zone=B,geography,0.0
per_capita,M0star,THA,climate_zone=B,geography,0.0
per_capita,M0star,TUR,climate_zone=B,geography,0.0
per_capita,M0star,TKM,climate_zone=B,geography,1.0
per_capita,M0star,ARE,climate_zone=B,geography,1.0
per_capita,M0star,UZB,climate_zone=B,geography,1.0
per_capita,M0star,VNM,climate_zone=B,geography,0.0
per_capita,M0star,YEM,climate_zone=B,geography,1.0
per_capita,M0star,ALB,climate_zone=B,geography,0.0
per_capita,M0star,AUT,climate_zone=B,geography,0.0
per_capita,M0star,BLR,climate_zone=B,geography,0.0
per_capita,M0star,BEL,climate_zone=B,geography,0.0
per_capita,M0star,BIH,climate_zone=B,geography,0.0
per_capita,M0star,BGR,climate_zone=B,geography,0.0
per_capita,M0star,HRV,climate_zone=B,geography,0.0
per_capita,M0star,CYP,climate_zone=B,geography,0.0
per_capita,M0star,CZE,climate_zone=B,geography,0.0
per_capita,M0star,DNK,climate_zone=B,geography,0.0
per_capita,M0star,EST,climate_zone=B,geography,0.0
per_capita,M0star,FIN,climate_zone=B,geography,0.0
per_capita,M0star,FRA,climate_zone=B,geography,0.0
per_capita,M0star,DEU,climate_zone=B,geography,0.0
per_capita,M0star,GRC,climate_zone=B,geography,0.0
per_capita,M0star,HUN,climate_zone=B,geography,0.0
per_capita,M0star,ISL,climate_zone=B,geography,0.0
per_capita,M0star,IRL,climate_zone=B,geography,0.0
per_capita,M0star,ITA,climate_zone=B,geography,0.0
per_capita,M0star,LVA,climate_zone=B,geography,0.0
per_capita,M0star,LTU,climate_zone=B,geography,0.0
per_capita,M0star,MKD,climate_zone=B,geography,0.0
per_capita,M0star,MDA,climate_zone=B,geography,0.0
per_capita,M0star,MNE,climate_zone=B,geography,0.0
per_capita,M0star,NLD,climate_zone=B,geography,0.0
per_capita,M0star,NOR,climate_zone=B,geography,0.0
per_capita,M0star,POL,climate_zone=B,geography,0.0
per_capita,M0star,PRT,climate_zone=B,geography,0.0
per_capita,M0star,ROU,climate_zone=B,geography,0.0
per_capita,M0star,RUS,climate_zone=B,geography,0.0
per_capita,M0star,SRB,climate_zone=B,geography,0.0
per_capita,M0star,SVK,climate_zone=B,geography,0.0
per_capita,M0star,SVN,climate_zone=B,geography,0.0
per_capita,M0star,ESP,climate_zone=B,geography,0.0
per_capita,M0star,SWE,climate_zone=B,geography,0.0
per_capita,M0star,CHE,climate_zone=B,geography,0.0
per_capita,M0star,UKR,climate_zone=B,geography,0.0
per_capita,M0star,GBR,climate_zone=B,geography,0.0
per_capita,M0star,BHS,climate_zone=B,geography,0.0
per_capita,M0star,CAN,climate_zone=B,geography,0.0
per_capita,M0star,CRI,climate_zone=B,geography,0.0
per_capita,M0star,CUB,climate_zone=B,geography,0.0
per_capita,M0star,DOM,climate_zone=B,geography,0.0
per_capita,M0star,SLV,climate_zone=B,geography,0.0
per_capita,M0star,GTM,climate_zone=B,geography,0.0
per_capita,M0star,HTI,climate_zone=B,geography,0.0
per_capita,M0star,HND,climate_zone=B,geography,0.0
per_capita,M0star,JAM,climate_zone=B,geography,0.0
per_capita,M0star,MEX,climate_zone=B,geography,0.0
per_capita,M0star,NIC,climate_zone=B,geography,0.0
per_capita,M0star,PAN,climate_zone=B,geography,0.0
per_capita,M0star,USA,climate_zone=B,geography,0.0
per_capita,M0star,AUS,climate_zone=B,geography,0.0
per_capita,M0star,NZL,climate_zone=B,geography,0.0
per_capita,M0star,PNG,climate_zone=B,geography,0.0
per_capita,M0star,ARG,climate_zone=B,geography,1.0
per_capita,M0star,BOL,climate_zone=B,geography,0.0
per_capita,M0star,BRA,climate_zone=B,geography,0.0
per_capita,M0star,CHL,climate_zone=B,geography,0.0
per_capita,M0star,COL,climate_zone=B,geography,0.0
per_capita,M0star,ECU,climate_zone=B,geography,0.0
per_capita,M0star,PRY,climate_zone=B,geography,0.0
per_capita,M0star,PER,climate_zone=B,geography,1.0
per_capita,M0star,SUR,climate_zone=B,geography,0.0
per_capita,M0star,URY,climate_zone=B,geography,0.0
per_capita,M0star,VEN,climate_zone=B,geography,0.0
per_capita,M0star,DZA,climate_zone=C,geography,1.0
per_capita,M0star,AGO,climate_zone=C,geography,1.0
per_capita,M0star,BEN,climate_zone=C,geography,0.0
per_capita,M0star,BWA,climate_zone=C,geography,0.0
per_capita,M0star,BFA,climate_zone=C,geography,0.0
per_capita,M0star,BDI,climate_zone=C,geography,0.0
per_capita,M0star,CMR,climate_zone=C,geography,0.0
per_capita,M0star,CAF,climate_zone=C,geography,0.0
per_capita,M0star,TCD,climate_zone=C,geography,0.0
per_capita,M0star,COG,climate_zone=C,geography,0.0
per_capita,M0star,COD,climate_zone=C,geography,0.0
per_capita,M0star,CIV,climate_zone=C,geography,0.0
per_capita,M0star,DJI,climate_zone=C,geography,0.0
per_capita,M0star,EGY,climate_zone=C,geography,0.0
per_capita,M0star,GNQ,climate_zone=C,geography,0.0
per_capita,M0star,ERI,climate_zone=C,geography,0.0
per_capita,M0star,ETH,climate_zone=C,geography,0.0
per_capita,M0star,GAB,climate_zone=C,geography,0.0
per_capita,M0star,GHA,climate_zone=C,geography,0.0
per_capita,M0star,GIN,climate_zone=C,geography,0.0
per_capita,M0star,GNB,climate_zone=C,geography,0.0
per_capita,M0star,KEN,climate_zone=C,geography,0.0
per_capita,M0star,LSO,climate_zone=C,geography,1.0
per_capita,M0star,LBR,climate_zone=C,geography,0.0
per_capita,M0star,LBY,climate_zone=C,geography,0.0
per_capita,M0star,MDG,climate_zone=C,geography,0.0
per_capita,M0star,MWI,climate_zone=C,geography,0.0
per_capita,M0star,MLI,climate_zone=C,geography,0.0
per_capita,M0star,MRT,climate_zone=C,geography,0.0
per_capita,M0star,MAR,climate_zone=C,geography,1.0
per_capita,M0star,MOZ,climate_zone=C,geography,0.0
per_capita,M0star,NAM,climate_zone=C,geography,0.0
per_capita,M0star,NER,climate_zone=C,geography,0.0
per_capita,M0star,NGA,climate_zone=C,geography,0.0
per_capita,M0star,RWA,climate_zone=C,geography,0.0
per_capita,M0star,SEN,climate_zone=C,geography,0.0
per_capita,M0star,SLE,climate_zone=C,geography,0.0
per_capita,M0star,SOM,climate_zone=C,geography,0.0
per_capita,M0star,ZAF,climate_zone=C,geography,1.0
per_capita,M0star,SDN,climate_zone=C,geography,0.0
per_capita,M0star,SWZ,climate_zone=C,geography,0.0
per_capita,M0star,TZA,climate_zone=C,geography,0.0
per_capita,M0star,TGO,climate_zone=C,geography,0.0
per_capita,M0star,TUN,climate_zone=C,geography,0.0
per_capita,M0star,UGA,climate_zone=C,geography,0.0
per_capita,M0star,ZMB,climate_zone=C,geography,1.0
per_capita,M0star,ZWE,climate_zone=C,geography,1.0
per_capita,M0star,AFG,climate_zone=C,geography,0.0
per_capita,M0star,ARM,climate_zone=C,geography,0.0
per_capita,M0star,AZE,climate_zone=C,geography,0.0
per_capita,M0star,BGD,climate_zone=C,geography,0.0
per_capita,M0star,MMR,climate_zone=C,geography,0.0
per_capita,M0star,KHM,climate_zone=C,geography,0.0
per_capita,M0star,CHN,climate_zone=C,geography,1.0
per_capita,M0star,GEO,climate_zone=C,geography,0.0
per_capita,M0star,IND,climate_zone=C,geography,0.0
per_capita,M0star,IDN,climate_zone=C,geography,0.0
per_capita,M0star,IRN,climate_zone=C,geography,0.0
per_capita,M0star,IRQ,climate_zone=C,geography,1.0
per_capita,M0star,ISR,climate_zone=C,geography,0.0
per_capita,M0star,JPN,climate_zone=C,geography,1.0
per_capita,M0star,JOR,climate_zone=C,geography,1.0
per_capita,M0star,KAZ,climate_zone=C,geography,0.0
per_capita,M0star,LAO,climate_zone=C,geography,0.0
per_capita,M0star,LBN,climate_zone=C,geography,1.0
per_capita,M0star,MYS,climate_zone=C,geography,0.0
per_capita,M0star,MNG,climate_zone=C,geography,0.0
per_capita,M0star,NPL,climate_zone=C,geography,1.0
per_capita,M0star,OMN,climate_zone=C,geography,0.0
per_capita,M0star,PAK,climate_zone=C,geography,0.0
per_capita,M0star,PHL,climate_zone=C,geography,0.0
per_capita,M0star,QAT,climate_zone=C,geography,0.0
per_capita,M0star,SAU,climate_zone=C,geography,0.0
per_capita,M0star,KOR,climate_zone=C,geography,0.0
per_capita,M0star,LKA,climate_zone=C,geography,0.0
per_capita,M0star,SYR,climate_zone=C,geography,0.0
per_capita,M0star,TWN,climate_zone=C,geography,1.0
per_capita,M0star,TJK,climate_zone=C,geography,0.0
per_capita,M0star,THA,climate_zone=C,geography,0.0
per_capita,M0star,TUR,climate_zone=C,geography,1.0
per_capita,M0star,TKM,climate_zone=C,geography,0.0
per_capita,M0star,ARE,climate_zone=C,geography,0.0
per_capita,M0star,UZB,climate_zone=C,geography,0.0
per_capita,M0star,VNM,climate_zone=C,geography,0.0
per_capita,M0star,YEM,climate_zone=C,geography,0.0
per_capita,M0star,ALB,climate_zone=C,geography,1.0
per_capita,M0star,AUT,climate_zone=C,geography,0.0
per_capita,M0star,BLR,climate_zone=C,geography,0.0
per_capita,M0star,BEL,climate_zone=C,geography,1.0
per_capita,M0star,BIH,climate_zone=C,geography,0.0
per_capita,M0star,BGR,climate_zone=C,geography,0.0
per_capita,M0star,HRV,climate_zone=C,geography,0.0
per_capita,M0star,CYP,climate_zone=C,geography,1.0
per_capita,M0star,CZE,climate_zone=C,geography,0.0
per_capita,M0star,DNK,climate_zone=C,geography,1.0
per_capita,M0star,EST,climate_zone=C,geography,0.0
per_capita,M0star,FIN,climate_zone=C,geography,0.0
per_capita,M0star,FRA,climate_zone=C,geography,1.0
per_capita,M0star,DEU,climate_zone=C,geography,1.0
per_capita,M0star,GRC,climate_zone=C,geography,1.0
per_capita,M0star,HUN,climate_zone=C,geography,0.0
per_capita,M0star,ISL,climate_zone=C,geography,0.0
per_capita,M0star,IRL,climate_zone=C,geography,1.0
per_capita,M0star,ITA,climate_zone=C,geography,1.0
per_capita,M0star,LVA,climate_zone=C,geography,0.0
per_capita,M0star,LTU,climate_zone=C,geography,0.0
per_capita,M0star,MKD,climate_zone=C,geography,0.0
per_capita,M0star,MDA,climate_zone=C,geography,0.0
per_capita,M0star,MNE,climate_zone=C,geography,0.0
per_capita,M0star,NLD,climate_zone=C,geography,1.0
per_capita,M0star,NOR,climate_zone=C,geography,0.0
per_capita,M0star,POL,climate_zone=C,geography,0.0
per_capita,M0star,PRT,climate_zone=C,geography,1.0
per_capita,M0star,ROU,climate_zone=C,geography,0.0
per_capita,M0star,RUS,climate_zone=C,geography,0.0
per_capita,M0star,SRB,climate_zone=C,geography,0.0
per_capita,M0star,SVK,climate_zone=C,geography,0.0
per_capita,M0star,SVN,climate_zone=C,geography,0.0
per_capita,M0star,ESP,climate_zone=C,geography,1.0
per_capita,M0star,SWE,climate_zone=C,geography,0.0
per_capita,M0star,CHE,climate_zone=C,geography,0.0
per_capita,M0star,UKR,climate_zone=C,geography,0.0
per_capita,M0star,GBR,climate_zone=C,geography,1.0
per_capita,M0star,BHS,climate_zone=C,geography,0.0
per_capita,M0star,CAN,climate_zone=C,geography,0.0
per_capita,M0star,CRI,climate_zone=C,geography,0.0
per_capita,M0star,CUB,climate_zone=C,geography,0.0
per_capita,M0star,DOM,climate_zone=C,geography,0.0
per_capita,M0star,SLV,climate_zone=C,geography,0.0
per_capita,M0star,GTM,climate_zone=C,geography,1.0
per_capita,M0star,HTI,climate_zone=C,geography,0.0
per_capita,M0star,HND,climate_zone=C,geography,0.0
per_capita,M0star,JAM,climate_zone=C,geography,0.0
per_capita,M0star,MEX,climate_zone=C,geography,1.0
per_capita,M0star,NIC,climate_zone=C,geography,0.0
per_capita,M0star,PAN,climate_zone=C,geography,0.0
per_capita,M0star,USA,climate_zone=C,geography,1.0
per_capita,M0star,AUS,climate_zone=C,geography,1.0
per_capita,M0star,NZL,climate_zone=C,geography,1.0
per_capita,M0star,PNG,climate_zone=C,geography,0.0
per_capita,M0star,ARG,climate_zone=C,geography,0.0
per_capita,M0star,BOL,climate_zone=C,geography,1.0
per_capita,M0star,BRA,climate_zone=C,geography,1.0
per_capita,M0star,CHL,climate_zone=C,geography,1.0
per_capita,M0star,COL,climate_zone=C,geography,0.0
per_capita,M0star,ECU,climate_zone=C,geography,0.0
per_capita,M0star,PRY,climate_zone=C,geography,0.0
per_capita,M0star,PER,climate_zone=C,geography,0.0
per_capita,M0star,SUR,climate_zone=C,geography,0.0
per_capita,M0star,URY,climate_zone=C,geography,1.0
per_capita,M0star,VEN,climate_zone=C,geography,0.0
per_capita,M0star,DZA,climate_zone=D,geography,0.0
per_capita,M0star,AGO,climate_zone=D,geography,0.0
per_capita,M0star,BEN,climate_zone=D,geography,0.0
per_capita,M0star,BWA,climate_zone=D,geography,0.0
per_capita,M0star,BFA,climate_zone=D,geography,0.0
per_capita,M0star,BDI,climate_zone=D,geography,0.0
per_capita,M0star,CMR,climate_zone=D,geography,0.0
per_capita,M0star,CAF,climate_zone=D,geography,0.0
per_capita,M0star,TCD,climate_zone=D,geography,0.0
per_capita,M0star,COG,climate_zone=D,geography,0.0
per_capita,M0star,COD,climate_zone=D,geography,0.0
per_capita,M0star,CIV,climate_zone=D,geography,0.0
per_capita,M0star,DJI,climate_zone=D,geography,0.0
per_capita,M0star,EGY,climate_zone=D,geography,0.0
per_capita,M0star,GNQ,climate_zone=D,geography,0.0
per_capita,M0star,ERI,climate_zone=D,geography,0.0
per_capita,M0star,ETH,climate_zone=D,geography,0.0
per_capita,M0star,GAB,climate_zone=D,geography,0.0
per_capita,M0star,GHA,climate_zone=D,geography,0.0
per_capita,M0star,GIN,climate_zone=D,geography,0.0
per_capita,M0star,GNB,climate_zone=D,geography,0.0
per_capita,M0star,KEN,climate_zone=D,geography,0.0
per_capita,M0star,LSO,climate_zone=D,geography,0.0
per_capita,M0star,LBR,climate_zone=D,geography,0.0
per_capita,M0star,LBY,climate_zone=D,geography,0.0
per_capita,M0star,MDG,climate_zone=D,geography,0.0
per_capita,M0star,MWI,climate_zone=D,geography,0.0
per_capita,M0star,MLI,climate_zone=D,geography,0.0
per_capita,M0star,MRT,climate_zone=D,geography,0.0
per_capita,M0star,MAR,climate_zone=D,geography,0.0
per_capita,M0star,MOZ,climate_zone=D,geography,0.0
per_capita,M0star,NAM,climate_zone=D,geography,0.0
per_capita,M0star,NER,climate_zone=D,geography,0.0
per_capita,M0star,NGA,climate_zone=D,geography,0.0
per_capita,M0star,RWA,climate_zone=D,geography,0.0
per_capita,M0star,SEN,climate_zone=D,geography,0.0
per_capita,M0star,SLE,climate_zone=D,geography,0.0
per_capita,M0star,SOM,climate_zone=D,geography,0.0
per_capita,M0star,ZAF,climate_zone=D,geography,0.0
per_capita,M0star,SDN,climate_zone=D,geography,0.0
per_capita,M0star,SWZ,climate_zone=D,geography,0.0
per_capita,M0star,TZA,climate_zone=D,geography,0.0
per_capita,M0star,TGO,climate_zone=D,geography,0.0
per_capita,M0star,TUN,climate_zone=D,geography,0.0
per_capita,M0star,UGA,climate_zone=D,geography,0.0
per_capita,M0star,ZMB,climate_zone=D,geography,0.0
per_capita,M0star,ZWE,climate_zone=D,geography,0.0
per_capita,M0star,AFG,climate_zone=D,geography,0.0
per_capita,M0star,ARM,climate_zone=D,geography,1.0
per_capita,M0star,AZE,climate_zone=D,geography,1.0
per_capita,M0star,BGD,climate_zone=D,geography,0.0
per_capita,M0star,MMR,climate_zone=D,geography,0.0
per_capita,M0star,KHM,climate_zone=D,geography,0.0
per_capita,M0star,CHN,climate_zone=D,geography,0.0
per_capita,M0star,GEO,climate_zone=D,geography,1.0
per_capita,M0star,IND,climate_zone=D,geography,0.0
per_capita,M0star,IDN,climate_zone=D,geography,0.0
per_capita,M0star,IRN,climate_zone=D,geography,0.0
per_capita,M0star,IRQ,climate_zone=D,geography,0.0
per_capita,M0star,ISR,climate_zone=D,geography,0.0
per_capita,M0star,JPN,climate_zone=D,geography,0.0
per_capita,M0star,JOR,climate_zone=D,geography,0.0
per_capita,M0star,KAZ,climate_zone=D,geography,0.0
per_capita,M0star,LAO,climate_zone=D,geography,0.0
per_capita,M0star,LBN,climate_zone=D,geography,0.0
per_capita,M0star,MYS,climate_zone=D,geography,0.0
per_capita,M0star,MNG,climate_zone=D,geography,0.0
per_capita,M0star,NPL,climate_zone=D,geography,0.0
per_capita,M0star,OMN,climate_zone=D,geography,0.0
per_capita,M0star,PAK,climate_zone=D,geography,0.0
per_capita,M0star,PHL,climate_zone=D,geography,0.0
per_capita,M0star,QAT,climate_zone=D,geography,0.0
per_capita,M0star,SAU,climate_zone=D,geography,0.0
per_capita,M0star,KOR,climate_zone=D,geography,1.0
per_capita,M0star,LKA,climate_zone=D,geography,0.0
per_capita,M0star,SYR,climate_zone=D,geography,0.0
per_capita,M0star,TWN,climate_zone=D,geography,0.0
per_capita,M0star,TJK,climate_zone=D,geography,1.0
per_capita,M0star,THA,climate_zone=D,geography,0.0
per_capita,M0star,TUR,climate_zone=D,geography,0.0
per_capita,M0star,TKM,climate_zone=D,geography,0.0
per_capita,M0star,ARE,climate_zone=D,geography,0.0
per_capita,M0star,UZB,climate_zone=D,geography,0.0
per_capita,M0star,VNM,climate_zone=D,geography,0.0
per_capita,M0star,YEM,climate_zone=D,geography,0.0
per_capita,M0star,ALB,climate_zone=D,geography,0.0
per_capita,M0star,AUT,climate_zone=D,geography,1.0
per_capita,M0star,BLR,climate_zone=D,geography,1.0
per_capita,M0star,BEL,climate_zone=D,geography,0.0
per_capita,M0star,BIH,climate_zone=D,geography,1.0
per_capita,M0star,BGR,climate_zone=D,geography,1.0
per_capita,M0star,HRV,climate_zone=D,geography,1.0
per_capita,M0star,CYP,climate_zone=D,geography,0.0
per_capita,M0star,CZE,climate_zone=D,geography,1.0
per_capita,M0star,DNK,climate_zone=D,geography,0.0
per_capita,M0star,EST,climate_zone=D,geography,1.0
per_capita,M0star,FIN,climate_zone=D,geography,1.0
per_capita,M0star,FRA,climate_zone=D,geography,0.0
per_capita,M0star,DEU,climate_zone=D,geography,0.0
per_capita,M0star,GRC,climate_zone=D,geography,0.0
per_capita,M0star,HUN,climate_zone=D,geography,1.0
per_capita,M0star,ISL,climate_zone=D,geography,0.0
per_capita,M0star,IRL,climate_zone=D,geography,0.0
per_capita,M0star,ITA,climate_zone=D,geography,0.0
per_capita,M0star,LVA,climate_zone=D,geography,1.0
per_capita,M0star,LTU,climate_zone=D,geography,1.0
per_capita,M0star,MKD,climate_zone=D,geography,1.0
per_capita,M0star,MDA,climate_zone=D,geography,1.0
per_capita,M0star,MNE,climate_zone=D,geography,1.0
per_capita,M0star,NLD,climate_zone=D,geography,0.0
per_capita,M0star,NOR,climate_zone=D,geography,1.0
per_capita,M0star,POL,climate_zone=D,geography,1.0
per_capita,M0star,PRT,climate_zone=D,geography,0.0
per_capita,M0star,ROU,climate_zone=D,geography,1.0
per_capita,M0star,RUS,climate_zone=D,geography,1.0
per_capita,M0star,SRB,climate_zone=D,geography,1.0
per_capita,M0star,SVK,climate_zone=D,geography,1.0
per_capita,M0star,SVN,climate_zone=D,geography,1.0
per_capita,M0star,ESP,climate_zone=D,geography,0.0
per_capita,M0star,SWE,climate_zone=D,geography,1.0
per_capita,M0star,CHE,climate_zone=D,geography,1.0
per_capita,M0star,UKR,climate_zone=D,geography,1.0
per_capita,M0star,GBR,climate_zone=D,geography,0.0
per_capita,M0star,BHS,climate_zone=D,geography,0.0
per_capita,M0star,CAN,climate_zone=D,geography,1.0
per_capita,M0star,CRI,climate_zone=D,geography,0.0
per_capita,M0star,CUB,climate_zone=D,geography,0.0
per_capita,M0star,DOM,climate_zone=D,geography,0.0
per_capita,M0star,SLV,climate_zone=D,geography,0.0
per_capita,M0star,GTM,climate_zone=D,geography,0.0
per_capita,M0star,HTI,climate_zone=D,geography,0.0
per_capita,M0star,HND,climate_zone=D,geography,0.0
per_capita,M0star,JAM,climate_zone=D,geography,0.0
per_capita,M0star,MEX,climate_zone=D,geography,0.0
per_capita,M0star,NIC,climate_zone=D,geography,0.0
per_capita,M0star,PAN,climate_zone=D,geography,0.0
per_capita,M0star,USA,climate_zone=D,geography,0.0
per_capita,M0star,AUS,climate_zone=D,geography,0.0
per_capita,M0star,NZL,climate_zone=D,geography,0.0
per_capita,M0star,PNG,climate_zone=D,geography,0.0
per_capita,M0star,ARG,climate_zone=D,geography,0.0
per_capita,M0star,BOL,climate_zone=D,geography,0.0
per_capita,M0star,BRA,climate_zone=D,geography,0.0
per_capita,M0star,CHL,climate_zone=D,geography,0.0
per_capita,M0star,COL,climate_zone=D,geography,0.0
per_capita,M0star,ECU,climate_zone=D,geography,0.0
per_capita,M0star,PRY,climate_zone=D,geography,0.0
per_capita,M0star,PER,climate_zone=D,geography,0.0
per_capita,M0star,SUR,climate_zone=D,geography,0.0
per_capita,M0star,URY,climate_zone=D,geography,0.0
per_capita,M0star,VEN,climate_zone=D,geography,0.0
per_capita,M0star,DZA,climate_zone=E,geography,0.0
per_capita,M0star,AGO,climate_zone=E,geography,0.0
per_capita,M0star,BEN,climate_zone=E,geography,0.0
per_capita,M0star,BWA,climate_zone=E,geography,0.0
per_capita,M0star,BFA,climate_zone=E,geography,0.0
per_capita,M0star,BDI,climate_zone=E,geography,0.0
per_capita,M0star,CMR,climate_zone=E,geography,0.0
per_capita,M0star,CAF,climate_zone=E,geography,0.0
per_capita,M0star,TCD,climate_zone=E,geography,0.0
per_capita,M0star,COG,climate_zone=E,geography,0.0
per_capita,M0star,COD,climate_zone=E,geography,0.0
per_capita,M0star,CIV,climate_zone=E,geography,0.0
per_capita,M0star,DJI,climate_zone=E,geography,0.0
per_capita,M0star,EGY,climate_zone=E,geography,0.0
per_capita,M0star,GNQ,climate_zone=E,geography,0.0
per_capita,M0star,ERI,climate_zone=E,geography,0.0
per_capita,M0star,ETH,climate_zone=E,geography,0.0
per_capita,M0star,GAB,climate_zone=E,geography,0.0
per_capita,M0star,GHA,climate_zone=E,geography,0.0
per_capita,M0star,GIN,climate_zone=E,geography,0.0
per_capita,M0star,GNB,climate_zone=E,geography,0.0
per_capita,M0star,KEN,climate_zone=E,geography,0.0
per_capita,M0star,LSO,climate_zone=E,geography,0.0
per_capita,M0star,LBR,climate_zone=E,geography,0.0
per_capita,M0star,LBY,climate_zone=E,geography,0.0
per_capita,M0star,MDG,climate_zone=E,geography,0.0
per_capita,M0star,MWI,climate_zone=E,geography,0.0
per_capita,M0star,MLI,climate_zone=E,geography,0.0
per_capita,M0star,MRT,climate_zone=E,geography,0.0
per_capita,M0star,MAR,climate_zone=E,geography,0.0
per_capita,M0star,MOZ,climate_zone=E,geography,0.0
per_capita,M0star,NAM,climate_zone=E,geography,0.0
per_capita,M0star,NER,climate_zone=E,geography,0.0
per_capita,M0star,NGA,climate_zone=E,geography,0.0
per_capita,M0star,RWA,climate_zone=E,geography,0.0
per_capita,M0star,SEN,climate_zone=E,geography,0.0
per_capita,M0star,SLE,climate_zone=E,geography,0.0
per_capita,M0star,SOM,climate_zone=E,geography,0.0
per_capita,M0star,ZAF,climate_zone=E,geography,0.0
per_capita,M0star,SDN,climate_zone=E,geography,0.0
per_capita,M0star,SWZ,climate_zone=E,geography,0.0
per_capita,M0star,TZA,climate_zone=E,geography,0.0
per_capita,M0star,TGO,climate_zone=E,geography,0.0
per_capita,M0star,TUN,climate_zone=E,geography,0.0
per_capita,M0star,UGA,climate_zone=E,geography,0.0
per_capita,M0star,ZMB,climate_zone=E,geography,0.0
per_capita,M0star,ZWE,climate_zone=E,geography,0.0
per_capita,M0star,AFG,climate_zone=E,geography,0.0
per_capita,M0star,ARM,climate_zone=E,geography,0.0
per_capita,M0star,AZE,climate_zone=E,geography,0.0
per_capita,M0star,BGD,climate_zone=E,geography,0.0
per_capita,M0star,MMR,climate_zone=E,geography,0.0
per_capita,M0star,KHM,climate_zone=E,geography,0.0
per_capita,M0star,CHN,climate_zone=E,geography,0.0
per_capita,M0star,GEO,climate_zone=E,geography,0.0
per_capita,M0star,IND,climate_zone=E,geography,0.0
per_capita,M0star,IDN,climate_zone=E,geography,0.0
per_capita,M0star,IRN,climate_zone=E,geography,0.0
per_capita,M0star,IRQ,climate_zone=E,geography,0.0
per_capita,M0star,ISR,climate_zone=E,geography,0.0
per_capita,M0star,JPN,climate_zone=E,geography,0.0
per_capita,M0star,JOR,climate_zone=E,geography,0.0
per_capita,M0star,KAZ,climate_zone=E,geography,0.0
per_capita,M0star,LAO,climate_zone=E,geography,0.0
per_capita,M0star,LBN,climate_zone=E,geography,0.0
per_capita,M0star,MYS,climate_zone=E,geography,0.0
per_capita,M0star,MNG,climate_zone=E,geography,0.0
per_capita,M0star,NPL,climate_zone=E,geography,0.0
per_capita,M0star,OMN,climate_zone=E,geography,0.0
per_capita,M0star,PAK,climate_zone=E,geography,0.0
per_capita,M0star,PHL,climate_zone=E,geography,0.0
per_capita,M0star,QAT,climate_zone=E,geography,0.0
per_capita,M0star,SAU,climate_zone=E,geography,0.0
per_capita,M0star,KOR,climate_zone=E,geography,0.0
per_capita,M0star,LKA,climate_zone=E,geography,0.0
per_capita,M0star,SYR,climate_zone=E,geography,0.0
per_capita,M0star,TWN,climate_zone=E,geography,0.0
per_capita,M0star,TJK,climate_zone=E,geography,0.0
per_capita,M0star,THA,climate_zone=E,geography,0.0
per_capita,M0star,TUR,climate_zone=E,geography,0.0
per_capita,M0star,TKM,climate_zone=E,geography,0.0
per_capita,M0star,ARE,climate_zone=E,geography,0.0
per_capita,M0star,UZB,climate_zone=E,geography,0.0
per_capita,M0star,VNM,climate_zone=E,geography,0.0
per_capita,M0star,YEM,climate_zone=E,geography,0.0
per_capita,M0star,ALB,climate_zone=E,geography,0.0
per_capita,M0star,AUT,climate_zone=E,geography,0.0
per_capita,M0star,BLR,climate_zone=E,geography,0.0
per_capita,M0star,BEL,climate_zone=E,geography,0.0
per_capita,M0star,BIH,climate_zone=E,geography,0.0
per_capita,M0star,BGR,climate_zone=E,geography,0.0
per_capita,M0star,HRV,climate_zone=E,geography,0.0
per_capita,M0star,CYP,climate_zone=E,geography,0.0
per_capita,M0star,CZE,climate_zone=E,geography,0.0
per_capita,M0star,DNK,climate_zone=E,geography,0.0
per_capita,M0star,EST,climate_zone=E,geography,0.0
per_capita,M0star,FIN,climate_zone=E,geography,0.0
per_capita,M0star,FRA,climate_zone=E,geography,0.0
per_capita,M0star,DEU,climate_zone=E,geography,0.0
per_capita,M0star,GRC,climate_zone=E,geography,0.0
per_capita,M0star,HUN,climate_zone=E,geography,0.0
per_capita,M0star,ISL,climate_zone=E,geography,1.0
per_capita,M0star,IRL,climate_zone=E,geography,0.0
per_capita,M0star,ITA,climate_zone=E,geography,0.0
per_capita,M0star,LVA,climate_zone=E,geography,0.0
per_capita,M0star,LTU,climate_zone=E,geography,0.0
per_capita,M0star,MKD,climate_zone=E,geography,0.0
per_capita,M0star,MDA,climate_zone=E,geography,0.0
per_capita,M0star,MNE,climate_zone=E,geography,0.0
per_capita,M0star,NLD,climate_zone=E,geography,0.0
per_capita,M0star,NOR,climate_zone=E,geography,0.0
per_capita,M0star,POL,climate_zone=E,geography,0.0
per_capita,M0star,PRT,climate_zone=E,geography,0.0
per_capita,M0star,ROU,climate_zone=E,geography,0.0
per_capita,M0star,RUS,climate_zone=E,geography,0.0
per_capita,M0star,SRB,climate_zone=E,geography,0.0
per_capita,M0star,SVK,climate_zone=E,geography,0.0
per_capita,M0star,SVN,climate_zone=E,geography,0.0
per_capita,M0star,ESP,climate_zone=E,geography,0.0
per_capita,M0star,SWE,climate_zone=E,geography,0.0
per_capita,M0star,CHE,climate_zone=E,geography,0.0
per_capita,M0star,UKR,climate_zone=E,geography,0.0
per_capita,M0star,GBR,climate_zone=E,geography,0.0
per_capita,M0star,BHS,climate_zone=E,geography,0.0
per_capita,M0star,CAN,climate_zone=E,geography,0.0
per_capita,M0star,CRI,climate_zone=E,geography,0.0
per_capita,M0star,CUB,climate_zone=E,geography,0.0
per_capita,M0star,DOM,climate_zone=E,geography,0.0
per_capita,M0star,SLV,climate_zone=E,geography,0.0
per_capita,M0star,GTM,climate_zone=E,geography,0.0
per_capita,M0star,HTI,climate_zone=E,geography,0.0
per_capita,M0star,HND,climate_zone=E,geography,0.0
per_capita,M0star,JAM,climate_zone=E,geography,0.0
per_capita,M0star,MEX,climate_zone=E,geography,0.0
per_capita,M0star,NIC,climate_zone=E,geography,0.0
per_capita,M0star,PAN,climate_zone=E,geography,0.0
per_capita,M0star,USA,climate_zone=E,geography,0.0
per_capita,M0star,AUS,climate_zone=E,geography,0.0
per_capita,M0star,NZL,climate_zone=E,geography,0.0
per_capita,M0star,PNG,climate_zone=E,geography,0.0
per_capita,M0star,ARG,climate_zone=E,geography,0.0
per_capita,M0star,BOL,climate_zone=E,geography,0.0
per_capita,M0star,BRA,climate_zone=E,geography,0.0
per_capita,M0star,CHL,climate_zone=E,geography,0.0
per_capita,M0star,COL,climate_zone=E,geography,0.0
per_capita,M0star,ECU,climate_zone=E,geography,0.0
per_capita,M0star,PRY,climate_zone=E,geography,0.0
per_capita,M0star,PER,climate_zone=E,geography,0.0
per_capita,M0star,SUR,climate_zone=E,geography,0.0
per_capita,M0star,URY,climate_zone=E,geography,0.0
per_capita,M0star,VEN,climate_zone=E,geography,0.0
per_capita,M0star,DZA,hemisphere=S,geography,0.0
per_capita,M0star,AGO,hemisphere=S,geography,1.0
per_capita,M0star,BEN,hemisphere=S,geography,0.0
per_capita,M0star,BWA,hemisphere=S,geography,1.0
per_capita,M0star,BFA,hemisphere=S,geography,0.0
per_capita,M0star,BDI,hemisphere=S,geography,1.0
per_capita,M0star,CMR,hemisphere=S,geography,0.0
per_capita,M0star,CAF,hemisphere=S,geography,0.0
per_capita,M0star,TCD,hemisphere=S,geography,0.0
per_capita,M0star,COG,hemisphere=S,geography,1.0
per_capita,M0star,COD,hemisphere=S,geography,1.0
per_capita,M0star,CIV,hemisphere=S,geography,0.0
per_capita,M0star,DJI,hemisphere=S,geography,0.0
per_capita,M0star,EGY,hemisphere=S,geography,0.0
per_capita,M0star,GNQ,hemisphere=S,geography,0.0
per_capita,M0star,ERI,hemisphere=S,geography,0.0
per_capita,M0star,ETH,hemisphere=S,geography,0.0
per_capita,M0star,GAB,hemisphere=S,geography,0.0
per_capita,M0star,GHA,hemisphere=S,geography,0.0
per_capita,M0star,GIN,hemisphere=S,geography,0.0
per_capita,M0star,GNB,hemisphere=S,geography,0.0
per_capita,M0star,KEN,hemisphere=S,geography,1.0
per_capita,M0star,LSO,hemisphere=S,geography,1.0
per_capita,M0star,LBR,hemisphere=S,geography,0.0
per_capita,M0star,LBY,hemisphere=S,geography,0.0
per_capita,M0star,MDG,hemisphere=S,geography,1.0
per_capita,M0star,MWI,hemisphere=S,geography,1.0
per_capita,M0star,MLI,hemisphere=S,geography,0.0
per_capita,M0star,MRT,hemisphere=S,geography,0.0
per_capita,M0star,MAR,hemisphere=S,geography,0.0
per_capita,M0star,MOZ,hemisphere=S,geography,1.0
per_capita,M0star,NAM,hemisphere=S,geography,1.0
per_capita,M0star,NER,hemisphere=S,geography,0.0
per_capita,M0star,NGA,hemisphere=S,geography,0.0
per_capita,M0star,RWA,hemisphere=S,geography,1.0
per_capita,M0star,SEN,hemisphere=S,geography,0.0
per_capita,M0star,SLE,hemisphere=S,geography,0.0
per_capita,M0star,SOM,hemisphere=S,geography,0.0
per_capita,M0star,ZAF,hemisphere=S,geography,1.0
per_capita,M0star,SDN,hemisphere=S,geography,0.0
per_capita,M0star,SWZ,hemisphere=S,geography,1.0
per_capita,M0star,TZA,hemisphere=S,geography,1.0
per_capita,M0star,TGO,hemisphere=S,geography,0.0
per_capita,M0star,TUN,hemisphere=S,geography,0.0
per_capita,M0star,UGA,hemisphere=S,geography,0.0
per_capita,M0star,ZMB,hemisphere=S,geography,1.0
per_capita,M0star,ZWE,hemisphere=S,geography,1.0
per_capita,M0star,AFG,hemisphere=S,geography,0.0
per_capita,M0star,ARM,hemisphere=S,geography,0.0
per_capita,M0star,AZE,hemisphere=S,geography,0.0
per_capita,M0star,BGD,hemisphere=S,geography,0.0
per_capita,M0star,MMR,hemisphere=S,geography,0.0
per_capita,M0star,KHM,hemisphere=S,geography,0.0
per_capita,M0star,CHN,hemisphere=S,geography,0.0
per_capita,M0star,GEO,hemisphere=S,geography,0.0
per_capita,M0star,IND,hemisphere=S,geography,0.0
per_capita,M0star,IDN,hemisphere=S,geography,1.0
per_capita,M0star,IRN,hemisphere=S,geography,0.0
per_capita,M0star,IRQ,hemisphere=S,geography,0.0
per_capita,M0star,ISR,hemisphere=S,geography,0.0
per_capita,M0star,JPN,hemisphere=S,geography,0.0
per_capita,M0star,JOR,hemisphere=S,geography,0.0
per_capita,M0star,KAZ,hemisphere=S,geography,0.0
per_capita,M0star,LAO,hemisphere=S,geography,0.0
per_capita,M0star,LBN,hemisphere=S,geography,0.0
per_capita,M0star,MYS,hemisphere=S,geography,0.0
per_capita,M0star,MNG,hemisphere=S,geography,0.0
per_capita,M0star,NPL,hemisphere=S,geography,0.0
per_capita,M0star,OMN,hemisphere=S,geography,0.0
per_capita,M0star,PAK,hemisphere=S,geography,0.0
per_capita,M0star,PHL,hemisphere=S,geography,0.0
per_capita,M0star,QAT,hemisphere=S,geography,0.0
per_capita,M0star,SAU,hemisphere=S,geography,0.0
per_capita,M0star,KOR,hemisphere=S,geography,0.0
per_capita,M0star,LKA,hemisphere=S,geography,0.0
per_capita,M0star,SYR,hemisphere=S,geography,0.0
per_capita,M0star,TWN,hemisphere=S,geography,0.0
per_capita,M0star,TJK,hemisphere=S,geography,0.0
per_capita,M0star,THA,hemisphere=S,geography,0.0
per_capita,M0star,TUR,hemisphere=S,geography,0.0
per_capita,M0star,TKM,hemisphere=S,geography,0.0
per_capita,M0star,ARE,hemisphere=S,geography,0.0
per_capita,M0star,UZB,hemisphere=S,geography,0.0
per_capita,M0star,VNM,hemisphere=S,geography,0.0
per_capita,M0star,YEM,hemisphere=S,geography,0.0
per_capita,M0star,ALB,hemisphere=S,geography,0.0
per_capita,M0star,AUT,hemisphere=S,geography,0.0
per_capita,M0star,BLR,hemisphere=S,geography,0.0
per_capita,M0star,BEL,hemisphere=S,geography,0.0
per_capita,M0star,BIH,hemisphere=S,geography,0.0
per_capita,M0star,BGR,hemisphere=S,geography,0.0
per_capita,M0star,HRV,hemisphere=S,geography,0.0
per_capita,M0star,CYP,hemisphere=S,geography,0.0
per_capita,M0star,CZE,hemisphere=S,geography,0.0
per_capita,M0star,DNK,hemisphere=S,geography,0.0
per_capita,M0star,EST,hemisphere=S,geography,0.0
per_capita,M0star,FIN,hemisphere=S,geography,0.0
per_capita,M0star,FRA,hemisphere=S,geography,0.0
per_capita,M0star,DEU,hemisphere=S,geography,0.0
per_capita,M0star,GRC,hemisphere=S,geography,0.0
per_capita,M0star,HUN,hemisphere=S,geography,0.0
per_capita,M0star,ISL,hemisphere=S,geography,0.0
per_capita,M0star,IRL,hemisphere=S,geography,0.0
per_capita,M0star,ITA,hemisphere=S,geography,0.0
per_capita,M0star,LVA,hemisphere=S,geography,0.0
per_capita,M0star,LTU,hemisphere=S,geography,0.0
per_capita,M0star,MKD,hemisphere=S,geography,0.0
per_capita,M0star,MDA,hemisphere=S,geography,0.0
per_capita,M0star,MNE,hemisphere=S,geography,0.0
per_capita,M0star,NLD,hemisphere=S,geography,0.0
per_capita,M0star,NOR,hemisphere=S,geography,0.0
per_capita,M0star,POL,hemisphere=S,geography,0.0
per_capita,M0star,PRT,hemisphere=S,geography,0.0
per_capita,M0star,ROU,hemisphere=S,geography,0.0
per_capita,M0star,RUS,hemisphere=S,geography,0.0
per_capita,M0star,SRB,hemisphere=S,geography,0.0
per_capita,M0star,SVK,hemisphere=S,geography,0.0
per_capita,M0star,SVN,hemisphere=S,geography,0.0
per_capita,M0star,ESP,hemisphere=S,geography,0.0
per_capita,M0star,SWE,hemisphere=S,geography,0.0
per_capita,M0star,CHE,hemisphere=S,geography,0.0
per_capita,M0star,UKR,hemisphere=S,geography,0.0
per_capita,M0star,GBR,hemisphere=S,geography,0.0
per_capita,M0star,BHS,hemisphere=S,geography,0.0
per_capita,M0star,CAN,hemisphere=S,geography,0.0
per_capita,M0star,CRI,hemisphere=S,geography,0.0
per_capita,M0star,CUB,hemisphere=S,geography,0.0
per_capita,M0star,DOM,hemisphere=S,geography,0.0
per_capita,M0star,SLV,hemisphere=S,geography,0.0
per_capita,M0star,GTM,hemisphere=S,geography,0.0
per_capita,M0star,HTI,hemisphere=S,geography,0.0
per_capita,M0star,HND,hemisphere=S,geography,0.0
per_capita,M0star,JAM,hemisphere=S,geography,0.0
per_capita,M0star,MEX,hemisphere=S,geography,0.0
per_capita,M0star,NIC,hemisphere=S,geography,0.0
per_capita,M0star,PAN,hemisphere=S,geography,0.0
per_capita,M0star,USA,hemisphere=S,geography,0.0
per_capita,M0star,AUS,hemisphere=S,geography,1.0
per_capita,M0star,NZL,hemisphere=S,geography,1.0
per_capita,M0star,PNG,hemisphere=S,geography,1.0
per_capita,M0star,ARG,hemisphere=S,geography,1.0
per_capita,M0star,BOL,hemisphere=S,geography,1.0
per_capita,M0star,BRA,hemisphere=S,geography,1.0
per_capita,M0star,CHL,hemisphere=S,geography,1.0
per_capita,M0star,COL,hemisphere=S,geography,0.0
per_capita,M0star,ECU,hemisphere=S,geography,1.0
per_capita,M0star,PRY,hemisphere=S,geography,1.0
per_capita,M0star,PER,hemisphere=S,geography,1.0
per_capita,M0star,SUR,hemisphere=S,geography,0.0
per_capita,M0star,URY,hemisphere=S,geography,1.0
per_capita,M0star,VEN,hemisphere=S,geography,0.0
per_capita,M0star,DZA,spatial_block=Asia,geography,0.0
per_capita,M0star,AGO,spatial_block=Asia,geography,0.0
per_capita,M0star,BEN,spatial_block=Asia,geography,0.0
per_capita,M0star,BWA,spatial_block=Asia,geography,0.0
per_capita,M0star,BFA,spatial_block=Asia,geography,0.0
per_capita,M0star,BDI,spatial_block=Asia,geography,0.0
per_capita,M0star,CMR,spatial_block=Asia,geography,0.0
per_capita,M0star,CAF,spatial_block=Asia,geography,0.0
per_capita,M0star,TCD,spatial_block=Asia,geography,0.0
per_capita,M0star,COG,spatial_block=Asia,geography,0.0
per_capita,M0star,COD,spatial_block=Asia,geography,0.0
per_capita,M0star,CIV,spatial_block=Asia,geography,0.0
per_capita,M0star,DJI,spatial_block=Asia,geography,0.0
per_capita,M0star,EGY,spatial_block=Asia,geography,0.0
per_capita,M0star,GNQ,spatial_block=Asia,geography,0.0
per_capita,M0star,ERI,spatial_block=Asia,geography,0.0
per_capita,M0star,ETH,spatial_block=Asia,geography,0.0
per_capita,M0star,GAB,spatial_block=Asia,geography,0.0
per_capita,M0star,GHA,spatial_block=Asia,geography,0.0
per_capita,M0star,GIN,spatial_block=Asia,geography,0.0
per_capita,M0star,GNB,spatial_block=Asia,geography,0.0
per_capita,M0star,KEN,spatial_block=Asia,geography,0.0
per_capita,M0star,LSO,spatial_block=Asia,geography,0.0
per_capita,M0star,LBR,spatial_block=Asia,geography,0.0
per_capita,M0star,LBY,spatial_block=Asia,geography,0.0
per_capita,M0star,MDG,spatial_block=Asia,geography,0.0
per_capita,M0star,MWI,spatial_block=Asia,geography,0.0
per_capita,M0star,MLI,spatial_block=Asia,geography,0.0
per_capita,M0star,MRT,spatial_block=Asia,geography,0.0
per_capita,M0star,MAR,spatial_block=Asia,geography,0.0
per_capita,M0star,MOZ,spatial_block=Asia,geography,0.0
per_capita,M0star,NAM,spatial_block=Asia,geography,0.0
per_capita,M0star,NER,spatial_block=Asia,geography,0.0
per_capita,M0star,NGA,spatial_block=Asia,geography,0.0
per_capita,M0star,RWA,spatial_block=Asia,geography,0.0
per_capita,M0star,SEN,spatial_block=Asia,geography,0.0
per_capita,M0star,SLE,spatial_block=Asia,geography,0.0
per_capita,M0star,SOM,spatial_block=Asia,geography,0.0
per_capita,M0star,ZAF,spatial_block=Asia,geography,0.0
per_capita,M0star,SDN,spatial_block=Asia,geography,0.0
per_capita,M0star,SWZ,spatial_block=Asia,geography,0.0
per_capita,M0star,TZA,spatial_block=Asia,geography,0.0
per_capita,M0star,TGO,spatial_block=Asia,geography,0.0
per_capita,M0star,TUN,spatial_block=Asia,geography,0.0
per_capita,M0star,UGA,spatial_block=Asia,geography,0.0
per_capita,M0star,ZMB,spatial_block=Asia,geography,0.0
per_capita,M0star,ZWE,spatial_block=Asia,geography,0.0
per_capita,M0star,AFG,spatial_block=Asia,geography,1.0
per_capita,M0star,ARM,spatial_block=Asia,geography,1.0
per_capita,M0star,AZE,spatial_block=Asia,geography,1.0
per_capita,M0star,BGD,spatial_block=Asia,geography,1.0
per_capita,M0star,MMR,spatial_block=Asia,geography,1.0
per_capita,M0star,KHM,spatial_block=Asia,geography,1.0
per_capita,M0star,CHN,spatial_block=Asia,geography,1.0
per_capita,M0star,GEO,spatial_block=Asia,geography,1.0
per_capita,M0star,IND,spatial_block=Asia,geography,1.0
per_capita,M0star,IDN,spatial_block=Asia,geography,1.0
per_capita,M0star,IRN,spatial_block=Asia,geography,1.0
per_capita,M0star,IRQ,spatial_block=Asia,geography,1.0
per_capita,M0star,ISR,spatial_block=Asia,geography,1.0
per_capita,M0star,JPN,spatial_block=Asia,geography,1.0
per_capita,M0star,JOR,spatial_block=Asia,geography,1.0
per_capita,M0star,KAZ,spatial_block=Asia,geography,1.0
per_capita,M0star,LAO,spatial_block=Asia,geography,1.0
per_capita,M0star,LBN,spatial_block=Asia,geography,1.0
per_capita,M0star,MYS,spatial_block=Asia,geography,1.0
per_capita,M0star,MNG,spatial_block=Asia,geography,1.0
per_capita,M0star,NPL,spatial_block=Asia,geography,1.0
per_capita,M0star,OMN,spatial_block=Asia,geography,1.0
per_capita,M0star,PAK,spatial_block=Asia,geography,1.0
per_capita,M0star,PHL,spatial_block=Asia,geography,1.0
per_capita,M0star,QAT,spatial_block=Asia,geography,1.0
per_capita,M0star,SAU,spatial_block=Asia,geography,1.0
per_capita,M0star,KOR,spatial_block=Asia,geography,1.0
per_capita,M0star,LKA,spatial_block=Asia,geography,1.0
per_capita,M0star,SYR,spatial_block=Asia,geography,1.0
per_capita,M0star,TWN,spatial_block=Asia,geography,1.0
per_capita,M0star,TJK,spatial_block=Asia,geography,1.0
per_capita,M0star,THA,spatial_block=Asia,geography,1.0
per_capita,M0star,TUR,spatial_block=Asia,geography,1.0
per_capita,M0star,TKM,spatial_block=Asia,geography,1.0
per_capita,M0star,ARE,spatial_block=Asia,geography,1.0
per_capita,M0star,UZB,spatial_block=Asia,geography,1.0
per_capita,M0star,VNM,spatial_block=Asia,geography,1.0
per_capita,M0star,YEM,spatial_block=Asia,geography,1.0
per_capita,M0star,ALB,spatial_block=Asia,geography,0.0
per_capita,M0star,AUT,spatial_block=Asia,geography,0.0
per_capita,M0star,BLR,spatial_block=Asia,geography,0.0
per_capita,M0star,BEL,spatial_block=Asia,geography,0.0
per_capita,M0star,BIH,spatial_block=Asia,geography,0.0
per_capita,M0star,BGR,spatial_block=Asia,geography,0.0
per_capita,M0star,HRV,spatial_block=Asia,geography,0.0
per_capita,M0star,CYP,spatial_block=Asia,geography,0.0
per_capita,M0star,CZE,spatial_block=Asia,geography,0.0
per_capita,M0star,DNK,spatial_block=Asia,geography,0.0
per_capita,M0star,EST,spatial_block=Asia,geography,0.0
per_capita,M0star,FIN,spatial_block=Asia,geography,0.0
per_capita,M0star,FRA,spatial_block=Asia,geography,0.0
per_capita,M0star,DEU,spatial_block=Asia,geography,0.0
per_capita,M0star,GRC,spatial_block=Asia,geography,0.0
per_capita,M0star,HUN,spatial_block=Asia,geography,0.0
per_capita,M0star,ISL,spatial_block=Asia,geography,0.0
per_capita,M0star,IRL,spatial_block=Asia,geography,0.0
per_capita,M0star,ITA,spatial_block=Asia,geography,0.0
per_capita,M0star,LVA,spatial_block=Asia,geography,0.0
per_capita,M0star,LTU,spatial_block=Asia,geography,0.0
per_capita,M0star,MKD,spatial_block=Asia,geography,0.0
per_capita,M0star,MDA,spatial_block=Asia,geography,0.0
per_capita,M0star,MNE,spatial_block=Asia,geography,0.0
per_capita,M0star,NLD,spatial_block=Asia,geography,0.0
per_capita,M0star,NOR,spatial_block=Asia,geography,0.0
per_capita,M0star,POL,spatial_block=Asia,geography,0.0
per_capita,M0star,PRT,spatial_block=Asia,geography,0.0
per_capita,M0star,ROU,spatial_block=Asia,geography,0.0
per_capita,M0star,RUS,spatial_block=Asia,geography,0.0
per_capita,M0star,SRB,spatial_block=Asia,geography,0.0
per_capita,M0star,SVK,spatial_block=Asia,geography,0.0
per_capita,M0star,SVN,spatial_block=Asia,geography,0.0
per_capita,M0star,ESP,spatial_block=Asia,geography,0.0
per_capita,M0star,SWE,spatial_block=Asia,geography,0.0
per_capita,M0star,CHE,spatial_block=Asia,geography,0.0
per_capita,M0star,UKR,spatial_block=Asia,geography,0.0
per_capita,M0star,GBR,spatial_block=Asia,geography,0.0
per_capita,M0star,BHS,spatial_block=Asia,geography,0.0
per_capita,M0star,CAN,spatial_block=Asia,geography,0.0
per_capita,M0star,CRI,spatial_block=Asia,geography,0.0
per_capita,M0star,CUB,spatial_block=Asia,geography,0.0
per_capita,M0star,DOM,spatial_block=Asia,geography,0.0
per_capita,M0star,SLV,spatial_block=Asia,geography,0.0
per_capita,M0star,GTM,spatial_block=Asia,geography,0.0
per_capita,M0star,HTI,spatial_block=Asia,geography,0.0
per_capita,M0star,HND,spatial_block=Asia,geography,0.0
per_capita,M0star,JAM,spatial_block=Asia,geography,0.0
per_capita,M0star,MEX,spatial_block=Asia,geography,0.0
per_capita,M0star,NIC,spatial_block=Asia,geography,0.0
per_capita,M0star,PAN,spatial_block=Asia,geography,0.0
per_capita,M0star,USA,spatial_block=Asia,geography,0.0
per_capita,M0star,AUS,spatial_block=Asia,geography,0.0
per_capita,M0star,NZL,spatial_block=Asia,geography,0.0
per_capita,M0star,PNG,spatial_block=Asia,geography,0.0
per_capita,M0star,ARG,spatial_block=Asia,geography,0.0
per_capita,M0star,BOL,spatial_block=Asia,geography,0.0
per_capita,M0star,BRA,spatial_block=Asia,geography,0.0
per_capita,M0star,CHL,spatial_block=Asia,geography,0.0
per_capita,M0star,COL,spatial_block=Asia,geography,0.0
per_capita,M0star,ECU,spatial_block=Asia,geography,0.0
per_capita,M0star,PRY,spatial_block=Asia,geography,0.0
per_capita,M0star,PER,spatial_block=Asia,geography,0.0
per_capita,M0star,SUR,spatial_block=Asia,geography,0.0
per_capita,M0star,URY,spatial_block=Asia,geography,0.0
per_capita,M0star,VEN,spatial_block=Asia,geography,0.0
per_capita,M0star,DZA,spatial_block=Europe,geography,0.0
per_capita,M0star,AGO,spatial_block=Europe,geography,0.0
per_capita,M0star,BEN,spatial_block=Europe,geography,0.0
per_capita,M0star,BWA,spatial_block=Europe,geography,0.0
per_capita,M0star,BFA,spatial_block=Europe,geography,0.0
per_capita,M0star,BDI,spatial_block=Europe,geography,0.0
per_capita,M0star,CMR,spatial_block=Europe,geography,0.0
per_capita,M0star,CAF,spatial_block=Europe,geography,0.0
per_capita,M0star,TCD,spatial_block=Europe,geography,0.0
per_capita,M0star,COG,spatial_block=Europe,geography,0.0
per_capita,M0star,COD,spatial_block=Europe,geography,0.0
per_capita,M0star,CIV,spatial_block=Europe,geography,0.0
per_capita,M0star,DJI,spatial_block=Europe,geography,0.0
per_capita,M0star,EGY,spatial_block=Europe,geography,0.0
per_capita,M0star,GNQ,spatial_block=Europe,geography,0.0
per_capita,M0star,ERI,spatial_block=Europe,geography,0.0
per_capita,M0star,ETH,spatial_block=Europe,geography,0.0
per_capita,M0star,GAB,spatial_block=Europe,geography,0.0
per_capita,M0star,GHA,spatial_block=Europe,geography,0.0
per_capita,M0star,GIN,spatial_block=Europe,geography,0.0
per_capita,M0star,GNB,spatial_block=Europe,geography,0.0
per_capita,M0star,KEN,spatial_block=Europe,geography,0.0
per_capita,M0star,LSO,spatial_block=Europe,geography,0.0
per_capita,M0star,LBR,spatial_block=Europe,geography,0.0
per_capita,M0star,LBY,spatial_block=Europe,geography,0.0
per_capita,M0star,MDG,spatial_block=Europe,geography,0.0
per_capita,M0star,MWI,spatial_block=Europe,geography,0.0
per_capita,M0star,MLI,spatial_block=Europe,geography,0.0
per_capita,M0star,MRT,spatial_block=Europe,geography,0.0
per_capita,M0star,MAR,spatial_block=Europe,geography,0.0
per_capita,M0star,MOZ,spatial_block=Europe,geography,0.0
per_capita,M0star,NAM,spatial_block=Europe,geography,0.0
per_capita,M0star,NER,spatial_block=Europe,geography,0.0
per_capita,M0star,NGA,spatial_block=Europe,geography,0.0
per_capita,M0star,RWA,spatial_block=Europe,geography,0.0
per_capita,M0star,SEN,spatial_block=Europe,geography,0.0
per_capita,M0star,SLE,spatial_block=Europe,geography,0.0
per_capita,M0star,SOM,spatial_block=Europe,geography,0.0
per_capita,M0star,ZAF,spatial_block=Europe,geography,0.0
per_capita,M0star,SDN,spatial_block=Europe,geography,0.0
per_capita,M0star,SWZ,spatial_block=Europe,geography,0.0
per_capita,M0star,TZA,spatial_block=Europe,geography,0.0
per_capita,M0star,TGO,spatial_block=Europe,geography,0.0
per_capita,M0star,TUN,spatial_block=Europe,geography,0.0
per_capita,M0star,UGA,spatial_block=Europe,geography,0.0
per_capita,M0star,ZMB,spatial_block=Europe,geography,0.0
per_capita,M0star,ZWE,spatial_block=Europe,geography,0.0
per_capita,M0star,AFG,spatial_block=Europe,geography,0.0
per_capita,M0star,ARM,spatial_block=Europe,geography,0.0
per_capita,M0star,AZE,spatial_block=Europe,geography,0.0
per_capita,M0star,BGD,spatial_block=Europe,geography,0.0
per_capita,M0star,MMR,spatial_block=Europe,geography,0.0
per_capita,M0star,KHM,spatial_block=Europe,geography,0.0
per_capita,M0star,CHN,spatial_block=Europe,geography,0.0
per_capita,M0star,GEO,spatial_block=Europe,geography,0.0
per_capita,M0star,IND,spatial_block=Europe,geography,0.0
per_capita,M0star,IDN,spatial_block=Europe,geography,0.0
per_capita,M0star,IRN,spatial_block=Europe,geography,0.0
per_capita,M0star,IRQ,spatial_block=Europe,geography,0.0
per_capita,M0star,ISR,spatial_block=Europe,geography,0.0
per_capita,M0star,JPN,spatial_block=Europe,geography,0.0
per_capita,M0star,JOR,spatial_block=Europe,geography,0.0
per_capita,M0star,KAZ,spatial_block=Europe,geography,0.0
per_capita,M0star,LAO,spatial_block=Europe,geography,0.0
per_capita,M0star,LBN,spatial_block=Europe,geography,0.0
per_capita,M0star,MYS,spatial_block=Europe,geography,0.0
per_capita,M0star,MNG,spatial_block=Europe,geography,0.0
per_capita,M0star,NPL,spatial_block=Europe,geography,0.0
per_capita,M0star,OMN,spatial_block=Europe,geography,0.0
per_capita,M0star,PAK,spatial_block=Europe,geography,0.0
per_capita,M0star,PHL,spatial_block=Europe,geography,0.0
per_capita,M0star,QAT,spatial_block=Europe,geography,0.0
per_capita,M0star,SAU,spatial_block=Europe,geography,0.0
per_capita,M0star,KOR,spatial_block=Europe,geography,0.0
per_capita,M0star,LKA,spatial_block=Europe,geography,0.0
per_capita,M0star,SYR,spatial_block=Europe,geography,0.0
per_capita,M0star,TWN,spatial_block=Europe,geography,0.0
per_capita,M0star,TJK,spatial_block=Europe,geography,0.0
per_capita,M0star,THA,spatial_block=Europe,geography,0.0
per_capita,M0star,TUR,spatial_block=Europe,geography,0.0
per_capita,M0star,TKM,spatial_block=Europe,geography,0.0
per_capita,M0star,ARE,spatial_block=Europe,geography,0.0
per_capita,M0star,UZB,spatial_block=Europe,geography,0.0
per_capita,M0star,VNM,spatial_block=Europe,geography,0.0
per_capita,M0star,YEM,spatial_block=Europe,geography,0.0
per_capita,M0star,ALB,spatial_block=Europe,geography,1.0
per_capita,M0star,AUT,spatial_block=Europe,geography,1.0
per_capita,M0star,BLR,spatial_block=Europe,geography,1.0
per_capita,M0star,BEL,spatial_block=Europe,geography,1.0
per_capita,M0star,BIH,spatial_block=Europe,geography,1.0
per_capita,M0star,BGR,spatial_block=Europe,geography,1.0
per_capita,M0star,HRV,spatial_block=Europe,geography,1.0
per_capita,M0star,CYP,spatial_block=Europe,geography,1.0
per_capita,M0star,CZE,spatial_block=Europe,geography,1.0
per_capita,M0star,DNK,spatial_block=Europe,geography,1.0
per_capita,M0star,EST,spatial_block=Europe,geography,1.0
per_capita,M0star,FIN,spatial_block=Europe,geography,1.0
per_capita,M0star,FRA,spatial_block=Europe,geography,1.0
per_capita,M0star,DEU,spatial_block=Europe,geography,1.0
per_capita,M0star,GRC,spatial_block=Europe,geography,1.0
per_capita,M0star,HUN,spatial_block=Europe,geography,1.0
per_capita,M0star,ISL,spatial_block=Europe,geography,1.0
per_capita,M0star,IRL,spatial_block=Europe,geography,1.0
per_capita,M0star,ITA,spatial_block=Europe,geography,1.0
per_capita,M0star,LVA,spatial_block=Europe,geography,1.0
per_capita,M0star,LTU,spatial_block=Europe,geography,1.0
per_capita,M0star,MKD,spatial_block=Europe,geography,1.0
per_capita,M0star,MDA,spatial_block=Europe,geography,1.0
per_capita,M0star,MNE,spatial_block=Europe,geography,1.0
per_capita,M0star,NLD,spatial_block=Europe,geography,1.0
per_capita,M0star,NOR,spatial_block=Europe,geography,1.0
per_capita,M0star,POL,spatial_block=Europe,geography,1.0
per_capita,M0star,PRT,spatial_block=Europe,geography,1.0
per_capita,M0star,ROU,spatial_block=Europe,geography,1.0
per_capita,M0star,RUS,spatial_block=Europe,geography,1.0
per_capita,M0star,SRB,spatial_block=Europe,geography,1.0
per_capita,M0star,SVK,spatial_block=Europe,geography,1.0
per_capita,M0star,SVN,spatial_block=Europe,geography,1.0
per_capita,M0star,ESP,spatial_block=Europe,geography,1.0
per_capita,M0star,SWE,spatial_block=Europe,geography,1.0
per_capita,M0star,CHE,spatial_block=Europe,geography,1.0
per_capita,M0star,UKR,spatial_block=Europe,geography,1.0
per_capita,M0star,GBR,spatial_block=Europe,geography,1.0
per_capita,M0star,BHS,spatial_block=Europe,geography,0.0
per_capita,M0star,CAN,spatial_block=Europe,geography,0.0
per_capita,M0star,CRI,spatial_block=Europe,geography,0.0
per_capita,M0star,CUB,spatial_block=Europe,geography,0.0
per_capita,M0star,DOM,spatial_block=Europe,geography,0.0
per_capita,M0star,SLV,spatial_block=Europe,geography,0.0
per_capita,M0star,GTM,spatial_block=Europe,geography,0.0
per_capita,M0star,HTI,spatial_block=Europe,geography,0.0
per_capita,M0star,HND,spatial_block=Europe,geography,0.0
per_capita,M0star,JAM,spatial_block=Europe,geography,0.0
per_capita,M0star,MEX,spatial_block=Europe,geography,0.0
per_capita,M0star,NIC,spatial_block=Europe,geography,0.0
per_capita,M0star,PAN,spatial_block=Europe,geography,0.0
per_capita,M0star,USA,spatial_block=Europe,geography,0.0
per_capita,M0star,AUS,spatial_block=Europe,geography,0.0
per_capita,M0star,NZL,spatial_block=Europe,geography,0.0
per_capita,M0star,PNG,spatial_block=Europe,geography,0.0
per_capita,M0star,ARG,spatial_block=Europe,geography,0.0
per_capita,M0star,BOL,spatial_block=Europe,geography,0.0
per_capita,M0star,BRA,spatial_block=Europe,geography,0.0
per_capita,M0star,CHL,spatial_block=Europe,geography,0.0
per_capita,M0star,COL,spatial_block=Europe,geography,0.0
per_capita,M0star,ECU,spatial_block=Europe,geography,0.0
per_capita,M0star,PRY,spatial_block=Europe,geography,0.0
per_capita,M0star,PER,spatial_block=Europe,geography,0.0
per_capita,M0star,SUR,spatial_block=Europe,geography,0.0
per_capita,M0star,URY,spatial_block=Europe,geography,0.0
per_capita,M0star,VEN,spatial_block=Europe,geography,0.0
per_capita,M0star,DZA,spatial_block=North America,geography,0.0
per_capita,M0star,AGO,spatial_block=North America,geography,0.0
per_capita,M0star,BEN,spatial_block=North America,geography,0.0
per_capita,M0star,BWA,spatial_block=North America,geography,0.0
per_capita,M0star,BFA,spatial_block=North America,geography,0.0
per_capita,M0star,BDI,spatial_block=North America,geography,0.0
per_capita,M0star,CMR,spatial_block=North America,geography,0.0
per_capita,M0star,CAF,spatial_block=North America,geography,0.0
per_capita,M0star,TCD,spatial_block=North America,geography,0.0
per_capita,M0star,COG,spatial_block=North America,geography,0.0
per_capita,M0star,COD,spatial_block=North America,geography,0.0
per_capita,M0star,CIV,spatial_block=North America,geography,0.0
per_capita,M0star,DJI,spatial_block=North America,geography,0.0
per_capita,M0star,EGY,spatial_block=North America,geography,0.0
per_capita,M0star,GNQ,spatial_block=North America,geography,0.0
per_capita,M0star,ERI,spatial_block=North America,geography,0.0
per_capita,M0star,ETH,spatial_block=North America,geography,0.0
per_capita,M0star,GAB,spatial_block=North America,geography,0.0
per_capita,M0star,GHA,spatial_block=North America,geography,0.0
per_capita,M0star,GIN,spatial_block=North America,geography,0.0
per_capita,M0star,GNB,spatial_block=North America,geography,0.0
per_capita,M0star,KEN,spatial_block=North America,geography,0.0
per_capita,M0star,LSO,spatial_block=North America,geography,0.0
per_capita,M0star,LBR,spatial_block=North America,geography,0.0
per_capita,M0star,LBY,spatial_block=North America,geography,0.0
per_capita,M0star,MDG,spatial_block=North America,geography,0.0
per_capita,M0star,MWI,spatial_block=North America,geography,0.0
per_capita,M0star,MLI,spatial_block=North America,geography,0.0
per_capita,M0star,MRT,spatial_block=North America,geography,0.0
per_capita,M0star,MAR,spatial_block=North America,geography,0.0
per_capita,M0star,MOZ,spatial_block=North America,geography,0.0
per_capita,M0star,NAM,spatial_block=North America,geography,0.0
per_capita,M0star,NER,spatial_block=North America,geography,0.0
per_capita,M0star,NGA,spatial_block=North America,geography,0.0
per_capita,M0star,RWA,spatial_block=North America,geography,0.0
per_capita,M0star,SEN,spatial_block=North America,geography,0.0
per_capita,M0star,SLE,spatial_block=North America,geography,0.0
per_capita,M0star,SOM,spatial_block=North America,geography,0.0
per_capita,M0star,ZAF,spatial_block=North America,geography,0.0
per_capita,M0star,SDN,spatial_block=North America,geography,0.0
per_capita,M0star,SWZ,spatial_block=North America,geography,0.0
per_capita,M0star,TZA,spatial_block=North America,geography,0.0
per_capita,M0star,TGO,spatial_block=North America,geography,0.0
per_capita,M0star,TUN,spatial_block=North America,geography,0.0
per_capita,M0star,UGA,spatial_block=North America,geography,0.0
per_capita,M0star,ZMB,spatial_block=North America,geography,0.0
per_capita,M0star,ZWE,spatial_block=North America,geography,0.0
per_capita,M0star,AFG,spatial_block=North America,geography,0.0
per_capita,M0star,ARM,spatial_block=North America,geography,0.0
per_capita,M0star,AZE,spatial_block=North America,geography,0.0
per_capita,M0star,BGD,spatial_block=North America,geography,0.0
per_capita,M0star,MMR,spatial_block=North America,geography,0.0
per_capita,M0star,KHM,spatial_block=North America,geography,0.0
per_capita,M0star,CHN,spatial_block=North America,geography,0.0
per_capita,M0star,GEO,spatial_block=North America,geography,0.0
per_capita,M0star,IND,spatial_block=North America,geography,0.0
per_capita,M0star,IDN,spatial_block=North America,geography,0.0
per_capita,M0star,IRN,spatial_block=North America,geography,0.0
per_capita,M0star,IRQ,spatial_block=North America,geography,0.0
per_capita,M0star,ISR,spatial_block=North America,geography,0.0
per_capita,M0star,JPN,spatial_block=North America,geography,0.0
per_capita,M0star,JOR,spatial_block=North America,geography,0.0
per_capita,M0star,KAZ,spatial_block=North America,geography,0.0
per_capita,M0star,LAO,spatial_block=North America,geography,0.0
per_capita,M0star,LBN,spatial_block=North America,geography,0.0
per_capita,M0star,MYS,spatial_block=North America,geography,0.0
per_capita,M0star,MNG,spatial_block=North America,geography,0.0
per_capita,M0star,NPL,spatial_block=North America,geography,0.0
per_capita,M0star,OMN,spatial_block=North America,geography,0.0
per_capita,M0star,PAK,spatial_block=North America,geography,0.0
per_capita,M0star,PHL,spatial_block=North America,geography,0.0
per_capita,M0star,QAT,spatial_block=North America,geography,0.0
per_capita,M0star,SAU,spatial_block=North America,geography,0.0
per_capita,M0star,KOR,spatial_block=North America,geography,0.0
per_capita,M0star,LKA,spatial_block=North America,geography,0.0
per_capita,M0star,SYR,spatial_block=North America,geography,0.0
per_capita,M0star,TWN,spatial_block=North America,geography,0.0
per_capita,M0star,TJK,spatial_block=North America,geography,0.0
per_capita,M0star,THA,spatial_block=North America,geography,0.0
per_capita,M0star,TUR,spatial_block=North America,geography,0.0
per_capita,M0star,TKM,spatial_block=North America,geography,0.0
per_capita,M0star,ARE,spatial_block=North America,geography,0.0
per_capita,M0star,UZB,spatial_block=North America,geography,0.0
per_capita,M0star,VNM,spatial_block=North America,geography,0.0
per_capita,M0star,YEM,spatial_block=North America,geography,0.0
per_capita,M0star,ALB,spatial_block=North America,geography,0.0
per_capita,M0star,AUT,spatial_block=North America,geography,0.0
per_capita,M0star,BLR,spatial_block=North America,geography,0.0
per_capita,M0star,BEL,spatial_block=North America,geography,0.0
per_capita,M0star,BIH,spatial_block=North America,geography,0.0
per_capita,M0star,BGR,spatial_block=North America,geography,0.0
per_capita,M0star,HRV,spatial_block=North America,geography,0.0
per_capita,M0star,CYP,spatial_block=North America,geography,0.0
per_capita,M0star,CZE,spatial_block=North America,geography,0.0
per_capita,M0star,DNK,spatial_block=North America,geography,0.0
per_capita,M0star,EST,spatial_block=North America,geography,0.0
per_capita,M0star,FIN,spatial_block=North America,geography,0.0
per_capita,M0star,FRA,spatial_block=North America,geography,0.0
per_capita,M0star,DEU,spatial_block=North America,geography,0.0
per_capita,M0star,GRC,spatial_block=North America,geography,0.0
per_capita,M0star,HUN,spatial_block=North America,geography,0.0
per_capita,M0star,ISL,spatial_block=North America,geography,0.0
per_capita,M0star,IRL,spatial_block=North America,geography,0.0
per_capita,M0star,ITA,spatial_block=North America,geography,0.0
per_capita,M0star,LVA,spatial_block=North America,geography,0.0
per_capita,M0star,LTU,spatial_block=North America,geography,0.0
per_capita,M0star,MKD,spatial_block=North America,geography,0.0
per_capita,M0star,MDA,spatial_block=North America,geography,0.0
per_capita,M0star,MNE,spatial_block=North America,geography,0.0
per_capita,M0star,NLD,spatial_block=North America,geography,0.0
per_capita,M0star,NOR,spatial_block=North America,geography,0.0
per_capita,M0star,POL,spatial_block=North America,geography,0.0
per_capita,M0star,PRT,spatial_block=North America,geography,0.0
per_capita,M0star,ROU,spatial_block=North America,geography,0.0
per_capita,M0star,RUS,spatial_block=North America,geography,0.0
per_capita,M0star,SRB,spatial_block=North America,geography,0.0
per_capita,M0star,SVK,spatial_block=North America,geography,0.0
per_capita,M0star,SVN,spatial_block=North America,geography,0.0
per_capita,M0star,ESP,spatial_block=North America,geography,0.0
per_capita,M0star,SWE,spatial_block=North America,geography,0.0
per_capita,M0star,CHE,spatial_block=North America,geography,0.0
per_capita,M0star,UKR,spatial_block=North America,geography,0.0
per_capita,M0star,GBR,spatial_block=North America,geography,0.0
per_capita,M0star,BHS,spatial_block=North America,geography,1.0
per_capita,M0star,CAN,spatial_block=North America,geography,1.0
per_capita,M0star,CRI,spatial_block=North America,geography,1.0
per_capita,M0star,CUB,spatial_block=North America,geography,1.0
per_capita,M0star,DOM,spatial_block=North America,geography,1.0
per_capita,M0star,SLV,spatial_block=North America,geography,1.0
per_capita,M0star,GTM,spatial_block=North America,geography,1.0
per_capita,M0star,HTI,spatial_block=North America,geography,1.0
per_capita,M0star,HND,spatial_block=North America,geography,1.0
per_capita,M0star,JAM,spatial_block=North America,geography,1.0
per_capita,M0star,MEX,spatial_block=North America,geography,1.0
per_capita,M0star,NIC,spatial_block=North America,geography,1.0
per_capita,M0star,PAN,spatial_block=North America,geography,1.0
per_capita,M0star,USA,spatial_block=North America,geography,1.0
per_capita,M0star,AUS,spatial_block=North America,geography,0.0
per_capita,M0star,NZL,spatial_block=North America,geography,0.0
per_capita,M0star,PNG,spatial_block=North America,geography,0.0
per_capita,M0star,ARG,spatial_block=North America,geography,0.0
per_capita,M0star,BOL,spatial_block=North America,geography,0.0
per_capita,M0star,BRA,spatial_block=North America,geography,0.0
per_capita,M0star,CHL,spatial_block=North America,geography,0.0
per_capita,M0star,COL,spatial_block=North America,geography,0.0
per_capita,M0star,ECU,spatial_block=North America,geography,0.0
per_capita,M0star,PRY,spatial_block=North America,geography,0.0
per_capita,M0star,PER,spatial_block=North America,geography,0.0
per_capita,M0star,SUR,spatial_block=North America,geography,0.0
per_capita,M0star,URY,spatial_block=North America,geography,0.0
per_capita,M0star,VEN,spatial_block=North America,geography,0.0
per_capita,M0star,DZA,spatial_block=Oceania,geography,0.0
per_capita,M0star,AGO,spatial_block=Oceania,geography,0.0
per_capita,M0star,BEN,spatial_block=Oceania,geography,0.0
per_capita,M0star,BWA,spatial_block=Oceania,geography,0.0
per_capita,M0star,BFA,spatial_block=Oceania,geography,0.0
per_capita,M0star,BDI,spatial_block=Oceania,geography,0.0
per_capita,M0star,CMR,spatial_block=Oceania,geography,0.0
per_capita,M0star,CAF,spatial_block=Oceania,geography,0.0
per_capita,M0star,TCD,spatial_block=Oceania,geography,0.0
per_capita,M0star,COG,spatial_block=Oceania,geography,0.0
per_capita,M0star,COD,spatial_block=Oceania,geography,0.0
per_capita,M0star,CIV,spatial_block=Oceania,geography,0.0
per_capita,M0star,DJI,spatial_block=Oceania,geography,0.0
per_capita,M0star,EGY,spatial_block=Oceania,geography,0.0
per_capita,M0star,GNQ,spatial_block=Oceania,geography,0.0
per_capita,M0star,ERI,spatial_block=Oceania,geography,0.0
per_capita,M0star,ETH,spatial_block=Oceania,geography,0.0
per_capita,M0star,GAB,spatial_block=Oceania,geography,0.0
per_capita,M0star,GHA,spatial_block=Oceania,geography,0.0
per_capita,M0star,GIN,spatial_block=Oceania,geography,0.0
per_capita,M0star,GNB,spatial_block=Oceania,geography,0.0
per_capita,M0star,KEN,spatial_block=Oceania,geography,0.0
per_capita,M0star,LSO,spatial_block=Oceania,geography,0.0
per_capita,M0star,LBR,spatial_block=Oceania,geography,0.0
per_capita,M0star,LBY,spatial_block=Oceania,geography,0.0
per_capita,M0star,MDG,spatial_block=Oceania,geography,0.0
per_capita,M0star,MWI,spatial_block=Oceania,geography,0.0
per_capita,M0star,MLI,spatial_block=Oceania,geography,0.0
per_capita,M0star,MRT,spatial_block=Oceania,geography,0.0
per_capita,M0star,MAR,spatial_block=Oceania,geography,0.0
per_capita,M0star,MOZ,spatial_block=Oceania,geography,0.0
per_capita,M0star,NAM,spatial_block=Oceania,geography,0.0
per_capita,M0star,NER,spatial_block=Oceania,geography,0.0
per_capita,M0star,NGA,spatial_block=Oceania,geography,0.0
per_capita,M0star,RWA,spatial_block=Oceania,geography,0.0
per_capita,M0star,SEN,spatial_block=Oceania,geography,0.0
per_capita,M0star,SLE,spatial_block=Oceania,geography,0.0
per_capita,M0star,SOM,spatial_block=Oceania,geography,0.0
per_capita,M0star,ZAF,spatial_block=Oceania,geography,0.0
per_capita,M0star,SDN,spatial_block=Oceania,geography,0.0
per_capita,M0star,SWZ,spatial_block=Oceania,geography,0.0
per_capita,M0star,TZA,spatial_block=Oceania,geography,0.0
per_capita,M0star,TGO,spatial_block=Oceania,geography,0.0
per_capita,M0star,TUN,spatial_block=Oceania,geography,0.0
per_capita,M0star,UGA,spatial_block=Oceania,geography,0.0
per_capita,M0star,ZMB,spatial_block=Oceania,geography,0.0
per_capita,M0star,ZWE,spatial_block=Oceania,geography,0.0
per_capita,M0star,AFG,spatial_block=Oceania,geography,0.0
per_capita,M0star,ARM,spatial_block=Oceania,geography,0.0
per_capita,M0star,AZE,spatial_block=Oceania,geography,0.0
per_capita,M0star,BGD,spatial_block=Oceania,geography,0.0
per_capita,M0star,MMR,spatial_block=Oceania,geography,0.0
per_capita,M0star,KHM,spatial_block=Oceania,geography,0.0
per_capita,M0star,CHN,spatial_block=Oceania,geography,0.0
per_capita,M0star,GEO,spatial_block=Oceania,geography,0.0
per_capita,M0star,IND,spatial_block=Oceania,geography,0.0
per_capita,M0star,IDN,spatial_block=Oceania,geography,0.0
per_capita,M0star,IRN,spatial_block=Oceania,geography,0.0
per_capita,M0star,IRQ,spatial_block=Oceania,geography,0.0
per_capita,M0star,ISR,spatial_block=Oceania,geography,0.0
per_capita,M0star,JPN,spatial_block=Oceania,geography,0.0
per_capita,M0star,JOR,spatial_block=Oceania,geography,0.0
per_capita,M0star,KAZ,spatial_block=Oceania,geography,0.0
per_capita,M0star,LAO,spatial_block=Oceania,geography,0.0
per_capita,M0star,LBN,spatial_block=Oceania,geography,0.0
per_capita,M0star,MYS,spatial_block=Oceania,geography,0.0
per_capita,M0star,MNG,spatial_block=Oceania,geography,0.0
per_capita,M0star,NPL,spatial_block=Oceania,geography,0.0
per_capita,M0star,OMN,spatial_block=Oceania,geography,0.0
per_capita,M0star,PAK,spatial_block=Oceania,geography,0.0
per_capita,M0star,PHL,spatial_block=Oceania,geography,0.0
per_capita,M0star,QAT,spatial_block=Oceania,geography,0.0
per_capita,M0star,SAU,spatial_block=Oceania,geography,0.0
per_capita,M0star,KOR,spatial_block=Oceania,geography,0.0
per_capita,M0star,LKA,spatial_block=Oceania,geography,0.0
per_capita,M0star,SYR,spatial_block=Oceania,geography,0.0
per_capita,M0star,TWN,spatial_block=Oceania,geography,0.0
per_capita,M0star,TJK,spatial_block=Oceania,geography,0.0
per_capita,M0star,THA,spatial_block=Oceania,geography,0.0
per_capita,M0star,TUR,spatial_block=Oceania,geography,0.0
per_capita,M0star,TKM,spatial_block=Oceania,geography,0.0
per_capita,M0star,ARE,spatial_block=Oceania,geography,0.0
per_capita,M0star,UZB,spatial_block=Oceania,geography,0.0
per_capita,M0star,VNM,spatial_block=Oceania,geography,0.0
per_capita,M0star,YEM,spatial_block=Oceania,geography,0.0
per_capita,M0star,ALB,spatial_block=Oceania,geography,0.0
per_capita,M0star,AUT,spatial_block=Oceania,geography,0.0
per_capita,M0star,BLR,spatial_block=Oceania,geography,0.0
per_capita,M0star,BEL,spatial_block=Oceania,geography,0.0
per_capita,M0star,BIH,spatial_block=Oceania,geography,0.0
per_capita,M0star,BGR,spatial_block=Oceania,geography,0.0
per_capita,M0star,HRV,spatial_block=Oceania,geography,0.0
per_capita,M0star,CYP,spatial_block=Oceania,geography,0.0
per_capita,M0star,CZE,spatial_block=Oceania,geography,0.0
per_capita,M0star,DNK,spatial_block=Oceania,geography,0.0
per_capita,M0star,EST,spatial_block=Oceania,geography,0.0
per_capita,M0star,FIN,spatial_block=Oceania,geography,0.0
per_capita,M0star,FRA,spatial_block=Oceania,geography,0.0
per_capita,M0star,DEU,spatial_block=Oceania,geography,0.0
per_capita,M0star,GRC,spatial_block=Oceania,geography,0.0
per_capita,M0star,HUN,spatial_block=Oceania,geography,0.0
per_capita,M0star,ISL,spatial_block=Oceania,geography,0.0
per_capita,M0star,IRL,spatial_block=Oceania,geography,0.0
per_capita,M0star,ITA,spatial_block=Oceania,geography,0.0
per_capita,M0star,LVA,spatial_block=Oceania,geography,0.0
per_capita,M0star,LTU,spatial_block=Oceania,geography,0.0
per_capita,M0star,MKD,spatial_block=Oceania,geography,0.0
per_capita,M0star,MDA,spatial_block=Oceania,geography,0.0
per_capita,M0star,MNE,spatial_block=Oceania,geography,0.0
per_capita,M0star,NLD,spatial_block=Oceania,geography,0.0
per_capita,M0star,NOR,spatial_block=Oceania,geography,0.0
per_capita,M0star,POL,spatial_block=Oceania,geography,0.0
per_capita,M0star,PRT,spatial_block=Oceania,geography,0.0
per_capita,M0star,ROU,spatial_block=Oceania,geography,0.0
per_capita,M0star,RUS,spatial_block=Oceania,geography,0.0
per_capita,M0star,SRB,spatial_block=Oceania,geography,0.0
per_capita,M0star,SVK,spatial_block=Oceania,geography,0.0
per_capita,M0star,SVN,spatial_block=Oceania,geography,0.0
per_capita,M0star,ESP,spatial_block=Oceania,geography,0.0
per_capita,M0star,SWE,spatial_block=Oceania,geography,0.0
per_capita,M0star,CHE,spatial_block=Oceania,geography,0.0
per_capita,M0star,UKR,spatial_block=Oceania,geography,0.0
per_capita,M0star,GBR,spatial_block=Oceania,geography,0.0
per_capita,M0star,BHS,spatial_block=Oceania,geography,0.0
per_capita,M0star,CAN,spatial_block=Oceania,geography,0.0
per_capita,M0star,CRI,spatial_block=Oceania,geography,0.0
per_capita,M0star,CUB,spatial_block=Oceania,geography,0.0
per_capita,M0star,DOM,spatial_block=Oceania,geography,0.0
per_capita,M0star,SLV,spatial_block=Oceania,geography,0.0
per_capita,M0star,GTM,spatial_block=Oceania,geography,0.0
per_capita,M0star,HTI,spatial_block=Oceania,geography,0.0
per_capita,M0star,HND,spatial_block=Oceania,geography,0.0
per_capita,M0star,JAM,spatial_block=Oceania,geography,0.0
per_capita,M0star,MEX,spatial_block=Oceania,geography,0.0
per_capita,M0star,NIC,spatial_block=Oceania,geography,0.0
per_capita,M0star,PAN,spatial_block=Oceania,geography,0.0
per_capita,M0star,USA,spatial_block=Oceania,geography,0.0
per_capita,M0star,AUS,spatial_block=Oceania,geography,1.0
per_capita,M0star,NZL,spatial_block=Oceania,geography,1.0
per_capita,M0star,PNG,spatial_block=Oceania,geography,1.0
per_capita,M0star,ARG,spatial_block=Oceania,geography,0.0
per_capita,M0star,BOL,spatial_block=Oceania,geography,0.0
per_capita,M0star,BRA,spatial_block=Oceania,geography,0.0
per_capita,M0star,CHL,spatial_block=Oceania,geography,0.0
per_capita,M0star,COL,spatial_block=Oceania,geography,0.0
per_capita,M0star,ECU,spatial_block=Oceania,geography,0.0
per_capita,M0star,PRY,spatial_block=Oceania,geography,0.0
per_capita,M0star,PER,spatial_block=Oceania,geography,0.0
per_capita,M0star,SUR,spatial_block=Oceania,geography,0.0
per_capita,M0star,URY,spatial_block=Oceania,geography,0.0
per_capita,M0star,VEN,spatial_block=Oceania,geography,0.0
per_capita,M0star,DZA,spatial_block=South America,geography,0.0
per_capita,M0star,AGO,spatial_block=South America,geography,0.0
per_capita,M0star,BEN,spatial_block=South America,geography,0.0
per_capita,M0star,BWA,spatial_block=South America,geography,0.0
per_capita,M0star,BFA,spatial_block=South America,geography,0.0
per_capita,M0star,BDI,spatial_block=South America,geography,0.0
per_capita,M0star,CMR,spatial_block=South America,geography,0.0
per_capita,M0star,CAF,spatial_block=South America,geography,0.0
per_capita,M0star,TCD,spatial_block=South America,geography,0.0
per_capita,M0star,COG,spatial_block=South America,geography,0.0
per_capita,M0star,COD,spatial_block=South America,geography,0.0
per_capita,M0star,CIV,spatial_block=South America,geography,0.0
per_capita,M0star,DJI,spatial_block=South America,geography,0.0
per_capita,M0star,EGY,spatial_block=South America,geography,0.0
per_capita,M0star,GNQ,spatial_block=South America,geography,0.0
per_capita,M0star,ERI,spatial_block=South America,geography,0.0
per_capita,M0star,ETH,spatial_block=South America,geography,0.0
per_capita,M0star,GAB,spatial_block=South America,geography,0.0
per_capita,M0star,GHA,spatial_block=South America,geography,0.0
per_capita,M0star,GIN,spatial_block=South America,geography,0.0
per_capita,M0star,GNB,spatial_block=South America,geography,0.0
per_capita,M0star,KEN,spatial_block=South America,geography,0.0
per_capita,M0star,LSO,spatial_block=South America,geography,0.0
per_capita,M0star,LBR,spatial_block=South America,geography,0.0
per_capita,M0star,LBY,spatial_block=South America,geography,0.0
per_capita,M0star,MDG,spatial_block=South America,geography,0.0
per_capita,M0star,MWI,spatial_block=South America,geography,0.0
per_capita,M0star,MLI,spatial_block=South America,geography,0.0
per_capita,M0star,MRT,spatial_block=South America,geography,0.0
per_capita,M0star,MAR,spatial_block=South America,geography,0.0
per_capita,M0star,MOZ,spatial_block=South America,geography,0.0
per_capita,M0star,NAM,spatial_block=South America,geography,0.0
per_capita,M0star,NER,spatial_block=South America,geography,0.0
per_capita,M0star,NGA,spatial_block=South America,geography,0.0
per_capita,M0star,RWA,spatial_block=South America,geography,0.0
per_capita,M0star,SEN,spatial_block=South America,geography,0.0
per_capita,M0star,SLE,spatial_block=South America,geography,0.0
per_capita,M0star,SOM,spatial_block=South America,geography,0.0
per_capita,M0star,ZAF,spatial_block=South America,geography,0.0
per_capita,M0star,SDN,spatial_block=South America,geography,0.0
per_capita,M0star,SWZ,spatial_block=South America,geography,0.0
per_capita,M0star,TZA,spatial_block=South America,geography,0.0
per_capita,M0star,TGO,spatial_block=South America,geography,0.0
per_capita,M0star,TUN,spatial_block=South America,geography,0.0
per_capita,M0star,UGA,spatial_block=South America,geography,0.0
per_capita,M0star,ZMB,spatial_block=South America,geography,0.0
per_capita,M0star,ZWE,spatial_block=South America,geography,0.0
per_capita,M0star,AFG,spatial_block=South America,geography,0.0
per_capita,M0star,ARM,spatial_block=South America,geography,0.0
per_capita,M0star,AZE,spatial_block=South America,geography,0.0
per_capita,M0star,BGD,spatial_block=South America,geography,0.0
per_capita,M0star,MMR,spatial_block=South America,geography,0.0
per_capita,M0star,KHM,spatial_block=South America,geography,0.0
per_capita,M0star,CHN,spatial_block=South America,geography,0.0
per_capita,M0star,GEO,spatial_block=South America,geography,0.0
per_capita,M0star,IND,spatial_block=South America,geography,0.0
per_capita,M0star,IDN,spatial_block=South America,geography,0.0
per_capita,M0star,IRN,spatial_block=South America,geography,0.0
per_capita,M0star,IRQ,spatial_block=South America,geography,0.0
per_capita,M0star,ISR,spatial_block=South America,geography,0.0
per_capita,M0star,JPN,spatial_block=South America,geography,0.0
per_capita,M0star,JOR,spatial_block=South America,geography,0.0
per_capita,M0star,KAZ,spatial_block=South America,geography,0.0
per_capita,M0star,LAO,spatial_block=South America,geography,0.0
per_capita,M0star,LBN,spatial_block=South America,geography,0.0
per_capita,M0star,MYS,spatial_block=South America,geography,0.0
per_capita,M0star,MNG,spatial_block=South America,geography,0.0
per_capita,M0star,NPL,spatial_block=South America,geography,0.0
per_capita,M0star,OMN,spatial_block=South America,geography,0.0
per_capita,M0star,PAK,spatial_block=South America,geography,0.0
per_capita,M0star,PHL,spatial_block=South America,geography,0.0
per_capita,M0star,QAT,spatial_block=South America,geography,0.0
per_capita,M0star,SAU,spatial_block=South America,geography,0.0
per_capita,M0star,KOR,spatial_block=South America,geography,0.0
per_capita,M0star,LKA,spatial_block=South America,geography,0.0
per_capita,M0star,SYR,spatial_block=South America,geography,0.0
per_capita,M0star,TWN,spatial_block=South America,geography,0.0
per_capita,M0star,TJK,spatial_block=South America,geography,0.0
per_capita,M0star,THA,spatial_block=South America,geography,0.0
per_capita,M0star,TUR,spatial_block=South America,geography,0.0
per_capita,M0star,TKM,spatial_block=South America,geography,0.0
per_capita,M0star,ARE,spatial_block=South America,geography,0.0
per_capita,M0star,UZB,spatial_block=South America,geography,0.0
per_capita,M0star,VNM,spatial_block=South America,geography,0.0
per_capita,M0star,YEM,spatial_block=South America,geography,0.0
per_capita,M0star,ALB,spatial_block=South America,geography,0.0
per_capita,M0star,AUT,spatial_block=South America,geography,0.0
per_capita,M0star,BLR,spatial_block=South America,geography,0.0
per_capita,M0star,BEL,spatial_block=South America,geography,0.0
per_capita,M0star,BIH,spatial_block=South America,geography,0.0
per_capita,M0star,BGR,spatial_block=South America,geography,0.0
per_capita,M0star,HRV,spatial_block=South America,geography,0.0
per_capita,M0star,CYP,spatial_block=South America,geography,0.0
per_capita,M0star,CZE,spatial_block=South America,geography,0.0
per_capita,M0star,DNK,spatial_block=South America,geography,0.0
per_capita,M0star,EST,spatial_block=South America,geography,0.0
per_capita,M0star,FIN,spatial_block=South America,geography,0.0
per_capita,M0star,FRA,spatial_block=South America,geography,0.0
per_capita,M0star,DEU,spatial_block=South America,geography,0.0
per_capita,M0star,GRC,spatial_block=South America,geography,0.0
per_capita,M0star,HUN,spatial_block=South America,geography,0.0
per_capita,M0star,ISL,spatial_block=South America,geography,0.0
per_capita,M0star,IRL,spatial_block=South America,geography,0.0
per_capita,M0star,ITA,spatial_block=South America,geography,0.0
per_capita,M0star,LVA,spatial_block=South America,geography,0.0
per_capita,M0star,LTU,spatial_block=South America,geography,0.0
per_capita,M0star,MKD,spatial_block=South America,geography,0.0
per_capita,M0star,MDA,spatial_block=South America,geography,0.0
per_capita,M0star,MNE,spatial_block=South America,geography,0.0
per_capita,M0star,NLD,spatial_block=South America,geography,0.0
per_capita,M0star,NOR,spatial_block=South America,geography,0.0
per_capita,M0star,POL,spatial_block=South America,geography,0.0
per_capita,M0star,PRT,spatial_block=South America,geography,0.0
per_capita,M0star,ROU,spatial_block=South America,geography,0.0
per_capita,M0star,RUS,spatial_block=South America,geography,0.0
per_capita,M0star,SRB,spatial_block=South America,geography,0.0
per_capita,M0star,SVK,spatial_block=South America,geography,0.0
per_capita,M0star,SVN,spatial_block=South America,geography,0.0
per_capita,M0star,ESP,spatial_block=South America,geography,0.0
per_capita,M0star,SWE,spatial_block=South America,geography,0.0
per_capita,M0star,CHE,spatial_block=South America,geography,0.0
per_capita,M0star,UKR,spatial_block=South America,geography,0.0
per_capita,M0star,GBR,spatial_block=South America,geography,0.0
per_capita,M0star,BHS,spatial_block=South America,geography,0.0
per_capita,M0star,CAN,spatial_block=South America,geography,0.0
per_capita,M0star,CRI,spatial_block=South America,geography,0.0
per_capita,M0star,CUB,spatial_block=South America,geography,0.0
per_capita,M0star,DOM,spatial_block=South America,geography,0.0
per_capita,M0star,SLV,spatial_block=South America,geography,0.0
per_capita,M0star,GTM,spatial_block=South America,geography,0.0
per_capita,M0star,HTI,spatial_block=South America,geography,0.0
per_capita,M0star,HND,spatial_block=South America,geography,0.0
per_capita,M0star,JAM,spatial_block=South America,geography,0.0
per_capita,M0star,MEX,spatial_block=South America,geography,0.0
per_capita,M0star,NIC,spatial_block=South America,geography,0.0
per_capita,M0star,PAN,spatial_block=South America,geography,0.0
per_capita,M0star,USA,spatial_block=South America,geography,0.0
per_capita,M0star,AUS,spatial_block=South America,geography,0.0
per_capita,M0star,NZL,spatial_block=South America,geography,0.0
per_capita,M0star,PNG,spatial_block=South America,geography,0.0
per_capita,M0star,ARG,spatial_block=South America,geography,1.0
per_capita,M0star,BOL,spatial_block=South America,geography,1.0
per_capita,M0star,BRA,spatial_block=South America,geography,1.0
per_capita,M0star,CHL,spatial_block=South America,geography,1.0
per_capita,M0star,COL,spatial_block=South America,geography,1.0
per_capita,M0star,ECU,spatial_block=South America,geography,1.0
per_capita,M0star,PRY,spatial_block=South America,geography,1.0
per_capita,M0star,PER,spatial_block=South America,geography,1.0
per_capita,M0star,SUR,spatial_block=South America,geography,1.0
per_capita,M0star,URY,spatial_block=South America,geography,1.0
per_capita,M0star,VEN,spatial_block=South America,geography,1.0
per_capita,M0star,DZA,income_group=Low-income countries,socioeconomic,0.0
per_capita,M0star,AGO,income_group=Low-income countries,socioeconomic,0.0
per_capita,M0star,BEN,income_group=Low-income countries,socioeconomic,0.0
per_capita,M0star,BWA,income_group=Low-income countries,socioeconomic,0.0
per_capita,M0star,BFA,income_group=Low-income countries,socioeconomic,1.0
per_capita,M0star,BDI,income_group=Low-income countries,socioeconomic,1.0
per_capita,M0star,CMR,income_group=Low-income countries,socioeconomic,0.0
per_capita,M0star,CAF,income_group=Low-income countries,socioeconomic,1.0
per_capita,M0star,TCD,income_group=Low-income countries,socioeconomic,1.0
per_capita,M0star,COG,income_group=Low-income countries,socioeconomic,0.0
per_capita,M0star,COD,income_group=Low-income countries,socioeconomic,1.0
per_capita,M0star,CIV,income_group=Low-income countries,socioeconomic,0.0
per_capita,M0star,DJI,income_group=Low-income countries,socioeconomic,0.0
per_capita,M0star,EGY,income_group=Low-income countries,socioeconomic,0.0
per_capita,M0star,GNQ,income_group=Low-income countries,socioeconomic,0.0
per_capita,M0star,ERI,income_group=Low-income countries,socioeconomic,1.0
per_capita,M0star,ETH,income_group=Low-income countries,socioeconomic,1.0
per_capita,M0star,GAB,income_group=Low-income countries,socioeconomic,0.0
per_capita,M0star,GHA,income_group=Low-income countries,socioeconomic,0.0
per_capita,M0star,GIN,income_group=Low-income countries,socioeconomic,0.0
per_capita,M0star,GNB,income_group=Low-income countries,socioeconomic,1.0
per_capita,M0star,KEN,income_group=Low-income countries,socioeconomic,0.0
per_capita,M0star,LSO,income_group=Low-income countries,socioeconomic,0.0
per_capita,M0star,LBR,income_group=Low-income countries,socioeconomic,1.0
per_capita,M0star,LBY,income_group=Low-income countries,socioeconomic,0.0
per_capita,M0star,MDG,income_group=Low-income countries,socioeconomic,1.0
per_capita,M0star,MWI,income_group=Low-income countries,socioeconomic,1.0
per_capita,M0star,MLI,income_group=Low-income countries,socioeconomic,1.0
per_capita,M0star,MRT,income_group=Low-income countries,socioeconomic,0.0
per_capita,M0star,MAR,income_group=Low-income countries,socioeconomic,0.0
per_capita,M0star,MOZ,income_group=Low-income countries,socioeconomic,1.0
per_capita,M0star,NAM,income_group=Low-income countries,socioeconomic,0.0
per_capita,M0star,NER,income_group=Low-income countries,socioeconomic,1.0
per_capita,M0star,NGA,income_group=Low-income countries,socioeconomic,0.0
per_capita,M0star,RWA,income_group=Low-income countries,socioeconomic,1.0
per_capita,M0star,SEN,income_group=Low-income countries,socioeconomic,0.0
per_capita,M0star,SLE,income_group=Low-income countries,socioeconomic,1.0
per_capita,M0star,SOM,income_group=Low-income countries,socioeconomic,1.0
per_capita,M0star,ZAF,income_group=Low-income countries,socioeconomic,0.0
per_capita,M0star,SDN,income_group=Low-income countries,socioeconomic,1.0
per_capita,M0star,SWZ,income_group=Low-income countries,socioeconomic,0.0
per_capita,M0star,TZA,income_group=Low-income countries,socioeconomic,0.0
per_capita,M0star,TGO,income_group=Low-income countries,socioeconomic,1.0
per_capita,M0star,TUN,income_group=Low-income countries,socioeconomic,0.0
per_capita,M0star,UGA,income_group=Low-income countries,socioeconomic,1.0
per_capita,M0star,ZMB,income_group=Low-income countries,socioeconomic,0.0
per_capita,M0star,ZWE,income_group=Low-income countries,socioeconomic,0.0
per_capita,M0star,AFG,income_group=Low-income countries,socioeconomic,1.0
per_capita,M0star,ARM,income_group=Low-income countries,socioeconomic,0.0
per_capita,M0star,AZE,income_group=Low-income countries,socioeconomic,0.0
per_capita,M0star,BGD,income_group=Low-income countries,socioeconomic,0.0
per_capita,M0star,MMR,income_group=Low-income countries,socioeconomic,0.0
per_capita,M0star,KHM,income_group=Low-income countries,socioeconomic,0.0
per_capita,M0star,CHN,income_group=Low-income countries,socioeconomic,0.0
per_capita,M0star,GEO,income_group=Low-income countries,socioeconomic,0.0
per_capita,M0star,IND,income_group=Low-income countries,socioeconomic,0.0
per_capita,M0star,IDN,income_group=Low-income countries,socioeconomic,0.0
per_capita,M0star,IRN,income_group=Low-income countries,socioeconomic,0.0
per_capita,M0star,IRQ,income_group=Low-income countries,socioeconomic,0.0
per_capita,M0star,ISR,income_group=Low-income countries,socioeconomic,0.0
per_capita,M0star,JPN,income_group=Low-income countries,socioeconomic,0.0
per_capita,M0star,JOR,income_group=Low-income countries,socioeconomic,0.0
per_capita,M0star,KAZ,income_group=Low-income countries,socioeconomic,0.0
per_capita,M0star,LAO,income_group=Low-income countries,socioeconomic,0.0
per_capita,M0star,LBN,income_group=Low-income countries,socioeconomic,0.0
per_capita,M0star,MYS,income_group=Low-income countries,socioeconomic,0.0
per_capita,M0star,MNG,income_group=Low-income countries,socioeconomic,0.0
per_capita,M0star,NPL,income_group=Low-income countries,socioeconomic,0.0
per_capita,M0star,OMN,income_group=Low-income countries,socioeconomic,0.0
per_capita,M0star,PAK,income_group=Low-income countries,socioeconomic,0.0
per_capita,M0star,PHL,income_group=Low-income countries,socioeconomic,0.0
per_capita,M0star,QAT,income_group=Low-income countries,socioeconomic,0.0
per_capita,M0star,SAU,income_group=Low-income countries,socioeconomic,0.0
per_capita,M0star,KOR,income_group=Low-income countries,socioeconomic,0.0
per_capita,M0star,LKA,income_group=Low-income countries,socioeconomic,0.0
per_capita,M0star,SYR,income_group=Low-income countries,socioeconomic,1.0
per_capita,M0star,TWN,income_group=Low-income countries,socioeconomic,0.0
per_capita,M0star,TJK,income_group=Low-income countries,socioeconomic,0.0
per_capita,M0star,THA,income_group=Low-income countries,socioeconomic,0.0
per_capita,M0star,TUR,income_group=Low-income countries,socioeconomic,0.0
per_capita,M0star,TKM,income_group=Low-income countries,socioeconomic,0.0
per_capita,M0star,ARE,income_group=Low-income countries,socioeconomic,0.0
per_capita,M0star,UZB,income_group=Low-income countries,socioeconomic,0.0
per_capita,M0star,VNM,income_group=Low-income countries,socioeconomic,0.0
per_capita,M0star,YEM,income_group=Low-income countries,socioeconomic,1.0
per_capita,M0star,ALB,income_group=Low-income countries,socioeconomic,0.0
per_capita,M0star,AUT,income_group=Low-income countries,socioeconomic,0.0
per_capita,M0star,BLR,income_group=Low-income countries,socioeconomic,0.0
per_capita,M0star,BEL,income_group=Low-income countries,socioeconomic,0.0
per_capita,M0star,BIH,income_group=Low-income countries,socioeconomic,0.0
per_capita,M0star,BGR,income_group=Low-income countries,socioeconomic,0.0
per_capita,M0star,HRV,income_group=Low-income countries,socioeconomic,0.0
per_capita,M0star,CYP,income_group=Low-income countries,socioeconomic,0.0
per_capita,M0star,CZE,income_group=Low-income countries,socioeconomic,0.0
per_capita,M0star,DNK,income_group=Low-income countries,socioeconomic,0.0
per_capita,M0star,EST,income_group=Low-income countries,socioeconomic,0.0
per_capita,M0star,FIN,income_group=Low-income countries,socioeconomic,0.0
per_capita,M0star,FRA,income_group=Low-income countries,socioeconomic,0.0
per_capita,M0star,DEU,income_group=Low-income countries,socioeconomic,0.0
per_capita,M0star,GRC,income_group=Low-income countries,socioeconomic,0.0
per_capita,M0star,HUN,income_group=Low-income countries,socioeconomic,0.0
per_capita,M0star,ISL,income_group=Low-income countries,socioeconomic,0.0
per_capita,M0star,IRL,income_group=Low-income countries,socioeconomic,0.0
per_capita,M0star,ITA,income_group=Low-income countries,socioeconomic,0.0
per_capita,M0star,LVA,income_group=Low-income countries,socioeconomic,0.0
per_capita,M0star,LTU,income_group=Low-income countries,socioeconomic,0.0
per_capita,M0star,MKD,income_group=Low-income countries,socioeconomic,0.0
per_capita,M0star,MDA,income_group=Low-income countries,socioeconomic,0.0
per_capita,M0star,MNE,income_group=Low-income countries,socioeconomic,0.0
per_capita,M0star,NLD,income_group=Low-income countries,socioeconomic,0.0
per_capita,M0star,NOR,income_group=Low-income countries,socioeconomic,0.0
per_capita,M0star,POL,income_group=Low-income countries,socioeconomic,0.0
per_capita,M0star,PRT,income_group=Low-income countries,socioeconomic,0.0
per_capita,M0star,ROU,income_group=Low-income countries,socioeconomic,0.0
per_capita,M0star,RUS,income_group=Low-income countries,socioeconomic,0.0
per_capita,M0star,SRB,income_group=Low-income countries,socioeconomic,0.0
per_capita,M0star,SVK,income_group=Low-income countries,socioeconomic,0.0
per_capita,M0star,SVN,income_group=Low-income countries,socioeconomic,0.0
per_capita,M0star,ESP,income_group=Low-income countries,socioeconomic,0.0
per_capita,M0star,SWE,income_group=Low-income countries,socioeconomic,0.0
per_capita,M0star,CHE,income_group=Low-income countries,socioeconomic,0.0
per_capita,M0star,UKR,income_group=Low-income countries,socioeconomic,0.0
per_capita,M0star,GBR,income_group=Low-income countries,socioeconomic,0.0
per_capita,M0star,BHS,income_group=Low-income countries,socioeconomic,0.0
per_capita,M0star,CAN,income_group=Low-income countries,socioeconomic,0.0
per_capita,M0star,CRI,income_group=Low-income countries,socioeconomic,0.0
per_capita,M0star,CUB,income_group=Low-income countries,socioeconomic,0.0
per_capita,M0star,DOM,income_group=Low-income countries,socioeconomic,0.0
per_capita,M0star,SLV,income_group=Low-income countries,socioeconomic,0.0
per_capita,M0star,GTM,income_group=Low-income countries,socioeconomic,0.0
per_capita,M0star,HTI,income_group=Low-income countries,socioeconomic,0.0
per_capita,M0star,HND,income_group=Low-income countries,socioeconomic,0.0
per_capita,M0star,JAM,income_group=Low-income countries,socioeconomic,0.0
per_capita,M0star,MEX,income_group=Low-income countries,socioeconomic,0.0
per_capita,M0star,NIC,income_group=Low-income countries,socioeconomic,0.0
per_capita,M0star,PAN,income_group=Low-income countries,socioeconomic,0.0
per_capita,M0star,USA,income_group=Low-income countries,socioeconomic,0.0
per_capita,M0star,AUS,income_group=Low-income countries,socioeconomic,0.0
per_capita,M0star,NZL,income_group=Low-income countries,socioeconomic,0.0
per_capita,M0star,PNG,income_group=Low-income countries,socioeconomic,0.0
per_capita,M0star,ARG,income_group=Low-income countries,socioeconomic,0.0
per_capita,M0star,BOL,income_group=Low-income countries,socioeconomic,0.0
per_capita,M0star,BRA,income_group=Low-income countries,socioeconomic,0.0
per_capita,M0star,CHL,income_group=Low-income countries,socioeconomic,0.0
per_capita,M0star,COL,income_group=Low-income countries,socioeconomic,0.0
per_capita,M0star,ECU,income_group=Low-income countries,socioeconomic,0.0
per_capita,M0star,PRY,income_group=Low-income countries,socioeconomic,0.0
per_capita,M0star,PER,income_group=Low-income countries,socioeconomic,0.0
per_capita,M0star,SUR,income_group=Low-income countries,socioeconomic,0.0
per_capita,M0star,URY,income_group=Low-income countries,socioeconomic,0.0
per_capita,M0star,VEN,income_group=Low-income countries,socioeconomic,0.0
per_capita,M0star,DZA,income_group=Lower-middle-income countries,socioeconomic,0.0
per_capita,M0star,AGO,income_group=Lower-middle-income countries,socioeconomic,1.0
per_capita,M0star,BEN,income_group=Lower-middle-income countries,socioeconomic,1.0
per_capita,M0star,BWA,income_group=Lower-middle-income countries,socioeconomic,0.0
per_capita,M0star,BFA,income_group=Lower-middle-income countries,socioeconomic,0.0
per_capita,M0star,BDI,income_group=Lower-middle-income countries,socioeconomic,0.0
per_capita,M0star,CMR,income_group=Lower-middle-income countries,socioeconomic,1.0
per_capita,M0star,CAF,income_group=Lower-middle-income countries,socioeconomic,0.0
per_capita,M0star,TCD,income_group=Lower-middle-income countries,socioeconomic,0.0
per_capita,M0star,COG,income_group=Lower-middle-income countries,socioeconomic,1.0
per_capita,M0star,COD,income_group=Lower-middle-income countries,socioeconomic,0.0
per_capita,M0star,CIV,income_group=Lower-middle-income countries,socioeconomic,1.0
per_capita,M0star,DJI,income_group=Lower-middle-income countries,socioeconomic,1.0
per_capita,M0star,EGY,income_group=Lower-middle-income countries,socioeconomic,1.0
per_capita,M0star,GNQ,income_group=Lower-middle-income countries,socioeconomic,0.0
per_capita,M0star,ERI,income_group=Lower-middle-income countries,socioeconomic,0.0
per_capita,M0star,ETH,income_group=Lower-middle-income countries,socioeconomic,0.0
per_capita,M0star,GAB,income_group=Lower-middle-income countries,socioeconomic,0.0
per_capita,M0star,GHA,income_group=Lower-middle-income countries,socioeconomic,1.0
per_capita,M0star,GIN,income_group=Lower-middle-income countries,socioeconomic,1.0
per_capita,M0star,GNB,income_group=Lower-middle-income countries,socioeconomic,0.0
per_capita,M0star,KEN,income_group=Lower-middle-income countries,socioeconomic,1.0
per_capita,M0star,LSO,income_group=Lower-middle-income countries,socioeconomic,1.0
per_capita,M0star,LBR,income_group=Lower-middle-income countries,socioeconomic,0.0
per_capita,M0star,LBY,income_group=Lower-middle-income countries,socioeconomic,0.0
per_capita,M0star,MDG,income_group=Lower-middle-income countries,socioeconomic,0.0
per_capita,M0star,MWI,income_group=Lower-middle-income countries,socioeconomic,0.0
per_capita,M0star,MLI,income_group=Lower-middle-income countries,socioeconomic,0.0
per_capita,M0star,MRT,income_group=Lower-middle-income countries,socioeconomic,1.0
per_capita,M0star,MAR,income_group=Lower-middle-income countries,socioeconomic,1.0
per_capita,M0star,MOZ,income_group=Lower-middle-income countries,socioeconomic,0.0
per_capita,M0star,NAM,income_group=Lower-middle-income countries,socioeconomic,1.0
per_capita,M0star,NER,income_group=Lower-middle-income countries,socioeconomic,0.0
per_capita,M0star,NGA,income_group=Lower-middle-income countries,socioeconomic,1.0
per_capita,M0star,RWA,income_group=Lower-middle-income countries,socioeconomic,0.0
per_capita,M0star,SEN,income_group=Lower-middle-income countries,socioeconomic,1.0
per_capita,M0star,SLE,income_group=Lower-middle-income countries,socioeconomic,0.0
per_capita,M0star,SOM,income_group=Lower-middle-income countries,socioeconomic,0.0
per_capita,M0star,ZAF,income_group=Lower-middle-income countries,socioeconomic,0.0
per_capita,M0star,SDN,income_group=Lower-middle-income countries,socioeconomic,0.0
per_capita,M0star,SWZ,income_group=Lower-middle-income countries,socioeconomic,1.0
per_capita,M0star,TZA,income_group=Lower-middle-income countries,socioeconomic,1.0
per_capita,M0star,TGO,income_group=Lower-middle-income countries,socioeconomic,0.0
per_capita,M0star,TUN,income_group=Lower-middle-income countries,socioeconomic,1.0
per_capita,M0star,UGA,income_group=Lower-middle-income countries,socioeconomic,0.0
per_capita,M0star,ZMB,income_group=Lower-middle-income countries,socioeconomic,1.0
per_capita,M0star,ZWE,income_group=Lower-middle-income countries,socioeconomic,1.0
per_capita,M0star,AFG,income_group=Lower-middle-income countries,socioeconomic,0.0
per_capita,M0star,ARM,income_group=Lower-middle-income countries,socioeconomic,0.0
per_capita,M0star,AZE,income_group=Lower-middle-income countries,socioeconomic,0.0
per_capita,M0star,BGD,income_group=Lower-middle-income countries,socioeconomic,1.0
per_capita,M0star,MMR,income_group=Lower-middle-income countries,socioeconomic,1.0
per_capita,M0star,KHM,income_group=Lower-middle-income countries,socioeconomic,1.0
per_capita,M0star,CHN,income_group=Lower-middle-income countries,socioeconomic,0.0
per_capita,M0star,GEO,income_group=Lower-middle-income countries,socioeconomic,0.0
per_capita,M0star,IND,income_group=Lower-middle-income countries,socioeconomic,1.0
per_capita,M0star,IDN,income_group=Lower-middle-income countries,socioeconomic,0.0
per_capita,M0star,IRN,income_group=Lower-middle-income countries,socioeconomic,0.0
per_capita,M0star,IRQ,income_group=Lower-middle-income countries,socioeconomic,0.0
per_capita,M0star,ISR,income_group=Lower-middle-income countries,socioeconomic,0.0
per_capita,M0star,JPN,income_group=Lower-middle-income countries,socioeconomic,0.0
per_capita,M0star,JOR,income_group=Lower-middle-income countries,socioeconomic,1.0
per_capita,M0star,KAZ,income_group=Lower-middle-income countries,socioeconomic,0.0
per_capita,M0star,LAO,income_group=Lower-middle-income countries,socioeconomic,1.0
per_capita,M0star,LBN,income_group=Lower-middle-income countries,socioeconomic,1.0
per_capita,M0star,MYS,income_group=Lower-middle-income countries,socioeconomic,0.0
per_capita,M0star,MNG,income_group=Lower-middle-income countries,socioeconomic,0.0
per_capita,M0star,NPL,income_group=Lower-middle-income countries,socioeconomic,1.0
per_capita,M0star,OMN,income_group=Lower-middle-income countries,socioeconomic,0.0
per_capita,M0star,PAK,income_group=Lower-middle-income countries,socioeconomic,1.0
per_capita,M0star,PHL,income_group=Lower-middle-income countries,socioeconomic,1.0
per_capita,M0star,QAT,income_group=Lower-middle-income countries,socioeconomic,0.0
per_capita,M0star,SAU,income_group=Lower-middle-income countries,socioeconomic,0.0
per_capita,M0star,KOR,income_group=Lower-middle-income countries,socioeconomic,0.0
per_capita,M0star,LKA,income_group=Lower-middle-income countries,socioeconomic,1.0
per_capita,M0star,SYR,income_group=Lower-middle-income countries,socioeconomic,0.0
per_capita,M0star,TWN,income_group=Lower-middle-income countries,socioeconomic,0.0
per_capita,M0star,TJK,income_group=Lower-middle-income countries,socioeconomic,1.0
per_capita,M0star,THA,income_group=Lower-middle-income countries,socioeconomic,0.0
per_capita,M0star,TUR,income_group=Lower-middle-income countries,socioeconomic,0.0
per_capita,M0star,TKM,income_group=Lower-middle-income countries,socioeconomic,0.0
per_capita,M0star,ARE,income_group=Lower-middle-income countries,socioeconomic,0.0
per_capita,M0star,UZB,income_group=Lower-middle-income countries,socioeconomic,1.0
per_capita,M0star,VNM,income_group=Lower-middle-income countries,socioeconomic,1.0
per_capita,M0star,YEM,income_group=Lower-middle-income countries,socioeconomic,0.0
per_capita,M0star,ALB,income_group=Lower-middle-income countries,socioeconomic,0.0
per_capita,M0star,AUT,income_group=Lower-middle-income countries,socioeconomic,0.0
per_capita,M0star,BLR,income_group=Lower-middle-income countries,socioeconomic,0.0
per_capita,M0star,BEL,income_group=Lower-middle-income countries,socioeconomic,0.0
per_capita,M0star,BIH,income_group=Lower-middle-income countries,socioeconomic,0.0
per_capita,M0star,BGR,income_group=Lower-middle-income countries,socioeconomic,0.0
per_capita,M0star,HRV,income_group=Lower-middle-income countries,socioeconomic,0.0
per_capita,M0star,CYP,income_group=Lower-middle-income countries,socioeconomic,0.0
per_capita,M0star,CZE,income_group=Lower-middle-income countries,socioeconomic,0.0
per_capita,M0star,DNK,income_group=Lower-middle-income countries,socioeconomic,0.0
per_capita,M0star,EST,income_group=Lower-middle-income countries,socioeconomic,0.0
per_capita,M0star,FIN,income_group=Lower-middle-income countries,socioeconomic,0.0
per_capita,M0star,FRA,income_group=Lower-middle-income countries,socioeconomic,0.0
per_capita,M0star,DEU,income_group=Lower-middle-income countries,socioeconomic,0.0
per_capita,M0star,GRC,income_group=Lower-middle-income countries,socioeconomic,0.0
per_capita,M0star,HUN,income_group=Lower-middle-income countries,socioeconomic,0.0
per_capita,M0star,ISL,income_group=Lower-middle-income countries,socioeconomic,0.0
per_capita,M0star,IRL,income_group=Lower-middle-income countries,socioeconomic,0.0
per_capita,M0star,ITA,income_group=Lower-middle-income countries,socioeconomic,0.0
per_capita,M0star,LVA,income_group=Lower-middle-income countries,socioeconomic,0.0
per_capita,M0star,LTU,income_group=Lower-middle-income countries,socioeconomic,0.0
per_capita,M0star,MKD,income_group=Lower-middle-income countries,socioeconomic,0.0
per_capita,M0star,MDA,income_group=Lower-middle-income countries,socioeconomic,0.0
per_capita,M0star,MNE,income_group=Lower-middle-income countries,socioeconomic,0.0
per_capita,M0star,NLD,income_group=Lower-middle-income countries,socioeconomic,0.0
per_capita,M0star,NOR,income_group=Lower-middle-income countries,socioeconomic,0.0
per_capita,M0star,POL,income_group=Lower-middle-income countries,socioeconomic,0.0
per_capita,M0star,PRT,income_group=Lower-middle-income countries,socioeconomic,0.0
per_capita,M0star,ROU,income_group=Lower-middle-income countries,socioeconomic,0.0
per_capita,M0star,RUS,income_group=Lower-middle-income countries,socioeconomic,0.0
per_capita,M0star,SRB,income_group=Lower-middle-income countries,socioeconomic,0.0
per_capita,M0star,SVK,income_group=Lower-middle-income countries,socioeconomic,0.0
per_capita,M0star,SVN,income_group=Lower-middle-income countries,socioeconomic,0.0
per_capita,M0star,ESP,income_group=Lower-middle-income countries,socioeconomic,0.0
per_capita,M0star,SWE,income_group=Lower-middle-income countries,socioeconomic,0.0
per_capita,M0star,CHE,income_group=Lower-middle-income countries,socioeconomic,0.0
per_capita,M0star,UKR,income_group=Lower-middle-income countries,socioeconomic,0.0
per_capita,M0star,GBR,income_group=Lower-middle-income countries,socioeconomic,0.0
per_capita,M0star,BHS,income_group=Lower-middle-income countries,socioeconomic,0.0
per_capita,M0star,CAN,income_group=Lower-middle-income countries,socioeconomic,0.0
per_capita,M0star,CRI,income_group=Lower-middle-income countries,socioeconomic,0.0
per_capita,M0star,CUB,income_group=Lower-middle-income countries,socioeconomic,0.0
per_capita,M0star,DOM,income_group=Lower-middle-income countries,socioeconomic,0.0
per_capita,M0star,SLV,income_group=Lower-middle-income countries,socioeconomic,0.0
per_capita,M0star,GTM,income_group=Lower-middle-income countries,socioeconomic,0.0
per_capita,M0star,HTI,income_group=Lower-middle-income countries,socioeconomic,1.0
per_capita,M0star,HND,income_group=Lower-middle-income countries,socioeconomic,1.0
per_capita,M0star,JAM,income_group=Lower-middle-income countries,socioeconomic,0.0
per_capita,M0star,MEX,income_group=Lower-middle-income countries,socioeconomic,0.0
per_capita,M0star,NIC,income_group=Lower-middle-income countries,socioeconomic,1.0
per_capita,M0star,PAN,income_group=Lower-middle-income countries,socioeconomic,0.0
per_capita,M0star,USA,income_group=Lower-middle-income countries,socioeconomic,0.0
per_capita,M0star,AUS,income_group=Lower-middle-income countries,socioeconomic,0.0
per_capita,M0star,NZL,income_group=Lower-middle-income countries,socioeconomic,0.0
per_capita,M0star,PNG,income_group=Lower-middle-income countries,socioeconomic,1.0
per_capita,M0star,ARG,income_group=Lower-middle-income countries,socioeconomic,0.0
per_capita,M0star,BOL,income_group=Lower-middle-income countries,socioeconomic,1.0
per_capita,M0star,BRA,income_group=Lower-middle-income countries,socioeconomic,0.0
per_capita,M0star,CHL,income_group=Lower-middle-income countries,socioeconomic,0.0
per_capita,M0star,COL,income_group=Lower-middle-income countries,socioeconomic,0.0
per_capita,M0star,ECU,income_group=Lower-middle-income countries,socioeconomic,0.0
per_capita,M0star,PRY,income_group=Lower-middle-income countries,socioeconomic,0.0
per_capita,M0star,PER,income_group=Lower-middle-income countries,socioeconomic,0.0
per_capita,M0star,SUR,income_group=Lower-middle-income countries,socioeconomic,0.0
per_capita,M0star,URY,income_group=Lower-middle-income countries,socioeconomic,0.0
per_capita,M0star,VEN,income_group=Lower-middle-income countries,socioeconomic,0.0
per_capita,M0star,DZA,income_group=Upper-middle-income countries,socioeconomic,1.0
per_capita,M0star,AGO,income_group=Upper-middle-income countries,socioeconomic,0.0
per_capita,M0star,BEN,income_group=Upper-middle-income countries,socioeconomic,0.0
per_capita,M0star,BWA,income_group=Upper-middle-income countries,socioeconomic,1.0
per_capita,M0star,BFA,income_group=Upper-middle-income countries,socioeconomic,0.0
per_capita,M0star,BDI,income_group=Upper-middle-income countries,socioeconomic,0.0
per_capita,M0star,CMR,income_group=Upper-middle-income countries,socioeconomic,0.0
per_capita,M0star,CAF,income_group=Upper-middle-income countries,socioeconomic,0.0
per_capita,M0star,TCD,income_group=Upper-middle-income countries,socioeconomic,0.0
per_capita,M0star,COG,income_group=Upper-middle-income countries,socioeconomic,0.0
per_capita,M0star,COD,income_group=Upper-middle-income countries,socioeconomic,0.0
per_capita,M0star,CIV,income_group=Upper-middle-income countries,socioeconomic,0.0
per_capita,M0star,DJI,income_group=Upper-middle-income countries,socioeconomic,0.0
per_capita,M0star,EGY,income_group=Upper-middle-income countries,socioeconomic,0.0
per_capita,M0star,GNQ,income_group=Upper-middle-income countries,socioeconomic,1.0
per_capita,M0star,ERI,income_group=Upper-middle-income countries,socioeconomic,0.0
per_capita,M0star,ETH,income_group=Upper-middle-income countries,socioeconomic,0.0
per_capita,M0star,GAB,income_group=Upper-middle-income countries,socioeconomic,1.0
per_capita,M0star,GHA,income_group=Upper-middle-income countries,socioeconomic,0.0
per_capita,M0star,GIN,income_group=Upper-middle-income countries,socioeconomic,0.0
per_capita,M0star,GNB,income_group=Upper-middle-income countries,socioeconomic,0.0
per_capita,M0star,KEN,income_group=Upper-middle-income countries,socioeconomic,0.0
per_capita,M0star,LSO,income_group=Upper-middle-income countries,socioeconomic,0.0
per_capita,M0star,LBR,income_group=Upper-middle-income countries,socioeconomic,0.0
per_capita,M0star,LBY,income_group=Upper-middle-income countries,socioeconomic,1.0
per_capita,M0star,MDG,income_group=Upper-middle-income countries,socioeconomic,0.0
per_capita,M0star,MWI,income_group=Upper-middle-income countries,socioeconomic,0.0
per_capita,M0star,MLI,income_group=Upper-middle-income countries,socioeconomic,0.0
per_capita,M0star,MRT,income_group=Upper-middle-income countries,socioeconomic,0.0
per_capita,M0star,MAR,income_group=Upper-middle-income countries,socioeconomic,0.0
per_capita,M0star,MOZ,income_group=Upper-middle-income countries,socioeconomic,0.0
per_capita,M0star,NAM,income_group=Upper-middle-income countries,socioeconomic,0.0
per_capita,M0star,NER,income_group=Upper-middle-income countries,socioeconomic,0.0
per_capita,M0star,NGA,income_group=Upper-middle-income countries,socioeconomic,0.0
per_capita,M0star,RWA,income_group=Upper-middle-income countries,socioeconomic,0.0
per_capita,M0star,SEN,income_group=Upper-middle-income countries,socioeconomic,0.0
per_capita,M0star,SLE,income_group=Upper-middle-income countries,socioeconomic,0.0
per_capita,M0star,SOM,income_group=Upper-middle-income countries,socioeconomic,0.0
per_capita,M0star,ZAF,income_group=Upper-middle-income countries,socioeconomic,1.0
per_capita,M0star,SDN,income_group=Upper-middle-income countries,socioeconomic,0.0
per_capita,M0star,SWZ,income_group=Upper-middle-income countries,socioeconomic,0.0
per_capita,M0star,TZA,income_group=Upper-middle-income countries,socioeconomic,0.0
per_capita,M0star,TGO,income_group=Upper-middle-income countries,socioeconomic,0.0
per_capita,M0star,TUN,income_group=Upper-middle-income countries,socioeconomic,0.0
per_capita,M0star,UGA,income_group=Upper-middle-income countries,socioeconomic,0.0
per_capita,M0star,ZMB,income_group=Upper-middle-income countries,socioeconomic,0.0
per_capita,M0star,ZWE,income_group=Upper-middle-income countries,socioeconomic,0.0
per_capita,M0star,AFG,income_group=Upper-middle-income countries,socioeconomic,0.0
per_capita,M0star,ARM,income_group=Upper-middle-income countries,socioeconomic,1.0
per_capita,M0star,AZE,income_group=Upper-middle-income countries,socioeconomic,1.0
per_capita,M0star,BGD,income_group=Upper-middle-income countries,socioeconomic,0.0
per_capita,M0star,MMR,income_group=Upper-middle-income countries,socioeconomic,0.0
per_capita,M0star,KHM,income_group=Upper-middle-income countries,socioeconomic,0.0
per_capita,M0star,CHN,income_group=Upper-middle-income countries,socioeconomic,1.0
per_capita,M0star,GEO,income_group=Upper-middle-income countries,socioeconomic,1.0
per_capita,M0star,IND,income_group=Upper-middle-income countries,socioeconomic,0.0
per_capita,M0star,IDN,income_group=Upper-middle-income countries,socioeconomic,1.0
per_capita,M0star,IRN,income_group=Upper-middle-income countries,socioeconomic,1.0
per_capita,M0star,IRQ,income_group=Upper-middle-income countries,socioeconomic,1.0
per_capita,M0star,ISR,income_group=Upper-middle-income countries,socioeconomic,0.0
per_capita,M0star,JPN,income_group=Upper-middle-income countries,socioeconomic,0.0
per_capita,M0star,JOR,income_group=Upper-middle-income countries,socioeconomic,0.0
per_capita,M0star,KAZ,income_group=Upper-middle-income countries,socioeconomic,1.0
per_capita,M0star,LAO,income_group=Upper-middle-income countries,socioeconomic,0.0
per_capita,M0star,LBN,income_group=Upper-middle-income countries,socioeconomic,0.0
per_capita,M0star,MYS,income_group=Upper-middle-income countries,socioeconomic,1.0
per_capita,M0star,MNG,income_group=Upper-middle-income countries,socioeconomic,1.0
per_capita,M0star,NPL,income_group=Upper-middle-income countries,socioeconomic,0.0
per_capita,M0star,OMN,income_group=Upper-middle-income countries,socioeconomic,0.0
per_capita,M0star,PAK,income_group=Upper-middle-income countries,socioeconomic,0.0
per_capita,M0star,PHL,income_group=Upper-middle-income countries,socioeconomic,0.0
per_capita,M0star,QAT,income_group=Upper-middle-income countries,socioeconomic,0.0
per_capita,M0star,SAU,income_group=Upper-middle-income countries,socioeconomic,0.0
per_capita,M0star,KOR,income_group=Upper-middle-income countries,socioeconomic,0.0
per_capita,M0star,LKA,income_group=Upper-middle-income countries,socioeconomic,0.0
per_capita,M0star,SYR,income_group=Upper-middle-income countries,socioeconomic,0.0
per_capita,M0star,TWN,income_group=Upper-middle-income countries,socioeconomic,0.0
per_capita,M0star,TJK,income_group=Upper-middle-income countries,socioeconomic,0.0
per_capita,M0star,THA,income_group=Upper-middle-income countries,socioeconomic,1.0
per_capita,M0star,TUR,income_group=Upper-middle-income countries,socioeconomic,1.0
per_capita,M0star,TKM,income_group=Upper-middle-income countries,socioeconomic,1.0
per_capita,M0star,ARE,income_group=Upper-middle-income countries,socioeconomic,0.0
per_capita,M0star,UZB,income_group=Upper-middle-income countries,socioeconomic,0.0
per_capita,M0star,VNM,income_group=Upper-middle-income countries,socioeconomic,0.0
per_capita,M0star,YEM,income_group=Upper-middle-income countries,socioeconomic,0.0
per_capita,M0star,ALB,income_group=Upper-middle-income countries,socioeconomic,1.0
per_capita,M0star,AUT,income_group=Upper-middle-income countries,socioeconomic,0.0
per_capita,M0star,BLR,income_group=Upper-middle-income countries,socioeconomic,1.0
per_capita,M0star,BEL,income_group=Upper-middle-income countries,socioeconomic,0.0
per_capita,M0star,BIH,income_group=Upper-middle-income countries,socioeconomic,1.0
per_capita,M0star,BGR,income_group=Upper-middle-income countries,socioeconomic,0.0
per_capita,M0star,HRV,income_group=Upper-middle-income countries,socioeconomic,0.0
per_capita,M0star,CYP,income_group=Upper-middle-income countries,socioeconomic,0.0
per_capita,M0star,CZE,income_group=Upper-middle-income countries,socioeconomic,0.0
per_capita,M0star,DNK,income_group=Upper-middle-income countries,socioeconomic,0.0
per_capita,M0star,EST,income_group=Upper-middle-income countries,socioeconomic,0.0
per_capita,M0star,FIN,income_group=Upper-middle-income countries,socioeconomic,0.0
per_capita,M0star,FRA,income_group=Upper-middle-income countries,socioeconomic,0.0
per_capita,M0star,DEU,income_group=Upper-middle-income countries,socioeconomic,0.0
per_capita,M0star,GRC,income_group=Upper-middle-income countries,socioeconomic,0.0
per_capita,M0star,HUN,income_group=Upper-middle-income countries,socioeconomic,0.0
per_capita,M0star,ISL,income_group=Upper-middle-income countries,socioeconomic,0.0
per_capita,M0star,IRL,income_group=Upper-middle-income countries,socioeconomic,0.0
per_capita,M0star,ITA,income_group=Upper-middle-income countries,socioeconomic,0.0
per_capita,M0star,LVA,income_group=Upper-middle-income countries,socioeconomic,0.0
per_capita,M0star,LTU,income_group=Upper-middle-income countries,socioeconomic,0.0
per_capita,M0star,MKD,income_group=Upper-middle-income countries,socioeconomic,1.0
per_capita,M0star,MDA,income_group=Upper-middle-income countries,socioeconomic,1.0
per_capita,M0star,MNE,income_group=Upper-middle-income countries,socioeconomic,1.0
per_capita,M0star,NLD,income_group=Upper-middle-income countries,socioeconomic,0.0
per_capita,M0star,NOR,income_group=Upper-middle-income countries,socioeconomic,0.0
per_capita,M0star,POL,income_group=Upper-middle-income countries,socioeconomic,0.0
per_capita,M0star,PRT,income_group=Upper-middle-income countries,socioeconomic,0.0
per_capita,M0star,ROU,income_group=Upper-middle-income countries,socioeconomic,0.0
per_capita,M0star,RUS,income_group=Upper-middle-income countries,socioeconomic,0.0
per_capita,M0star,SRB,income_group=Upper-middle-income countries,socioeconomic,1.0
per_capita,M0star,SVK,income_group=Upper-middle-income countries,socioeconomic,0.0
per_capita,M0star,SVN,income_group=Upper-middle-income countries,socioeconomic,0.0
per_capita,M0star,ESP,income_group=Upper-middle-income countries,socioeconomic,0.0
per_capita,M0star,SWE,income_group=Upper-middle-income countries,socioeconomic,0.0
per_capita,M0star,CHE,income_group=Upper-middle-income countries,socioeconomic,0.0
per_capita,M0star,UKR,income_group=Upper-middle-income countries,socioeconomic,1.0
per_capita,M0star,GBR,income_group=Upper-middle-income countries,socioeconomic,0.0
per_capita,M0star,BHS,income_group=Upper-middle-income countries,socioeconomic,0.0
per_capita,M0star,CAN,income_group=Upper-middle-income countries,socioeconomic,0.0
per_capita,M0star,CRI,income_group=Upper-middle-income countries,socioeconomic,0.0
per_capita,M0star,CUB,income_group=Upper-middle-income countries,socioeconomic,1.0
per_capita,M0star,DOM,income_group=Upper-middle-income countries,socioeconomic,1.0
per_capita,M0star,SLV,income_group=Upper-middle-income countries,socioeconomic,1.0
per_capita,M0star,GTM,income_group=Upper-middle-income countries,socioeconomic,1.0
per_capita,M0star,HTI,income_group=Upper-middle-income countries,socioeconomic,0.0
per_capita,M0star,HND,income_group=Upper-middle-income countries,socioeconomic,0.0
per_capita,M0star,JAM,income_group=Upper-middle-income countries,socioeconomic,1.0
per_capita,M0star,MEX,income_group=Upper-middle-income countries,socioeconomic,1.0
per_capita,M0star,NIC,income_group=Upper-middle-income countries,socioeconomic,0.0
per_capita,M0star,PAN,income_group=Upper-middle-income countries,socioeconomic,0.0
per_capita,M0star,USA,income_group=Upper-middle-income countries,socioeconomic,0.0
per_capita,M0star,AUS,income_group=Upper-middle-income countries,socioeconomic,0.0
per_capita,M0star,NZL,income_group=Upper-middle-income countries,socioeconomic,0.0
per_capita,M0star,PNG,income_group=Upper-middle-income countries,socioeconomic,0.0
per_capita,M0star,ARG,income_group=Upper-middle-income countries,socioeconomic,1.0
per_capita,M0star,BOL,income_group=Upper-middle-income countries,socioeconomic,0.0
per_capita,M0star,BRA,income_group=Upper-middle-income countries,socioeconomic,1.0
per_capita,M0star,CHL,income_group=Upper-middle-income countries,socioeconomic,0.0
per_capita,M0star,COL,income_group=Upper-middle-income countries,socioeconomic,1.0
per_capita,M0star,ECU,income_group=Upper-middle-income countries,socioeconomic,1.0
per_capita,M0star,PRY,income_group=Upper-middle-income countries,socioeconomic,1.0
per_capita,M0star,PER,income_group=Upper-middle-income countries,socioeconomic,1.0
per_capita,M0star,SUR,income_group=Upper-middle-income countries,socioeconomic,1.0
per_capita,M0star,URY,income_group=Upper-middle-income countries,socioeconomic,0.0
per_capita,M0star,VEN,income_group=Upper-middle-income countries,socioeconomic,1.0
per_capita,M0star,DZA,population,population,7.584491521827347
per_capita,M0star,AGO,population,population,7.417730963507243
per_capita,M0star,BEN,population,population,7.0297420648599935
per_capita,M0star,BWA,population,population,6.330553171680173
per_capita,M0star,BFA,population,population,7.247860654170999
per_capita,M0star,BDI,population,population,7.0186732920103205
per_capita,M0star,CMR,population,population,7.330462050412179
per_capita,M0star,CAF,population,population,6.666744709191047
per_capita,M0star,TCD,population,population,7.136437739865217
per_capita,M0star,COG,population,population,6.686377402658246
per_capita,M0star,COD,population,population,7.879608451720629
per_capita,M0star,CIV,population,population,7.379120064336155
per_capita,M0star,DJI,population,population,5.993362592601758
per_capita,M0star,EGY,population,population,7.979245769996698
per_capita,M0star,GNQ,population,population,6.129116038326742
per_capita,M0star,ERI,population,population,6.4877557098004175
per_capita,M0star,ETH,population,population,7.993166099108892
per_capita,M0star,GAB,population,population,6.281728818193019
per_capita,M0star,GHA,population,population,7.437531664455299
per_capita,M0star,GIN,population,population,7.048902812150967
per_capita,M0star,GNB,population,population,6.229420726493306
per_capita,M0star,KEN,population,population,7.653085044116425
per_capita,M0star,LSO,population,population,6.313130614473341
per_capita,M0star,LBR,population,population,6.650331423244434
per_capita,M0star,LBY,population,population,6.7996600175142055
per_capita,M0star,MDG,population,population,7.382184420928162
per_capita,M0star,MWI,population,population,7.208490158076444
per_capita,M0star,MLI,population,population,7.242034762393436
per_capita,M0star,MRT,population,population,6.572211995805804
per_capita,M0star,MAR,population,population,7.528756997026069
per_capita,M0star,MOZ,population,population,7.3988356940534326
per_capita,M0star,NAM,population,population,6.352665763677737
per_capita,M0star,NER,population,population,7.267638613886829
per_capita,M0star,NGA,population,population,8.257797185848496
per_capita,M0star,RWA,population,population,7.045062323893226
per_capita,M0star,SEN,population,population,7.1370646013058385
per_capita,M0star,SLE,population,population,6.82698502393618
per_capita,M0star,SOM,population,population,7.109565015062865
per_capita,M0star,ZAF,population,population,7.737818887453181
per_capita,M0star,SDN,population,population,7.57732921918915
per_capita,M0star,SWZ,population,population,6.05307844348342
per_capita,M0star,TZA,population,population,7.688634548890629
per_capita,M0star,TGO,population,population,6.83243552351168
per_capita,M0star,TUN,population,population,7.046938402296572
per_capita,M0star,UGA,population,population,7.548230291005571
per_capita,M0star,ZMB,population,population,7.1874925189804255
per_capita,M0star,ZWE,population,population,7.146556255999673
per_capita,M0star,AFG,population,population,7.4999990715847
per_capita,M0star,ARM,population,population,6.465758383514392
per_capita,M0star,AZE,population,population,6.97792548243784
per_capita,M0star,BGD,population,population,8.194603506012374
per_capita,M0star,MMR,population,population,7.701245451312068
per_capita,M0star,KHM,population,population,7.180991592732013
per_capita,M0star,CHN,population,population,9.13956679824072
per_capita,M0star,GEO,population,population,6.580825566717042
per_capita,M0star,IND,population,population,9.11254786492971
per_capita,M0star,IDN,population,population,8.407989603823088
per_capita,M0star,IRN,population,population,7.905335386670902
per_capita,M0star,IRQ,population,population,7.547553035610451
per_capita,M0star,ISR,population,population,6.889266341090212
per_capita,M0star,JPN,population,population,8.106271293816295
per_capita,M0star,JOR,population,population,6.902645258961303
per_capita,M0star,KAZ,population,population,7.244437990304228
per_capita,M0star,LAO,population,population,6.820292448116504
per_capita,M0star,LBN,population,population,6.759172164098234
per_capita,M0star,MYS,population,population,7.479636757705204
per_capita,M0star,MNG,population,population,6.4551323135189955
per_capita,M0star,NPL,population,population,7.440751653256151
per_capita,M0star,OMN,population,population,6.5836424801017275
per_capita,M0star,PAK,population,population,8.32443469719558
per_capita,M0star,PHL,population,population,8.008925064275203
per_capita,M0star,QAT,population,population,6.308062604336738
per_capita,M0star,SAU,population,population,7.4475739017888225
per_capita,M0star,KOR,population,population,7.699587722216534
per_capita,M0star,LKA,population,population,7.32957743876949
per_capita,M0star,SYR,population,population,7.335797199842345
per_capita,M0star,TWN,population,population,7.369528844939075
per_capita,M0star,TJK,population,population,6.914699174948477
per_capita,M0star,THA,population,population,7.844136018099344
per_capita,M0star,TUR,population,population,7.883110593585389
per_capita,M0star,TKM,population,population,6.773738772330727
per_capita,M0star,ARE,population,population,6.893864416474685
per_capita,M0star,UZB,population,population,7.473108202341121
per_capita,M0star,VNM,population,population,7.956999246761118
per_capita,M0star,YEM,population,population,7.467059601294319
per_capita,M0star,ALB,population,population,6.463530328570472
per_capita,M0star,AUT,population,population,6.9284681091597955
per_capita,M0star,BLR,population,population,6.976095564773477
per_capita,M0star,BEL,population,population,7.047674973999279
per_capita,M0star,BIH,population,population,6.557610289495604
per_capita,M0star,BGR,population,population,6.861212005284552
per_capita,M0star,HRV,population,population,6.627611921220393
per_capita,M0star,CYP,population,population,6.073314653726718
per_capita,M0star,CZE,population,population,7.021650812201932
per_capita,M0star,DNK,population,population,6.749375515855583
per_capita,M0star,EST,population,population,6.1198890486396085
per_capita,M0star,FIN,population,population,6.735523610140002
per_capita,M0star,FRA,population,population,7.80880315470863
per_capita,M0star,DEU,population,population,7.908707904870466
per_capita,M0star,GRC,population,population,7.040108989417488
per_capita,M0star,HUN,population,population,6.995167484051263
per_capita,M0star,ISL,population,population,5.510398880382385
per_capita,M0star,IRL,population,population,6.665082251000093
per_capita,M0star,ITA,population,population,7.782858473140336
per_capita,M0star,LVA,population,population,6.303844637867393
per_capita,M0star,LTU,population,population,6.471050874954516
per_capita,M0star,MKD,population,population,6.3039041792595025
per_capita,M0star,MDA,population,population,6.532594004296075
per_capita,M0star,MNE,population,population,5.8015402203172535
per_capita,M0star,NLD,population,population,7.229606749201902
per_capita,M0star,NOR,population,population,6.705874484021341
per_capita,M0star,POL,population,population,7.58273664522853
per_capita,M0star,PRT,population,population,7.019460555719498
per_capita,M0star,ROU,population,population,7.302393989899721
per_capita,M0star,RUS,population,population,8.16018062182119
per_capita,M0star,SRB,population,population,6.861903613273627
per_capita,M0star,SVK,population,population,6.733231140360503
per_capita,M0star,SVN,population,population,6.313118577021262
per_capita,M0star,ESP,population,population,7.670805935803977
per_capita,M0star,SWE,population,population,6.982299280319174
per_capita,M0star,CHE,population,population,6.90801288261355
per_capita,M0star,UKR,population,population,7.663952950304367
per_capita,M0star,GBR,population,population,7.8088142837955985
per_capita,M0star,BHS,population,population,5.578589933656245
per_capita,M0star,CAN,population,population,7.547693756671519
per_capita,M0star,CRI,population,population,6.673587885900976
per_capita,M0star,CUB,population,population,7.0530078360659045
per_capita,M0star,DOM,population,population,7.0083377275197964
per_capita,M0star,SLV,population,population,6.788086667995949
per_capita,M0star,GTM,population,population,7.1871635218758545
per_capita,M0star,HTI,population,population,7.009551383824838
per_capita,M0star,HND,population,population,6.948866390665476
per_capita,M0star,JAM,population,population,6.4446207132917905
per_capita,M0star,MEX,population,population,8.073144673581162
per_capita,M0star,NIC,population,population,6.776980843483045
per_capita,M0star,PAN,population,population,6.582669247010581
per_capita,M0star,USA,population,population,8.505300261635066
per_capita,M0star,AUS,population,population,7.366166432923759
per_capita,M0star,NZL,population,population,6.648736269027635
per_capita,M0star,PNG,population,population,6.919219345920554
per_capita,M0star,ARG,population,population,7.6292306757420185
per_capita,M0star,BOL,population,population,7.02867745479857
per_capita,M0star,BRA,population,population,8.297713009593641
per_capita,M0star,CHL,population,population,7.247654323145674
per_capita,M0star,COL,population,population,7.664186601924754
per_capita,M0star,ECU,population,population,7.198853079953566
per_capita,M0star,PRY,population,population,6.776878859778663
per_capita,M0star,PER,population,population,7.474477170440693
per_capita,M0star,SUR,population,population,5.755130584229435
per_capita,M0star,URY,population,population,6.524439614291172
per_capita,M0star,VEN,population,population,7.475848283355976
per_capita,M0star,DZA,station_density,population,0.0
per_capita,M0star,AGO,station_density,population,0.3333333333333333
per_capita,M0star,BEN,station_density,population,1.3333333333333333
per_capita,M0star,BWA,station_density,population,0.0
per_capita,M0star,BFA,station_density,population,0.0
per_capita,M0star,BDI,station_density,population,2.0
per_capita,M0star,CMR,station_density,population,1.8
per_capita,M0star,CAF,station_density,population,0.0
per_capita,M0star,TCD,station_density,population,0.0
per_capita,M0star,COG,station_density,population,1.0
per_capita,M0star,COD,station_density,population,0.4782608695652174
per_capita,M0star,CIV,station_density,population,1.3846153846153846
per_capita,M0star,DJI,station_density,population,0.0
per_capita,M0star,EGY,station_density,population,3.0526315789473686
per_capita,M0star,GNQ,station_density,population,0.5
per_capita,M0star,ERI,station_density,population,0.0
per_capita,M0star,ETH,station_density,population,0.4444444444444444
per_capita,M0star,GAB,station_density,population,0.0
per_capita,M0star,GHA,station_density,population,2.0
per_capita,M0star,GIN,station_density,population,0.25
per_capita,M0star,GNB,station_density,population,0.0
per_capita,M0star,KEN,station_density,population,0.5
per_capita,M0star,LSO,station_density,population,1.0
per_capita,M0star,LBR,station_density,population,0.0
per_capita,M0star,LBY,station_density,population,0.8
per_capita,M0star,MDG,station_density,population,0.0
per_capita,M0star,MWI,station_density,population,0.0
per_capita,M0star,MLI,station_density,population,0.0
per_capita,M0star,MRT,station_density,population,0.0
per_capita,M0star,MAR,station_density,population,1.4
per_capita,M0star,MOZ,station_density,population,0.3333333333333333
per_capita,M0star,NAM,station_density,population,0.0
per_capita,M0star,NER,station_density,population,0.3333333333333333
per_capita,M0star,NGA,station_density,population,6.978021978021978
per_capita,M0star,RWA,station_density,population,1.0
per_capita,M0star,SEN,station_density,population,0.75
per_capita,M0star,SLE,station_density,population,0.5
per_capita,M0star,SOM,station_density,population,0.0
per_capita,M0star,ZAF,station_density,population,6.42
per_capita,M0star,SDN,station_density,population,0.6
per_capita,M0star,SWZ,station_density,population,2.0
per_capita,M0star,TZA,station_density,population,0.4375
per_capita,M0star,TGO,station_density,population,0.0
per_capita,M0star,TUN,station_density,population,1.2
per_capita,M0star,UGA,station_density,population,0.6666666666666666
per_capita,M0star,ZMB,station_density,population,1.875
per_capita,M0star,ZWE,station_density,population,2.0
per_capita,M0star,AFG,station_density,population,0.5
per_capita,M0star,ARM,station_density,population,3.0
per_capita,M0star,AZE,station_density,population,0.0
per_capita,M0star,BGD,station_density,population,7.947368421052632
per_capita,M0star,MMR,station_density,population,1.1
per_capita,M0star,KHM,station_density,population,0.0
per_capita,M0star,CHN,station_density,population,3.623684210526316
per_capita,M0star,GEO,station_density,population,3.0
per_capita,M0star,IND,station_density,population,7.294117647058823
per_capita,M0star,IDN,station_density,population,12.931034482758621
per_capita,M0star,IRN,station_density,population,1.7727272727272727
per_capita,M0star,IRQ,station_density,population,1.5
per_capita,M0star,ISR,station_density,population,4.444444444444445
per_capita,M0star,JPN,station_density,population,29.954285714285714
per_capita,M0star,JOR,station_density,population,7.0
per_capita,M0star,KAZ,station_density,population,0.26666666666666666
per_capita,M0star,LAO,station_density,population,0.0
per_capita,M0star,LBN,station_density,population,3.6666666666666665
per_capita,M0star,MYS,station_density,population,2.9375
per_capita,M0star,MNG,station_density,population,0.0
per_capita,M0star,NPL,station_density,population,4.142857142857143
per_capita,M0star,OMN,station_density,population,0.0
per_capita,M0star,PAK,station_density,population,6.508474576271187
per_capita,M0star,PHL,station_density,population,9.692307692307692
per_capita,M0star,QAT,station_density,population,0.0
per_capita,M0star,SAU,station_density,population,0.0
per_capita,M0star,KOR,station_density,population,0.0
per_capita,M0star,LKA,station_density,population,2.4444444444444446
per_capita,M0star,SYR,station_density,population,3.0
per_capita,M0star,TWN,station_density,population,9.866666666666667
per_capita,M0star,TJK,station_density,population,1.0
per_capita,M0star,THA,station_density,population,2.5714285714285716
per_capita,M0star,TUR,station_density,population,1.3725490196078431
per_capita,M0star,TKM,station_density,population,0.6666666666666666
per_capita,M0star,ARE,station_density,population,2.0
per_capita,M0star,UZB,station_density,population,0.875
per_capita,M0star,VNM,station_density,population,2.433333333333333
per_capita,M0star,YEM,station_density,population,0.0
per_capita,M0star,ALB,station_density,population,2.0
per_capita,M0star,AUT,station_density,population,0.8
per_capita,M0star,BLR,station_density,population,0.5
per_capita,M0star,BEL,station_density,population,7.857142857142857
per_capita,M0star,BIH,station_density,population,2.4
per_capita,M0star,BGR,station_density,population,1.1428571428571428
per_capita,M0star,HRV,station_density,population,1.3333333333333333
per_capita,M0star,CYP,station_density,population,0.0
per_capita,M0star,CZE,station_density,population,4.8
per_capita,M0star,DNK,station_density,population,1.0
per_capita,M0star,EST,station_density,population,0.0
per_capita,M0star,FIN,station_density,population,0.4
per_capita,M0star,FRA,station_density,population,2.1944444444444446
per_capita,M0star,DEU,station_density,population,9.88888888888889
per_capita,M0star,GRC,station_density,population,0.8571428571428571
per_capita,M0star,HUN,station_density,population,2.3333333333333335
per_capita,M0star,ISL,station_density,population,0.0
per_capita,M0star,IRL,station_density,population,0.0
per_capita,M0star,ITA,station_density,population,3.3333333333333335
per_capita,M0star,LVA,station_density,population,1.0
per_capita,M0star,LTU,station_density,population,1.4
per_capita,M0star,MKD,station_density,population,4.0
per_capita,M0star,MDA,station_density,population,2.0
per_capita,M0star,MNE,station_density,population,0.0
per_capita,M0star,NLD,station_density,population,17.875
per_capita,M0star,NOR,station_density,population,0.0
per_capita,M0star,POL,station_density,population,6.605263157894737
per_capita,M0star,PRT,station_density,population,2.5714285714285716
per_capita,M0star,ROU,station_density,population,2.84
per_capita,M0star,RUS,station_density,population,1.7820512820512822
per_capita,M0star,SRB,station_density,population,2.5
per_capita,M0star,SVK,station_density,population,1.5
per_capita,M0star,SVN,station_density,population,2.0
per_capita,M0star,ESP,station_density,population,3.32
per_capita,M0star,SWE,station_density,population,0.4
per_capita,M0star,CHE,station_density,population,4.0
per_capita,M0star,UKR,station_density,population,0.7916666666666666
per_capita,M0star,GBR,station_density,population,10.647058823529411
per_capita,M0star,BHS,station_density,population,0.0
per_capita,M0star,CAN,station_density,population,1.36
per_capita,M0star,CRI,station_density,population,0.0
per_capita,M0star,CUB,station_density,population,1.5714285714285714
per_capita,M0star,DOM,station_density,population,2.888888888888889
per_capita,M0star,SLV,station_density,population,3.3333333333333335
per_capita,M0star,GTM,station_density,population,8.0
per_capita,M0star,HTI,station_density,population,2.4
per_capita,M0star,HND,station_density,population,2.4
per_capita,M0star,JAM,station_density,population,0.6666666666666666
per_capita,M0star,MEX,station_density,population,5.298969072164948
per_capita,M0star,NIC,station_density,population,1.0
per_capita,M0star,PAN,station_density,population,1.0
per_capita,M0star,USA,station_density,population,5.36964980544747
per_capita,M0star,AUS,station_density,population,0.42857142857142855
per_capita,M0star,NZL,station_density,population,0.8888888888888888
per_capita,M0star,PNG,station_density,population,0.0
per_capita,M0star,ARG,station_density,population,0.4375
per_capita,M0star,BOL,station_density,population,0.0
per_capita,M0star,BRA,station_density,population,9.672727272727272
per_capita,M0star,CHL,station_density,population,0.7916666666666666
per_capita,M0star,COL,station_density,population,3.3333333333333335
per_capita,M0star,ECU,station_density,population,1.1538461538461537
per_capita,M0star,PRY,station_density,population,2.6
per_capita,M0star,PER,station_density,population,0.5
per_capita,M0star,SUR,station_density,population,0.0
per_capita,M0star,URY,station_density,population,0.5
per_capita,M0star,VEN,station_density,population,5.075
per_capita,M1b,DZA,intercept,intercept,1.0
per_capita,M1b,AGO,intercept,intercept,1.0
per_capita,M1b,BEN,intercept,intercept,1.0
per_capita,M1b,BWA,intercept,intercept,1.0
per_capita,M1b,BFA,intercept,intercept,1.0
per_capita,M1b,BDI,intercept,intercept,1.0
per_capita,M1b,CMR,intercept,intercept,1.0
per_capita,M1b,CAF,intercept,intercept,1.0
per_capita,M1b,TCD,intercept,intercept,1.0
per_capita,M1b,COG,intercept,intercept,1.0
per_capita,M1b,COD,intercept,intercept,1.0
per_capita,M1b,CIV,intercept,intercept,1.0
per_capita,M1b,DJI,intercept,intercept,1.0
per_capita,M1b,EGY,intercept,intercept,1.0
per_capita,M1b,GNQ,intercept,intercept,1.0
per_capita,M1b,ERI,intercept,intercept,1.0
per_capita,M1b,ETH,intercept,intercept,1.0
per_capita,M1b,GAB,intercept,intercept,1.0
per_capita,M1b,GHA,intercept,intercept,1.0
per_capita,M1b,GIN,intercept,intercept,1.0
per_capita,M1b,GNB,intercept,intercept,1.0
per_capita,M1b,KEN,intercept,intercept,1.0
per_capita,M1b,LSO,intercept,intercept,1.0
per_capita,M1b,LBR,intercept,intercept,1.0
per_capita,M1b,LBY,intercept,intercept,1.0
per_capita,M1b,MDG,intercept,intercept,1.0
per_capita,M1b,MWI,intercept,intercept,1.0
per_capita,M1b,MLI,intercept,intercept,1.0
per_capita,M1b,MRT,intercept,intercept,1.0
per_capita,M1b,MAR,intercept,intercept,1.0
per_capita,M1b,MOZ,intercept,intercept,1.0
per_capita,M1b,NAM,intercept,intercept,1.0
per_capita,M1b,NER,intercept,intercept,1.0
per_capita,M1b,NGA,intercept,intercept,1.0
per_capita,M1b,RWA,intercept,intercept,1.0
per_capita,M1b,SEN,intercept,intercept,1.0
per_capita,M1b,SLE,intercept,intercept,1.0
per_capita,M1b,SOM,intercept,intercept,1.0
per_capita,M1b,ZAF,intercept,intercept,1.0
per_capita,M1b,SDN,intercept,intercept,1.0
per_capita,M1b,SWZ,intercept,intercept,1.0
per_capita,M1b,TZA,intercept,intercept,1.0
per_capita,M1b,TGO,intercept,intercept,1.0
per_capita,M1b,TUN,intercept,intercept,1.0
per_capita,M1b,UGA,intercept,intercept,1.0
per_capita,M1b,ZMB,intercept,intercept,1.0
per_capita,M1b,ZWE,intercept,intercept,1.0
per_capita,M1b,AFG,intercept,intercept,1.0
per_capita,M1b,ARM,intercept,intercept,1.0
per_capita,M1b,AZE,intercept,intercept,1.0
per_capita,M1b,BGD,intercept,intercept,1.0
per_capita,M1b,MMR,intercept,intercept,1.0
per_capita,M1b,KHM,intercept,intercept,1.0
per_capita,M1b,CHN,intercept,intercept,1.0
per_capita,M1b,GEO,intercept,intercept,1.0
per_capita,M1b,IND,intercept,intercept,1.0
per_capita,M1b,IDN,intercept,intercept,1.0
per_capita,M1b,IRN,intercept,intercept,1.0
per_capita,M1b,IRQ,intercept,intercept,1.0
per_capita,M1b,ISR,intercept,intercept,1.0
per_capita,M1b,JPN,intercept,intercept,1.0
per_capita,M1b,JOR,intercept,intercept,1.0
per_capita,M1b,KAZ,intercept,intercept,1.0
per_capita,M1b,LAO,intercept,intercept,1.0
per_capita,M1b,LBN,intercept,intercept,1.0
per_capita,M1b,MYS,intercept,intercept,1.0
per_capita,M1b,MNG,intercept,intercept,1.0
per_capita,M1b,NPL,intercept,intercept,1.0
per_capita,M1b,OMN,intercept,intercept,1.0
per_capita,M1b,PAK,intercept,intercept,1.0
per_capita,M1b,PHL,intercept,intercept,1.0
per_capita,M1b,QAT,intercept,intercept,1.0
per_capita,M1b,SAU,intercept,intercept,1.0
per_capita,M1b,KOR,intercept,intercept,1.0
per_capita,M1b,LKA,intercept,intercept,1.0
per_capita,M1b,SYR,intercept,intercept,1.0
per_capita,M1b,TWN,intercept,intercept,1.0
per_capita,M1b,TJK,intercept,intercept,1.0
per_capita,M1b,THA,intercept,intercept,1.0
per_capita,M1b,TUR,intercept,intercept,1.0
per_capita,M1b,TKM,intercept,intercept,1.0
per_capita,M1b,ARE,intercept,intercept,1.0
per_capita,M1b,UZB,intercept,intercept,1.0
per_capita,M1b,VNM,intercept,intercept,1.0
per_capita,M1b,YEM,intercept,intercept,1.0
per_capita,M1b,ALB,intercept,intercept,1.0
per_capita,M1b,AUT,intercept,intercept,1.0
per_capita,M1b,BLR,intercept,intercept,1.0
per_capita,M1b,BEL,intercept,intercept,1.0
per_capita,M1b,BIH,intercept,intercept,1.0
per_capita,M1b,BGR,intercept,intercept,1.0
per_capita,M1b,HRV,intercept,intercept,1.0
per_capita,M1b,CYP,intercept,intercept,1.0
per_capita,M1b,CZE,intercept,intercept,1.0
per_capita,M1b,DNK,intercept,intercept,1.0
per_capita,M1b,EST,intercept,intercept,1.0
per_capita,M1b,FIN,intercept,intercept,1.0
per_capita,M1b,FRA,intercept,intercept,1.0
per_capita,M1b,DEU,intercept,intercept,1.0
per_capita,M1b,GRC,intercept,intercept,1.0
per_capita,M1b,HUN,intercept,intercept,1.0
per_capita,M1b,ISL,intercept,intercept,1.0
per_capita,M1b,IRL,intercept,intercept,1.0
per_capita,M1b,ITA,intercept,intercept,1.0
per_capita,M1b,LVA,intercept,intercept,1.0
per_capita,M1b,LTU,intercept,intercept,1.0
per_capita,M1b,MKD,intercept,intercept,1.0
per_capita,M1b,MDA,intercept,intercept,1.0
per_capita,M1b,MNE,intercept,intercept,1.0
per_capita,M1b,NLD,intercept,intercept,1.0
per_capita,M1b,NOR,intercept,intercept,1.0
per_capita,M1b,POL,intercept,intercept,1.0
per_capita,M1b,PRT,intercept,intercept,1.0
per_capita,M1b,ROU,intercept,intercept,1.0
per_capita,M1b,RUS,intercept,intercept,1.0
per_capita,M1b,SRB,intercept,intercept,1.0
per_capita,M1b,SVK,intercept,intercept,1.0
per_capita,M1b,SVN,intercept,intercept,1.0
per_capita,M1b,ESP,intercept,intercept,1.0
per_capita,M1b,SWE,intercept,intercept,1.0
per_capita,M1b,CHE,intercept,intercept,1.0
per_capita,M1b,UKR,intercept,intercept,1.0
per_capita,M1b,GBR,intercept,intercept,1.0
per_capita,M1b,BHS,intercept,intercept,1.0
per_capita,M1b,CAN,intercept,intercept,1.0
per_capita,M1b,CRI,intercept,intercept,1.0
per_capita,M1b,CUB,intercept,intercept,1.0
per_capita,M1b,DOM,intercept,intercept,1.0
per_capita,M1b,SLV,intercept,intercept,1.0
per_capita,M1b,GTM,intercept,intercept,1.0
per_capita,M1b,HTI,intercept,intercept,1.0
per_capita,M1b,HND,intercept,intercept,1.0
per_capita,M1b,JAM,intercept,intercept,1.0
per_capita,M1b,MEX,intercept,intercept,1.0
per_capita,M1b,NIC,intercept,intercept,1.0
per_capita,M1b,PAN,intercept,intercept,1.0
per_capita,M1b,USA,intercept,intercept,1.0
per_capita,M1b,AUS,intercept,intercept,1.0
per_capita,M1b,NZL,intercept,intercept,1.0
per_capita,M1b,PNG,intercept,intercept,1.0
per_capita,M1b,ARG,intercept,intercept,1.0
per_capita,M1b,BOL,intercept,intercept,1.0
per_capita,M1b,BRA,intercept,intercept,1.0
per_capita,M1b,CHL,intercept,intercept,1.0
per_capita,M1b,COL,intercept,intercept,1.0
per_capita,M1b,ECU,intercept,intercept,1.0
per_capita,M1b,PRY,intercept,intercept,1.0
per_capita,M1b,PER,intercept,intercept,1.0
per_capita,M1b,SUR,intercept,intercept,1.0
per_capita,M1b,URY,intercept,intercept,1.0
per_capita,M1b,VEN,intercept,intercept,1.0
per_capita,M1b,DZA,cum_co2_per_capita,emissions,1.9640651933812026
per_capita,M1b,AGO,cum_co2_per_capita,emissions,1.272970907896288
per_capita,M1b,BEN,cum_co2_per_capita,emissions,0.7966761484133703
per_capita,M1b,BWA,cum_co2_per_capita,emissions,1.7050686542957503
per_capita,M1b,BFA,cum_co2_per_capita,emissions,0.33671931349566636
per_capita,M1b,BDI,cum_co2_per_capita,emissions,-0.04104112676432101
per_capita,M1b,CMR,cum_co2_per_capita,emissions,0.9771452211025551
per_capita,M1b,CAF,cum_co2_per_capita,emissions,0.28995185570360427
per_capita,M1b,TCD,cum_co2_per_capita,emissions,0.24186929499159554
per_capita,M1b,COG,cum_co2_per_capita,emissions,1.3699174844179824
per_capita,M1b,COD,cum_co2_per_capita,emissions,0.40055090009096767
per_capita,M1b,CIV,cum_co2_per_capita,emissions,1.0484406928512247
per_capita,M1b,DJI,cum_co2_per_capita,emissions,1.2011239979479478
per_capita,M1b,EGY,cum_co2_per_capita,emissions,1.6994031509078225
per_capita,M1b,GNQ,cum_co2_per_capita,emissions,1.8100736244798639
per_capita,M1b,ERI,cum_co2_per_capita,emissions,0.5947783430722957
per_capita,M1b,ETH,cum_co2_per_capita,emissions,0.20244300440787286
per_capita,M1b,GAB,cum_co2_per_capita,emissions,2.108640985241993
per_capita,M1b,GHA,cum_co2_per_capita,emissions,0.941118744381487
per_capita,M1b,GIN,cum_co2_per_capita,emissions,0.7655778545700505
per_capita,M1b,GNB,cum_co2_per_capita,emissions,0.5122035310105065
per_capita,M1b,KEN,cum_co2_per_capita,emissions,0.8931095508159184
per_capita,M1b,LSO,cum_co2_per_capita,emissions,1.3560002328999916
per_capita,M1b,LBR,cum_co2_per_capita,emissions,0.9943139238954385
per_capita,M1b,LBY,cum_co2_per_capita,emissions,2.4601471340636447
per_capita,M1b,MDG,cum_co2_per_capita,emissions,0.4661833052876193
per_capita,M1b,MWI,cum_co2_per_capita,emissions,0.4006344896298506
per_capita,M1b,MLI,cum_co2_per_capita,emissions,0.35288790032355455
per_capita,M1b,MRT,cum_co2_per_capita,emissions,1.1619154768261646
per_capita,M1b,MAR,cum_co2_per_capita,emissions,1.5874391675456656
per_capita,M1b,MOZ,cum_co2_per_capita,emissions,0.7006550311609653
per_capita,M1b,NAM,cum_co2_per_capita,emissions,1.3357095586597973
per_capita,M1b,NER,cum_co2_per_capita,emissions,0.25373486687419905
per_capita,M1b,NGA,cum_co2_per_capita,emissions,1.2663956986140794
per_capita,M1b,RWA,cum_co2_per_capita,emissions,0.28672926272177235
per_capita,M1b,SEN,cum_co2_per_capita,emissions,1.0978902993271602
per_capita,M1b,SLE,cum_co2_per_capita,emissions,0.6367437677149098
per_capita,M1b,SOM,cum_co2_per_capita,emissions,0.3659608999764163
per_capita,M1b,ZAF,cum_co2_per_capita,emissions,2.514702230298455
per_capita,M1b,SDN,cum_co2_per_capita,emissions,0.9210640494815501
per_capita,M1b,SWZ,cum_co2_per_capita,emissions,1.4760052610192897
per_capita,M1b,TZA,cum_co2_per_capita,emissions,0.5416687316849194
per_capita,M1b,TGO,cum_co2_per_capita,emissions,0.8768938096042991
per_capita,M1b,TUN,cum_co2_per_capita,emissions,1.8134139806813871
per_capita,M1b,UGA,cum_co2_per_capita,emissions,0.3013733670768759
per_capita,M1b,ZMB,cum_co2_per_capita,emissions,1.1241299746095987
per_capita,M1b,ZWE,cum_co2_per_capita,emissions,1.7040673144229816
per_capita,M1b,AFG,cum_co2_per_capita,emissions,0.6256285608471236
per_capita,M1b,ARM,cum_co2_per_capita,emissions,2.0606610241549634
per_capita,M1b,AZE,cum_co2_per_capita,emissions,2.3700037384882053
per_capita,M1b,BGD,cum_co2_per_capita,emissions,0.804311575255652
per_capita,M1b,MMR,cum_co2_per_capita,emissions,0.9208120315915735
per_capita,M1b,KHM,cum_co2_per_capita,emissions,0.6969553588971745
per_capita,M1b,CHN,cum_co2_per_capita,emissions,2.0807785302963895
per_capita,M1b,GEO,cum_co2_per_capita,emissions,2.156522948595481
per_capita,M1b,IND,cum_co2_per_capita,emissions,1.461739468388228
per_capita,M1b,IDN,cum_co2_per_capita,emissions,1.608649810465107
per_capita,M1b,IRN,cum_co2_per_capita,emissions,2.238209210766924
per_capita,M1b,IRQ,cum_co2_per_capita,emissions,1.9745984395387601
per_capita,M1b,ISR,cum_co2_per_capita,emissions,2.402314054273582
per_capita,M1b,JPN,cum_co2_per_capita,emissions,2.6528892782358793
per_capita,M1b,JOR,cum_co2_per_capita,emissions,1.821488007531938
per_capita,M1b,KAZ,cum_co2_per_capita,emissions,2.8243398528943975
per_capita,M1b,LAO,cum_co2_per_capita,emissions,0.8167467424429006
per_capita,M1b,LBN,cum_co2_per_capita,emissions,1.9812339526728724
per_capita,M1b,MYS,cum_co2_per_capita,emissions,2.138980780811092
per_capita,M1b,MNG,cum_co2_per_capita,emissions,2.1966979114343146
per_capita,M1b,NPL,cum_co2_per_capita,emissions,0.4754442740603263
per_capita,M1b,OMN,cum_co2_per_capita,emissions,2.3591718672213204
per_capita,M1b,PAK,cum_co2_per_capita,emissions,1.2346809835045816
per_capita,M1b,PHL,cum_co2_per_capita,emissions,1.3851273374491946
per_capita,M1b,QAT,cum_co2_per_capita,emissions,2.8515569176277293
per_capita,M1b,SAU,cum_co2_per_capita,emissions,2.6235326396076415
per_capita,M1b,KOR,cum_co2_per_capita,emissions,2.4416060085126965
per_capita,M1b,LKA,cum_co2_per_capita,emissions,1.2098286486381225
per_capita,M1b,SYR,cum_co2_per_capita,emissions,1.8949602164919561
per_capita,M1b,TWN,cum_co2_per_capita,emissions,2.4789162763230577
per_capita,M1b,TJK,cum_co2_per_capita,emissions,1.716600481800754
per_capita,M1b,THA,cum_co2_per_capita,emissions,1.8782532158596084
per_capita,M1b,TUR,cum_co2_per_capita,emissions,2.0279791746567883
per_capita,M1b,TKM,cum_co2_per_capita,emissions,2.5127280269449987
per_capita,M1b,ARE,cum_co2_per_capita,emissions,2.6483576813532497
per_capita,M1b,UZB,cum_co2_per_capita,emissions,2.267118176258901
per_capita,M1b,VNM,cum_co2_per_capita,emissions,1.4433934930323624
per_capita,M1b,YEM,cum_co2_per_capita,emissions,1.2908918476391107
per_capita,M1b,ALB,cum_co2_per_capita,emissions,1.9408859912614769
per_capita,M1b,AUT,cum_co2_per_capita,emissions,2.774405371270569
per_capita,M1b,BLR,cum_co2_per_capita,emissions,2.680105398521193
per_capita,M1b,BEL,cum_co2_per_capita,emissions,3.026532955148929
per_capita,M1b,BIH,cum_co2_per_capita,emissions,2.354500654235709
per_capita,M1b,BGR,cum_co2_per_capita,emissions,2.68538272105901
per_capita,M1b,HRV,cum_co2_per_capita,emissions,2.367210514256764
per_capita,M1b,CYP,cum_co2_per_capita,emissions,2.3119197189026357
per_capita,M1b,CZE,cum_co2_per_capita,emissions,3.029836624790655
per_capita,M1b,DNK,cum_co2_per_capita,emissions,2.8355931105546195
per_capita,M1b,EST,cum_co2_per_capita,emissions,3.061710465807341
per_capita,M1b,FIN,cum_co2_per_capita,emissions,2.7237820100358
per_capita,M1b,FRA,cum_co2_per_capita,emissions,2.755339914846845
per_capita,M1b,DEU,cum_co2_per_capita,emissions,3.032471309553025
per_capita,M1b,GRC,cum_co2_per_capita,emissions,2.5141907841730937
per_capita,M1b,HUN,cum_co2_per_capita,emissions,2.6748590320508128
per_capita,M1b,ISL,cum_co2_per_capita,emissions,2.612259261342069
per_capita,M1b,IRL,cum_co2_per_capita,emissions,2.627006274456005
per_capita,M1b,ITA,cum_co2_per_capita,emissions,2.5655039934003714
per_capita,M1b,LVA,cum_co2_per_capita,emissions,2.651621339600986
per_capita,M1b,LTU,cum_co2_per_capita,emissions,2.6949453197922058
per_capita,M1b,MKD,cum_co2_per_capita,emissions,2.3601075181643276
per_capita,M1b,MDA,cum_co2_per_capita,emissions,2.581813794671723
per_capita,M1b,MNE,cum_co2_per_capita,emissions,2.1838952359785884
per_capita,M1b,NLD,cum_co2_per_capita,emissions,2.7983938122024496
per_capita,M1b,NOR,cum_co2_per_capita,emissions,2.6598631484298556
per_capita,M1b,POL,cum_co2_per_capita,emissions,2.825591476308173
per_capita,M1b,PRT,cum_co2_per_capita,emissions,2.336013760916489
per_capita,M1b,ROU,cum_co2_per_capita,emissions,2.6023622787180356
per_capita,M1b,RUS,cum_co2_per_capita,emissions,2.8582511218334727
per_capita,M1b,SRB,cum_co2_per_capita,emissions,2.5264184110511017
per_capita,M1b,SVK,cum_co2_per_capita,emissions,2.830370249299811
per_capita,M1b,SVN,cum_co2_per_capita,emissions,2.5694133603833804
per_capita,M1b,ESP,cum_co2_per_capita,emissions,2.4435879136276015
per_capita,M1b,SWE,cum_co2_per_capita,emissions,2.689173020462263
per_capita,M1b,CHE,cum_co2_per_capita,emissions,2.533147891421566
per_capita,M1b,UKR,cum_co2_per_capita,emissions,2.7984578815556818
per_capita,M1b,GBR,cum_co2_per_capita,emissions,3.072492860757877
per_capita,M1b,BHS,cum_co2_per_capita,emissions,2.605416873050119
per_capita,M1b,CAN,cum_co2_per_capita,emissions,2.9229164138682964
per_capita,M1b,CRI,cum_co2_per_capita,emissions,1.6266618506757686
per_capita,M1b,CUB,cum_co2_per_capita,emissions,2.1358689228124548
per_capita,M1b,DOM,cum_co2_per_capita,emissions,1.7489512329680286
per_capita,M1b,SLV,cum_co2_per_capita,emissions,1.482689960720731
per_capita,M1b,GTM,cum_co2_per_capita,emissions,1.3181289359466606
per_capita,M1b,HTI,cum_co2_per_capita,emissions,0.7338094095955683
per_capita,M1b,HND,cum_co2_per_capita,emissions,1.3317620526995058
per_capita,M1b,JAM,cum_co2_per_capita,emissions,2.1548234778481015
per_capita,M1b,MEX,cum_co2_per_capita,emissions,2.1553497207432772
per_capita,M1b,NIC,cum_co2_per_capita,emissions,1.3702439507811297
per_capita,M1b,PAN,cum_co2_per_capita,emissions,1.803977727985472
per_capita,M1b,USA,cum_co2_per_capita,emissions,3.072582867976504
per_capita,M1b,AUS,cum_co2_per_capita,emissions,2.8283908367771993
per_capita,M1b,NZL,cum_co2_per_capita,emissions,2.564578238410458
per_capita,M1b,PNG,cum_co2_per_capita,emissions,1.1866006953283204
per_capita,M1b,ARG,cum_co2_per_capita,emissions,2.2246592158859397
per_capita,M1b,BOL,cum_co2_per_capita,emissions,1.5689464395654193
per_capita,M1b,BRA,cum_co2_per_capita,emissions,1.8088199171473769
per_capita,M1b,CHL,cum_co2_per_capita,emissions,2.135225764952555
per_capita,M1b,COL,cum_co2_per_capita,emissions,1.7808001219723566
per_capita,M1b,ECU,cum_co2_per_capita,emissions,1.7769140857854893
per_capita,M1b,PRY,cum_co2_per_capita,emissions,1.3248166729984387
per_capita,M1b,PER,cum_co2_per_capita,emissions,1.7110156879174476
per_capita,M1b,SUR,cum_co2_per_capita,emissions,2.238420267248098
per_capita,M1b,URY,cum_co2_per_capita,emissions,2.0779242768216033
per_capita,M1b,VEN,cum_co2_per_capita,emissions,2.338119661938832
per_capita,M1b,DZA,abs_latitude,geography,35.206
per_capita,M1b,AGO,abs_latitude,geography,12.32
per_capita,M1b,BEN,abs_latitude,geography,8.571666666666667
per_capita,M1b,BWA,abs_latitude,geography,24.92
per_capita,M1b,BFA,abs_latitude,geography,11.25
per_capita,M1b,BDI,abs_latitude,geography,4.02
per_capita,M1b,CMR,abs_latitude,geography,6.484666666666667
per_capita,M1b,CAF,abs_latitude,geography,4.02
per_capita,M1b,TCD,abs_latitude,geography,8.84
per_capita,M1b,COG,abs_latitude,geography,4.02
per_capita,M1b,COD,abs_latitude,geography,4.717826086956522
per_capita,M1b,CIV,abs_latitude,geography,6.492307692307692
per_capita,M1b,DJI,abs_latitude,geography,12.05
per_capita,M1b,EGY,abs_latitude,geography,29.316842105263156
per_capita,M1b,GNQ,abs_latitude,geography,3.215
per_capita,M1b,ERI,abs_latitude,geography,15.27
per_capita,M1b,ETH,abs_latitude,geography,9.553333333333335
per_capita,M1b,GAB,abs_latitude,geography,0.8
per_capita,M1b,GHA,abs_latitude,geography,6.164444444444444
per_capita,M1b,GIN,abs_latitude,geography,9.2425
per_capita,M1b,GNB,abs_latitude,geography,12.05
per_capita,M1b,KEN,abs_latitude,geography,1.3366666666666667
per_capita,M1b,LSO,abs_latitude,geography,29.74
per_capita,M1b,LBR,abs_latitude,geography,7.23
per_capita,M1b,LBY,abs_latitude,geography,31.827000000000005
per_capita,M1b,MDG,abs_latitude,geography,19.555
per_capita,M1b,MWI,abs_latitude,geography,14.465
per_capita,M1b,MLI,abs_latitude,geography,12.589999999999998
per_capita,M1b,MRT,abs_latitude,geography,18.48
per_capita,M1b,MAR,abs_latitude,geography,33.757
per_capita,M1b,MOZ,abs_latitude,geography,19.420833333333334
per_capita,M1b,NAM,abs_latitude,geography,23.31
per_capita,M1b,NER,abs_latitude,geography,13.660000000000002
per_capita,M1b,NGA,abs_latitude,geography,8.044835164835165
per_capita,M1b,RWA,abs_latitude,geography,2.41
per_capita,M1b,SEN,abs_latitude,geography,14.665
per_capita,M1b,SLE,abs_latitude,geography,8.84
per_capita,M1b,SOM,abs_latitude,geography,4.66
per_capita,M1b,ZAF,abs_latitude,geography,28.1294
per_capita,M1b,SDN,abs_latitude,geography,12.053999999999998
per_capita,M1b,SWZ,abs_latitude,geography,26.52
per_capita,M1b,TZA,abs_latitude,geography,5.726875
per_capita,M1b,TGO,abs_latitude,geography,8.035
per_capita,M1b,TUN,abs_latitude,geography,35.525999999999996
per_capita,M1b,UGA,abs_latitude,geography,1.8733333333333333
per_capita,M1b,ZMB,abs_latitude,geography,13.86
per_capita,M1b,ZWE,abs_latitude,geography,18.94
per_capita,M1b,AFG,abs_latitude,geography,34.158750000000005
per_capita,M1b,ARM,abs_latitude,geography,40.99
per_capita,M1b,AZE,abs_latitude,geography,40.99
per_capita,M1b,BGD,abs_latitude,geography,24.072105263157894
per_capita,M1b,MMR,abs_latitude,geography,18.803
per_capita,M1b,KHM,abs_latitude,geography,12.05
per_capita,M1b,CHN,abs_latitude,geography,33.82457894736842
per_capita,M1b,GEO,abs_latitude,geography,40.99
per_capita,M1b,IND,abs_latitude,geography,22.25485933503836
per_capita,M1b,IDN,abs_latitude,geography,5.857724137931035
per_capita,M1b,IRN,abs_latitude,geography,34.34257575757576
per_capita,M1b,IRQ,abs_latitude,geography,35.365
per_capita,M1b,ISR,abs_latitude,geography,32.06111111111111
per_capita,M1b,JPN,abs_latitude,geography,35.745828571428575
per_capita,M1b,JOR,abs_latitude,geography,32.95
per_capita,M1b,KAZ,abs_latitude,geography,48.915333333333336
per_capita,M1b,LAO,abs_latitude,geography,18.48
per_capita,M1b,LBN,abs_latitude,geography,34.02333333333333
per_capita,M1b,MYS,abs_latitude,geography,3.6174999999999997
per_capita,M1b,MNG,abs_latitude,geography,47.42
per_capita,M1b,NPL,abs_latitude,geography,27.439999999999998
per_capita,M1b,OMN,abs_latitude,geography,16.87
per_capita,M1b,PAK,abs_latitude,geography,30.52915254237288
per_capita,M1b,PHL,abs_latitude,geography,12.598307692307692
per_capita,M1b,QAT,abs_latitude,geography,24.92
per_capita,M1b,SAU,abs_latitude,geography,22.617142857142856
per_capita,M1b,KOR,abs_latitude,geography,37.78
per_capita,M1b,LKA,abs_latitude,geography,7.7666666666666675
per_capita,M1b,SYR,abs_latitude,geography,34.56
per_capita,M1b,TWN,abs_latitude,geography,24.490666666666666
per_capita,M1b,TJK,abs_latitude,geography,40.185
per_capita,M1b,THA,abs_latitude,geography,13.88904761904762
per_capita,M1b,TUR,abs_latitude,geography,38.91117647058824
per_capita,M1b,TKM,abs_latitude,geography,39.38333333333333
per_capita,M1b,ARE,abs_latitude,geography,24.92
per_capita,M1b,UZB,abs_latitude,geography,40.386250000000004
per_capita,M1b,VNM,abs_latitude,geography,14.572666666666667
per_capita,M1b,YEM,abs_latitude,geography,13.66
per_capita,M1b,ALB,abs_latitude,geography,40.99
per_capita,M1b,AUT,abs_latitude,geography,48.064
per_capita,M1b,BLR,abs_latitude,geography,52.84
per_capita,M1b,BEL,abs_latitude,geography,50.63
per_capita,M1b,BIH,abs_latitude,geography,43.878
per_capita,M1b,BGR,abs_latitude,geography,43.050000000000004
per_capita,M1b,HRV,abs_latitude,geography,45.27333333333333
per_capita,M1b,CYP,abs_latitude,geography,34.56
per_capita,M1b,CZE,abs_latitude,geography,49.99
per_capita,M1b,DNK,abs_latitude,geography,56.25
per_capita,M1b,EST,abs_latitude,geography,58.66
per_capita,M1b,FIN,abs_latitude,geography,61.556000000000004
per_capita,M1b,FRA,abs_latitude,geography,46.79361111111112
per_capita,M1b,DEU,abs_latitude,geography,50.89012345679013
per_capita,M1b,GRC,abs_latitude,geography,38.00714285714286
per_capita,M1b,HUN,abs_latitude,geography,47.062222222222225
per_capita,M1b,ISL,abs_latitude,geography,65.09
per_capita,M1b,IRL,abs_latitude,geography,53.040000000000006
per_capita,M1b,ITA,abs_latitude,geography,43.01619047619048
per_capita,M1b,LVA,abs_latitude,geography,56.25
per_capita,M1b,LTU,abs_latitude,geography,55.45
per_capita,M1b,MKD,abs_latitude,geography,42.59
per_capita,M1b,MDA,abs_latitude,geography,47.419999999999995
per_capita,M1b,MNE,abs_latitude,geography,42.59
per_capita,M1b,NLD,abs_latitude,geography,52.239583333333336
per_capita,M1b,NOR,abs_latitude,geography,60.6725
per_capita,M1b,POL,abs_latitude,geography,51.64473684210526
per_capita,M1b,PRT,abs_latitude,geography,40.07
per_capita,M1b,ROU,abs_latitude,geography,46.00320000000001
per_capita,M1b,RUS,abs_latitude,geography,53.74948717948718
per_capita,M1b,SRB,abs_latitude,geography,43.663333333333334
per_capita,M1b,SVK,abs_latitude,geography,48.225
per_capita,M1b,SVN,abs_latitude,geography,45.81
per_capita,M1b,ESP,abs_latitude,geography,39.671200000000006
per_capita,M1b,SWE,abs_latitude,geography,58.662
per_capita,M1b,CHE,abs_latitude,geography,46.775999999999996
per_capita,M1b,UKR,abs_latitude,geography,48.826249999999995
per_capita,M1b,GBR,abs_latitude,geography,52.80411764705883
per_capita,M1b,BHS,abs_latitude,geography,24.92
per_capita,M1b,CAN,abs_latitude,geography,46.77360000000001
per_capita,M1b,CRI,abs_latitude,geography,10.45
per_capita,M1b,CUB,abs_latitude,geography,21.125
per_capita,M1b,DOM,abs_latitude,geography,19.016666666666666
per_capita,M1b,SLV,abs_latitude,geography,13.660000000000002
per_capita,M1b,GTM,abs_latitude,geography,15.270000000000001
per_capita,M1b,HTI,abs_latitude,geography,18.802
per_capita,M1b,HND,abs_latitude,geography,14.947999999999999
per_capita,M1b,JAM,abs_latitude,geography,18.48
per_capita,M1b,MEX,abs_latitude,geography,22.14556701030928
per_capita,M1b,NIC,abs_latitude,geography,12.05
per_capita,M1b,PAN,abs_latitude,geography,8.84
per_capita,M1b,USA,abs_latitude,geography,36.592217898832686
per_capita,M1b,AUS,abs_latitude,geography,32.14857142857143
per_capita,M1b,NZL,abs_latitude,geography,39.562222222222225
per_capita,M1b,PNG,abs_latitude,geography,8.84
per_capita,M1b,ARG,abs_latitude,geography,32.450625
per_capita,M1b,BOL,abs_latitude,geography,18.748333333333335
per_capita,M1b,BRA,abs_latitude,geography,19.28931818181818
per_capita,M1b,CHL,abs_latitude,geography,33.42125
per_capita,M1b,COL,abs_latitude,geography,6.203846153846153
per_capita,M1b,ECU,abs_latitude,geography,1.790769230769231
per_capita,M1b,PRY,abs_latitude,geography,24.92
per_capita,M1b,PER,abs_latitude,geography,10.519545454545455
per_capita,M1b,SUR,abs_latitude,geography,5.63
per_capita,M1b,URY,abs_latitude,geography,32.955
per_capita,M1b,VEN,abs_latitude,geography,10.087250000000001
per_capita,M1b,DZA,elevation,geography,314.5950439453125
per_capita,M1b,AGO,elevation,geography,447.00633748372394
per_capita,M1b,BEN,elevation,geography,170.6803414026896
per_capita,M1b,BWA,elevation,geography,1113.0069580078125
per_capita,M1b,BFA,elevation,geography,328.78623962402344
per_capita,M1b,BDI,elevation,geography,1952.42529296875
per_capita,M1b,CMR,elevation,geography,373.34877624511716
per_capita,M1b,CAF,elevation,geography,362.7322998046875
per_capita,M1b,TCD,elevation,geography,398.74542236328125
per_capita,M1b,COG,elevation,geography,392.1075134277344
per_capita,M1b,COD,elevation,geography,740.5418668000594
per_capita,M1b,CIV,elevation,geography,145.13958637530988
per_capita,M1b,DJI,elevation,geography,955.0897827148438
per_capita,M1b,EGY,elevation,geography,153.40576180345133
per_capita,M1b,GNQ,elevation,geography,173.23263549804688
per_capita,M1b,ERI,elevation,geography,1375.2100830078125
per_capita,M1b,ETH,elevation,geography,1702.080790201823
per_capita,M1b,GAB,elevation,geography,-640.96875
per_capita,M1b,GHA,elevation,geography,63.10153892305162
per_capita,M1b,GIN,elevation,geography,285.3084411621094
per_capita,M1b,GNB,elevation,geography,18.24833106994629
per_capita,M1b,KEN,elevation,geography,1525.0360488891602
per_capita,M1b,LSO,elevation,geography,1859.45947265625
per_capita,M1b,LBR,elevation,geography,250.87191772460938
per_capita,M1b,LBY,elevation,geography,-125.94530410766602
per_capita,M1b,MDG,elevation,geography,-329.610299428304
per_capita,M1b,MWI,elevation,geography,1041.6434326171875
per_capita,M1b,MLI,elevation,geography,325.3349304199219
per_capita,M1b,MRT,elevation,geography,16.04151153564453
per_capita,M1b,MAR,elevation,geography,498.75402641296387
per_capita,M1b,MOZ,elevation,geography,119.55623495578766
per_capita,M1b,NAM,elevation,geography,1778.283447265625
per_capita,M1b,NER,elevation,geography,363.1866963704427
per_capita,M1b,NGA,elevation,geography,194.73254671201602
per_capita,M1b,RWA,elevation,geography,1644.7860107421875
per_capita,M1b,SEN,elevation,geography,-287.7956578731537
per_capita,M1b,SLE,elevation,geography,216.62176513671875
per_capita,M1b,SOM,elevation,geography,34.74064483642578
per_capita,M1b,ZAF,elevation,geography,1144.452760925293
per_capita,M1b,SDN,elevation,geography,447.6297546386719
per_capita,M1b,SWZ,elevation,geography,58.5894775390625
per_capita,M1b,TZA,elevation,geography,890.7327861785889
per_capita,M1b,TGO,elevation,geography,333.53379821777344
per_capita,M1b,TUN,elevation,geography,260.5694213867188
per_capita,M1b,UGA,elevation,geography,1101.8234049479167
per_capita,M1b,ZMB,elevation,geography,1189.5065307617188
per_capita,M1b,ZWE,elevation,geography,1307.260498046875
per_capita,M1b,AFG,elevation,geography,1700.4435272216797
per_capita,M1b,ARM,elevation,geography,1651.8125
per_capita,M1b,AZE,elevation,geography,715.4375
per_capita,M1b,BGD,elevation,geography,10.800667110242342
per_capita,M1b,MMR,elevation,geography,209.8380369782448
per_capita,M1b,KHM,elevation,geography,17.38812828063965
per_capita,M1b,CHN,elevation,geography,452.5437363197929
per_capita,M1b,GEO,elevation,geography,1651.8125
per_capita,M1b,IND,elevation,geography,241.7615375030986
per_capita,M1b,IDN,elevation,geography,119.2868159606539
per_capita,M1b,IRN,elevation,geography,1447.170124689738
per_capita,M1b,IRQ,elevation,geography,289.8549337387085
per_capita,M1b,ISR,elevation,geography,476.33343505859375
per_capita,M1b,JPN,elevation,geography,168.62458624703544
per_capita,M1b,JOR,elevation,geography,941.8968505859375
per_capita,M1b,KAZ,elevation,geography,484.8650632222494
per_capita,M1b,LAO,elevation,geography,466.8389892578125
per_capita,M1b,LBN,elevation,geography,-872.9927164713541
per_capita,M1b,MYS,elevation,geography,61.488870069384575
per_capita,M1b,MNG,elevation,geography,1629.556640625
per_capita,M1b,NPL,elevation,geography,572.1913659232004
per_capita,M1b,OMN,elevation,geography,809.6633911132812
per_capita,M1b,PAK,elevation,geography,270.0815026881331
per_capita,M1b,PHL,elevation,geography,-299.69309522188627
per_capita,M1b,QAT,elevation,geography,12.518510818481445
per_capita,M1b,SAU,elevation,geography,1105.9072004045759
per_capita,M1b,KOR,elevation,geography,3.9714112281799316
per_capita,M1b,LKA,elevation,geography,-320.5574188232422
per_capita,M1b,SYR,elevation,geography,177.92982700892858
per_capita,M1b,TWN,elevation,geography,-341.6999688545863
per_capita,M1b,TJK,elevation,geography,1916.3934326171875
per_capita,M1b,THA,elevation,geography,147.38663546244302
per_capita,M1b,TUR,elevation,geography,758.0135866052964
per_capita,M1b,TKM,elevation,geography,175.64475758870444
per_capita,M1b,ARE,elevation,geography,7.874352931976318
per_capita,M1b,UZB,elevation,geography,816.1821012496948
per_capita,M1b,VNM,elevation,geography,290.3942291418711
per_capita,M1b,YEM,elevation,geography,1076.9956665039062
per_capita,M1b,ALB,elevation,geography,-91.5625
per_capita,M1b,AUT,elevation,geography,997.8897521972656
per_capita,M1b,BLR,elevation,geography,149.20576190948486
per_capita,M1b,BEL,elevation,geography,115.06332070486886
per_capita,M1b,BIH,elevation,geography,304.62919921875
per_capita,M1b,BGR,elevation,geography,180.59325081961495
per_capita,M1b,HRV,elevation,geography,269.5243784586589
per_capita,M1b,CYP,elevation,geography,-110.875
per_capita,M1b,CZE,elevation,geography,264.7006469726563
per_capita,M1b,DNK,elevation,geography,14.889735221862793
per_capita,M1b,EST,elevation,geography,29.868961334228516
per_capita,M1b,FIN,elevation,geography,19.03453540802002
per_capita,M1b,FRA,elevation,geography,122.23891422483656
per_capita,M1b,DEU,elevation,geography,311.64766118850235
per_capita,M1b,GRC,elevation,geography,-92.69817434038434
per_capita,M1b,HUN,elevation,geography,141.55999077690973
per_capita,M1b,ISL,elevation,geography,171.58587646484375
per_capita,M1b,IRL,elevation,geography,229.5601806640625
per_capita,M1b,ITA,elevation,geography,393.7182623545329
per_capita,M1b,LVA,elevation,geography,139.87512969970703
per_capita,M1b,LTU,elevation,geography,100.8182861328125
per_capita,M1b,MKD,elevation,geography,1106.3851318359375
per_capita,M1b,MDA,elevation,geography,155.33504740397134
per_capita,M1b,MNE,elevation,geography,1227.2928466796875
per_capita,M1b,NLD,elevation,geography,28.77057038868467
per_capita,M1b,NOR,elevation,geography,536.0525588989258
per_capita,M1b,POL,elevation,geography,230.46440777025725
per_capita,M1b,PRT,elevation,geography,173.78685869489397
per_capita,M1b,ROU,elevation,geography,379.83351135253906
per_capita,M1b,RUS,elevation,geography,224.93065158860423
per_capita,M1b,SRB,elevation,geography,669.6914189656576
per_capita,M1b,SVK,elevation,geography,205.38938903808594
per_capita,M1b,SVN,elevation,geography,358.90411376953125
per_capita,M1b,ESP,elevation,geography,31.531451950073244
per_capita,M1b,SWE,elevation,geography,29.949632263183595
per_capita,M1b,CHE,elevation,geography,349.16029052734376
per_capita,M1b,UKR,elevation,geography,132.7877142826716
per_capita,M1b,GBR,elevation,geography,102.5040927213781
per_capita,M1b,BHS,elevation,geography,1.6355916261672974
per_capita,M1b,CAN,elevation,geography,361.9892102050781
per_capita,M1b,CRI,elevation,geography,147.4757843017578
per_capita,M1b,CUB,elevation,geography,-601.6696684019906
per_capita,M1b,DOM,elevation,geography,-1174.1369934082031
per_capita,M1b,SLV,elevation,geography,53.99977111816406
per_capita,M1b,GTM,elevation,geography,1338.172607421875
per_capita,M1b,HTI,elevation,geography,-314.93158264160155
per_capita,M1b,HND,elevation,geography,510.82997436523436
per_capita,M1b,JAM,elevation,geography,-1527.6361592610676
per_capita,M1b,MEX,elevation,geography,1081.4254860116034
per_capita,M1b,NIC,elevation,geography,110.783447265625
per_capita,M1b,PAN,elevation,geography,136.88180541992188
per_capita,M1b,USA,elevation,geography,360.4095271300481
per_capita,M1b,AUS,elevation,geography,-465.4354716709682
per_capita,M1b,NZL,elevation,geography,-5.283027860853407
per_capita,M1b,PNG,elevation,geography,39.91184997558594
per_capita,M1b,ARG,elevation,geography,467.42525082826614
per_capita,M1b,BOL,elevation,geography,3352.897745768229
per_capita,M1b,BRA,elevation,geography,417.889818778905
per_capita,M1b,CHL,elevation,geography,357.4125075340271
per_capita,M1b,COL,elevation,geography,933.2442020514072
per_capita,M1b,ECU,elevation,geography,638.521503008329
per_capita,M1b,PRY,elevation,geography,78.58065338134766
per_capita,M1b,PER,elevation,geography,1406.251771981066
per_capita,M1b,SUR,elevation,geography,5.543477535247803
per_capita,M1b,URY,elevation,geography,36.999884843826294
per_capita,M1b,VEN,elevation,geography,218.3050817489624
per_capita,M1b,DZA,continentality,geography,148.41535189827113
per_capita,M1b,AGO,continentality,geography,160.7492019566083
per_capita,M1b,BEN,continentality,geography,259.15676787430976
per_capita,M1b,BWA,continentality,geography,607.1320549029783
per_capita,M1b,BFA,continentality,geography,663.8004651185327
per_capita,M1b,BDI,continentality,geography,1019.9677893297082
per_capita,M1b,CMR,continentality,geography,394.9028883457315
per_capita,M1b,CAF,continentality,geography,969.5623067843129
per_capita,M1b,TCD,continentality,geography,1020.8945842181433
per_capita,M1b,COG,continentality,geography,388.2906643268661
per_capita,M1b,COD,continentality,geography,996.1091986864735
per_capita,M1b,CIV,continentality,geography,167.6921433742753
per_capita,M1b,DJI,continentality,geography,31.093075198477482
per_capita,M1b,EGY,continentality,geography,95.87474525066706
per_capita,M1b,GNQ,continentality,geography,45.269797760188965
per_capita,M1b,ERI,continentality,geography,60.38639204880394
per_capita,M1b,ETH,continentality,geography,493.0399736897681
per_capita,M1b,GAB,continentality,geography,32.622769815760456
per_capita,M1b,GHA,continentality,geography,106.09593382969571
per_capita,M1b,GIN,continentality,geography,234.83934928588695
per_capita,M1b,GNB,continentality,geography,110.84080268526557
per_capita,M1b,KEN,continentality,geography,461.7225404847252
per_capita,M1b,LSO,continentality,geography,274.4548832701292
per_capita,M1b,LBR,continentality,geography,104.43708968138911
per_capita,M1b,LBY,continentality,geography,89.88278489482425
per_capita,M1b,MDG,continentality,geography,82.73136994650416
per_capita,M1b,MWI,continentality,geography,443.73171145000083
per_capita,M1b,MLI,continentality,geography,790.6679792505496
per_capita,M1b,MRT,continentality,geography,102.59076566611054
per_capita,M1b,MAR,continentality,geography,66.70655523715897
per_capita,M1b,MOZ,continentality,geography,121.37622991964236
per_capita,M1b,NAM,continentality,geography,224.80583091201763
per_capita,M1b,NER,continentality,geography,894.9775794916054
per_capita,M1b,NGA,continentality,geography,318.513579715843
per_capita,M1b,RWA,continentality,geography,1072.1697409642793
per_capita,M1b,SEN,continentality,geography,62.13532239964827
per_capita,M1b,SLE,continentality,geography,150.18275311661122
per_capita,M1b,SOM,continentality,geography,64.56544811242864
per_capita,M1b,ZAF,continentality,geography,335.6952888931987
per_capita,M1b,SDN,continentality,geography,841.9292364635133
per_capita,M1b,SWZ,continentality,geography,58.827025394391974
per_capita,M1b,TZA,continentality,geography,432.6313852611501
per_capita,M1b,TGO,continentality,geography,233.37768488566002
per_capita,M1b,TUN,continentality,geography,65.46114059052488
per_capita,M1b,UGA,continentality,geography,954.3105346740564
per_capita,M1b,ZMB,continentality,geography,1010.4273463271114
per_capita,M1b,ZWE,continentality,geography,490.4733890974661
per_capita,M1b,AFG,continentality,geography,980.0251806546243
per_capita,M1b,ARM,continentality,geography,274.3681751312658
per_capita,M1b,AZE,continentality,geography,25.20360155335367
per_capita,M1b,BGD,continentality,geography,167.4501932416387
per_capita,M1b,MMR,continentality,geography,169.36276423745338
per_capita,M1b,KHM,continentality,geography,198.32514565256477
per_capita,M1b,CHN,continentality,geography,460.2465280733392
per_capita,M1b,GEO,continentality,geography,274.3681751312658
per_capita,M1b,IND,continentality,geography,426.4417018320571
per_capita,M1b,IDN,continentality,geography,35.7087662442575
per_capita,M1b,IRN,continentality,geography,245.46141844990464
per_capita,M1b,IRQ,continentality,geography,493.08066829081065
per_capita,M1b,ISR,continentality,geography,40.74969055425075
per_capita,M1b,JPN,continentality,geography,82.64314172622903
per_capita,M1b,JOR,continentality,geography,32.37622746276071
per_capita,M1b,KAZ,continentality,geography,1283.3287869501294
per_capita,M1b,LAO,continentality,geography,277.298802346493
per_capita,M1b,LBN,continentality,geography,59.931174779228634
per_capita,M1b,MYS,continentality,geography,33.43449978139673
per_capita,M1b,MNG,continentality,geography,1247.786939954368
per_capita,M1b,NPL,continentality,geography,675.6541122586723
per_capita,M1b,OMN,continentality,geography,15.503326119087154
per_capita,M1b,PAK,continentality,geography,782.4292145410926
per_capita,M1b,PHL,continentality,geography,31.710189245915206
per_capita,M1b,QAT,continentality,geography,6.479188127362905
per_capita,M1b,SAU,continentality,geography,193.68550798338518
per_capita,M1b,KOR,continentality,geography,0.10270068647604357
per_capita,M1b,LKA,continentality,geography,46.694283573125205
per_capita,M1b,SYR,continentality,geography,93.42535931944471
per_capita,M1b,TWN,continentality,geography,36.42621324316634
per_capita,M1b,TJK,continentality,geography,1250.1800623340782
per_capita,M1b,THA,continentality,geography,141.8254668239137
per_capita,M1b,TUR,continentality,geography,128.00623313826836
per_capita,M1b,TKM,continentality,geography,570.2171184704274
per_capita,M1b,ARE,continentality,geography,10.093384715369945
per_capita,M1b,UZB,continentality,geography,1235.4772603548088
per_capita,M1b,VNM,continentality,geography,62.6329056650239
per_capita,M1b,YEM,continentality,geography,51.31698455455971
per_capita,M1b,ALB,continentality,geography,15.22079556911455
per_capita,M1b,AUT,continentality,geography,307.4168158026393
per_capita,M1b,BLR,continentality,geography,505.97112247230973
per_capita,M1b,BEL,continentality,geography,107.65063529604579
per_capita,M1b,BIH,continentality,geography,117.31795932389403
per_capita,M1b,BGR,continentality,geography,161.43914265156482
per_capita,M1b,HRV,continentality,geography,63.022862766722064
per_capita,M1b,CYP,continentality,geography,5.212894634530487
per_capita,M1b,CZE,continentality,geography,412.2378803838792
per_capita,M1b,DNK,continentality,geography,13.150004152366645
per_capita,M1b,EST,continentality,geography,61.18713473481305
per_capita,M1b,FIN,continentality,geography,16.945009130870062
per_capita,M1b,FRA,continentality,geography,191.58322927483144
per_capita,M1b,DEU,continentality,geography,254.6552396099633
per_capita,M1b,GRC,continentality,geography,37.832746154457865
per_capita,M1b,HUN,continentality,geography,471.3236388126921
per_capita,M1b,ISL,continentality,geography,81.00297872001015
per_capita,M1b,IRL,continentality,geography,38.006117586339364
per_capita,M1b,ITA,continentality,geography,77.31098117304789
per_capita,M1b,LVA,continentality,geography,127.3360239986891
per_capita,M1b,LTU,continentality,geography,128.23898105661175
per_capita,M1b,MKD,continentality,geography,249.1916330178268
per_capita,M1b,MDA,continentality,geography,186.17367904200015
per_capita,M1b,MNE,continentality,geography,82.22403706234513
per_capita,M1b,NLD,continentality,geography,84.12315249217339
per_capita,M1b,NOR,continentality,geography,53.643774822738706
per_capita,M1b,POL,continentality,geography,315.3013901770544
per_capita,M1b,PRT,continentality,geography,52.27557760028044
per_capita,M1b,ROU,continentality,geography,338.7173828268546
per_capita,M1b,RUS,continentality,geography,773.3640644346395
per_capita,M1b,SRB,continentality,geography,266.36523983952844
per_capita,M1b,SVK,continentality,geography,481.3914559398293
per_capita,M1b,SVN,continentality,geography,80.66975858525952
per_capita,M1b,ESP,continentality,geography,122.88312330283075
per_capita,M1b,SWE,continentality,geography,75.43097905999782
per_capita,M1b,CHE,continentality,geography,318.6523818941167
per_capita,M1b,UKR,continentality,geography,290.40284273323937
per_capita,M1b,GBR,continentality,geography,72.04328617417774
per_capita,M1b,BHS,continentality,geography,23.16612848458598
per_capita,M1b,CAN,continentality,geography,476.3700986805195
per_capita,M1b,CRI,continentality,geography,77.36810714506554
per_capita,M1b,CUB,continentality,geography,18.77046674992996
per_capita,M1b,DOM,continentality,geography,22.830820802109027
per_capita,M1b,SLV,continentality,geography,9.472273407052763
per_capita,M1b,GTM,continentality,geography,150.45784284636164
per_capita,M1b,HTI,continentality,geography,6.669859990832684
per_capita,M1b,HND,continentality,geography,65.80876686673079
per_capita,M1b,JAM,continentality,geography,33.33208864969499
per_capita,M1b,MEX,continentality,geography,183.9376302671782
per_capita,M1b,NIC,continentality,geography,64.27621674754454
per_capita,M1b,PAN,continentality,geography,37.38771902554524
per_capita,M1b,USA,continentality,geography,362.91067511348734
per_capita,M1b,AUS,continentality,geography,51.902087485243456
per_capita,M1b,NZL,continentality,geography,27.11518358276313
per_capita,M1b,PNG,continentality,geography,22.920569798684497
per_capita,M1b,ARG,continentality,geography,395.0114435104324
per_capita,M1b,BOL,continentality,geography,383.94310600316356
per_capita,M1b,BRA,continentality,geography,227.37419655911592
per_capita,M1b,CHL,continentality,geography,76.85381942963869
per_capita,M1b,COL,continentality,geography,174.04108407793845
per_capita,M1b,ECU,continentality,geography,111.72413640286271
per_capita,M1b,PRY,continentality,geography,866.639709061554
per_capita,M1b,PER,continentality,geography,143.2232885931093
per_capita,M1b,SUR,continentality,geography,38.772545254957784
per_capita,M1b,URY,continentality,geography,152.09574835188806
per_capita,M1b,VEN,continentality,geography,57.22985427389291
per_capita,M1b,DZA,climate_zone=B,geography,0.0
per_capita,M1b,AGO,climate_zone=B,geography,0.0
per_capita,M1b,BEN,climate_zone=B,geography,0.0
per_capita,M1b,BWA,climate_zone=B,geography,1.0
per_capita,M1b,BFA,climate_zone=B,geography,0.0
per_capita,M1b,BDI,climate_zone=B,geography,0.0
per_capita,M1b,CMR,climate_zone=B,geography,0.0
per_capita,M1b,CAF,climate_zone=B,geography,0.0
per_capita,M1b,TCD,climate_zone=B,geography,0.0
per_capita,M1b,COG,climate_zone=B,geography,0.0
per_capita,M1b,COD,climate_zone=B,geography,0.0
per_capita,M1b,CIV,climate_zone=B,geography,0.0
per_capita,M1b,DJI,climate_zone=B,geography,1.0
per_capita,M1b,EGY,climate_zone=B,geography,1.0
per_capita,M1b,GNQ,climate_zone=B,geography,0.0
per_capita,M1b,ERI,climate_zone=B,geography,1.0
per_capita,M1b,ETH,climate_zone=B,geography,0.0
per_capita,M1b,GAB,climate_zone=B,geography,0.0
per_capita,M1b,GHA,climate_zone=B,geography,0.0
per_capita,M1b,GIN,climate_zone=B,geography,0.0
per_capita,M1b,GNB,climate_zone=B,geography,0.0
per_capita,M1b,KEN,climate_zone=B,geography,0.0
per_capita,M1b,LSO,climate_zone=B,geography,0.0
per_capita,M1b,LBR,climate_zone=B,geography,0.0
per_capita,M1b,LBY,climate_zone=B,geography,1.0
per_capita,M1b,MDG,climate_zone=B,geography,0.0
per_capita,M1b,MWI,climate_zone=B,geography,0.0
per_capita,M1b,MLI,climate_zone=B,geography,0.0
per_capita,M1b,MRT,climate_zone=B,geography,1.0
per_capita,M1b,MAR,climate_zone=B,geography,0.0
per_capita,M1b,MOZ,climate_zone=B,geography,0.0
per_capita,M1b,NAM,climate_zone=B,geography,1.0
per_capita,M1b,NER,climate_zone=B,geography,1.0
per_capita,M1b,NGA,climate_zone=B,geography,0.0
per_capita,M1b,RWA,climate_zone=B,geography,0.0
per_capita,M1b,SEN,climate_zone=B,geography,1.0
per_capita,M1b,SLE,climate_zone=B,geography,0.0
per_capita,M1b,SOM,climate_zone=B,geography,1.0
per_capita,M1b,ZAF,climate_zone=B,geography,0.0
per_capita,M1b,SDN,climate_zone=B,geography,1.0
per_capita,M1b,SWZ,climate_zone=B,geography,1.0
per_capita,M1b,TZA,climate_zone=B,geography,0.0
per_capita,M1b,TGO,climate_zone=B,geography,0.0
per_capita,M1b,TUN,climate_zone=B,geography,1.0
per_capita,M1b,UGA,climate_zone=B,geography,0.0
per_capita,M1b,ZMB,climate_zone=B,geography,0.0
per_capita,M1b,ZWE,climate_zone=B,geography,0.0
per_capita,M1b,AFG,climate_zone=B,geography,1.0
per_capita,M1b,ARM,climate_zone=B,geography,0.0
per_capita,M1b,AZE,climate_zone=B,geography,0.0
per_capita,M1b,BGD,climate_zone=B,geography,0.0
per_capita,M1b,MMR,climate_zone=B,geography,0.0
per_capita,M1b,KHM,climate_zone=B,geography,0.0
per_capita,M1b,CHN,climate_zone=B,geography,0.0
per_capita,M1b,GEO,climate_zone=B,geography,0.0
per_capita,M1b,IND,climate_zone=B,geography,0.0
per_capita,M1b,IDN,climate_zone=B,geography,0.0
per_capita,M1b,IRN,climate_zone=B,geography,1.0
per_capita,M1b,IRQ,climate_zone=B,geography,0.0
per_capita,M1b,ISR,climate_zone=B,geography,1.0
per_capita,M1b,JPN,climate_zone=B,geography,0.0
per_capita,M1b,JOR,climate_zone=B,geography,0.0
per_capita,M1b,KAZ,climate_zone=B,geography,1.0
per_capita,M1b,LAO,climate_zone=B,geography,0.0
per_capita,M1b,LBN,climate_zone=B,geography,0.0
per_capita,M1b,MYS,climate_zone=B,geography,0.0
per_capita,M1b,MNG,climate_zone=B,geography,1.0
per_capita,M1b,NPL,climate_zone=B,geography,0.0
per_capita,M1b,OMN,climate_zone=B,geography,1.0
per_capita,M1b,PAK,climate_zone=B,geography,1.0
per_capita,M1b,PHL,climate_zone=B,geography,0.0
per_capita,M1b,QAT,climate_zone=B,geography,1.0
per_capita,M1b,SAU,climate_zone=B,geography,1.0
per_capita,M1b,KOR,climate_zone=B,geography,0.0
per_capita,M1b,LKA,climate_zone=B,geography,0.0
per_capita,M1b,SYR,climate_zone=B,geography,1.0
per_capita,M1b,TWN,climate_zone=B,geography,0.0
per_capita,M1b,TJK,climate_zone=B,geography,0.0
per_capita,M1b,THA,climate_zone=B,geography,0.0
per_capita,M1b,TUR,climate_zone=B,geography,0.0
per_capita,M1b,TKM,climate_zone=B,geography,1.0
per_capita,M1b,ARE,climate_zone=B,geography,1.0
per_capita,M1b,UZB,climate_zone=B,geography,1.0
per_capita,M1b,VNM,climate_zone=B,geography,0.0
per_capita,M1b,YEM,climate_zone=B,geography,1.0
per_capita,M1b,ALB,climate_zone=B,geography,0.0
per_capita,M1b,AUT,climate_zone=B,geography,0.0
per_capita,M1b,BLR,climate_zone=B,geography,0.0
per_capita,M1b,BEL,climate_zone=B,geography,0.0
per_capita,M1b,BIH,climate_zone=B,geography,0.0
per_capita,M1b,BGR,climate_zone=B,geography,0.0
per_capita,M1b,HRV,climate_zone=B,geography,0.0
per_capita,M1b,CYP,climate_zone=B,geography,0.0
per_capita,M1b,CZE,climate_zone=B,geography,0.0
per_capita,M1b,DNK,climate_zone=B,geography,0.0
per_capita,M1b,EST,climate_zone=B,geography,0.0
per_capita,M1b,FIN,climate_zone=B,geography,0.0
per_capita,M1b,FRA,climate_zone=B,geography,0.0
per_capita,M1b,DEU,climate_zone=B,geography,0.0
per_capita,M1b,GRC,climate_zone=B,geography,0.0
per_capita,M1b,HUN,climate_zone=B,geography,0.0
per_capita,M1b,ISL,climate_zone=B,geography,0.0
per_capita,M1b,IRL,climate_zone=B,geography,0.0
per_capita,M1b,ITA,climate_zone=B,geography,0.0
per_capita,M1b,LVA,climate_zone=B,geography,0.0
per_capita,M1b,LTU,climate_zone=B,geography,0.0
per_capita,M1b,MKD,climate_zone=B,geography,0.0
per_capita,M1b,MDA,climate_zone=B,geography,0.0
per_capita,M1b,MNE,climate_zone=B,geography,0.0
per_capita,M1b,NLD,climate_zone=B,geography,0.0
per_capita,M1b,NOR,climate_zone=B,geography,0.0
per_capita,M1b,POL,climate_zone=B,geography,0.0
per_capita,M1b,PRT,climate_zone=B,geography,0.0
per_capita,M1b,ROU,climate_zone=B,geography,0.0
per_capita,M1b,RUS,climate_zone=B,geography,0.0
per_capita,M1b,SRB,climate_zone=B,geography,0.0
per_capita,M1b,SVK,climate_zone=B,geography,0.0
per_capita,M1b,SVN,climate_zone=B,geography,0.0
per_capita,M1b,ESP,climate_zone=B,geography,0.0
per_capita,M1b,SWE,climate_zone=B,geography,0.0
per_capita,M1b,CHE,climate_zone=B,geography,0.0
per_capita,M1b,UKR,climate_zone=B,geography,0.0
per_capita,M1b,GBR,climate_zone=B,geography,0.0
per_capita,M1b,BHS,climate_zone=B,geography,0.0
per_capita,M1b,CAN,climate_zone=B,geography,0.0
per_capita,M1b,CRI,climate_zone=B,geography,0.0
per_capita,M1b,CUB,climate_zone=B,geography,0.0
per_capita,M1b,DOM,climate_zone=B,geography,0.0
per_capita,M1b,SLV,climate_zone=B,geography,0.0
per_capita,M1b,GTM,climate_zone=B,geography,0.0
per_capita,M1b,HTI,climate_zone=B,geography,0.0
per_capita,M1b,HND,climate_zone=B,geography,0.0
per_capita,M1b,JAM,climate_zone=B,geography,0.0
per_capita,M1b,MEX,climate_zone=B,geography,0.0
per_capita,M1b,NIC,climate_zone=B,geography,0.0
per_capita,M1b,PAN,climate_zone=B,geography,0.0
per_capita,M1b,USA,climate_zone=B,geography,0.0
per_capita,M1b,AUS,climate_zone=B,geography,0.0
per_capita,M1b,NZL,climate_zone=B,geography,0.0
per_capita,M1b,PNG,climate_zone=B,geography,0.0
per_capita,M1b,ARG,climate_zone=B,geography,1.0
per_capita,M1b,BOL,climate_zone=B,geography,0.0
per_capita,M1b,BRA,climate_zone=B,geography,0.0
per_capita,M1b,CHL,climate_zone=B,geography,0.0
per_capita,M1b,COL,climate_zone=B,geography,0.0
per_capita,M1b,ECU,climate_zone=B,geography,0.0
per_capita,M1b,PRY,climate_zone=B,geography,0.0
per_capita,M1b,PER,climate_zone=B,geography,1.0
per_capita,M1b,SUR,climate_zone=B,geography,0.0
per_capita,M1b,URY,climate_zone=B,geography,0.0
per_capita,M1b,VEN,climate_zone=B,geography,0.0
per_capita,M1b,DZA,climate_zone=C,geography,1.0
per_capita,M1b,AGO,climate_zone=C,geography,1.0
per_capita,M1b,BEN,climate_zone=C,geography,0.0
per_capita,M1b,BWA,climate_zone=C,geography,0.0
per_capita,M1b,BFA,climate_zone=C,geography,0.0
per_capita,M1b,BDI,climate_zone=C,geography,0.0
per_capita,M1b,CMR,climate_zone=C,geography,0.0
per_capita,M1b,CAF,climate_zone=C,geography,0.0
per_capita,M1b,TCD,climate_zone=C,geography,0.0
per_capita,M1b,COG,climate_zone=C,geography,0.0
per_capita,M1b,COD,climate_zone=C,geography,0.0
per_capita,M1b,CIV,climate_zone=C,geography,0.0
per_capita,M1b,DJI,climate_zone=C,geography,0.0
per_capita,M1b,EGY,climate_zone=C,geography,0.0
per_capita,M1b,GNQ,climate_zone=C,geography,0.0
per_capita,M1b,ERI,climate_zone=C,geography,0.0
per_capita,M1b,ETH,climate_zone=C,geography,0.0
per_capita,M1b,GAB,climate_zone=C,geography,0.0
per_capita,M1b,GHA,climate_zone=C,geography,0.0
per_capita,M1b,GIN,climate_zone=C,geography,0.0
per_capita,M1b,GNB,climate_zone=C,geography,0.0
per_capita,M1b,KEN,climate_zone=C,geography,0.0
per_capita,M1b,LSO,climate_zone=C,geography,1.0
per_capita,M1b,LBR,climate_zone=C,geography,0.0
per_capita,M1b,LBY,climate_zone=C,geography,0.0
per_capita,M1b,MDG,climate_zone=C,geography,0.0
per_capita,M1b,MWI,climate_zone=C,geography,0.0
per_capita,M1b,MLI,climate_zone=C,geography,0.0
per_capita,M1b,MRT,climate_zone=C,geography,0.0
per_capita,M1b,MAR,climate_zone=C,geography,1.0
per_capita,M1b,MOZ,climate_zone=C,geography,0.0
per_capita,M1b,NAM,climate_zone=C,geography,0.0
per_capita,M1b,NER,climate_zone=C,geography,0.0
per_capita,M1b,NGA,climate_zone=C,geography,0.0
per_capita,M1b,RWA,climate_zone=C,geography,0.0
per_capita,M1b,SEN,climate_zone=C,geography,0.0
per_capita,M1b,SLE,climate_zone=C,geography,0.0
per_capita,M1b,SOM,climate_zone=C,geography,0.0
per_capita,M1b,ZAF,climate_zone=C,geography,1.0
per_capita,M1b,SDN,climate_zone=C,geography,0.0
per_capita,M1b,SWZ,climate_zone=C,geography,0.0
per_capita,M1b,TZA,climate_zone=C,geography,0.0
per_capita,M1b,TGO,climate_zone=C,geography,0.0
per_capita,M1b,TUN,climate_zone=C,geography,0.0
per_capita,M1b,UGA,climate_zone=C,geography,0.0
per_capita,M1b,ZMB,climate_zone=C,geography,1.0
per_capita,M1b,ZWE,climate_zone=C,geography,1.0
per_capita,M1b,AFG,climate_zone=C,geography,0.0
per_capita,M1b,ARM,climate_zone=C,geography,0.0
per_capita,M1b,AZE,climate_zone=C,geography,0.0
per_capita,M1b,BGD,climate_zone=C,geography,0.0
per_capita,M1b,MMR,climate_zone=C,geography,0.0
per_capita,M1b,KHM,climate_zone=C,geography,0.0
per_capita,M1b,CHN,climate_zone=C,geography,1.0
per_capita,M1b,GEO,climate_zone=C,geography,0.0
per_capita,M1b,IND,climate_zone=C,geography,0.0
per_capita,M1b,IDN,climate_zone=C,geography,0.0
per_capita,M1b,IRN,climate_zone=C,geography,0.0
per_capita,M1b,IRQ,climate_zone=C,geography,1.0
per_capita,M1b,ISR,climate_zone=C,geography,0.0
per_capita,M1b,JPN,climate_zone=C,geography,1.0
per_capita,M1b,JOR,climate_zone=C,geography,1.0
per_capita,M1b,KAZ,climate_zone=C,geography,0.0
per_capita,M1b,LAO,climate_zone=C,geography,0.0
per_capita,M1b,LBN,climate_zone=C,geography,1.0
per_capita,M1b,MYS,climate_zone=C,geography,0.0
per_capita,M1b,MNG,climate_zone=C,geography,0.0
per_capita,M1b,NPL,climate_zone=C,geography,1.0
per_capita,M1b,OMN,climate_zone=C,geography,0.0
per_capita,M1b,PAK,climate_zone=C,geography,0.0
per_capita,M1b,PHL,climate_zone=C,geography,0.0
per_capita,M1b,QAT,climate_zone=C,geography,0.0
per_capita,M1b,SAU,climate_zone=C,geography,0.0
per_capita,M1b,KOR,climate_zone=C,geography,0.0
per_capita,M1b,LKA,climate_zone=C,geography,0.0
per_capita,M1b,SYR,climate_zone=C,geography,0.0
per_capita,M1b,TWN,climate_zone=C,geography,1.0
per_capita,M1b,TJK,climate_zone=C,geography,0.0
per_capita,M1b,THA,climate_zone=C,geography,0.0
per_capita,M1b,TUR,climate_zone=C,geography,1.0
per_capita,M1b,TKM,climate_zone=C,geography,0.0
per_capita,M1b,ARE,climate_zone=C,geography,0.0
per_capita,M1b,UZB,climate_zone=C,geography,0.0
per_capita,M1b,VNM,climate_zone=C,geography,0.0
per_capita,M1b,YEM,climate_zone=C,geography,0.0
per_capita,M1b,ALB,climate_zone=C,geography,1.0
per_capita,M1b,AUT,climate_zone=C,geography,0.0
per_capita,M1b,BLR,climate_zone=C,geography,0.0
per_capita,M1b,BEL,climate_zone=C,geography,1.0
per_capita,M1b,BIH,climate_zone=C,geography,0.0
per_capita,M1b,BGR,climate_zone=C,geography,0.0
per_capita,M1b,HRV,climate_zone=C,geography,0.0
per_capita,M1b,CYP,climate_zone=C,geography,1.0
per_capita,M1b,CZE,climate_zone=C,geography,0.0
per_capita,M1b,DNK,climate_zone=C,geography,1.0
per_capita,M1b,EST,climate_zone=C,geography,0.0
per_capita,M1b,FIN,climate_zone=C,geography,0.0
per_capita,M1b,FRA,climate_zone=C,geography,1.0
per_capita,M1b,DEU,climate_zone=C,geography,1.0
per_capita,M1b,GRC,climate_zone=C,geography,1.0
per_capita,M1b,HUN,climate_zone=C,geography,0.0
per_capita,M1b,ISL,climate_zone=C,geography,0.0
per_capita,M1b,IRL,climate_zone=C,geography,1.0
per_capita,M1b,ITA,climate_zone=C,geography,1.0
per_capita,M1b,LVA,climate_zone=C,geography,0.0
per_capita,M1b,LTU,climate_zone=C,geography,0.0
per_capita,M1b,MKD,climate_zone=C,geography,0.0
per_capita,M1b,MDA,climate_zone=C,geography,0.0
per_capita,M1b,MNE,climate_zone=C,geography,0.0
per_capita,M1b,NLD,climate_zone=C,geography,1.0
per_capita,M1b,NOR,climate_zone=C,geography,0.0
per_capita,M1b,POL,climate_zone=C,geography,0.0
per_capita,M1b,PRT,climate_zone=C,geography,1.0
per_capita,M1b,ROU,climate_zone=C,geography,0.0
per_capita,M1b,RUS,climate_zone=C,geography,0.0
per_capita,M1b,SRB,climate_zone=C,geography,0.0
per_capita,M1b,SVK,climate_zone=C,geography,0.0
per_capita,M1b,SVN,climate_zone=C,geography,0.0
per_capita,M1b,ESP,climate_zone=C,geography,1.0
per_capita,M1b,SWE,climate_zone=C,geography,0.0
per_capita,M1b,CHE,climate_zone=C,geography,0.0
per_capita,M1b,UKR,climate_zone=C,geography,0.0
per_capita,M1b,GBR,climate_zone=C,geography,1.0
per_capita,M1b,BHS,climate_zone=C,geography,0.0
per_capita,M1b,CAN,climate_zone=C,geography,0.0
per_capita,M1b,CRI,climate_zone=C,geography,0.0
per_capita,M1b,CUB,climate_zone=C,geography,0.0
per_capita,M1b,DOM,climate_zone=C,geography,0.0
per_capita,M1b,SLV,climate_zone=C,geography,0.0
per_capita,M1b,GTM,climate_zone=C,geography,1.0
per_capita,M1b,HTI,climate_zone=C,geography,0.0
per_capita,M1b,HND,climate_zone=C,geography,0.0
per_capita,M1b,JAM,climate_zone=C,geography,0.0
per_capita,M1b,MEX,climate_zone=C,geography,1.0
per_capita,M1b,NIC,climate_zone=C,geography,0.0
per_capita,M1b,PAN,climate_zone=C,geography,0.0
per_capita,M1b,USA,climate_zone=C,geography,1.0
per_capita,M1b,AUS,climate_zone=C,geography,1.0
per_capita,M1b,NZL,climate_zone=C,geography,1.0
per_capita,M1b,PNG,climate_zone=C,geography,0.0
per_capita,M1b,ARG,climate_zone=C,geography,0.0
per_capita,M1b,BOL,climate_zone=C,geography,1.0
per_capita,M1b,BRA,climate_zone=C,geography,1.0
per_capita,M1b,CHL,climate_zone=C,geography,1.0
per_capita,M1b,COL,climate_zone=C,geography,0.0
per_capita,M1b,ECU,climate_zone=C,geography,0.0
per_capita,M1b,PRY,climate_zone=C,geography,0.0
per_capita,M1b,PER,climate_zone=C,geography,0.0
per_capita,M1b,SUR,climate_zone=C,geography,0.0
per_capita,M1b,URY,climate_zone=C,geography,1.0
per_capita,M1b,VEN,climate_zone=C,geography,0.0
per_capita,M1b,DZA,climate_zone=D,geography,0.0
per_capita,M1b,AGO,climate_zone=D,geography,0.0
per_capita,M1b,BEN,climate_zone=D,geography,0.0
per_capita,M1b,BWA,climate_zone=D,geography,0.0
per_capita,M1b,BFA,climate_zone=D,geography,0.0
per_capita,M1b,BDI,climate_zone=D,geography,0.0
per_capita,M1b,CMR,climate_zone=D,geography,0.0
per_capita,M1b,CAF,climate_zone=D,geography,0.0
per_capita,M1b,TCD,climate_zone=D,geography,0.0
per_capita,M1b,COG,climate_zone=D,geography,0.0
per_capita,M1b,COD,climate_zone=D,geography,0.0
per_capita,M1b,CIV,climate_zone=D,geography,0.0
per_capita,M1b,DJI,climate_zone=D,geography,0.0
per_capita,M1b,EGY,climate_zone=D,geography,0.0
per_capita,M1b,GNQ,climate_zone=D,geography,0.0
per_capita,M1b,ERI,climate_zone=D,geography,0.0
per_capita,M1b,ETH,climate_zone=D,geography,0.0
per_capita,M1b,GAB,climate_zone=D,geography,0.0
per_capita,M1b,GHA,climate_zone=D,geography,0.0
per_capita,M1b,GIN,climate_zone=D,geography,0.0
per_capita,M1b,GNB,climate_zone=D,geography,0.0
per_capita,M1b,KEN,climate_zone=D,geography,0.0
per_capita,M1b,LSO,climate_zone=D,geography,0.0
per_capita,M1b,LBR,climate_zone=D,geography,0.0
per_capita,M1b,LBY,climate_zone=D,geography,0.0
per_capita,M1b,MDG,climate_zone=D,geography,0.0
per_capita,M1b,MWI,climate_zone=D,geography,0.0
per_capita,M1b,MLI,climate_zone=D,geography,0.0
per_capita,M1b,MRT,climate_zone=D,geography,0.0
per_capita,M1b,MAR,climate_zone=D,geography,0.0
per_capita,M1b,MOZ,climate_zone=D,geography,0.0
per_capita,M1b,NAM,climate_zone=D,geography,0.0
per_capita,M1b,NER,climate_zone=D,geography,0.0
per_capita,M1b,NGA,climate_zone=D,geography,0.0
per_capita,M1b,RWA,climate_zone=D,geography,0.0
per_capita,M1b,SEN,climate_zone=D,geography,0.0
per_capita,M1b,SLE,climate_zone=D,geography,0.0
per_capita,M1b,SOM,climate_zone=D,geography,0.0
per_capita,M1b,ZAF,climate_zone=D,geography,0.0
per_capita,M1b,SDN,climate_zone=D,geography,0.0
per_capita,M1b,SWZ,climate_zone=D,geography,0.0
per_capita,M1b,TZA,climate_zone=D,geography,0.0
per_capita,M1b,TGO,climate_zone=D,geography,0.0
per_capita,M1b,TUN,climate_zone=D,geography,0.0
per_capita,M1b,UGA,climate_zone=D,geography,0.0
per_capita,M1b,ZMB,climate_zone=D,geography,0.0
per_capita,M1b,ZWE,climate_zone=D,geography,0.0
per_capita,M1b,AFG,climate_zone=D,geography,0.0
per_capita,M1b,ARM,climate_zone=D,geography,1.0
per_capita,M1b,AZE,climate_zone=D,geography,1.0
per_capita,M1b,BGD,climate_zone=D,geography,0.0
per_capita,M1b,MMR,climate_zone=D,geography,0.0
per_capita,M1b,KHM,climate_zone=D,geography,0.0
per_capita,M1b,CHN,climate_zone=D,geography,0.0
per_capita,M1b,GEO,climate_zone=D,geography,1.0
per_capita,M1b,IND,climate_zone=D,geography,0.0
per_capita,M1b,IDN,climate_zone=D,geography,0.0
per_capita,M1b,IRN,climate_zone=D,geography,0.0
per_capita,M1b,IRQ,climate_zone=D,geography,0.0
per_capita,M1b,ISR,climate_zone=D,geography,0.0
per_capita,M1b,JPN,climate_zone=D,geography,0.0
per_capita,M1b,JOR,climate_zone=D,geography,0.0
per_capita,M1b,KAZ,climate_zone=D,geography,0.0
per_capita,M1b,LAO,climate_zone=D,geography,0.0
per_capita,M1b,LBN,climate_zone=D,geography,0.0
per_capita,M1b,MYS,climate_zone=D,geography,0.0
per_capita,M1b,MNG,climate_zone=D,geography,0.0
per_capita,M1b,NPL,climate_zone=D,geography,0.0
per_capita,M1b,OMN,climate_zone=D,geography,0.0
per_capita,M1b,PAK,climate_zone=D,geography,0.0
per_capita,M1b,PHL,climate_zone=D,geography,0.0
per_capita,M1b,QAT,climate_zone=D,geography,0.0
per_capita,M1b,SAU,climate_zone=D,geography,0.0
per_capita,M1b,KOR,climate_zone=D,geography,1.0
per_capita,M1b,LKA,climate_zone=D,geography,0.0
per_capita,M1b,SYR,climate_zone=D,geography,0.0
per_capita,M1b,TWN,climate_zone=D,geography,0.0
per_capita,M1b,TJK,climate_zone=D,geography,1.0
per_capita,M1b,THA,climate_zone=D,geography,0.0
per_capita,M1b,TUR,climate_zone=D,geography,0.0
per_capita,M1b,TKM,climate_zone=D,geography,0.0
per_capita,M1b,ARE,climate_zone=D,geography,0.0
per_capita,M1b,UZB,climate_zone=D,geography,0.0
per_capita,M1b,VNM,climate_zone=D,geography,0.0
per_capita,M1b,YEM,climate_zone=D,geography,0.0
per_capita,M1b,ALB,climate_zone=D,geography,0.0
per_capita,M1b,AUT,climate_zone=D,geography,1.0
per_capita,M1b,BLR,climate_zone=D,geography,1.0
per_capita,M1b,BEL,climate_zone=D,geography,0.0
per_capita,M1b,BIH,climate_zone=D,geography,1.0
per_capita,M1b,BGR,climate_zone=D,geography,1.0
per_capita,M1b,HRV,climate_zone=D,geography,1.0
per_capita,M1b,CYP,climate_zone=D,geography,0.0
per_capita,M1b,CZE,climate_zone=D,geography,1.0
per_capita,M1b,DNK,climate_zone=D,geography,0.0
per_capita,M1b,EST,climate_zone=D,geography,1.0
per_capita,M1b,FIN,climate_zone=D,geography,1.0
per_capita,M1b,FRA,climate_zone=D,geography,0.0
per_capita,M1b,DEU,climate_zone=D,geography,0.0
per_capita,M1b,GRC,climate_zone=D,geography,0.0
per_capita,M1b,HUN,climate_zone=D,geography,1.0
per_capita,M1b,ISL,climate_zone=D,geography,0.0
per_capita,M1b,IRL,climate_zone=D,geography,0.0
per_capita,M1b,ITA,climate_zone=D,geography,0.0
per_capita,M1b,LVA,climate_zone=D,geography,1.0
per_capita,M1b,LTU,climate_zone=D,geography,1.0
per_capita,M1b,MKD,climate_zone=D,geography,1.0
per_capita,M1b,MDA,climate_zone=D,geography,1.0
per_capita,M1b,MNE,climate_zone=D,geography,1.0
per_capita,M1b,NLD,climate_zone=D,geography,0.0
per_capita,M1b,NOR,climate_zone=D,geography,1.0
per_capita,M1b,POL,climate_zone=D,geography,1.0
per_capita,M1b,PRT,climate_zone=D,geography,0.0
per_capita,M1b,ROU,climate_zone=D,geography,1.0
per_capita,M1b,RUS,climate_zone=D,geography,1.0
per_capita,M1b,SRB,climate_zone=D,geography,1.0
per_capita,M1b,SVK,climate_zone=D,geography,1.0
per_capita,M1b,SVN,climate_zone=D,geography,1.0
per_capita,M1b,ESP,climate_zone=D,geography,0.0
per_capita,M1b,SWE,climate_zone=D,geography,1.0
per_capita,M1b,CHE,climate_zone=D,geography,1.0
per_capita,M1b,UKR,climate_zone=D,geography,1.0
per_capita,M1b,GBR,climate_zone=D,geography,0.0
per_capita,M1b,BHS,climate_zone=D,geography,0.0
per_capita,M1b,CAN,climate_zone=D,geography,1.0
per_capita,M1b,CRI,climate_zone=D,geography,0.0
per_capita,M1b,CUB,climate_zone=D,geography,0.0
per_capita,M1b,DOM,climate_zone=D,geography,0.0
per_capita,M1b,SLV,climate_zone=D,geography,0.0
per_capita,M1b,GTM,climate_zone=D,geography,0.0
per_capita,M1b,HTI,climate_zone=D,geography,0.0
per_capita,M1b,HND,climate_zone=D,geography,0.0
per_capita,M1b,JAM,climate_zone=D,geography,0.0
per_capita,M1b,MEX,climate_zone=D,geography,0.0
per_capita,M1b,NIC,climate_zone=D,geography,0.0
per_capita,M1b,PAN,climate_zone=D,geography,0.0
per_capita,M1b,USA,climate_zone=D,geography,0.0
per_capita,M1b,AUS,climate_zone=D,geography,0.0
per_capita,M1b,NZL,climate_zone=D,geography,0.0
per_capita,M1b,PNG,climate_zone=D,geography,0.0
per_capita,M1b,ARG,climate_zone=D,geography,0.0
per_capita,M1b,BOL,climate_zone=D,geography,0.0
per_capita,M1b,BRA,climate_zone=D,geography,0.0
per_capita,M1b,CHL,climate_zone=D,geography,0.0
per_capita,M1b,COL,climate_zone=D,geography,0.0
per_capita,M1b,ECU,climate_zone=D,geography,0.0
per_capita,M1b,PRY,climate_zone=D,geography,0.0
per_capita,M1b,PER,climate_zone=D,geography,0.0
per_capita,M1b,SUR,climate_zone=D,geography,0.0
per_capita,M1b,URY,climate_zone=D,geography,0.0
per_capita,M1b,VEN,climate_zone=D,geography,0.0
per_capita,M1b,DZA,climate_zone=E,geography,0.0
per_capita,M1b,AGO,climate_zone=E,geography,0.0
per_capita,M1b,BEN,climate_zone=E,geography,0.0
per_capita,M1b,BWA,climate_zone=E,geography,0.0
per_capita,M1b,BFA,climate_zone=E,geography,0.0
per_capita,M1b,BDI,climate_zone=E,geography,0.0
per_capita,M1b,CMR,climate_zone=E,geography,0.0
per_capita,M1b,CAF,climate_zone=E,geography,0.0
per_capita,M1b,TCD,climate_zone=E,geography,0.0
per_capita,M1b,COG,climate_zone=E,geography,0.0
per_capita,M1b,COD,climate_zone=E,geography,0.0
per_capita,M1b,CIV,climate_zone=E,geography,0.0
per_capita,M1b,DJI,climate_zone=E,geography,0.0
per_capita,M1b,EGY,climate_zone=E,geography,0.0
per_capita,M1b,GNQ,climate_zone=E,geography,0.0
per_capita,M1b,ERI,climate_zone=E,geography,0.0
per_capita,M1b,ETH,climate_zone=E,geography,0.0
per_capita,M1b,GAB,climate_zone=E,geography,0.0
per_capita,M1b,GHA,climate_zone=E,geography,0.0
per_capita,M1b,GIN,climate_zone=E,geography,0.0
per_capita,M1b,GNB,climate_zone=E,geography,0.0
per_capita,M1b,KEN,climate_zone=E,geography,0.0
per_capita,M1b,LSO,climate_zone=E,geography,0.0
per_capita,M1b,LBR,climate_zone=E,geography,0.0
per_capita,M1b,LBY,climate_zone=E,geography,0.0
per_capita,M1b,MDG,climate_zone=E,geography,0.0
per_capita,M1b,MWI,climate_zone=E,geography,0.0
per_capita,M1b,MLI,climate_zone=E,geography,0.0
per_capita,M1b,MRT,climate_zone=E,geography,0.0
per_capita,M1b,MAR,climate_zone=E,geography,0.0
per_capita,M1b,MOZ,climate_zone=E,geography,0.0
per_capita,M1b,NAM,climate_zone=E,geography,0.0
per_capita,M1b,NER,climate_zone=E,geography,0.0
per_capita,M1b,NGA,climate_zone=E,geography,0.0
per_capita,M1b,RWA,climate_zone=E,geography,0.0
per_capita,M1b,SEN,climate_zone=E,geography,0.0
per_capita,M1b,SLE,climate_zone=E,geography,0.0
per_capita,M1b,SOM,climate_zone=E,geography,0.0
per_capita,M1b,ZAF,climate_zone=E,geography,0.0
per_capita,M1b,SDN,climate_zone=E,geography,0.0
per_capita,M1b,SWZ,climate_zone=E,geography,0.0
per_capita,M1b,TZA,climate_zone=E,geography,0.0
per_capita,M1b,TGO,climate_zone=E,geography,0.0
per_capita,M1b,TUN,climate_zone=E,geography,0.0
per_capita,M1b,UGA,climate_zone=E,geography,0.0
per_capita,M1b,ZMB,climate_zone=E,geography,0.0
per_capita,M1b,ZWE,climate_zone=E,geography,0.0
per_capita,M1b,AFG,climate_zone=E,geography,0.0
per_capita,M1b,ARM,climate_zone=E,geography,0.0
per_capita,M1b,AZE,climate_zone=E,geography,0.0
per_capita,M1b,BGD,climate_zone=E,geography,0.0
per_capita,M1b,MMR,climate_zone=E,geography,0.0
per_capita,M1b,KHM,climate_zone=E,geography,0.0
per_capita,M1b,CHN,climate_zone=E,geography,0.0
per_capita,M1b,GEO,climate_zone=E,geography,0.0
per_capita,M1b,IND,climate_zone=E,geography,0.0
per_capita,M1b,IDN,climate_zone=E,geography,0.0
per_capita,M1b,IRN,climate_zone=E,geography,0.0
per_capita,M1b,IRQ,climate_zone=E,geography,0.0
per_capita,M1b,ISR,climate_zone=E,geography,0.0
per_capita,M1b,JPN,climate_zone=E,geography,0.0
per_capita,M1b,JOR,climate_zone=E,geography,0.0
per_capita,M1b,KAZ,climate_zone=E,geography,0.0
per_capita,M1b,LAO,climate_zone=E,geography,0.0
per_capita,M1b,LBN,climate_zone=E,geography,0.0
per_capita,M1b,MYS,climate_zone=E,geography,0.0
per_capita,M1b,MNG,climate_zone=E,geography,0.0
per_capita,M1b,NPL,climate_zone=E,geography,0.0
per_capita,M1b,OMN,climate_zone=E,geography,0.0
per_capita,M1b,PAK,climate_zone=E,geography,0.0
per_capita,M1b,PHL,climate_zone=E,geography,0.0
per_capita,M1b,QAT,climate_zone=E,geography,0.0
per_capita,M1b,SAU,climate_zone=E,geography,0.0
per_capita,M1b,KOR,climate_zone=E,geography,0.0
per_capita,M1b,LKA,climate_zone=E,geography,0.0
per_capita,M1b,SYR,climate_zone=E,geography,0.0
per_capita,M1b,TWN,climate_zone=E,geography,0.0
per_capita,M1b,TJK,climate_zone=E,geography,0.0
per_capita,M1b,THA,climate_zone=E,geography,0.0
per_capita,M1b,TUR,climate_zone=E,geography,0.0
per_capita,M1b,TKM,climate_zone=E,geography,0.0
per_capita,M1b,ARE,climate_zone=E,geography,0.0
per_capita,M1b,UZB,climate_zone=E,geography,0.0
per_capita,M1b,VNM,climate_zone=E,geography,0.0
per_capita,M1b,YEM,climate_zone=E,geography,0.0
per_capita,M1b,ALB,climate_zone=E,geography,0.0
per_capita,M1b,AUT,climate_zone=E,geography,0.0
per_capita,M1b,BLR,climate_zone=E,geography,0.0
per_capita,M1b,BEL,climate_zone=E,geography,0.0
per_capita,M1b,BIH,climate_zone=E,geography,0.0
per_capita,M1b,BGR,climate_zone=E,geography,0.0
per_capita,M1b,HRV,climate_zone=E,geography,0.0
per_capita,M1b,CYP,climate_zone=E,geography,0.0
per_capita,M1b,CZE,climate_zone=E,geography,0.0
per_capita,M1b,DNK,climate_zone=E,geography,0.0
per_capita,M1b,EST,climate_zone=E,geography,0.0
per_capita,M1b,FIN,climate_zone=E,geography,0.0
per_capita,M1b,FRA,climate_zone=E,geography,0.0
per_capita,M1b,DEU,climate_zone=E,geography,0.0
per_capita,M1b,GRC,climate_zone=E,geography,0.0
per_capita,M1b,HUN,climate_zone=E,geography,0.0
per_capita,M1b,ISL,climate_zone=E,geography,1.0
per_capita,M1b,IRL,climate_zone=E,geography,0.0
per_capita,M1b,ITA,climate_zone=E,geography,0.0
per_capita,M1b,LVA,climate_zone=E,geography,0.0
per_capita,M1b,LTU,climate_zone=E,geography,0.0
per_capita,M1b,MKD,climate_zone=E,geography,0.0
per_capita,M1b,MDA,climate_zone=E,geography,0.0
per_capita,M1b,MNE,climate_zone=E,geography,0.0
per_capita,M1b,NLD,climate_zone=E,geography,0.0
per_capita,M1b,NOR,climate_zone=E,geography,0.0
per_capita,M1b,POL,climate_zone=E,geography,0.0
per_capita,M1b,PRT,climate_zone=E,geography,0.0
per_capita,M1b,ROU,climate_zone=E,geography,0.0
per_capita,M1b,RUS,climate_zone=E,geography,0.0
per_capita,M1b,SRB,climate_zone=E,geography,0.0
per_capita,M1b,SVK,climate_zone=E,geography,0.0
per_capita,M1b,SVN,climate_zone=E,geography,0.0
per_capita,M1b,ESP,climate_zone=E,geography,0.0
per_capita,M1b,SWE,climate_zone=E,geography,0.0
per_capita,M1b,CHE,climate_zone=E,geography,0.0
per_capita,M1b,UKR,climate_zone=E,geography,0.0
per_capita,M1b,GBR,climate_zone=E,geography,0.0
per_capita,M1b,BHS,climate_zone=E,geography,0.0
per_capita,M1b,CAN,climate_zone=E,geography,0.0
per_capita,M1b,CRI,climate_zone=E,geography,0.0
per_capita,M1b,CUB,climate_zone=E,geography,0.0
per_capita,M1b,DOM,climate_zone=E,geography,0.0
per_capita,M1b,SLV,climate_zone=E,geography,0.0
per_capita,M1b,GTM,climate_zone=E,geography,0.0
per_capita,M1b,HTI,climate_zone=E,geography,0.0
per_capita,M1b,HND,climate_zone=E,geography,0.0
per_capita,M1b,JAM,climate_zone=E,geography,0.0
per_capita,M1b,MEX,climate_zone=E,geography,0.0
per_capita,M1b,NIC,climate_zone=E,geography,0.0
per_capita,M1b,PAN,climate_zone=E,geography,0.0
per_capita,M1b,USA,climate_zone=E,geography,0.0
per_capita,M1b,AUS,climate_zone=E,geography,0.0
per_capita,M1b,NZL,climate_zone=E,geography,0.0
per_capita,M1b,PNG,climate_zone=E,geography,0.0
per_capita,M1b,ARG,climate_zone=E,geography,0.0
per_capita,M1b,BOL,climate_zone=E,geography,0.0
per_capita,M1b,BRA,climate_zone=E,geography,0.0
per_capita,M1b,CHL,climate_zone=E,geography,0.0
per_capita,M1b,COL,climate_zone=E,geography,0.0
per_capita,M1b,ECU,climate_zone=E,geography,0.0
per_capita,M1b,PRY,climate_zone=E,geography,0.0
per_capita,M1b,PER,climate_zone=E,geography,0.0
per_capita,M1b,SUR,climate_zone=E,geography,0.0
per_capita,M1b,URY,climate_zone=E,geography,0.0
per_capita,M1b,VEN,climate_zone=E,geography,0.0
per_capita,M1b,DZA,hemisphere=S,geography,0.0
per_capita,M1b,AGO,hemisphere=S,geography,1.0
per_capita,M1b,BEN,hemisphere=S,geography,0.0
per_capita,M1b,BWA,hemisphere=S,geography,1.0
per_capita,M1b,BFA,hemisphere=S,geography,0.0
per_capita,M1b,BDI,hemisphere=S,geography,1.0
per_capita,M1b,CMR,hemisphere=S,geography,0.0
per_capita,M1b,CAF,hemisphere=S,geography,0.0
per_capita,M1b,TCD,hemisphere=S,geography,0.0
per_capita,M1b,COG,hemisphere=S,geography,1.0
per_capita,M1b,COD,hemisphere=S,geography,1.0
per_capita,M1b,CIV,hemisphere=S,geography,0.0
per_capita,M1b,DJI,hemisphere=S,geography,0.0
per_capita,M1b,EGY,hemisphere=S,geography,0.0
per_capita,M1b,GNQ,hemisphere=S,geography,0.0
per_capita,M1b,ERI,hemisphere=S,geography,0.0
per_capita,M1b,ETH,hemisphere=S,geography,0.0
per_capita,M1b,GAB,hemisphere=S,geography,0.0
per_capita,M1b,GHA,hemisphere=S,geography,0.0
per_capita,M1b,GIN,hemisphere=S,geography,0.0
per_capita,M1b,GNB,hemisphere=S,geography,0.0
per_capita,M1b,KEN,hemisphere=S,geography,1.0
per_capita,M1b,LSO,hemisphere=S,geography,1.0
per_capita,M1b,LBR,hemisphere=S,geography,0.0
per_capita,M1b,LBY,hemisphere=S,geography,0.0
per_capita,M1b,MDG,hemisphere=S,geography,1.0
per_capita,M1b,MWI,hemisphere=S,geography,1.0
per_capita,M1b,MLI,hemisphere=S,geography,0.0
per_capita,M1b,MRT,hemisphere=S,geography,0.0
per_capita,M1b,MAR,hemisphere=S,geography,0.0
per_capita,M1b,MOZ,hemisphere=S,geography,1.0
per_capita,M1b,NAM,hemisphere=S,geography,1.0
per_capita,M1b,NER,hemisphere=S,geography,0.0
per_capita,M1b,NGA,hemisphere=S,geography,0.0
per_capita,M1b,RWA,hemisphere=S,geography,1.0
per_capita,M1b,SEN,hemisphere=S,geography,0.0
per_capita,M1b,SLE,hemisphere=S,geography,0.0
per_capita,M1b,SOM,hemisphere=S,geography,0.0
per_capita,M1b,ZAF,hemisphere=S,geography,1.0
per_capita,M1b,SDN,hemisphere=S,geography,0.0
per_capita,M1b,SWZ,hemisphere=S,geography,1.0
per_capita,M1b,TZA,hemisphere=S,geography,1.0
per_capita,M1b,TGO,hemisphere=S,geography,0.0
per_capita,M1b,TUN,hemisphere=S,geography,0.0
per_capita,M1b,UGA,hemisphere=S,geography,0.0
per_capita,M1b,ZMB,hemisphere=S,geography,1.0
per_capita,M1b,ZWE,hemisphere=S,geography,1.0
per_capita,M1b,AFG,hemisphere=S,geography,0.0
per_capita,M1b,ARM,hemisphere=S,geography,0.0
per_capita,M1b,AZE,hemisphere=S,geography,0.0
per_capita,M1b,BGD,hemisphere=S,geography,0.0
per_capita,M1b,MMR,hemisphere=S,geography,0.0
per_capita,M1b,KHM,hemisphere=S,geography,0.0
per_capita,M1b,CHN,hemisphere=S,geography,0.0
per_capita,M1b,GEO,hemisphere=S,geography,0.0
per_capita,M1b,IND,hemisphere=S,geography,0.0
per_capita,M1b,IDN,hemisphere=S,geography,1.0
per_capita,M1b,IRN,hemisphere=S,geography,0.0
per_capita,M1b,IRQ,hemisphere=S,geography,0.0
per_capita,M1b,ISR,hemisphere=S,geography,0.0
per_capita,M1b,JPN,hemisphere=S,geography,0.0
per_capita,M1b,JOR,hemisphere=S,geography,0.0
per_capita,M1b,KAZ,hemisphere=S,geography,0.0
per_capita,M1b,LAO,hemisphere=S,geography,0.0
per_capita,M1b,LBN,hemisphere=S,geography,0.0
per_capita,M1b,MYS,hemisphere=S,geography,0.0
per_capita,M1b,MNG,hemisphere=S,geography,0.0
per_capita,M1b,NPL,hemisphere=S,geography,0.0
per_capita,M1b,OMN,hemisphere=S,geography,0.0
per_capita,M1b,PAK,hemisphere=S,geography,0.0
per_capita,M1b,PHL,hemisphere=S,geography,0.0
per_capita,M1b,QAT,hemisphere=S,geography,0.0
per_capita,M1b,SAU,hemisphere=S,geography,0.0
per_capita,M1b,KOR,hemisphere=S,geography,0.0
per_capita,M1b,LKA,hemisphere=S,geography,0.0
per_capita,M1b,SYR,hemisphere=S,geography,0.0
per_capita,M1b,TWN,hemisphere=S,geography,0.0
per_capita,M1b,TJK,hemisphere=S,geography,0.0
per_capita,M1b,THA,hemisphere=S,geography,0.0
per_capita,M1b,TUR,hemisphere=S,geography,0.0
per_capita,M1b,TKM,hemisphere=S,geography,0.0
per_capita,M1b,ARE,hemisphere=S,geography,0.0
per_capita,M1b,UZB,hemisphere=S,geography,0.0
per_capita,M1b,VNM,hemisphere=S,geography,0.0
per_capita,M1b,YEM,hemisphere=S,geography,0.0
per_capita,M1b,ALB,hemisphere=S,geography,0.0
per_capita,M1b,AUT,hemisphere=S,geography,0.0
per_capita,M1b,BLR,hemisphere=S,geography,0.0
per_capita,M1b,BEL,hemisphere=S,geography,0.0
per_capita,M1b,BIH,hemisphere=S,geography,0.0
per_capita,M1b,BGR,hemisphere=S,geography,0.0
per_capita,M1b,HRV,hemisphere=S,geography,0.0
per_capita,M1b,CYP,hemisphere=S,geography,0.0
per_capita,M1b,CZE,hemisphere=S,geography,0.0
per_capita,M1b,DNK,hemisphere=S,geography,0.0
per_capita,M1b,EST,hemisphere=S,geography,0.0
per_capita,M1b,FIN,hemisphere=S,geography,0.0
per_capita,M1b,FRA,hemisphere=S,geography,0.0
per_capita,M1b,DEU,hemisphere=S,geography,0.0
per_capita,M1b,GRC,hemisphere=S,geography,0.0
per_capita,M1b,HUN,hemisphere=S,geography,0.0
per_capita,M1b,ISL,hemisphere=S,geography,0.0
per_capita,M1b,IRL,hemisphere=S,geography,0.0
per_capita,M1b,ITA,hemisphere=S,geography,0.0
per_capita,M1b,LVA,hemisphere=S,geography,0.0
per_capita,M1b,LTU,hemisphere=S,geography,0.0
per_capita,M1b,MKD,hemisphere=S,geography,0.0
per_capita,M1b,MDA,hemisphere=S,geography,0.0
per_capita,M1b,MNE,hemisphere=S,geography,0.0
per_capita,M1b,NLD,hemisphere=S,geography,0.0
per_capita,M1b,NOR,hemisphere=S,geography,0.0
per_capita,M1b,POL,hemisphere=S,geography,0.0
per_capita,M1b,PRT,hemisphere=S,geography,0.0
per_capita,M1b,ROU,hemisphere=S,geography,0.0
per_capita,M1b,RUS,hemisphere=S,geography,0.0
per_capita,M1b,SRB,hemisphere=S,geography,0.0
per_capita,M1b,SVK,hemisphere=S,geography,0.0
per_capita,M1b,SVN,hemisphere=S,geography,0.0
per_capita,M1b,ESP,hemisphere=S,geography,0.0
per_capita,M1b,SWE,hemisphere=S,geography,0.0
per_capita,M1b,CHE,hemisphere=S,geography,0.0
per_capita,M1b,UKR,hemisphere=S,geography,0.0
per_capita,M1b,GBR,hemisphere=S,geography,0.0
per_capita,M1b,BHS,hemisphere=S,geography,0.0
per_capita,M1b,CAN,hemisphere=S,geography,0.0
per_capita,M1b,CRI,hemisphere=S,geography,0.0
per_capita,M1b,CUB,hemisphere=S,geography,0.0
per_capita,M1b,DOM,hemisphere=S,geography,0.0
per_capita,M1b,SLV,hemisphere=S,geography,0.0
per_capita,M1b,GTM,hemisphere=S,geography,0.0
per_capita,M1b,HTI,hemisphere=S,geography,0.0
per_capita,M1b,HND,hemisphere=S,geography,0.0
per_capita,M1b,JAM,hemisphere=S,geography,0.0
per_capita,M1b,MEX,hemisphere=S,geography,0.0
per_capita,M1b,NIC,hemisphere=S,geography,0.0
per_capita,M1b,PAN,hemisphere=S,geography,0.0
per_capita,M1b,USA,hemisphere=S,geography,0.0
per_capita,M1b,AUS,hemisphere=S,geography,1.0
per_capita,M1b,NZL,hemisphere=S,geography,1.0
per_capita,M1b,PNG,hemisphere=S,geography,1.0
per_capita,M1b,ARG,hemisphere=S,geography,1.0
per_capita,M1b,BOL,hemisphere=S,geography,1.0
per_capita,M1b,BRA,hemisphere=S,geography,1.0
per_capita,M1b,CHL,hemisphere=S,geography,1.0
per_capita,M1b,COL,hemisphere=S,geography,0.0
per_capita,M1b,ECU,hemisphere=S,geography,1.0
per_capita,M1b,PRY,hemisphere=S,geography,1.0
per_capita,M1b,PER,hemisphere=S,geography,1.0
per_capita,M1b,SUR,hemisphere=S,geography,0.0
per_capita,M1b,URY,hemisphere=S,geography,1.0
per_capita,M1b,VEN,hemisphere=S,geography,0.0
per_capita,M1b,DZA,spatial_block=Asia,geography,0.0
per_capita,M1b,AGO,spatial_block=Asia,geography,0.0
per_capita,M1b,BEN,spatial_block=Asia,geography,0.0
per_capita,M1b,BWA,spatial_block=Asia,geography,0.0
per_capita,M1b,BFA,spatial_block=Asia,geography,0.0
per_capita,M1b,BDI,spatial_block=Asia,geography,0.0
per_capita,M1b,CMR,spatial_block=Asia,geography,0.0
per_capita,M1b,CAF,spatial_block=Asia,geography,0.0
per_capita,M1b,TCD,spatial_block=Asia,geography,0.0
per_capita,M1b,COG,spatial_block=Asia,geography,0.0
per_capita,M1b,COD,spatial_block=Asia,geography,0.0
per_capita,M1b,CIV,spatial_block=Asia,geography,0.0
per_capita,M1b,DJI,spatial_block=Asia,geography,0.0
per_capita,M1b,EGY,spatial_block=Asia,geography,0.0
per_capita,M1b,GNQ,spatial_block=Asia,geography,0.0
per_capita,M1b,ERI,spatial_block=Asia,geography,0.0
per_capita,M1b,ETH,spatial_block=Asia,geography,0.0
per_capita,M1b,GAB,spatial_block=Asia,geography,0.0
per_capita,M1b,GHA,spatial_block=Asia,geography,0.0
per_capita,M1b,GIN,spatial_block=Asia,geography,0.0
per_capita,M1b,GNB,spatial_block=Asia,geography,0.0
per_capita,M1b,KEN,spatial_block=Asia,geography,0.0
per_capita,M1b,LSO,spatial_block=Asia,geography,0.0
per_capita,M1b,LBR,spatial_block=Asia,geography,0.0
per_capita,M1b,LBY,spatial_block=Asia,geography,0.0
per_capita,M1b,MDG,spatial_block=Asia,geography,0.0
per_capita,M1b,MWI,spatial_block=Asia,geography,0.0
per_capita,M1b,MLI,spatial_block=Asia,geography,0.0
per_capita,M1b,MRT,spatial_block=Asia,geography,0.0
per_capita,M1b,MAR,spatial_block=Asia,geography,0.0
per_capita,M1b,MOZ,spatial_block=Asia,geography,0.0
per_capita,M1b,NAM,spatial_block=Asia,geography,0.0
per_capita,M1b,NER,spatial_block=Asia,geography,0.0
per_capita,M1b,NGA,spatial_block=Asia,geography,0.0
per_capita,M1b,RWA,spatial_block=Asia,geography,0.0
per_capita,M1b,SEN,spatial_block=Asia,geography,0.0
per_capita,M1b,SLE,spatial_block=Asia,geography,0.0
per_capita,M1b,SOM,spatial_block=Asia,geography,0.0
per_capita,M1b,ZAF,spatial_block=Asia,geography,0.0
per_capita,M1b,SDN,spatial_block=Asia,geography,0.0
per_capita,M1b,SWZ,spatial_block=Asia,geography,0.0
per_capita,M1b,TZA,spatial_block=Asia,geography,0.0
per_capita,M1b,TGO,spatial_block=Asia,geography,0.0
per_capita,M1b,TUN,spatial_block=Asia,geography,0.0
per_capita,M1b,UGA,spatial_block=Asia,geography,0.0
per_capita,M1b,ZMB,spatial_block=Asia,geography,0.0
per_capita,M1b,ZWE,spatial_block=Asia,geography,0.0
per_capita,M1b,AFG,spatial_block=Asia,geography,1.0
per_capita,M1b,ARM,spatial_block=Asia,geography,1.0
per_capita,M1b,AZE,spatial_block=Asia,geography,1.0
per_capita,M1b,BGD,spatial_block=Asia,geography,1.0
per_capita,M1b,MMR,spatial_block=Asia,geography,1.0
per_capita,M1b,KHM,spatial_block=Asia,geography,1.0
per_capita,M1b,CHN,spatial_block=Asia,geography,1.0
per_capita,M1b,GEO,spatial_block=Asia,geography,1.0
per_capita,M1b,IND,spatial_block=Asia,geography,1.0
per_capita,M1b,IDN,spatial_block=Asia,geography,1.0
per_capita,M1b,IRN,spatial_block=Asia,geography,1.0
per_capita,M1b,IRQ,spatial_block=Asia,geography,1.0
per_capita,M1b,ISR,spatial_block=Asia,geography,1.0
per_capita,M1b,JPN,spatial_block=Asia,geography,1.0
per_capita,M1b,JOR,spatial_block=Asia,geography,1.0
per_capita,M1b,KAZ,spatial_block=Asia,geography,1.0
per_capita,M1b,LAO,spatial_block=Asia,geography,1.0
per_capita,M1b,LBN,spatial_block=Asia,geography,1.0
per_capita,M1b,MYS,spatial_block=Asia,geography,1.0
per_capita,M1b,MNG,spatial_block=Asia,geography,1.0
per_capita,M1b,NPL,spatial_block=Asia,geography,1.0
per_capita,M1b,OMN,spatial_block=Asia,geography,1.0
per_capita,M1b,PAK,spatial_block=Asia,geography,1.0
per_capita,M1b,PHL,spatial_block=Asia,geography,1.0
per_capita,M1b,QAT,spatial_block=Asia,geography,1.0
per_capita,M1b,SAU,spatial_block=Asia,geography,1.0
per_capita,M1b,KOR,spatial_block=Asia,geography,1.0
per_capita,M1b,LKA,spatial_block=Asia,geography,1.0
per_capita,M1b,SYR,spatial_block=Asia,geography,1.0
per_capita,M1b,TWN,spatial_block=Asia,geography,1.0
per_capita,M1b,TJK,spatial_block=Asia,geography,1.0
per_capita,M1b,THA,spatial_block=Asia,geography,1.0
per_capita,M1b,TUR,spatial_block=Asia,geography,1.0
per_capita,M1b,TKM,spatial_block=Asia,geography,1.0
per_capita,M1b,ARE,spatial_block=Asia,geography,1.0
per_capita,M1b,UZB,spatial_block=Asia,geography,1.0
per_capita,M1b,VNM,spatial_block=Asia,geography,1.0
per_capita,M1b,YEM,spatial_block=Asia,geography,1.0
per_capita,M1b,ALB,spatial_block=Asia,geography,0.0
per_capita,M1b,AUT,spatial_block=Asia,geography,0.0
per_capita,M1b,BLR,spatial_block=Asia,geography,0.0
per_capita,M1b,BEL,spatial_block=Asia,geography,0.0
per_capita,M1b,BIH,spatial_block=Asia,geography,0.0
per_capita,M1b,BGR,spatial_block=Asia,geography,0.0
per_capita,M1b,HRV,spatial_block=Asia,geography,0.0
per_capita,M1b,CYP,spatial_block=Asia,geography,0.0
per_capita,M1b,CZE,spatial_block=Asia,geography,0.0
per_capita,M1b,DNK,spatial_block=Asia,geography,0.0
per_capita,M1b,EST,spatial_block=Asia,geography,0.0
per_capita,M1b,FIN,spatial_block=Asia,geography,0.0
per_capita,M1b,FRA,spatial_block=Asia,geography,0.0
per_capita,M1b,DEU,spatial_block=Asia,geography,0.0
per_capita,M1b,GRC,spatial_block=Asia,geography,0.0
per_capita,M1b,HUN,spatial_block=Asia,geography,0.0
per_capita,M1b,ISL,spatial_block=Asia,geography,0.0
per_capita,M1b,IRL,spatial_block=Asia,geography,0.0
per_capita,M1b,ITA,spatial_block=Asia,geography,0.0
per_capita,M1b,LVA,spatial_block=Asia,geography,0.0
per_capita,M1b,LTU,spatial_block=Asia,geography,0.0
per_capita,M1b,MKD,spatial_block=Asia,geography,0.0
per_capita,M1b,MDA,spatial_block=Asia,geography,0.0
per_capita,M1b,MNE,spatial_block=Asia,geography,0.0
per_capita,M1b,NLD,spatial_block=Asia,geography,0.0
per_capita,M1b,NOR,spatial_block=Asia,geography,0.0
per_capita,M1b,POL,spatial_block=Asia,geography,0.0
per_capita,M1b,PRT,spatial_block=Asia,geography,0.0
per_capita,M1b,ROU,spatial_block=Asia,geography,0.0
per_capita,M1b,RUS,spatial_block=Asia,geography,0.0
per_capita,M1b,SRB,spatial_block=Asia,geography,0.0
per_capita,M1b,SVK,spatial_block=Asia,geography,0.0
per_capita,M1b,SVN,spatial_block=Asia,geography,0.0
per_capita,M1b,ESP,spatial_block=Asia,geography,0.0
per_capita,M1b,SWE,spatial_block=Asia,geography,0.0
per_capita,M1b,CHE,spatial_block=Asia,geography,0.0
per_capita,M1b,UKR,spatial_block=Asia,geography,0.0
per_capita,M1b,GBR,spatial_block=Asia,geography,0.0
per_capita,M1b,BHS,spatial_block=Asia,geography,0.0
per_capita,M1b,CAN,spatial_block=Asia,geography,0.0
per_capita,M1b,CRI,spatial_block=Asia,geography,0.0
per_capita,M1b,CUB,spatial_block=Asia,geography,0.0
per_capita,M1b,DOM,spatial_block=Asia,geography,0.0
per_capita,M1b,SLV,spatial_block=Asia,geography,0.0
per_capita,M1b,GTM,spatial_block=Asia,geography,0.0
per_capita,M1b,HTI,spatial_block=Asia,geography,0.0
per_capita,M1b,HND,spatial_block=Asia,geography,0.0
per_capita,M1b,JAM,spatial_block=Asia,geography,0.0
per_capita,M1b,MEX,spatial_block=Asia,geography,0.0
per_capita,M1b,NIC,spatial_block=Asia,geography,0.0
per_capita,M1b,PAN,spatial_block=Asia,geography,0.0
per_capita,M1b,USA,spatial_block=Asia,geography,0.0
per_capita,M1b,AUS,spatial_block=Asia,geography,0.0
per_capita,M1b,NZL,spatial_block=Asia,geography,0.0
per_capita,M1b,PNG,spatial_block=Asia,geography,0.0
per_capita,M1b,ARG,spatial_block=Asia,geography,0.0
per_capita,M1b,BOL,spatial_block=Asia,geography,0.0
per_capita,M1b,BRA,spatial_block=Asia,geography,0.0
per_capita,M1b,CHL,spatial_block=Asia,geography,0.0
per_capita,M1b,COL,spatial_block=Asia,geography,0.0
per_capita,M1b,ECU,spatial_block=Asia,geography,0.0
per_capita,M1b,PRY,spatial_block=Asia,geography,0.0
per_capita,M1b,PER,spatial_block=Asia,geography,0.0
per_capita,M1b,SUR,spatial_block=Asia,geography,0.0
per_capita,M1b,URY,spatial_block=Asia,geography,0.0
per_capita,M1b,VEN,spatial_block=Asia,geography,0.0
per_capita,M1b,DZA,spatial_block=Europe,geography,0.0
per_capita,M1b,AGO,spatial_block=Europe,geography,0.0
per_capita,M1b,BEN,spatial_block=Europe,geography,0.0
per_capita,M1b,BWA,spatial_block=Europe,geography,0.0
per_capita,M1b,BFA,spatial_block=Europe,geography,0.0
per_capita,M1b,BDI,spatial_block=Europe,geography,0.0
per_capita,M1b,CMR,spatial_block=Europe,geography,0.0
per_capita,M1b,CAF,spatial_block=Europe,geography,0.0
per_capita,M1b,TCD,spatial_block=Europe,geography,0.0
per_capita,M1b,COG,spatial_block=Europe,geography,0.0
per_capita,M1b,COD,spatial_block=Europe,geography,0.0
per_capita,M1b,CIV,spatial_block=Europe,geography,0.0
per_capita,M1b,DJI,spatial_block=Europe,geography,0.0
per_capita,M1b,EGY,spatial_block=Europe,geography,0.0
per_capita,M1b,GNQ,spatial_block=Europe,geography,0.0
per_capita,M1b,ERI,spatial_block=Europe,geography,0.0
per_capita,M1b,ETH,spatial_block=Europe,geography,0.0
per_capita,M1b,GAB,spatial_block=Europe,geography,0.0
per_capita,M1b,GHA,spatial_block=Europe,geography,0.0
per_capita,M1b,GIN,spatial_block=Europe,geography,0.0
per_capita,M1b,GNB,spatial_block=Europe,geography,0.0
per_capita,M1b,KEN,spatial_block=Europe,geography,0.0
per_capita,M1b,LSO,spatial_block=Europe,geography,0.0
per_capita,M1b,LBR,spatial_block=Europe,geography,0.0
per_capita,M1b,LBY,spatial_block=Europe,geography,0.0
per_capita,M1b,MDG,spatial_block=Europe,geography,0.0
per_capita,M1b,MWI,spatial_block=Europe,geography,0.0
per_capita,M1b,MLI,spatial_block=Europe,geography,0.0
per_capita,M1b,MRT,spatial_block=Europe,geography,0.0
per_capita,M1b,MAR,spatial_block=Europe,geography,0.0
per_capita,M1b,MOZ,spatial_block=Europe,geography,0.0
per_capita,M1b,NAM,spatial_block=Europe,geography,0.0
per_capita,M1b,NER,spatial_block=Europe,geography,0.0
per_capita,M1b,NGA,spatial_block=Europe,geography,0.0
per_capita,M1b,RWA,spatial_block=Europe,geography,0.0
per_capita,M1b,SEN,spatial_block=Europe,geography,0.0
per_capita,M1b,SLE,spatial_block=Europe,geography,0.0
per_capita,M1b,SOM,spatial_block=Europe,geography,0.0
per_capita,M1b,ZAF,spatial_block=Europe,geography,0.0
per_capita,M1b,SDN,spatial_block=Europe,geography,0.0
per_capita,M1b,SWZ,spatial_block=Europe,geography,0.0
per_capita,M1b,TZA,spatial_block=Europe,geography,0.0
per_capita,M1b,TGO,spatial_block=Europe,geography,0.0
per_capita,M1b,TUN,spatial_block=Europe,geography,0.0
per_capita,M1b,UGA,spatial_block=Europe,geography,0.0
per_capita,M1b,ZMB,spatial_block=Europe,geography,0.0
per_capita,M1b,ZWE,spatial_block=Europe,geography,0.0
per_capita,M1b,AFG,spatial_block=Europe,geography,0.0
per_capita,M1b,ARM,spatial_block=Europe,geography,0.0
per_capita,M1b,AZE,spatial_block=Europe,geography,0.0
per_capita,M1b,BGD,spatial_block=Europe,geography,0.0
per_capita,M1b,MMR,spatial_block=Europe,geography,0.0
per_capita,M1b,KHM,spatial_block=Europe,geography,0.0
per_capita,M1b,CHN,spatial_block=Europe,geography,0.0
per_capita,M1b,GEO,spatial_block=Europe,geography,0.0
per_capita,M1b,IND,spatial_block=Europe,geography,0.0
per_capita,M1b,IDN,spatial_block=Europe,geography,0.0
per_capita,M1b,IRN,spatial_block=Europe,geography,0.0
per_capita,M1b,IRQ,spatial_block=Europe,geography,0.0
per_capita,M1b,ISR,spatial_block=Europe,geography,0.0
per_capita,M1b,JPN,spatial_block=Europe,geography,0.0
per_capita,M1b,JOR,spatial_block=Europe,geography,0.0
per_capita,M1b,KAZ,spatial_block=Europe,geography,0.0
per_capita,M1b,LAO,spatial_block=Europe,geography,0.0
per_capita,M1b,LBN,spatial_block=Europe,geography,0.0
per_capita,M1b,MYS,spatial_block=Europe,geography,0.0
per_capita,M1b,MNG,spatial_block=Europe,geography,0.0
per_capita,M1b,NPL,spatial_block=Europe,geography,0.0
per_capita,M1b,OMN,spatial_block=Europe,geography,0.0
per_capita,M1b,PAK,spatial_block=Europe,geography,0.0
per_capita,M1b,PHL,spatial_block=Europe,geography,0.0
per_capita,M1b,QAT,spatial_block=Europe,geography,0.0
per_capita,M1b,SAU,spatial_block=Europe,geography,0.0
per_capita,M1b,KOR,spatial_block=Europe,geography,0.0
per_capita,M1b,LKA,spatial_block=Europe,geography,0.0
per_capita,M1b,SYR,spatial_block=Europe,geography,0.0
per_capita,M1b,TWN,spatial_block=Europe,geography,0.0
per_capita,M1b,TJK,spatial_block=Europe,geography,0.0
per_capita,M1b,THA,spatial_block=Europe,geography,0.0
per_capita,M1b,TUR,spatial_block=Europe,geography,0.0
per_capita,M1b,TKM,spatial_block=Europe,geography,0.0
per_capita,M1b,ARE,spatial_block=Europe,geography,0.0
per_capita,M1b,UZB,spatial_block=Europe,geography,0.0
per_capita,M1b,VNM,spatial_block=Europe,geography,0.0
per_capita,M1b,YEM,spatial_block=Europe,geography,0.0
per_capita,M1b,ALB,spatial_block=Europe,geography,1.0
per_capita,M1b,AUT,spatial_block=Europe,geography,1.0
per_capita,M1b,BLR,spatial_block=Europe,geography,1.0
per_capita,M1b,BEL,spatial_block=Europe,geography,1.0
per_capita,M1b,BIH,spatial_block=Europe,geography,1.0
per_capita,M1b,BGR,spatial_block=Europe,geography,1.0
per_capita,M1b,HRV,spatial_block=Europe,geography,1.0
per_capita,M1b,CYP,spatial_block=Europe,geography,1.0
per_capita,M1b,CZE,spatial_block=Europe,geography,1.0
per_capita,M1b,DNK,spatial_block=Europe,geography,1.0
per_capita,M1b,EST,spatial_block=Europe,geography,1.0
per_capita,M1b,FIN,spatial_block=Europe,geography,1.0
per_capita,M1b,FRA,spatial_block=Europe,geography,1.0
per_capita,M1b,DEU,spatial_block=Europe,geography,1.0
per_capita,M1b,GRC,spatial_block=Europe,geography,1.0
per_capita,M1b,HUN,spatial_block=Europe,geography,1.0
per_capita,M1b,ISL,spatial_block=Europe,geography,1.0
per_capita,M1b,IRL,spatial_block=Europe,geography,1.0
per_capita,M1b,ITA,spatial_block=Europe,geography,1.0
per_capita,M1b,LVA,spatial_block=Europe,geography,1.0
per_capita,M1b,LTU,spatial_block=Europe,geography,1.0
per_capita,M1b,MKD,spatial_block=Europe,geography,1.0
per_capita,M1b,MDA,spatial_block=Europe,geography,1.0
per_capita,M1b,MNE,spatial_block=Europe,geography,1.0
per_capita,M1b,NLD,spatial_block=Europe,geography,1.0
per_capita,M1b,NOR,spatial_block=Europe,geography,1.0
per_capita,M1b,POL,spatial_block=Europe,geography,1.0
per_capita,M1b,PRT,spatial_block=Europe,geography,1.0
per_capita,M1b,ROU,spatial_block=Europe,geography,1.0
per_capita,M1b,RUS,spatial_block=Europe,geography,1.0
per_capita,M1b,SRB,spatial_block=Europe,geography,1.0
per_capita,M1b,SVK,spatial_block=Europe,geography,1.0
per_capita,M1b,SVN,spatial_block=Europe,geography,1.0
per_capita,M1b,ESP,spatial_block=Europe,geography,1.0
per_capita,M1b,SWE,spatial_block=Europe,geography,1.0
per_capita,M1b,CHE,spatial_block=Europe,geography,1.0
per_capita,M1b,UKR,spatial_block=Europe,geography,1.0
per_capita,M1b,GBR,spatial_block=Europe,geography,1.0
per_capita,M1b,BHS,spatial_block=Europe,geography,0.0
per_capita,M1b,CAN,spatial_block=Europe,geography,0.0
per_capita,M1b,CRI,spatial_block=Europe,geography,0.0
per_capita,M1b,CUB,spatial_block=Europe,geography,0.0
per_capita,M1b,DOM,spatial_block=Europe,geography,0.0
per_capita,M1b,SLV,spatial_block=Europe,geography,0.0
per_capita,M1b,GTM,spatial_block=Europe,geography,0.0
per_capita,M1b,HTI,spatial_block=Europe,geography,0.0
per_capita,M1b,HND,spatial_block=Europe,geography,0.0
per_capita,M1b,JAM,spatial_block=Europe,geography,0.0
per_capita,M1b,MEX,spatial_block=Europe,geography,0.0
per_capita,M1b,NIC,spatial_block=Europe,geography,0.0
per_capita,M1b,PAN,spatial_block=Europe,geography,0.0
per_capita,M1b,USA,spatial_block=Europe,geography,0.0
per_capita,M1b,AUS,spatial_block=Europe,geography,0.0
per_capita,M1b,NZL,spatial_block=Europe,geography,0.0
per_capita,M1b,PNG,spatial_block=Europe,geography,0.0
per_capita,M1b,ARG,spatial_block=Europe,geography,0.0
per_capita,M1b,BOL,spatial_block=Europe,geography,0.0
per_capita,M1b,BRA,spatial_block=Europe,geography,0.0
per_capita,M1b,CHL,spatial_block=Europe,geography,0.0
per_capita,M1b,COL,spatial_block=Europe,geography,0.0
per_capita,M1b,ECU,spatial_block=Europe,geography,0.0
per_capita,M1b,PRY,spatial_block=Europe,geography,0.0
per_capita,M1b,PER,spatial_block=Europe,geography,0.0
per_capita,M1b,SUR,spatial_block=Europe,geography,0.0
per_capita,M1b,URY,spatial_block=Europe,geography,0.0
per_capita,M1b,VEN,spatial_block=Europe,geography,0.0
per_capita,M1b,DZA,spatial_block=North America,geography,0.0
per_capita,M1b,AGO,spatial_block=North America,geography,0.0
per_capita,M1b,BEN,spatial_block=North America,geography,0.0
per_capita,M1b,BWA,spatial_block=North America,geography,0.0
per_capita,M1b,BFA,spatial_block=North America,geography,0.0
per_capita,M1b,BDI,spatial_block=North America,geography,0.0
per_capita,M1b,CMR,spatial_block=North America,geography,0.0
per_capita,M1b,CAF,spatial_block=North America,geography,0.0
per_capita,M1b,TCD,spatial_block=North America,geography,0.0
per_capita,M1b,COG,spatial_block=North America,geography,0.0
per_capita,M1b,COD,spatial_block=North America,geography,0.0
per_capita,M1b,CIV,spatial_block=North America,geography,0.0
per_capita,M1b,DJI,spatial_block=North America,geography,0.0
per_capita,M1b,EGY,spatial_block=North America,geography,0.0
per_capita,M1b,GNQ,spatial_block=North America,geography,0.0
per_capita,M1b,ERI,spatial_block=North America,geography,0.0
per_capita,M1b,ETH,spatial_block=North America,geography,0.0
per_capita,M1b,GAB,spatial_block=North America,geography,0.0
per_capita,M1b,GHA,spatial_block=North America,geography,0.0
per_capita,M1b,GIN,spatial_block=North America,geography,0.0
per_capita,M1b,GNB,spatial_block=North America,geography,0.0
per_capita,M1b,KEN,spatial_block=North America,geography,0.0
per_capita,M1b,LSO,spatial_block=North America,geography,0.0
per_capita,M1b,LBR,spatial_block=North America,geography,0.0
per_capita,M1b,LBY,spatial_block=North America,geography,0.0
per_capita,M1b,MDG,spatial_block=North America,geography,0.0
per_capita,M1b,MWI,spatial_block=North America,geography,0.0
per_capita,M1b,MLI,spatial_block=North America,geography,0.0
per_capita,M1b,MRT,spatial_block=North America,geography,0.0
per_capita,M1b,MAR,spatial_block=North America,geography,0.0
per_capita,M1b,MOZ,spatial_block=North America,geography,0.0
per_capita,M1b,NAM,spatial_block=North America,geography,0.0
per_capita,M1b,NER,spatial_block=North America,geography,0.0
per_capita,M1b,NGA,spatial_block=North America,geography,0.0
per_capita,M1b,RWA,spatial_block=North America,geography,0.0
per_capita,M1b,SEN,spatial_block=North America,geography,0.0
per_capita,M1b,SLE,spatial_block=North America,geography,0.0
per_capita,M1b,SOM,spatial_block=North America,geography,0.0
per_capita,M1b,ZAF,spatial_block=North America,geography,0.0
per_capita,M1b,SDN,spatial_block=North America,geography,0.0
per_capita,M1b,SWZ,spatial_block=North America,geography,0.0
per_capita,M1b,TZA,spatial_block=North America,geography,0.0
per_capita,M1b,TGO,spatial_block=North America,geography,0.0
per_capita,M1b,TUN,spatial_block=North America,geography,0.0
per_capita,M1b,UGA,spatial_block=North America,geography,0.0
per_capita,M1b,ZMB,spatial_block=North America,geography,0.0
per_capita,M1b,ZWE,spatial_block=North America,geography,0.0
per_capita,M1b,AFG,spatial_block=North America,geography,0.0
per_capita,M1b,ARM,spatial_block=North America,geography,0.0
per_capita,M1b,AZE,spatial_block=North America,geography,0.0
per_capita,M1b,BGD,spatial_block=North America,geography,0.0
per_capita,M1b,MMR,spatial_block=North America,geography,0.0
per_capita,M1b,KHM,spatial_block=North America,geography,0.0
per_capita,M1b,CHN,spatial_block=North America,geography,0.0
per_capita,M1b,GEO,spatial_block=North America,geography,0.0
per_capita,M1b,IND,spatial_block=North America,geography,0.0
per_capita,M1b,IDN,spatial_block=North America,geography,0.0
per_capita,M1b,IRN,spatial_block=North America,geography,0.0
per_capita,M1b,IRQ,spatial_block=North America,geography,0.0
per_capita,M1b,ISR,spatial_block=North America,geography,0.0
per_capita,M1b,JPN,spatial_block=North America,geography,0.0
per_capita,M1b,JOR,spatial_block=North America,geography,0.0
per_capita,M1b,KAZ,spatial_block=North America,geography,0.0
per_capita,M1b,LAO,spatial_block=North America,geography,0.0
per_capita,M1b,LBN,spatial_block=North America,geography,0.0
per_capita,M1b,MYS,spatial_block=North America,geography,0.0
per_capita,M1b,MNG,spatial_block=North America,geography,0.0
per_capita,M1b,NPL,spatial_block=North America,geography,0.0
per_capita,M1b,OMN,spatial_block=North America,geography,0.0
per_capita,M1b,PAK,spatial_block=North America,geography,0.0
per_capita,M1b,PHL,spatial_block=North America,geography,0.0
per_capita,M1b,QAT,spatial_block=North America,geography,0.0
per_capita,M1b,SAU,spatial_block=North America,geography,0.0
per_capita,M1b,KOR,spatial_block=North America,geography,0.0
per_capita,M1b,LKA,spatial_block=North America,geography,0.0
per_capita,M1b,SYR,spatial_block=North America,geography,0.0
per_capita,M1b,TWN,spatial_block=North America,geography,0.0
per_capita,M1b,TJK,spatial_block=North America,geography,0.0
per_capita,M1b,THA,spatial_block=North America,geography,0.0
per_capita,M1b,TUR,spatial_block=North America,geography,0.0
per_capita,M1b,TKM,spatial_block=North America,geography,0.0
per_capita,M1b,ARE,spatial_block=North America,geography,0.0
per_capita,M1b,UZB,spatial_block=North America,geography,0.0
per_capita,M1b,VNM,spatial_block=North America,geography,0.0
per_capita,M1b,YEM,spatial_block=North America,geography,0.0
per_capita,M1b,ALB,spatial_block=North America,geography,0.0
per_capita,M1b,AUT,spatial_block=North America,geography,0.0
per_capita,M1b,BLR,spatial_block=North America,geography,0.0
per_capita,M1b,BEL,spatial_block=North America,geography,0.0
per_capita,M1b,BIH,spatial_block=North America,geography,0.0
per_capita,M1b,BGR,spatial_block=North America,geography,0.0
per_capita,M1b,HRV,spatial_block=North America,geography,0.0
per_capita,M1b,CYP,spatial_block=North America,geography,0.0
per_capita,M1b,CZE,spatial_block=North America,geography,0.0
per_capita,M1b,DNK,spatial_block=North America,geography,0.0
per_capita,M1b,EST,spatial_block=North America,geography,0.0
per_capita,M1b,FIN,spatial_block=North America,geography,0.0
per_capita,M1b,FRA,spatial_block=North America,geography,0.0
per_capita,M1b,DEU,spatial_block=North America,geography,0.0
per_capita,M1b,GRC,spatial_block=North America,geography,0.0
per_capita,M1b,HUN,spatial_block=North America,geography,0.0
per_capita,M1b,ISL,spatial_block=North America,geography,0.0
per_capita,M1b,IRL,spatial_block=North America,geography,0.0
per_capita,M1b,ITA,spatial_block=North America,geography,0.0
per_capita,M1b,LVA,spatial_block=North America,geography,0.0
per_capita,M1b,LTU,spatial_block=North America,geography,0.0
per_capita,M1b,MKD,spatial_block=North America,geography,0.0
per_capita,M1b,MDA,spatial_block=North America,geography,0.0
per_capita,M1b,MNE,spatial_block=North America,geography,0.0
per_capita,M1b,NLD,spatial_block=North America,geography,0.0
per_capita,M1b,NOR,spatial_block=North America,geography,0.0
per_capita,M1b,POL,spatial_block=North America,geography,0.0
per_capita,M1b,PRT,spatial_block=North America,geography,0.0
per_capita,M1b,ROU,spatial_block=North America,geography,0.0
per_capita,M1b,RUS,spatial_block=North America,geography,0.0
per_capita,M1b,SRB,spatial_block=North America,geography,0.0
per_capita,M1b,SVK,spatial_block=North America,geography,0.0
per_capita,M1b,SVN,spatial_block=North America,geography,0.0
per_capita,M1b,ESP,spatial_block=North America,geography,0.0
per_capita,M1b,SWE,spatial_block=North America,geography,0.0
per_capita,M1b,CHE,spatial_block=North America,geography,0.0
per_capita,M1b,UKR,spatial_block=North America,geography,0.0
per_capita,M1b,GBR,spatial_block=North America,geography,0.0
per_capita,M1b,BHS,spatial_block=North America,geography,1.0
per_capita,M1b,CAN,spatial_block=North America,geography,1.0
per_capita,M1b,CRI,spatial_block=North America,geography,1.0
per_capita,M1b,CUB,spatial_block=North America,geography,1.0
per_capita,M1b,DOM,spatial_block=North America,geography,1.0
per_capita,M1b,SLV,spatial_block=North America,geography,1.0
per_capita,M1b,GTM,spatial_block=North America,geography,1.0
per_capita,M1b,HTI,spatial_block=North America,geography,1.0
per_capita,M1b,HND,spatial_block=North America,geography,1.0
per_capita,M1b,JAM,spatial_block=North America,geography,1.0
per_capita,M1b,MEX,spatial_block=North America,geography,1.0
per_capita,M1b,NIC,spatial_block=North America,geography,1.0
per_capita,M1b,PAN,spatial_block=North America,geography,1.0
per_capita,M1b,USA,spatial_block=North America,geography,1.0
per_capita,M1b,AUS,spatial_block=North America,geography,0.0
per_capita,M1b,NZL,spatial_block=North America,geography,0.0
per_capita,M1b,PNG,spatial_block=North America,geography,0.0
per_capita,M1b,ARG,spatial_block=North America,geography,0.0
per_capita,M1b,BOL,spatial_block=North America,geography,0.0
per_capita,M1b,BRA,spatial_block=North America,geography,0.0
per_capita,M1b,CHL,spatial_block=North America,geography,0.0
per_capita,M1b,COL,spatial_block=North America,geography,0.0
per_capita,M1b,ECU,spatial_block=North America,geography,0.0
per_capita,M1b,PRY,spatial_block=North America,geography,0.0
per_capita,M1b,PER,spatial_block=North America,geography,0.0
per_capita,M1b,SUR,spatial_block=North America,geography,0.0
per_capita,M1b,URY,spatial_block=North America,geography,0.0
per_capita,M1b,VEN,spatial_block=North America,geography,0.0
per_capita,M1b,DZA,spatial_block=Oceania,geography,0.0
per_capita,M1b,AGO,spatial_block=Oceania,geography,0.0
per_capita,M1b,BEN,spatial_block=Oceania,geography,0.0
per_capita,M1b,BWA,spatial_block=Oceania,geography,0.0
per_capita,M1b,BFA,spatial_block=Oceania,geography,0.0
per_capita,M1b,BDI,spatial_block=Oceania,geography,0.0
per_capita,M1b,CMR,spatial_block=Oceania,geography,0.0
per_capita,M1b,CAF,spatial_block=Oceania,geography,0.0
per_capita,M1b,TCD,spatial_block=Oceania,geography,0.0
per_capita,M1b,COG,spatial_block=Oceania,geography,0.0
per_capita,M1b,COD,spatial_block=Oceania,geography,0.0
per_capita,M1b,CIV,spatial_block=Oceania,geography,0.0
per_capita,M1b,DJI,spatial_block=Oceania,geography,0.0
per_capita,M1b,EGY,spatial_block=Oceania,geography,0.0
per_capita,M1b,GNQ,spatial_block=Oceania,geography,0.0
per_capita,M1b,ERI,spatial_block=Oceania,geography,0.0
per_capita,M1b,ETH,spatial_block=Oceania,geography,0.0
per_capita,M1b,GAB,spatial_block=Oceania,geography,0.0
per_capita,M1b,GHA,spatial_block=Oceania,geography,0.0
per_capita,M1b,GIN,spatial_block=Oceania,geography,0.0
per_capita,M1b,GNB,spatial_block=Oceania,geography,0.0
per_capita,M1b,KEN,spatial_block=Oceania,geography,0.0
per_capita,M1b,LSO,spatial_block=Oceania,geography,0.0
per_capita,M1b,LBR,spatial_block=Oceania,geography,0.0
per_capita,M1b,LBY,spatial_block=Oceania,geography,0.0
per_capita,M1b,MDG,spatial_block=Oceania,geography,0.0
per_capita,M1b,MWI,spatial_block=Oceania,geography,0.0
per_capita,M1b,MLI,spatial_block=Oceania,geography,0.0
per_capita,M1b,MRT,spatial_block=Oceania,geography,0.0
per_capita,M1b,MAR,spatial_block=Oceania,geography,0.0
per_capita,M1b,MOZ,spatial_block=Oceania,geography,0.0
per_capita,M1b,NAM,spatial_block=Oceania,geography,0.0
per_capita,M1b,NER,spatial_block=Oceania,geography,0.0
per_capita,M1b,NGA,spatial_block=Oceania,geography,0.0
per_capita,M1b,RWA,spatial_block=Oceania,geography,0.0
per_capita,M1b,SEN,spatial_block=Oceania,geography,0.0
per_capita,M1b,SLE,spatial_block=Oceania,geography,0.0
per_capita,M1b,SOM,spatial_block=Oceania,geography,0.0
per_capita,M1b,ZAF,spatial_block=Oceania,geography,0.0
per_capita,M1b,SDN,spatial_block=Oceania,geography,0.0
per_capita,M1b,SWZ,spatial_block=Oceania,geography,0.0
per_capita,M1b,TZA,spatial_block=Oceania,geography,0.0
per_capita,M1b,TGO,spatial_block=Oceania,geography,0.0
per_capita,M1b,TUN,spatial_block=Oceania,geography,0.0
per_capita,M1b,UGA,spatial_block=Oceania,geography,0.0
per_capita,M1b,ZMB,spatial_block=Oceania,geography,0.0
per_capita,M1b,ZWE,spatial_block=Oceania,geography,0.0
per_capita,M1b,AFG,spatial_block=Oceania,geography,0.0
per_capita,M1b,ARM,spatial_block=Oceania,geography,0.0
per_capita,M1b,AZE,spatial_block=Oceania,geography,0.0
per_capita,M1b,BGD,spatial_block=Oceania,geography,0.0
per_capita,M1b,MMR,spatial_block=Oceania,geography,0.0
per_capita,M1b,KHM,spatial_block=Oceania,geography,0.0
per_capita,M1b,CHN,spatial_block=Oceania,geography,0.0
per_capita,M1b,GEO,spatial_block=Oceania,geography,0.0
per_capita,M1b,IND,spatial_block=Oceania,geography,0.0
per_capita,M1b,IDN,spatial_block=Oceania,geography,0.0
per_capita,M1b,IRN,spatial_block=Oceania,geography,0.0
per_capita,M1b,IRQ,spatial_block=Oceania,geography,0.0
per_capita,M1b,ISR,spatial_block=Oceania,geography,0.0
per_capita,M1b,JPN,spatial_block=Oceania,geography,0.0
per_capita,M1b,JOR,spatial_block=Oceania,geography,0.0
per_capita,M1b,KAZ,spatial_block=Oceania,geography,0.0
per_capita,M1b,LAO,spatial_block=Oceania,geography,0.0
per_capita,M1b,LBN,spatial_block=Oceania,geography,0.0
per_capita,M1b,MYS,spatial_block=Oceania,geography,0.0
per_capita,M1b,MNG,spatial_block=Oceania,geography,0.0
per_capita,M1b,NPL,spatial_block=Oceania,geography,0.0
per_capita,M1b,OMN,spatial_block=Oceania,geography,0.0
per_capita,M1b,PAK,spatial_block=Oceania,geography,0.0
per_capita,M1b,PHL,spatial_block=Oceania,geography,0.0
per_capita,M1b,QAT,spatial_block=Oceania,geography,0.0
per_capita,M1b,SAU,spatial_block=Oceania,geography,0.0
per_capita,M1b,KOR,spatial_block=Oceania,geography,0.0
per_capita,M1b,LKA,spatial_block=Oceania,geography,0.0
per_capita,M1b,SYR,spatial_block=Oceania,geography,0.0
per_capita,M1b,TWN,spatial_block=Oceania,geography,0.0
per_capita,M1b,TJK,spatial_block=Oceania,geography,0.0
per_capita,M1b,THA,spatial_block=Oceania,geography,0.0
per_capita,M1b,TUR,spatial_block=Oceania,geography,0.0
per_capita,M1b,TKM,spatial_block=Oceania,geography,0.0
per_capita,M1b,ARE,spatial_block=Oceania,geography,0.0
per_capita,M1b,UZB,spatial_block=Oceania,geography,0.0
per_capita,M1b,VNM,spatial_block=Oceania,geography,0.0
per_capita,M1b,YEM,spatial_block=Oceania,geography,0.0
per_capita,M1b,ALB,spatial_block=Oceania,geography,0.0
per_capita,M1b,AUT,spatial_block=Oceania,geography,0.0
per_capita,M1b,BLR,spatial_block=Oceania,geography,0.0
per_capita,M1b,BEL,spatial_block=Oceania,geography,0.0
per_capita,M1b,BIH,spatial_block=Oceania,geography,0.0
per_capita,M1b,BGR,spatial_block=Oceania,geography,0.0
per_capita,M1b,HRV,spatial_block=Oceania,geography,0.0
per_capita,M1b,CYP,spatial_block=Oceania,geography,0.0
per_capita,M1b,CZE,spatial_block=Oceania,geography,0.0
per_capita,M1b,DNK,spatial_block=Oceania,geography,0.0
per_capita,M1b,EST,spatial_block=Oceania,geography,0.0
per_capita,M1b,FIN,spatial_block=Oceania,geography,0.0
per_capita,M1b,FRA,spatial_block=Oceania,geography,0.0
per_capita,M1b,DEU,spatial_block=Oceania,geography,0.0
per_capita,M1b,GRC,spatial_block=Oceania,geography,0.0
per_capita,M1b,HUN,spatial_block=Oceania,geography,0.0
per_capita,M1b,ISL,spatial_block=Oceania,geography,0.0
per_capita,M1b,IRL,spatial_block=Oceania,geography,0.0
per_capita,M1b,ITA,spatial_block=Oceania,geography,0.0
per_capita,M1b,LVA,spatial_block=Oceania,geography,0.0
per_capita,M1b,LTU,spatial_block=Oceania,geography,0.0
per_capita,M1b,MKD,spatial_block=Oceania,geography,0.0
per_capita,M1b,MDA,spatial_block=Oceania,geography,0.0
per_capita,M1b,MNE,spatial_block=Oceania,geography,0.0
per_capita,M1b,NLD,spatial_block=Oceania,geography,0.0
per_capita,M1b,NOR,spatial_block=Oceania,geography,0.0
per_capita,M1b,POL,spatial_block=Oceania,geography,0.0
per_capita,M1b,PRT,spatial_block=Oceania,geography,0.0
per_capita,M1b,ROU,spatial_block=Oceania,geography,0.0
per_capita,M1b,RUS,spatial_block=Oceania,geography,0.0
per_capita,M1b,SRB,spatial_block=Oceania,geography,0.0
per_capita,M1b,SVK,spatial_block=Oceania,geography,0.0
per_capita,M1b,SVN,spatial_block=Oceania,geography,0.0
per_capita,M1b,ESP,spatial_block=Oceania,geography,0.0
per_capita,M1b,SWE,spatial_block=Oceania,geography,0.0
per_capita,M1b,CHE,spatial_block=Oceania,geography,0.0
per_capita,M1b,UKR,spatial_block=Oceania,geography,0.0
per_capita,M1b,GBR,spatial_block=Oceania,geography,0.0
per_capita,M1b,BHS,spatial_block=Oceania,geography,0.0
per_capita,M1b,CAN,spatial_block=Oceania,geography,0.0
per_capita,M1b,CRI,spatial_block=Oceania,geography,0.0
per_capita,M1b,CUB,spatial_block=Oceania,geography,0.0
per_capita,M1b,DOM,spatial_block=Oceania,geography,0.0
per_capita,M1b,SLV,spatial_block=Oceania,geography,0.0
per_capita,M1b,GTM,spatial_block=Oceania,geography,0.0
per_capita,M1b,HTI,spatial_block=Oceania,geography,0.0
per_capita,M1b,HND,spatial_block=Oceania,geography,0.0
per_capita,M1b,JAM,spatial_block=Oceania,geography,0.0
per_capita,M1b,MEX,spatial_block=Oceania,geography,0.0
per_capita,M1b,NIC,spatial_block=Oceania,geography,0.0
per_capita,M1b,PAN,spatial_block=Oceania,geography,0.0
per_capita,M1b,USA,spatial_block=Oceania,geography,0.0
per_capita,M1b,AUS,spatial_block=Oceania,geography,1.0
per_capita,M1b,NZL,spatial_block=Oceania,geography,1.0
per_capita,M1b,PNG,spatial_block=Oceania,geography,1.0
per_capita,M1b,ARG,spatial_block=Oceania,geography,0.0
per_capita,M1b,BOL,spatial_block=Oceania,geography,0.0
per_capita,M1b,BRA,spatial_block=Oceania,geography,0.0
per_capita,M1b,CHL,spatial_block=Oceania,geography,0.0
per_capita,M1b,COL,spatial_block=Oceania,geography,0.0
per_capita,M1b,ECU,spatial_block=Oceania,geography,0.0
per_capita,M1b,PRY,spatial_block=Oceania,geography,0.0
per_capita,M1b,PER,spatial_block=Oceania,geography,0.0
per_capita,M1b,SUR,spatial_block=Oceania,geography,0.0
per_capita,M1b,URY,spatial_block=Oceania,geography,0.0
per_capita,M1b,VEN,spatial_block=Oceania,geography,0.0
per_capita,M1b,DZA,spatial_block=South America,geography,0.0
per_capita,M1b,AGO,spatial_block=South America,geography,0.0
per_capita,M1b,BEN,spatial_block=South America,geography,0.0
per_capita,M1b,BWA,spatial_block=South America,geography,0.0
per_capita,M1b,BFA,spatial_block=South America,geography,0.0
per_capita,M1b,BDI,spatial_block=South America,geography,0.0
per_capita,M1b,CMR,spatial_block=South America,geography,0.0
per_capita,M1b,CAF,spatial_block=South America,geography,0.0
per_capita,M1b,TCD,spatial_block=South America,geography,0.0
per_capita,M1b,COG,spatial_block=South America,geography,0.0
per_capita,M1b,COD,spatial_block=South America,geography,0.0
per_capita,M1b,CIV,spatial_block=South America,geography,0.0
per_capita,M1b,DJI,spatial_block=South America,geography,0.0
per_capita,M1b,EGY,spatial_block=South America,geography,0.0
per_capita,M1b,GNQ,spatial_block=South America,geography,0.0
per_capita,M1b,ERI,spatial_block=South America,geography,0.0
per_capita,M1b,ETH,spatial_block=South America,geography,0.0
per_capita,M1b,GAB,spatial_block=South America,geography,0.0
per_capita,M1b,GHA,spatial_block=South America,geography,0.0
per_capita,M1b,GIN,spatial_block=South America,geography,0.0
per_capita,M1b,GNB,spatial_block=South America,geography,0.0
per_capita,M1b,KEN,spatial_block=South America,geography,0.0
per_capita,M1b,LSO,spatial_block=South America,geography,0.0
per_capita,M1b,LBR,spatial_block=South America,geography,0.0
per_capita,M1b,LBY,spatial_block=South America,geography,0.0
per_capita,M1b,MDG,spatial_block=South America,geography,0.0
per_capita,M1b,MWI,spatial_block=South America,geography,0.0
per_capita,M1b,MLI,spatial_block=South America,geography,0.0
per_capita,M1b,MRT,spatial_block=South America,geography,0.0
per_capita,M1b,MAR,spatial_block=South America,geography,0.0
per_capita,M1b,MOZ,spatial_block=South America,geography,0.0
per_capita,M1b,NAM,spatial_block=South America,geography,0.0
per_capita,M1b,NER,spatial_block=South America,geography,0.0
per_capita,M1b,NGA,spatial_block=South America,geography,0.0
per_capita,M1b,RWA,spatial_block=South America,geography,0.0
per_capita,M1b,SEN,spatial_block=South America,geography,0.0
per_capita,M1b,SLE,spatial_block=South America,geography,0.0
per_capita,M1b,SOM,spatial_block=South America,geography,0.0
per_capita,M1b,ZAF,spatial_block=South America,geography,0.0
per_capita,M1b,SDN,spatial_block=South America,geography,0.0
per_capita,M1b,SWZ,spatial_block=South America,geography,0.0
per_capita,M1b,TZA,spatial_block=South America,geography,0.0
per_capita,M1b,TGO,spatial_block=South America,geography,0.0
per_capita,M1b,TUN,spatial_block=South America,geography,0.0
per_capita,M1b,UGA,spatial_block=South America,geography,0.0
per_capita,M1b,ZMB,spatial_block=South America,geography,0.0
per_capita,M1b,ZWE,spatial_block=South America,geography,0.0
per_capita,M1b,AFG,spatial_block=South America,geography,0.0
per_capita,M1b,ARM,spatial_block=South America,geography,0.0
per_capita,M1b,AZE,spatial_block=South America,geography,0.0
per_capita,M1b,BGD,spatial_block=South America,geography,0.0
per_capita,M1b,MMR,spatial_block=South America,geography,0.0
per_capita,M1b,KHM,spatial_block=South America,geography,0.0
per_capita,M1b,CHN,spatial_block=South America,geography,0.0
per_capita,M1b,GEO,spatial_block=South America,geography,0.0
per_capita,M1b,IND,spatial_block=South America,geography,0.0
per_capita,M1b,IDN,spatial_block=South America,geography,0.0
per_capita,M1b,IRN,spatial_block=South America,geography,0.0
per_capita,M1b,IRQ,spatial_block=South America,geography,0.0
per_capita,M1b,ISR,spatial_block=South America,geography,0.0
per_capita,M1b,JPN,spatial_block=South America,geography,0.0
per_capita,M1b,JOR,spatial_block=South America,geography,0.0
per_capita,M1b,KAZ,spatial_block=South America,geography,0.0
per_capita,M1b,LAO,spatial_block=South America,geography,0.0
per_capita,M1b,LBN,spatial_block=South America,geography,0.0
per_capita,M1b,MYS,spatial_block=South America,geography,0.0
per_capita,M1b,MNG,spatial_block=South America,geography,0.0
per_capita,M1b,NPL,spatial_block=South America,geography,0.0
per_capita,M1b,OMN,spatial_block=South America,geography,0.0
per_capita,M1b,PAK,spatial_block=South America,geography,0.0
per_capita,M1b,PHL,spatial_block=South America,geography,0.0
per_capita,M1b,QAT,spatial_block=South America,geography,0.0
per_capita,M1b,SAU,spatial_block=South America,geography,0.0
per_capita,M1b,KOR,spatial_block=South America,geography,0.0
per_capita,M1b,LKA,spatial_block=South America,geography,0.0
per_capita,M1b,SYR,spatial_block=South America,geography,0.0
per_capita,M1b,TWN,spatial_block=South America,geography,0.0
per_capita,M1b,TJK,spatial_block=South America,geography,0.0
per_capita,M1b,THA,spatial_block=South America,geography,0.0
per_capita,M1b,TUR,spatial_block=South America,geography,0.0
per_capita,M1b,TKM,spatial_block=South America,geography,0.0
per_capita,M1b,ARE,spatial_block=South America,geography,0.0
per_capita,M1b,UZB,spatial_block=South America,geography,0.0
per_capita,M1b,VNM,spatial_block=South America,geography,0.0
per_capita,M1b,YEM,spatial_block=South America,geography,0.0
per_capita,M1b,ALB,spatial_block=South America,geography,0.0
per_capita,M1b,AUT,spatial_block=South America,geography,0.0
per_capita,M1b,BLR,spatial_block=South America,geography,0.0
per_capita,M1b,BEL,spatial_block=South America,geography,0.0
per_capita,M1b,BIH,spatial_block=South America,geography,0.0
per_capita,M1b,BGR,spatial_block=South America,geography,0.0
per_capita,M1b,HRV,spatial_block=South America,geography,0.0
per_capita,M1b,CYP,spatial_block=South America,geography,0.0
per_capita,M1b,CZE,spatial_block=South America,geography,0.0
per_capita,M1b,DNK,spatial_block=South America,geography,0.0
per_capita,M1b,EST,spatial_block=South America,geography,0.0
per_capita,M1b,FIN,spatial_block=South America,geography,0.0
per_capita,M1b,FRA,spatial_block=South America,geography,0.0
per_capita,M1b,DEU,spatial_block=South America,geography,0.0
per_capita,M1b,GRC,spatial_block=South America,geography,0.0
per_capita,M1b,HUN,spatial_block=South America,geography,0.0
per_capita,M1b,ISL,spatial_block=South America,geography,0.0
per_capita,M1b,IRL,spatial_block=South America,geography,0.0
per_capita,M1b,ITA,spatial_block=South America,geography,0.0
per_capita,M1b,LVA,spatial_block=South America,geography,0.0
per_capita,M1b,LTU,spatial_block=South America,geography,0.0
per_capita,M1b,MKD,spatial_block=South America,geography,0.0
per_capita,M1b,MDA,spatial_block=South America,geography,0.0
per_capita,M1b,MNE,spatial_block=South America,geography,0.0
per_capita,M1b,NLD,spatial_block=South America,geography,0.0
per_capita,M1b,NOR,spatial_block=South America,geography,0.0
per_capita,M1b,POL,spatial_block=South America,geography,0.0
per_capita,M1b,PRT,spatial_block=South America,geography,0.0
per_capita,M1b,ROU,spatial_block=South America,geography,0.0
per_capita,M1b,RUS,spatial_block=South America,geography,0.0
per_capita,M1b,SRB,spatial_block=South America,geography,0.0
per_capita,M1b,SVK,spatial_block=South America,geography,0.0
per_capita,M1b,SVN,spatial_block=South America,geography,0.0
per_capita,M1b,ESP,spatial_block=South America,geography,0.0
per_capita,M1b,SWE,spatial_block=South America,geography,0.0
per_capita,M1b,CHE,spatial_block=South America,geography,0.0
per_capita,M1b,UKR,spatial_block=South America,geography,0.0
per_capita,M1b,GBR,spatial_block=South America,geography,0.0
per_capita,M1b,BHS,spatial_block=South America,geography,0.0
per_capita,M1b,CAN,spatial_block=South America,geography,0.0
per_capita,M1b,CRI,spatial_block=South America,geography,0.0
per_capita,M1b,CUB,spatial_block=South America,geography,0.0
per_capita,M1b,DOM,spatial_block=South America,geography,0.0
per_capita,M1b,SLV,spatial_block=South America,geography,0.0
per_capita,M1b,GTM,spatial_block=South America,geography,0.0
per_capita,M1b,HTI,spatial_block=South America,geography,0.0
per_capita,M1b,HND,spatial_block=South America,geography,0.0
per_capita,M1b,JAM,spatial_block=South America,geography,0.0
per_capita,M1b,MEX,spatial_block=South America,geography,0.0
per_capita,M1b,NIC,spatial_block=South America,geography,0.0
per_capita,M1b,PAN,spatial_block=South America,geography,0.0
per_capita,M1b,USA,spatial_block=South America,geography,0.0
per_capita,M1b,AUS,spatial_block=South America,geography,0.0
per_capita,M1b,NZL,spatial_block=South America,geography,0.0
per_capita,M1b,PNG,spatial_block=South America,geography,0.0
per_capita,M1b,ARG,spatial_block=South America,geography,1.0
per_capita,M1b,BOL,spatial_block=South America,geography,1.0
per_capita,M1b,BRA,spatial_block=South America,geography,1.0
per_capita,M1b,CHL,spatial_block=South America,geography,1.0
per_capita,M1b,COL,spatial_block=South America,geography,1.0
per_capita,M1b,ECU,spatial_block=South America,geography,1.0
per_capita,M1b,PRY,spatial_block=South America,geography,1.0
per_capita,M1b,PER,spatial_block=South America,geography,1.0
per_capita,M1b,SUR,spatial_block=South America,geography,1.0
per_capita,M1b,URY,spatial_block=South America,geography,1.0
per_capita,M1b,VEN,spatial_block=South America,geography,1.0
per_capita,M1b,DZA,income_group=Low-income countries,socioeconomic,0.0
per_capita,M1b,AGO,income_group=Low-income countries,socioeconomic,0.0
per_capita,M1b,BEN,income_group=Low-income countries,socioeconomic,0.0
per_capita,M1b,BWA,income_group=Low-income countries,socioeconomic,0.0
per_capita,M1b,BFA,income_group=Low-income countries,socioeconomic,1.0
per_capita,M1b,BDI,income_group=Low-income countries,socioeconomic,1.0
per_capita,M1b,CMR,income_group=Low-income countries,socioeconomic,0.0
per_capita,M1b,CAF,income_group=Low-income countries,socioeconomic,1.0
per_capita,M1b,TCD,income_group=Low-income countries,socioeconomic,1.0
per_capita,M1b,COG,income_group=Low-income countries,socioeconomic,0.0
per_capita,M1b,COD,income_group=Low-income countries,socioeconomic,1.0
per_capita,M1b,CIV,income_group=Low-income countries,socioeconomic,0.0
per_capita,M1b,DJI,income_group=Low-income countries,socioeconomic,0.0
per_capita,M1b,EGY,income_group=Low-income countries,socioeconomic,0.0
per_capita,M1b,GNQ,income_group=Low-income countries,socioeconomic,0.0
per_capita,M1b,ERI,income_group=Low-income countries,socioeconomic,1.0
per_capita,M1b,ETH,income_group=Low-income countries,socioeconomic,1.0
per_capita,M1b,GAB,income_group=Low-income countries,socioeconomic,0.0
per_capita,M1b,GHA,income_group=Low-income countries,socioeconomic,0.0
per_capita,M1b,GIN,income_group=Low-income countries,socioeconomic,0.0
per_capita,M1b,GNB,income_group=Low-income countries,socioeconomic,1.0
per_capita,M1b,KEN,income_group=Low-income countries,socioeconomic,0.0
per_capita,M1b,LSO,income_group=Low-income countries,socioeconomic,0.0
per_capita,M1b,LBR,income_group=Low-income countries,socioeconomic,1.0
per_capita,M1b,LBY,income_group=Low-income countries,socioeconomic,0.0
per_capita,M1b,MDG,income_group=Low-income countries,socioeconomic,1.0
per_capita,M1b,MWI,income_group=Low-income countries,socioeconomic,1.0
per_capita,M1b,MLI,income_group=Low-income countries,socioeconomic,1.0
per_capita,M1b,MRT,income_group=Low-income countries,socioeconomic,0.0
per_capita,M1b,MAR,income_group=Low-income countries,socioeconomic,0.0
per_capita,M1b,MOZ,income_group=Low-income countries,socioeconomic,1.0
per_capita,M1b,NAM,income_group=Low-income countries,socioeconomic,0.0
per_capita,M1b,NER,income_group=Low-income countries,socioeconomic,1.0
per_capita,M1b,NGA,income_group=Low-income countries,socioeconomic,0.0
per_capita,M1b,RWA,income_group=Low-income countries,socioeconomic,1.0
per_capita,M1b,SEN,income_group=Low-income countries,socioeconomic,0.0
per_capita,M1b,SLE,income_group=Low-income countries,socioeconomic,1.0
per_capita,M1b,SOM,income_group=Low-income countries,socioeconomic,1.0
per_capita,M1b,ZAF,income_group=Low-income countries,socioeconomic,0.0
per_capita,M1b,SDN,income_group=Low-income countries,socioeconomic,1.0
per_capita,M1b,SWZ,income_group=Low-income countries,socioeconomic,0.0
per_capita,M1b,TZA,income_group=Low-income countries,socioeconomic,0.0
per_capita,M1b,TGO,income_group=Low-income countries,socioeconomic,1.0
per_capita,M1b,TUN,income_group=Low-income countries,socioeconomic,0.0
per_capita,M1b,UGA,income_group=Low-income countries,socioeconomic,1.0
per_capita,M1b,ZMB,income_group=Low-income countries,socioeconomic,0.0
per_capita,M1b,ZWE,income_group=Low-income countries,socioeconomic,0.0
per_capita,M1b,AFG,income_group=Low-income countries,socioeconomic,1.0
per_capita,M1b,ARM,income_group=Low-income countries,socioeconomic,0.0
per_capita,M1b,AZE,income_group=Low-income countries,socioeconomic,0.0
per_capita,M1b,BGD,income_group=Low-income countries,socioeconomic,0.0
per_capita,M1b,MMR,income_group=Low-income countries,socioeconomic,0.0
per_capita,M1b,KHM,income_group=Low-income countries,socioeconomic,0.0
per_capita,M1b,CHN,income_group=Low-income countries,socioeconomic,0.0
per_capita,M1b,GEO,income_group=Low-income countries,socioeconomic,0.0
per_capita,M1b,IND,income_group=Low-income countries,socioeconomic,0.0
per_capita,M1b,IDN,income_group=Low-income countries,socioeconomic,0.0
per_capita,M1b,IRN,income_group=Low-income countries,socioeconomic,0.0
per_capita,M1b,IRQ,income_group=Low-income countries,socioeconomic,0.0
per_capita,M1b,ISR,income_group=Low-income countries,socioeconomic,0.0
per_capita,M1b,JPN,income_group=Low-income countries,socioeconomic,0.0
per_capita,M1b,JOR,income_group=Low-income countries,socioeconomic,0.0
per_capita,M1b,KAZ,income_group=Low-income countries,socioeconomic,0.0
per_capita,M1b,LAO,income_group=Low-income countries,socioeconomic,0.0
per_capita,M1b,LBN,income_group=Low-income countries,socioeconomic,0.0
per_capita,M1b,MYS,income_group=Low-income countries,socioeconomic,0.0
per_capita,M1b,MNG,income_group=Low-income countries,socioeconomic,0.0
per_capita,M1b,NPL,income_group=Low-income countries,socioeconomic,0.0
per_capita,M1b,OMN,income_group=Low-income countries,socioeconomic,0.0
per_capita,M1b,PAK,income_group=Low-income countries,socioeconomic,0.0
per_capita,M1b,PHL,income_group=Low-income countries,socioeconomic,0.0
per_capita,M1b,QAT,income_group=Low-income countries,socioeconomic,0.0
per_capita,M1b,SAU,income_group=Low-income countries,socioeconomic,0.0
per_capita,M1b,KOR,income_group=Low-income countries,socioeconomic,0.0
per_capita,M1b,LKA,income_group=Low-income countries,socioeconomic,0.0
per_capita,M1b,SYR,income_group=Low-income countries,socioeconomic,1.0
per_capita,M1b,TWN,income_group=Low-income countries,socioeconomic,0.0
per_capita,M1b,TJK,income_group=Low-income countries,socioeconomic,0.0
per_capita,M1b,THA,income_group=Low-income countries,socioeconomic,0.0
per_capita,M1b,TUR,income_group=Low-income countries,socioeconomic,0.0
per_capita,M1b,TKM,income_group=Low-income countries,socioeconomic,0.0
per_capita,M1b,ARE,income_group=Low-income countries,socioeconomic,0.0
per_capita,M1b,UZB,income_group=Low-income countries,socioeconomic,0.0
per_capita,M1b,VNM,income_group=Low-income countries,socioeconomic,0.0
per_capita,M1b,YEM,income_group=Low-income countries,socioeconomic,1.0
per_capita,M1b,ALB,income_group=Low-income countries,socioeconomic,0.0
per_capita,M1b,AUT,income_group=Low-income countries,socioeconomic,0.0
per_capita,M1b,BLR,income_group=Low-income countries,socioeconomic,0.0
per_capita,M1b,BEL,income_group=Low-income countries,socioeconomic,0.0
per_capita,M1b,BIH,income_group=Low-income countries,socioeconomic,0.0
per_capita,M1b,BGR,income_group=Low-income countries,socioeconomic,0.0
per_capita,M1b,HRV,income_group=Low-income countries,socioeconomic,0.0
per_capita,M1b,CYP,income_group=Low-income countries,socioeconomic,0.0
per_capita,M1b,CZE,income_group=Low-income countries,socioeconomic,0.0
per_capita,M1b,DNK,income_group=Low-income countries,socioeconomic,0.0
per_capita,M1b,EST,income_group=Low-income countries,socioeconomic,0.0
per_capita,M1b,FIN,income_group=Low-income countries,socioeconomic,0.0
per_capita,M1b,FRA,income_group=Low-income countries,socioeconomic,0.0
per_capita,M1b,DEU,income_group=Low-income countries,socioeconomic,0.0
per_capita,M1b,GRC,income_group=Low-income countries,socioeconomic,0.0
per_capita,M1b,HUN,income_group=Low-income countries,socioeconomic,0.0
per_capita,M1b,ISL,income_group=Low-income countries,socioeconomic,0.0
per_capita,M1b,IRL,income_group=Low-income countries,socioeconomic,0.0
per_capita,M1b,ITA,income_group=Low-income countries,socioeconomic,0.0
per_capita,M1b,LVA,income_group=Low-income countries,socioeconomic,0.0
per_capita,M1b,LTU,income_group=Low-income countries,socioeconomic,0.0
per_capita,M1b,MKD,income_group=Low-income countries,socioeconomic,0.0
per_capita,M1b,MDA,income_group=Low-income countries,socioeconomic,0.0
per_capita,M1b,MNE,income_group=Low-income countries,socioeconomic,0.0
per_capita,M1b,NLD,income_group=Low-income countries,socioeconomic,0.0
per_capita,M1b,NOR,income_group=Low-income countries,socioeconomic,0.0
per_capita,M1b,POL,income_group=Low-income countries,socioeconomic,0.0
per_capita,M1b,PRT,income_group=Low-income countries,socioeconomic,0.0
per_capita,M1b,ROU,income_group=Low-income countries,socioeconomic,0.0
per_capita,M1b,RUS,income_group=Low-income countries,socioeconomic,0.0
per_capita,M1b,SRB,income_group=Low-income countries,socioeconomic,0.0
per_capita,M1b,SVK,income_group=Low-income countries,socioeconomic,0.0
per_capita,M1b,SVN,income_group=Low-income countries,socioeconomic,0.0
per_capita,M1b,ESP,income_group=Low-income countries,socioeconomic,0.0
per_capita,M1b,SWE,income_group=Low-income countries,socioeconomic,0.0
per_capita,M1b,CHE,income_group=Low-income countries,socioeconomic,0.0
per_capita,M1b,UKR,income_group=Low-income countries,socioeconomic,0.0
per_capita,M1b,GBR,income_group=Low-income countries,socioeconomic,0.0
per_capita,M1b,BHS,income_group=Low-income countries,socioeconomic,0.0
per_capita,M1b,CAN,income_group=Low-income countries,socioeconomic,0.0
per_capita,M1b,CRI,income_group=Low-income countries,socioeconomic,0.0
per_capita,M1b,CUB,income_group=Low-income countries,socioeconomic,0.0
per_capita,M1b,DOM,income_group=Low-income countries,socioeconomic,0.0
per_capita,M1b,SLV,income_group=Low-income countries,socioeconomic,0.0
per_capita,M1b,GTM,income_group=Low-income countries,socioeconomic,0.0
per_capita,M1b,HTI,income_group=Low-income countries,socioeconomic,0.0
per_capita,M1b,HND,income_group=Low-income countries,socioeconomic,0.0
per_capita,M1b,JAM,income_group=Low-income countries,socioeconomic,0.0
per_capita,M1b,MEX,income_group=Low-income countries,socioeconomic,0.0
per_capita,M1b,NIC,income_group=Low-income countries,socioeconomic,0.0
per_capita,M1b,PAN,income_group=Low-income countries,socioeconomic,0.0
per_capita,M1b,USA,income_group=Low-income countries,socioeconomic,0.0
per_capita,M1b,AUS,income_group=Low-income countries,socioeconomic,0.0
per_capita,M1b,NZL,income_group=Low-income countries,socioeconomic,0.0
per_capita,M1b,PNG,income_group=Low-income countries,socioeconomic,0.0
per_capita,M1b,ARG,income_group=Low-income countries,socioeconomic,0.0
per_capita,M1b,BOL,income_group=Low-income countries,socioeconomic,0.0
per_capita,M1b,BRA,income_group=Low-income countries,socioeconomic,0.0
per_capita,M1b,CHL,income_group=Low-income countries,socioeconomic,0.0
per_capita,M1b,COL,income_group=Low-income countries,socioeconomic,0.0
per_capita,M1b,ECU,income_group=Low-income countries,socioeconomic,0.0
per_capita,M1b,PRY,income_group=Low-income countries,socioeconomic,0.0
per_capita,M1b,PER,income_group=Low-income countries,socioeconomic,0.0
per_capita,M1b,SUR,income_group=Low-income countries,socioeconomic,0.0
per_capita,M1b,URY,income_group=Low-income countries,socioeconomic,0.0
per_capita,M1b,VEN,income_group=Low-income countries,socioeconomic,0.0
per_capita,M1b,DZA,income_group=Lower-middle-income countries,socioeconomic,0.0
per_capita,M1b,AGO,income_group=Lower-middle-income countries,socioeconomic,1.0
per_capita,M1b,BEN,income_group=Lower-middle-income countries,socioeconomic,1.0
per_capita,M1b,BWA,income_group=Lower-middle-income countries,socioeconomic,0.0
per_capita,M1b,BFA,income_group=Lower-middle-income countries,socioeconomic,0.0
per_capita,M1b,BDI,income_group=Lower-middle-income countries,socioeconomic,0.0
per_capita,M1b,CMR,income_group=Lower-middle-income countries,socioeconomic,1.0
per_capita,M1b,CAF,income_group=Lower-middle-income countries,socioeconomic,0.0
per_capita,M1b,TCD,income_group=Lower-middle-income countries,socioeconomic,0.0
per_capita,M1b,COG,income_group=Lower-middle-income countries,socioeconomic,1.0
per_capita,M1b,COD,income_group=Lower-middle-income countries,socioeconomic,0.0
per_capita,M1b,CIV,income_group=Lower-middle-income countries,socioeconomic,1.0
per_capita,M1b,DJI,income_group=Lower-middle-income countries,socioeconomic,1.0
per_capita,M1b,EGY,income_group=Lower-middle-income countries,socioeconomic,1.0
per_capita,M1b,GNQ,income_group=Lower-middle-income countries,socioeconomic,0.0
per_capita,M1b,ERI,income_group=Lower-middle-income countries,socioeconomic,0.0
per_capita,M1b,ETH,income_group=Lower-middle-income countries,socioeconomic,0.0
per_capita,M1b,GAB,income_group=Lower-middle-income countries,socioeconomic,0.0
per_capita,M1b,GHA,income_group=Lower-middle-income countries,socioeconomic,1.0
per_capita,M1b,GIN,income_group=Lower-middle-income countries,socioeconomic,1.0
per_capita,M1b,GNB,income_group=Lower-middle-income countries,socioeconomic,0.0
per_capita,M1b,KEN,income_group=Lower-middle-income countries,socioeconomic,1.0
per_capita,M1b,LSO,income_group=Lower-middle-income countries,socioeconomic,1.0
per_capita,M1b,LBR,income_group=Lower-middle-income countries,socioeconomic,0.0
per_capita,M1b,LBY,income_group=Lower-middle-income countries,socioeconomic,0.0
per_capita,M1b,MDG,income_group=Lower-middle-income countries,socioeconomic,0.0
per_capita,M1b,MWI,income_group=Lower-middle-income countries,socioeconomic,0.0
per_capita,M1b,MLI,income_group=Lower-middle-income countries,socioeconomic,0.0
per_capita,M1b,MRT,income_group=Lower-middle-income countries,socioeconomic,1.0
per_capita,M1b,MAR,income_group=Lower-middle-income countries,socioeconomic,1.0
per_capita,M1b,MOZ,income_group=Lower-middle-income countries,socioeconomic,0.0
per_capita,M1b,NAM,income_group=Lower-middle-income countries,socioeconomic,1.0
per_capita,M1b,NER,income_group=Lower-middle-income countries,socioeconomic,0.0
per_capita,M1b,NGA,income_group=Lower-middle-income countries,socioeconomic,1.0
per_capita,M1b,RWA,income_group=Lower-middle-income countries,socioeconomic,0.0
per_capita,M1b,SEN,income_group=Lower-middle-income countries,socioeconomic,1.0
per_capita,M1b,SLE,income_group=Lower-middle-income countries,socioeconomic,0.0
per_capita,M1b,SOM,income_group=Lower-middle-income countries,socioeconomic,0.0
per_capita,M1b,ZAF,income_group=Lower-middle-income countries,socioeconomic,0.0
per_capita,M1b,SDN,income_group=Lower-middle-income countries,socioeconomic,0.0
per_capita,M1b,SWZ,income_group=Lower-middle-income countries,socioeconomic,1.0
per_capita,M1b,TZA,income_group=Lower-middle-income countries,socioeconomic,1.0
per_capita,M1b,TGO,income_group=Lower-middle-income countries,socioeconomic,0.0
per_capita,M1b,TUN,income_group=Lower-middle-income countries,socioeconomic,1.0
per_capita,M1b,UGA,income_group=Lower-middle-income countries,socioeconomic,0.0
per_capita,M1b,ZMB,income_group=Lower-middle-income countries,socioeconomic,1.0
per_capita,M1b,ZWE,income_group=Lower-middle-income countries,socioeconomic,1.0
per_capita,M1b,AFG,income_group=Lower-middle-income countries,socioeconomic,0.0
per_capita,M1b,ARM,income_group=Lower-middle-income countries,socioeconomic,0.0
per_capita,M1b,AZE,income_group=Lower-middle-income countries,socioeconomic,0.0
per_capita,M1b,BGD,income_group=Lower-middle-income countries,socioeconomic,1.0
per_capita,M1b,MMR,income_group=Lower-middle-income countries,socioeconomic,1.0
per_capita,M1b,KHM,income_group=Lower-middle-income countries,socioeconomic,1.0
per_capita,M1b,CHN,income_group=Lower-middle-income countries,socioeconomic,0.0
per_capita,M1b,GEO,income_group=Lower-middle-income countries,socioeconomic,0.0
per_capita,M1b,IND,income_group=Lower-middle-income countries,socioeconomic,1.0
per_capita,M1b,IDN,income_group=Lower-middle-income countries,socioeconomic,0.0
per_capita,M1b,IRN,income_group=Lower-middle-income countries,socioeconomic,0.0
per_capita,M1b,IRQ,income_group=Lower-middle-income countries,socioeconomic,0.0
per_capita,M1b,ISR,income_group=Lower-middle-income countries,socioeconomic,0.0
per_capita,M1b,JPN,income_group=Lower-middle-income countries,socioeconomic,0.0
per_capita,M1b,JOR,income_group=Lower-middle-income countries,socioeconomic,1.0
per_capita,M1b,KAZ,income_group=Lower-middle-income countries,socioeconomic,0.0
per_capita,M1b,LAO,income_group=Lower-middle-income countries,socioeconomic,1.0
per_capita,M1b,LBN,income_group=Lower-middle-income countries,socioeconomic,1.0
per_capita,M1b,MYS,income_group=Lower-middle-income countries,socioeconomic,0.0
per_capita,M1b,MNG,income_group=Lower-middle-income countries,socioeconomic,0.0
per_capita,M1b,NPL,income_group=Lower-middle-income countries,socioeconomic,1.0
per_capita,M1b,OMN,income_group=Lower-middle-income countries,socioeconomic,0.0
per_capita,M1b,PAK,income_group=Lower-middle-income countries,socioeconomic,1.0
per_capita,M1b,PHL,income_group=Lower-middle-income countries,socioeconomic,1.0
per_capita,M1b,QAT,income_group=Lower-middle-income countries,socioeconomic,0.0
per_capita,M1b,SAU,income_group=Lower-middle-income countries,socioeconomic,0.0
per_capita,M1b,KOR,income_group=Lower-middle-income countries,socioeconomic,0.0
per_capita,M1b,LKA,income_group=Lower-middle-income countries,socioeconomic,1.0
per_capita,M1b,SYR,income_group=Lower-middle-income countries,socioeconomic,0.0
per_capita,M1b,TWN,income_group=Lower-middle-income countries,socioeconomic,0.0
per_capita,M1b,TJK,income_group=Lower-middle-income countries,socioeconomic,1.0
per_capita,M1b,THA,income_group=Lower-middle-income countries,socioeconomic,0.0
per_capita,M1b,TUR,income_group=Lower-middle-income countries,socioeconomic,0.0
per_capita,M1b,TKM,income_group=Lower-middle-income countries,socioeconomic,0.0
per_capita,M1b,ARE,income_group=Lower-middle-income countries,socioeconomic,0.0
per_capita,M1b,UZB,income_group=Lower-middle-income countries,socioeconomic,1.0
per_capita,M1b,VNM,income_group=Lower-middle-income countries,socioeconomic,1.0
per_capita,M1b,YEM,income_group=Lower-middle-income countries,socioeconomic,0.0
per_capita,M1b,ALB,income_group=Lower-middle-income countries,socioeconomic,0.0
per_capita,M1b,AUT,income_group=Lower-middle-income countries,socioeconomic,0.0
per_capita,M1b,BLR,income_group=Lower-middle-income countries,socioeconomic,0.0
per_capita,M1b,BEL,income_group=Lower-middle-income countries,socioeconomic,0.0
per_capita,M1b,BIH,income_group=Lower-middle-income countries,socioeconomic,0.0
per_capita,M1b,BGR,income_group=Lower-middle-income countries,socioeconomic,0.0
per_capita,M1b,HRV,income_group=Lower-middle-income countries,socioeconomic,0.0
per_capita,M1b,CYP,income_group=Lower-middle-income countries,socioeconomic,0.0
per_capita,M1b,CZE,income_group=Lower-middle-income countries,socioeconomic,0.0
per_capita,M1b,DNK,income_group=Lower-middle-income countries,socioeconomic,0.0
per_capita,M1b,EST,income_group=Lower-middle-income countries,socioeconomic,0.0
per_capita,M1b,FIN,income_group=Lower-middle-income countries,socioeconomic,0.0
per_capita,M1b,FRA,income_group=Lower-middle-income countries,socioeconomic,0.0
per_capita,M1b,DEU,income_group=Lower-middle-income countries,socioeconomic,0.0
per_capita,M1b,GRC,income_group=Lower-middle-income countries,socioeconomic,0.0
per_capita,M1b,HUN,income_group=Lower-middle-income countries,socioeconomic,0.0
per_capita,M1b,ISL,income_group=Lower-middle-income countries,socioeconomic,0.0
per_capita,M1b,IRL,income_group=Lower-middle-income countries,socioeconomic,0.0
per_capita,M1b,ITA,income_group=Lower-middle-income countries,socioeconomic,0.0
per_capita,M1b,LVA,income_group=Lower-middle-income countries,socioeconomic,0.0
per_capita,M1b,LTU,income_group=Lower-middle-income countries,socioeconomic,0.0
per_capita,M1b,MKD,income_group=Lower-middle-income countries,socioeconomic,0.0
per_capita,M1b,MDA,income_group=Lower-middle-income countries,socioeconomic,0.0
per_capita,M1b,MNE,income_group=Lower-middle-income countries,socioeconomic,0.0
per_capita,M1b,NLD,income_group=Lower-middle-income countries,socioeconomic,0.0
per_capita,M1b,NOR,income_group=Lower-middle-income countries,socioeconomic,0.0
per_capita,M1b,POL,income_group=Lower-middle-income countries,socioeconomic,0.0
per_capita,M1b,PRT,income_group=Lower-middle-income countries,socioeconomic,0.0
per_capita,M1b,ROU,income_group=Lower-middle-income countries,socioeconomic,0.0
per_capita,M1b,RUS,income_group=Lower-middle-income countries,socioeconomic,0.0
per_capita,M1b,SRB,income_group=Lower-middle-income countries,socioeconomic,0.0
per_capita,M1b,SVK,income_group=Lower-middle-income countries,socioeconomic,0.0
per_capita,M1b,SVN,income_group=Lower-middle-income countries,socioeconomic,0.0
per_capita,M1b,ESP,income_group=Lower-middle-income countries,socioeconomic,0.0
per_capita,M1b,SWE,income_group=Lower-middle-income countries,socioeconomic,0.0
per_capita,M1b,CHE,income_group=Lower-middle-income countries,socioeconomic,0.0
per_capita,M1b,UKR,income_group=Lower-middle-income countries,socioeconomic,0.0
per_capita,M1b,GBR,income_group=Lower-middle-income countries,socioeconomic,0.0
per_capita,M1b,BHS,income_group=Lower-middle-income countries,socioeconomic,0.0
per_capita,M1b,CAN,income_group=Lower-middle-income countries,socioeconomic,0.0
per_capita,M1b,CRI,income_group=Lower-middle-income countries,socioeconomic,0.0
per_capita,M1b,CUB,income_group=Lower-middle-income countries,socioeconomic,0.0
per_capita,M1b,DOM,income_group=Lower-middle-income countries,socioeconomic,0.0
per_capita,M1b,SLV,income_group=Lower-middle-income countries,socioeconomic,0.0
per_capita,M1b,GTM,income_group=Lower-middle-income countries,socioeconomic,0.0
per_capita,M1b,HTI,income_group=Lower-middle-income countries,socioeconomic,1.0
per_capita,M1b,HND,income_group=Lower-middle-income countries,socioeconomic,1.0
per_capita,M1b,JAM,income_group=Lower-middle-income countries,socioeconomic,0.0
per_capita,M1b,MEX,income_group=Lower-middle-income countries,socioeconomic,0.0
per_capita,M1b,NIC,income_group=Lower-middle-income countries,socioeconomic,1.0
per_capita,M1b,PAN,income_group=Lower-middle-income countries,socioeconomic,0.0
per_capita,M1b,USA,income_group=Lower-middle-income countries,socioeconomic,0.0
per_capita,M1b,AUS,income_group=Lower-middle-income countries,socioeconomic,0.0
per_capita,M1b,NZL,income_group=Lower-middle-income countries,socioeconomic,0.0
per_capita,M1b,PNG,income_group=Lower-middle-income countries,socioeconomic,1.0
per_capita,M1b,ARG,income_group=Lower-middle-income countries,socioeconomic,0.0
per_capita,M1b,BOL,income_group=Lower-middle-income countries,socioeconomic,1.0
per_capita,M1b,BRA,income_group=Lower-middle-income countries,socioeconomic,0.0
per_capita,M1b,CHL,income_group=Lower-middle-income countries,socioeconomic,0.0
per_capita,M1b,COL,income_group=Lower-middle-income countries,socioeconomic,0.0
per_capita,M1b,ECU,income_group=Lower-middle-income countries,socioeconomic,0.0
per_capita,M1b,PRY,income_group=Lower-middle-income countries,socioeconomic,0.0
per_capita,M1b,PER,income_group=Lower-middle-income countries,socioeconomic,0.0
per_capita,M1b,SUR,income_group=Lower-middle-income countries,socioeconomic,0.0
per_capita,M1b,URY,income_group=Lower-middle-income countries,socioeconomic,0.0
per_capita,M1b,VEN,income_group=Lower-middle-income countries,socioeconomic,0.0
per_capita,M1b,DZA,income_group=Upper-middle-income countries,socioeconomic,1.0
per_capita,M1b,AGO,income_group=Upper-middle-income countries,socioeconomic,0.0
per_capita,M1b,BEN,income_group=Upper-middle-income countries,socioeconomic,0.0
per_capita,M1b,BWA,income_group=Upper-middle-income countries,socioeconomic,1.0
per_capita,M1b,BFA,income_group=Upper-middle-income countries,socioeconomic,0.0
per_capita,M1b,BDI,income_group=Upper-middle-income countries,socioeconomic,0.0
per_capita,M1b,CMR,income_group=Upper-middle-income countries,socioeconomic,0.0
per_capita,M1b,CAF,income_group=Upper-middle-income countries,socioeconomic,0.0
per_capita,M1b,TCD,income_group=Upper-middle-income countries,socioeconomic,0.0
per_capita,M1b,COG,income_group=Upper-middle-income countries,socioeconomic,0.0
per_capita,M1b,COD,income_group=Upper-middle-income countries,socioeconomic,0.0
per_capita,M1b,CIV,income_group=Upper-middle-income countries,socioeconomic,0.0
per_capita,M1b,DJI,income_group=Upper-middle-income countries,socioeconomic,0.0
per_capita,M1b,EGY,income_group=Upper-middle-income countries,socioeconomic,0.0
per_capita,M1b,GNQ,income_group=Upper-middle-income countries,socioeconomic,1.0
per_capita,M1b,ERI,income_group=Upper-middle-income countries,socioeconomic,0.0
per_capita,M1b,ETH,income_group=Upper-middle-income countries,socioeconomic,0.0
per_capita,M1b,GAB,income_group=Upper-middle-income countries,socioeconomic,1.0
per_capita,M1b,GHA,income_group=Upper-middle-income countries,socioeconomic,0.0
per_capita,M1b,GIN,income_group=Upper-middle-income countries,socioeconomic,0.0
per_capita,M1b,GNB,income_group=Upper-middle-income countries,socioeconomic,0.0
per_capita,M1b,KEN,income_group=Upper-middle-income countries,socioeconomic,0.0
per_capita,M1b,LSO,income_group=Upper-middle-income countries,socioeconomic,0.0
per_capita,M1b,LBR,income_group=Upper-middle-income countries,socioeconomic,0.0
per_capita,M1b,LBY,income_group=Upper-middle-income countries,socioeconomic,1.0
per_capita,M1b,MDG,income_group=Upper-middle-income countries,socioeconomic,0.0
per_capita,M1b,MWI,income_group=Upper-middle-income countries,socioeconomic,0.0
per_capita,M1b,MLI,income_group=Upper-middle-income countries,socioeconomic,0.0
per_capita,M1b,MRT,income_group=Upper-middle-income countries,socioeconomic,0.0
per_capita,M1b,MAR,income_group=Upper-middle-income countries,socioeconomic,0.0
per_capita,M1b,MOZ,income_group=Upper-middle-income countries,socioeconomic,0.0
per_capita,M1b,NAM,income_group=Upper-middle-income countries,socioeconomic,0.0
per_capita,M1b,NER,income_group=Upper-middle-income countries,socioeconomic,0.0
per_capita,M1b,NGA,income_group=Upper-middle-income countries,socioeconomic,0.0
per_capita,M1b,RWA,income_group=Upper-middle-income countries,socioeconomic,0.0
per_capita,M1b,SEN,income_group=Upper-middle-income countries,socioeconomic,0.0
per_capita,M1b,SLE,income_group=Upper-middle-income countries,socioeconomic,0.0
per_capita,M1b,SOM,income_group=Upper-middle-income countries,socioeconomic,0.0
per_capita,M1b,ZAF,income_group=Upper-middle-income countries,socioeconomic,1.0
per_capita,M1b,SDN,income_group=Upper-middle-income countries,socioeconomic,0.0
per_capita,M1b,SWZ,income_group=Upper-middle-income countries,socioeconomic,0.0
per_capita,M1b,TZA,income_group=Upper-middle-income countries,socioeconomic,0.0
per_capita,M1b,TGO,income_group=Upper-middle-income countries,socioeconomic,0.0
per_capita,M1b,TUN,income_group=Upper-middle-income countries,socioeconomic,0.0
per_capita,M1b,UGA,income_group=Upper-middle-income countries,socioeconomic,0.0
per_capita,M1b,ZMB,income_group=Upper-middle-income countries,socioeconomic,0.0
per_capita,M1b,ZWE,income_group=Upper-middle-income countries,socioeconomic,0.0
per_capita,M1b,AFG,income_group=Upper-middle-income countries,socioeconomic,0.0
per_capita,M1b,ARM,income_group=Upper-middle-income countries,socioeconomic,1.0
per_capita,M1b,AZE,income_group=Upper-middle-income countries,socioeconomic,1.0
per_capita,M1b,BGD,income_group=Upper-middle-income countries,socioeconomic,0.0
per_capita,M1b,MMR,income_group=Upper-middle-income countries,socioeconomic,0.0
per_capita,M1b,KHM,income_group=Upper-middle-income countries,socioeconomic,0.0
per_capita,M1b,CHN,income_group=Upper-middle-income countries,socioeconomic,1.0
per_capita,M1b,GEO,income_group=Upper-middle-income countries,socioeconomic,1.0
per_capita,M1b,IND,income_group=Upper-middle-income countries,socioeconomic,0.0
per_capita,M1b,IDN,income_group=Upper-middle-income countries,socioeconomic,1.0
per_capita,M1b,IRN,income_group=Upper-middle-income countries,socioeconomic,1.0
per_capita,M1b,IRQ,income_group=Upper-middle-income countries,socioeconomic,1.0
per_capita,M1b,ISR,income_group=Upper-middle-income countries,socioeconomic,0.0
per_capita,M1b,JPN,income_group=Upper-middle-income countries,socioeconomic,0.0
per_capita,M1b,JOR,income_group=Upper-middle-income countries,socioeconomic,0.0
per_capita,M1b,KAZ,income_group=Upper-middle-income countries,socioeconomic,1.0
per_capita,M1b,LAO,income_group=Upper-middle-income countries,socioeconomic,0.0
per_capita,M1b,LBN,income_group=Upper-middle-income countries,socioeconomic,0.0
per_capita,M1b,MYS,income_group=Upper-middle-income countries,socioeconomic,1.0
per_capita,M1b,MNG,income_group=Upper-middle-income countries,socioeconomic,1.0
per_capita,M1b,NPL,income_group=Upper-middle-income countries,socioeconomic,0.0
per_capita,M1b,OMN,income_group=Upper-middle-income countries,socioeconomic,0.0
per_capita,M1b,PAK,income_group=Upper-middle-income countries,socioeconomic,0.0
per_capita,M1b,PHL,income_group=Upper-middle-income countries,socioeconomic,0.0
per_capita,M1b,QAT,income_group=Upper-middle-income countries,socioeconomic,0.0
per_capita,M1b,SAU,income_group=Upper-middle-income countries,socioeconomic,0.0
per_capita,M1b,KOR,income_group=Upper-middle-income countries,socioeconomic,0.0
per_capita,M1b,LKA,income_group=Upper-middle-income countries,socioeconomic,0.0
per_capita,M1b,SYR,income_group=Upper-middle-income countries,socioeconomic,0.0
per_capita,M1b,TWN,income_group=Upper-middle-income countries,socioeconomic,0.0
per_capita,M1b,TJK,income_group=Upper-middle-income countries,socioeconomic,0.0
per_capita,M1b,THA,income_group=Upper-middle-income countries,socioeconomic,1.0
per_capita,M1b,TUR,income_group=Upper-middle-income countries,socioeconomic,1.0
per_capita,M1b,TKM,income_group=Upper-middle-income countries,socioeconomic,1.0
per_capita,M1b,ARE,income_group=Upper-middle-income countries,socioeconomic,0.0
per_capita,M1b,UZB,income_group=Upper-middle-income countries,socioeconomic,0.0
per_capita,M1b,VNM,income_group=Upper-middle-income countries,socioeconomic,0.0
per_capita,M1b,YEM,income_group=Upper-middle-income countries,socioeconomic,0.0
per_capita,M1b,ALB,income_group=Upper-middle-income countries,socioeconomic,1.0
per_capita,M1b,AUT,income_group=Upper-middle-income countries,socioeconomic,0.0
per_capita,M1b,BLR,income_group=Upper-middle-income countries,socioeconomic,1.0
per_capita,M1b,BEL,income_group=Upper-middle-income countries,socioeconomic,0.0
per_capita,M1b,BIH,income_group=Upper-middle-income countries,socioeconomic,1.0
per_capita,M1b,BGR,income_group=Upper-middle-income countries,socioeconomic,0.0
per_capita,M1b,HRV,income_group=Upper-middle-income countries,socioeconomic,0.0
per_capita,M1b,CYP,income_group=Upper-middle-income countries,socioeconomic,0.0
per_capita,M1b,CZE,income_group=Upper-middle-income countries,socioeconomic,0.0
per_capita,M1b,DNK,income_group=Upper-middle-income countries,socioeconomic,0.0
per_capita,M1b,EST,income_group=Upper-middle-income countries,socioeconomic,0.0
per_capita,M1b,FIN,income_group=Upper-middle-income countries,socioeconomic,0.0
per_capita,M1b,FRA,income_group=Upper-middle-income countries,socioeconomic,0.0
per_capita,M1b,DEU,income_group=Upper-middle-income countries,socioeconomic,0.0
per_capita,M1b,GRC,income_group=Upper-middle-income countries,socioeconomic,0.0
per_capita,M1b,HUN,income_group=Upper-middle-income countries,socioeconomic,0.0
per_capita,M1b,ISL,income_group=Upper-middle-income countries,socioeconomic,0.0
per_capita,M1b,IRL,income_group=Upper-middle-income countries,socioeconomic,0.0
per_capita,M1b,ITA,income_group=Upper-middle-income countries,socioeconomic,0.0
per_capita,M1b,LVA,income_group=Upper-middle-income countries,socioeconomic,0.0
per_capita,M1b,LTU,income_group=Upper-middle-income countries,socioeconomic,0.0
per_capita,M1b,MKD,income_group=Upper-middle-income countries,socioeconomic,1.0
per_capita,M1b,MDA,income_group=Upper-middle-income countries,socioeconomic,1.0
per_capita,M1b,MNE,income_group=Upper-middle-income countries,socioeconomic,1.0
per_capita,M1b,NLD,income_group=Upper-middle-income countries,socioeconomic,0.0
per_capita,M1b,NOR,income_group=Upper-middle-income countries,socioeconomic,0.0
per_capita,M1b,POL,income_group=Upper-middle-income countries,socioeconomic,0.0
per_capita,M1b,PRT,income_group=Upper-middle-income countries,socioeconomic,0.0
per_capita,M1b,ROU,income_group=Upper-middle-income countries,socioeconomic,0.0
per_capita,M1b,RUS,income_group=Upper-middle-income countries,socioeconomic,0.0
per_capita,M1b,SRB,income_group=Upper-middle-income countries,socioeconomic,1.0
per_capita,M1b,SVK,income_group=Upper-middle-income countries,socioeconomic,0.0
per_capita,M1b,SVN,income_group=Upper-middle-income countries,socioeconomic,0.0
per_capita,M1b,ESP,income_group=Upper-middle-income countries,socioeconomic,0.0
per_capita,M1b,SWE,income_group=Upper-middle-income countries,socioeconomic,0.0
per_capita,M1b,CHE,income_group=Upper-middle-income countries,socioeconomic,0.0
per_capita,M1b,UKR,income_group=Upper-middle-income countries,socioeconomic,1.0
per_capita,M1b,GBR,income_group=Upper-middle-income countries,socioeconomic,0.0
per_capita,M1b,BHS,income_group=Upper-middle-income countries,socioeconomic,0.0
per_capita,M1b,CAN,income_group=Upper-middle-income countries,socioeconomic,0.0
per_capita,M1b,CRI,income_group=Upper-middle-income countries,socioeconomic,0.0
per_capita,M1b,CUB,income_group=Upper-middle-income countries,socioeconomic,1.0
per_capita,M1b,DOM,income_group=Upper-middle-income countries,socioeconomic,1.0
per_capita,M1b,SLV,income_group=Upper-middle-income countries,socioeconomic,1.0
per_capita,M1b,GTM,income_group=Upper-middle-income countries,socioeconomic,1.0
per_capita,M1b,HTI,income_group=Upper-middle-income countries,socioeconomic,0.0
per_capita,M1b,HND,income_group=Upper-middle-income countries,socioeconomic,0.0
per_capita,M1b,JAM,income_group=Upper-middle-income countries,socioeconomic,1.0
per_capita,M1b,MEX,income_group=Upper-middle-income countries,socioeconomic,1.0
per_capita,M1b,NIC,income_group=Upper-middle-income countries,socioeconomic,0.0
per_capita,M1b,PAN,income_group=Upper-middle-income countries,socioeconomic,0.0
per_capita,M1b,USA,income_group=Upper-middle-income countries,socioeconomic,0.0
per_capita,M1b,AUS,income_group=Upper-middle-income countries,socioeconomic,0.0
per_capita,M1b,NZL,income_group=Upper-middle-income countries,socioeconomic,0.0
per_capita,M1b,PNG,income_group=Upper-middle-income countries,socioeconomic,0.0
per_capita,M1b,ARG,income_group=Upper-middle-income countries,socioeconomic,1.0
per_capita,M1b,BOL,income_group=Upper-middle-income countries,socioeconomic,0.0
per_capita,M1b,BRA,income_group=Upper-middle-income countries,socioeconomic,1.0
per_capita,M1b,CHL,income_group=Upper-middle-income countries,socioeconomic,0.0
per_capita,M1b,COL,income_group=Upper-middle-income countries,socioeconomic,1.0
per_capita,M1b,ECU,income_group=Upper-middle-income countries,socioeconomic,1.0
per_capita,M1b,PRY,income_group=Upper-middle-income countries,socioeconomic,1.0
per_capita,M1b,PER,income_group=Upper-middle-income countries,socioeconomic,1.0
per_capita,M1b,SUR,income_group=Upper-middle-income countries,socioeconomic,1.0
per_capita,M1b,URY,income_group=Upper-middle-income countries,socioeconomic,0.0
per_capita,M1b,VEN,income_group=Upper-middle-income countries,socioeconomic,1.0
per_capita,M1b,DZA,population,population,7.584491521827347
per_capita,M1b,AGO,population,population,7.417730963507243
per_capita,M1b,BEN,population,population,7.0297420648599935
per_capita,M1b,BWA,population,population,6.330553171680173
per_capita,M1b,BFA,population,population,7.247860654170999
per_capita,M1b,BDI,population,population,7.0186732920103205
per_capita,M1b,CMR,population,population,7.330462050412179
per_capita,M1b,CAF,population,population,6.666744709191047
per_capita,M1b,TCD,population,population,7.136437739865217
per_capita,M1b,COG,population,population,6.686377402658246
per_capita,M1b,COD,population,population,7.879608451720629
per_capita,M1b,CIV,population,population,7.379120064336155
per_capita,M1b,DJI,population,population,5.993362592601758
per_capita,M1b,EGY,population,population,7.979245769996698
per_capita,M1b,GNQ,population,population,6.129116038326742
per_capita,M1b,ERI,population,population,6.4877557098004175
per_capita,M1b,ETH,population,population,7.993166099108892
per_capita,M1b,GAB,population,population,6.281728818193019
per_capita,M1b,GHA,population,population,7.437531664455299
per_capita,M1b,GIN,population,population,7.048902812150967
per_capita,M1b,GNB,population,population,6.229420726493306
per_capita,M1b,KEN,population,population,7.653085044116425
per_capita,M1b,LSO,population,population,6.313130614473341
per_capita,M1b,LBR,population,population,6.650331423244434
per_capita,M1b,LBY,population,population,6.7996600175142055
per_capita,M1b,MDG,population,population,7.382184420928162
per_capita,M1b,MWI,population,population,7.208490158076444
per_capita,M1b,MLI,population,population,7.242034762393436
per_capita,M1b,MRT,population,population,6.572211995805804
per_capita,M1b,MAR,population,population,7.528756997026069
per_capita,M1b,MOZ,population,population,7.3988356940534326
per_capita,M1b,NAM,population,population,6.352665763677737
per_capita,M1b,NER,population,population,7.267638613886829
per_capita,M1b,NGA,population,population,8.257797185848496
per_capita,M1b,RWA,population,population,7.045062323893226
per_capita,M1b,SEN,population,population,7.1370646013058385
per_capita,M1b,SLE,population,population,6.82698502393618
per_capita,M1b,SOM,population,population,7.109565015062865
per_capita,M1b,ZAF,population,population,7.737818887453181
per_capita,M1b,SDN,population,population,7.57732921918915
per_capita,M1b,SWZ,population,population,6.05307844348342
per_capita,M1b,TZA,population,population,7.688634548890629
per_capita,M1b,TGO,population,population,6.83243552351168
per_capita,M1b,TUN,population,population,7.046938402296572
per_capita,M1b,UGA,population,population,7.548230291005571
per_capita,M1b,ZMB,population,population,7.1874925189804255
per_capita,M1b,ZWE,population,population,7.146556255999673
per_capita,M1b,AFG,population,population,7.4999990715847
per_capita,M1b,ARM,population,population,6.465758383514392
per_capita,M1b,AZE,population,population,6.97792548243784
per_capita,M1b,BGD,population,population,8.194603506012374
per_capita,M1b,MMR,population,population,7.701245451312068
per_capita,M1b,KHM,population,population,7.180991592732013
per_capita,M1b,CHN,population,population,9.13956679824072
per_capita,M1b,GEO,population,population,6.580825566717042
per_capita,M1b,IND,population,population,9.11254786492971
per_capita,M1b,IDN,population,population,8.407989603823088
per_capita,M1b,IRN,population,population,7.905335386670902
per_capita,M1b,IRQ,population,population,7.547553035610451
per_capita,M1b,ISR,population,population,6.889266341090212
per_capita,M1b,JPN,population,population,8.106271293816295
per_capita,M1b,JOR,population,population,6.902645258961303
per_capita,M1b,KAZ,population,population,7.244437990304228
per_capita,M1b,LAO,population,population,6.820292448116504
per_capita,M1b,LBN,population,population,6.759172164098234
per_capita,M1b,MYS,population,population,7.479636757705204
per_capita,M1b,MNG,population,population,6.4551323135189955
per_capita,M1b,NPL,population,population,7.440751653256151
per_capita,M1b,OMN,population,population,6.5836424801017275
per_capita,M1b,PAK,population,population,8.32443469719558
per_capita,M1b,PHL,population,population,8.008925064275203
per_capita,M1b,QAT,population,population,6.308062604336738
per_capita,M1b,SAU,population,population,7.4475739017888225
per_capita,M1b,KOR,population,population,7.699587722216534
per_capita,M1b,LKA,population,population,7.32957743876949
per_capita,M1b,SYR,population,population,7.335797199842345
per_capita,M1b,TWN,population,population,7.369528844939075
per_capita,M1b,TJK,population,population,6.914699174948477
per_capita,M1b,THA,population,population,7.844136018099344
per_capita,M1b,TUR,population,population,7.883110593585389
per_capita,M1b,TKM,population,population,6.773738772330727
per_capita,M1b,ARE,population,population,6.893864416474685
per_capita,M1b,UZB,population,population,7.473108202341121
per_capita,M1b,VNM,population,population,7.956999246761118
per_capita,M1b,YEM,population,population,7.467059601294319
per_capita,M1b,ALB,population,population,6.463530328570472
per_capita,M1b,AUT,population,population,6.9284681091597955
per_capita,M1b,BLR,population,population,6.976095564773477
per_capita,M1b,BEL,population,population,7.047674973999279
per_capita,M1b,BIH,population,population,6.557610289495604
per_capita,M1b,BGR,population,population,6.861212005284552
per_capita,M1b,HRV,population,population,6.627611921220393
per_capita,M1b,CYP,population,population,6.073314653726718
per_capita,M1b,CZE,population,population,7.021650812201932
per_capita,M1b,DNK,population,population,6.749375515855583
per_capita,M1b,EST,population,population,6.1198890486396085
per_capita,M1b,FIN,population,population,6.735523610140002
per_capita,M1b,FRA,population,population,7.80880315470863
per_capita,M1b,DEU,population,population,7.908707904870466
per_capita,M1b,GRC,population,population,7.040108989417488
per_capita,M1b,HUN,population,population,6.995167484051263
per_capita,M1b,ISL,population,population,5.510398880382385
per_capita,M1b,IRL,population,population,6.665082251000093
per_capita,M1b,ITA,population,population,7.782858473140336
per_capita,M1b,LVA,population,population,6.303844637867393
per_capita,M1b,LTU,population,population,6.471050874954516
per_capita,M1b,MKD,population,population,6.3039041792595025
per_capita,M1b,MDA,population,population,6.532594004296075
per_capita,M1b,MNE,population,population,5.8015402203172535
per_capita,M1b,NLD,population,population,7.229606749201902
per_capita,M1b,NOR,population,population,6.705874484021341
per_capita,M1b,POL,population,population,7.58273664522853
per_capita,M1b,PRT,population,population,7.019460555719498
per_capita,M1b,ROU,population,population,7.302393989899721
per_capita,M1b,RUS,population,population,8.16018062182119
per_capita,M1b,SRB,population,population,6.861903613273627
per_capita,M1b,SVK,population,population,6.733231140360503
per_capita,M1b,SVN,population,population,6.313118577021262
per_capita,M1b,ESP,population,population,7.670805935803977
per_capita,M1b,SWE,population,population,6.982299280319174
per_capita,M1b,CHE,population,population,6.90801288261355
per_capita,M1b,UKR,population,population,7.663952950304367
per_capita,M1b,GBR,population,population,7.8088142837955985
per_capita,M1b,BHS,population,population,5.578589933656245
per_capita,M1b,CAN,population,population,7.547693756671519
per_capita,M1b,CRI,population,population,6.673587885900976
per_capita,M1b,CUB,population,population,7.0530078360659045
per_capita,M1b,DOM,population,population,7.0083377275197964
per_capita,M1b,SLV,population,population,6.788086667995949
per_capita,M1b,GTM,population,population,7.1871635218758545
per_capita,M1b,HTI,population,population,7.009551383824838
per_capita,M1b,HND,population,population,6.948866390665476
per_capita,M1b,JAM,population,population,6.4446207132917905
per_capita,M1b,MEX,population,population,8.073144673581162
per_capita,M1b,NIC,population,population,6.776980843483045
per_capita,M1b,PAN,population,population,6.582669247010581
per_capita,M1b,USA,population,population,8.505300261635066
per_capita,M1b,AUS,population,population,7.366166432923759
per_capita,M1b,NZL,population,population,6.648736269027635
per_capita,M1b,PNG,population,population,6.919219345920554
per_capita,M1b,ARG,population,population,7.6292306757420185
per_capita,M1b,BOL,population,population,7.02867745479857
per_capita,M1b,BRA,population,population,8.297713009593641
per_capita,M1b,CHL,population,population,7.247654323145674
per_capita,M1b,COL,population,population,7.664186601924754
per_capita,M1b,ECU,population,population,7.198853079953566
per_capita,M1b,PRY,population,population,6.776878859778663
per_capita,M1b,PER,population,population,7.474477170440693
per_capita,M1b,SUR,population,population,5.755130584229435
per_capita,M1b,URY,population,population,6.524439614291172
per_capita,M1b,VEN,population,population,7.475848283355976
per_capita,M1b,DZA,station_density,population,0.0
per_capita,M1b,AGO,station_density,population,0.3333333333333333
per_capita,M1b,BEN,station_density,population,1.3333333333333333
per_capita,M1b,BWA,station_density,population,0.0
per_capita,M1b,BFA,station_density,population,0.0
per_capita,M1b,BDI,station_density,population,2.0
per_capita,M1b,CMR,station_density,population,1.8
per_capita,M1b,CAF,station_density,population,0.0
per_capita,M1b,TCD,station_density,population,0.0
per_capita,M1b,COG,station_density,population,1.0
per_capita,M1b,COD,station_density,population,0.4782608695652174
per_capita,M1b,CIV,station_density,population,1.3846153846153846
per_capita,M1b,DJI,station_density,population,0.0
per_capita,M1b,EGY,station_density,population,3.0526315789473686
per_capita,M1b,GNQ,station_density,population,0.5
per_capita,M1b,ERI,station_density,population,0.0
per_capita,M1b,ETH,station_density,population,0.4444444444444444
per_capita,M1b,GAB,station_density,population,0.0
per_capita,M1b,GHA,station_density,population,2.0
per_capita,M1b,GIN,station_density,population,0.25
per_capita,M1b,GNB,station_density,population,0.0
per_capita,M1b,KEN,station_density,population,0.5
per_capita,M1b,LSO,station_density,population,1.0
per_capita,M1b,LBR,station_density,population,0.0
per_capita,M1b,LBY,station_density,population,0.8
per_capita,M1b,MDG,station_density,population,0.0
per_capita,M1b,MWI,station_density,population,0.0
per_capita,M1b,MLI,station_density,population,0.0
per_capita,M1b,MRT,station_density,population,0.0
per_capita,M1b,MAR,station_density,population,1.4
per_capita,M1b,MOZ,station_density,population,0.3333333333333333
per_capita,M1b,NAM,station_density,population,0.0
per_capita,M1b,NER,station_density,population,0.3333333333333333
per_capita,M1b,NGA,station_density,population,6.978021978021978
per_capita,M1b,RWA,station_density,population,1.0
per_capita,M1b,SEN,station_density,population,0.75
per_capita,M1b,SLE,station_density,population,0.5
per_capita,M1b,SOM,station_density,population,0.0
per_capita,M1b,ZAF,station_density,population,6.42
per_capita,M1b,SDN,station_density,population,0.6
per_capita,M1b,SWZ,station_density,population,2.0
per_capita,M1b,TZA,station_density,population,0.4375
per_capita,M1b,TGO,station_density,population,0.0
per_capita,M1b,TUN,station_density,population,1.2
per_capita,M1b,UGA,station_density,population,0.6666666666666666
per_capita,M1b,ZMB,station_density,population,1.875
per_capita,M1b,ZWE,station_density,population,2.0
per_capita,M1b,AFG,station_density,population,0.5
per_capita,M1b,ARM,station_density,population,3.0
per_capita,M1b,AZE,station_density,population,0.0
per_capita,M1b,BGD,station_density,population,7.947368421052632
per_capita,M1b,MMR,station_density,population,1.1
per_capita,M1b,KHM,station_density,population,0.0
per_capita,M1b,CHN,station_density,population,3.623684210526316
per_capita,M1b,GEO,station_density,population,3.0
per_capita,M1b,IND,station_density,population,7.294117647058823
per_capita,M1b,IDN,station_density,population,12.931034482758621
per_capita,M1b,IRN,station_density,population,1.7727272727272727
per_capita,M1b,IRQ,station_density,population,1.5
per_capita,M1b,ISR,station_density,population,4.444444444444445
per_capita,M1b,JPN,station_density,population,29.954285714285714
per_capita,M1b,JOR,station_density,population,7.0
per_capita,M1b,KAZ,station_density,population,0.26666666666666666
per_capita,M1b,LAO,station_density,population,0.0
per_capita,M1b,LBN,station_density,population,3.6666666666666665
per_capita,M1b,MYS,station_density,population,2.9375
per_capita,M1b,MNG,station_density,population,0.0
per_capita,M1b,NPL,station_density,population,4.142857142857143
per_capita,M1b,OMN,station_density,population,0.0
per_capita,M1b,PAK,station_density,population,6.508474576271187
per_capita,M1b,PHL,station_density,population,9.692307692307692
per_capita,M1b,QAT,station_density,population,0.0
per_capita,M1b,SAU,station_density,population,0.0
per_capita,M1b,KOR,station_density,population,0.0
per_capita,M1b,LKA,station_density,population,2.4444444444444446
per_capita,M1b,SYR,station_density,population,3.0
per_capita,M1b,TWN,station_density,population,9.866666666666667
per_capita,M1b,TJK,station_density,population,1.0
per_capita,M1b,THA,station_density,population,2.5714285714285716
per_capita,M1b,TUR,station_density,population,1.3725490196078431
per_capita,M1b,TKM,station_density,population,0.6666666666666666
per_capita,M1b,ARE,station_density,population,2.0
per_capita,M1b,UZB,station_density,population,0.875
per_capita,M1b,VNM,station_density,population,2.433333333333333
per_capita,M1b,YEM,station_density,population,0.0
per_capita,M1b,ALB,station_density,population,2.0
per_capita,M1b,AUT,station_density,population,0.8
per_capita,M1b,BLR,station_density,population,0.5
per_capita,M1b,BEL,station_density,population,7.857142857142857
per_capita,M1b,BIH,station_density,population,2.4
per_capita,M1b,BGR,station_density,population,1.1428571428571428
per_capita,M1b,HRV,station_density,population,1.3333333333333333
per_capita,M1b,CYP,station_density,population,0.0
per_capita,M1b,CZE,station_density,population,4.8
per_capita,M1b,DNK,station_density,population,1.0
per_capita,M1b,EST,station_density,population,0.0
per_capita,M1b,FIN,station_density,population,0.4
per_capita,M1b,FRA,station_density,population,2.1944444444444446
per_capita,M1b,DEU,station_density,population,9.88888888888889
per_capita,M1b,GRC,station_density,population,0.8571428571428571
per_capita,M1b,HUN,station_density,population,2.3333333333333335
per_capita,M1b,ISL,station_density,population,0.0
per_capita,M1b,IRL,station_density,population,0.0
per_capita,M1b,ITA,station_density,population,3.3333333333333335
per_capita,M1b,LVA,station_density,population,1.0
per_capita,M1b,LTU,station_density,population,1.4
per_capita,M1b,MKD,station_density,population,4.0
per_capita,M1b,MDA,station_density,population,2.0
per_capita,M1b,MNE,station_density,population,0.0
per_capita,M1b,NLD,station_density,population,17.875
per_capita,M1b,NOR,station_density,population,0.0
per_capita,M1b,POL,station_density,population,6.605263157894737
per_capita,M1b,PRT,station_density,population,2.5714285714285716
per_capita,M1b,ROU,station_density,population,2.84
per_capita,M1b,RUS,station_density,population,1.7820512820512822
per_capita,M1b,SRB,station_density,population,2.5
per_capita,M1b,SVK,station_density,population,1.5
per_capita,M1b,SVN,station_density,population,2.0
per_capita,M1b,ESP,station_density,population,3.32
per_capita,M1b,SWE,station_density,population,0.4
per_capita,M1b,CHE,station_density,population,4.0
per_capita,M1b,UKR,station_density,population,0.7916666666666666
per_capita,M1b,GBR,station_density,population,10.647058823529411
per_capita,M1b,BHS,station_density,population,0.0
per_capita,M1b,CAN,station_density,population,1.36
per_capita,M1b,CRI,station_density,population,0.0
per_capita,M1b,CUB,station_density,population,1.5714285714285714
per_capita,M1b,DOM,station_density,population,2.888888888888889
per_capita,M1b,SLV,station_density,population,3.3333333333333335
per_capita,M1b,GTM,station_density,population,8.0
per_capita,M1b,HTI,station_density,population,2.4
per_capita,M1b,HND,station_density,population,2.4
per_capita,M1b,JAM,station_density,population,0.6666666666666666
per_capita,M1b,MEX,station_density,population,5.298969072164948
per_capita,M1b,NIC,station_density,population,1.0
per_capita,M1b,PAN,station_density,population,1.0
per_capita,M1b,USA,station_density,population,5.36964980544747
per_capita,M1b,AUS,station_density,population,0.42857142857142855
per_capita,M1b,NZL,station_density,population,0.8888888888888888
per_capita,M1b,PNG,station_density,population,0.0
per_capita,M1b,ARG,station_density,population,0.4375
per_capita,M1b,BOL,station_density,population,0.0
per_capita,M1b,BRA,station_density,population,9.672727272727272
per_capita,M1b,CHL,station_density,population,0.7916666666666666
per_capita,M1b,COL,station_density,population,3.3333333333333335
per_capita,M1b,ECU,station_density,population,1.1538461538461537
per_capita,M1b,PRY,station_density,population,2.6
per_capita,M1b,PER,station_density,population,0.5
per_capita,M1b,SUR,station_density,population,0.0
per_capita,M1b,URY,station_density,population,0.5
per_capita,M1b,VEN,station_density,population,5.075
per_capita,M1b,DZA,baseline_dryness,hydroclimate,-1.690545065058128
per_capita,M1b,AGO,baseline_dryness,hydroclimate,-0.1040954649116033
per_capita,M1b,BEN,baseline_dryness,hydroclimate,-0.1326783291161894
per_capita,M1b,BWA,baseline_dryness,hydroclimate,-0.5583172208393922
per_capita,M1b,BFA,baseline_dryness,hydroclimate,-0.3373503232509182
per_capita,M1b,BDI,baseline_dryness,hydroclimate,0.0129121301707185
per_capita,M1b,CMR,baseline_dryness,hydroclimate,0.1234633881315638
per_capita,M1b,CAF,baseline_dryness,hydroclimate,0.0001653626880324
per_capita,M1b,TCD,baseline_dryness,hydroclimate,-1.0904460945639662
per_capita,M1b,COG,baseline_dryness,hydroclimate,0.1990553174199466
per_capita,M1b,COD,baseline_dryness,hydroclimate,0.1203669372525435
per_capita,M1b,CIV,baseline_dryness,hydroclimate,0.0625136142902685
per_capita,M1b,DJI,baseline_dryness,hydroclimate,-1.004749439005027
per_capita,M1b,EGY,baseline_dryness,hydroclimate,-2.444135486634506
per_capita,M1b,GNQ,baseline_dryness,hydroclimate,0.4142862575969018
per_capita,M1b,ERI,baseline_dryness,hydroclimate,-0.8648933963655089
per_capita,M1b,ETH,baseline_dryness,hydroclimate,-0.3469263006852902
per_capita,M1b,GAB,baseline_dryness,hydroclimate,0.311401278258292
per_capita,M1b,GHA,baseline_dryness,hydroclimate,-0.0040919666579692
per_capita,M1b,GIN,baseline_dryness,hydroclimate,0.1117938997294083
per_capita,M1b,GNB,baseline_dryness,hydroclimate,0.0475475218812508
per_capita,M1b,KEN,baseline_dryness,hydroclimate,-0.4484341227194831
per_capita,M1b,LSO,baseline_dryness,hydroclimate,-0.138731816850353
per_capita,M1b,LBR,baseline_dryness,hydroclimate,0.358816597990449
per_capita,M1b,LBY,baseline_dryness,hydroclimate,-2.1501616022424006
per_capita,M1b,MDG,baseline_dryness,hydroclimate,0.0375954428193271
per_capita,M1b,MWI,baseline_dryness,hydroclimate,-0.1156496838005782
per_capita,M1b,MLI,baseline_dryness,hydroclimate,-1.0709636454013889
per_capita,M1b,MRT,baseline_dryness,hydroclimate,-1.411210768265098
per_capita,M1b,MAR,baseline_dryness,hydroclimate,-0.721142768325312
per_capita,M1b,MOZ,baseline_dryness,hydroclimate,-0.1651256583139886
per_capita,M1b,NAM,baseline_dryness,hydroclimate,-0.8603458850701876
per_capita,M1b,NER,baseline_dryness,hydroclimate,-1.4325546391666584
per_capita,M1b,NGA,baseline_dryness,hydroclimate,-0.1534393580345746
per_capita,M1b,RWA,baseline_dryness,hydroclimate,0.0372662747781736
per_capita,M1b,SEN,baseline_dryness,hydroclimate,-0.371739395902356
per_capita,M1b,SLE,baseline_dryness,hydroclimate,0.2906209330341926
per_capita,M1b,SOM,baseline_dryness,hydroclimate,-0.947845425055826
per_capita,M1b,ZAF,baseline_dryness,hydroclimate,-0.5570233422805293
per_capita,M1b,SDN,baseline_dryness,hydroclimate,-1.2108185895223982
per_capita,M1b,SWZ,baseline_dryness,hydroclimate,-0.1978200893385523
per_capita,M1b,TZA,baseline_dryness,hydroclimate,-0.1816560999959185
per_capita,M1b,TGO,baseline_dryness,hydroclimate,-0.0405504866577743
per_capita,M1b,TUN,baseline_dryness,hydroclimate,-0.917044519309088
per_capita,M1b,UGA,baseline_dryness,hydroclimate,-0.0946799516102337
per_capita,M1b,ZMB,baseline_dryness,hydroclimate,-0.1195818895206863
per_capita,M1b,ZWE,baseline_dryness,hydroclimate,-0.2936083616964398
per_capita,M1b,AFG,baseline_dryness,hydroclimate,-0.7146694628589113
per_capita,M1b,ARM,baseline_dryness,hydroclimate,-0.2120236006096762
per_capita,M1b,AZE,baseline_dryness,hydroclimate,-0.3116744502033686
per_capita,M1b,BGD,baseline_dryness,hydroclimate,0.2960988617603756
per_capita,M1b,MMR,baseline_dryness,hydroclimate,0.2266098792164899
per_capita,M1b,KHM,baseline_dryness,hydroclimate,0.1105748455058624
per_capita,M1b,CHN,baseline_dryness,hydroclimate,-0.3876841946530638
per_capita,M1b,GEO,baseline_dryness,hydroclimate,0.0931830563793866
per_capita,M1b,IND,baseline_dryness,hydroclimate,-0.1996931168680357
per_capita,M1b,IDN,baseline_dryness,hydroclimate,0.3346510484922892
per_capita,M1b,IRN,baseline_dryness,hydroclimate,-0.8642126366734831
per_capita,M1b,IRQ,baseline_dryness,hydroclimate,-1.0537321397250503
per_capita,M1b,ISR,baseline_dryness,hydroclimate,-0.8506789745873258
per_capita,M1b,JPN,baseline_dryness,hydroclimate,0.3206055339323417
per_capita,M1b,JOR,baseline_dryness,hydroclimate,-1.258017536526211
per_capita,M1b,KAZ,baseline_dryness,hydroclimate,-0.6445281131697548
per_capita,M1b,LAO,baseline_dryness,hydroclimate,0.1622819900717514
per_capita,M1b,LBN,baseline_dryness,hydroclimate,-0.2537877927356001
per_capita,M1b,MYS,baseline_dryness,hydroclimate,0.4212321063635333
per_capita,M1b,MNG,baseline_dryness,hydroclimate,-0.6066728988395625
per_capita,M1b,NPL,baseline_dryness,hydroclimate,0.0775687403615277
per_capita,M1b,OMN,baseline_dryness,hydroclimate,-1.5518437859479248
per_capita,M1b,PAK,baseline_dryness,hydroclimate,-0.8160707558087908
per_capita,M1b,PHL,baseline_dryness,hydroclimate,0.3405614045385461
per_capita,M1b,QAT,baseline_dryness,hydroclimate,-1.465321596828846
per_capita,M1b,SAU,baseline_dryness,hydroclimate,-1.3872880374551892
per_capita,M1b,KOR,baseline_dryness,hydroclimate,0.174555281746731
per_capita,M1b,LKA,baseline_dryness,hydroclimate,0.0739363100513588
per_capita,M1b,SYR,baseline_dryness,hydroclimate,-0.796617529834009
per_capita,M1b,TWN,baseline_dryness,hydroclimate,0.3143960699138975
per_capita,M1b,TJK,baseline_dryness,hydroclimate,-0.1877410641243553
per_capita,M1b,THA,baseline_dryness,hydroclimate,0.0699106654504279
per_capita,M1b,TUR,baseline_dryness,hydroclimate,-0.2563438947962282
per_capita,M1b,TKM,baseline_dryness,hydroclimate,-1.0257506464403512
per_capita,M1b,ARE,baseline_dryness,hydroclimate,-1.5513624822447576
per_capita,M1b,UZB,baseline_dryness,hydroclimate,-0.908044538803122
per_capita,M1b,VNM,baseline_dryness,hydroclimate,0.1783742175091501
per_capita,M1b,YEM,baseline_dryness,hydroclimate,-1.109839906065466
per_capita,M1b,ALB,baseline_dryness,hydroclimate,0.1038326817933687
per_capita,M1b,AUT,baseline_dryness,hydroclimate,0.2196965962480884
per_capita,M1b,BLR,baseline_dryness,hydroclimate,0.0116702534402932
per_capita,M1b,BEL,baseline_dryness,hydroclimate,0.0986192702696426
per_capita,M1b,BIH,baseline_dryness,hydroclimate,0.1353076429745489
per_capita,M1b,BGR,baseline_dryness,hydroclimate,-0.1342131291050141
per_capita,M1b,HRV,baseline_dryness,hydroclimate,0.1319919657680377
per_capita,M1b,CYP,baseline_dryness,hydroclimate,-0.4604942678980323
per_capita,M1b,CZE,baseline_dryness,hydroclimate,0.0133032541274154
per_capita,M1b,DNK,baseline_dryness,hydroclimate,0.0858769386252542
per_capita,M1b,EST,baseline_dryness,hydroclimate,0.0673426823080221
per_capita,M1b,FIN,baseline_dryness,hydroclimate,0.0770632902985595
per_capita,M1b,FRA,baseline_dryness,hydroclimate,0.0050080328877142
per_capita,M1b,DEU,baseline_dryness,hydroclimate,0.0427827044475381
per_capita,M1b,GRC,baseline_dryness,hydroclimate,-0.1571791768352736
per_capita,M1b,HUN,baseline_dryness,hydroclimate,-0.1014280376662866
per_capita,M1b,ISL,baseline_dryness,hydroclimate,0.4175591285639882
per_capita,M1b,IRL,baseline_dryness,hydroclimate,0.3407106043945787
per_capita,M1b,ITA,baseline_dryness,hydroclimate,-0.0553153496424138
per_capita,M1b,LVA,baseline_dryness,hydroclimate,0.0760474323197018
per_capita,M1b,LTU,baseline_dryness,hydroclimate,0.0737067922494232
per_capita,M1b,MKD,baseline_dryness,hydroclimate,-0.1286631474920621
per_capita,M1b,MDA,baseline_dryness,hydroclimate,-0.2624480311960825
per_capita,M1b,MNE,baseline_dryness,hydroclimate,0.1900522495215795
per_capita,M1b,NLD,baseline_dryness,hydroclimate,0.0855589736027751
per_capita,M1b,NOR,baseline_dryness,hydroclimate,0.3338187023276966
per_capita,M1b,POL,baseline_dryness,hydroclimate,-0.0168457879275789
per_capita,M1b,PRT,baseline_dryness,hydroclimate,-0.1353129216224375
per_capita,M1b,ROU,baseline_dryness,hydroclimate,-0.0868540711419185
per_capita,M1b,RUS,baseline_dryness,hydroclimate,-0.0039715800766229
per_capita,M1b,SRB,baseline_dryness,hydroclimate,-0.0607140361390977
per_capita,M1b,SVK,baseline_dryness,hydroclimate,0.0411498020014766
per_capita,M1b,SVN,baseline_dryness,hydroclimate,0.3067931666120929
per_capita,M1b,ESP,baseline_dryness,hydroclimate,-0.2698035363660213
per_capita,M1b,SWE,baseline_dryness,hydroclimate,0.1054497588744589
per_capita,M1b,CHE,baseline_dryness,hydroclimate,0.272105748046081
per_capita,M1b,UKR,baseline_dryness,hydroclimate,-0.1674040039449113
per_capita,M1b,GBR,baseline_dryness,hydroclimate,0.3070490664412264
per_capita,M1b,BHS,baseline_dryness,hydroclimate,-0.0973112772675652
per_capita,M1b,CAN,baseline_dryness,hydroclimate,-0.0251910717359383
per_capita,M1b,CRI,baseline_dryness,hydroclimate,0.3102325525494904
per_capita,M1b,CUB,baseline_dryness,hydroclimate,-0.0140678522423005
per_capita,M1b,DOM,baseline_dryness,hydroclimate,0.0584940669301408
per_capita,M1b,SLV,baseline_dryness,hydroclimate,0.041481502048203
per_capita,M1b,GTM,baseline_dryness,hydroclimate,0.1749307724507974
per_capita,M1b,HTI,baseline_dryness,hydroclimate,0.0306164059496963
per_capita,M1b,HND,baseline_dryness,hydroclimate,0.0485887411944063
per_capita,M1b,JAM,baseline_dryness,hydroclimate,0.1429399100097935
per_capita,M1b,MEX,baseline_dryness,hydroclimate,-0.4177197500855169
per_capita,M1b,NIC,baseline_dryness,hydroclimate,0.1625169064617375
per_capita,M1b,PAN,baseline_dryness,hydroclimate,0.2498293542252955
per_capita,M1b,USA,baseline_dryness,hydroclimate,-0.2380549712368356
per_capita,M1b,AUS,baseline_dryness,hydroclimate,-0.727806409329885
per_capita,M1b,NZL,baseline_dryness,hydroclimate,0.3186684835909869
per_capita,M1b,PNG,baseline_dryness,hydroclimate,0.3729194211537806
per_capita,M1b,ARG,baseline_dryness,hydroclimate,-0.468880811971432
per_capita,M1b,BOL,baseline_dryness,hydroclimate,-0.1993715943245521
per_capita,M1b,BRA,baseline_dryness,hydroclimate,0.1496205919460442
per_capita,M1b,CHL,baseline_dryness,hydroclimate,-0.3784859454636044
per_capita,M1b,COL,baseline_dryness,hydroclimate,0.3123408243226592
per_capita,M1b,ECU,baseline_dryness,hydroclimate,0.1875056993447916
per_capita,M1b,PRY,baseline_dryness,hydroclimate,-0.1800585260375514
per_capita,M1b,PER,baseline_dryness,hydroclimate,-0.0549389678770269
per_capita,M1b,SUR,baseline_dryness,hydroclimate,0.2704607912476797
per_capita,M1b,URY,baseline_dryness,hydroclimate,-0.019117007401508
per_capita,M1b,VEN,baseline_dryness,hydroclimate,0.1295660391202561
