representation,model,protocol,iso3,Country,m49_subregion,observed,prediction,error,abs_error,fold_id,n_train,nearest_train_km,unseen_levels
primary_total_co2,M0star,in_sample,DZA,Algeria,Northern Africa,0.24027005915767902,0.20959890731145417,0.030671151846224848,0.030671151846224848,-1,151,,0
primary_total_co2,M0star,in_sample,AGO,Angola,Middle Africa,0.2003000150757142,0.15260544644039833,0.047694568635315876,0.047694568635315876,-1,151,,0
primary_total_co2,M0star,in_sample,BEN,Benin,Western Africa,0.20270211677173233,0.19191161984021907,0.010790496931513266,0.010790496931513266,-1,151,,0
primary_total_co2,M0star,in_sample,BWA,Botswana,Southern Africa,0.15541865895509172,0.21159823632735497,-0.056179577372263256,0.056179577372263256,-1,151,,0
primary_total_co2,M0star,in_sample,BFA,Burkina Faso,Western Africa,0.2158731392585228,0.2199056249685049,-0.004032485709982103,0.004032485709982103,-1,151,,0
primary_total_co2,M0star,in_sample,BDI,Burundi,Eastern Africa,0.20888549627683978,0.18952329055867373,0.019362205718166048,0.019362205718166048,-1,151,,0
primary_total_co2,M0star,in_sample,CMR,Cameroon,Middle Africa,0.16636200134979467,0.1980668937041006,-0.03170489235430593,0.03170489235430593,-1,151,,0
primary_total_co2,M0star,in_sample,CAF,Central African Republic,Middle Africa,0.18403786064638777,0.2223243365896198,-0.038286475943232035,0.038286475943232035,-1,151,,0
primary_total_co2,M0star,in_sample,TCD,Chad,Middle Africa,0.2035091414222523,0.23014547186259798,-0.02663633044034569,0.02663633044034569,-1,151,,0
primary_total_co2,M0star,in_sample,COG,Congo,Middle Africa,0.1704220858831212,0.17456357190970645,-0.0041414860265852615,0.0041414860265852615,-1,151,,0
primary_total_co2,M0star,in_sample,COD,Congo (Democratic Republic Of The),Middle Africa,0.19859794898946587,0.20209586885976036,-0.0034979198702944914,0.0034979198702944914,-1,151,,0
primary_total_co2,M0star,in_sample,CIV,Côte D'Ivoire,Western Africa,0.20772847580142792,0.19085616565731559,0.016872310144112335,0.016872310144112335,-1,151,,0
primary_total_co2,M0star,in_sample,DJI,Djibouti,Eastern Africa,0.20035987264449803,0.1968584813797532,0.0035013912647448298,0.0035013912647448298,-1,151,,0
primary_total_co2,M0star,in_sample,EGY,Egypt,Northern Africa,0.15478518959618381,0.22684726575978642,-0.0720620761636026,0.0720620761636026,-1,151,,0
primary_total_co2,M0star,in_sample,GNQ,Equatorial Guinea,Middle Africa,0.16354706521210607,0.18703722344457235,-0.02349015823246628,0.02349015823246628,-1,151,,0
primary_total_co2,M0star,in_sample,ERI,Eritrea,Eastern Africa,0.20315322405399622,0.20607698747080316,-0.002923763416806946,0.002923763416806946,-1,151,,0
primary_total_co2,M0star,in_sample,ETH,Ethiopia,Eastern Africa,0.2076992707889047,0.20951332241368348,-0.0018140516247787675,0.0018140516247787675,-1,151,,0
primary_total_co2,M0star,in_sample,GAB,Gabon,Middle Africa,0.16553931693258667,0.19046085978943017,-0.024921542856843504,0.024921542856843504,-1,151,,0
primary_total_co2,M0star,in_sample,GHA,Ghana,Western Africa,0.1992545668996173,0.18546155091032523,0.013793015989292057,0.013793015989292057,-1,151,,0
primary_total_co2,M0star,in_sample,GIN,Guinea,Western Africa,0.22751348300753205,0.19295763040433683,0.034555852603195214,0.034555852603195214,-1,151,,0
primary_total_co2,M0star,in_sample,GNB,Guinea Bissau,Western Africa,0.23319971534367673,0.19804903603332852,0.03515067931034821,0.03515067931034821,-1,151,,0
primary_total_co2,M0star,in_sample,KEN,Kenya,Eastern Africa,0.21062387448612835,0.17014597709122783,0.040477897394900514,0.040477897394900514,-1,151,,0
primary_total_co2,M0star,in_sample,LSO,Lesotho,Southern Africa,0.16129029981211962,0.1718966837796495,-0.010606383967529887,0.010606383967529887,-1,151,,0
primary_total_co2,M0star,in_sample,LBR,Liberia,Western Africa,0.2160061033815747,0.201336175057555,0.014669928324019699,0.014669928324019699,-1,151,,0
primary_total_co2,M0star,in_sample,LBY,Libya,Northern Africa,0.19059948923507644,0.23667525290097025,-0.046075763665893804,0.046075763665893804,-1,151,,0
primary_total_co2,M0star,in_sample,MDG,Madagascar,Eastern Africa,0.1813544794012833,0.1814435387847633,-8.90593834800002e-05,8.90593834800002e-05,-1,151,,0
primary_total_co2,M0star,in_sample,MWI,Malawi,Eastern Africa,0.18854099012577252,0.18845357857758188,8.741154819064123e-05,8.741154819064123e-05,-1,151,,0
primary_total_co2,M0star,in_sample,MLI,Mali,Western Africa,0.24782669503123966,0.22678330510554667,0.02104338992569299,0.02104338992569299,-1,151,,0
primary_total_co2,M0star,in_sample,MRT,Mauritania,Western Africa,0.2597916027159455,0.20829231049438954,0.05149929222155594,0.05149929222155594,-1,151,,0
primary_total_co2,M0star,in_sample,MAR,Morocco,Northern Africa,0.2418455862979349,0.20127547057171943,0.04057011572621547,0.04057011572621547,-1,151,,0
primary_total_co2,M0star,in_sample,MOZ,Mozambique,Eastern Africa,0.172823801894673,0.18578632395261135,-0.012962522057938353,0.012962522057938353,-1,151,,0
primary_total_co2,M0star,in_sample,NAM,Namibia,Southern Africa,0.17785319196923344,0.19316801855588853,-0.01531482658665509,0.01531482658665509,-1,151,,0
primary_total_co2,M0star,in_sample,NER,Niger,Western Africa,0.2385606960588716,0.235603316874112,0.0029573791847595787,0.0029573791847595787,-1,151,,0
primary_total_co2,M0star,in_sample,NGA,Nigeria,Western Africa,0.2030109401107239,0.19517193708192515,0.007839003028798752,0.007839003028798752,-1,151,,0
primary_total_co2,M0star,in_sample,RWA,Rwanda,Eastern Africa,0.20845952779692498,0.1970908242800395,0.011368703516885487,0.011368703516885487,-1,151,,0
primary_total_co2,M0star,in_sample,SEN,Senegal,Western Africa,0.24097868636270878,0.2021197608538837,0.03885892550882508,0.03885892550882508,-1,151,,0
primary_total_co2,M0star,in_sample,SLE,Sierra Leone,Western Africa,0.22372060994282955,0.19897521810159313,0.02474539184123642,0.02474539184123642,-1,151,,0
primary_total_co2,M0star,in_sample,SOM,Somalia,Eastern Africa,0.19588332023430152,0.1939977761134317,0.001885544120869831,0.001885544120869831,-1,151,,0
primary_total_co2,M0star,in_sample,ZAF,South Africa,Southern Africa,0.16028496312204338,0.18119711202863387,-0.02091214890659049,0.02091214890659049,-1,151,,0
primary_total_co2,M0star,in_sample,SDN,Sudan,Northern Africa,0.20487305719629992,0.24263416772097646,-0.03776111052467654,0.03776111052467654,-1,151,,0
primary_total_co2,M0star,in_sample,SWZ,Swaziland,Southern Africa,0.15934183499515397,0.18879881418708347,-0.029456979191929494,0.029456979191929494,-1,151,,0
primary_total_co2,M0star,in_sample,TZA,Tanzania,Eastern Africa,0.20953051997740807,0.168688885856193,0.04084163412121508,0.04084163412121508,-1,151,,0
primary_total_co2,M0star,in_sample,TGO,Togo,Western Africa,0.1941324419699687,0.20611414028238917,-0.011981698312420463,0.011981698312420463,-1,151,,0
primary_total_co2,M0star,in_sample,TUN,Tunisia,Northern Africa,0.23748975158588337,0.23437261493089398,0.0031171366549893886,0.0031171366549893886,-1,151,,0
primary_total_co2,M0star,in_sample,UGA,Uganda,Eastern Africa,0.21147594840550732,0.22055671557312023,-0.009080767167612913,0.009080767167612913,-1,151,,0
primary_total_co2,M0star,in_sample,ZMB,Zambia,Eastern Africa,0.17691283567770744,0.1830471746895278,-0.006134339011820367,0.006134339011820367,-1,151,,0
primary_total_co2,M0star,in_sample,ZWE,Zimbabwe,Eastern Africa,0.1535502891079796,0.17583735588103758,-0.022287066773057973,0.022287066773057973,-1,151,,0
primary_total_co2,M0star,in_sample,AFG,Afghanistan,Southern Asia,0.24733117695547363,0.21410936414406662,0.033221812811407014,0.033221812811407014,-1,151,,0
primary_total_co2,M0star,in_sample,ARM,Armenia,Western Asia,0.18833773750931812,0.177058893738219,0.011278843771099112,0.011278843771099112,-1,151,,0
primary_total_co2,M0star,in_sample,AZE,Azerbaijan,Western Asia,0.19504824967387935,0.17886981544937156,0.016178434224507793,0.016178434224507793,-1,151,,0
primary_total_co2,M0star,in_sample,BGD,Bangladesh,Southern Asia,0.11108862004719486,0.14480448277572872,-0.03371586272853386,0.03371586272853386,-1,151,,0
primary_total_co2,M0star,in_sample,MMR,Burma,South-eastern Asia,0.10898678984933867,0.15117222024221816,-0.04218543039287949,0.04218543039287949,-1,151,,0
primary_total_co2,M0star,in_sample,KHM,Cambodia,South-eastern Asia,0.12397652977439673,0.1421209742747453,-0.018144444500348564,0.018144444500348564,-1,151,,0
primary_total_co2,M0star,in_sample,CHN,China,Eastern Asia,0.18801127254816274,0.16884089089813006,0.01917038165003268,0.01917038165003268,-1,151,,0
primary_total_co2,M0star,in_sample,GEO,Georgia,Western Asia,0.17014653222140888,0.17890501184522872,-0.008758479623819843,0.008758479623819843,-1,151,,0
primary_total_co2,M0star,in_sample,IND,India,Southern Asia,0.12279874845556998,0.16750677703335848,-0.044708028577788494,0.044708028577788494,-1,151,,0
primary_total_co2,M0star,in_sample,IDN,Indonesia,South-eastern Asia,0.1365994643114788,0.09334362349014334,0.04325584082133545,0.04325584082133545,-1,151,,0
primary_total_co2,M0star,in_sample,IRN,Iran,Southern Asia,0.25326598928356275,0.1905938101235889,0.06267217915997386,0.06267217915997386,-1,151,,0
primary_total_co2,M0star,in_sample,IRQ,Iraq,Western Asia,0.1763349119758569,0.16923669150955722,0.007098220466299682,0.007098220466299682,-1,151,,0
primary_total_co2,M0star,in_sample,ISR,Israel,Western Asia,0.1289730259690734,0.19000285906812858,-0.061029833099055186,0.061029833099055186,-1,151,,0
primary_total_co2,M0star,in_sample,JPN,Japan,Eastern Asia,0.13484212055215955,0.13143356479841492,0.00340855575374463,0.00340855575374463,-1,151,,0
primary_total_co2,M0star,in_sample,JOR,Jordan,Western Asia,0.1241622692023015,0.13888097509849845,-0.014718705896196949,0.014718705896196949,-1,151,,0
primary_total_co2,M0star,in_sample,KAZ,Kazakhstan,Central Asia,0.2607179280248597,0.259221748705904,0.001496179318955737,0.001496179318955737,-1,151,,0
primary_total_co2,M0star,in_sample,LAO,Laos,South-eastern Asia,0.11990552917453423,0.15276699829837015,-0.03286146912383592,0.03286146912383592,-1,151,,0
primary_total_co2,M0star,in_sample,LBN,Lebanon,Western Asia,0.13240721718298015,0.15005624549916471,-0.017649028316184562,0.017649028316184562,-1,151,,0
primary_total_co2,M0star,in_sample,MYS,Malaysia,South-eastern Asia,0.14354714353630665,0.13980504179660447,0.003742101739702186,0.003742101739702186,-1,151,,0
primary_total_co2,M0star,in_sample,MNG,Mongolia,Eastern Asia,0.273292065382825,0.24371053832809098,0.029581527054734047,0.029581527054734047,-1,151,,0
primary_total_co2,M0star,in_sample,NPL,Nepal,Southern Asia,0.12394103933918027,0.14485338819217666,-0.020912348852996393,0.020912348852996393,-1,151,,0
primary_total_co2,M0star,in_sample,OMN,Oman,Western Asia,0.2034660332775613,0.17856138114714154,0.024904652130419758,0.024904652130419758,-1,151,,0
primary_total_co2,M0star,in_sample,PAK,Pakistan,Southern Asia,0.1799496198587603,0.19185617738223396,-0.011906557523473665,0.011906557523473665,-1,151,,0
primary_total_co2,M0star,in_sample,PHL,Philippines,South-eastern Asia,0.16029540562197608,0.13287445400612258,0.027420951615853506,0.027420951615853506,-1,151,,0
primary_total_co2,M0star,in_sample,QAT,Qatar,Western Asia,0.2314787860422459,0.19422563868582934,0.03725314735641655,0.03725314735641655,-1,151,,0
primary_total_co2,M0star,in_sample,SAU,Saudi Arabia,Western Asia,0.1912885606557455,0.19848877374748997,-0.007200213091744456,0.007200213091744456,-1,151,,0
primary_total_co2,M0star,in_sample,KOR,South Korea,Eastern Asia,0.14512934007189218,0.19262533667711693,-0.047495996605224744,0.047495996605224744,-1,151,,0
primary_total_co2,M0star,in_sample,LKA,Sri Lanka,Southern Asia,0.13450142935863102,0.13592018168178324,-0.0014187523231522225,0.0014187523231522225,-1,151,,0
primary_total_co2,M0star,in_sample,SYR,Syria,Western Asia,0.14323534954112288,0.19437837920940587,-0.05114302966828299,0.05114302966828299,-1,151,,0
primary_total_co2,M0star,in_sample,TWN,Taiwan,Eastern Asia,0.13706412122195852,0.1470756497872354,-0.010011528565276873,0.010011528565276873,-1,151,,0
primary_total_co2,M0star,in_sample,TJK,Tajikistan,Central Asia,0.233975502099763,0.22055747407239634,0.013418028027366663,0.013418028027366663,-1,151,,0
primary_total_co2,M0star,in_sample,THA,Thailand,South-eastern Asia,0.11983102194091183,0.152702028305068,-0.03287100636415616,0.03287100636415616,-1,151,,0
primary_total_co2,M0star,in_sample,TUR,Turkey,Western Asia,0.1419623303023036,0.159752402688343,-0.017790072386039413,0.017790072386039413,-1,151,,0
primary_total_co2,M0star,in_sample,TKM,Turkmenistan,Central Asia,0.2752870410187589,0.21301930170355554,0.06226773931520335,0.06226773931520335,-1,151,,0
primary_total_co2,M0star,in_sample,ARE,United Arab Emirates,Western Asia,0.2248308233871666,0.18947999670037508,0.035350826686791514,0.035350826686791514,-1,151,,0
primary_total_co2,M0star,in_sample,UZB,Uzbekistan,Central Asia,0.27739224194989204,0.24398207356162888,0.03341016838826316,0.03341016838826316,-1,151,,0
primary_total_co2,M0star,in_sample,VNM,Vietnam,South-eastern Asia,0.122632583177362,0.1489581536487178,-0.026325570471355808,0.026325570471355808,-1,151,,0
primary_total_co2,M0star,in_sample,YEM,Yemen,Western Asia,0.20150002766065422,0.16578325984242515,0.03571676781822908,0.03571676781822908,-1,151,,0
primary_total_co2,M0star,in_sample,ALB,Albania,Southern Europe,0.15748303087977816,0.1427596433979595,0.014723387481818673,0.014723387481818673,-1,151,,0
primary_total_co2,M0star,in_sample,AUT,Austria,Western Europe,0.21029967713303166,0.20867349420398765,0.0016261829290440122,0.0016261829290440122,-1,151,,0
primary_total_co2,M0star,in_sample,BLR,Belarus,Eastern Europe,0.21395039394228654,0.20707685501300666,0.006873538929279888,0.006873538929279888,-1,151,,0
primary_total_co2,M0star,in_sample,BEL,Belgium,Western Europe,0.1951636806716645,0.18009766983354192,0.01506601083812259,0.01506601083812259,-1,151,,0
primary_total_co2,M0star,in_sample,BIH,Bosnia And Herzegovina,Southern Europe,0.18440933101350881,0.17190219515072827,0.012507135862780544,0.012507135862780544,-1,151,,0
primary_total_co2,M0star,in_sample,BGR,Bulgaria,Eastern Europe,0.16411393376308978,0.19567460036236298,-0.0315606665992732,0.0315606665992732,-1,151,,0
primary_total_co2,M0star,in_sample,HRV,Croatia,Southern Europe,0.18952185187085302,0.18792228639774222,0.0015995654731107978,0.0015995654731107978,-1,151,,0
primary_total_co2,M0star,in_sample,CYP,Cyprus,Western Asia,0.14075176149640625,0.15815957765444832,-0.017407816158042072,0.017407816158042072,-1,151,,0
primary_total_co2,M0star,in_sample,CZE,Czech Republic,Eastern Europe,0.19293606527047014,0.21300354133668611,-0.020067476066215978,0.020067476066215978,-1,151,,0
primary_total_co2,M0star,in_sample,DNK,Denmark,Northern Europe,0.1919403849228464,0.19001609809437653,0.0019242868284698733,0.0019242868284698733,-1,151,,0
primary_total_co2,M0star,in_sample,EST,Estonia,Northern Europe,0.25938076329685683,0.21398615383308459,0.045394609463772245,0.045394609463772245,-1,151,,0
primary_total_co2,M0star,in_sample,FIN,Finland,Northern Europe,0.2349856997144576,0.21103688502390033,0.023948814690557263,0.023948814690557263,-1,151,,0
primary_total_co2,M0star,in_sample,FRA,France,Western Europe,0.1916777527720347,0.18699827907192615,0.004679473700108544,0.004679473700108544,-1,151,,0
primary_total_co2,M0star,in_sample,DEU,Germany,Western Europe,0.19552600658812053,0.1854361703259112,0.010089836262209328,0.010089836262209328,-1,151,,0
primary_total_co2,M0star,in_sample,GRC,Greece,Southern Europe,0.14163851313814882,0.16770022396970724,-0.02606171083155842,0.02606171083155842,-1,151,,0
primary_total_co2,M0star,in_sample,HUN,Hungary,Eastern Europe,0.18683465599109378,0.21090148975695583,-0.02406683376586205,0.02406683376586205,-1,151,,0
primary_total_co2,M0star,in_sample,ISL,Iceland,Northern Europe,0.12736783367802937,0.12736783367802185,7.521760991835436e-15,7.521760991835436e-15,-1,151,,0
primary_total_co2,M0star,in_sample,IRL,Ireland,Northern Europe,0.1678618971108085,0.18564762514906474,-0.017785728038256232,0.017785728038256232,-1,151,,0
primary_total_co2,M0star,in_sample,ITA,Italy,Southern Europe,0.1823289325414157,0.17311152960442866,0.00921740293698703,0.00921740293698703,-1,151,,0
primary_total_co2,M0star,in_sample,LVA,Latvia,Northern Europe,0.2466163184774826,0.2064387458869221,0.04017757259056051,0.04017757259056051,-1,151,,0
primary_total_co2,M0star,in_sample,LTU,Lithuania,Northern Europe,0.22162226701877433,0.20613926773525168,0.015482999283522647,0.015482999283522647,-1,151,,0
primary_total_co2,M0star,in_sample,MKD,Macedonia,Southern Europe,0.16410994630244113,0.1720806630930531,-0.007970716790611954,0.007970716790611954,-1,151,,0
primary_total_co2,M0star,in_sample,MDA,Moldova,Eastern Europe,0.15544942684686172,0.18278540413314762,-0.027335977286285895,0.027335977286285895,-1,151,,0
primary_total_co2,M0star,in_sample,MNE,Montenegro,Southern Europe,0.1643666862725019,0.16769434738518343,-0.0033276611126815403,0.0033276611126815403,-1,151,,0
primary_total_co2,M0star,in_sample,NLD,Netherlands,Western Europe,0.18877545734026732,0.16083218463611948,0.027943272704147842,0.027943272704147842,-1,151,,0
primary_total_co2,M0star,in_sample,NOR,Norway,Northern Europe,0.20191951273050374,0.21086292948909002,-0.008943416758586287,0.008943416758586287,-1,151,,0
primary_total_co2,M0star,in_sample,POL,Poland,Eastern Europe,0.18403612522932167,0.20614939472726843,-0.022113269497946758,0.022113269497946758,-1,151,,0
primary_total_co2,M0star,in_sample,PRT,Portugal,Southern Europe,0.1846817946752158,0.16454236301327263,0.02013943166194318,0.02013943166194318,-1,151,,0
primary_total_co2,M0star,in_sample,ROU,Romania,Eastern Europe,0.1626491375716469,0.20306644825575582,-0.04041731068410892,0.04041731068410892,-1,151,,0
primary_total_co2,M0star,in_sample,RUS,Russia,Eastern Europe,0.262173281711931,0.2375837166811219,0.024589565030809085,0.024589565030809085,-1,151,,0
primary_total_co2,M0star,in_sample,SRB,Serbia,Southern Europe,0.1777828851474587,0.18099179677823718,-0.003208911630778466,0.003208911630778466,-1,151,,0
primary_total_co2,M0star,in_sample,SVK,Slovakia,Eastern Europe,0.17135924127324334,0.21561831046909807,-0.04425906919585473,0.04425906919585473,-1,151,,0
primary_total_co2,M0star,in_sample,SVN,Slovenia,Southern Europe,0.2104092831778439,0.19030690806908568,0.02010237510875823,0.02010237510875823,-1,151,,0
primary_total_co2,M0star,in_sample,ESP,Spain,Southern Europe,0.19118695961871326,0.16942598438477194,0.021760975233941326,0.021760975233941326,-1,151,,0
primary_total_co2,M0star,in_sample,SWE,Sweden,Northern Europe,0.21924683880167534,0.21052326034490593,0.00872357845676941,0.00872357845676941,-1,151,,0
primary_total_co2,M0star,in_sample,CHE,Switzerland,Western Europe,0.20255138935875544,0.19887900400316424,0.0036723853555911956,0.0036723853555911956,-1,151,,0
primary_total_co2,M0star,in_sample,UKR,Ukraine,Eastern Europe,0.17767865721146503,0.19733005855647823,-0.019651401345013197,0.019651401345013197,-1,151,,0
primary_total_co2,M0star,in_sample,GBR,United Kingdom,Northern Europe,0.16309409461298247,0.17915852967406243,-0.016064435061079962,0.016064435061079962,-1,151,,0
primary_total_co2,M0star,in_sample,BHS,Bahamas,Caribbean,0.13991083211606994,0.14565358042258755,-0.005742748306517609,0.005742748306517609,-1,151,,0
primary_total_co2,M0star,in_sample,CAN,Canada,Northern America,0.2521930060529909,0.18858944828822025,0.06360355776477064,0.06360355776477064,-1,151,,0
primary_total_co2,M0star,in_sample,CRI,Costa Rica,Central America,0.10130466192673268,0.12013107196789227,-0.01882641004115959,0.01882641004115959,-1,151,,0
primary_total_co2,M0star,in_sample,CUB,Cuba,Caribbean,0.12305617676307766,0.12149390363226001,0.0015622731308176513,0.0015622731308176513,-1,151,,0
primary_total_co2,M0star,in_sample,DOM,Dominican Republic,Caribbean,0.15478420047944152,0.11130983112802179,0.04347436935141974,0.04347436935141974,-1,151,,0
primary_total_co2,M0star,in_sample,SLV,El Salvador,Central America,0.06948090854064985,0.09869374282191547,-0.029212834281265615,0.029212834281265615,-1,151,,0
primary_total_co2,M0star,in_sample,GTM,Guatemala,Central America,0.0508136158223582,0.07289975870714331,-0.02208614288478511,0.02208614288478511,-1,151,,0
primary_total_co2,M0star,in_sample,HTI,Haiti,Caribbean,0.14216341234840274,0.09986663075730143,0.04229678159110131,0.04229678159110131,-1,151,,0
primary_total_co2,M0star,in_sample,HND,Honduras,Central America,0.08078933014247122,0.10692921273400247,-0.026139882591531244,0.026139882591531244,-1,151,,0
primary_total_co2,M0star,in_sample,JAM,Jamaica,Caribbean,0.12861876139008294,0.11992745666840776,0.008691304721675175,0.008691304721675175,-1,151,,0
primary_total_co2,M0star,in_sample,MEX,Mexico,Central America,0.04065719593311795,0.10211435330006337,-0.06145715736694542,0.06145715736694542,-1,151,,0
primary_total_co2,M0star,in_sample,NIC,Nicaragua,Central America,0.09228609649696132,0.1065170412764027,-0.014230944779441382,0.014230944779441382,-1,151,,0
primary_total_co2,M0star,in_sample,PAN,Panama,Central America,0.12161241121300685,0.1176181003497713,0.003994310863235553,0.003994310863235553,-1,151,,0
primary_total_co2,M0star,in_sample,USA,United States,Northern America,0.1695001197237513,0.15542659689504787,0.014073522828703444,0.014073522828703444,-1,151,,0
primary_total_co2,M0star,in_sample,AUS,Australia,Australia and New Zealand,0.16302097420962694,0.14711957755398666,0.015901396655640276,0.015901396655640276,-1,151,,0
primary_total_co2,M0star,in_sample,NZL,New Zealand,Australia and New Zealand,0.10027093962176431,0.14667630054461064,-0.046405360922846334,0.046405360922846334,-1,151,,0
primary_total_co2,M0star,in_sample,PNG,Papua New Guinea,Melanesia,0.13861753573076713,0.10811357146353615,0.030503964267230982,0.030503964267230982,-1,151,,0
primary_total_co2,M0star,in_sample,ARG,Argentina,South America,0.10866574248962382,0.1602921943116636,-0.05162645182203979,0.05162645182203979,-1,151,,0
primary_total_co2,M0star,in_sample,BOL,Bolivia,South America,0.10781469285053756,0.10865115081183135,-0.0008364579612937934,0.0008364579612937934,-1,151,,0
primary_total_co2,M0star,in_sample,BRA,Brazil,South America,0.16469595530453246,0.09053302931459445,0.07416292598993801,0.07416292598993801,-1,151,,0
primary_total_co2,M0star,in_sample,CHL,Chile,South America,0.0993071522959073,0.1311244613232173,-0.03181730902731002,0.03181730902731002,-1,151,,0
primary_total_co2,M0star,in_sample,COL,Colombia,South America,0.13225011394627992,0.1319800879485147,0.00027002599776521086,0.00027002599776521086,-1,151,,0
primary_total_co2,M0star,in_sample,ECU,Ecuador,South America,0.12529387656573873,0.1009156870349071,0.024378189530831637,0.024378189530831637,-1,151,,0
primary_total_co2,M0star,in_sample,PRY,Paraguay,South America,0.12268222549728672,0.1460834116736337,-0.023401186176346983,0.023401186176346983,-1,151,,0
primary_total_co2,M0star,in_sample,PER,Peru,South America,0.10234701745272959,0.11736150432248733,-0.015014486869757745,0.015014486869757745,-1,151,,0
primary_total_co2,M0star,in_sample,SUR,Suriname,South America,0.14991778270906336,0.13372647875682686,0.016191303952236502,0.016191303952236502,-1,151,,0
primary_total_co2,M0star,in_sample,URY,Uruguay,South America,0.1340604374132053,0.13141161368523546,0.0026488237279698457,0.0026488237279698457,-1,151,,0
primary_total_co2,M0star,in_sample,VEN,Venezuela,South America,0.14209795456206648,0.13705333190409774,0.005044622657968734,0.005044622657968734,-1,151,,0
primary_total_co2,M0star,primary_loco,DZA,Algeria,Northern Africa,0.24027005915767902,0.19838894526857184,0.041881113889107174,0.041881113889107174,0,140,502.80410892048315,0
primary_total_co2,M0star,primary_loco,AGO,Angola,Middle Africa,0.2003000150757142,0.15411387596755752,0.04618613910815669,0.04618613910815669,1,143,617.5524176445745,0
primary_total_co2,M0star,primary_loco,BEN,Benin,Western Africa,0.20270211677173233,0.18742796992949629,0.015274146842236047,0.015274146842236047,2,143,645.265464870903,0
primary_total_co2,M0star,primary_loco,BWA,Botswana,Southern Africa,0.15541865895509172,0.23711897360095857,-0.08170031464586686,0.08170031464586686,3,142,617.3401076622447,0
primary_total_co2,M0star,primary_loco,BFA,Burkina Faso,Western Africa,0.2158731392585228,0.2140700654868207,0.0018030737717021073,0.0018030737717021073,4,140,544.1912089132867,0
primary_total_co2,M0star,primary_loco,BDI,Burundi,Eastern Africa,0.20888549627683978,0.17588459483611085,0.033000901440728925,0.033000901440728925,5,144,652.8579050829767,0
primary_total_co2,M0star,primary_loco,CMR,Cameroon,Middle Africa,0.16636200134979467,0.20659232281289897,-0.04023032146310429,0.04023032146310429,6,142,645.265464870903,0
primary_total_co2,M0star,primary_loco,CAF,Central African Republic,Middle Africa,0.18403786064638777,0.24289375188985074,-0.058855891243462966,0.058855891243462966,7,141,668.5532199135129,0
primary_total_co2,M0star,primary_loco,TCD,Chad,Middle Africa,0.2035091414222523,0.2423828161505019,-0.038873674728249596,0.038873674728249596,8,140,628.5950455799541,0
primary_total_co2,M0star,primary_loco,COG,Congo,Middle Africa,0.1704220858831212,0.17725436022096136,-0.006832274337840172,0.006832274337840172,9,143,505.2073478639452,0
primary_total_co2,M0star,primary_loco,COD,Congo (Democratic Republic Of The),Middle Africa,0.19859794898946587,0.20041938148240868,-0.0018214324929428094,0.0018214324929428094,10,133,610.5128671535235,0
primary_total_co2,M0star,primary_loco,CIV,Côte D'Ivoire,Western Africa,0.20772847580142792,0.18062480561478783,0.02710367018664009,0.02710367018664009,11,141,513.4956418289805,0
primary_total_co2,M0star,primary_loco,DJI,Djibouti,Eastern Africa,0.20035987264449803,0.19503260138461787,0.0053272712598801675,0.0053272712598801675,12,145,597.3982225286695,0
primary_total_co2,M0star,primary_loco,EGY,Egypt,Northern Africa,0.15478518959618381,0.24730058934584787,-0.09251539974966405,0.09251539974966405,13,137,796.7350520612513,0
primary_total_co2,M0star,primary_loco,GNQ,Equatorial Guinea,Middle Africa,0.16354706521210607,0.19940923167241872,-0.03586216646031265,0.03586216646031265,14,145,617.5524176445745,0
primary_total_co2,M0star,primary_loco,ERI,Eritrea,Eastern Africa,0.20315322405399622,0.21023218141899722,-0.0070789573650009985,0.0070789573650009985,15,143,914.0853458171574,0
primary_total_co2,M0star,primary_loco,ETH,Ethiopia,Eastern Africa,0.2076992707889047,0.209201272637016,-0.0015020018481112785,0.0015020018481112785,16,141,633.7952924267872,0
primary_total_co2,M0star,primary_loco,GAB,Gabon,Middle Africa,0.16553931693258667,0.20233647607918748,-0.03679715914660081,0.03679715914660081,17,143,628.5950455799541,0
primary_total_co2,M0star,primary_loco,GHA,Ghana,Western Africa,0.1992545668996173,0.1806634260434492,0.018591140856168087,0.018591140856168087,18,142,518.8803734064857,0
primary_total_co2,M0star,primary_loco,GIN,Guinea,Western Africa,0.22751348300753205,0.18102034907210574,0.04649313393542631,0.04649313393542631,19,142,518.8803734064857,0
primary_total_co2,M0star,primary_loco,GNB,Guinea Bissau,Western Africa,0.23319971534367673,0.18892357167206492,0.04427614367161181,0.04427614367161181,20,145,524.8811678267961,0
primary_total_co2,M0star,primary_loco,KEN,Kenya,Eastern Africa,0.21062387448612835,0.15445159844336917,0.05617227604275918,0.05617227604275918,21,142,610.9220933565367,0
primary_total_co2,M0star,primary_loco,LSO,Lesotho,Southern Africa,0.16129029981211962,0.1844706132959225,-0.023180313483802867,0.023180313483802867,22,146,679.8830982691288,0
primary_total_co2,M0star,primary_loco,LBR,Liberia,Western Africa,0.2160061033815747,0.195599249871849,0.02040685350972568,0.02040685350972568,23,143,524.8811678267961,0
primary_total_co2,M0star,primary_loco,LBY,Libya,Northern Africa,0.19059948923507644,0.2505205820461809,-0.05992109281110444,0.05992109281110444,24,142,509.873869437773,0
primary_total_co2,M0star,primary_loco,MDG,Madagascar,Eastern Africa,0.1813544794012833,0.18428197145889202,-0.002927492057608727,0.002927492057608727,25,149,714.622347526621,0
primary_total_co2,M0star,primary_loco,MWI,Malawi,Eastern Africa,0.18854099012577252,0.18874997169988442,-0.00020898157411189389,0.00020898157411189389,26,145,652.8579050829767,0
primary_total_co2,M0star,primary_loco,MLI,Mali,Western Africa,0.24782669503123966,0.2083060717968345,0.03952062323440517,0.03952062323440517,27,135,784.4064914150321,0
primary_total_co2,M0star,primary_loco,MRT,Mauritania,Western Africa,0.2597916027159455,0.19026637296375742,0.06952522975218806,0.06952522975218806,28,142,513.4643800186929,0
primary_total_co2,M0star,primary_loco,MAR,Morocco,Northern Africa,0.2418455862979349,0.18768737102639993,0.05415821527153497,0.05415821527153497,29,145,809.6690483424891,0
primary_total_co2,M0star,primary_loco,MOZ,Mozambique,Eastern Africa,0.172823801894673,0.19953410778294844,-0.026710305888275443,0.026710305888275443,30,140,587.3811357085859,0
primary_total_co2,M0star,primary_loco,NAM,Namibia,Southern Africa,0.17785319196923344,0.20449328123176846,-0.026640089262535027,0.026640089262535027,31,145,587.3811357085859,0
primary_total_co2,M0star,primary_loco,NER,Niger,Western Africa,0.2385606960588716,0.23761367165535188,0.0009470244035197084,0.0009470244035197084,32,140,562.5858813422933,0
primary_total_co2,M0star,primary_loco,NGA,Nigeria,Western Africa,0.2030109401107239,0.20066537224652975,0.0023455678641941535,0.0023455678641941535,33,139,505.2073478639452,0
primary_total_co2,M0star,primary_loco,RWA,Rwanda,Eastern Africa,0.20845952779692498,0.18465781439006268,0.023801713406862296,0.023801713406862296,34,145,596.1094098552721,0
primary_total_co2,M0star,primary_loco,SEN,Senegal,Western Africa,0.24097868636270878,0.18728015982924984,0.05369852653345894,0.05369852653345894,35,143,661.0012016224565,0
primary_total_co2,M0star,primary_loco,SLE,Sierra Leone,Western Africa,0.22372060994282955,0.1890789936696308,0.034641616273198755,0.034641616273198755,36,144,513.4643800186929,0
primary_total_co2,M0star,primary_loco,SOM,Somalia,Eastern Africa,0.19588332023430152,0.19143515494218308,0.0044481652921184445,0.0044481652921184445,37,143,518.7600014609704,0
primary_total_co2,M0star,primary_loco,ZAF,South Africa,Southern Africa,0.16028496312204338,0.2031572392114474,-0.04287227608940403,0.04287227608940403,38,144,509.0405920948506,0
primary_total_co2,M0star,primary_loco,SDN,Sudan,Northern Africa,0.20487305719629992,0.2583186049306318,-0.05344554773433188,0.05344554773433188,39,140,596.1389060766417,0
primary_total_co2,M0star,primary_loco,SWZ,Swaziland,Southern Africa,0.15934183499515397,0.2081157677474389,-0.04877393275228492,0.04877393275228492,40,145,959.717008007507,0
primary_total_co2,M0star,primary_loco,TZA,Tanzania,Eastern Africa,0.20953051997740807,0.15454788374160808,0.05498263623579999,0.05498263623579999,41,141,589.8828410805131,0
primary_total_co2,M0star,primary_loco,TGO,Togo,Western Africa,0.1941324419699687,0.20490523972115782,-0.010772797751189112,0.010772797751189112,42,143,747.8828031769658,0
primary_total_co2,M0star,primary_loco,TUN,Tunisia,Northern Africa,0.23748975158588337,0.2374339213477368,5.583023814656474e-05,5.583023814656474e-05,43,145,648.7548166347074,0
primary_total_co2,M0star,primary_loco,UGA,Uganda,Eastern Africa,0.21147594840550732,0.21985657153646632,-0.008380623130958997,0.008380623130958997,44,143,596.1389060766417,0
primary_total_co2,M0star,primary_loco,ZMB,Zambia,Eastern Africa,0.17691283567770744,0.18066339430409573,-0.0037505586263882895,0.0037505586263882895,45,141,509.0405920948506,0
primary_total_co2,M0star,primary_loco,ZWE,Zimbabwe,Eastern Africa,0.1535502891079796,0.1878164088912342,-0.034266119783254584,0.034266119783254584,46,141,589.8828410805131,0
primary_total_co2,M0star,primary_loco,AFG,Afghanistan,Southern Asia,0.24733117695547363,0.1897249881037154,0.05760618885175822,0.05760618885175822,47,142,530.0748621948782,0
primary_total_co2,M0star,primary_loco,ARM,Armenia,Western Asia,0.18833773750931812,0.17035955396425417,0.017978183545063947,0.017978183545063947,48,143,502.3155465637135,0
primary_total_co2,M0star,primary_loco,AZE,Azerbaijan,Western Asia,0.19504824967387935,0.1732532811192064,0.021794968554672944,0.021794968554672944,49,140,796.0593166359175,0
primary_total_co2,M0star,primary_loco,BGD,Bangladesh,Southern Asia,0.11108862004719486,0.16143666455239303,-0.05034804450519817,0.05034804450519817,50,146,583.964746833446,0
primary_total_co2,M0star,primary_loco,MMR,Burma,South-eastern Asia,0.10898678984933867,0.1768805529471426,-0.06789376309780394,0.06789376309780394,51,141,592.4577340928826,0
primary_total_co2,M0star,primary_loco,KHM,Cambodia,South-eastern Asia,0.12397652977439673,0.15662636202022873,-0.032649832245832,0.032649832245832,52,144,676.9381053939196,0
primary_total_co2,M0star,primary_loco,CHN,China,Eastern Asia,0.18801127254816274,0.1854172887700373,0.002593983778125447,0.002593983778125447,53,131,621.7810260710111,0
primary_total_co2,M0star,primary_loco,GEO,Georgia,Western Asia,0.17014653222140888,0.16957362707163331,0.0005729051497755655,0.0005729051497755655,54,140,767.6489375125233,0
primary_total_co2,M0star,primary_loco,IND,India,Southern Asia,0.12279874845556998,0.1825728363431402,-0.059774087887570215,0.059774087887570215,55,140,579.308884690665,0
primary_total_co2,M0star,primary_loco,IDN,Indonesia,South-eastern Asia,0.1365994643114788,0.08472933213652636,0.05187013217495243,0.05187013217495243,56,142,676.9381053939196,0
primary_total_co2,M0star,primary_loco,IRN,Iran,Southern Asia,0.25326598928356275,0.15731367545479008,0.09595231382877267,0.09595231382877267,57,134,568.6539133064839,0
primary_total_co2,M0star,primary_loco,IRQ,Iraq,Western Asia,0.1763349119758569,0.1667525866066234,0.009582325369233508,0.009582325369233508,58,136,595.6035032545958,0
primary_total_co2,M0star,primary_loco,ISR,Israel,Western Asia,0.1289730259690734,0.20045413770401876,-0.07148111173494537,0.07148111173494537,59,142,676.993228000802,0
primary_total_co2,M0star,primary_loco,JPN,Japan,Eastern Asia,0.13484212055215955,0.12920758816507655,0.005634532387083002,0.005634532387083002,60,145,1419.3714758707915,0
primary_total_co2,M0star,primary_loco,JOR,Jordan,Western Asia,0.1241622692023015,0.14973969285589,-0.025577423653588505,0.025577423653588505,61,142,597.7999418076139,0
primary_total_co2,M0star,primary_loco,KAZ,Kazakhstan,Central Asia,0.2607179280248597,0.1835518088019747,0.07716611922288502,0.07716611922288502,62,139,505.97001980195694,0
primary_total_co2,M0star,primary_loco,LAO,Laos,South-eastern Asia,0.11990552917453423,0.1669581438616493,-0.04705261468711508,0.04705261468711508,63,145,704.866764093186,0
primary_total_co2,M0star,primary_loco,LBN,Lebanon,Western Asia,0.13240721718298015,0.16203427374276763,-0.02962705655978748,0.02962705655978748,64,142,667.260839566188,0
primary_total_co2,M0star,primary_loco,MYS,Malaysia,South-eastern Asia,0.14354714353630665,0.13984964940859626,0.0036974941277103934,0.0036974941277103934,65,144,598.4793279343521,0
primary_total_co2,M0star,primary_loco,MNG,Mongolia,Eastern Asia,0.273292065382825,0.23284593035884546,0.04044613502397956,0.04044613502397956,66,147,1014.6317233049575,0
primary_total_co2,M0star,primary_loco,NPL,Nepal,Southern Asia,0.12394103933918027,0.15222704563909764,-0.02828600629991737,0.02828600629991737,67,147,541.6957236344748,0
primary_total_co2,M0star,primary_loco,OMN,Oman,Western Asia,0.2034660332775613,0.14771171772120062,0.05575431555636068,0.05575431555636068,68,144,518.7600014609704,0
primary_total_co2,M0star,primary_loco,PAK,Pakistan,Southern Asia,0.1799496198587603,0.17771177404611999,0.0022378458126403045,0.0022378458126403045,69,141,510.6416259410729,0
primary_total_co2,M0star,primary_loco,PHL,Philippines,South-eastern Asia,0.16029540562197608,0.1204642783746577,0.03983112724731838,0.03983112724731838,70,145,833.6550541710932,0
primary_total_co2,M0star,primary_loco,QAT,Qatar,Western Asia,0.2314787860422459,0.17311790332993607,0.058360882712309825,0.058360882712309825,71,145,596.9267432386954,0
primary_total_co2,M0star,primary_loco,SAU,Saudi Arabia,Western Asia,0.1912885606557455,0.18214799729167125,0.009140563364074261,0.009140563364074261,72,132,666.2405990245873,0
primary_total_co2,M0star,primary_loco,KOR,South Korea,Eastern Asia,0.14512934007189218,0.19991184837319725,-0.05478250830130507,0.05478250830130507,73,147,877.0301146579199,0
primary_total_co2,M0star,primary_loco,LKA,Sri Lanka,Southern Asia,0.13450142935863102,0.13860361502211183,-0.004102185663480806,0.004102185663480806,74,149,1398.3985671009978,0
primary_total_co2,M0star,primary_loco,SYR,Syria,Western Asia,0.14323534954112288,0.21430482271172563,-0.07106947317060275,0.07106947317060275,75,138,584.2435976894245,0
primary_total_co2,M0star,primary_loco,TWN,Taiwan,Eastern Asia,0.13706412122195852,0.1451448011604917,-0.008080679938533175,0.008080679938533175,76,147,845.9041034836367,0
primary_total_co2,M0star,primary_loco,TJK,Tajikistan,Central Asia,0.233975502099763,0.20376282373349153,0.030212678366271478,0.030212678366271478,77,143,568.6539133064839,0
primary_total_co2,M0star,primary_loco,THA,Thailand,South-eastern Asia,0.11983102194091183,0.16213029411083202,-0.04229927216992019,0.04229927216992019,78,142,583.964746833446,0
primary_total_co2,M0star,primary_loco,TUR,Turkey,Western Asia,0.1419623303023036,0.15622326028829803,-0.01426092998599443,0.01426092998599443,79,129,506.9514190084059,0
primary_total_co2,M0star,primary_loco,TKM,Turkmenistan,Central Asia,0.2752870410187589,0.1872663685180168,0.08802067250074208,0.08802067250074208,80,141,502.3155465637135,0
primary_total_co2,M0star,primary_loco,ARE,United Arab Emirates,Western Asia,0.2248308233871666,0.1636245143346362,0.06120630905253038,0.06120630905253038,81,144,595.6035032545958,0
primary_total_co2,M0star,primary_loco,UZB,Uzbekistan,Central Asia,0.27739224194989204,0.20934363279782758,0.06804860915206445,0.06804860915206445,82,142,519.6002071985519,0
primary_total_co2,M0star,primary_loco,VNM,Vietnam,South-eastern Asia,0.122632583177362,0.15883917590787675,-0.03620659273051474,0.03620659273051474,83,143,743.2317243953779,0
primary_total_co2,M0star,primary_loco,YEM,Yemen,Western Asia,0.20150002766065422,0.1528229913698501,0.04867703629080414,0.04867703629080414,84,142,596.9267432386954,0
primary_total_co2,M0star,primary_loco,ALB,Albania,Southern Europe,0.15748303087977816,0.14280728559731246,0.014675745282465708,0.014675745282465708,85,138,532.1940953141744,0
primary_total_co2,M0star,primary_loco,AUT,Austria,Western Europe,0.21029967713303166,0.21833416369281403,-0.008034486559782367,0.008034486559782367,86,133,532.1940953141744,0
primary_total_co2,M0star,primary_loco,BLR,Belarus,Eastern Europe,0.21395039394228654,0.21267798118871614,0.001272412753570401,0.001272412753570401,87,137,523.4292153680008,0
primary_total_co2,M0star,primary_loco,BEL,Belgium,Western Europe,0.1951636806716645,0.17209711009210016,0.02306657057956435,0.02306657057956435,88,141,575.2113851156029,0
primary_total_co2,M0star,primary_loco,BIH,Bosnia And Herzegovina,Southern Europe,0.18440933101350881,0.18743815381749276,-0.0030288228039839493,0.0030288228039839493,89,132,516.557346163752,0
primary_total_co2,M0star,primary_loco,BGR,Bulgaria,Eastern Europe,0.16411393376308978,0.21041847531213914,-0.046304541549049366,0.046304541549049366,90,136,516.1513126517902,0
primary_total_co2,M0star,primary_loco,HRV,Croatia,Southern Europe,0.18952185187085302,0.20488854185423494,-0.01536668998338192,0.01536668998338192,91,131,616.9791693143779,0
primary_total_co2,M0star,primary_loco,CYP,Cyprus,Western Asia,0.14075176149640625,0.1601663569693725,-0.019414595472966256,0.019414595472966256,92,141,701.1073430807862,0
primary_total_co2,M0star,primary_loco,CZE,Czech Republic,Eastern Europe,0.19293606527047014,0.22136393373804847,-0.028427868467578332,0.028427868467578332,93,130,554.6138800350556,0
primary_total_co2,M0star,primary_loco,DNK,Denmark,Northern Europe,0.1919403849228464,0.18091772743483914,0.011022657488007265,0.011022657488007265,94,138,523.4292153680008,0
primary_total_co2,M0star,primary_loco,EST,Estonia,Northern Europe,0.25938076329685683,0.20236097974960449,0.057019783547252345,0.057019783547252345,95,142,525.0751955757905,0
primary_total_co2,M0star,primary_loco,FIN,Finland,Northern Europe,0.2349856997144576,0.19799021373700276,0.036995485977454834,0.036995485977454834,96,143,541.07029162924,0
primary_total_co2,M0star,primary_loco,FRA,France,Western Europe,0.1916777527720347,0.17514642664108532,0.016531326130949375,0.016531326130949375,97,135,516.557346163752,0
primary_total_co2,M0star,primary_loco,DEU,Germany,Western Europe,0.19552600658812053,0.1767090270003484,0.01881697958777212,0.01881697958777212,98,129,540.6326509284623,0
primary_total_co2,M0star,primary_loco,GRC,Greece,Southern Europe,0.14163851313814882,0.17131841978785134,-0.02967990664970252,0.02967990664970252,99,135,544.4786407610321,0
primary_total_co2,M0star,primary_loco,HUN,Hungary,Eastern Europe,0.18683465599109378,0.23637762470464135,-0.049542968713547575,0.049542968713547575,100,131,544.4786407610321,0
primary_total_co2,M0star,primary_loco,ISL,Iceland,Northern Europe,0.12736783367802937,0.2136271598820085,-0.08625932620397914,0.08625932620397914,101,150,683.9995161569707,1
primary_total_co2,M0star,primary_loco,IRL,Ireland,Northern Europe,0.1678618971108085,0.18834391911475276,-0.02048202200394425,0.02048202200394425,102,148,575.2113851156029,0
primary_total_co2,M0star,primary_loco,ITA,Italy,Southern Europe,0.1823289325414157,0.1671566154445983,0.015172317096817378,0.015172317096817378,103,127,500.6829492326859,0
primary_total_co2,M0star,primary_loco,LVA,Latvia,Northern Europe,0.2466163184774826,0.19581490543103588,0.050801413046446725,0.050801413046446725,104,140,561.438700953788,0
primary_total_co2,M0star,primary_loco,LTU,Lithuania,Northern Europe,0.22162226701877433,0.19585592058018836,0.02576634643858597,0.02576634643858597,105,140,506.53074534544373,0
primary_total_co2,M0star,primary_loco,MKD,Macedonia,Southern Europe,0.16410994630244113,0.17575141532747215,-0.01164146902503102,0.01164146902503102,106,139,550.1872309204372,0
primary_total_co2,M0star,primary_loco,MDA,Moldova,Eastern Europe,0.15544942684686172,0.19639061955913295,-0.04094119271227123,0.04094119271227123,107,139,568.1431789453329,0
primary_total_co2,M0star,primary_loco,MNE,Montenegro,Southern Europe,0.1643666862725019,0.17265293552167568,-0.008286249249173788,0.008286249249173788,108,137,506.9514190084059,0
primary_total_co2,M0star,primary_loco,NLD,Netherlands,Western Europe,0.18877545734026732,0.151347586682423,0.03742787065784431,0.03742787065784431,109,138,606.5995382433201,0
primary_total_co2,M0star,primary_loco,NOR,Norway,Northern Europe,0.20191951273050374,0.20726471017258746,-0.005345197442083727,0.005345197442083727,110,143,525.0751955757905,0
primary_total_co2,M0star,primary_loco,POL,Poland,Eastern Europe,0.18403612522932167,0.20864790917108444,-0.024611783941762777,0.024611783941762777,111,129,516.1513126517902,0
primary_total_co2,M0star,primary_loco,PRT,Portugal,Southern Europe,0.1846817946752158,0.16015597780110227,0.024525816874113537,0.024525816874113537,112,147,502.80410892048315,0
primary_total_co2,M0star,primary_loco,ROU,Romania,Eastern Europe,0.1626491375716469,0.22645584055005313,-0.06380670297840624,0.06380670297840624,113,132,500.6829492326859,0
primary_total_co2,M0star,primary_loco,RUS,Russia,Eastern Europe,0.262173281711931,0.23041417864896926,0.03175910306296173,0.03175910306296173,114,124,510.89421444985624,0
primary_total_co2,M0star,primary_loco,SRB,Serbia,Southern Europe,0.1777828851474587,0.20442347620757434,-0.026640591060115626,0.026640591060115626,115,131,620.6316199825837,0
primary_total_co2,M0star,primary_loco,SVK,Slovakia,Eastern Europe,0.17135924127324334,0.2375703156693219,-0.06621107439607857,0.06621107439607857,116,133,506.53074534544373,0
primary_total_co2,M0star,primary_loco,SVN,Slovenia,Southern Europe,0.2104092831778439,0.19999387592512324,0.010415407252720665,0.010415407252720665,117,134,523.0003061461504,0
primary_total_co2,M0star,primary_loco,ESP,Spain,Southern Europe,0.19118695961871326,0.1624962436915376,0.028690715927175675,0.028690715927175675,118,142,632.7715866249459,0
primary_total_co2,M0star,primary_loco,SWE,Sweden,Northern Europe,0.21924683880167534,0.19851480935481314,0.0207320294468622,0.0207320294468622,119,138,629.3631220012767,0
primary_total_co2,M0star,primary_loco,CHE,Switzerland,Western Europe,0.20255138935875544,0.19973187051640945,0.0028195188423459916,0.0028195188423459916,120,137,526.9858117933452,0
primary_total_co2,M0star,primary_loco,UKR,Ukraine,Eastern Europe,0.17767865721146503,0.21628757784750396,-0.038608920636038935,0.038608920636038935,121,130,550.1872309204372,0
primary_total_co2,M0star,primary_loco,GBR,United Kingdom,Northern Europe,0.16309409461298247,0.17324478239507207,-0.010150687782089607,0.010150687782089607,122,143,550.8784160473896,0
primary_total_co2,M0star,primary_loco,BHS,Bahamas,Caribbean,0.13991083211606994,0.13276138919579752,0.00714944292027242,0.00714944292027242,123,145,649.753202684238,0
primary_total_co2,M0star,primary_loco,CAN,Canada,Northern America,0.2521930060529909,0.1658474375433967,0.08634556850959418,0.08634556850959418,124,149,1211.70507087315,0
primary_total_co2,M0star,primary_loco,CRI,Costa Rica,Central America,0.10130466192673268,0.13183365111640802,-0.030528989189675337,0.030528989189675337,125,145,522.0485865536078,0
primary_total_co2,M0star,primary_loco,CUB,Cuba,Caribbean,0.12305617676307766,0.11461085916408306,0.008445317598994598,0.008445317598994598,126,142,626.2791298879949,0
primary_total_co2,M0star,primary_loco,DOM,Dominican Republic,Caribbean,0.15478420047944152,0.09319231787767449,0.06159188260176704,0.06159188260176704,127,146,513.5751905242428,0
primary_total_co2,M0star,primary_loco,SLV,El Salvador,Central America,0.06948090854064985,0.127627061056638,-0.05814615251598816,0.05814615251598816,128,145,621.3832720483516,0
primary_total_co2,M0star,primary_loco,GTM,Guatemala,Central America,0.0508136158223582,0.10952093820024997,-0.058707322377891766,0.058707322377891766,129,146,522.0485865536078,0
primary_total_co2,M0star,primary_loco,HTI,Haiti,Caribbean,0.14216341234840274,0.08283511795503251,0.05932829439337023,0.05932829439337023,130,145,605.476460412235,0
primary_total_co2,M0star,primary_loco,HND,Honduras,Central America,0.08078933014247122,0.1395398889211115,-0.05875055877864027,0.05875055877864027,131,142,543.6258175805675,0
primary_total_co2,M0star,primary_loco,JAM,Jamaica,Caribbean,0.12861876139008294,0.10361118635722988,0.025007575032853058,0.025007575032853058,132,144,502.6764474773437,0
primary_total_co2,M0star,primary_loco,MEX,Mexico,Central America,0.04065719593311795,0.14001283609742,-0.09935564016430204,0.09935564016430204,133,144,649.753202684238,0
primary_total_co2,M0star,primary_loco,NIC,Nicaragua,Central America,0.09228609649696132,0.13514554312537988,-0.04285944662841856,0.04285944662841856,134,143,502.6764474773437,0
primary_total_co2,M0star,primary_loco,PAN,Panama,Central America,0.12161241121300685,0.12156035602848211,5.205518452473801e-05,5.205518452473801e-05,135,146,543.6258175805675,0
primary_total_co2,M0star,primary_loco,USA,United States,Northern America,0.1695001197237513,0.1432592585165796,0.0262408612071717,0.0262408612071717,136,145,693.3867407223388,0
primary_total_co2,M0star,primary_loco,AUS,Australia,Australia and New Zealand,0.16302097420962694,0.09852332523473212,0.06449764897489482,0.06449764897489482,137,148,573.2862742563728,0
primary_total_co2,M0star,primary_loco,NZL,New Zealand,Australia and New Zealand,0.10027093962176431,0.1726252173985579,-0.0723542777767936,0.0723542777767936,138,150,573.2862742563728,0
primary_total_co2,M0star,primary_loco,PNG,Papua New Guinea,Melanesia,0.13861753573076713,0.05346630747966491,0.08515122825110222,0.08515122825110222,139,148,1885.2356988228598,0
primary_total_co2,M0star,primary_loco,ARG,Argentina,South America,0.10866574248962382,0.17395208184274652,-0.0652863393531227,0.0652863393531227,140,145,531.5088271370684,0
primary_total_co2,M0star,primary_loco,BOL,Bolivia,South America,0.10781469285053756,0.11771807123849515,-0.009903378387957587,0.009903378387957587,141,145,726.5460124230909,0
primary_total_co2,M0star,primary_loco,BRA,Brazil,South America,0.16469595530453246,0.049961404264936435,0.11473455103959602,0.11473455103959602,142,141,706.9167400925614,0
primary_total_co2,M0star,primary_loco,CHL,Chile,South America,0.0993071522959073,0.15904743551291964,-0.059740283217012344,0.059740283217012344,143,146,706.9167400925614,0
primary_total_co2,M0star,primary_loco,COL,Colombia,South America,0.13225011394627992,0.1158159422274366,0.016434171718843316,0.016434171718843316,144,139,513.5751905242428,0
primary_total_co2,M0star,primary_loco,ECU,Ecuador,South America,0.12529387656573873,0.08646846417557358,0.038825412390165154,0.038825412390165154,145,147,591.9986379136827,0
primary_total_co2,M0star,primary_loco,PRY,Paraguay,South America,0.12268222549728672,0.1619821938841921,-0.03929996838690539,0.03929996838690539,146,145,807.4705432316664,0
primary_total_co2,M0star,primary_loco,PER,Peru,South America,0.10234701745272959,0.10302024992885347,-0.0006732324761238861,0.0006732324761238861,147,145,531.5088271370684,0
primary_total_co2,M0star,primary_loco,SUR,Suriname,South America,0.14991778270906336,0.1204663309607661,0.02945145174829726,0.02945145174829726,148,148,1011.1920654792765,0
primary_total_co2,M0star,primary_loco,URY,Uruguay,South America,0.1340604374132053,0.1311814031719023,0.002879034241303008,0.002879034241303008,149,147,1000.6055544230104,0
primary_total_co2,M0star,primary_loco,VEN,Venezuela,South America,0.14209795456206648,0.11841956725638353,0.023678387305682946,0.023678387305682946,150,146,519.4213053467744,0
primary_total_co2,M0star,m49_subregion_lo,DZA,Algeria,Northern Africa,0.24027005915767902,0.20951915796013168,0.030750901197547337,0.030750901197547337,9,145,0.0,0
primary_total_co2,M0star,m49_subregion_lo,AGO,Angola,Middle Africa,0.2003000150757142,0.14638479590190648,0.05391521917380773,0.05391521917380773,8,143,0.0,0
primary_total_co2,M0star,m49_subregion_lo,BEN,Benin,Western Africa,0.20270211677173233,0.1728538967018412,0.02984822006989113,0.02984822006989113,17,137,645.265464870903,0
primary_total_co2,M0star,m49_subregion_lo,BWA,Botswana,Southern Africa,0.15541865895509172,0.2340594225184443,-0.07864076356335259,0.07864076356335259,14,146,0.0,0
primary_total_co2,M0star,m49_subregion_lo,BFA,Burkina Faso,Western Africa,0.2158731392585228,0.20657249948671919,0.00930063977180362,0.00930063977180362,17,137,544.1912089132867,0
primary_total_co2,M0star,m49_subregion_lo,BDI,Burundi,Eastern Africa,0.20888549627683978,0.1766818157752409,0.032203680501598886,0.032203680501598886,4,137,0.0,0
primary_total_co2,M0star,m49_subregion_lo,CMR,Cameroon,Middle Africa,0.16636200134979467,0.2059674277709666,-0.03960542642117193,0.03960542642117193,8,143,0.0,0
primary_total_co2,M0star,m49_subregion_lo,CAF,Central African Republic,Middle Africa,0.18403786064638777,0.23590269538946818,-0.0518648347430804,0.0518648347430804,8,143,0.0,0
primary_total_co2,M0star,m49_subregion_lo,TCD,Chad,Middle Africa,0.2035091414222523,0.24246700958376435,-0.03895786816151206,0.03895786816151206,8,143,0.0,0
primary_total_co2,M0star,m49_subregion_lo,COG,Congo,Middle Africa,0.1704220858831212,0.17725436022096136,-0.006832274337840172,0.006832274337840172,8,143,505.2073478639452,0
primary_total_co2,M0star,m49_subregion_lo,COD,Congo (Democratic Republic Of The),Middle Africa,0.19859794898946587,0.20551130899859946,-0.00691336000913359,0.00691336000913359,8,143,0.0,0
primary_total_co2,M0star,m49_subregion_lo,CIV,Côte D'Ivoire,Western Africa,0.20772847580142792,0.17307334888077547,0.03465512692065245,0.03465512692065245,17,137,1146.2272281719115,0
primary_total_co2,M0star,m49_subregion_lo,DJI,Djibouti,Eastern Africa,0.20035987264449803,0.19701075789118766,0.0033491147533103727,0.0033491147533103727,4,137,0.0,0
primary_total_co2,M0star,m49_subregion_lo,EGY,Egypt,Northern Africa,0.15478518959618381,0.24044423411877802,-0.08565904452259421,0.08565904452259421,9,145,0.0,0
primary_total_co2,M0star,m49_subregion_lo,GNQ,Equatorial Guinea,Middle Africa,0.16354706521210607,0.2003711107019962,-0.03682404548989013,0.03682404548989013,8,143,47.96538430627216,0
primary_total_co2,M0star,m49_subregion_lo,ERI,Eritrea,Eastern Africa,0.20315322405399622,0.20662844292883573,-0.0034752188748395085,0.0034752188748395085,4,137,0.0,0
primary_total_co2,M0star,m49_subregion_lo,ETH,Ethiopia,Eastern Africa,0.2076992707889047,0.20277052837865195,0.004928742410252762,0.004928742410252762,4,137,0.0,0
primary_total_co2,M0star,m49_subregion_lo,GAB,Gabon,Middle Africa,0.16553931693258667,0.20394149771329617,-0.038402180780709505,0.038402180780709505,8,143,393.4955865870661,0
primary_total_co2,M0star,m49_subregion_lo,GHA,Ghana,Western Africa,0.1992545668996173,0.16671560328054283,0.03253896361907446,0.03253896361907446,17,137,798.46338256126,0
primary_total_co2,M0star,m49_subregion_lo,GIN,Guinea,Western Africa,0.22751348300753205,0.1740736571478479,0.053439825859684154,0.053439825859684154,17,137,1379.6206050964508,0
primary_total_co2,M0star,m49_subregion_lo,GNB,Guinea Bissau,Western Africa,0.23319971534367673,0.183456791146409,0.049742924197267724,0.049742924197267724,17,137,1617.241497205949,0
primary_total_co2,M0star,m49_subregion_lo,KEN,Kenya,Eastern Africa,0.21062387448612835,0.15658184501373273,0.054042029472395614,0.054042029472395614,4,137,330.87777471301035,0
primary_total_co2,M0star,m49_subregion_lo,LSO,Lesotho,Southern Africa,0.16129029981211962,0.1877990344976881,-0.02650873468556847,0.02650873468556847,14,146,383.6883862686943,0
primary_total_co2,M0star,m49_subregion_lo,LBR,Liberia,Western Africa,0.2160061033815747,0.19026139459871214,0.025744708782862558,0.025744708782862558,17,137,1561.4249136946626,0
primary_total_co2,M0star,m49_subregion_lo,LBY,Libya,Northern Africa,0.19059948923507644,0.24777047263724372,-0.05717098340216728,0.05717098340216728,9,145,0.0,0
primary_total_co2,M0star,m49_subregion_lo,MDG,Madagascar,Eastern Africa,0.1813544794012833,0.17586147748524467,0.005493001916038631,0.005493001916038631,4,137,1073.2830729201928,0
primary_total_co2,M0star,m49_subregion_lo,MWI,Malawi,Eastern Africa,0.18854099012577252,0.17918118751961803,0.009359802606154488,0.009359802606154488,4,137,281.6257549875083,0
primary_total_co2,M0star,m49_subregion_lo,MLI,Mali,Western Africa,0.24782669503123966,0.21372821395584302,0.03409848107539665,0.03409848107539665,17,137,0.0,0
primary_total_co2,M0star,m49_subregion_lo,MRT,Mauritania,Western Africa,0.2597916027159455,0.1876268245130313,0.07216477820291417,0.07216477820291417,17,137,0.0,0
primary_total_co2,M0star,m49_subregion_lo,MAR,Morocco,Northern Africa,0.2418455862979349,0.20222415421393833,0.03962143208399657,0.03962143208399657,9,145,0.0,0
primary_total_co2,M0star,m49_subregion_lo,MOZ,Mozambique,Eastern Africa,0.172823801894673,0.17966747827587107,-0.006843676381198066,0.006843676381198066,4,137,0.0,0
primary_total_co2,M0star,m49_subregion_lo,NAM,Namibia,Southern Africa,0.17785319196923344,0.21341263970821603,-0.03555944773898259,0.03555944773898259,14,146,0.0,0
primary_total_co2,M0star,m49_subregion_lo,NER,Niger,Western Africa,0.2385606960588716,0.21978957492382686,0.018771121135044727,0.018771121135044727,17,137,0.0,0
primary_total_co2,M0star,m49_subregion_lo,NGA,Nigeria,Western Africa,0.2030109401107239,0.17850599165599962,0.024504948454724285,0.024504948454724285,17,137,0.0,0
primary_total_co2,M0star,m49_subregion_lo,RWA,Rwanda,Eastern Africa,0.20845952779692498,0.1857634918625739,0.022696035934351072,0.022696035934351072,4,137,0.0,0
primary_total_co2,M0star,m49_subregion_lo,SEN,Senegal,Western Africa,0.24097868636270878,0.18044875957830164,0.060529926784407134,0.060529926784407134,17,137,1179.1517889448926,0
primary_total_co2,M0star,m49_subregion_lo,SLE,Sierra Leone,Western Africa,0.22372060994282955,0.1858771738075508,0.03784343613527874,0.03784343613527874,17,137,1724.517897758064,0
primary_total_co2,M0star,m49_subregion_lo,SOM,Somalia,Eastern Africa,0.19588332023430152,0.19643783006569984,-0.0005545098313983199,0.0005545098313983199,4,137,46.741482352898096,0
primary_total_co2,M0star,m49_subregion_lo,ZAF,South Africa,Southern Africa,0.16028496312204338,0.19649185876123,-0.03620689563918661,0.03620689563918661,14,146,0.0,0
primary_total_co2,M0star,m49_subregion_lo,SDN,Sudan,Northern Africa,0.20487305719629992,0.25381529934796815,-0.04894224215166823,0.04894224215166823,9,145,0.0,0
primary_total_co2,M0star,m49_subregion_lo,SWZ,Swaziland,Southern Africa,0.15934183499515397,0.20891665334098797,-0.04957481834583399,0.04957481834583399,14,146,0.0,0
primary_total_co2,M0star,m49_subregion_lo,TZA,Tanzania,Eastern Africa,0.20953051997740807,0.15578063036930942,0.05374988960809865,0.05374988960809865,4,137,0.0,0
primary_total_co2,M0star,m49_subregion_lo,TGO,Togo,Western Africa,0.1941324419699687,0.19488740986674316,-0.0007549678967744555,0.0007549678967744555,17,137,747.8828031769658,0
primary_total_co2,M0star,m49_subregion_lo,TUN,Tunisia,Northern Africa,0.23748975158588337,0.24578247568148973,-0.008292724095606357,0.008292724095606357,9,145,27.377612411820852,0
primary_total_co2,M0star,m49_subregion_lo,UGA,Uganda,Eastern Africa,0.21147594840550732,0.2158375063664431,-0.004361557960935791,0.004361557960935791,4,137,0.0,0
primary_total_co2,M0star,m49_subregion_lo,ZMB,Zambia,Eastern Africa,0.17691283567770744,0.17690123548630488,1.1600191402560966e-05,1.1600191402560966e-05,4,137,0.0,0
primary_total_co2,M0star,m49_subregion_lo,ZWE,Zimbabwe,Eastern Africa,0.1535502891079796,0.17139801803276972,-0.017847728924790113,0.017847728924790113,4,137,0.0,0
primary_total_co2,M0star,m49_subregion_lo,AFG,Afghanistan,Southern Asia,0.24733117695547363,0.209744472249462,0.03758670470601164,0.03758670470601164,15,144,0.0,0
primary_total_co2,M0star,m49_subregion_lo,ARM,Armenia,Western Asia,0.18833773750931812,0.17699921265017524,0.011338524859142884,0.011338524859142884,18,136,0.0,0
primary_total_co2,M0star,m49_subregion_lo,AZE,Azerbaijan,Western Asia,0.19504824967387935,0.17863298891579515,0.016415260758084194,0.016415260758084194,18,136,0.0,0
primary_total_co2,M0star,m49_subregion_lo,BGD,Bangladesh,Southern Asia,0.11108862004719486,0.154598424781349,-0.04350980473415414,0.04350980473415414,15,144,0.0,0
primary_total_co2,M0star,m49_subregion_lo,MMR,Burma,South-eastern Asia,0.10898678984933867,0.1622272985309375,-0.05324050868159884,0.05324050868159884,13,143,0.0,0
primary_total_co2,M0star,m49_subregion_lo,KHM,Cambodia,South-eastern Asia,0.12397652977439673,0.1531833899259117,-0.029206860151514982,0.029206860151514982,13,143,396.321146942888,0
primary_total_co2,M0star,m49_subregion_lo,CHN,China,Eastern Asia,0.18801127254816274,0.16982376651430997,0.018187506033852774,0.018187506033852774,5,146,0.0,0
primary_total_co2,M0star,m49_subregion_lo,GEO,Georgia,Western Asia,0.17014653222140888,0.17873782096641183,-0.00859128874500295,0.00859128874500295,18,136,0.0,0
primary_total_co2,M0star,m49_subregion_lo,IND,India,Southern Asia,0.12279874845556998,0.17576258455580346,-0.052963836100233475,0.052963836100233475,15,144,0.0,0
primary_total_co2,M0star,m49_subregion_lo,IDN,Indonesia,South-eastern Asia,0.1365994643114788,0.08556785894214483,0.05103160536933396,0.05103160536933396,13,143,0.0,0
primary_total_co2,M0star,m49_subregion_lo,IRN,Iran,Southern Asia,0.25326598928356275,0.18247919672272825,0.0707867925608345,0.0707867925608345,15,144,0.0,0
primary_total_co2,M0star,m49_subregion_lo,IRQ,Iraq,Western Asia,0.1763349119758569,0.17125114227816268,0.005083769697694224,0.005083769697694224,18,136,0.0,0
primary_total_co2,M0star,m49_subregion_lo,ISR,Israel,Western Asia,0.1289730259690734,0.18456480811872727,-0.05559178214965388,0.05559178214965388,18,136,0.0,0
primary_total_co2,M0star,m49_subregion_lo,JPN,Japan,Eastern Asia,0.13484212055215955,0.13412982764129217,0.0007122929108673848,0.0007122929108673848,5,146,0.0,0
primary_total_co2,M0star,m49_subregion_lo,JOR,Jordan,Western Asia,0.1241622692023015,0.14581576319895895,-0.021653493996657447,0.021653493996657447,18,136,0.0,0
primary_total_co2,M0star,m49_subregion_lo,KAZ,Kazakhstan,Central Asia,0.2607179280248597,0.23484076814199542,0.025877159882864292,0.025877159882864292,3,147,0.0,0
primary_total_co2,M0star,m49_subregion_lo,LAO,Laos,South-eastern Asia,0.11990552917453423,0.16476230873910408,-0.04485677956456985,0.04485677956456985,13,143,0.0,0
primary_total_co2,M0star,m49_subregion_lo,LBN,Lebanon,Western Asia,0.13240721718298015,0.1581989733836103,-0.02579175620063015,0.02579175620063015,18,136,187.50531296091114,0
primary_total_co2,M0star,m49_subregion_lo,MYS,Malaysia,South-eastern Asia,0.14354714353630665,0.14161496868400453,0.0019321748523021265,0.0019321748523021265,13,143,598.4793279343521,0
primary_total_co2,M0star,m49_subregion_lo,MNG,Mongolia,Eastern Asia,0.273292065382825,0.2308764662390002,0.04241559914382481,0.04241559914382481,5,146,0.0,0
primary_total_co2,M0star,m49_subregion_lo,NPL,Nepal,Southern Asia,0.12394103933918027,0.1547153682043626,-0.030774328865182332,0.030774328865182332,15,144,0.0,0
primary_total_co2,M0star,m49_subregion_lo,OMN,Oman,Western Asia,0.2034660332775613,0.16714447640975863,0.03632155686780267,0.03632155686780267,18,136,0.0,0
primary_total_co2,M0star,m49_subregion_lo,PAK,Pakistan,Southern Asia,0.1799496198587603,0.19864612623864825,-0.018696506379887956,0.018696506379887956,15,144,0.0,0
primary_total_co2,M0star,m49_subregion_lo,PHL,Philippines,South-eastern Asia,0.16029540562197608,0.13541691722620539,0.024878488395770698,0.024878488395770698,13,143,47.49888607368512,0
primary_total_co2,M0star,m49_subregion_lo,QAT,Qatar,Western Asia,0.2314787860422459,0.1861564860021207,0.04532230004012519,0.04532230004012519,18,136,142.64782200789546,0
primary_total_co2,M0star,m49_subregion_lo,SAU,Saudi Arabia,Western Asia,0.1912885606557455,0.18759269019879019,0.0036958704569553247,0.0036958704569553247,18,136,0.0,0
primary_total_co2,M0star,m49_subregion_lo,KOR,South Korea,Eastern Asia,0.14512934007189218,0.2054777909218526,-0.060348450849960406,0.060348450849960406,5,146,443.8688022422155,0
primary_total_co2,M0star,m49_subregion_lo,LKA,Sri Lanka,Southern Asia,0.13450142935863102,0.1439818567399705,-0.009480427381339473,0.009480427381339473,15,144,1398.3985671009978,0
primary_total_co2,M0star,m49_subregion_lo,SYR,Syria,Western Asia,0.14323534954112288,0.19970912207925845,-0.05647377253813557,0.05647377253813557,18,136,155.9578549828427,0
primary_total_co2,M0star,m49_subregion_lo,TWN,Taiwan,Eastern Asia,0.13706412122195852,0.15401657663926951,-0.016952455417310996,0.016952455417310996,5,146,47.49888607368512,0
primary_total_co2,M0star,m49_subregion_lo,TJK,Tajikistan,Central Asia,0.233975502099763,0.2060878234023429,0.027887678697420093,0.027887678697420093,3,147,0.0,0
primary_total_co2,M0star,m49_subregion_lo,THA,Thailand,South-eastern Asia,0.11983102194091183,0.15703968498913218,-0.03720866304822035,0.03720866304822035,13,143,101.32323020433631,0
primary_total_co2,M0star,m49_subregion_lo,TUR,Turkey,Western Asia,0.1419623303023036,0.16239228858065297,-0.02042995827834937,0.02042995827834937,18,136,0.0,0
primary_total_co2,M0star,m49_subregion_lo,TKM,Turkmenistan,Central Asia,0.2752870410187589,0.19830096808767492,0.07698607293108398,0.07698607293108398,3,147,0.0,0
primary_total_co2,M0star,m49_subregion_lo,ARE,United Arab Emirates,Western Asia,0.2248308233871666,0.18161499543118184,0.04321582795598475,0.04321582795598475,18,136,17.720187473834866,0
primary_total_co2,M0star,m49_subregion_lo,UZB,Uzbekistan,Central Asia,0.27739224194989204,0.22066479988338583,0.056727442066506206,0.056727442066506206,3,147,0.0,0
primary_total_co2,M0star,m49_subregion_lo,VNM,Vietnam,South-eastern Asia,0.122632583177362,0.1573168622908374,-0.03468427911347541,0.03468427911347541,13,143,0.0,0
primary_total_co2,M0star,m49_subregion_lo,YEM,Yemen,Western Asia,0.20150002766065422,0.1630826584574996,0.03841736920315461,0.03841736920315461,18,136,0.0,0
primary_total_co2,M0star,m49_subregion_lo,ALB,Albania,Southern Europe,0.15748303087977816,0.13677397999793334,0.020709050881844826,0.020709050881844826,16,140,146.54719742165196,0
primary_total_co2,M0star,m49_subregion_lo,AUT,Austria,Western Europe,0.21029967713303166,0.20757432497309372,0.0027253521599379382,0.0027253521599379382,19,145,0.0,0
primary_total_co2,M0star,m49_subregion_lo,BLR,Belarus,Eastern Europe,0.21395039394228654,0.22151997772755833,-0.007569583785271783,0.007569583785271783,6,141,0.0,0
primary_total_co2,M0star,m49_subregion_lo,BEL,Belgium,Western Europe,0.1951636806716645,0.17240921986715485,0.022754460804509657,0.022754460804509657,19,145,48.01959221686881,0
primary_total_co2,M0star,m49_subregion_lo,BIH,Bosnia And Herzegovina,Southern Europe,0.18440933101350881,0.16902099319141373,0.015388337822095088,0.015388337822095088,16,140,52.570945457569444,0
primary_total_co2,M0star,m49_subregion_lo,BGR,Bulgaria,Eastern Europe,0.16411393376308978,0.21084913389741833,-0.04673520013432855,0.04673520013432855,6,141,0.0,0
primary_total_co2,M0star,m49_subregion_lo,HRV,Croatia,Southern Europe,0.18952185187085302,0.1852650089644028,0.004256842906450231,0.004256842906450231,16,140,0.0,0
primary_total_co2,M0star,m49_subregion_lo,CYP,Cyprus,Western Asia,0.14075176149640625,0.1563245037354223,-0.015572742239016057,0.015572742239016057,18,136,296.4456632551163,0
primary_total_co2,M0star,m49_subregion_lo,CZE,Czech Republic,Eastern Europe,0.19293606527047014,0.22913226405846215,-0.03619619878799202,0.03619619878799202,6,141,0.0,0
primary_total_co2,M0star,m49_subregion_lo,DNK,Denmark,Northern Europe,0.1919403849228464,0.18665858050321812,0.005281804419628278,0.005281804419628278,11,141,0.0,0
primary_total_co2,M0star,m49_subregion_lo,EST,Estonia,Northern Europe,0.25938076329685683,0.2043565367895123,0.05502422650734454,0.05502422650734454,11,141,0.0,0
primary_total_co2,M0star,m49_subregion_lo,FIN,Finland,Northern Europe,0.2349856997144576,0.2009965563380793,0.03398914337637829,0.03398914337637829,11,141,0.0,0
primary_total_co2,M0star,m49_subregion_lo,FRA,France,Western Europe,0.1916777527720347,0.18290481825010993,0.008772934521924763,0.008772934521924763,19,145,0.0,0
primary_total_co2,M0star,m49_subregion_lo,DEU,Germany,Western Europe,0.19552600658812053,0.17720110032712585,0.018324906260994672,0.018324906260994672,19,145,0.0,0
primary_total_co2,M0star,m49_subregion_lo,GRC,Greece,Southern Europe,0.14163851313814882,0.1629213148623922,-0.021282801724243378,0.021282801724243378,16,140,0.0,0
primary_total_co2,M0star,m49_subregion_lo,HUN,Hungary,Eastern Europe,0.18683465599109378,0.2269887133292975,-0.04015405733820371,0.04015405733820371,6,141,0.0,0
primary_total_co2,M0star,m49_subregion_lo,ISL,Iceland,Northern Europe,0.12736783367802937,0.20473079488215867,-0.0773629612041293,0.0773629612041293,11,141,1589.9818779432417,1
primary_total_co2,M0star,m49_subregion_lo,IRL,Ireland,Northern Europe,0.1678618971108085,0.18265649516418264,-0.01479459805337413,0.01479459805337413,11,141,355.59940543108286,0
primary_total_co2,M0star,m49_subregion_lo,ITA,Italy,Southern Europe,0.1823289325414157,0.16874350105912708,0.013585431482288607,0.013585431482288607,16,140,0.0,0
primary_total_co2,M0star,m49_subregion_lo,LVA,Latvia,Northern Europe,0.2466163184774826,0.19726416444953923,0.04935215402794338,0.04935215402794338,11,141,0.0,0
primary_total_co2,M0star,m49_subregion_lo,LTU,Lithuania,Northern Europe,0.22162226701877433,0.1973511634491113,0.024271103569663027,0.024271103569663027,11,141,0.0,0
primary_total_co2,M0star,m49_subregion_lo,MKD,Macedonia,Southern Europe,0.16410994630244113,0.16945811158891816,-0.005348165286477025,0.005348165286477025,16,140,0.0,0
primary_total_co2,M0star,m49_subregion_lo,MDA,Moldova,Eastern Europe,0.15544942684686172,0.19623264566305343,-0.04078321881619171,0.04078321881619171,6,141,377.573885779381,0
primary_total_co2,M0star,m49_subregion_lo,MNE,Montenegro,Southern Europe,0.1643666862725019,0.16444370089950386,-7.701462700196449e-05,7.701462700196449e-05,16,140,164.7591758408845,0
primary_total_co2,M0star,m49_subregion_lo,NLD,Netherlands,Western Europe,0.18877545734026732,0.14878597187293074,0.03998948546733658,0.03998948546733658,19,145,93.07940203152015,0
primary_total_co2,M0star,m49_subregion_lo,NOR,Norway,Northern Europe,0.20191951273050374,0.20129513329085164,0.0006243794396521007,0.0006243794396521007,11,141,0.0,0
primary_total_co2,M0star,m49_subregion_lo,POL,Poland,Eastern Europe,0.18403612522932167,0.221495237549997,-0.037459112320675336,0.037459112320675336,6,141,0.0,0
primary_total_co2,M0star,m49_subregion_lo,PRT,Portugal,Southern Europe,0.1846817946752158,0.1596124951348839,0.025069299540331907,0.025069299540331907,16,140,169.82990545758315,0
primary_total_co2,M0star,m49_subregion_lo,ROU,Romania,Eastern Europe,0.1626491375716469,0.21829972522013055,-0.05565058764848366,0.05565058764848366,6,141,0.0,0
primary_total_co2,M0star,m49_subregion_lo,RUS,Russia,Eastern Europe,0.262173281711931,0.25521475115977676,0.0069585305521542296,0.0069585305521542296,6,141,0.0,0
primary_total_co2,M0star,m49_subregion_lo,SRB,Serbia,Southern Europe,0.1777828851474587,0.1785732495160024,-0.0007903643685436834,0.0007903643685436834,16,140,0.0,0
primary_total_co2,M0star,m49_subregion_lo,SVK,Slovakia,Eastern Europe,0.17135924127324334,0.23144505423848832,-0.060085812965244983,0.060085812965244983,6,141,0.0,0
primary_total_co2,M0star,m49_subregion_lo,SVN,Slovenia,Southern Europe,0.2104092831778439,0.18809898537628916,0.022310297801554746,0.022310297801554746,16,140,0.0,0
primary_total_co2,M0star,m49_subregion_lo,ESP,Spain,Southern Europe,0.19118695961871326,0.16474632148919954,0.02644063812951372,0.02644063812951372,16,140,0.0,0
primary_total_co2,M0star,m49_subregion_lo,SWE,Sweden,Northern Europe,0.21924683880167534,0.20137847732237502,0.01786836147930032,0.01786836147930032,11,141,44.002261334303164,0
primary_total_co2,M0star,m49_subregion_lo,CHE,Switzerland,Western Europe,0.20255138935875544,0.19700510689876574,0.005546282459989699,0.005546282459989699,19,145,0.0,0
primary_total_co2,M0star,m49_subregion_lo,UKR,Ukraine,Eastern Europe,0.17767865721146503,0.2129494822597333,-0.035270825048268284,0.035270825048268284,6,141,210.46379406422923,0
primary_total_co2,M0star,m49_subregion_lo,GBR,United Kingdom,Northern Europe,0.16309409461298247,0.17894921499367508,-0.015855120380692617,0.015855120380692617,11,141,0.0,0
primary_total_co2,M0star,m49_subregion_lo,BHS,Bahamas,Caribbean,0.13991083211606994,0.1354950734792127,0.004415758636857253,0.004415758636857253,1,146,35.612277102212325,0
primary_total_co2,M0star,m49_subregion_lo,CAN,Canada,Northern America,0.2521930060529909,0.16584743754339665,0.08634556850959424,0.08634556850959424,10,149,1211.70507087315,0
primary_total_co2,M0star,m49_subregion_lo,CRI,Costa Rica,Central America,0.10130466192673268,0.14931960852984752,-0.04801494660311484,0.04801494660311484,2,144,193.59417685391827,0
primary_total_co2,M0star,m49_subregion_lo,CUB,Cuba,Caribbean,0.12305617676307766,0.10618877460335012,0.01686740215972754,0.01686740215972754,1,146,98.95527921179004,0
primary_total_co2,M0star,m49_subregion_lo,DOM,Dominican Republic,Caribbean,0.15478420047944152,0.0931923178776745,0.061591882601767026,0.061591882601767026,1,146,513.5751905242428,0
primary_total_co2,M0star,m49_subregion_lo,SLV,El Salvador,Central America,0.06948090854064985,0.13126711931508886,-0.06178621077443901,0.06178621077443901,2,144,621.3832720483516,0
primary_total_co2,M0star,m49_subregion_lo,GTM,Guatemala,Central America,0.0508136158223582,0.1198000742999233,-0.0689864584775651,0.0689864584775651,2,144,626.2791298879949,0
primary_total_co2,M0star,m49_subregion_lo,HTI,Haiti,Caribbean,0.14216341234840274,0.082883539944817,0.059279872403585745,0.059279872403585745,1,146,490.4919672263974,0
primary_total_co2,M0star,m49_subregion_lo,HND,Honduras,Central America,0.08078933014247122,0.1373598655751553,-0.05657053543268409,0.05657053543268409,2,144,192.38768070383242,0
primary_total_co2,M0star,m49_subregion_lo,JAM,Jamaica,Caribbean,0.12861876139008294,0.10163362302876913,0.026985138361313804,0.026985138361313804,1,146,120.33885814662418,0
primary_total_co2,M0star,m49_subregion_lo,MEX,Mexico,Central America,0.04065719593311795,0.1428213818967835,-0.10216418596366555,0.10216418596366555,2,144,0.0,0
primary_total_co2,M0star,m49_subregion_lo,NIC,Nicaragua,Central America,0.09228609649696132,0.13510328140013927,-0.04281718490317796,0.04281718490317796,2,144,37.88696813837574,0
primary_total_co2,M0star,m49_subregion_lo,PAN,Panama,Central America,0.12161241121300685,0.1466289154820964,-0.025016504269089537,0.025016504269089537,2,144,0.0,0
primary_total_co2,M0star,m49_subregion_lo,USA,United States,Northern America,0.1695001197237513,0.13624045103518292,0.03325966868856839,0.03325966868856839,10,149,0.0,0
primary_total_co2,M0star,m49_subregion_lo,AUS,Australia,Australia and New Zealand,0.16302097420962694,0.18157941702185518,-0.018558442812228237,0.018558442812228237,0,149,0.0,0
primary_total_co2,M0star,m49_subregion_lo,NZL,New Zealand,Australia and New Zealand,0.10027093962176431,0.18241469482006636,-0.08214375519830205,0.08214375519830205,0,149,3028.4573411256465,0
primary_total_co2,M0star,m49_subregion_lo,PNG,Papua New Guinea,Melanesia,0.13861753573076713,0.08822798063085821,0.05038955509990892,0.05038955509990892,7,150,0.0,0
primary_total_co2,M0star,m49_subregion_lo,ARG,Argentina,South America,0.10866574248962382,0.17638714703295258,-0.06772140454332876,0.06772140454332876,12,140,3397.4896270910986,1
primary_total_co2,M0star,m49_subregion_lo,BOL,Bolivia,South America,0.10781469285053756,0.11539372343056858,-0.007579030580031024,0.007579030580031024,12,140,2200.8105949533247,1
primary_total_co2,M0star,m49_subregion_lo,BRA,Brazil,South America,0.16469595530453246,0.09605614785780844,0.06863980744672402,0.06863980744672402,12,140,1061.9237511361416,1
primary_total_co2,M0star,m49_subregion_lo,CHL,Chile,South America,0.0993071522959073,0.14540189588877975,-0.04609474359287245,0.04609474359287245,12,140,2845.0947281128892,1
primary_total_co2,M0star,m49_subregion_lo,COL,Colombia,South America,0.13225011394627992,0.13736709532891145,-0.00511698138263153,0.00511698138263153,12,140,0.0,1
primary_total_co2,M0star,m49_subregion_lo,ECU,Ecuador,South America,0.12529387656573873,0.10872237476251634,0.016571501803222394,0.016571501803222394,12,140,591.9986379136827,1
primary_total_co2,M0star,m49_subregion_lo,PRY,Paraguay,South America,0.12268222549728672,0.16202404025197484,-0.03934181475468812,0.03934181475468812,12,140,3394.488550822316,1
primary_total_co2,M0star,m49_subregion_lo,PER,Peru,South America,0.10234701745272959,0.12829678560842384,-0.025949768155694247,0.025949768155694247,12,140,834.377891852899,1
primary_total_co2,M0star,m49_subregion_lo,SUR,Suriname,South America,0.14991778270906336,0.1381373822432574,0.011780400465805974,0.011780400465805974,12,140,1795.5881978455616,1
primary_total_co2,M0star,m49_subregion_lo,URY,Uruguay,South America,0.1340604374132053,0.14573114162088924,-0.01167070420768393,0.01167070420768393,12,140,4557.616240251617,1
primary_total_co2,M0star,m49_subregion_lo,VEN,Venezuela,South America,0.14209795456206648,0.14123051861115576,0.000867435950910711,0.000867435950910711,12,140,440.7739871505644,1
primary_total_co2,M0star,random10,DZA,Algeria,Northern Africa,0.24027005915767902,0.2025428477858357,0.03772721137184332,0.03772721137184332,2,136,0.0,0
primary_total_co2,M0star,random10,AGO,Angola,Middle Africa,0.2003000150757142,0.14376300279411386,0.05653701228160035,0.05653701228160035,7,136,0.0,0
primary_total_co2,M0star,random10,BEN,Benin,Western Africa,0.20270211677173233,0.19331778641349023,0.009384330358242099,0.009384330358242099,3,136,0.0,0
primary_total_co2,M0star,random10,BWA,Botswana,Southern Africa,0.15541865895509172,0.22693479022162877,-0.07151613126653705,0.07151613126653705,8,136,0.0,0
primary_total_co2,M0star,random10,BFA,Burkina Faso,Western Africa,0.2158731392585228,0.21890974824339754,-0.0030366089848747335,0.0030366089848747335,9,136,0.0,0
primary_total_co2,M0star,random10,BDI,Burundi,Eastern Africa,0.20888549627683978,0.18735000459443107,0.021535491682408703,0.021535491682408703,8,136,0.0,0
primary_total_co2,M0star,random10,CMR,Cameroon,Middle Africa,0.16636200134979467,0.1995234754602959,-0.033161474110501216,0.033161474110501216,0,135,0.0,0
primary_total_co2,M0star,random10,CAF,Central African Republic,Middle Africa,0.18403786064638777,0.22435175202429797,-0.040313891377910194,0.040313891377910194,3,136,0.0,0
primary_total_co2,M0star,random10,TCD,Chad,Middle Africa,0.2035091414222523,0.23577306516493968,-0.032263923742687384,0.032263923742687384,7,136,0.0,0
primary_total_co2,M0star,random10,COG,Congo,Middle Africa,0.1704220858831212,0.16541886138100767,0.005003224502113518,0.005003224502113518,4,136,0.0,0
primary_total_co2,M0star,random10,COD,Congo (Democratic Republic Of The),Middle Africa,0.19859794898946587,0.19897107735706385,-0.0003731283675979802,0.0003731283675979802,4,136,0.0,0
primary_total_co2,M0star,random10,CIV,Côte D'Ivoire,Western Africa,0.20772847580142792,0.19190784752258364,0.015820628278844284,0.015820628278844284,3,136,0.0,0
primary_total_co2,M0star,random10,DJI,Djibouti,Eastern Africa,0.20035987264449803,0.20034485622261294,1.5016421885089004e-05,1.5016421885089004e-05,9,136,0.0,0
primary_total_co2,M0star,random10,EGY,Egypt,Northern Africa,0.15478518959618381,0.24221086162232752,-0.08742567202614371,0.08742567202614371,1,136,0.0,0
primary_total_co2,M0star,random10,GNQ,Equatorial Guinea,Middle Africa,0.16354706521210607,0.19024918323170048,-0.026702118019594406,0.026702118019594406,2,136,0.0,0
primary_total_co2,M0star,random10,ERI,Eritrea,Eastern Africa,0.20315322405399622,0.1949285375194511,0.008224686534545111,0.008224686534545111,5,136,0.0,0
primary_total_co2,M0star,random10,ETH,Ethiopia,Eastern Africa,0.2076992707889047,0.20425103953692547,0.003448231251979239,0.003448231251979239,5,136,0.0,0
primary_total_co2,M0star,random10,GAB,Gabon,Middle Africa,0.16553931693258667,0.1943558847447477,-0.02881656781216102,0.02881656781216102,5,136,0.0,0
primary_total_co2,M0star,random10,GHA,Ghana,Western Africa,0.1992545668996173,0.1846433417150242,0.014611225184593096,0.014611225184593096,6,136,0.0,0
primary_total_co2,M0star,random10,GIN,Guinea,Western Africa,0.22751348300753205,0.18354817476216403,0.04396530824536801,0.04396530824536801,7,136,0.0,0
primary_total_co2,M0star,random10,GNB,Guinea Bissau,Western Africa,0.23319971534367673,0.1916638663805057,0.04153584896317103,0.04153584896317103,1,136,0.0,0
primary_total_co2,M0star,random10,KEN,Kenya,Eastern Africa,0.21062387448612835,0.1627716521536876,0.04785222233244074,0.04785222233244074,4,136,0.0,0
primary_total_co2,M0star,random10,LSO,Lesotho,Southern Africa,0.16129029981211962,0.1792486932739698,-0.017958393461850186,0.017958393461850186,9,136,0.0,0
primary_total_co2,M0star,random10,LBR,Liberia,Western Africa,0.2160061033815747,0.20060743461494684,0.015398668766627849,0.015398668766627849,4,136,0.0,0
primary_total_co2,M0star,random10,LBY,Libya,Northern Africa,0.19059948923507644,0.24998970645843865,-0.05939021722336221,0.05939021722336221,8,136,0.0,0
primary_total_co2,M0star,random10,MDG,Madagascar,Eastern Africa,0.1813544794012833,0.1803554602795028,0.0009990191217804922,0.0009990191217804922,3,136,310.44843452070535,0
primary_total_co2,M0star,random10,MWI,Malawi,Eastern Africa,0.18854099012577252,0.19072187964499024,-0.002180889519217716,0.002180889519217716,3,136,0.0,0
primary_total_co2,M0star,random10,MLI,Mali,Western Africa,0.24782669503123966,0.2258691022488843,0.021957592782355373,0.021957592782355373,0,135,0.0,0
primary_total_co2,M0star,random10,MRT,Mauritania,Western Africa,0.2597916027159455,0.20311294592048948,0.056678656795456,0.056678656795456,5,136,0.0,0
primary_total_co2,M0star,random10,MAR,Morocco,Northern Africa,0.2418455862979349,0.20126285057714505,0.04058273572078985,0.04058273572078985,5,136,0.0,0
primary_total_co2,M0star,random10,MOZ,Mozambique,Eastern Africa,0.172823801894673,0.1848477332472666,-0.012023931352593609,0.012023931352593609,2,136,0.0,0
primary_total_co2,M0star,random10,NAM,Namibia,Southern Africa,0.17785319196923344,0.2028051033618773,-0.024951911392643855,0.024951911392643855,8,136,0.0,0
primary_total_co2,M0star,random10,NER,Niger,Western Africa,0.2385606960588716,0.23283419351599927,0.005726502542872325,0.005726502542872325,2,136,0.0,0
primary_total_co2,M0star,random10,NGA,Nigeria,Western Africa,0.2030109401107239,0.19696843945416176,0.006042500656562144,0.006042500656562144,8,136,0.0,0
primary_total_co2,M0star,random10,RWA,Rwanda,Eastern Africa,0.20845952779692498,0.191719984369625,0.01673954342729997,0.01673954342729997,1,136,0.0,0
primary_total_co2,M0star,random10,SEN,Senegal,Western Africa,0.24097868636270878,0.19263326511770068,0.0483454212450081,0.0483454212450081,7,136,0.0,0
primary_total_co2,M0star,random10,SLE,Sierra Leone,Western Africa,0.22372060994282955,0.198967128773888,0.02475348116894155,0.02475348116894155,2,136,0.0,0
primary_total_co2,M0star,random10,SOM,Somalia,Eastern Africa,0.19588332023430152,0.19308736894890022,0.0027959512854013047,0.0027959512854013047,2,136,0.0,0
primary_total_co2,M0star,random10,ZAF,South Africa,Southern Africa,0.16028496312204338,0.19156299373668842,-0.03127803061464504,0.03127803061464504,1,136,0.0,0
primary_total_co2,M0star,random10,SDN,Sudan,Northern Africa,0.20487305719629992,0.24907665451274896,-0.044203597316449045,0.044203597316449045,7,136,0.0,0
primary_total_co2,M0star,random10,SWZ,Swaziland,Southern Africa,0.15934183499515397,0.19804713120870487,-0.0387052962135509,0.0387052962135509,0,135,0.0,0
primary_total_co2,M0star,random10,TZA,Tanzania,Eastern Africa,0.20953051997740807,0.15998700304978478,0.04954351692762329,0.04954351692762329,4,136,0.0,0
primary_total_co2,M0star,random10,TGO,Togo,Western Africa,0.1941324419699687,0.20621008587600848,-0.01207764390603977,0.01207764390603977,2,136,0.0,0
primary_total_co2,M0star,random10,TUN,Tunisia,Northern Africa,0.23748975158588337,0.23565903453402415,0.0018307170518592208,0.0018307170518592208,3,136,0.0,0
primary_total_co2,M0star,random10,UGA,Uganda,Eastern Africa,0.21147594840550732,0.22071785023527324,-0.00924190182976592,0.00924190182976592,9,136,0.0,0
primary_total_co2,M0star,random10,ZMB,Zambia,Eastern Africa,0.17691283567770744,0.1774582543431323,-0.0005454186654248738,0.0005454186654248738,3,136,0.0,0
primary_total_co2,M0star,random10,ZWE,Zimbabwe,Eastern Africa,0.1535502891079796,0.1830148676977252,-0.029464578589745605,0.029464578589745605,1,136,0.0,0
primary_total_co2,M0star,random10,AFG,Afghanistan,Southern Asia,0.24733117695547363,0.2085454906806928,0.03878568627478082,0.03878568627478082,8,136,0.0,0
primary_total_co2,M0star,random10,ARM,Armenia,Western Asia,0.18833773750931812,0.17681352329693148,0.011524214212386641,0.011524214212386641,6,136,0.0,0
primary_total_co2,M0star,random10,AZE,Azerbaijan,Western Asia,0.19504824967387935,0.17905382649844165,0.0159944231754377,0.0159944231754377,1,136,0.0,0
primary_total_co2,M0star,random10,BGD,Bangladesh,Southern Asia,0.11108862004719486,0.15489734395809923,-0.043808723910904374,0.043808723910904374,0,135,0.0,0
primary_total_co2,M0star,random10,MMR,Burma,South-eastern Asia,0.10898678984933867,0.1576482358812702,-0.048661446031931524,0.048661446031931524,9,136,0.0,0
primary_total_co2,M0star,random10,KHM,Cambodia,South-eastern Asia,0.12397652977439673,0.13797836703079963,-0.014001837256402902,0.014001837256402902,4,136,0.0,0
primary_total_co2,M0star,random10,CHN,China,Eastern Asia,0.18801127254816274,0.16905782854935392,0.018953443998808828,0.018953443998808828,0,135,0.0,0
primary_total_co2,M0star,random10,GEO,Georgia,Western Asia,0.17014653222140888,0.1815904936140803,-0.011443961392671426,0.011443961392671426,7,136,0.0,0
primary_total_co2,M0star,random10,IND,India,Southern Asia,0.12279874845556998,0.17403439708701818,-0.051235648631448194,0.051235648631448194,0,135,0.0,0
primary_total_co2,M0star,random10,IDN,Indonesia,South-eastern Asia,0.1365994643114788,0.08382245104494968,0.052777013266529116,0.052777013266529116,5,136,0.0,0
primary_total_co2,M0star,random10,IRN,Iran,Southern Asia,0.25326598928356275,0.17102473190685483,0.08224125737670793,0.08224125737670793,5,136,0.0,0
primary_total_co2,M0star,random10,IRQ,Iraq,Western Asia,0.1763349119758569,0.16571171633866422,0.01062319563719269,0.01062319563719269,3,136,0.0,0
primary_total_co2,M0star,random10,ISR,Israel,Western Asia,0.1289730259690734,0.19362971045197602,-0.06465668448290263,0.06465668448290263,3,136,0.0,0
primary_total_co2,M0star,random10,JPN,Japan,Eastern Asia,0.13484212055215955,0.13755293666129254,-0.002710816109132985,0.002710816109132985,8,136,0.0,0
primary_total_co2,M0star,random10,JOR,Jordan,Western Asia,0.1241622692023015,0.13673319974299303,-0.012570930540691527,0.012570930540691527,8,136,0.0,0
primary_total_co2,M0star,random10,KAZ,Kazakhstan,Central Asia,0.2607179280248597,0.2612749580766443,-0.0005570300517845905,0.0005570300517845905,4,136,0.0,0
primary_total_co2,M0star,random10,LAO,Laos,South-eastern Asia,0.11990552917453423,0.15914515874542623,-0.039239629570892,0.039239629570892,9,136,0.0,0
primary_total_co2,M0star,random10,LBN,Lebanon,Western Asia,0.13240721718298015,0.15130454426059525,-0.0188973270776151,0.0188973270776151,2,136,0.0,0
primary_total_co2,M0star,random10,MYS,Malaysia,South-eastern Asia,0.14354714353630665,0.14542110360957888,-0.0018739600732722295,0.0018739600732722295,2,136,0.0,0
primary_total_co2,M0star,random10,MNG,Mongolia,Eastern Asia,0.273292065382825,0.23873024846205654,0.034561816920768484,0.034561816920768484,9,136,0.0,0
primary_total_co2,M0star,random10,NPL,Nepal,Southern Asia,0.12394103933918027,0.1509430615204746,-0.027002022181294327,0.027002022181294327,6,136,0.0,0
primary_total_co2,M0star,random10,OMN,Oman,Western Asia,0.2034660332775613,0.16929515844588588,0.03417087483167541,0.03417087483167541,1,136,0.0,0
primary_total_co2,M0star,random10,PAK,Pakistan,Southern Asia,0.1799496198587603,0.19310625534411377,-0.01315663548535348,0.01315663548535348,8,136,0.0,0
primary_total_co2,M0star,random10,PHL,Philippines,South-eastern Asia,0.16029540562197608,0.13761567161629998,0.022679734005676105,0.022679734005676105,0,135,0.0,0
primary_total_co2,M0star,random10,QAT,Qatar,Western Asia,0.2314787860422459,0.19855592885508971,0.03292285718715618,0.03292285718715618,3,136,0.0,0
primary_total_co2,M0star,random10,SAU,Saudi Arabia,Western Asia,0.1912885606557455,0.19773156088861776,-0.0064430002328722535,0.0064430002328722535,4,136,0.0,0
primary_total_co2,M0star,random10,KOR,South Korea,Eastern Asia,0.14512934007189218,0.20006371445434562,-0.05493437438245344,0.05493437438245344,5,136,14.037594788085142,0
primary_total_co2,M0star,random10,LKA,Sri Lanka,Southern Asia,0.13450142935863102,0.1354562880995789,-0.0009548587409478893,0.0009548587409478893,5,136,0.0,0
primary_total_co2,M0star,random10,SYR,Syria,Western Asia,0.14323534954112288,0.21193799352876078,-0.0687026439876379,0.0687026439876379,7,136,0.0,0
primary_total_co2,M0star,random10,TWN,Taiwan,Eastern Asia,0.13706412122195852,0.14924999443043305,-0.01218587320847453,0.01218587320847453,8,136,0.0,0
primary_total_co2,M0star,random10,TJK,Tajikistan,Central Asia,0.233975502099763,0.22198952432227276,0.011985977777490248,0.011985977777490248,3,136,0.0,0
primary_total_co2,M0star,random10,THA,Thailand,South-eastern Asia,0.11983102194091183,0.15498887461700608,-0.03515785267609425,0.03515785267609425,4,136,0.0,0
primary_total_co2,M0star,random10,TUR,Turkey,Western Asia,0.1419623303023036,0.1597580439569363,-0.0177957136546327,0.0177957136546327,0,135,0.0,0
primary_total_co2,M0star,random10,TKM,Turkmenistan,Central Asia,0.2752870410187589,0.2016311295207779,0.07365591149798098,0.07365591149798098,5,136,0.0,0
primary_total_co2,M0star,random10,ARE,United Arab Emirates,Western Asia,0.2248308233871666,0.18697151437853954,0.03785930900862705,0.03785930900862705,4,136,0.0,0
primary_total_co2,M0star,random10,UZB,Uzbekistan,Central Asia,0.27739224194989204,0.2453794409541301,0.032012800995761925,0.032012800995761925,0,135,0.0,0
primary_total_co2,M0star,random10,VNM,Vietnam,South-eastern Asia,0.122632583177362,0.14904884752507788,-0.02641626434771588,0.02641626434771588,6,136,0.0,0
primary_total_co2,M0star,random10,YEM,Yemen,Western Asia,0.20150002766065422,0.15208757856184335,0.04941244909881087,0.04941244909881087,5,136,0.0,0
primary_total_co2,M0star,random10,ALB,Albania,Southern Europe,0.15748303087977816,0.13940606094487137,0.01807696993490679,0.01807696993490679,7,136,0.0,0
primary_total_co2,M0star,random10,AUT,Austria,Western Europe,0.21029967713303166,0.20798215679886423,0.0023175203341674333,0.0023175203341674333,1,136,0.0,0
primary_total_co2,M0star,random10,BLR,Belarus,Eastern Europe,0.21395039394228654,0.20801111333059624,0.005939280611690301,0.005939280611690301,8,136,0.0,0
primary_total_co2,M0star,random10,BEL,Belgium,Western Europe,0.1951636806716645,0.17974051870987237,0.015423161961792137,0.015423161961792137,8,136,0.0,0
primary_total_co2,M0star,random10,BIH,Bosnia And Herzegovina,Southern Europe,0.18440933101350881,0.17465312746038059,0.009756203553128229,0.009756203553128229,2,136,0.0,0
primary_total_co2,M0star,random10,BGR,Bulgaria,Eastern Europe,0.16411393376308978,0.1956030729374113,-0.03148913917432153,0.03148913917432153,8,136,0.0,0
primary_total_co2,M0star,random10,HRV,Croatia,Southern Europe,0.18952185187085302,0.18714443958884305,0.0023774122820099663,0.0023774122820099663,6,136,0.0,0
primary_total_co2,M0star,random10,CYP,Cyprus,Western Asia,0.14075176149640625,0.15859471049075885,-0.017842948994352598,0.017842948994352598,7,136,20.406016449724408,0
primary_total_co2,M0star,random10,CZE,Czech Republic,Eastern Europe,0.19293606527047014,0.2195169568677799,-0.026580891597309753,0.026580891597309753,5,136,0.0,0
primary_total_co2,M0star,random10,DNK,Denmark,Northern Europe,0.1919403849228464,0.18659915207599373,0.005341232846852673,0.005341232846852673,0,135,0.0,0
primary_total_co2,M0star,random10,EST,Estonia,Northern Europe,0.25938076329685683,0.2085655705852042,0.050815192711652635,0.050815192711652635,4,136,0.0,0
primary_total_co2,M0star,random10,FIN,Finland,Northern Europe,0.2349856997144576,0.20933293048798424,0.02565276922647336,0.02565276922647336,6,136,0.0,0
primary_total_co2,M0star,random10,FRA,France,Western Europe,0.1916777527720347,0.189282093813686,0.002395658958348701,0.002395658958348701,7,136,0.0,0
primary_total_co2,M0star,random10,DEU,Germany,Western Europe,0.19552600658812053,0.18962450271544964,0.005901503872670882,0.005901503872670882,1,136,0.0,0
primary_total_co2,M0star,random10,GRC,Greece,Southern Europe,0.14163851313814882,0.17092121286261863,-0.029282699724469813,0.029282699724469813,6,136,0.0,0
primary_total_co2,M0star,random10,HUN,Hungary,Eastern Europe,0.18683465599109378,0.20885387868108055,-0.022019222689986767,0.022019222689986767,4,136,0.0,0
primary_total_co2,M0star,random10,ISL,Iceland,Northern Europe,0.12736783367802937,0.21527709259168026,-0.0879092589136509,0.0879092589136509,6,136,683.9995161569707,1
primary_total_co2,M0star,random10,IRL,Ireland,Northern Europe,0.1678618971108085,0.1896225582569074,-0.021760661146098897,0.021760661146098897,7,136,0.0,0
primary_total_co2,M0star,random10,ITA,Italy,Southern Europe,0.1823289325414157,0.16836615070068872,0.013962781840726968,0.013962781840726968,0,135,0.0,0
primary_total_co2,M0star,random10,LVA,Latvia,Northern Europe,0.2466163184774826,0.20530359712323656,0.041312721354246046,0.041312721354246046,0,135,0.0,0
primary_total_co2,M0star,random10,LTU,Lithuania,Northern Europe,0.22162226701877433,0.2049431653507146,0.01667910166805972,0.01667910166805972,0,135,0.0,0
primary_total_co2,M0star,random10,MKD,Macedonia,Southern Europe,0.16410994630244113,0.17608471178218735,-0.011974765479746213,0.011974765479746213,2,136,0.0,0
primary_total_co2,M0star,random10,MDA,Moldova,Eastern Europe,0.15544942684686172,0.18316865075040667,-0.02771922390354495,0.02771922390354495,5,136,0.0,0
primary_total_co2,M0star,random10,MNE,Montenegro,Southern Europe,0.1643666862725019,0.167704941063271,-0.003338254790769102,0.003338254790769102,6,136,0.0,0
primary_total_co2,M0star,random10,NLD,Netherlands,Western Europe,0.18877545734026732,0.1547749332882197,0.03400052405204762,0.03400052405204762,3,136,0.0,0
primary_total_co2,M0star,random10,NOR,Norway,Northern Europe,0.20191951273050374,0.20933996382447745,-0.007420451093973712,0.007420451093973712,6,136,0.0,0
primary_total_co2,M0star,random10,POL,Poland,Eastern Europe,0.18403612522932167,0.21012994841880453,-0.026093823189482862,0.026093823189482862,1,136,0.0,0
primary_total_co2,M0star,random10,PRT,Portugal,Southern Europe,0.1846817946752158,0.159750094436369,0.024931700238846805,0.024931700238846805,1,136,0.0,0
primary_total_co2,M0star,random10,ROU,Romania,Eastern Europe,0.1626491375716469,0.2024617217672779,-0.039812584195630996,0.039812584195630996,2,136,0.0,0
primary_total_co2,M0star,random10,RUS,Russia,Eastern Europe,0.262173281711931,0.2339479672343746,0.028225314477556385,0.028225314477556385,9,136,0.0,0
primary_total_co2,M0star,random10,SRB,Serbia,Southern Europe,0.1777828851474587,0.17880510557961501,-0.001022220432156301,0.001022220432156301,9,136,0.0,0
primary_total_co2,M0star,random10,SVK,Slovakia,Eastern Europe,0.17135924127324334,0.21915674095876936,-0.04779749968552602,0.04779749968552602,7,136,0.0,0
primary_total_co2,M0star,random10,SVN,Slovenia,Southern Europe,0.2104092831778439,0.18627221397281907,0.02413706920502484,0.02413706920502484,1,136,0.0,0
primary_total_co2,M0star,random10,ESP,Spain,Southern Europe,0.19118695961871326,0.164471142674825,0.026715816943888276,0.026715816943888276,0,135,0.0,0
primary_total_co2,M0star,random10,SWE,Sweden,Northern Europe,0.21924683880167534,0.2087824295561625,0.01046440924551284,0.01046440924551284,6,136,0.0,0
primary_total_co2,M0star,random10,CHE,Switzerland,Western Europe,0.20255138935875544,0.1975660710352074,0.004985318323548038,0.004985318323548038,6,136,0.0,0
primary_total_co2,M0star,random10,UKR,Ukraine,Eastern Europe,0.17767865721146503,0.20655584652594425,-0.028877189314479218,0.028877189314479218,1,136,0.0,0
primary_total_co2,M0star,random10,GBR,United Kingdom,Northern Europe,0.16309409461298247,0.18248875299455536,-0.019394658381572893,0.019394658381572893,2,136,0.0,0
primary_total_co2,M0star,random10,BHS,Bahamas,Caribbean,0.13991083211606994,0.13918243238917197,0.0007283997268979769,0.0007283997268979769,9,136,0.0,0
primary_total_co2,M0star,random10,CAN,Canada,Northern America,0.2521930060529909,0.17258654408024224,0.07960646197274865,0.07960646197274865,2,136,0.0,0
primary_total_co2,M0star,random10,CRI,Costa Rica,Central America,0.10130466192673268,0.11694802632095846,-0.015643364394225784,0.015643364394225784,2,136,0.0,0
primary_total_co2,M0star,random10,CUB,Cuba,Caribbean,0.12305617676307766,0.12306789616969013,-1.1719406612473171e-05,1.1719406612473171e-05,6,136,0.0,0
primary_total_co2,M0star,random10,DOM,Dominican Republic,Caribbean,0.15478420047944152,0.09991939111702139,0.054864809362420136,0.054864809362420136,9,136,0.0,0
primary_total_co2,M0star,random10,SLV,El Salvador,Central America,0.06948090854064985,0.10191734986167278,-0.03243644132102293,0.03243644132102293,6,136,0.0,0
primary_total_co2,M0star,random10,GTM,Guatemala,Central America,0.0508136158223582,0.07985449020274601,-0.029040874380387813,0.029040874380387813,8,136,0.0,0
primary_total_co2,M0star,random10,HTI,Haiti,Caribbean,0.14216341234840274,0.09624666917730837,0.04591674317109437,0.04591674317109437,4,136,0.0,0
primary_total_co2,M0star,random10,HND,Honduras,Central America,0.08078933014247122,0.1115521303805467,-0.030762800238075483,0.030762800238075483,3,136,0.0,0
primary_total_co2,M0star,random10,JAM,Jamaica,Caribbean,0.12861876139008294,0.10615957143096454,0.0224591899591184,0.0224591899591184,9,136,98.87635686786973,0
primary_total_co2,M0star,random10,MEX,Mexico,Central America,0.04065719593311795,0.11406380593280953,-0.07340660999969158,0.07340660999969158,4,136,0.0,0
primary_total_co2,M0star,random10,NIC,Nicaragua,Central America,0.09228609649696132,0.10764370363950256,-0.015357607142541238,0.015357607142541238,5,136,0.0,0
primary_total_co2,M0star,random10,PAN,Panama,Central America,0.12161241121300685,0.10813065829616918,0.013481752916837675,0.013481752916837675,1,136,0.0,0
primary_total_co2,M0star,random10,USA,United States,Northern America,0.1695001197237513,0.16119144977827893,0.008308669945472386,0.008308669945472386,4,136,0.0,0
primary_total_co2,M0star,random10,AUS,Australia,Australia and New Zealand,0.16302097420962694,0.09972675085369367,0.06329422335593327,0.06329422335593327,7,136,59.73122444384031,0
primary_total_co2,M0star,random10,NZL,New Zealand,Australia and New Zealand,0.10027093962176431,0.1712692435649179,-0.0709983039431536,0.0709983039431536,6,136,573.2862742563728,0
primary_total_co2,M0star,random10,PNG,Papua New Guinea,Melanesia,0.13861753573076713,0.050402985613968304,0.08821455011679882,0.08821455011679882,7,136,0.0,0
primary_total_co2,M0star,random10,ARG,Argentina,South America,0.10866574248962382,0.17792839066091992,-0.0692626481712961,0.0692626481712961,0,135,0.0,0
primary_total_co2,M0star,random10,BOL,Bolivia,South America,0.10781469285053756,0.12396467130982139,-0.01614997845928383,0.01614997845928383,9,136,0.0,0
primary_total_co2,M0star,random10,BRA,Brazil,South America,0.16469595530453246,0.07076269582877269,0.09393325947575977,0.09393325947575977,3,136,0.0,0
primary_total_co2,M0star,random10,CHL,Chile,South America,0.0993071522959073,0.1388416036060173,-0.039534451310110005,0.039534451310110005,7,136,0.0,0
primary_total_co2,M0star,random10,COL,Colombia,South America,0.13225011394627992,0.13197271993410858,0.00027739401217133364,0.00027739401217133364,1,136,0.0,0
primary_total_co2,M0star,random10,ECU,Ecuador,South America,0.12529387656573873,0.09743533814555778,0.027858538420180948,0.027858538420180948,8,136,0.0,0
primary_total_co2,M0star,random10,PRY,Paraguay,South America,0.12268222549728672,0.16481960528480552,-0.0421373797875188,0.0421373797875188,0,135,0.0,0
primary_total_co2,M0star,random10,PER,Peru,South America,0.10234701745272959,0.1206068851623788,-0.018259867709649213,0.018259867709649213,9,136,0.0,0
primary_total_co2,M0star,random10,SUR,Suriname,South America,0.14991778270906336,0.1312314008164719,0.018686381892591475,0.018686381892591475,9,136,0.0,0
primary_total_co2,M0star,random10,URY,Uruguay,South America,0.1340604374132053,0.11951520977987132,0.01454522763333399,0.01454522763333399,3,136,0.0,0
primary_total_co2,M0star,random10,VEN,Venezuela,South America,0.14209795456206648,0.13732389287834626,0.0047740616837202154,0.0047740616837202154,5,136,0.0,0
primary_total_co2,M1b,in_sample,DZA,Algeria,Northern Africa,0.24027005915767902,0.20916901624813203,0.03110104290954699,0.03110104290954699,-1,151,,0
primary_total_co2,M1b,in_sample,AGO,Angola,Middle Africa,0.2003000150757142,0.1527252654901865,0.04757474958552771,0.04757474958552771,-1,151,,0
primary_total_co2,M1b,in_sample,BEN,Benin,Western Africa,0.20270211677173233,0.1919059234550371,0.010796193316695235,0.010796193316695235,-1,151,,0
primary_total_co2,M1b,in_sample,BWA,Botswana,Southern Africa,0.15541865895509172,0.21176579449522726,-0.05634713554013554,0.05634713554013554,-1,151,,0
primary_total_co2,M1b,in_sample,BFA,Burkina Faso,Western Africa,0.2158731392585228,0.2198573475637438,-0.003984208305221004,0.003984208305221004,-1,151,,0
primary_total_co2,M1b,in_sample,BDI,Burundi,Eastern Africa,0.20888549627683978,0.18946272647884144,0.01942276979799834,0.01942276979799834,-1,151,,0
primary_total_co2,M1b,in_sample,CMR,Cameroon,Middle Africa,0.16636200134979467,0.19819899066388427,-0.0318369893140896,0.0318369893140896,-1,151,,0
primary_total_co2,M1b,in_sample,CAF,Central African Republic,Middle Africa,0.18403786064638777,0.22239759072813367,-0.038359730081745896,0.038359730081745896,-1,151,,0
primary_total_co2,M1b,in_sample,TCD,Chad,Middle Africa,0.2035091414222523,0.2297332438091998,-0.0262241023869475,0.0262241023869475,-1,151,,0
primary_total_co2,M1b,in_sample,COG,Congo,Middle Africa,0.1704220858831212,0.1745949297267949,-0.004172843843673724,0.004172843843673724,-1,151,,0
primary_total_co2,M1b,in_sample,COD,Congo (Democratic Republic Of The),Middle Africa,0.19859794898946587,0.2021706485905868,-0.0035726996011209433,0.0035726996011209433,-1,151,,0
primary_total_co2,M1b,in_sample,CIV,Côte D'Ivoire,Western Africa,0.20772847580142792,0.19096643213864622,0.016762043662781695,0.016762043662781695,-1,151,,0
primary_total_co2,M1b,in_sample,DJI,Djibouti,Eastern Africa,0.20035987264449803,0.19686058636638645,0.0034992862781115797,0.0034992862781115797,-1,151,,0
primary_total_co2,M1b,in_sample,EGY,Egypt,Northern Africa,0.15478518959618381,0.22627928872865577,-0.07149409913247196,0.07149409913247196,-1,151,,0
primary_total_co2,M1b,in_sample,GNQ,Equatorial Guinea,Middle Africa,0.16354706521210607,0.18728968913132177,-0.023742623919215694,0.023742623919215694,-1,151,,0
primary_total_co2,M1b,in_sample,ERI,Eritrea,Eastern Africa,0.20315322405399622,0.20618714207641872,-0.003033918022422505,0.003033918022422505,-1,151,,0
primary_total_co2,M1b,in_sample,ETH,Ethiopia,Eastern Africa,0.2076992707889047,0.20948569440261627,-0.001786423613711563,0.001786423613711563,-1,151,,0
primary_total_co2,M1b,in_sample,GAB,Gabon,Middle Africa,0.16553931693258667,0.19068712382149977,-0.025147806888913105,0.025147806888913105,-1,151,,0
primary_total_co2,M1b,in_sample,GHA,Ghana,Western Africa,0.1992545668996173,0.18553029996447168,0.013724266935145613,0.013724266935145613,-1,151,,0
primary_total_co2,M1b,in_sample,GIN,Guinea,Western Africa,0.22751348300753205,0.19308233710711992,0.03443114590041213,0.03443114590041213,-1,151,,0
primary_total_co2,M1b,in_sample,GNB,Guinea Bissau,Western Africa,0.23319971534367673,0.19812502699946558,0.03507468834421115,0.03507468834421115,-1,151,,0
primary_total_co2,M1b,in_sample,KEN,Kenya,Eastern Africa,0.21062387448612835,0.16991090172436016,0.04071297276176819,0.04071297276176819,-1,151,,0
primary_total_co2,M1b,in_sample,LSO,Lesotho,Southern Africa,0.16129029981211962,0.17195687934693707,-0.01066657953481745,0.01066657953481745,-1,151,,0
primary_total_co2,M1b,in_sample,LBR,Liberia,Western Africa,0.2160061033815747,0.20159357780624754,0.014412525575327156,0.014412525575327156,-1,151,,0
primary_total_co2,M1b,in_sample,LBY,Libya,Northern Africa,0.19059948923507644,0.23625341792486806,-0.04565392868979162,0.04565392868979162,-1,151,,0
primary_total_co2,M1b,in_sample,MDG,Madagascar,Eastern Africa,0.1813544794012833,0.18146513475146595,-0.00011065535018264794,0.00011065535018264794,-1,151,,0
primary_total_co2,M1b,in_sample,MWI,Malawi,Eastern Africa,0.18854099012577252,0.18838904153458935,0.00015194859118317083,0.00015194859118317083,-1,151,,0
primary_total_co2,M1b,in_sample,MLI,Mali,Western Africa,0.24782669503123966,0.226391308472292,0.021435386558947667,0.021435386558947667,-1,151,,0
primary_total_co2,M1b,in_sample,MRT,Mauritania,Western Africa,0.2597916027159455,0.20814259660449363,0.051649006111451845,0.051649006111451845,-1,151,,0
primary_total_co2,M1b,in_sample,MAR,Morocco,Northern Africa,0.2418455862979349,0.20125436931455748,0.04059121698337742,0.04059121698337742,-1,151,,0
primary_total_co2,M1b,in_sample,MOZ,Mozambique,Eastern Africa,0.172823801894673,0.18571688316934576,-0.012893081274672757,0.012893081274672757,-1,151,,0
primary_total_co2,M1b,in_sample,NAM,Namibia,Southern Africa,0.17785319196923344,0.19315908731731707,-0.015305895348083631,0.015305895348083631,-1,151,,0
primary_total_co2,M1b,in_sample,NER,Niger,Western Africa,0.2385606960588716,0.2354833256015229,0.0030773704573486826,0.0030773704573486826,-1,151,,0
primary_total_co2,M1b,in_sample,NGA,Nigeria,Western Africa,0.2030109401107239,0.19516794887514216,0.007842991235581742,0.007842991235581742,-1,151,,0
primary_total_co2,M1b,in_sample,RWA,Rwanda,Eastern Africa,0.20845952779692498,0.19706675200250218,0.0113927757944228,0.0113927757944228,-1,151,,0
primary_total_co2,M1b,in_sample,SEN,Senegal,Western Africa,0.24097868636270878,0.2024767010354277,0.03850198532728108,0.03850198532728108,-1,151,,0
primary_total_co2,M1b,in_sample,SLE,Sierra Leone,Western Africa,0.22372060994282955,0.1991938637684005,0.024526746174429043,0.024526746174429043,-1,151,,0
primary_total_co2,M1b,in_sample,SOM,Somalia,Eastern Africa,0.19588332023430152,0.19408195655080307,0.0018013636834984526,0.0018013636834984526,-1,151,,0
primary_total_co2,M1b,in_sample,ZAF,South Africa,Southern Africa,0.16028496312204338,0.1811205385157343,-0.02083557539369091,0.02083557539369091,-1,151,,0
primary_total_co2,M1b,in_sample,SDN,Sudan,Northern Africa,0.20487305719629992,0.24265354932516287,-0.03778049212886295,0.03778049212886295,-1,151,,0
primary_total_co2,M1b,in_sample,SWZ,Swaziland,Southern Africa,0.15934183499515397,0.1890686141128442,-0.029726779117690227,0.029726779117690227,-1,151,,0
primary_total_co2,M1b,in_sample,TZA,Tanzania,Eastern Africa,0.20953051997740807,0.16857629643000915,0.040954223547398916,0.040954223547398916,-1,151,,0
primary_total_co2,M1b,in_sample,TGO,Togo,Western Africa,0.1941324419699687,0.2061913049612456,-0.012058862991276897,0.012058862991276897,-1,151,,0
primary_total_co2,M1b,in_sample,TUN,Tunisia,Northern Africa,0.23748975158588337,0.23451251230767012,0.0029772392782132506,0.0029772392782132506,-1,151,,0
primary_total_co2,M1b,in_sample,UGA,Uganda,Eastern Africa,0.21147594840550732,0.22062227413551583,-0.009146325730008509,0.009146325730008509,-1,151,,0
primary_total_co2,M1b,in_sample,ZMB,Zambia,Eastern Africa,0.17691283567770744,0.18313697007837343,-0.006224134400665993,0.006224134400665993,-1,151,,0
primary_total_co2,M1b,in_sample,ZWE,Zimbabwe,Eastern Africa,0.1535502891079796,0.17585933730932746,-0.022309048201347853,0.022309048201347853,-1,151,,0
primary_total_co2,M1b,in_sample,AFG,Afghanistan,Southern Asia,0.24733117695547363,0.21423948701261394,0.03309168994285969,0.03309168994285969,-1,151,,0
primary_total_co2,M1b,in_sample,ARM,Armenia,Western Asia,0.18833773750931812,0.17700461164281467,0.011333125866503452,0.011333125866503452,-1,151,,0
primary_total_co2,M1b,in_sample,AZE,Azerbaijan,Western Asia,0.19504824967387935,0.17884318151638118,0.01620506815749817,0.01620506815749817,-1,151,,0
primary_total_co2,M1b,in_sample,BGD,Bangladesh,Southern Asia,0.11108862004719486,0.14485819871372219,-0.03376957866652733,0.03376957866652733,-1,151,,0
primary_total_co2,M1b,in_sample,MMR,Burma,South-eastern Asia,0.10898678984933867,0.15125189440944775,-0.04226510456010908,0.04226510456010908,-1,151,,0
primary_total_co2,M1b,in_sample,KHM,Cambodia,South-eastern Asia,0.12397652977439673,0.1421148763839304,-0.01813834660953366,0.01813834660953366,-1,151,,0
primary_total_co2,M1b,in_sample,CHN,China,Eastern Asia,0.18801127254816274,0.16893355272608454,0.019077719822078204,0.019077719822078204,-1,151,,0
primary_total_co2,M1b,in_sample,GEO,Georgia,Western Asia,0.17014653222140888,0.17900519538825532,-0.008858663166846442,0.008858663166846442,-1,151,,0
primary_total_co2,M1b,in_sample,IND,India,Southern Asia,0.12279874845556998,0.16740986801969743,-0.044611119564127444,0.044611119564127444,-1,151,,0
primary_total_co2,M1b,in_sample,IDN,Indonesia,South-eastern Asia,0.1365994643114788,0.09325598238591737,0.04334348192556142,0.04334348192556142,-1,151,,0
primary_total_co2,M1b,in_sample,IRN,Iran,Southern Asia,0.25326598928356275,0.19068594778475373,0.06258004149880902,0.06258004149880902,-1,151,,0
primary_total_co2,M1b,in_sample,IRQ,Iraq,Western Asia,0.1763349119758569,0.16895166622112134,0.007383245754735562,0.007383245754735562,-1,151,,0
primary_total_co2,M1b,in_sample,ISR,Israel,Western Asia,0.1289730259690734,0.19000216296508932,-0.06102913699601592,0.06102913699601592,-1,151,,0
primary_total_co2,M1b,in_sample,JPN,Japan,Eastern Asia,0.13484212055215955,0.13147033273721578,0.0033717878149437663,0.0033717878149437663,-1,151,,0
primary_total_co2,M1b,in_sample,JOR,Jordan,Western Asia,0.1241622692023015,0.1383623769509123,-0.014200107748610802,0.014200107748610802,-1,151,,0
primary_total_co2,M1b,in_sample,KAZ,Kazakhstan,Central Asia,0.2607179280248597,0.25945805744836914,0.0012598705764905738,0.0012598705764905738,-1,151,,0
primary_total_co2,M1b,in_sample,LAO,Laos,South-eastern Asia,0.11990552917453423,0.15277906735522867,-0.03287353818069444,0.03287353818069444,-1,151,,0
primary_total_co2,M1b,in_sample,LBN,Lebanon,Western Asia,0.13240721718298015,0.15005760359574652,-0.017650386412766367,0.017650386412766367,-1,151,,0
primary_total_co2,M1b,in_sample,MYS,Malaysia,South-eastern Asia,0.14354714353630665,0.13997447133382634,0.0035726722024803093,0.0035726722024803093,-1,151,,0
primary_total_co2,M1b,in_sample,MNG,Mongolia,Eastern Asia,0.273292065382825,0.2438991339414467,0.029392931441378334,0.029392931441378334,-1,151,,0
primary_total_co2,M1b,in_sample,NPL,Nepal,Southern Asia,0.12394103933918027,0.1449910579069163,-0.02105001856773603,0.02105001856773603,-1,151,,0
primary_total_co2,M1b,in_sample,OMN,Oman,Western Asia,0.2034660332775613,0.1782471683533472,0.0252188649242141,0.0252188649242141,-1,151,,0
primary_total_co2,M1b,in_sample,PAK,Pakistan,Southern Asia,0.1799496198587603,0.1918888653269359,-0.011939245468175597,0.011939245468175597,-1,151,,0
primary_total_co2,M1b,in_sample,PHL,Philippines,South-eastern Asia,0.16029540562197608,0.13291958484650274,0.027375820775473347,0.027375820775473347,-1,151,,0
primary_total_co2,M1b,in_sample,QAT,Qatar,Western Asia,0.2314787860422459,0.19396530604723142,0.037513479995014476,0.037513479995014476,-1,151,,0
primary_total_co2,M1b,in_sample,SAU,Saudi Arabia,Western Asia,0.1912885606557455,0.198320190153441,-0.00703162949769548,0.00703162949769548,-1,151,,0
primary_total_co2,M1b,in_sample,KOR,South Korea,Eastern Asia,0.14512934007189218,0.19285966151050024,-0.04773032143860806,0.04773032143860806,-1,151,,0
primary_total_co2,M1b,in_sample,LKA,Sri Lanka,Southern Asia,0.13450142935863102,0.13588330638848992,-0.0013818770298588967,0.0013818770298588967,-1,151,,0
primary_total_co2,M1b,in_sample,SYR,Syria,Western Asia,0.14323534954112288,0.19445961265842351,-0.051224263117300634,0.051224263117300634,-1,151,,0
primary_total_co2,M1b,in_sample,TWN,Taiwan,Eastern Asia,0.13706412122195852,0.14730881987221747,-0.010244698650258954,0.010244698650258954,-1,151,,0
primary_total_co2,M1b,in_sample,TJK,Tajikistan,Central Asia,0.233975502099763,0.22055540988170103,0.01342009221806198,0.01342009221806198,-1,151,,0
primary_total_co2,M1b,in_sample,THA,Thailand,South-eastern Asia,0.11983102194091183,0.15273592725038085,-0.03290490530946902,0.03290490530946902,-1,151,,0
primary_total_co2,M1b,in_sample,TUR,Turkey,Western Asia,0.1419623303023036,0.15986606248286617,-0.01790373218056257,0.01790373218056257,-1,151,,0
primary_total_co2,M1b,in_sample,TKM,Turkmenistan,Central Asia,0.2752870410187589,0.21300859506542139,0.06227844595333751,0.06227844595333751,-1,151,,0
primary_total_co2,M1b,in_sample,ARE,United Arab Emirates,Western Asia,0.2248308233871666,0.18917828033768325,0.03565254304948334,0.03565254304948334,-1,151,,0
primary_total_co2,M1b,in_sample,UZB,Uzbekistan,Central Asia,0.27739224194989204,0.244053624337658,0.03333861761223403,0.03333861761223403,-1,151,,0
primary_total_co2,M1b,in_sample,VNM,Vietnam,South-eastern Asia,0.122632583177362,0.14902290722692188,-0.026390324049559877,0.026390324049559877,-1,151,,0
primary_total_co2,M1b,in_sample,YEM,Yemen,Western Asia,0.20150002766065422,0.16571252997744695,0.03578749768320727,0.03578749768320727,-1,151,,0
primary_total_co2,M1b,in_sample,ALB,Albania,Southern Europe,0.15748303087977816,0.14281005107121986,0.014672979808558306,0.014672979808558306,-1,151,,0
primary_total_co2,M1b,in_sample,AUT,Austria,Western Europe,0.21029967713303166,0.20876044374915778,0.001539233383873878,0.001539233383873878,-1,151,,0
primary_total_co2,M1b,in_sample,BLR,Belarus,Eastern Europe,0.21395039394228654,0.20708628713143235,0.006864106810854198,0.006864106810854198,-1,151,,0
primary_total_co2,M1b,in_sample,BEL,Belgium,Western Europe,0.1951636806716645,0.18014614254475708,0.015017538126907426,0.015017538126907426,-1,151,,0
primary_total_co2,M1b,in_sample,BIH,Bosnia And Herzegovina,Southern Europe,0.18440933101350881,0.1718926016579939,0.012516729355514927,0.012516729355514927,-1,151,,0
primary_total_co2,M1b,in_sample,BGR,Bulgaria,Eastern Europe,0.16411393376308978,0.19557390634798003,-0.03145997258489025,0.03145997258489025,-1,151,,0
primary_total_co2,M1b,in_sample,HRV,Croatia,Southern Europe,0.18952185187085302,0.18792237956372967,0.0015994723071233452,0.0015994723071233452,-1,151,,0
primary_total_co2,M1b,in_sample,CYP,Cyprus,Western Asia,0.14075176149640625,0.15794337323397112,-0.017191611737564866,0.017191611737564866,-1,151,,0
primary_total_co2,M1b,in_sample,CZE,Czech Republic,Eastern Europe,0.19293606527047014,0.21295933395434627,-0.020023268683876133,0.020023268683876133,-1,151,,0
primary_total_co2,M1b,in_sample,DNK,Denmark,Northern Europe,0.1919403849228464,0.1901304269332526,0.0018099579895937967,0.0018099579895937967,-1,151,,0
primary_total_co2,M1b,in_sample,EST,Estonia,Northern Europe,0.25938076329685683,0.21398687476852285,0.04539388852833398,0.04539388852833398,-1,151,,0
primary_total_co2,M1b,in_sample,FIN,Finland,Northern Europe,0.2349856997144576,0.2110623933274958,0.0239233063869618,0.0239233063869618,-1,151,,0
primary_total_co2,M1b,in_sample,FRA,France,Western Europe,0.1916777527720347,0.18710521576870218,0.004572537003332516,0.004572537003332516,-1,151,,0
primary_total_co2,M1b,in_sample,DEU,Germany,Western Europe,0.19552600658812053,0.1854824034206221,0.010043603167498416,0.010043603167498416,-1,151,,0
primary_total_co2,M1b,in_sample,GRC,Greece,Southern Europe,0.14163851313814882,0.16768255684062072,-0.026044043702471903,0.026044043702471903,-1,151,,0
primary_total_co2,M1b,in_sample,HUN,Hungary,Eastern Europe,0.18683465599109378,0.21081822342269552,-0.023983567431601738,0.023983567431601738,-1,151,,0
primary_total_co2,M1b,in_sample,ISL,Iceland,Northern Europe,0.12736783367802937,0.12736783367802945,-8.326672684688674e-17,8.326672684688674e-17,-1,151,,0
primary_total_co2,M1b,in_sample,IRL,Ireland,Northern Europe,0.1678618971108085,0.18587983550499268,-0.01801793839418417,0.01801793839418417,-1,151,,0
primary_total_co2,M1b,in_sample,ITA,Italy,Southern Europe,0.1823289325414157,0.17315994709380456,0.009168985447611133,0.009168985447611133,-1,151,,0
primary_total_co2,M1b,in_sample,LVA,Latvia,Northern Europe,0.2466163184774826,0.2064241934860714,0.0401921249914112,0.0401921249914112,-1,151,,0
primary_total_co2,M1b,in_sample,LTU,Lithuania,Northern Europe,0.22162226701877433,0.20612820255658904,0.015494064462185292,0.015494064462185292,-1,151,,0
primary_total_co2,M1b,in_sample,MKD,Macedonia,Southern Europe,0.16410994630244113,0.17191121931237408,-0.007801273009932941,0.007801273009932941,-1,151,,0
primary_total_co2,M1b,in_sample,MDA,Moldova,Eastern Europe,0.15544942684686172,0.18260491973794313,-0.027155492891081406,0.027155492891081406,-1,151,,0
primary_total_co2,M1b,in_sample,MNE,Montenegro,Southern Europe,0.1643666862725019,0.16769119150687545,-0.0033245052343735537,0.0033245052343735537,-1,151,,0
primary_total_co2,M1b,in_sample,NLD,Netherlands,Western Europe,0.18877545734026732,0.16074781036385025,0.028027646976417075,0.028027646976417075,-1,151,,0
primary_total_co2,M1b,in_sample,NOR,Norway,Northern Europe,0.20191951273050374,0.2110106371881973,-0.009091124457693556,0.009091124457693556,-1,151,,0
primary_total_co2,M1b,in_sample,POL,Poland,Eastern Europe,0.18403612522932167,0.2060919767769528,-0.022055851547631122,0.022055851547631122,-1,151,,0
primary_total_co2,M1b,in_sample,PRT,Portugal,Southern Europe,0.1846817946752158,0.1645081025195051,0.020173692155710715,0.020173692155710715,-1,151,,0
primary_total_co2,M1b,in_sample,ROU,Romania,Eastern Europe,0.1626491375716469,0.20299434402807348,-0.040345206456426586,0.040345206456426586,-1,151,,0
primary_total_co2,M1b,in_sample,RUS,Russia,Eastern Europe,0.262173281711931,0.23763868860390408,0.024534593108026914,0.024534593108026914,-1,151,,0
primary_total_co2,M1b,in_sample,SRB,Serbia,Southern Europe,0.1777828851474587,0.18091289812938985,-0.003130012981931135,0.003130012981931135,-1,151,,0
primary_total_co2,M1b,in_sample,SVK,Slovakia,Eastern Europe,0.17135924127324334,0.21560606960509102,-0.044246828331847676,0.044246828331847676,-1,151,,0
primary_total_co2,M1b,in_sample,SVN,Slovenia,Southern Europe,0.2104092831778439,0.19037177686752985,0.020037506310314063,0.020037506310314063,-1,151,,0
primary_total_co2,M1b,in_sample,ESP,Spain,Southern Europe,0.19118695961871326,0.16935890997222897,0.0218280496464843,0.0218280496464843,-1,151,,0
primary_total_co2,M1b,in_sample,SWE,Sweden,Northern Europe,0.21924683880167534,0.21057187352789025,0.008674965273785085,0.008674965273785085,-1,151,,0
primary_total_co2,M1b,in_sample,CHE,Switzerland,Western Europe,0.20255138935875544,0.19893830381543454,0.003613085543320904,0.003613085543320904,-1,151,,0
primary_total_co2,M1b,in_sample,UKR,Ukraine,Eastern Europe,0.17767865721146503,0.19728444516753968,-0.01960578795607465,0.01960578795607465,-1,151,,0
primary_total_co2,M1b,in_sample,GBR,United Kingdom,Northern Europe,0.16309409461298247,0.17931567599528997,-0.016221581382307504,0.016221581382307504,-1,151,,0
primary_total_co2,M1b,in_sample,BHS,Bahamas,Caribbean,0.13991083211606994,0.14552933369751941,-0.00561850158144947,0.00561850158144947,-1,151,,0
primary_total_co2,M1b,in_sample,CAN,Canada,Northern America,0.2521930060529909,0.18872249258398305,0.06347051346900784,0.06347051346900784,-1,151,,0
primary_total_co2,M1b,in_sample,CRI,Costa Rica,Central America,0.10130466192673268,0.12020822535094319,-0.018903563424210512,0.018903563424210512,-1,151,,0
primary_total_co2,M1b,in_sample,CUB,Cuba,Caribbean,0.12305617676307766,0.12145725869826207,0.0015989180648155882,0.0015989180648155882,-1,151,,0
primary_total_co2,M1b,in_sample,DOM,Dominican Republic,Caribbean,0.15478420047944152,0.11127190055398103,0.04351229992546049,0.04351229992546049,-1,151,,0
primary_total_co2,M1b,in_sample,SLV,El Salvador,Central America,0.06948090854064985,0.09861244945852488,-0.029131540917875023,0.029131540917875023,-1,151,,0
primary_total_co2,M1b,in_sample,GTM,Guatemala,Central America,0.0508136158223582,0.07302015950727295,-0.022206543684914745,0.022206543684914745,-1,151,,0
primary_total_co2,M1b,in_sample,HTI,Haiti,Caribbean,0.14216341234840274,0.09977230034775733,0.04239111200064541,0.04239111200064541,-1,151,,0
primary_total_co2,M1b,in_sample,HND,Honduras,Central America,0.08078933014247122,0.10685658810372062,-0.026067257961249396,0.026067257961249396,-1,151,,0
primary_total_co2,M1b,in_sample,JAM,Jamaica,Caribbean,0.12861876139008294,0.11994113305802542,0.008677628332057513,0.008677628332057513,-1,151,,0
primary_total_co2,M1b,in_sample,MEX,Mexico,Central America,0.04065719593311795,0.10207743275898257,-0.061420236825864616,0.061420236825864616,-1,151,,0
primary_total_co2,M1b,in_sample,NIC,Nicaragua,Central America,0.09228609649696132,0.10650485035247736,-0.014218753855516048,0.014218753855516048,-1,151,,0
primary_total_co2,M1b,in_sample,PAN,Panama,Central America,0.12161241121300685,0.11765203374940125,0.003960377463605599,0.003960377463605599,-1,151,,0
primary_total_co2,M1b,in_sample,USA,United States,Northern America,0.1695001197237513,0.15554457072831246,0.013955548995438855,0.013955548995438855,-1,151,,0
primary_total_co2,M1b,in_sample,AUS,Australia,Australia and New Zealand,0.16302097420962694,0.14689311213132883,0.01612786207829811,0.01612786207829811,-1,151,,0
primary_total_co2,M1b,in_sample,NZL,New Zealand,Australia and New Zealand,0.10027093962176431,0.14689984388627192,-0.04662890426450761,0.04662890426450761,-1,151,,0
primary_total_co2,M1b,in_sample,PNG,Papua New Guinea,Melanesia,0.13861753573076713,0.10811649354456779,0.03050104218619934,0.03050104218619934,-1,151,,0
primary_total_co2,M1b,in_sample,ARG,Argentina,South America,0.10866574248962382,0.16043089000256175,-0.051765147512937926,0.051765147512937926,-1,151,,0
primary_total_co2,M1b,in_sample,BOL,Bolivia,South America,0.10781469285053756,0.1085666709996859,-0.0007519781491483329,0.0007519781491483329,-1,151,,0
primary_total_co2,M1b,in_sample,BRA,Brazil,South America,0.16469595530453246,0.09057952230349162,0.07411643300104084,0.07411643300104084,-1,151,,0
primary_total_co2,M1b,in_sample,CHL,Chile,South America,0.0993071522959073,0.1309975947776842,-0.031690442481776895,0.031690442481776895,-1,151,,0
primary_total_co2,M1b,in_sample,COL,Colombia,South America,0.13225011394627992,0.1320743990754731,0.00017571487080680903,0.00017571487080680903,-1,151,,0
primary_total_co2,M1b,in_sample,ECU,Ecuador,South America,0.12529387656573873,0.10082486718521119,0.02446900938052754,0.02446900938052754,-1,151,,0
primary_total_co2,M1b,in_sample,PRY,Paraguay,South America,0.12268222549728672,0.14580299533741786,-0.023120769840131145,0.023120769840131145,-1,151,,0
primary_total_co2,M1b,in_sample,PER,Peru,South America,0.10234701745272959,0.11763558069413069,-0.015288563241401099,0.015288563241401099,-1,151,,0
primary_total_co2,M1b,in_sample,SUR,Suriname,South America,0.14991778270906336,0.13375190816014254,0.016165874548920822,0.016165874548920822,-1,151,,0
primary_total_co2,M1b,in_sample,URY,Uruguay,South America,0.1340604374132053,0.13141747296719786,0.002642964446007451,0.002642964446007451,-1,151,,0
primary_total_co2,M1b,in_sample,VEN,Venezuela,South America,0.14209795456206648,0.13705104958399947,0.005046904978067007,0.005046904978067007,-1,151,,0
primary_total_co2,M1b,primary_loco,DZA,Algeria,Northern Africa,0.24027005915767902,0.1956796395016733,0.044590419656005714,0.044590419656005714,0,140,502.80410892048315,0
primary_total_co2,M1b,primary_loco,AGO,Angola,Middle Africa,0.2003000150757142,0.15529265257844693,0.04500736249726728,0.04500736249726728,1,143,617.5524176445745,0
primary_total_co2,M1b,primary_loco,BEN,Benin,Western Africa,0.20270211677173233,0.18739912188249358,0.015302994889238752,0.015302994889238752,2,143,645.265464870903,0
primary_total_co2,M1b,primary_loco,BWA,Botswana,Southern Africa,0.15541865895509172,0.2393180466009387,-0.08389938764584698,0.08389938764584698,3,142,617.3401076622447,0
primary_total_co2,M1b,primary_loco,BFA,Burkina Faso,Western Africa,0.2158731392585228,0.21385091698232822,0.002022222276194585,0.002022222276194585,4,140,544.1912089132867,0
primary_total_co2,M1b,primary_loco,BDI,Burundi,Eastern Africa,0.20888549627683978,0.17522744396532644,0.03365805231151334,0.03365805231151334,5,144,652.8579050829767,0
primary_total_co2,M1b,primary_loco,CMR,Cameroon,Middle Africa,0.16636200134979467,0.2074358164478085,-0.04107381509801383,0.04107381509801383,6,142,645.265464870903,0
primary_total_co2,M1b,primary_loco,CAF,Central African Republic,Middle Africa,0.18403786064638777,0.24337791004258325,-0.05934004939619547,0.05934004939619547,7,141,668.5532199135129,0
primary_total_co2,M1b,primary_loco,TCD,Chad,Middle Africa,0.2035091414222523,0.25599350223366046,-0.05248436081140817,0.05248436081140817,8,140,628.5950455799541,0
primary_total_co2,M1b,primary_loco,COG,Congo,Middle Africa,0.1704220858831212,0.17751777200738972,-0.00709568612426853,0.00709568612426853,9,143,505.2073478639452,0
primary_total_co2,M1b,primary_loco,COD,Congo (Democratic Republic Of The),Middle Africa,0.19859794898946587,0.2004100715614831,-0.0018121225720172385,0.0018121225720172385,10,133,610.5128671535235,0
primary_total_co2,M1b,primary_loco,CIV,Côte D'Ivoire,Western Africa,0.20772847580142792,0.17930003912259976,0.02842843667882816,0.02842843667882816,11,141,513.4956418289805,0
primary_total_co2,M1b,primary_loco,DJI,Djibouti,Eastern Africa,0.20035987264449803,0.19504891327615143,0.005310959368346607,0.005310959368346607,12,145,597.3982225286695,0
primary_total_co2,M1b,primary_loco,EGY,Egypt,Northern Africa,0.15478518959618381,0.2751190651090016,-0.12033387551281777,0.12033387551281777,13,137,796.7350520612513,0
primary_total_co2,M1b,primary_loco,GNQ,Equatorial Guinea,Middle Africa,0.16354706521210607,0.20263994567725904,-0.03909288046515297,0.03909288046515297,14,145,617.5524176445745,0
primary_total_co2,M1b,primary_loco,ERI,Eritrea,Eastern Africa,0.20315322405399622,0.2090624062676294,-0.0059091822136331795,0.0059091822136331795,15,143,914.0853458171574,0
primary_total_co2,M1b,primary_loco,ETH,Ethiopia,Eastern Africa,0.2076992707889047,0.20905153520312114,-0.0013522644142164308,0.0013522644142164308,16,141,633.7952924267872,0
primary_total_co2,M1b,primary_loco,GAB,Gabon,Middle Africa,0.16553931693258667,0.2048045334126616,-0.039265216480074944,0.039265216480074944,17,143,628.5950455799541,0
primary_total_co2,M1b,primary_loco,GHA,Ghana,Western Africa,0.1992545668996173,0.1808191297165469,0.01843543718307039,0.01843543718307039,18,142,518.8803734064857,0
primary_total_co2,M1b,primary_loco,GIN,Guinea,Western Africa,0.22751348300753205,0.1800026646590195,0.047510818348512535,0.047510818348512535,19,142,518.8803734064857,0
primary_total_co2,M1b,primary_loco,GNB,Guinea Bissau,Western Africa,0.23319971534367673,0.18865462946426217,0.04454508587941455,0.04454508587941455,20,145,524.8811678267961,0
primary_total_co2,M1b,primary_loco,KEN,Kenya,Eastern Africa,0.21062387448612835,0.15207129882755965,0.058552575658568695,0.058552575658568695,21,142,610.9220933565367,0
primary_total_co2,M1b,primary_loco,LSO,Lesotho,Southern Africa,0.16129029981211962,0.18523851648037848,-0.02394821666825886,0.02394821666825886,22,146,679.8830982691288,0
primary_total_co2,M1b,primary_loco,LBR,Liberia,Western Africa,0.2160061033815747,0.1932772761910121,0.0227288271905626,0.0227288271905626,23,143,524.8811678267961,0
primary_total_co2,M1b,primary_loco,LBY,Libya,Northern Africa,0.19059948923507644,0.26979278108225013,-0.07919329184717369,0.07919329184717369,24,142,509.873869437773,0
primary_total_co2,M1b,primary_loco,MDG,Madagascar,Eastern Africa,0.1813544794012833,0.18429015920885383,-0.002935679807570535,0.002935679807570535,25,149,714.622347526621,0
primary_total_co2,M1b,primary_loco,MWI,Malawi,Eastern Africa,0.18854099012577252,0.18853040131707516,1.0588808697364893e-05,1.0588808697364893e-05,26,145,652.8579050829767,0
primary_total_co2,M1b,primary_loco,MLI,Mali,Western Africa,0.24782669503123966,0.208177794216028,0.03964890081521166,0.03964890081521166,27,135,784.4064914150321,0
primary_total_co2,M1b,primary_loco,MRT,Mauritania,Western Africa,0.2597916027159455,0.18930375452133474,0.07048784819461074,0.07048784819461074,28,142,513.4643800186929,0
primary_total_co2,M1b,primary_loco,MAR,Morocco,Northern Africa,0.2418455862979349,0.18620884496483653,0.05563674133309837,0.05563674133309837,29,145,809.6690483424891,0
primary_total_co2,M1b,primary_loco,MOZ,Mozambique,Eastern Africa,0.172823801894673,0.1990268652461803,-0.026203063351507294,0.026203063351507294,30,140,587.3811357085859,0
primary_total_co2,M1b,primary_loco,NAM,Namibia,Southern Africa,0.17785319196923344,0.20455210028087295,-0.026698908311639513,0.026698908311639513,31,145,587.3811357085859,0
primary_total_co2,M1b,primary_loco,NER,Niger,Western Africa,0.2385606960588716,0.23793063508896517,0.0006300609699064208,0.0006300609699064208,32,140,562.5858813422933,0
primary_total_co2,M1b,primary_loco,NGA,Nigeria,Western Africa,0.2030109401107239,0.20077656003391492,0.002234380076808984,0.002234380076808984,33,139,505.2073478639452,0
primary_total_co2,M1b,primary_loco,RWA,Rwanda,Eastern Africa,0.20845952779692498,0.1842407404548378,0.024218787342087184,0.024218787342087184,34,145,596.1094098552721,0
primary_total_co2,M1b,primary_loco,SEN,Senegal,Western Africa,0.24097868636270878,0.1845752139092134,0.05640347245349539,0.05640347245349539,35,143,661.0012016224565,0
primary_total_co2,M1b,primary_loco,SLE,Sierra Leone,Western Africa,0.22372060994282955,0.18684129760799328,0.03687931233483627,0.03687931233483627,36,144,513.4643800186929,0
primary_total_co2,M1b,primary_loco,SOM,Somalia,Eastern Africa,0.19588332023430152,0.19225712197731568,0.0036261982569858464,0.0036261982569858464,37,143,518.7600014609704,0
primary_total_co2,M1b,primary_loco,ZAF,South Africa,Southern Africa,0.16028496312204338,0.20277420508424338,-0.0424892419622,0.0424892419622,38,144,509.0405920948506,0
primary_total_co2,M1b,primary_loco,SDN,Sudan,Northern Africa,0.20487305719629992,0.25948958826143964,-0.05461653106513972,0.05461653106513972,39,140,596.1389060766417,0
primary_total_co2,M1b,primary_loco,SWZ,Swaziland,Southern Africa,0.15934183499515397,0.21096229122464427,-0.0516204562294903,0.0516204562294903,40,145,959.717008007507,0
primary_total_co2,M1b,primary_loco,TZA,Tanzania,Eastern Africa,0.20953051997740807,0.15325246291494998,0.05627805706245809,0.05627805706245809,41,141,589.8828410805131,0
primary_total_co2,M1b,primary_loco,TGO,Togo,Western Africa,0.1941324419699687,0.20509531089268773,-0.010962868922719027,0.010962868922719027,42,143,747.8828031769658,0
primary_total_co2,M1b,primary_loco,TUN,Tunisia,Northern Africa,0.23748975158588337,0.23733817737724064,0.00015157420864272964,0.00015157420864272964,43,145,648.7548166347074,0
primary_total_co2,M1b,primary_loco,UGA,Uganda,Eastern Africa,0.21147594840550732,0.22037989142512843,-0.008903943019621108,0.008903943019621108,44,143,596.1389060766417,0
primary_total_co2,M1b,primary_loco,ZMB,Zambia,Eastern Africa,0.17691283567770744,0.1812597497554705,-0.004346914077763053,0.004346914077763053,45,141,509.0405920948506,0
primary_total_co2,M1b,primary_loco,ZWE,Zimbabwe,Eastern Africa,0.1535502891079796,0.18855109739749143,-0.035000808289511826,0.035000808289511826,46,141,589.8828410805131,0
primary_total_co2,M1b,primary_loco,AFG,Afghanistan,Southern Asia,0.24733117695547363,0.18762676478156992,0.05970441217390371,0.05970441217390371,47,142,530.0748621948782,0
primary_total_co2,M1b,primary_loco,ARM,Armenia,Western Asia,0.18833773750931812,0.17024970461219952,0.018088032897118606,0.018088032897118606,48,143,502.3155465637135,0
primary_total_co2,M1b,primary_loco,AZE,Azerbaijan,Western Asia,0.19504824967387935,0.17328118497146203,0.02176706470241732,0.02176706470241732,49,140,796.0593166359175,0
primary_total_co2,M1b,primary_loco,BGD,Bangladesh,Southern Asia,0.11108862004719486,0.16162136621512718,-0.050532746167932324,0.050532746167932324,50,146,583.964746833446,0
primary_total_co2,M1b,primary_loco,MMR,Burma,South-eastern Asia,0.10898678984933867,0.17732198612022568,-0.06833519627088701,0.06833519627088701,51,141,592.4577340928826,0
primary_total_co2,M1b,primary_loco,KHM,Cambodia,South-eastern Asia,0.12397652977439673,0.1567074361665661,-0.03273090639216937,0.03273090639216937,52,144,676.9381053939196,0
primary_total_co2,M1b,primary_loco,CHN,China,Eastern Asia,0.18801127254816274,0.18662021053427785,0.0013910620138848917,0.0013910620138848917,53,131,621.7810260710111,0
primary_total_co2,M1b,primary_loco,GEO,Georgia,Western Asia,0.17014653222140888,0.1696679351359298,0.0004785970854790933,0.0004785970854790933,54,140,767.6489375125233,0
primary_total_co2,M1b,primary_loco,IND,India,Southern Asia,0.12279874845556998,0.18234385141081438,-0.0595451029552444,0.0595451029552444,55,140,579.308884690665,0
primary_total_co2,M1b,primary_loco,IDN,Indonesia,South-eastern Asia,0.1365994643114788,0.08413826922004466,0.052461195091434126,0.052461195091434126,56,142,676.9381053939196,0
primary_total_co2,M1b,primary_loco,IRN,Iran,Southern Asia,0.25326598928356275,0.15822630091093082,0.09503968837263194,0.09503968837263194,57,134,568.6539133064839,0
primary_total_co2,M1b,primary_loco,IRQ,Iraq,Western Asia,0.1763349119758569,0.1731507009267595,0.003184211049097413,0.003184211049097413,58,136,595.6035032545958,0
primary_total_co2,M1b,primary_loco,ISR,Israel,Western Asia,0.1289730259690734,0.20100249833339479,-0.07202947236432139,0.07202947236432139,59,142,676.993228000802,0
primary_total_co2,M1b,primary_loco,JPN,Japan,Eastern Asia,0.13484212055215955,0.12994830030599666,0.004893820246162889,0.004893820246162889,60,145,1419.3714758707915,0
primary_total_co2,M1b,primary_loco,JOR,Jordan,Western Asia,0.1241622692023015,0.16212011706708973,-0.03795784786478823,0.03795784786478823,61,142,597.7999418076139,0
primary_total_co2,M1b,primary_loco,KAZ,Kazakhstan,Central Asia,0.2607179280248597,0.1717597854489742,0.08895814257588552,0.08895814257588552,62,139,505.97001980195694,0
primary_total_co2,M1b,primary_loco,LAO,Laos,South-eastern Asia,0.11990552917453423,0.16704979845298432,-0.047144269278450085,0.047144269278450085,63,145,704.866764093186,0
primary_total_co2,M1b,primary_loco,LBN,Lebanon,Western Asia,0.13240721718298015,0.16375535751208578,-0.03134814032910563,0.03134814032910563,64,142,667.260839566188,0
primary_total_co2,M1b,primary_loco,MYS,Malaysia,South-eastern Asia,0.14354714353630665,0.14062855690651946,0.0029185866297871954,0.0029185866297871954,65,144,598.4793279343521,0
primary_total_co2,M1b,primary_loco,MNG,Mongolia,Eastern Asia,0.273292065382825,0.23177989834509652,0.041512167037728503,0.041512167037728503,66,147,1014.6317233049575,0
primary_total_co2,M1b,primary_loco,NPL,Nepal,Southern Asia,0.12394103933918027,0.15238549094675397,-0.028444451607573695,0.028444451607573695,67,147,541.6957236344748,0
primary_total_co2,M1b,primary_loco,OMN,Oman,Western Asia,0.2034660332775613,0.13702901544145216,0.06643701783610914,0.06643701783610914,68,144,518.7600014609704,0
primary_total_co2,M1b,primary_loco,PAK,Pakistan,Southern Asia,0.1799496198587603,0.17783729184786617,0.0021123280108941156,0.0021123280108941156,69,141,510.6416259410729,0
primary_total_co2,M1b,primary_loco,PHL,Philippines,South-eastern Asia,0.16029540562197608,0.12051178628261519,0.03978361933936089,0.03978361933936089,70,145,833.6550541710932,0
primary_total_co2,M1b,primary_loco,QAT,Qatar,Western Asia,0.2314787860422459,0.16535186959700746,0.06612691644523844,0.06612691644523844,71,145,596.9267432386954,0
primary_total_co2,M1b,primary_loco,SAU,Saudi Arabia,Western Asia,0.1912885606557455,0.18452972565476145,0.006758835000984065,0.006758835000984065,72,132,666.2405990245873,0
primary_total_co2,M1b,primary_loco,KOR,South Korea,Eastern Asia,0.14512934007189218,0.20104854247573037,-0.055919202403838186,0.055919202403838186,73,147,877.0301146579199,0
primary_total_co2,M1b,primary_loco,LKA,Sri Lanka,Southern Asia,0.13450142935863102,0.1386251531962176,-0.004123723837586579,0.004123723837586579,74,149,1398.3985671009978,0
primary_total_co2,M1b,primary_loco,SYR,Syria,Western Asia,0.14323534954112288,0.21362556362189183,-0.07039021408076895,0.07039021408076895,75,138,584.2435976894245,0
primary_total_co2,M1b,primary_loco,TWN,Taiwan,Eastern Asia,0.13706412122195852,0.14528706928976315,-0.00822294806780463,0.00822294806780463,76,147,845.9041034836367,0
primary_total_co2,M1b,primary_loco,TJK,Tajikistan,Central Asia,0.233975502099763,0.20334389926313087,0.030631602836632132,0.030631602836632132,77,143,568.6539133064839,0
primary_total_co2,M1b,primary_loco,THA,Thailand,South-eastern Asia,0.11983102194091183,0.1623156340085396,-0.04248461206762777,0.04248461206762777,78,142,583.964746833446,0
primary_total_co2,M1b,primary_loco,TUR,Turkey,Western Asia,0.1419623303023036,0.1542703034891344,-0.0123079731868308,0.0123079731868308,79,129,506.9514190084059,0
primary_total_co2,M1b,primary_loco,TKM,Turkmenistan,Central Asia,0.2752870410187589,0.18658451541203924,0.08870252560671965,0.08870252560671965,80,141,502.3155465637135,0
primary_total_co2,M1b,primary_loco,ARE,United Arab Emirates,Western Asia,0.2248308233871666,0.1538404251108459,0.0709903982763207,0.0709903982763207,81,144,595.6035032545958,0
primary_total_co2,M1b,primary_loco,UZB,Uzbekistan,Central Asia,0.27739224194989204,0.2074925584960604,0.06989968345383163,0.06989968345383163,82,142,519.6002071985519,0
primary_total_co2,M1b,primary_loco,VNM,Vietnam,South-eastern Asia,0.122632583177362,0.15924372891541966,-0.036611145738057654,0.036611145738057654,83,143,743.2317243953779,0
primary_total_co2,M1b,primary_loco,YEM,Yemen,Western Asia,0.20150002766065422,0.1510684142521648,0.05043161340848942,0.05043161340848942,84,142,596.9267432386954,0
primary_total_co2,M1b,primary_loco,ALB,Albania,Southern Europe,0.15748303087977816,0.14269003329306845,0.01479299758670971,0.01479299758670971,85,138,532.1940953141744,0
primary_total_co2,M1b,primary_loco,AUT,Austria,Western Europe,0.21029967713303166,0.2181251185191886,-0.007825441386156928,0.007825441386156928,86,133,532.1940953141744,0
primary_total_co2,M1b,primary_loco,BLR,Belarus,Eastern Europe,0.21395039394228654,0.2128036001860273,0.0011467937562592567,0.0011467937562592567,87,137,523.4292153680008,0
primary_total_co2,M1b,primary_loco,BEL,Belgium,Western Europe,0.1951636806716645,0.1721604784173556,0.023003202254308908,0.023003202254308908,88,141,575.2113851156029,0
primary_total_co2,M1b,primary_loco,BIH,Bosnia And Herzegovina,Southern Europe,0.18440933101350881,0.18788602689346623,-0.0034766958799574144,0.0034766958799574144,89,132,516.557346163752,0
primary_total_co2,M1b,primary_loco,BGR,Bulgaria,Eastern Europe,0.16411393376308978,0.2115683055979511,-0.047454371834861314,0.047454371834861314,90,136,516.1513126517902,0
primary_total_co2,M1b,primary_loco,HRV,Croatia,Southern Europe,0.18952185187085302,0.2051256893018622,-0.015603837431009182,0.015603837431009182,91,131,616.9791693143779,0
primary_total_co2,M1b,primary_loco,CYP,Cyprus,Western Asia,0.14075176149640625,0.16532316454145501,-0.024571403045048762,0.024571403045048762,92,141,701.1073430807862,0
primary_total_co2,M1b,primary_loco,CZE,Czech Republic,Eastern Europe,0.19293606527047014,0.22150739376022655,-0.02857132848975641,0.02857132848975641,93,130,554.6138800350556,0
primary_total_co2,M1b,primary_loco,DNK,Denmark,Northern Europe,0.1919403849228464,0.18099407537803575,0.010946309544810656,0.010946309544810656,94,138,523.4292153680008,0
primary_total_co2,M1b,primary_loco,EST,Estonia,Northern Europe,0.25938076329685683,0.20235743054494942,0.05702333275190741,0.05702333275190741,95,142,525.0751955757905,0
primary_total_co2,M1b,primary_loco,FIN,Finland,Northern Europe,0.2349856997144576,0.19798953472677341,0.03699616498768418,0.03699616498768418,96,143,541.07029162924,0
primary_total_co2,M1b,primary_loco,FRA,France,Western Europe,0.1916777527720347,0.17620269026450824,0.01547506250752645,0.01547506250752645,97,135,516.557346163752,0
primary_total_co2,M1b,primary_loco,DEU,Germany,Western Europe,0.19552600658812053,0.17653717119169118,0.018988835396429343,0.018988835396429343,98,129,540.6326509284623,0
primary_total_co2,M1b,primary_loco,GRC,Greece,Southern Europe,0.14163851313814882,0.17220019597531647,-0.030561682837167647,0.030561682837167647,99,135,544.4786407610321,0
primary_total_co2,M1b,primary_loco,HUN,Hungary,Eastern Europe,0.18683465599109378,0.2381010125414188,-0.05126635655032502,0.05126635655032502,100,131,544.4786407610321,0
primary_total_co2,M1b,primary_loco,ISL,Iceland,Northern Europe,0.12736783367802937,0.2138460751133269,-0.08647824143529753,0.08647824143529753,101,150,683.9995161569707,1
primary_total_co2,M1b,primary_loco,IRL,Ireland,Northern Europe,0.1678618971108085,0.1892514190422105,-0.021389521931401978,0.021389521931401978,102,148,575.2113851156029,0
primary_total_co2,M1b,primary_loco,ITA,Italy,Southern Europe,0.1823289325414157,0.16692685164023238,0.015402080901183307,0.015402080901183307,103,127,500.6829492326859,0
primary_total_co2,M1b,primary_loco,LVA,Latvia,Northern Europe,0.2466163184774826,0.19581995433874227,0.050796364138740335,0.050796364138740335,104,140,561.438700953788,0
primary_total_co2,M1b,primary_loco,LTU,Lithuania,Northern Europe,0.22162226701877433,0.1958587175643246,0.025763549454449725,0.025763549454449725,105,140,506.53074534544373,0
primary_total_co2,M1b,primary_loco,MKD,Macedonia,Southern Europe,0.16410994630244113,0.17629617656103813,-0.012186230258596997,0.012186230258596997,106,139,550.1872309204372,0
primary_total_co2,M1b,primary_loco,MDA,Moldova,Eastern Europe,0.15544942684686172,0.1978308848528349,-0.04238145800597318,0.04238145800597318,107,139,568.1431789453329,0
primary_total_co2,M1b,primary_loco,MNE,Montenegro,Southern Europe,0.1643666862725019,0.17281423202557197,-0.00844754575307008,0.00844754575307008,108,137,506.9514190084059,0
primary_total_co2,M1b,primary_loco,NLD,Netherlands,Western Europe,0.18877545734026732,0.15133397882771848,0.03744147851254884,0.03744147851254884,109,138,606.5995382433201,0
primary_total_co2,M1b,primary_loco,NOR,Norway,Northern Europe,0.20191951273050374,0.20751469783764231,-0.005595185107138578,0.005595185107138578,110,143,525.0751955757905,0
primary_total_co2,M1b,primary_loco,POL,Poland,Eastern Europe,0.18403612522932167,0.2090674468324937,-0.025031321603172035,0.025031321603172035,111,129,516.1513126517902,0
primary_total_co2,M1b,primary_loco,PRT,Portugal,Southern Europe,0.1846817946752158,0.16009541922981566,0.024586375445400155,0.024586375445400155,112,147,502.80410892048315,0
primary_total_co2,M1b,primary_loco,ROU,Romania,Eastern Europe,0.1626491375716469,0.22806959057644338,-0.06542045300479649,0.06542045300479649,113,132,500.6829492326859,0
primary_total_co2,M1b,primary_loco,RUS,Russia,Eastern Europe,0.262173281711931,0.22938639728091675,0.03278688443101424,0.03278688443101424,114,124,510.89421444985624,0
primary_total_co2,M1b,primary_loco,SRB,Serbia,Southern Europe,0.1777828851474587,0.2062879894860778,-0.02850510433861908,0.02850510433861908,115,131,620.6316199825837,0
primary_total_co2,M1b,primary_loco,SVK,Slovakia,Eastern Europe,0.17135924127324334,0.2380605405720428,-0.06670129929879945,0.06670129929879945,116,133,506.53074534544373,0
primary_total_co2,M1b,primary_loco,SVN,Slovenia,Southern Europe,0.2104092831778439,0.19980507631399996,0.010604206863843946,0.010604206863843946,117,134,523.0003061461504,0
primary_total_co2,M1b,primary_loco,ESP,Spain,Southern Europe,0.19118695961871326,0.1617369996425362,0.029449959976177054,0.029449959976177054,118,142,632.7715866249459,0
primary_total_co2,M1b,primary_loco,SWE,Sweden,Northern Europe,0.21924683880167534,0.19851427198542454,0.020732566816250797,0.020732566816250797,119,138,629.3631220012767,0
primary_total_co2,M1b,primary_loco,CHE,Switzerland,Western Europe,0.20255138935875544,0.1997255613027623,0.0028258280559931293,0.0028258280559931293,120,137,526.9858117933452,0
primary_total_co2,M1b,primary_loco,UKR,Ukraine,Eastern Europe,0.17767865721146503,0.2170403320772275,-0.039361674865762475,0.039361674865762475,121,130,550.1872309204372,0
primary_total_co2,M1b,primary_loco,GBR,United Kingdom,Northern Europe,0.16309409461298247,0.17404309809897572,-0.010949003485993258,0.010949003485993258,122,143,550.8784160473896,0
primary_total_co2,M1b,primary_loco,BHS,Bahamas,Caribbean,0.13991083211606994,0.13230130185166916,0.007609530264400782,0.007609530264400782,123,145,649.753202684238,0
primary_total_co2,M1b,primary_loco,CAN,Canada,Northern America,0.2521930060529909,0.16514080706041595,0.08705219899257494,0.08705219899257494,124,149,1211.70507087315,0
primary_total_co2,M1b,primary_loco,CRI,Costa Rica,Central America,0.10130466192673268,0.1318278003538234,-0.03052313842709073,0.03052313842709073,125,145,522.0485865536078,0
primary_total_co2,M1b,primary_loco,CUB,Cuba,Caribbean,0.12305617676307766,0.1144666939330343,0.008589482830043363,0.008589482830043363,126,142,626.2791298879949,0
primary_total_co2,M1b,primary_loco,DOM,Dominican Republic,Caribbean,0.15478420047944152,0.09290352921506995,0.06188067126437158,0.06188067126437158,127,146,513.5751905242428,0
primary_total_co2,M1b,primary_loco,SLV,El Salvador,Central America,0.06948090854064985,0.12758562061082548,-0.05810471207017563,0.05810471207017563,128,145,621.3832720483516,0
primary_total_co2,M1b,primary_loco,GTM,Guatemala,Central America,0.0508136158223582,0.10947471560107629,-0.058661099778718084,0.058661099778718084,129,146,522.0485865536078,0
primary_total_co2,M1b,primary_loco,HTI,Haiti,Caribbean,0.14216341234840274,0.0823284092227893,0.059835003125613434,0.059835003125613434,130,145,605.476460412235,0
primary_total_co2,M1b,primary_loco,HND,Honduras,Central America,0.08078933014247122,0.13950835794616073,-0.05871902780368951,0.05871902780368951,131,142,543.6258175805675,0
primary_total_co2,M1b,primary_loco,JAM,Jamaica,Caribbean,0.12861876139008294,0.10344123279238512,0.025177528597697812,0.025177528597697812,132,144,502.6764474773437,0
primary_total_co2,M1b,primary_loco,MEX,Mexico,Central America,0.04065719593311795,0.14001771765148122,-0.09936052171836326,0.09936052171836326,133,144,649.753202684238,0
primary_total_co2,M1b,primary_loco,NIC,Nicaragua,Central America,0.09228609649696132,0.13513427863209002,-0.0428481821351287,0.0428481821351287,134,143,502.6764474773437,0
primary_total_co2,M1b,primary_loco,PAN,Panama,Central America,0.12161241121300685,0.12163630603046244,-2.389481745558586e-05,2.389481745558586e-05,135,146,543.6258175805675,0
primary_total_co2,M1b,primary_loco,USA,United States,Northern America,0.1695001197237513,0.14251228556859127,0.02698783415516004,0.02698783415516004,136,145,693.3867407223388,0
primary_total_co2,M1b,primary_loco,AUS,Australia,Australia and New Zealand,0.16302097420962694,0.09535819269109291,0.06766278151853403,0.06766278151853403,137,148,573.2862742563728,0
primary_total_co2,M1b,primary_loco,NZL,New Zealand,Australia and New Zealand,0.10027093962176431,0.17464765807944752,-0.0743767184576832,0.0743767184576832,138,150,573.2862742563728,0
primary_total_co2,M1b,primary_loco,PNG,Papua New Guinea,Melanesia,0.13861753573076713,0.05188341530389948,0.08673412042686765,0.08673412042686765,139,148,1885.2356988228598,0
primary_total_co2,M1b,primary_loco,ARG,Argentina,South America,0.10866574248962382,0.1738093846287348,-0.06514364213911097,0.06514364213911097,140,145,531.5088271370684,0
primary_total_co2,M1b,primary_loco,BOL,Bolivia,South America,0.10781469285053756,0.11772770422186096,-0.009913011371323402,0.009913011371323402,141,145,726.5460124230909,0
primary_total_co2,M1b,primary_loco,BRA,Brazil,South America,0.16469595530453246,0.05002858912722502,0.11466736617730744,0.11466736617730744,142,141,706.9167400925614,0
primary_total_co2,M1b,primary_loco,CHL,Chile,South America,0.0993071522959073,0.15892181651457976,-0.05961466421867247,0.05961466421867247,143,146,706.9167400925614,0
primary_total_co2,M1b,primary_loco,COL,Colombia,South America,0.13225011394627992,0.11600310073064718,0.01624701321563274,0.01624701321563274,144,139,513.5751905242428,0
primary_total_co2,M1b,primary_loco,ECU,Ecuador,South America,0.12529387656573873,0.08645752439071797,0.038836352175020766,0.038836352175020766,145,147,591.9986379136827,0
primary_total_co2,M1b,primary_loco,PRY,Paraguay,South America,0.12268222549728672,0.16296298652626282,-0.0402807610289761,0.0402807610289761,146,145,807.4705432316664,0
primary_total_co2,M1b,primary_loco,PER,Peru,South America,0.10234701745272959,0.10297602330288361,-0.0006290058501540186,0.0006290058501540186,147,145,531.5088271370684,0
primary_total_co2,M1b,primary_loco,SUR,Suriname,South America,0.14991778270906336,0.12044939416732547,0.02946838854173789,0.02946838854173789,148,148,1011.1920654792765,0
primary_total_co2,M1b,primary_loco,URY,Uruguay,South America,0.1340604374132053,0.13118684924956117,0.0028735881636441363,0.0028735881636441363,149,147,1000.6055544230104,0
primary_total_co2,M1b,primary_loco,VEN,Venezuela,South America,0.14209795456206648,0.11837901038680129,0.023718944175265183,0.023718944175265183,150,146,519.4213053467744,0
primary_total_co2,M1b,m49_subregion_lo,DZA,Algeria,Northern Africa,0.24027005915767902,0.22278293834702023,0.017487120810658785,0.017487120810658785,9,145,0.0,0
primary_total_co2,M1b,m49_subregion_lo,AGO,Angola,Middle Africa,0.2003000150757142,0.14685681184090135,0.05344320323481286,0.05344320323481286,8,143,0.0,0
primary_total_co2,M1b,m49_subregion_lo,BEN,Benin,Western Africa,0.20270211677173233,0.17258399163640903,0.030118125135323304,0.030118125135323304,17,137,645.265464870903,0
primary_total_co2,M1b,m49_subregion_lo,BWA,Botswana,Southern Africa,0.15541865895509172,0.2361203676081804,-0.08070170865308868,0.08070170865308868,14,146,0.0,0
primary_total_co2,M1b,m49_subregion_lo,BFA,Burkina Faso,Western Africa,0.2158731392585228,0.2068261349169903,0.009047004341532494,0.009047004341532494,17,137,544.1912089132867,0
primary_total_co2,M1b,m49_subregion_lo,BDI,Burundi,Eastern Africa,0.20888549627683978,0.17568699232136353,0.033198503955476244,0.033198503955476244,4,137,0.0,0
primary_total_co2,M1b,m49_subregion_lo,CMR,Cameroon,Middle Africa,0.16636200134979467,0.20643321248284274,-0.04007121113304807,0.04007121113304807,8,143,0.0,0
primary_total_co2,M1b,m49_subregion_lo,CAF,Central African Republic,Middle Africa,0.18403786064638777,0.23610685262569747,-0.0520689919793097,0.0520689919793097,8,143,0.0,0
primary_total_co2,M1b,m49_subregion_lo,TCD,Chad,Middle Africa,0.2035091414222523,0.2412614818728537,-0.03775234045060141,0.03775234045060141,8,143,0.0,0
primary_total_co2,M1b,m49_subregion_lo,COG,Congo,Middle Africa,0.1704220858831212,0.17751777200738975,-0.007095686124268558,0.007095686124268558,8,143,505.2073478639452,0
primary_total_co2,M1b,m49_subregion_lo,COD,Congo (Democratic Republic Of The),Middle Africa,0.19859794898946587,0.20571684506550791,-0.007118896076042047,0.007118896076042047,8,143,0.0,0
primary_total_co2,M1b,m49_subregion_lo,CIV,Côte D'Ivoire,Western Africa,0.20772847580142792,0.17185770030938902,0.0358707754920389,0.0358707754920389,17,137,1146.2272281719115,0
primary_total_co2,M1b,m49_subregion_lo,DJI,Djibouti,Eastern Africa,0.20035987264449803,0.1972669376342201,0.0030929350102779363,0.0030929350102779363,4,137,0.0,0
primary_total_co2,M1b,m49_subregion_lo,EGY,Egypt,Northern Africa,0.15478518959618381,0.2563589382021943,-0.10157374860601048,0.10157374860601048,9,145,0.0,0
primary_total_co2,M1b,m49_subregion_lo,GNQ,Equatorial Guinea,Middle Africa,0.16354706521210607,0.20131655492720985,-0.03776948971510377,0.03776948971510377,8,143,47.96538430627216,0
primary_total_co2,M1b,m49_subregion_lo,ERI,Eritrea,Eastern Africa,0.20315322405399622,0.20768684087002898,-0.0045336168160327595,0.0045336168160327595,4,137,0.0,0
primary_total_co2,M1b,m49_subregion_lo,ETH,Ethiopia,Eastern Africa,0.2076992707889047,0.20228781371916307,0.0054114570697416375,0.0054114570697416375,4,137,0.0,0
primary_total_co2,M1b,m49_subregion_lo,GAB,Gabon,Middle Africa,0.16553931693258667,0.20485661605074168,-0.039317299118155014,0.039317299118155014,8,143,393.4955865870661,0
primary_total_co2,M1b,m49_subregion_lo,GHA,Ghana,Western Africa,0.1992545668996173,0.16581046154053247,0.03344410535908482,0.03344410535908482,17,137,798.46338256126,0
primary_total_co2,M1b,m49_subregion_lo,GIN,Guinea,Western Africa,0.22751348300753205,0.1728071227670902,0.05470636024044184,0.05470636024044184,17,137,1379.6206050964508,0
primary_total_co2,M1b,m49_subregion_lo,GNB,Guinea Bissau,Western Africa,0.23319971534367673,0.18257399761434806,0.05062571772932867,0.05062571772932867,17,137,1617.241497205949,0
primary_total_co2,M1b,m49_subregion_lo,KEN,Kenya,Eastern Africa,0.21062387448612835,0.15413480395534157,0.05648907053078678,0.05648907053078678,4,137,330.87777471301035,0
primary_total_co2,M1b,m49_subregion_lo,LSO,Lesotho,Southern Africa,0.16129029981211962,0.18874576900064738,-0.02745546918852776,0.02745546918852776,14,146,383.6883862686943,0
primary_total_co2,M1b,m49_subregion_lo,LBR,Liberia,Western Africa,0.2160061033815747,0.1879259065789977,0.028080196802577007,0.028080196802577007,17,137,1561.4249136946626,0
primary_total_co2,M1b,m49_subregion_lo,LBY,Libya,Northern Africa,0.19059948923507644,0.2607103218249581,-0.07011083258988168,0.07011083258988168,9,145,0.0,0
primary_total_co2,M1b,m49_subregion_lo,MDG,Madagascar,Eastern Africa,0.1813544794012833,0.1755758610946112,0.00577861830667209,0.00577861830667209,4,137,1073.2830729201928,0
primary_total_co2,M1b,m49_subregion_lo,MWI,Malawi,Eastern Africa,0.18854099012577252,0.1781330236843099,0.010407966441462635,0.010407966441462635,4,137,281.6257549875083,0
primary_total_co2,M1b,m49_subregion_lo,MLI,Mali,Western Africa,0.24782669503123966,0.21663776719533806,0.031188927835901603,0.031188927835901603,17,137,0.0,0
primary_total_co2,M1b,m49_subregion_lo,MRT,Mauritania,Western Africa,0.2597916027159455,0.188470022497975,0.07132158021797047,0.07132158021797047,17,137,0.0,0
primary_total_co2,M1b,m49_subregion_lo,MAR,Morocco,Northern Africa,0.2418455862979349,0.20602258031257878,0.03582300598535612,0.03582300598535612,9,145,0.0,0
primary_total_co2,M1b,m49_subregion_lo,MOZ,Mozambique,Eastern Africa,0.172823801894673,0.17862173897454842,-0.005797937079875415,0.005797937079875415,4,137,0.0,0
primary_total_co2,M1b,m49_subregion_lo,NAM,Namibia,Southern Africa,0.17785319196923344,0.2139582846142542,-0.036105092645020764,0.036105092645020764,14,146,0.0,0
primary_total_co2,M1b,m49_subregion_lo,NER,Niger,Western Africa,0.2385606960588716,0.22076831528390883,0.017792380774962757,0.017792380774962757,17,137,0.0,0
primary_total_co2,M1b,m49_subregion_lo,NGA,Nigeria,Western Africa,0.2030109401107239,0.17818822660202283,0.024822713508701078,0.024822713508701078,17,137,0.0,0
primary_total_co2,M1b,m49_subregion_lo,RWA,Rwanda,Eastern Africa,0.20845952779692498,0.18509116619333352,0.02336836160359146,0.02336836160359146,4,137,0.0,0
primary_total_co2,M1b,m49_subregion_lo,SEN,Senegal,Western Africa,0.24097868636270878,0.17742702956772644,0.06355165679498234,0.06355165679498234,17,137,1179.1517889448926,0
primary_total_co2,M1b,m49_subregion_lo,SLE,Sierra Leone,Western Africa,0.22372060994282955,0.18389884101113305,0.039821768931696505,0.039821768931696505,17,137,1724.517897758064,0
primary_total_co2,M1b,m49_subregion_lo,SOM,Somalia,Eastern Africa,0.19588332023430152,0.19745166316596485,-0.0015683429316633302,0.0015683429316633302,4,137,46.741482352898096,0
primary_total_co2,M1b,m49_subregion_lo,ZAF,South Africa,Southern Africa,0.16028496312204338,0.19608611252966096,-0.03580114940761758,0.03580114940761758,14,146,0.0,0
primary_total_co2,M1b,m49_subregion_lo,SDN,Sudan,Northern Africa,0.20487305719629992,0.25431377176070985,-0.04944071456440993,0.04944071456440993,9,145,0.0,0
primary_total_co2,M1b,m49_subregion_lo,SWZ,Swaziland,Southern Africa,0.15934183499515397,0.211964573321546,-0.05262273832639203,0.05262273832639203,14,146,0.0,0
primary_total_co2,M1b,m49_subregion_lo,TZA,Tanzania,Eastern Africa,0.20953051997740807,0.15433362967150596,0.05519689030590211,0.05519689030590211,4,137,0.0,0
primary_total_co2,M1b,m49_subregion_lo,TGO,Togo,Western Africa,0.1941324419699687,0.19397930241019465,0.00015313955977405702,0.00015313955977405702,17,137,747.8828031769658,0
primary_total_co2,M1b,m49_subregion_lo,TUN,Tunisia,Northern Africa,0.23748975158588337,0.2465577347484771,-0.009067983162593718,0.009067983162593718,9,145,27.377612411820852,0
primary_total_co2,M1b,m49_subregion_lo,UGA,Uganda,Eastern Africa,0.21147594840550732,0.21625643080096418,-0.004780482395456864,0.004780482395456864,4,137,0.0,0
primary_total_co2,M1b,m49_subregion_lo,ZMB,Zambia,Eastern Africa,0.17691283567770744,0.1774396309515847,-0.0005267952738772508,0.0005267952738772508,4,137,0.0,0
primary_total_co2,M1b,m49_subregion_lo,ZWE,Zimbabwe,Eastern Africa,0.1535502891079796,0.17133865705687945,-0.017788367948899847,0.017788367948899847,4,137,0.0,0
primary_total_co2,M1b,m49_subregion_lo,AFG,Afghanistan,Southern Asia,0.24733117695547363,0.2094119235874522,0.03791925336802143,0.03791925336802143,15,144,0.0,0
primary_total_co2,M1b,m49_subregion_lo,ARM,Armenia,Western Asia,0.18833773750931812,0.17494993557489266,0.013387801934425458,0.013387801934425458,18,136,0.0,0
primary_total_co2,M1b,m49_subregion_lo,AZE,Azerbaijan,Western Asia,0.19504824967387935,0.17679881893986912,0.018249430734010225,0.018249430734010225,18,136,0.0,0
primary_total_co2,M1b,m49_subregion_lo,BGD,Bangladesh,Southern Asia,0.11108862004719486,0.15445236714632316,-0.0433637470991283,0.0433637470991283,15,144,0.0,0
primary_total_co2,M1b,m49_subregion_lo,MMR,Burma,South-eastern Asia,0.10898678984933867,0.1626892105346053,-0.053702420685266636,0.053702420685266636,13,143,0.0,0
primary_total_co2,M1b,m49_subregion_lo,KHM,Cambodia,South-eastern Asia,0.12397652977439673,0.15327778507341755,-0.02930125529902082,0.02930125529902082,13,143,396.321146942888,0
primary_total_co2,M1b,m49_subregion_lo,CHN,China,Eastern Asia,0.18801127254816274,0.17031886247135508,0.017692410076807663,0.017692410076807663,5,146,0.0,0
primary_total_co2,M1b,m49_subregion_lo,GEO,Georgia,Western Asia,0.17014653222140888,0.17922296821392839,-0.009076435992519505,0.009076435992519505,18,136,0.0,0
primary_total_co2,M1b,m49_subregion_lo,IND,India,Southern Asia,0.12279874845556998,0.17592801377688133,-0.05312926532131135,0.05312926532131135,15,144,0.0,0
primary_total_co2,M1b,m49_subregion_lo,IDN,Indonesia,South-eastern Asia,0.1365994643114788,0.08526994034876435,0.05132952396271444,0.05132952396271444,13,143,0.0,0
primary_total_co2,M1b,m49_subregion_lo,IRN,Iran,Southern Asia,0.25326598928356275,0.1822706650836352,0.07099532419992755,0.07099532419992755,15,144,0.0,0
primary_total_co2,M1b,m49_subregion_lo,IRQ,Iraq,Western Asia,0.1763349119758569,0.16529305160062777,0.01104186037522914,0.01104186037522914,18,136,0.0,0
primary_total_co2,M1b,m49_subregion_lo,ISR,Israel,Western Asia,0.1289730259690734,0.18111516100990666,-0.05214213504083326,0.05214213504083326,18,136,0.0,0
primary_total_co2,M1b,m49_subregion_lo,JPN,Japan,Eastern Asia,0.13484212055215955,0.13467060254690158,0.00017151800525797012,0.00017151800525797012,5,146,0.0,0
primary_total_co2,M1b,m49_subregion_lo,JOR,Jordan,Western Asia,0.1241622692023015,0.1350628825051094,-0.010900613302807893,0.010900613302807893,18,136,0.0,0
primary_total_co2,M1b,m49_subregion_lo,KAZ,Kazakhstan,Central Asia,0.2607179280248597,0.23426212603825014,0.026455801986609573,0.026455801986609573,3,147,0.0,0
primary_total_co2,M1b,m49_subregion_lo,LAO,Laos,South-eastern Asia,0.11990552917453423,0.16492319747219866,-0.04501766829766443,0.04501766829766443,13,143,0.0,0
primary_total_co2,M1b,m49_subregion_lo,LBN,Lebanon,Western Asia,0.13240721718298015,0.15595165108052933,-0.023544433897549177,0.023544433897549177,18,136,187.50531296091114,0
primary_total_co2,M1b,m49_subregion_lo,MYS,Malaysia,South-eastern Asia,0.14354714353630665,0.14248903616470043,0.0010581073716062206,0.0010581073716062206,13,143,598.4793279343521,0
primary_total_co2,M1b,m49_subregion_lo,MNG,Mongolia,Eastern Asia,0.273292065382825,0.23162784862188962,0.0416642167609354,0.0416642167609354,5,146,0.0,0
primary_total_co2,M1b,m49_subregion_lo,NPL,Nepal,Southern Asia,0.12394103933918027,0.15436959931678051,-0.030428559977600245,0.030428559977600245,15,144,0.0,0
primary_total_co2,M1b,m49_subregion_lo,OMN,Oman,Western Asia,0.2034660332775613,0.15697833397160715,0.046487699305954144,0.046487699305954144,18,136,0.0,0
primary_total_co2,M1b,m49_subregion_lo,PAK,Pakistan,Southern Asia,0.1799496198587603,0.1985177317652908,-0.018568111906530516,0.018568111906530516,15,144,0.0,0
primary_total_co2,M1b,m49_subregion_lo,PHL,Philippines,South-eastern Asia,0.16029540562197608,0.1357209291692543,0.02457447645272179,0.02457447645272179,13,143,47.49888607368512,0
primary_total_co2,M1b,m49_subregion_lo,QAT,Qatar,Western Asia,0.2314787860422459,0.17692538728640475,0.05455339875584114,0.05455339875584114,18,136,142.64782200789546,0
primary_total_co2,M1b,m49_subregion_lo,SAU,Saudi Arabia,Western Asia,0.1912885606557455,0.1805497163254253,0.010738844330320213,0.010738844330320213,18,136,0.0,0
primary_total_co2,M1b,m49_subregion_lo,KOR,South Korea,Eastern Asia,0.14512934007189218,0.20658630862698024,-0.06145696855508806,0.06145696855508806,5,146,443.8688022422155,0
primary_total_co2,M1b,m49_subregion_lo,LKA,Sri Lanka,Southern Asia,0.13450142935863102,0.1440455186594261,-0.009544089300795089,0.009544089300795089,15,144,1398.3985671009978,0
primary_total_co2,M1b,m49_subregion_lo,SYR,Syria,Western Asia,0.14323534954112288,0.19817624959091518,-0.054940900049792296,0.054940900049792296,18,136,155.9578549828427,0
primary_total_co2,M1b,m49_subregion_lo,TWN,Taiwan,Eastern Asia,0.13706412122195852,0.15515186018209262,-0.018087738960134103,0.018087738960134103,5,146,47.49888607368512,0
primary_total_co2,M1b,m49_subregion_lo,TJK,Tajikistan,Central Asia,0.233975502099763,0.2060058501834583,0.02796965191630471,0.02796965191630471,3,147,0.0,0
primary_total_co2,M1b,m49_subregion_lo,THA,Thailand,South-eastern Asia,0.11983102194091183,0.15731255159167806,-0.03748152965076623,0.03748152965076623,13,143,101.32323020433631,0
primary_total_co2,M1b,m49_subregion_lo,TUR,Turkey,Western Asia,0.1419623303023036,0.1630959845398215,-0.021133654237517896,0.021133654237517896,18,136,0.0,0
primary_total_co2,M1b,m49_subregion_lo,TKM,Turkmenistan,Central Asia,0.2752870410187589,0.1982235920423504,0.07706344897640849,0.07706344897640849,3,147,0.0,0
primary_total_co2,M1b,m49_subregion_lo,ARE,United Arab Emirates,Western Asia,0.2248308233871666,0.17234724776187899,0.052483575625287604,0.052483575625287604,18,136,17.720187473834866,0
primary_total_co2,M1b,m49_subregion_lo,UZB,Uzbekistan,Central Asia,0.27739224194989204,0.22038698280267166,0.05700525914722038,0.05700525914722038,3,147,0.0,0
primary_total_co2,M1b,m49_subregion_lo,VNM,Vietnam,South-eastern Asia,0.122632583177362,0.1577368640525783,-0.035104280875216304,0.035104280875216304,13,143,0.0,0
primary_total_co2,M1b,m49_subregion_lo,YEM,Yemen,Western Asia,0.20150002766065422,0.15788922289578858,0.043610804764865646,0.043610804764865646,18,136,0.0,0
primary_total_co2,M1b,m49_subregion_lo,ALB,Albania,Southern Europe,0.15748303087977816,0.1367889241267008,0.020694106753077368,0.020694106753077368,16,140,146.54719742165196,0
primary_total_co2,M1b,m49_subregion_lo,AUT,Austria,Western Europe,0.21029967713303166,0.20767248033661145,0.002627196796420206,0.002627196796420206,19,145,0.0,0
primary_total_co2,M1b,m49_subregion_lo,BLR,Belarus,Eastern Europe,0.21395039394228654,0.2217491373431763,-0.007798743400889763,0.007798743400889763,6,141,0.0,0
primary_total_co2,M1b,m49_subregion_lo,BEL,Belgium,Western Europe,0.1951636806716645,0.17246650461122548,0.022697176060439028,0.022697176060439028,19,145,48.01959221686881,0
primary_total_co2,M1b,m49_subregion_lo,BIH,Bosnia And Herzegovina,Southern Europe,0.18440933101350881,0.16900223872686249,0.015407092286646329,0.015407092286646329,16,140,52.570945457569444,0
primary_total_co2,M1b,m49_subregion_lo,BGR,Bulgaria,Eastern Europe,0.16411393376308978,0.2117685368558013,-0.04765460309271152,0.04765460309271152,6,141,0.0,0
primary_total_co2,M1b,m49_subregion_lo,HRV,Croatia,Southern Europe,0.18952185187085302,0.1852598261367196,0.004262025734133423,0.004262025734133423,16,140,0.0,0
primary_total_co2,M1b,m49_subregion_lo,CYP,Cyprus,Western Asia,0.14075176149640625,0.1505654902072773,-0.00981372871087105,0.00981372871087105,18,136,296.4456632551163,0
primary_total_co2,M1b,m49_subregion_lo,CZE,Czech Republic,Eastern Europe,0.19293606527047014,0.2296905266596272,-0.036754461389157056,0.036754461389157056,6,141,0.0,0
primary_total_co2,M1b,m49_subregion_lo,DNK,Denmark,Northern Europe,0.1919403849228464,0.18710407712708713,0.004836307795759276,0.004836307795759276,11,141,0.0,0
primary_total_co2,M1b,m49_subregion_lo,EST,Estonia,Northern Europe,0.25938076329685683,0.20445678124751368,0.05492398204934315,0.05492398204934315,11,141,0.0,0
primary_total_co2,M1b,m49_subregion_lo,FIN,Finland,Northern Europe,0.2349856997144576,0.20117262494087398,0.03381307477358361,0.03381307477358361,11,141,0.0,0
primary_total_co2,M1b,m49_subregion_lo,FRA,France,Western Europe,0.1916777527720347,0.18302757428754435,0.008650178484490345,0.008650178484490345,19,145,0.0,0
primary_total_co2,M1b,m49_subregion_lo,DEU,Germany,Western Europe,0.19552600658812053,0.1772586571521228,0.018267349435997726,0.018267349435997726,19,145,0.0,0
primary_total_co2,M1b,m49_subregion_lo,GRC,Greece,Southern Europe,0.14163851313814882,0.16290945716266228,-0.02127094402451346,0.02127094402451346,16,140,0.0,0
primary_total_co2,M1b,m49_subregion_lo,HUN,Hungary,Eastern Europe,0.18683465599109378,0.22780257122576494,-0.040967915234671165,0.040967915234671165,6,141,0.0,0
primary_total_co2,M1b,m49_subregion_lo,ISL,Iceland,Northern Europe,0.12736783367802937,0.2054599193533949,-0.07809208567536552,0.07809208567536552,11,141,1589.9818779432417,1
primary_total_co2,M1b,m49_subregion_lo,IRL,Ireland,Northern Europe,0.1678618971108085,0.18337842178709152,-0.015516524676283006,0.015516524676283006,11,141,355.59940543108286,0
primary_total_co2,M1b,m49_subregion_lo,ITA,Italy,Southern Europe,0.1823289325414157,0.16876617534173077,0.013562757199684916,0.013562757199684916,16,140,0.0,0
primary_total_co2,M1b,m49_subregion_lo,LVA,Latvia,Northern Europe,0.2466163184774826,0.19731810699218277,0.04929821148529984,0.04929821148529984,11,141,0.0,0
primary_total_co2,M1b,m49_subregion_lo,LTU,Lithuania,Northern Europe,0.22162226701877433,0.1974080206904507,0.02421424632832364,0.02421424632832364,11,141,0.0,0
primary_total_co2,M1b,m49_subregion_lo,MKD,Macedonia,Southern Europe,0.16410994630244113,0.16935516838644704,-0.005245222084005907,0.005245222084005907,16,140,0.0,0
primary_total_co2,M1b,m49_subregion_lo,MDA,Moldova,Eastern Europe,0.15544942684686172,0.19771052633044633,-0.04226109948358461,0.04226109948358461,6,141,377.573885779381,0
primary_total_co2,M1b,m49_subregion_lo,MNE,Montenegro,Southern Europe,0.1643666862725019,0.16442631608225272,-5.9629809750827434e-05,5.9629809750827434e-05,16,140,164.7591758408845,0
primary_total_co2,M1b,m49_subregion_lo,NLD,Netherlands,Western Europe,0.18877545734026732,0.1487022762773631,0.04007318106290422,0.04007318106290422,19,145,93.07940203152015,0
primary_total_co2,M1b,m49_subregion_lo,NOR,Norway,Northern Europe,0.20191951273050374,0.20176951397121592,0.0001499987592878116,0.0001499987592878116,11,141,0.0,0
primary_total_co2,M1b,m49_subregion_lo,POL,Poland,Eastern Europe,0.18403612522932167,0.222128070293297,-0.03809194506397534,0.03809194506397534,6,141,0.0,0
primary_total_co2,M1b,m49_subregion_lo,PRT,Portugal,Southern Europe,0.1846817946752158,0.15959176417413856,0.02509003050107725,0.02509003050107725,16,140,169.82990545758315,0
primary_total_co2,M1b,m49_subregion_lo,ROU,Romania,Eastern Europe,0.1626491375716469,0.21902532646495246,-0.05637618889330556,0.05637618889330556,6,141,0.0,0
primary_total_co2,M1b,m49_subregion_lo,RUS,Russia,Eastern Europe,0.262173281711931,0.2551299378570704,0.0070433438548606064,0.0070433438548606064,6,141,0.0,0
primary_total_co2,M1b,m49_subregion_lo,SRB,Serbia,Southern Europe,0.1777828851474587,0.17851868598135356,-0.0007358008338948507,0.0007358008338948507,16,140,0.0,0
primary_total_co2,M1b,m49_subregion_lo,SVK,Slovakia,Eastern Europe,0.17135924127324334,0.23178452834945318,-0.06042528707620984,0.06042528707620984,6,141,0.0,0
primary_total_co2,M1b,m49_subregion_lo,SVN,Slovenia,Southern Europe,0.2104092831778439,0.18812626890259382,0.02228301427525009,0.02228301427525009,16,140,0.0,0
primary_total_co2,M1b,m49_subregion_lo,ESP,Spain,Southern Europe,0.19118695961871326,0.16470956503669257,0.026477394582020697,0.026477394582020697,16,140,0.0,0
primary_total_co2,M1b,m49_subregion_lo,SWE,Sweden,Northern Europe,0.21924683880167534,0.20159566059223327,0.017651178209442064,0.017651178209442064,11,141,44.002261334303164,0
primary_total_co2,M1b,m49_subregion_lo,CHE,Switzerland,Western Europe,0.20255138935875544,0.197070466457294,0.0054809229014614325,0.0054809229014614325,19,145,0.0,0
primary_total_co2,M1b,m49_subregion_lo,UKR,Ukraine,Eastern Europe,0.17767865721146503,0.21356549978602696,-0.03588684257456193,0.03588684257456193,6,141,210.46379406422923,0
primary_total_co2,M1b,m49_subregion_lo,GBR,United Kingdom,Northern Europe,0.16309409461298247,0.17945447631189257,-0.016360381698910104,0.016360381698910104,11,141,0.0,0
primary_total_co2,M1b,m49_subregion_lo,BHS,Bahamas,Caribbean,0.13991083211606994,0.13487835387802524,0.005032478238044702,0.005032478238044702,1,146,35.612277102212325,0
primary_total_co2,M1b,m49_subregion_lo,CAN,Canada,Northern America,0.2521930060529909,0.16514080706041595,0.08705219899257494,0.08705219899257494,10,149,1211.70507087315,0
primary_total_co2,M1b,m49_subregion_lo,CRI,Costa Rica,Central America,0.10130466192673268,0.14940088075832092,-0.04809621883158824,0.04809621883158824,2,144,193.59417685391827,0
primary_total_co2,M1b,m49_subregion_lo,CUB,Cuba,Caribbean,0.12305617676307766,0.1059089523712555,0.01714722439182216,0.01714722439182216,1,146,98.95527921179004,0
primary_total_co2,M1b,m49_subregion_lo,DOM,Dominican Republic,Caribbean,0.15478420047944152,0.09290352921506995,0.06188067126437158,0.06188067126437158,1,146,513.5751905242428,0
primary_total_co2,M1b,m49_subregion_lo,SLV,El Salvador,Central America,0.06948090854064985,0.13120864788499373,-0.06172773934434388,0.06172773934434388,2,144,621.3832720483516,0
primary_total_co2,M1b,m49_subregion_lo,GTM,Guatemala,Central America,0.0508136158223582,0.11992553997500463,-0.06911192415264643,0.06911192415264643,2,144,626.2791298879949,0
primary_total_co2,M1b,m49_subregion_lo,HTI,Haiti,Caribbean,0.14216341234840274,0.08239677363976039,0.05976663870864235,0.05976663870864235,1,146,490.4919672263974,0
primary_total_co2,M1b,m49_subregion_lo,HND,Honduras,Central America,0.08078933014247122,0.1372990136818962,-0.05650968353942498,0.05650968353942498,2,144,192.38768070383242,0
primary_total_co2,M1b,m49_subregion_lo,JAM,Jamaica,Caribbean,0.12861876139008294,0.10151421046991868,0.027104550920164255,0.027104550920164255,1,146,120.33885814662418,0
primary_total_co2,M1b,m49_subregion_lo,MEX,Mexico,Central America,0.04065719593311795,0.14280250728712865,-0.1021453113540107,0.1021453113540107,2,144,0.0,0
primary_total_co2,M1b,m49_subregion_lo,NIC,Nicaragua,Central America,0.09228609649696132,0.13509295246762915,-0.04280685597066783,0.04280685597066783,2,144,37.88696813837574,0
primary_total_co2,M1b,m49_subregion_lo,PAN,Panama,Central America,0.12161241121300685,0.1466724819433642,-0.02506007073035736,0.02506007073035736,2,144,0.0,0
primary_total_co2,M1b,m49_subregion_lo,USA,United States,Northern America,0.1695001197237513,0.13560057916042975,0.03389954056332156,0.03389954056332156,10,149,0.0,0
primary_total_co2,M1b,m49_subregion_lo,AUS,Australia,Australia and New Zealand,0.16302097420962694,0.18034713392176518,-0.017326159712138245,0.017326159712138245,0,149,0.0,0
primary_total_co2,M1b,m49_subregion_lo,NZL,New Zealand,Australia and New Zealand,0.10027093962176431,0.18359340920996597,-0.08332246958820166,0.08332246958820166,0,149,3028.4573411256465,0
primary_total_co2,M1b,m49_subregion_lo,PNG,Papua New Guinea,Melanesia,0.13861753573076713,0.08823260234434538,0.05038493338642175,0.05038493338642175,7,150,0.0,0
primary_total_co2,M1b,m49_subregion_lo,ARG,Argentina,South America,0.10866574248962382,0.17644666982495005,-0.06778092733532623,0.06778092733532623,12,140,3397.4896270910986,1
primary_total_co2,M1b,m49_subregion_lo,BOL,Bolivia,South America,0.10781469285053756,0.11538058919583283,-0.007565896345295267,0.007565896345295267,12,140,2200.8105949533247,1
primary_total_co2,M1b,m49_subregion_lo,BRA,Brazil,South America,0.16469595530453246,0.0960845426196246,0.06861141268490786,0.06861141268490786,12,140,1061.9237511361416,1
primary_total_co2,M1b,m49_subregion_lo,CHL,Chile,South America,0.0993071522959073,0.14536310578830572,-0.046055953492398424,0.046055953492398424,12,140,2845.0947281128892,1
primary_total_co2,M1b,m49_subregion_lo,COL,Colombia,South America,0.13225011394627992,0.13741396750088522,-0.005163853554605302,0.005163853554605302,12,140,0.0,1
primary_total_co2,M1b,m49_subregion_lo,ECU,Ecuador,South America,0.12529387656573873,0.10870747960364363,0.0165863969620951,0.0165863969620951,12,140,591.9986379136827,1
primary_total_co2,M1b,m49_subregion_lo,PRY,Paraguay,South America,0.12268222549728672,0.16193034182427085,-0.039248116326984134,0.039248116326984134,12,140,3394.488550822316,1
primary_total_co2,M1b,m49_subregion_lo,PER,Peru,South America,0.10234701745272959,0.12840875815087005,-0.026061740698140462,0.026061740698140462,12,140,834.377891852899,1
primary_total_co2,M1b,m49_subregion_lo,SUR,Suriname,South America,0.14991778270906336,0.1381536826615699,0.011764100047493453,0.011764100047493453,12,140,1795.5881978455616,1
primary_total_co2,M1b,m49_subregion_lo,URY,Uruguay,South America,0.1340604374132053,0.14572928820473308,-0.011668850791527768,0.011668850791527768,12,140,4557.616240251617,1
primary_total_co2,M1b,m49_subregion_lo,VEN,Venezuela,South America,0.14209795456206648,0.14124528853002175,0.0008526660320447299,0.0008526660320447299,12,140,440.7739871505644,1
primary_total_co2,M1b,random10,DZA,Algeria,Northern Africa,0.24027005915767902,0.20081203082228,0.03945802833539902,0.03945802833539902,2,136,0.0,0
primary_total_co2,M1b,random10,AGO,Angola,Middle Africa,0.2003000150757142,0.1425885799825241,0.0577114350931901,0.0577114350931901,7,136,0.0,0
primary_total_co2,M1b,random10,BEN,Benin,Western Africa,0.20270211677173233,0.19337268632242494,0.009329430449307397,0.009329430449307397,3,136,0.0,0
primary_total_co2,M1b,random10,BWA,Botswana,Southern Africa,0.15541865895509172,0.2259625110127604,-0.0705438520576687,0.0705438520576687,8,136,0.0,0
primary_total_co2,M1b,random10,BFA,Burkina Faso,Western Africa,0.2158731392585228,0.21881207125331928,-0.002938931994796473,0.002938931994796473,9,136,0.0,0
primary_total_co2,M1b,random10,BDI,Burundi,Eastern Africa,0.20888549627683978,0.18742300173117526,0.021462494545664512,0.021462494545664512,8,136,0.0,0
primary_total_co2,M1b,random10,CMR,Cameroon,Middle Africa,0.16636200134979467,0.20035033288141554,-0.03398833153162087,0.03398833153162087,0,135,0.0,0
primary_total_co2,M1b,random10,CAF,Central African Republic,Middle Africa,0.18403786064638777,0.22464223956946056,-0.04060437892307278,0.04060437892307278,3,136,0.0,0
primary_total_co2,M1b,random10,TCD,Chad,Middle Africa,0.2035091414222523,0.239526223884517,-0.036017082462264705,0.036017082462264705,7,136,0.0,0
primary_total_co2,M1b,random10,COG,Congo,Middle Africa,0.1704220858831212,0.16549389953289925,0.004928186350221936,0.004928186350221936,4,136,0.0,0
primary_total_co2,M1b,random10,COD,Congo (Democratic Republic Of The),Middle Africa,0.19859794898946587,0.1996643313914582,-0.001066382401992333,0.001066382401992333,4,136,0.0,0
primary_total_co2,M1b,random10,CIV,Côte D'Ivoire,Western Africa,0.20772847580142792,0.19240314985310994,0.01532532594831798,0.01532532594831798,3,136,0.0,0
primary_total_co2,M1b,random10,DJI,Djibouti,Eastern Africa,0.20035987264449803,0.20037446396084663,-1.4591316348594452e-05,1.4591316348594452e-05,9,136,0.0,0
primary_total_co2,M1b,random10,EGY,Egypt,Northern Africa,0.15478518959618381,0.25193591930796483,-0.09715072971178101,0.09715072971178101,1,136,0.0,0
primary_total_co2,M1b,random10,GNQ,Equatorial Guinea,Middle Africa,0.16354706521210607,0.19125654450415513,-0.02770947929204906,0.02770947929204906,2,136,0.0,0
primary_total_co2,M1b,random10,ERI,Eritrea,Eastern Africa,0.20315322405399622,0.19582366742425933,0.007329556629736889,0.007329556629736889,5,136,0.0,0
primary_total_co2,M1b,random10,ETH,Ethiopia,Eastern Africa,0.2076992707889047,0.20415764230839548,0.0035416284805092346,0.0035416284805092346,5,136,0.0,0
primary_total_co2,M1b,random10,GAB,Gabon,Middle Africa,0.16553931693258667,0.19641445153997641,-0.030875134607389748,0.030875134607389748,5,136,0.0,0
primary_total_co2,M1b,random10,GHA,Ghana,Western Africa,0.1992545668996173,0.18511791631602237,0.014136650583594923,0.014136650583594923,6,136,0.0,0
primary_total_co2,M1b,random10,GIN,Guinea,Western Africa,0.22751348300753205,0.18240689598630505,0.045106587021226996,0.045106587021226996,7,136,0.0,0
primary_total_co2,M1b,random10,GNB,Guinea Bissau,Western Africa,0.23319971534367673,0.19022962472985794,0.04297009061381879,0.04297009061381879,1,136,0.0,0
primary_total_co2,M1b,random10,KEN,Kenya,Eastern Africa,0.21062387448612835,0.16020691200690498,0.050416962479223365,0.050416962479223365,4,136,0.0,0
primary_total_co2,M1b,random10,LSO,Lesotho,Southern Africa,0.16129029981211962,0.17935751127976868,-0.018067211467649058,0.018067211467649058,9,136,0.0,0
primary_total_co2,M1b,random10,LBR,Liberia,Western Africa,0.2160061033815747,0.20316774797336806,0.012838355408206631,0.012838355408206631,4,136,0.0,0
primary_total_co2,M1b,random10,LBY,Libya,Northern Africa,0.19059948923507644,0.25235862944619786,-0.061759140211121416,0.061759140211121416,8,136,0.0,0
primary_total_co2,M1b,random10,MDG,Madagascar,Eastern Africa,0.1813544794012833,0.18044097290035827,0.000913506500925032,0.000913506500925032,3,136,310.44843452070535,0
primary_total_co2,M1b,random10,MWI,Malawi,Eastern Africa,0.18854099012577252,0.1904828691264877,-0.0019418790007151854,0.0019418790007151854,3,136,0.0,0
primary_total_co2,M1b,random10,MLI,Mali,Western Africa,0.24782669503123966,0.22288517157497248,0.024941523456267184,0.024941523456267184,0,135,0.0,0
primary_total_co2,M1b,random10,MRT,Mauritania,Western Africa,0.2597916027159455,0.20187917581907294,0.05791242689687254,0.05791242689687254,5,136,0.0,0
primary_total_co2,M1b,random10,MAR,Morocco,Northern Africa,0.2418455862979349,0.20122107762459085,0.04062450867334405,0.04062450867334405,5,136,0.0,0
primary_total_co2,M1b,random10,MOZ,Mozambique,Eastern Africa,0.172823801894673,0.18462406993028962,-0.011800268035616623,0.011800268035616623,2,136,0.0,0
primary_total_co2,M1b,random10,NAM,Namibia,Southern Africa,0.17785319196923344,0.2029471493473815,-0.02509395737814807,0.02509395737814807,8,136,0.0,0
primary_total_co2,M1b,random10,NER,Niger,Western Africa,0.2385606960588716,0.23231569132809665,0.006245004730774939,0.006245004730774939,2,136,0.0,0
primary_total_co2,M1b,random10,NGA,Nigeria,Western Africa,0.2030109401107239,0.19707231777662063,0.005938622334103277,0.005938622334103277,8,136,0.0,0
primary_total_co2,M1b,random10,RWA,Rwanda,Eastern Africa,0.20845952779692498,0.19160327001360325,0.016856257783321726,0.016856257783321726,1,136,0.0,0
primary_total_co2,M1b,random10,SEN,Senegal,Western Africa,0.24097868636270878,0.189343138595638,0.05163554776707077,0.05163554776707077,7,136,0.0,0
primary_total_co2,M1b,random10,SLE,Sierra Leone,Western Africa,0.22372060994282955,0.19983720974929373,0.023883400193535825,0.023883400193535825,2,136,0.0,0
primary_total_co2,M1b,random10,SOM,Somalia,Eastern Africa,0.19588332023430152,0.19336848963198638,0.002514830602315138,0.002514830602315138,2,136,0.0,0
primary_total_co2,M1b,random10,ZAF,South Africa,Southern Africa,0.16028496312204338,0.19311181787841683,-0.03282685475637345,0.03282685475637345,1,136,0.0,0
primary_total_co2,M1b,random10,SDN,Sudan,Northern Africa,0.20487305719629992,0.24903298723054462,-0.044159930034244704,0.044159930034244704,7,136,0.0,0
primary_total_co2,M1b,random10,SWZ,Swaziland,Southern Africa,0.15934183499515397,0.20020606400020752,-0.04086422900505354,0.04086422900505354,0,135,0.0,0
primary_total_co2,M1b,random10,TZA,Tanzania,Eastern Africa,0.20953051997740807,0.15847655280721598,0.05105396717019209,0.05105396717019209,4,136,0.0,0
primary_total_co2,M1b,random10,TGO,Togo,Western Africa,0.1941324419699687,0.20660189595034972,-0.012469453980381018,0.012469453980381018,2,136,0.0,0
primary_total_co2,M1b,random10,TUN,Tunisia,Northern Africa,0.23748975158588337,0.23626866743999575,0.0012210841458876187,0.0012210841458876187,3,136,0.0,0
primary_total_co2,M1b,random10,UGA,Uganda,Eastern Africa,0.21147594840550732,0.22085461331898665,-0.009378664913479329,0.009378664913479329,9,136,0.0,0
primary_total_co2,M1b,random10,ZMB,Zambia,Eastern Africa,0.17691283567770744,0.1778397698646712,-0.0009269341869637682,0.0009269341869637682,3,136,0.0,0
primary_total_co2,M1b,random10,ZWE,Zimbabwe,Eastern Africa,0.1535502891079796,0.18292237192856908,-0.02937208282058948,0.02937208282058948,1,136,0.0,0
primary_total_co2,M1b,random10,AFG,Afghanistan,Southern Asia,0.24733117695547363,0.20770278836053574,0.03962838859493789,0.03962838859493789,8,136,0.0,0
primary_total_co2,M1b,random10,ARM,Armenia,Western Asia,0.18833773750931812,0.17657729877837627,0.011760438730941847,0.011760438730941847,6,136,0.0,0
primary_total_co2,M1b,random10,AZE,Azerbaijan,Western Asia,0.19504824967387935,0.17956677051150904,0.015481479162370304,0.015481479162370304,1,136,0.0,0
primary_total_co2,M1b,random10,BGD,Bangladesh,Southern Asia,0.11108862004719486,0.15521800364474497,-0.044129383597550115,0.044129383597550115,0,135,0.0,0
primary_total_co2,M1b,random10,MMR,Burma,South-eastern Asia,0.10898678984933867,0.1578152638638757,-0.048828474014537035,0.048828474014537035,9,136,0.0,0
primary_total_co2,M1b,random10,KHM,Cambodia,South-eastern Asia,0.12397652977439673,0.1375930219361291,-0.013616492161732371,0.013616492161732371,4,136,0.0,0
primary_total_co2,M1b,random10,CHN,China,Eastern Asia,0.18801127254816274,0.1697455433876615,0.018265729160501232,0.018265729160501232,0,135,0.0,0
primary_total_co2,M1b,random10,GEO,Georgia,Western Asia,0.17014653222140888,0.18071327616119828,-0.010566743939789403,0.010566743939789403,7,136,0.0,0
primary_total_co2,M1b,random10,IND,India,Southern Asia,0.12279874845556998,0.17340632725400312,-0.05060757879843314,0.05060757879843314,0,135,0.0,0
primary_total_co2,M1b,random10,IDN,Indonesia,South-eastern Asia,0.1365994643114788,0.08299576483040441,0.05360369948107438,0.05360369948107438,5,136,0.0,0
primary_total_co2,M1b,random10,IRN,Iran,Southern Asia,0.25326598928356275,0.17183255324605645,0.0814334360375063,0.0814334360375063,5,136,0.0,0
primary_total_co2,M1b,random10,IRQ,Iraq,Western Asia,0.1763349119758569,0.16454168566028013,0.011793226315576777,0.011793226315576777,3,136,0.0,0
primary_total_co2,M1b,random10,ISR,Israel,Western Asia,0.1289730259690734,0.19351219849652013,-0.06453917252744673,0.06453917252744673,3,136,0.0,0
primary_total_co2,M1b,random10,JPN,Japan,Eastern Asia,0.13484212055215955,0.13706438269988588,-0.002222262147726334,0.002222262147726334,8,136,0.0,0
primary_total_co2,M1b,random10,JOR,Jordan,Western Asia,0.1241622692023015,0.13959379959809015,-0.01543153039578865,0.01543153039578865,8,136,0.0,0
primary_total_co2,M1b,random10,KAZ,Kazakhstan,Central Asia,0.2607179280248597,0.26382896827437285,-0.0031110402495131417,0.0031110402495131417,4,136,0.0,0
primary_total_co2,M1b,random10,LAO,Laos,South-eastern Asia,0.11990552917453423,0.15918335889198337,-0.03927782971744914,0.03927782971744914,9,136,0.0,0
primary_total_co2,M1b,random10,LBN,Lebanon,Western Asia,0.13240721718298015,0.15132083942490976,-0.018913622241929606,0.018913622241929606,2,136,0.0,0
primary_total_co2,M1b,random10,MYS,Malaysia,South-eastern Asia,0.14354714353630665,0.14619696231624044,-0.0026498187799337825,0.0026498187799337825,2,136,0.0,0
primary_total_co2,M1b,random10,MNG,Mongolia,Eastern Asia,0.273292065382825,0.2391704192831023,0.034121646099722736,0.034121646099722736,9,136,0.0,0
primary_total_co2,M1b,random10,NPL,Nepal,Southern Asia,0.12394103933918027,0.15201646541263714,-0.028075426073456866,0.028075426073456866,6,136,0.0,0
primary_total_co2,M1b,random10,OMN,Oman,Western Asia,0.2034660332775613,0.17442096810567365,0.029045065171887652,0.029045065171887652,1,136,0.0,0
primary_total_co2,M1b,random10,PAK,Pakistan,Southern Asia,0.1799496198587603,0.1927854808347914,-0.012835860976031122,0.012835860976031122,8,136,0.0,0
primary_total_co2,M1b,random10,PHL,Philippines,South-eastern Asia,0.16029540562197608,0.13798645685780997,0.022308948764166114,0.022308948764166114,0,135,0.0,0
primary_total_co2,M1b,random10,QAT,Qatar,Western Asia,0.2314787860422459,0.197428375152459,0.034050410889786886,0.034050410889786886,3,136,0.0,0
primary_total_co2,M1b,random10,SAU,Saudi Arabia,Western Asia,0.1912885606557455,0.1957607382679794,-0.004472177612233896,0.004472177612233896,4,136,0.0,0
primary_total_co2,M1b,random10,KOR,South Korea,Eastern Asia,0.14512934007189218,0.2023698758269514,-0.05724053575505922,0.05724053575505922,5,136,14.037594788085142,0
primary_total_co2,M1b,random10,LKA,Sri Lanka,Southern Asia,0.13450142935863102,0.13509956961726693,-0.0005981402586359152,0.0005981402586359152,5,136,0.0,0
primary_total_co2,M1b,random10,SYR,Syria,Western Asia,0.14323534954112288,0.21116250146160875,-0.06792715192048587,0.06792715192048587,7,136,0.0,0
primary_total_co2,M1b,random10,TWN,Taiwan,Eastern Asia,0.13706412122195852,0.14789715962853447,-0.010833038406575957,0.010833038406575957,8,136,0.0,0
primary_total_co2,M1b,random10,TJK,Tajikistan,Central Asia,0.233975502099763,0.22199796158710783,0.011977540512655177,0.011977540512655177,3,136,0.0,0
primary_total_co2,M1b,random10,THA,Thailand,South-eastern Asia,0.11983102194091183,0.1551263794188424,-0.035295357477930556,0.035295357477930556,4,136,0.0,0
primary_total_co2,M1b,random10,TUR,Turkey,Western Asia,0.1419623303023036,0.16063151292757893,-0.018669182625275338,0.018669182625275338,0,135,0.0,0
primary_total_co2,M1b,random10,TKM,Turkmenistan,Central Asia,0.2752870410187589,0.20154479461445085,0.07374224640430804,0.07374224640430804,5,136,0.0,0
primary_total_co2,M1b,random10,ARE,United Arab Emirates,Western Asia,0.2248308233871666,0.1839740663553637,0.04085675703180289,0.04085675703180289,4,136,0.0,0
primary_total_co2,M1b,random10,UZB,Uzbekistan,Central Asia,0.27739224194989204,0.245945894499083,0.03144634745080904,0.03144634745080904,0,135,0.0,0
primary_total_co2,M1b,random10,VNM,Vietnam,South-eastern Asia,0.122632583177362,0.14945495789614682,-0.02682237471878482,0.02682237471878482,6,136,0.0,0
primary_total_co2,M1b,random10,YEM,Yemen,Western Asia,0.20150002766065422,0.15140472514577683,0.0500953025148774,0.0500953025148774,5,136,0.0,0
primary_total_co2,M1b,random10,ALB,Albania,Southern Europe,0.15748303087977816,0.13881422615422268,0.018668804725555488,0.018668804725555488,7,136,0.0,0
primary_total_co2,M1b,random10,AUT,Austria,Western Europe,0.21029967713303166,0.20671417528077762,0.003585501852254036,0.003585501852254036,1,136,0.0,0
primary_total_co2,M1b,random10,BLR,Belarus,Eastern Europe,0.21395039394228654,0.20806974757307917,0.005880646369207376,0.005880646369207376,8,136,0.0,0
primary_total_co2,M1b,random10,BEL,Belgium,Western Europe,0.1951636806716645,0.17953354898762072,0.015630131684043785,0.015630131684043785,8,136,0.0,0
primary_total_co2,M1b,random10,BIH,Bosnia And Herzegovina,Southern Europe,0.18440933101350881,0.17456784861391267,0.009841482399596146,0.009841482399596146,2,136,0.0,0
primary_total_co2,M1b,random10,BGR,Bulgaria,Eastern Europe,0.16411393376308978,0.19609994848261703,-0.03198601471952725,0.03198601471952725,8,136,0.0,0
primary_total_co2,M1b,random10,HRV,Croatia,Southern Europe,0.18952185187085302,0.18727097673753082,0.0022508751333222,0.0022508751333222,6,136,0.0,0
primary_total_co2,M1b,random10,CYP,Cyprus,Western Asia,0.14075176149640625,0.1603797042239985,-0.019627942727592246,0.019627942727592246,7,136,20.406016449724408,0
primary_total_co2,M1b,random10,CZE,Czech Republic,Eastern Europe,0.19293606527047014,0.21912082774259414,-0.026184762472124007,0.026184762472124007,5,136,0.0,0
primary_total_co2,M1b,random10,DNK,Denmark,Northern Europe,0.1919403849228464,0.18745908157457553,0.004481303348270876,0.004481303348270876,0,135,0.0,0
primary_total_co2,M1b,random10,EST,Estonia,Northern Europe,0.25938076329685683,0.20864646859311387,0.050734294703742966,0.050734294703742966,4,136,0.0,0
primary_total_co2,M1b,random10,FIN,Finland,Northern Europe,0.2349856997144576,0.20965685575193352,0.025328843962524078,0.025328843962524078,6,136,0.0,0
primary_total_co2,M1b,random10,FRA,France,Western Europe,0.1916777527720347,0.18836584597605432,0.0033119067959803683,0.0033119067959803683,7,136,0.0,0
primary_total_co2,M1b,random10,DEU,Germany,Western Europe,0.19552600658812053,0.1890683877303686,0.006457618857751923,0.006457618857751923,1,136,0.0,0
primary_total_co2,M1b,random10,GRC,Greece,Southern Europe,0.14163851313814882,0.17086178805991664,-0.029223274921767822,0.029223274921767822,6,136,0.0,0
primary_total_co2,M1b,random10,HUN,Hungary,Eastern Europe,0.18683465599109378,0.20803979591210767,-0.021205139921013888,0.021205139921013888,4,136,0.0,0
primary_total_co2,M1b,random10,ISL,Iceland,Northern Europe,0.12736783367802937,0.21682809104424025,-0.08946025736621088,0.08946025736621088,6,136,683.9995161569707,1
primary_total_co2,M1b,random10,IRL,Ireland,Northern Europe,0.1678618971108085,0.18763124593101352,-0.019769348820205007,0.019769348820205007,7,136,0.0,0
primary_total_co2,M1b,random10,ITA,Italy,Southern Europe,0.1823289325414157,0.1687867902904206,0.013542142250995093,0.013542142250995093,0,135,0.0,0
primary_total_co2,M1b,random10,LVA,Latvia,Northern Europe,0.2466163184774826,0.2051709232692875,0.041445395208195124,0.041445395208195124,0,135,0.0,0
primary_total_co2,M1b,random10,LTU,Lithuania,Northern Europe,0.22162226701877433,0.20484402348842445,0.016778243530349873,0.016778243530349873,0,135,0.0,0
primary_total_co2,M1b,random10,MKD,Macedonia,Southern Europe,0.16410994630244113,0.1754497479706952,-0.011339801668254074,0.011339801668254074,2,136,0.0,0
primary_total_co2,M1b,random10,MDA,Moldova,Eastern Europe,0.15544942684686172,0.18153634212464864,-0.02608691527778692,0.02608691527778692,5,136,0.0,0
primary_total_co2,M1b,random10,MNE,Montenegro,Southern Europe,0.1643666862725019,0.16770255226803127,-0.0033358659955293746,0.0033358659955293746,6,136,0.0,0
primary_total_co2,M1b,random10,NLD,Netherlands,Western Europe,0.18877545734026732,0.15444911058505284,0.03432634675521448,0.03432634675521448,3,136,0.0,0
primary_total_co2,M1b,random10,NOR,Norway,Northern Europe,0.20191951273050374,0.21043896286406424,-0.008519450133560508,0.008519450133560508,6,136,0.0,0
primary_total_co2,M1b,random10,POL,Poland,Eastern Europe,0.18403612522932167,0.21117618205860259,-0.027140056829280917,0.027140056829280917,1,136,0.0,0
primary_total_co2,M1b,random10,PRT,Portugal,Southern Europe,0.1846817946752158,0.16016426519871585,0.02451752947649996,0.02451752947649996,1,136,0.0,0
primary_total_co2,M1b,random10,ROU,Romania,Eastern Europe,0.1626491375716469,0.20220080445958333,-0.03955166688793643,0.03955166688793643,2,136,0.0,0
primary_total_co2,M1b,random10,RUS,Russia,Eastern Europe,0.262173281711931,0.2340678632257073,0.028105418486223693,0.028105418486223693,9,136,0.0,0
primary_total_co2,M1b,random10,SRB,Serbia,Southern Europe,0.1777828851474587,0.1786657363060189,-0.0008828511585601828,0.0008828511585601828,9,136,0.0,0
primary_total_co2,M1b,random10,SVK,Slovakia,Eastern Europe,0.17135924127324334,0.21937772271452355,-0.04801848144128021,0.04801848144128021,7,136,0.0,0
primary_total_co2,M1b,random10,SVN,Slovenia,Southern Europe,0.2104092831778439,0.18520863109574165,0.02520065208210226,0.02520065208210226,1,136,0.0,0
primary_total_co2,M1b,random10,ESP,Spain,Southern Europe,0.19118695961871326,0.1640750480343236,0.027111911584389664,0.027111911584389664,0,135,0.0,0
primary_total_co2,M1b,random10,SWE,Sweden,Northern Europe,0.21924683880167534,0.20924009482970424,0.0100067439719711,0.0100067439719711,6,136,0.0,0
primary_total_co2,M1b,random10,CHE,Switzerland,Western Europe,0.20255138935875544,0.19804020021886184,0.0045111891398935955,0.0045111891398935955,6,136,0.0,0
primary_total_co2,M1b,random10,UKR,Ukraine,Eastern Europe,0.17767865721146503,0.20744912199077742,-0.02977046477931239,0.02977046477931239,1,136,0.0,0
primary_total_co2,M1b,random10,GBR,United Kingdom,Northern Europe,0.16309409461298247,0.18307803584910032,-0.019983941236117853,0.019983941236117853,2,136,0.0,0
primary_total_co2,M1b,random10,BHS,Bahamas,Caribbean,0.13991083211606994,0.13888461657829573,0.001026215537774211,0.001026215537774211,9,136,0.0,0
primary_total_co2,M1b,random10,CAN,Canada,Northern America,0.2521930060529909,0.17308117623556957,0.07911182981742132,0.07911182981742132,2,136,0.0,0
primary_total_co2,M1b,random10,CRI,Costa Rica,Central America,0.10130466192673268,0.11734837763771594,-0.01604371571098326,0.01604371571098326,2,136,0.0,0
primary_total_co2,M1b,random10,CUB,Cuba,Caribbean,0.12305617676307766,0.12269426504556898,0.0003619117175086839,0.0003619117175086839,6,136,0.0,0
primary_total_co2,M1b,random10,DOM,Dominican Republic,Caribbean,0.15478420047944152,0.0998149475388361,0.05496925294060542,0.05496925294060542,9,136,0.0,0
primary_total_co2,M1b,random10,SLV,El Salvador,Central America,0.06948090854064985,0.10131027653338562,-0.031829367992735766,0.031829367992735766,6,136,0.0,0
primary_total_co2,M1b,random10,GTM,Guatemala,Central America,0.0508136158223582,0.07892152779929534,-0.02810791197693714,0.02810791197693714,8,136,0.0,0
primary_total_co2,M1b,random10,HTI,Haiti,Caribbean,0.14216341234840274,0.09531146231134693,0.046851950037055806,0.046851950037055806,4,136,0.0,0
primary_total_co2,M1b,random10,HND,Honduras,Central America,0.08078933014247122,0.11131620620436539,-0.030526876061894165,0.030526876061894165,3,136,0.0,0
primary_total_co2,M1b,random10,JAM,Jamaica,Caribbean,0.12861876139008294,0.10613097968454652,0.02248778170553642,0.02248778170553642,9,136,98.87635686786973,0
primary_total_co2,M1b,random10,MEX,Mexico,Central America,0.04065719593311795,0.11383876182896094,-0.07318156589584299,0.07318156589584299,4,136,0.0,0
primary_total_co2,M1b,random10,NIC,Nicaragua,Central America,0.09228609649696132,0.1073452224174242,-0.015059125920462879,0.015059125920462879,5,136,0.0,0
primary_total_co2,M1b,random10,PAN,Panama,Central America,0.12161241121300685,0.10744147225879197,0.014170938954214882,0.014170938954214882,1,136,0.0,0
primary_total_co2,M1b,random10,USA,United States,Northern America,0.1695001197237513,0.16242690745287605,0.007073212270875262,0.007073212270875262,4,136,0.0,0
primary_total_co2,M1b,random10,AUS,Australia,Australia and New Zealand,0.16302097420962694,0.1034572327436826,0.05956374146594434,0.05956374146594434,7,136,59.73122444384031,0
primary_total_co2,M1b,random10,NZL,New Zealand,Australia and New Zealand,0.10027093962176431,0.1734911962511524,-0.07322025662938808,0.07322025662938808,6,136,573.2862742563728,0
primary_total_co2,M1b,random10,PNG,Papua New Guinea,Melanesia,0.13861753573076713,0.05208466243721285,0.08653287329355427,0.08653287329355427,7,136,0.0,0
primary_total_co2,M1b,random10,ARG,Argentina,South America,0.10866574248962382,0.17890291577631476,-0.07023717328669093,0.07023717328669093,0,135,0.0,0
primary_total_co2,M1b,random10,BOL,Bolivia,South America,0.10781469285053756,0.12386002668766173,-0.01604533383712417,0.01604533383712417,9,136,0.0,0
primary_total_co2,M1b,random10,BRA,Brazil,South America,0.16469595530453246,0.07098012558050609,0.09371582972402637,0.09371582972402637,3,136,0.0,0
primary_total_co2,M1b,random10,CHL,Chile,South America,0.0993071522959073,0.1400057028204636,-0.0406985505245563,0.0406985505245563,7,136,0.0,0
primary_total_co2,M1b,random10,COL,Colombia,South America,0.13225011394627992,0.1304311217980033,0.0018189921482766047,0.0018189921482766047,1,136,0.0,0
primary_total_co2,M1b,random10,ECU,Ecuador,South America,0.12529387656573873,0.09795568471077509,0.02733819185496364,0.02733819185496364,8,136,0.0,0
primary_total_co2,M1b,random10,PRY,Paraguay,South America,0.12268222549728672,0.16247433844449172,-0.039792112947205,0.039792112947205,0,135,0.0,0
primary_total_co2,M1b,random10,PER,Peru,South America,0.10234701745272959,0.12123951380384103,-0.01889249635111144,0.01889249635111144,9,136,0.0,0
primary_total_co2,M1b,random10,SUR,Suriname,South America,0.14991778270906336,0.13129317374764282,0.01862460896142054,0.01862460896142054,9,136,0.0,0
primary_total_co2,M1b,random10,URY,Uruguay,South America,0.1340604374132053,0.11950046469804765,0.01455997271515766,0.01455997271515766,3,136,0.0,0
primary_total_co2,M1b,random10,VEN,Venezuela,South America,0.14209795456206648,0.13736214650024073,0.004735808061825747,0.004735808061825747,5,136,0.0,0
per_capita,M0star,in_sample,DZA,Algeria,Northern Africa,0.24027005915767902,0.20959890731145694,0.030671151846222072,0.030671151846222072,-1,151,,0
per_capita,M0star,in_sample,AGO,Angola,Middle Africa,0.2003000150757142,0.1526054464403994,0.04769456863531482,0.04769456863531482,-1,151,,0
per_capita,M0star,in_sample,BEN,Benin,Western Africa,0.20270211677173233,0.19191161984022437,0.010790496931507965,0.010790496931507965,-1,151,,0
per_capita,M0star,in_sample,BWA,Botswana,Southern Africa,0.15541865895509172,0.21159823632734504,-0.05617957737225332,0.05617957737225332,-1,151,,0
per_capita,M0star,in_sample,BFA,Burkina Faso,Western Africa,0.2158731392585228,0.21990562496850702,-0.004032485709984213,0.004032485709984213,-1,151,,0
per_capita,M0star,in_sample,BDI,Burundi,Eastern Africa,0.20888549627683978,0.18952329055865005,0.019362205718189723,0.019362205718189723,-1,151,,0
per_capita,M0star,in_sample,CMR,Cameroon,Middle Africa,0.16636200134979467,0.19806689370410208,-0.0317048923543074,0.0317048923543074,-1,151,,0
per_capita,M0star,in_sample,CAF,Central African Republic,Middle Africa,0.18403786064638777,0.22232433658962095,-0.03828647594323317,0.03828647594323317,-1,151,,0
per_capita,M0star,in_sample,TCD,Chad,Middle Africa,0.2035091414222523,0.23014547186259815,-0.026636330440345857,0.026636330440345857,-1,151,,0
per_capita,M0star,in_sample,COG,Congo,Middle Africa,0.1704220858831212,0.17456357190970795,-0.00414148602658676,0.00414148602658676,-1,151,,0
per_capita,M0star,in_sample,COD,Congo (Democratic Republic Of The),Middle Africa,0.19859794898946587,0.20209586885975467,-0.0034979198702888015,0.0034979198702888015,-1,151,,0
per_capita,M0star,in_sample,CIV,Côte D'Ivoire,Western Africa,0.20772847580142792,0.19085616565732114,0.016872310144106784,0.016872310144106784,-1,151,,0
per_capita,M0star,in_sample,DJI,Djibouti,Eastern Africa,0.20035987264449803,0.19685848137974768,0.003501391264750353,0.003501391264750353,-1,151,,0
per_capita,M0star,in_sample,EGY,Egypt,Northern Africa,0.15478518959618381,0.22684726575979144,-0.07206207616360763,0.07206207616360763,-1,151,,0
per_capita,M0star,in_sample,GNQ,Equatorial Guinea,Middle Africa,0.16354706521210607,0.18703722344457813,-0.023490158232472053,0.023490158232472053,-1,151,,0
per_capita,M0star,in_sample,ERI,Eritrea,Eastern Africa,0.20315322405399622,0.20607698747079117,-0.0029237634167949555,0.0029237634167949555,-1,151,,0
per_capita,M0star,in_sample,ETH,Ethiopia,Eastern Africa,0.2076992707889047,0.2095133224136644,-0.0018140516247596994,0.0018140516247596994,-1,151,,0
per_capita,M0star,in_sample,GAB,Gabon,Middle Africa,0.16553931693258667,0.19046085978944827,-0.0249215428568616,0.0249215428568616,-1,151,,0
per_capita,M0star,in_sample,GHA,Ghana,Western Africa,0.1992545668996173,0.18546155091033215,0.013793015989285146,0.013793015989285146,-1,151,,0
per_capita,M0star,in_sample,GIN,Guinea,Western Africa,0.22751348300753205,0.19295763040434055,0.034555852603191495,0.034555852603191495,-1,151,,0
per_capita,M0star,in_sample,GNB,Guinea Bissau,Western Africa,0.23319971534367673,0.1980490360333376,0.035150679310339134,0.035150679310339134,-1,151,,0
per_capita,M0star,in_sample,KEN,Kenya,Eastern Africa,0.21062387448612835,0.17014597709121124,0.04047789739491711,0.04047789739491711,-1,151,,0
per_capita,M0star,in_sample,LSO,Lesotho,Southern Africa,0.16129029981211962,0.1718966837796293,-0.01060638396750968,0.01060638396750968,-1,151,,0
per_capita,M0star,in_sample,LBR,Liberia,Western Africa,0.2160061033815747,0.20133617505755982,0.01466992832401487,0.01466992832401487,-1,151,,0
per_capita,M0star,in_sample,LBY,Libya,Northern Africa,0.19059948923507644,0.23667525290098013,-0.046075763665903685,0.046075763665903685,-1,151,,0
per_capita,M0star,in_sample,MDG,Madagascar,Eastern Africa,0.1813544794012833,0.1814435387847772,-8.905938349390574e-05,8.905938349390574e-05,-1,151,,0
per_capita,M0star,in_sample,MWI,Malawi,Eastern Africa,0.18854099012577252,0.1884535785775737,8.741154819882913e-05,8.741154819882913e-05,-1,151,,0
per_capita,M0star,in_sample,MLI,Mali,Western Africa,0.24782669503123966,0.22678330510554856,0.021043389925691103,0.021043389925691103,-1,151,,0
per_capita,M0star,in_sample,MRT,Mauritania,Western Africa,0.2597916027159455,0.20829231049439798,0.051499292221547505,0.051499292221547505,-1,151,,0
per_capita,M0star,in_sample,MAR,Morocco,Northern Africa,0.2418455862979349,0.20127547057171982,0.04057011572621508,0.04057011572621508,-1,151,,0
per_capita,M0star,in_sample,MOZ,Mozambique,Eastern Africa,0.172823801894673,0.1857863239526181,-0.012962522057945097,0.012962522057945097,-1,151,,0
per_capita,M0star,in_sample,NAM,Namibia,Southern Africa,0.17785319196923344,0.19316801855586962,-0.015314826586636188,0.015314826586636188,-1,151,,0
per_capita,M0star,in_sample,NER,Niger,Western Africa,0.2385606960588716,0.23560331687411312,0.0029573791847584685,0.0029573791847584685,-1,151,,0
per_capita,M0star,in_sample,NGA,Nigeria,Western Africa,0.2030109401107239,0.19517193708192834,0.00783900302879556,0.00783900302879556,-1,151,,0
per_capita,M0star,in_sample,RWA,Rwanda,Eastern Africa,0.20845952779692498,0.19709082428002023,0.011368703516904749,0.011368703516904749,-1,151,,0
per_capita,M0star,in_sample,SEN,Senegal,Western Africa,0.24097868636270878,0.2021197608538965,0.038858925508812286,0.038858925508812286,-1,151,,0
per_capita,M0star,in_sample,SLE,Sierra Leone,Western Africa,0.22372060994282955,0.19897521810159843,0.024745391841231118,0.024745391841231118,-1,151,,0
per_capita,M0star,in_sample,SOM,Somalia,Eastern Africa,0.19588332023430152,0.19399777611344,0.001885544120861532,0.001885544120861532,-1,151,,0
per_capita,M0star,in_sample,ZAF,South Africa,Southern Africa,0.16028496312204338,0.18119711202862243,-0.020912148906579053,0.020912148906579053,-1,151,,0
per_capita,M0star,in_sample,SDN,Sudan,Northern Africa,0.20487305719629992,0.24263416772097568,-0.03776111052467576,0.03776111052467576,-1,151,,0
per_capita,M0star,in_sample,SWZ,Swaziland,Southern Africa,0.15934183499515397,0.18879881418709166,-0.029456979191937682,0.029456979191937682,-1,151,,0
per_capita,M0star,in_sample,TZA,Tanzania,Eastern Africa,0.20953051997740807,0.16868888585618652,0.04084163412122155,0.04084163412122155,-1,151,,0
per_capita,M0star,in_sample,TGO,Togo,Western Africa,0.1941324419699687,0.2061141402823924,-0.011981698312423683,0.011981698312423683,-1,151,,0
per_capita,M0star,in_sample,TUN,Tunisia,Northern Africa,0.23748975158588337,0.23437261493089817,0.0031171366549851975,0.0031171366549851975,-1,151,,0
per_capita,M0star,in_sample,UGA,Uganda,Eastern Africa,0.21147594840550732,0.2205567155731093,-0.009080767167601977,0.009080767167601977,-1,151,,0
per_capita,M0star,in_sample,ZMB,Zambia,Eastern Africa,0.17691283567770744,0.1830471746895153,-0.006134339011807877,0.006134339011807877,-1,151,,0
per_capita,M0star,in_sample,ZWE,Zimbabwe,Eastern Africa,0.1535502891079796,0.17583735588102442,-0.022287066773044817,0.022287066773044817,-1,151,,0
per_capita,M0star,in_sample,AFG,Afghanistan,Southern Asia,0.24733117695547363,0.2141093641440466,0.033221812811427026,0.033221812811427026,-1,151,,0
per_capita,M0star,in_sample,ARM,Armenia,Western Asia,0.18833773750931812,0.17705889373820147,0.011278843771116653,0.011278843771116653,-1,151,,0
per_capita,M0star,in_sample,AZE,Azerbaijan,Western Asia,0.19504824967387935,0.17886981544936884,0.016178434224510513,0.016178434224510513,-1,151,,0
per_capita,M0star,in_sample,BGD,Bangladesh,Southern Asia,0.11108862004719486,0.14480448277573565,-0.033715862728540796,0.033715862728540796,-1,151,,0
per_capita,M0star,in_sample,MMR,Burma,South-eastern Asia,0.10898678984933867,0.1511722202422227,-0.04218543039288404,0.04218543039288404,-1,151,,0
per_capita,M0star,in_sample,KHM,Cambodia,South-eastern Asia,0.12397652977439673,0.14212097427475323,-0.018144444500356502,0.018144444500356502,-1,151,,0
per_capita,M0star,in_sample,CHN,China,Eastern Asia,0.18801127254816274,0.16884089089812843,0.01917038165003432,0.01917038165003432,-1,151,,0
per_capita,M0star,in_sample,GEO,Georgia,Western Asia,0.17014653222140888,0.17890501184521107,-0.00875847962380219,0.00875847962380219,-1,151,,0
per_capita,M0star,in_sample,IND,India,Southern Asia,0.12279874845556998,0.16750677703336014,-0.04470802857779016,0.04470802857779016,-1,151,,0
per_capita,M0star,in_sample,IDN,Indonesia,South-eastern Asia,0.1365994643114788,0.09334362349014778,0.04325584082133101,0.04325584082133101,-1,151,,0
per_capita,M0star,in_sample,IRN,Iran,Southern Asia,0.25326598928356275,0.19059381012357338,0.06267217915998938,0.06267217915998938,-1,151,,0
per_capita,M0star,in_sample,IRQ,Iraq,Western Asia,0.1763349119758569,0.16923669150955944,0.007098220466297461,0.007098220466297461,-1,151,,0
per_capita,M0star,in_sample,ISR,Israel,Western Asia,0.1289730259690734,0.19000285906812897,-0.061029833099055575,0.061029833099055575,-1,151,,0
per_capita,M0star,in_sample,JPN,Japan,Eastern Asia,0.13484212055215955,0.13143356479841722,0.003408555753742326,0.003408555753742326,-1,151,,0
per_capita,M0star,in_sample,JOR,Jordan,Western Asia,0.1241622692023015,0.13888097509849193,-0.014718705896190426,0.014718705896190426,-1,151,,0
per_capita,M0star,in_sample,KAZ,Kazakhstan,Central Asia,0.2607179280248597,0.25922174870590087,0.0014961793189588457,0.0014961793189588457,-1,151,,0
per_capita,M0star,in_sample,LAO,Laos,South-eastern Asia,0.11990552917453423,0.1527669982983712,-0.03286146912383697,0.03286146912383697,-1,151,,0
per_capita,M0star,in_sample,LBN,Lebanon,Western Asia,0.13240721718298015,0.15005624549918645,-0.017649028316206294,0.017649028316206294,-1,151,,0
per_capita,M0star,in_sample,MYS,Malaysia,South-eastern Asia,0.14354714353630665,0.1398050417966108,0.003742101739695858,0.003742101739695858,-1,151,,0
per_capita,M0star,in_sample,MNG,Mongolia,Eastern Asia,0.273292065382825,0.2437105383280712,0.02958152705475381,0.02958152705475381,-1,151,,0
per_capita,M0star,in_sample,NPL,Nepal,Southern Asia,0.12394103933918027,0.14485338819217464,-0.020912348852994367,0.020912348852994367,-1,151,,0
per_capita,M0star,in_sample,OMN,Oman,Western Asia,0.2034660332775613,0.1785613811471372,0.024904652130424088,0.024904652130424088,-1,151,,0
per_capita,M0star,in_sample,PAK,Pakistan,Southern Asia,0.1799496198587603,0.1918561773822351,-0.011906557523474803,0.011906557523474803,-1,151,,0
per_capita,M0star,in_sample,PHL,Philippines,South-eastern Asia,0.16029540562197608,0.13287445400613423,0.02742095161584185,0.02742095161584185,-1,151,,0
per_capita,M0star,in_sample,QAT,Qatar,Western Asia,0.2314787860422459,0.1942256386858374,0.0372531473564085,0.0372531473564085,-1,151,,0
per_capita,M0star,in_sample,SAU,Saudi Arabia,Western Asia,0.1912885606557455,0.19848877374747986,-0.007200213091734353,0.007200213091734353,-1,151,,0
per_capita,M0star,in_sample,KOR,South Korea,Eastern Asia,0.14512934007189218,0.19262533667712467,-0.04749599660523249,0.04749599660523249,-1,151,,0
per_capita,M0star,in_sample,LKA,Sri Lanka,Southern Asia,0.13450142935863102,0.13592018168179623,-0.0014187523231652122,0.0014187523231652122,-1,151,,0
per_capita,M0star,in_sample,SYR,Syria,Western Asia,0.14323534954112288,0.19437837920941103,-0.051143029668288154,0.051143029668288154,-1,151,,0
per_capita,M0star,in_sample,TWN,Taiwan,Eastern Asia,0.13706412122195852,0.1470756497872477,-0.010011528565289168,0.010011528565289168,-1,151,,0
per_capita,M0star,in_sample,TJK,Tajikistan,Central Asia,0.233975502099763,0.2205574740723721,0.013418028027390894,0.013418028027390894,-1,151,,0
per_capita,M0star,in_sample,THA,Thailand,South-eastern Asia,0.11983102194091183,0.15270202830507268,-0.03287100636416085,0.03287100636416085,-1,151,,0
per_capita,M0star,in_sample,TUR,Turkey,Western Asia,0.1419623303023036,0.1597524026883388,-0.017790072386035194,0.017790072386035194,-1,151,,0
per_capita,M0star,in_sample,TKM,Turkmenistan,Central Asia,0.2752870410187589,0.21301930170355954,0.062267739315199355,0.062267739315199355,-1,151,,0
per_capita,M0star,in_sample,ARE,United Arab Emirates,Western Asia,0.2248308233871666,0.18947999670038274,0.035350826686783854,0.035350826686783854,-1,151,,0
per_capita,M0star,in_sample,UZB,Uzbekistan,Central Asia,0.27739224194989204,0.2439820735616209,0.03341016838827113,0.03341016838827113,-1,151,,0
per_capita,M0star,in_sample,VNM,Vietnam,South-eastern Asia,0.122632583177362,0.14895815364872075,-0.02632557047135875,0.02632557047135875,-1,151,,0
per_capita,M0star,in_sample,YEM,Yemen,Western Asia,0.20150002766065422,0.16578325984241674,0.03571676781823749,0.03571676781823749,-1,151,,0
per_capita,M0star,in_sample,ALB,Albania,Southern Europe,0.15748303087977816,0.14275964339796965,0.014723387481808514,0.014723387481808514,-1,151,,0
per_capita,M0star,in_sample,AUT,Austria,Western Europe,0.21029967713303166,0.20867349420397954,0.0016261829290521168,0.0016261829290521168,-1,151,,0
per_capita,M0star,in_sample,BLR,Belarus,Eastern Europe,0.21395039394228654,0.2070768550130113,0.0068735389292752525,0.0068735389292752525,-1,151,,0
per_capita,M0star,in_sample,BEL,Belgium,Western Europe,0.1951636806716645,0.1800976698335473,0.015066010838117205,0.015066010838117205,-1,151,,0
per_capita,M0star,in_sample,BIH,Bosnia And Herzegovina,Southern Europe,0.18440933101350881,0.17190219515073177,0.012507135862777047,0.012507135862777047,-1,151,,0
per_capita,M0star,in_sample,BGR,Bulgaria,Eastern Europe,0.16411393376308978,0.195674600362368,-0.031560666599278225,0.031560666599278225,-1,151,,0
per_capita,M0star,in_sample,HRV,Croatia,Southern Europe,0.18952185187085302,0.18792228639774644,0.001599565473106579,0.001599565473106579,-1,151,,0
per_capita,M0star,in_sample,CYP,Cyprus,Western Asia,0.14075176149640625,0.15815957765445887,-0.01740781615805262,0.01740781615805262,-1,151,,0
per_capita,M0star,in_sample,CZE,Czech Republic,Eastern Europe,0.19293606527047014,0.21300354133668864,-0.020067476066218504,0.020067476066218504,-1,151,,0
per_capita,M0star,in_sample,DNK,Denmark,Northern Europe,0.1919403849228464,0.19001609809438458,0.0019242868284618242,0.0019242868284618242,-1,151,,0
per_capita,M0star,in_sample,EST,Estonia,Northern Europe,0.25938076329685683,0.21398615383309277,0.04539460946376406,0.04539460946376406,-1,151,,0
per_capita,M0star,in_sample,FIN,Finland,Northern Europe,0.2349856997144576,0.21103688502390855,0.023948814690549047,0.023948814690549047,-1,151,,0
per_capita,M0star,in_sample,FRA,France,Western Europe,0.1916777527720347,0.18699827907193112,0.004679473700103576,0.004679473700103576,-1,151,,0
per_capita,M0star,in_sample,DEU,Germany,Western Europe,0.19552600658812053,0.1854361703259123,0.010089836262208218,0.010089836262208218,-1,151,,0
per_capita,M0star,in_sample,GRC,Greece,Southern Europe,0.14163851313814882,0.16770022396971668,-0.026061710831567858,0.026061710831567858,-1,151,,0
per_capita,M0star,in_sample,HUN,Hungary,Eastern Europe,0.18683465599109378,0.21090148975696044,-0.024066833765866658,0.024066833765866658,-1,151,,0
per_capita,M0star,in_sample,ISL,Iceland,Northern Europe,0.12736783367802937,0.1273678336780287,6.661338147750939e-16,6.661338147750939e-16,-1,151,,0
per_capita,M0star,in_sample,IRL,Ireland,Northern Europe,0.1678618971108085,0.18564762514906957,-0.01778572803826106,0.01778572803826106,-1,151,,0
per_capita,M0star,in_sample,ITA,Italy,Southern Europe,0.1823289325414157,0.17311152960442985,0.009217402936985836,0.009217402936985836,-1,151,,0
per_capita,M0star,in_sample,LVA,Latvia,Northern Europe,0.2466163184774826,0.2064387458869284,0.04017757259055421,0.04017757259055421,-1,151,,0
per_capita,M0star,in_sample,LTU,Lithuania,Northern Europe,0.22162226701877433,0.20613926773525837,0.015482999283515958,0.015482999283515958,-1,151,,0
per_capita,M0star,in_sample,MKD,Macedonia,Southern Europe,0.16410994630244113,0.17208066309304385,-0.007970716790602711,0.007970716790602711,-1,151,,0
per_capita,M0star,in_sample,MDA,Moldova,Eastern Europe,0.15544942684686172,0.18278540413315317,-0.027335977286291446,0.027335977286291446,-1,151,,0
per_capita,M0star,in_sample,MNE,Montenegro,Southern Europe,0.1643666862725019,0.16769434738517347,-0.003327661112671576,0.003327661112671576,-1,151,,0
per_capita,M0star,in_sample,NLD,Netherlands,Western Europe,0.18877545734026732,0.16083218463612553,0.02794327270414179,0.02794327270414179,-1,151,,0
per_capita,M0star,in_sample,NOR,Norway,Northern Europe,0.20191951273050374,0.21086292948909027,-0.008943416758586537,0.008943416758586537,-1,151,,0
per_capita,M0star,in_sample,POL,Poland,Eastern Europe,0.18403612522932167,0.20614939472727128,-0.022113269497949617,0.022113269497949617,-1,151,,0
per_capita,M0star,in_sample,PRT,Portugal,Southern Europe,0.1846817946752158,0.16454236301327793,0.02013943166193788,0.02013943166193788,-1,151,,0
per_capita,M0star,in_sample,ROU,Romania,Eastern Europe,0.1626491375716469,0.20306644825575682,-0.04041731068410992,0.04041731068410992,-1,151,,0
per_capita,M0star,in_sample,RUS,Russia,Eastern Europe,0.262173281711931,0.23758371668112366,0.024589565030807337,0.024589565030807337,-1,151,,0
per_capita,M0star,in_sample,SRB,Serbia,Southern Europe,0.1777828851474587,0.1809917967782343,-0.0032089116307755794,0.0032089116307755794,-1,151,,0
per_capita,M0star,in_sample,SVK,Slovakia,Eastern Europe,0.17135924127324334,0.21561831046910188,-0.044259069195858536,0.044259069195858536,-1,151,,0
per_capita,M0star,in_sample,SVN,Slovenia,Southern Europe,0.2104092831778439,0.1903069080690885,0.0201023751087554,0.0201023751087554,-1,151,,0
per_capita,M0star,in_sample,ESP,Spain,Southern Europe,0.19118695961871326,0.16942598438477863,0.021760975233934637,0.021760975233934637,-1,151,,0
per_capita,M0star,in_sample,SWE,Sweden,Northern Europe,0.21924683880167534,0.21052326034491367,0.008723578456761666,0.008723578456761666,-1,151,,0
per_capita,M0star,in_sample,CHE,Switzerland,Western Europe,0.20255138935875544,0.19887900400316605,0.0036723853555893915,0.0036723853555893915,-1,151,,0
per_capita,M0star,in_sample,UKR,Ukraine,Eastern Europe,0.17767865721146503,0.19733005855648306,-0.019651401345018027,0.019651401345018027,-1,151,,0
per_capita,M0star,in_sample,GBR,United Kingdom,Northern Europe,0.16309409461298247,0.17915852967406745,-0.016064435061084986,0.016064435061084986,-1,151,,0
per_capita,M0star,in_sample,BHS,Bahamas,Caribbean,0.13991083211606994,0.14565358042259618,-0.005742748306526241,0.005742748306526241,-1,151,,0
per_capita,M0star,in_sample,CAN,Canada,Northern America,0.2521930060529909,0.18858944828822094,0.06360355776476995,0.06360355776476995,-1,151,,0
per_capita,M0star,in_sample,CRI,Costa Rica,Central America,0.10130466192673268,0.12013107196789816,-0.018826410041165476,0.018826410041165476,-1,151,,0
per_capita,M0star,in_sample,CUB,Cuba,Caribbean,0.12305617676307766,0.12149390363227709,0.0015622731308005677,0.0015622731308005677,-1,151,,0
per_capita,M0star,in_sample,DOM,Dominican Republic,Caribbean,0.15478420047944152,0.11130983112804789,0.043474369351393635,0.043474369351393635,-1,151,,0
per_capita,M0star,in_sample,SLV,El Salvador,Central America,0.06948090854064985,0.09869374282192282,-0.02921283428127297,0.02921283428127297,-1,151,,0
per_capita,M0star,in_sample,GTM,Guatemala,Central America,0.0508136158223582,0.07289975870712992,-0.022086142884771717,0.022086142884771717,-1,151,,0
per_capita,M0star,in_sample,HTI,Haiti,Caribbean,0.14216341234840274,0.09986663075731488,0.042296781591087865,0.042296781591087865,-1,151,,0
per_capita,M0star,in_sample,HND,Honduras,Central America,0.08078933014247122,0.10692921273400263,-0.02613988259153141,0.02613988259153141,-1,151,,0
per_capita,M0star,in_sample,JAM,Jamaica,Caribbean,0.12861876139008294,0.11992745666843954,0.008691304721643395,0.008691304721643395,-1,151,,0
per_capita,M0star,in_sample,MEX,Mexico,Central America,0.04065719593311795,0.1021143533000531,-0.06145715736693515,0.06145715736693515,-1,151,,0
per_capita,M0star,in_sample,NIC,Nicaragua,Central America,0.09228609649696132,0.10651704127640926,-0.014230944779447946,0.014230944779447946,-1,151,,0
per_capita,M0star,in_sample,PAN,Panama,Central America,0.12161241121300685,0.1176181003497773,0.003994310863229558,0.003994310863229558,-1,151,,0
per_capita,M0star,in_sample,USA,United States,Northern America,0.1695001197237513,0.15542659689504768,0.014073522828703638,0.014073522828703638,-1,151,,0
per_capita,M0star,in_sample,AUS,Australia,Australia and New Zealand,0.16302097420962694,0.1471195775540014,0.015901396655625538,0.015901396655625538,-1,151,,0
per_capita,M0star,in_sample,NZL,New Zealand,Australia and New Zealand,0.10027093962176431,0.14667630054461914,-0.04640536092285483,0.04640536092285483,-1,151,,0
per_capita,M0star,in_sample,PNG,Papua New Guinea,Melanesia,0.13861753573076713,0.10811357146354414,0.030503964267222988,0.030503964267222988,-1,151,,0
per_capita,M0star,in_sample,ARG,Argentina,South America,0.10866574248962382,0.16029219431166314,-0.051626451822039315,0.051626451822039315,-1,151,,0
per_capita,M0star,in_sample,BOL,Bolivia,South America,0.10781469285053756,0.10865115081178711,-0.000836457961249551,0.000836457961249551,-1,151,,0
per_capita,M0star,in_sample,BRA,Brazil,South America,0.16469595530453246,0.09053302931459416,0.0741629259899383,0.0741629259899383,-1,151,,0
per_capita,M0star,in_sample,CHL,Chile,South America,0.0993071522959073,0.13112446132321978,-0.03181730902731249,0.03181730902731249,-1,151,,0
per_capita,M0star,in_sample,COL,Colombia,South America,0.13225011394627992,0.13198008794850724,0.0002700259977726771,0.0002700259977726771,-1,151,,0
per_capita,M0star,in_sample,ECU,Ecuador,South America,0.12529387656573873,0.10091568703490489,0.024378189530833844,0.024378189530833844,-1,151,,0
per_capita,M0star,in_sample,PRY,Paraguay,South America,0.12268222549728672,0.1460834116736388,-0.02340118617635209,0.02340118617635209,-1,151,,0
per_capita,M0star,in_sample,PER,Peru,South America,0.10234701745272959,0.11736150432247318,-0.01501448686974359,0.01501448686974359,-1,151,,0
per_capita,M0star,in_sample,SUR,Suriname,South America,0.14991778270906336,0.1337264787568354,0.016191303952227953,0.016191303952227953,-1,151,,0
per_capita,M0star,in_sample,URY,Uruguay,South America,0.1340604374132053,0.13141161368524323,0.002648823727962074,0.002648823727962074,-1,151,,0
per_capita,M0star,in_sample,VEN,Venezuela,South America,0.14209795456206648,0.1370533319041013,0.005044622657965181,0.005044622657965181,-1,151,,0
per_capita,M0star,primary_loco,DZA,Algeria,Northern Africa,0.24027005915767902,0.1983889452685773,0.041881113889101707,0.041881113889101707,0,140,502.80410892048315,0
per_capita,M0star,primary_loco,AGO,Angola,Middle Africa,0.2003000150757142,0.1541138759675609,0.04618613910815331,0.04618613910815331,1,143,617.5524176445745,0
per_capita,M0star,primary_loco,BEN,Benin,Western Africa,0.20270211677173233,0.18742796992949823,0.015274146842234104,0.015274146842234104,2,143,645.265464870903,0
per_capita,M0star,primary_loco,BWA,Botswana,Southern Africa,0.15541865895509172,0.23711897360096426,-0.08170031464587255,0.08170031464587255,3,142,617.3401076622447,0
per_capita,M0star,primary_loco,BFA,Burkina Faso,Western Africa,0.2158731392585228,0.2140700654868205,0.0018030737717023015,0.0018030737717023015,4,140,544.1912089132867,0
per_capita,M0star,primary_loco,BDI,Burundi,Eastern Africa,0.20888549627683978,0.17588459483611665,0.033000901440723124,0.033000901440723124,5,144,652.8579050829767,0
per_capita,M0star,primary_loco,CMR,Cameroon,Middle Africa,0.16636200134979467,0.20659232281290124,-0.040230321463106566,0.040230321463106566,6,142,645.265464870903,0
per_capita,M0star,primary_loco,CAF,Central African Republic,Middle Africa,0.18403786064638777,0.24289375188984924,-0.05885589124346147,0.05885589124346147,7,141,668.5532199135129,0
per_capita,M0star,primary_loco,TCD,Chad,Middle Africa,0.2035091414222523,0.2423828161505016,-0.03887367472824932,0.03887367472824932,8,140,628.5950455799541,0
per_capita,M0star,primary_loco,COG,Congo,Middle Africa,0.1704220858831212,0.17725436022096425,-0.006832274337843058,0.006832274337843058,9,143,505.2073478639452,0
per_capita,M0star,primary_loco,COD,Congo (Democratic Republic Of The),Middle Africa,0.19859794898946587,0.20041938148241517,-0.0018214324929493042,0.0018214324929493042,10,133,610.5128671535235,0
per_capita,M0star,primary_loco,CIV,Côte D'Ivoire,Western Africa,0.20772847580142792,0.1806248056147861,0.02710367018664181,0.02710367018664181,11,141,513.4956418289805,0
per_capita,M0star,primary_loco,DJI,Djibouti,Eastern Africa,0.20035987264449803,0.19503260138462533,0.005327271259872701,0.005327271259872701,12,145,597.3982225286695,0
per_capita,M0star,primary_loco,EGY,Egypt,Northern Africa,0.15478518959618381,0.2473005893458453,-0.0925153997496615,0.0925153997496615,13,137,796.7350520612513,0
per_capita,M0star,primary_loco,GNQ,Equatorial Guinea,Middle Africa,0.16354706521210607,0.1994092316724186,-0.03586216646031254,0.03586216646031254,14,145,617.5524176445745,0
per_capita,M0star,primary_loco,ERI,Eritrea,Eastern Africa,0.20315322405399622,0.21023218141899402,-0.007078957364997807,0.007078957364997807,15,143,914.0853458171574,0
per_capita,M0star,primary_loco,ETH,Ethiopia,Eastern Africa,0.2076992707889047,0.20920127263702412,-0.0015020018481194108,0.0015020018481194108,16,141,633.7952924267872,0
per_capita,M0star,primary_loco,GAB,Gabon,Middle Africa,0.16553931693258667,0.20233647607919833,-0.03679715914661166,0.03679715914661166,17,143,628.5950455799541,0
per_capita,M0star,primary_loco,GHA,Ghana,Western Africa,0.1992545668996173,0.1806634260434534,0.018591140856163896,0.018591140856163896,18,142,518.8803734064857,0
per_capita,M0star,primary_loco,GIN,Guinea,Western Africa,0.22751348300753205,0.18102034907210485,0.0464931339354272,0.0464931339354272,19,142,518.8803734064857,0
per_capita,M0star,primary_loco,GNB,Guinea Bissau,Western Africa,0.23319971534367673,0.18892357167206342,0.04427614367161331,0.04427614367161331,20,145,524.8811678267961,0
per_capita,M0star,primary_loco,KEN,Kenya,Eastern Africa,0.21062387448612835,0.15445159844336837,0.05617227604275998,0.05617227604275998,21,142,610.9220933565367,0
per_capita,M0star,primary_loco,LSO,Lesotho,Southern Africa,0.16129029981211962,0.184470613295936,-0.023180313483816384,0.023180313483816384,22,146,679.8830982691288,0
per_capita,M0star,primary_loco,LBR,Liberia,Western Africa,0.2160061033815747,0.19559924987185023,0.02040685350972446,0.02040685350972446,23,143,524.8811678267961,0
per_capita,M0star,primary_loco,LBY,Libya,Northern Africa,0.19059948923507644,0.250520582046177,-0.05992109281110056,0.05992109281110056,24,142,509.873869437773,0
per_capita,M0star,primary_loco,MDG,Madagascar,Eastern Africa,0.1813544794012833,0.18428197145888442,-0.002927492057601122,0.002927492057601122,25,149,714.622347526621,0
per_capita,M0star,primary_loco,MWI,Malawi,Eastern Africa,0.18854099012577252,0.18874997169988178,-0.0002089815741092571,0.0002089815741092571,26,145,652.8579050829767,0
per_capita,M0star,primary_loco,MLI,Mali,Western Africa,0.24782669503123966,0.20830607179683858,0.03952062323440109,0.03952062323440109,27,135,784.4064914150321,0
per_capita,M0star,primary_loco,MRT,Mauritania,Western Africa,0.2597916027159455,0.19026637296376664,0.06952522975217884,0.06952522975217884,28,142,513.4643800186929,0
per_capita,M0star,primary_loco,MAR,Morocco,Northern Africa,0.2418455862979349,0.18768737102639846,0.05415821527153644,0.05415821527153644,29,145,809.6690483424891,0
per_capita,M0star,primary_loco,MOZ,Mozambique,Eastern Africa,0.172823801894673,0.19953410778295214,-0.026710305888279134,0.026710305888279134,30,140,587.3811357085859,0
per_capita,M0star,primary_loco,NAM,Namibia,Southern Africa,0.17785319196923344,0.20449328123176996,-0.026640089262536526,0.026640089262536526,31,145,587.3811357085859,0
per_capita,M0star,primary_loco,NER,Niger,Western Africa,0.2385606960588716,0.2376136716553566,0.00094702440351499,0.00094702440351499,32,140,562.5858813422933,0
per_capita,M0star,primary_loco,NGA,Nigeria,Western Africa,0.2030109401107239,0.20066537224653602,0.0023455678641878808,0.0023455678641878808,33,139,505.2073478639452,0
per_capita,M0star,primary_loco,RWA,Rwanda,Eastern Africa,0.20845952779692498,0.18465781439006512,0.023801713406859853,0.023801713406859853,34,145,596.1094098552721,0
per_capita,M0star,primary_loco,SEN,Senegal,Western Africa,0.24097868636270878,0.18728015982925184,0.05369852653345694,0.05369852653345694,35,143,661.0012016224565,0
per_capita,M0star,primary_loco,SLE,Sierra Leone,Western Africa,0.22372060994282955,0.18907899366962785,0.0346416162732017,0.0346416162732017,36,144,513.4643800186929,0
per_capita,M0star,primary_loco,SOM,Somalia,Eastern Africa,0.19588332023430152,0.19143515494218247,0.004448165292119055,0.004448165292119055,37,143,518.7600014609704,0
per_capita,M0star,primary_loco,ZAF,South Africa,Southern Africa,0.16028496312204338,0.20315723921144557,-0.042872276089402195,0.042872276089402195,38,144,509.0405920948506,0
per_capita,M0star,primary_loco,SDN,Sudan,Northern Africa,0.20487305719629992,0.2583186049306361,-0.05344554773433616,0.05344554773433616,39,140,596.1389060766417,0
per_capita,M0star,primary_loco,SWZ,Swaziland,Southern Africa,0.15934183499515397,0.20811576774743648,-0.048773932752282506,0.048773932752282506,40,145,959.717008007507,0
per_capita,M0star,primary_loco,TZA,Tanzania,Eastern Africa,0.20953051997740807,0.15454788374161305,0.054982636235795024,0.054982636235795024,41,141,589.8828410805131,0
per_capita,M0star,primary_loco,TGO,Togo,Western Africa,0.1941324419699687,0.2049052397211613,-0.010772797751192581,0.010772797751192581,42,143,747.8828031769658,0
per_capita,M0star,primary_loco,TUN,Tunisia,Northern Africa,0.23748975158588337,0.23743392134773886,5.5830238144510824e-05,5.5830238144510824e-05,43,145,648.7548166347074,0
per_capita,M0star,primary_loco,UGA,Uganda,Eastern Africa,0.21147594840550732,0.21985657153646987,-0.00838062313096255,0.00838062313096255,44,143,596.1389060766417,0
per_capita,M0star,primary_loco,ZMB,Zambia,Eastern Africa,0.17691283567770744,0.18066339430410439,-0.0037505586263969493,0.0037505586263969493,45,141,509.0405920948506,0
per_capita,M0star,primary_loco,ZWE,Zimbabwe,Eastern Africa,0.1535502891079796,0.18781640889122558,-0.03426611978324598,0.03426611978324598,46,141,589.8828410805131,0
per_capita,M0star,primary_loco,AFG,Afghanistan,Southern Asia,0.24733117695547363,0.1897249881037236,0.057606188851750034,0.057606188851750034,47,142,530.0748621948782,0
per_capita,M0star,primary_loco,ARM,Armenia,Western Asia,0.18833773750931812,0.17035955396426147,0.017978183545056647,0.017978183545056647,48,143,502.3155465637135,0
per_capita,M0star,primary_loco,AZE,Azerbaijan,Western Asia,0.19504824967387935,0.17325328111920496,0.021794968554674388,0.021794968554674388,49,140,796.0593166359175,0
per_capita,M0star,primary_loco,BGD,Bangladesh,Southern Asia,0.11108862004719486,0.1614366645523932,-0.050348044505198336,0.050348044505198336,50,146,583.964746833446,0
per_capita,M0star,primary_loco,MMR,Burma,South-eastern Asia,0.10898678984933867,0.17688055294714294,-0.06789376309780427,0.06789376309780427,51,141,592.4577340928826,0
per_capita,M0star,primary_loco,KHM,Cambodia,South-eastern Asia,0.12397652977439673,0.15662636202023167,-0.03264983224583494,0.03264983224583494,52,144,676.9381053939196,0
per_capita,M0star,primary_loco,CHN,China,Eastern Asia,0.18801127254816274,0.18541728877003533,0.0025939837781274178,0.0025939837781274178,53,131,621.7810260710111,0
per_capita,M0star,primary_loco,GEO,Georgia,Western Asia,0.17014653222140888,0.16957362707163348,0.000572905149775399,0.000572905149775399,54,140,767.6489375125233,0
per_capita,M0star,primary_loco,IND,India,Southern Asia,0.12279874845556998,0.18257283634314045,-0.059774087887570465,0.059774087887570465,55,140,579.308884690665,0
per_capita,M0star,primary_loco,IDN,Indonesia,South-eastern Asia,0.1365994643114788,0.08472933213652951,0.05187013217494928,0.05187013217494928,56,142,676.9381053939196,0
per_capita,M0star,primary_loco,IRN,Iran,Southern Asia,0.25326598928356275,0.15731367545478686,0.09595231382877589,0.09595231382877589,57,134,568.6539133064839,0
per_capita,M0star,primary_loco,IRQ,Iraq,Western Asia,0.1763349119758569,0.1667525866066258,0.009582325369231093,0.009582325369231093,58,136,595.6035032545958,0
per_capita,M0star,primary_loco,ISR,Israel,Western Asia,0.1289730259690734,0.20045413770401843,-0.07148111173494504,0.07148111173494504,59,142,676.993228000802,0
per_capita,M0star,primary_loco,JPN,Japan,Eastern Asia,0.13484212055215955,0.1292075881650737,0.005634532387085861,0.005634532387085861,60,145,1419.3714758707915,0
per_capita,M0star,primary_loco,JOR,Jordan,Western Asia,0.1241622692023015,0.1497396928558919,-0.025577423653590392,0.025577423653590392,61,142,597.7999418076139,0
per_capita,M0star,primary_loco,KAZ,Kazakhstan,Central Asia,0.2607179280248597,0.1835518088019733,0.07716611922288641,0.07716611922288641,62,139,505.97001980195694,0
per_capita,M0star,primary_loco,LAO,Laos,South-eastern Asia,0.11990552917453423,0.16695814386165247,-0.047052614687118244,0.047052614687118244,63,145,704.866764093186,0
per_capita,M0star,primary_loco,LBN,Lebanon,Western Asia,0.13240721718298015,0.16203427374276175,-0.029627056559781595,0.029627056559781595,64,142,667.260839566188,0
per_capita,M0star,primary_loco,MYS,Malaysia,South-eastern Asia,0.14354714353630665,0.13984964940859548,0.0036974941277111706,0.0036974941277111706,65,144,598.4793279343521,0
per_capita,M0star,primary_loco,MNG,Mongolia,Eastern Asia,0.273292065382825,0.23284593035885565,0.040446135023969376,0.040446135023969376,66,147,1014.6317233049575,0
per_capita,M0star,primary_loco,NPL,Nepal,Southern Asia,0.12394103933918027,0.1522270456390989,-0.02828600629991862,0.02828600629991862,67,147,541.6957236344748,0
per_capita,M0star,primary_loco,OMN,Oman,Western Asia,0.2034660332775613,0.14771171772120217,0.055754315556359124,0.055754315556359124,68,144,518.7600014609704,0
per_capita,M0star,primary_loco,PAK,Pakistan,Southern Asia,0.1799496198587603,0.1777117740461206,0.002237845812639694,0.002237845812639694,69,141,510.6416259410729,0
per_capita,M0star,primary_loco,PHL,Philippines,South-eastern Asia,0.16029540562197608,0.12046427837465637,0.039831127247319714,0.039831127247319714,70,145,833.6550541710932,0
per_capita,M0star,primary_loco,QAT,Qatar,Western Asia,0.2314787860422459,0.1731179033299401,0.0583608827123058,0.0583608827123058,71,145,596.9267432386954,0
per_capita,M0star,primary_loco,SAU,Saudi Arabia,Western Asia,0.1912885606557455,0.1821479972916817,0.009140563364063797,0.009140563364063797,72,132,666.2405990245873,0
per_capita,M0star,primary_loco,KOR,South Korea,Eastern Asia,0.14512934007189218,0.19991184837319467,-0.05478250830130249,0.05478250830130249,73,147,877.0301146579199,0
per_capita,M0star,primary_loco,LKA,Sri Lanka,Southern Asia,0.13450142935863102,0.1386036150221068,-0.0041021856634757825,0.0041021856634757825,74,149,1398.3985671009978,0
per_capita,M0star,primary_loco,SYR,Syria,Western Asia,0.14323534954112288,0.2143048227117261,-0.07106947317060322,0.07106947317060322,75,138,584.2435976894245,0
per_capita,M0star,primary_loco,TWN,Taiwan,Eastern Asia,0.13706412122195852,0.145144801160498,-0.008080679938539476,0.008080679938539476,76,147,845.9041034836367,0
per_capita,M0star,primary_loco,TJK,Tajikistan,Central Asia,0.233975502099763,0.20376282373350335,0.030212678366259654,0.030212678366259654,77,143,568.6539133064839,0
per_capita,M0star,primary_loco,THA,Thailand,South-eastern Asia,0.11983102194091183,0.16213029411083235,-0.04229927216992052,0.04229927216992052,78,142,583.964746833446,0
per_capita,M0star,primary_loco,TUR,Turkey,Western Asia,0.1419623303023036,0.1562232602882922,-0.014260929985988602,0.014260929985988602,79,129,506.9514190084059,0
per_capita,M0star,primary_loco,TKM,Turkmenistan,Central Asia,0.2752870410187589,0.1872663685180213,0.08802067250073758,0.08802067250073758,80,141,502.3155465637135,0
per_capita,M0star,primary_loco,ARE,United Arab Emirates,Western Asia,0.2248308233871666,0.16362451433463748,0.061206309052529106,0.061206309052529106,81,144,595.6035032545958,0
per_capita,M0star,primary_loco,UZB,Uzbekistan,Central Asia,0.27739224194989204,0.20934363279782756,0.06804860915206448,0.06804860915206448,82,142,519.6002071985519,0
per_capita,M0star,primary_loco,VNM,Vietnam,South-eastern Asia,0.122632583177362,0.1588391759078767,-0.036206592730514686,0.036206592730514686,83,143,743.2317243953779,0
per_capita,M0star,primary_loco,YEM,Yemen,Western Asia,0.20150002766065422,0.15282299136985333,0.04867703629080089,0.04867703629080089,84,142,596.9267432386954,0
per_capita,M0star,primary_loco,ALB,Albania,Southern Europe,0.15748303087977816,0.14280728559731534,0.014675745282462821,0.014675745282462821,85,138,532.1940953141744,0
per_capita,M0star,primary_loco,AUT,Austria,Western Europe,0.21029967713303166,0.21833416369282302,-0.00803448655979136,0.00803448655979136,86,133,532.1940953141744,0
per_capita,M0star,primary_loco,BLR,Belarus,Eastern Europe,0.21395039394228654,0.21267798118871498,0.0012724127535715668,0.0012724127535715668,87,137,523.4292153680008,0
per_capita,M0star,primary_loco,BEL,Belgium,Western Europe,0.1951636806716645,0.17209711009210182,0.023066570579562684,0.023066570579562684,88,141,575.2113851156029,0
per_capita,M0star,primary_loco,BIH,Bosnia And Herzegovina,Southern Europe,0.18440933101350881,0.18743815381749895,-0.003028822803990139,0.003028822803990139,89,132,516.557346163752,0
per_capita,M0star,primary_loco,BGR,Bulgaria,Eastern Europe,0.16411393376308978,0.21041847531213967,-0.046304541549049894,0.046304541549049894,90,136,516.1513126517902,0
per_capita,M0star,primary_loco,HRV,Croatia,Southern Europe,0.18952185187085302,0.20488854185423283,-0.015366689983379811,0.015366689983379811,91,131,616.9791693143779,0
per_capita,M0star,primary_loco,CYP,Cyprus,Western Asia,0.14075176149640625,0.16016635696936932,-0.019414595472963064,0.019414595472963064,92,141,701.1073430807862,0
per_capita,M0star,primary_loco,CZE,Czech Republic,Eastern Europe,0.19293606527047014,0.2213639337380484,-0.028427868467578277,0.028427868467578277,93,130,554.6138800350556,0
per_capita,M0star,primary_loco,DNK,Denmark,Northern Europe,0.1919403849228464,0.18091772743483747,0.01102265748800893,0.01102265748800893,94,138,523.4292153680008,0
per_capita,M0star,primary_loco,EST,Estonia,Northern Europe,0.25938076329685683,0.2023609797496072,0.057019783547249625,0.057019783547249625,95,142,525.0751955757905,0
per_capita,M0star,primary_loco,FIN,Finland,Northern Europe,0.2349856997144576,0.19799021373700137,0.03699548597745622,0.03699548597745622,96,143,541.07029162924,0
per_capita,M0star,primary_loco,FRA,France,Western Europe,0.1916777527720347,0.17514642664108662,0.01653132613094807,0.01653132613094807,97,135,516.557346163752,0
per_capita,M0star,primary_loco,DEU,Germany,Western Europe,0.19552600658812053,0.17670902700034358,0.01881697958777695,0.01881697958777695,98,129,540.6326509284623,0
per_capita,M0star,primary_loco,GRC,Greece,Southern Europe,0.14163851313814882,0.1713184197878586,-0.029679906649709792,0.029679906649709792,99,135,544.4786407610321,0
per_capita,M0star,primary_loco,HUN,Hungary,Eastern Europe,0.18683465599109378,0.23637762470464174,-0.049542968713547963,0.049542968713547963,100,131,544.4786407610321,0
per_capita,M0star,primary_loco,ISL,Iceland,Northern Europe,0.12736783367802937,0.21362715988201392,-0.08625932620398455,0.08625932620398455,101,150,683.9995161569707,1
per_capita,M0star,primary_loco,IRL,Ireland,Northern Europe,0.1678618971108085,0.18834391911474774,-0.020482022003939226,0.020482022003939226,102,148,575.2113851156029,0
per_capita,M0star,primary_loco,ITA,Italy,Southern Europe,0.1823289325414157,0.1671566154445953,0.015172317096820376,0.015172317096820376,103,127,500.6829492326859,0
per_capita,M0star,primary_loco,LVA,Latvia,Northern Europe,0.2466163184774826,0.19581490543104124,0.05080141304644137,0.05080141304644137,104,140,561.438700953788,0
per_capita,M0star,primary_loco,LTU,Lithuania,Northern Europe,0.22162226701877433,0.19585592058019385,0.025766346438580473,0.025766346438580473,105,140,506.53074534544373,0
per_capita,M0star,primary_loco,MKD,Macedonia,Southern Europe,0.16410994630244113,0.17575141532746288,-0.01164146902502175,0.01164146902502175,106,139,550.1872309204372,0
per_capita,M0star,primary_loco,MDA,Moldova,Eastern Europe,0.15544942684686172,0.19639061955912643,-0.04094119271226471,0.04094119271226471,107,139,568.1431789453329,0
per_capita,M0star,primary_loco,MNE,Montenegro,Southern Europe,0.1643666862725019,0.17265293552167799,-0.008286249249176092,0.008286249249176092,108,137,506.9514190084059,0
per_capita,M0star,primary_loco,NLD,Netherlands,Western Europe,0.18877545734026732,0.15134758668241838,0.037427870657848944,0.037427870657848944,109,138,606.5995382433201,0
per_capita,M0star,primary_loco,NOR,Norway,Northern Europe,0.20191951273050374,0.20726471017259168,-0.0053451974420879456,0.0053451974420879456,110,143,525.0751955757905,0
per_capita,M0star,primary_loco,POL,Poland,Eastern Europe,0.18403612522932167,0.20864790917108786,-0.02461178394176619,0.02461178394176619,111,129,516.1513126517902,0
per_capita,M0star,primary_loco,PRT,Portugal,Southern Europe,0.1846817946752158,0.16015597780110163,0.024525816874114176,0.024525816874114176,112,147,502.80410892048315,0
per_capita,M0star,primary_loco,ROU,Romania,Eastern Europe,0.1626491375716469,0.2264558405500502,-0.0638067029784033,0.0638067029784033,113,132,500.6829492326859,0
per_capita,M0star,primary_loco,RUS,Russia,Eastern Europe,0.262173281711931,0.23041417864896624,0.031759103062964755,0.031759103062964755,114,124,510.89421444985624,0
per_capita,M0star,primary_loco,SRB,Serbia,Southern Europe,0.1777828851474587,0.20442347620757328,-0.02664059106011457,0.02664059106011457,115,131,620.6316199825837,0
per_capita,M0star,primary_loco,SVK,Slovakia,Eastern Europe,0.17135924127324334,0.23757031566932382,-0.06621107439608048,0.06621107439608048,116,133,506.53074534544373,0
per_capita,M0star,primary_loco,SVN,Slovenia,Southern Europe,0.2104092831778439,0.1999938759251284,0.010415407252715503,0.010415407252715503,117,134,523.0003061461504,0
per_capita,M0star,primary_loco,ESP,Spain,Southern Europe,0.19118695961871326,0.16249624369154506,0.02869071592716821,0.02869071592716821,118,142,632.7715866249459,0
per_capita,M0star,primary_loco,SWE,Sweden,Northern Europe,0.21924683880167534,0.19851480935481797,0.02073202944685737,0.02073202944685737,119,138,629.3631220012767,0
per_capita,M0star,primary_loco,CHE,Switzerland,Western Europe,0.20255138935875544,0.1997318705164117,0.0028195188423437434,0.0028195188423437434,120,137,526.9858117933452,0
per_capita,M0star,primary_loco,UKR,Ukraine,Eastern Europe,0.17767865721146503,0.2162875778475026,-0.038608920636037575,0.038608920636037575,121,130,550.1872309204372,0
per_capita,M0star,primary_loco,GBR,United Kingdom,Northern Europe,0.16309409461298247,0.17324478239507343,-0.010150687782090967,0.010150687782090967,122,143,550.8784160473896,0
per_capita,M0star,primary_loco,BHS,Bahamas,Caribbean,0.13991083211606994,0.13276138919580519,0.007149442920264759,0.007149442920264759,123,145,649.753202684238,0
per_capita,M0star,primary_loco,CAN,Canada,Northern America,0.2521930060529909,0.16584743754339748,0.0863455685095934,0.0863455685095934,124,149,1211.70507087315,0
per_capita,M0star,primary_loco,CRI,Costa Rica,Central America,0.10130466192673268,0.1318336511164087,-0.03052898918967603,0.03052898918967603,125,145,522.0485865536078,0
per_capita,M0star,primary_loco,CUB,Cuba,Caribbean,0.12305617676307766,0.11461085916409194,0.008445317598985716,0.008445317598985716,126,142,626.2791298879949,0
per_capita,M0star,primary_loco,DOM,Dominican Republic,Caribbean,0.15478420047944152,0.0931923178776777,0.06159188260176382,0.06159188260176382,127,146,513.5751905242428,0
per_capita,M0star,primary_loco,SLV,El Salvador,Central America,0.06948090854064985,0.1276270610566397,-0.058146152515989855,0.058146152515989855,128,145,621.3832720483516,0
per_capita,M0star,primary_loco,GTM,Guatemala,Central America,0.0508136158223582,0.10952093820024975,-0.058707322377891544,0.058707322377891544,129,146,522.0485865536078,0
per_capita,M0star,primary_loco,HTI,Haiti,Caribbean,0.14216341234840274,0.08283511795503609,0.05932829439336665,0.05932829439336665,130,145,605.476460412235,0
per_capita,M0star,primary_loco,HND,Honduras,Central America,0.08078933014247122,0.1395398889211104,-0.05875055877863919,0.05875055877863919,131,142,543.6258175805675,0
per_capita,M0star,primary_loco,JAM,Jamaica,Caribbean,0.12861876139008294,0.10361118635723378,0.025007575032849158,0.025007575032849158,132,144,502.6764474773437,0
per_capita,M0star,primary_loco,MEX,Mexico,Central America,0.04065719593311795,0.14001283609741783,-0.09935564016429987,0.09935564016429987,133,144,649.753202684238,0
per_capita,M0star,primary_loco,NIC,Nicaragua,Central America,0.09228609649696132,0.1351455431253817,-0.042859446628420395,0.042859446628420395,134,143,502.6764474773437,0
per_capita,M0star,primary_loco,PAN,Panama,Central America,0.12161241121300685,0.12156035602848386,5.2055184522989406e-05,5.2055184522989406e-05,135,146,543.6258175805675,0
per_capita,M0star,primary_loco,USA,United States,Northern America,0.1695001197237513,0.14325925851657656,0.026240861207174754,0.026240861207174754,136,145,693.3867407223388,0
per_capita,M0star,primary_loco,AUS,Australia,Australia and New Zealand,0.16302097420962694,0.0985233252347356,0.06449764897489134,0.06449764897489134,137,148,573.2862742563728,0
per_capita,M0star,primary_loco,NZL,New Zealand,Australia and New Zealand,0.10027093962176431,0.17262521739856276,-0.07235427777679845,0.07235427777679845,138,150,573.2862742563728,0
per_capita,M0star,primary_loco,PNG,Papua New Guinea,Melanesia,0.13861753573076713,0.05346630747966649,0.08515122825110064,0.08515122825110064,139,148,1885.2356988228598,0
per_capita,M0star,primary_loco,ARG,Argentina,South America,0.10866574248962382,0.1739520818427475,-0.06528633935312367,0.06528633935312367,140,145,531.5088271370684,0
per_capita,M0star,primary_loco,BOL,Bolivia,South America,0.10781469285053756,0.11771807123850177,-0.009903378387964207,0.009903378387964207,141,145,726.5460124230909,0
per_capita,M0star,primary_loco,BRA,Brazil,South America,0.16469595530453246,0.0499614042649348,0.11473455103959766,0.11473455103959766,142,141,706.9167400925614,0
per_capita,M0star,primary_loco,CHL,Chile,South America,0.0993071522959073,0.15904743551292094,-0.05974028321701365,0.05974028321701365,143,146,706.9167400925614,0
per_capita,M0star,primary_loco,COL,Colombia,South America,0.13225011394627992,0.11581594222744228,0.01643417171883764,0.01643417171883764,144,139,513.5751905242428,0
per_capita,M0star,primary_loco,ECU,Ecuador,South America,0.12529387656573873,0.08646846417557034,0.03882541239016839,0.03882541239016839,145,147,591.9986379136827,0
per_capita,M0star,primary_loco,PRY,Paraguay,South America,0.12268222549728672,0.1619821938841932,-0.03929996838690647,0.03929996838690647,146,145,807.4705432316664,0
per_capita,M0star,primary_loco,PER,Peru,South America,0.10234701745272959,0.10302024992885199,-0.0006732324761224012,0.0006732324761224012,147,145,531.5088271370684,0
per_capita,M0star,primary_loco,SUR,Suriname,South America,0.14991778270906336,0.12046633096076508,0.029451451748298288,0.029451451748298288,148,148,1011.1920654792765,0
per_capita,M0star,primary_loco,URY,Uruguay,South America,0.1340604374132053,0.13118140317190416,0.0028790342413011483,0.0028790342413011483,149,147,1000.6055544230104,0
per_capita,M0star,primary_loco,VEN,Venezuela,South America,0.14209795456206648,0.11841956725638354,0.023678387305682932,0.023678387305682932,150,146,519.4213053467744,0
per_capita,M0star,m49_subregion_lo,DZA,Algeria,Northern Africa,0.24027005915767902,0.20951915796013124,0.03075090119754778,0.03075090119754778,9,145,0.0,0
per_capita,M0star,m49_subregion_lo,AGO,Angola,Middle Africa,0.2003000150757142,0.14638479590190978,0.05391521917380443,0.05391521917380443,8,143,0.0,0
per_capita,M0star,m49_subregion_lo,BEN,Benin,Western Africa,0.20270211677173233,0.17285389670184304,0.029848220069889297,0.029848220069889297,17,137,645.265464870903,0
per_capita,M0star,m49_subregion_lo,BWA,Botswana,Southern Africa,0.15541865895509172,0.2340594225184442,-0.07864076356335248,0.07864076356335248,14,146,0.0,0
per_capita,M0star,m49_subregion_lo,BFA,Burkina Faso,Western Africa,0.2158731392585228,0.20657249948671952,0.009300639771803287,0.009300639771803287,17,137,544.1912089132867,0
per_capita,M0star,m49_subregion_lo,BDI,Burundi,Eastern Africa,0.20888549627683978,0.17668181577524691,0.03220368050159286,0.03220368050159286,4,137,0.0,0
per_capita,M0star,m49_subregion_lo,CMR,Cameroon,Middle Africa,0.16636200134979467,0.20596742777096919,-0.03960542642117451,0.03960542642117451,8,143,0.0,0
per_capita,M0star,m49_subregion_lo,CAF,Central African Republic,Middle Africa,0.18403786064638777,0.23590269538946976,-0.05186483474308198,0.05186483474308198,8,143,0.0,0
per_capita,M0star,m49_subregion_lo,TCD,Chad,Middle Africa,0.2035091414222523,0.2424670095837663,-0.038957868161514,0.038957868161514,8,143,0.0,0
per_capita,M0star,m49_subregion_lo,COG,Congo,Middle Africa,0.1704220858831212,0.17725436022096425,-0.006832274337843058,0.006832274337843058,8,143,505.2073478639452,0
per_capita,M0star,m49_subregion_lo,COD,Congo (Democratic Republic Of The),Middle Africa,0.19859794898946587,0.20551130899860345,-0.006913360009137587,0.006913360009137587,8,143,0.0,0
per_capita,M0star,m49_subregion_lo,CIV,Côte D'Ivoire,Western Africa,0.20772847580142792,0.17307334888077705,0.03465512692065087,0.03465512692065087,17,137,1146.2272281719115,0
per_capita,M0star,m49_subregion_lo,DJI,Djibouti,Eastern Africa,0.20035987264449803,0.1970107578911897,0.0033491147533083465,0.0033491147533083465,4,137,0.0,0
per_capita,M0star,m49_subregion_lo,EGY,Egypt,Northern Africa,0.15478518959618381,0.24044423411877622,-0.0856590445225924,0.0856590445225924,9,145,0.0,0
per_capita,M0star,m49_subregion_lo,GNQ,Equatorial Guinea,Middle Africa,0.16354706521210607,0.20037111070199878,-0.03682404548989271,0.03682404548989271,8,143,47.96538430627216,0
per_capita,M0star,m49_subregion_lo,ERI,Eritrea,Eastern Africa,0.20315322405399622,0.20662844292883747,-0.003475218874841257,0.003475218874841257,4,137,0.0,0
per_capita,M0star,m49_subregion_lo,ETH,Ethiopia,Eastern Africa,0.2076992707889047,0.2027705283786552,0.004928742410249515,0.004928742410249515,4,137,0.0,0
per_capita,M0star,m49_subregion_lo,GAB,Gabon,Middle Africa,0.16553931693258667,0.20394149771329625,-0.03840218078070959,0.03840218078070959,8,143,393.4955865870661,0
per_capita,M0star,m49_subregion_lo,GHA,Ghana,Western Africa,0.1992545668996173,0.16671560328054486,0.032538963619072436,0.032538963619072436,17,137,798.46338256126,0
per_capita,M0star,m49_subregion_lo,GIN,Guinea,Western Africa,0.22751348300753205,0.1740736571478501,0.05343982585968193,0.05343982585968193,17,137,1379.6206050964508,0
per_capita,M0star,m49_subregion_lo,GNB,Guinea Bissau,Western Africa,0.23319971534367673,0.18345679114641297,0.049742924197263755,0.049742924197263755,17,137,1617.241497205949,0
per_capita,M0star,m49_subregion_lo,KEN,Kenya,Eastern Africa,0.21062387448612835,0.15658184501373712,0.05404202947239123,0.05404202947239123,4,137,330.87777471301035,0
per_capita,M0star,m49_subregion_lo,LSO,Lesotho,Southern Africa,0.16129029981211962,0.18779903449769117,-0.02650873468557155,0.02650873468557155,14,146,383.6883862686943,0
per_capita,M0star,m49_subregion_lo,LBR,Liberia,Western Africa,0.2160061033815747,0.19026139459871488,0.02574470878285981,0.02574470878285981,17,137,1561.4249136946626,0
per_capita,M0star,m49_subregion_lo,LBY,Libya,Northern Africa,0.19059948923507644,0.2477704726372408,-0.057170983402164366,0.057170983402164366,9,145,0.0,0
per_capita,M0star,m49_subregion_lo,MDG,Madagascar,Eastern Africa,0.1813544794012833,0.17586147748524422,0.005493001916039075,0.005493001916039075,4,137,1073.2830729201928,0
per_capita,M0star,m49_subregion_lo,MWI,Malawi,Eastern Africa,0.18854099012577252,0.17918118751962048,0.009359802606152046,0.009359802606152046,4,137,281.6257549875083,0
per_capita,M0star,m49_subregion_lo,MLI,Mali,Western Africa,0.24782669503123966,0.21372821395584263,0.034098481075397036,0.034098481075397036,17,137,0.0,0
per_capita,M0star,m49_subregion_lo,MRT,Mauritania,Western Africa,0.2597916027159455,0.18762682451303447,0.072164778202911,0.072164778202911,17,137,0.0,0
per_capita,M0star,m49_subregion_lo,MAR,Morocco,Northern Africa,0.2418455862979349,0.20222415421393813,0.039621432083996766,0.039621432083996766,9,145,0.0,0
per_capita,M0star,m49_subregion_lo,MOZ,Mozambique,Eastern Africa,0.172823801894673,0.17966747827587112,-0.006843676381198122,0.006843676381198122,4,137,0.0,0
per_capita,M0star,m49_subregion_lo,NAM,Namibia,Southern Africa,0.17785319196923344,0.21341263970821903,-0.03555944773898559,0.03555944773898559,14,146,0.0,0
per_capita,M0star,m49_subregion_lo,NER,Niger,Western Africa,0.2385606960588716,0.21978957492382606,0.018771121135045532,0.018771121135045532,17,137,0.0,0
per_capita,M0star,m49_subregion_lo,NGA,Nigeria,Western Africa,0.2030109401107239,0.17850599165599915,0.024504948454724756,0.024504948454724756,17,137,0.0,0
per_capita,M0star,m49_subregion_lo,RWA,Rwanda,Eastern Africa,0.20845952779692498,0.18576349186258012,0.022696035934344855,0.022696035934344855,4,137,0.0,0
per_capita,M0star,m49_subregion_lo,SEN,Senegal,Western Africa,0.24097868636270878,0.1804487595783041,0.060529926784404664,0.060529926784404664,17,137,1179.1517889448926,0
per_capita,M0star,m49_subregion_lo,SLE,Sierra Leone,Western Africa,0.22372060994282955,0.1858771738075538,0.03784343613527574,0.03784343613527574,17,137,1724.517897758064,0
per_capita,M0star,m49_subregion_lo,SOM,Somalia,Eastern Africa,0.19588332023430152,0.1964378300657015,-0.0005545098313999852,0.0005545098313999852,4,137,46.741482352898096,0
per_capita,M0star,m49_subregion_lo,ZAF,South Africa,Southern Africa,0.16028496312204338,0.1964918587612311,-0.03620689563918772,0.03620689563918772,14,146,0.0,0
per_capita,M0star,m49_subregion_lo,SDN,Sudan,Northern Africa,0.20487305719629992,0.25381529934797087,-0.04894224215167095,0.04894224215167095,9,145,0.0,0
per_capita,M0star,m49_subregion_lo,SWZ,Swaziland,Southern Africa,0.15934183499515397,0.2089166533409894,-0.049574818345835436,0.049574818345835436,14,146,0.0,0
per_capita,M0star,m49_subregion_lo,TZA,Tanzania,Eastern Africa,0.20953051997740807,0.1557806303693126,0.05374988960809546,0.05374988960809546,4,137,0.0,0
per_capita,M0star,m49_subregion_lo,TGO,Togo,Western Africa,0.1941324419699687,0.19488740986674535,-0.0007549678967766482,0.0007549678967766482,17,137,747.8828031769658,0
per_capita,M0star,m49_subregion_lo,TUN,Tunisia,Northern Africa,0.23748975158588337,0.24578247568148875,-0.008292724095605386,0.008292724095605386,9,145,27.377612411820852,0
per_capita,M0star,m49_subregion_lo,UGA,Uganda,Eastern Africa,0.21147594840550732,0.21583750636644847,-0.004361557960941148,0.004361557960941148,4,137,0.0,0
per_capita,M0star,m49_subregion_lo,ZMB,Zambia,Eastern Africa,0.17691283567770744,0.17690123548630932,1.1600191398120074e-05,1.1600191398120074e-05,4,137,0.0,0
per_capita,M0star,m49_subregion_lo,ZWE,Zimbabwe,Eastern Africa,0.1535502891079796,0.17139801803277224,-0.01784772892479264,0.01784772892479264,4,137,0.0,0
per_capita,M0star,m49_subregion_lo,AFG,Afghanistan,Southern Asia,0.24733117695547363,0.2097444722494626,0.037586704706011026,0.037586704706011026,15,144,0.0,0
per_capita,M0star,m49_subregion_lo,ARM,Armenia,Western Asia,0.18833773750931812,0.1769992126501661,0.011338524859152016,0.011338524859152016,18,136,0.0,0
per_capita,M0star,m49_subregion_lo,AZE,Azerbaijan,Western Asia,0.19504824967387935,0.17863298891579002,0.01641526075808933,0.01641526075808933,18,136,0.0,0
per_capita,M0star,m49_subregion_lo,BGD,Bangladesh,Southern Asia,0.11108862004719486,0.15459842478134908,-0.04350980473415422,0.04350980473415422,15,144,0.0,0
per_capita,M0star,m49_subregion_lo,MMR,Burma,South-eastern Asia,0.10898678984933867,0.16222729853094014,-0.053240508681601476,0.053240508681601476,13,143,0.0,0
per_capita,M0star,m49_subregion_lo,KHM,Cambodia,South-eastern Asia,0.12397652977439673,0.15318338992591457,-0.02920686015151784,0.02920686015151784,13,143,396.321146942888,0
per_capita,M0star,m49_subregion_lo,CHN,China,Eastern Asia,0.18801127254816274,0.16982376651430783,0.01818750603385491,0.01818750603385491,5,146,0.0,0
per_capita,M0star,m49_subregion_lo,GEO,Georgia,Western Asia,0.17014653222140888,0.17873782096640278,-0.008591288744993902,0.008591288744993902,18,136,0.0,0
per_capita,M0star,m49_subregion_lo,IND,India,Southern Asia,0.12279874845556998,0.17576258455580537,-0.05296383610023539,0.05296383610023539,15,144,0.0,0
per_capita,M0star,m49_subregion_lo,IDN,Indonesia,South-eastern Asia,0.1365994643114788,0.08556785894214548,0.05103160536933331,0.05103160536933331,13,143,0.0,0
per_capita,M0star,m49_subregion_lo,IRN,Iran,Southern Asia,0.25326598928356275,0.18247919672273055,0.0707867925608322,0.0707867925608322,15,144,0.0,0
per_capita,M0star,m49_subregion_lo,IRQ,Iraq,Western Asia,0.1763349119758569,0.1712511422781623,0.005083769697694612,0.005083769697694612,18,136,0.0,0
per_capita,M0star,m49_subregion_lo,ISR,Israel,Western Asia,0.1289730259690734,0.18456480811872317,-0.05559178214964977,0.05559178214964977,18,136,0.0,0
per_capita,M0star,m49_subregion_lo,JPN,Japan,Eastern Asia,0.13484212055215955,0.13412982764128548,0.0007122929108740739,0.0007122929108740739,5,146,0.0,0
per_capita,M0star,m49_subregion_lo,JOR,Jordan,Western Asia,0.1241622692023015,0.14581576319895276,-0.021653493996651257,0.021653493996651257,18,136,0.0,0
per_capita,M0star,m49_subregion_lo,KAZ,Kazakhstan,Central Asia,0.2607179280248597,0.23484076814199945,0.025877159882860268,0.025877159882860268,3,147,0.0,0
per_capita,M0star,m49_subregion_lo,LAO,Laos,South-eastern Asia,0.11990552917453423,0.16476230873910797,-0.044856779564573734,0.044856779564573734,13,143,0.0,0
per_capita,M0star,m49_subregion_lo,LBN,Lebanon,Western Asia,0.13240721718298015,0.15819897338361283,-0.025791756200632676,0.025791756200632676,18,136,187.50531296091114,0
per_capita,M0star,m49_subregion_lo,MYS,Malaysia,South-eastern Asia,0.14354714353630665,0.14161496868400636,0.0019321748523002946,0.0019321748523002946,13,143,598.4793279343521,0
per_capita,M0star,m49_subregion_lo,MNG,Mongolia,Eastern Asia,0.273292065382825,0.2308764662389939,0.04241559914383111,0.04241559914383111,5,146,0.0,0
per_capita,M0star,m49_subregion_lo,NPL,Nepal,Southern Asia,0.12394103933918027,0.15471536820436194,-0.030774328865181666,0.030774328865181666,15,144,0.0,0
per_capita,M0star,m49_subregion_lo,OMN,Oman,Western Asia,0.2034660332775613,0.16714447640975466,0.03632155686780664,0.03632155686780664,18,136,0.0,0
per_capita,M0star,m49_subregion_lo,PAK,Pakistan,Southern Asia,0.1799496198587603,0.1986461262386489,-0.018696506379888622,0.018696506379888622,15,144,0.0,0
per_capita,M0star,m49_subregion_lo,PHL,Philippines,South-eastern Asia,0.16029540562197608,0.13541691722620558,0.024878488395770504,0.024878488395770504,13,143,47.49888607368512,0
per_capita,M0star,m49_subregion_lo,QAT,Qatar,Western Asia,0.2314787860422459,0.1861564860021196,0.0453223000401263,0.0453223000401263,18,136,142.64782200789546,0
per_capita,M0star,m49_subregion_lo,SAU,Saudi Arabia,Western Asia,0.1912885606557455,0.18759269019878566,0.003695870456959849,0.003695870456959849,18,136,0.0,0
per_capita,M0star,m49_subregion_lo,KOR,South Korea,Eastern Asia,0.14512934007189218,0.20547779092185292,-0.06034845084996074,0.06034845084996074,5,146,443.8688022422155,0
per_capita,M0star,m49_subregion_lo,LKA,Sri Lanka,Southern Asia,0.13450142935863102,0.14398185673996933,-0.009480427381338308,0.009480427381338308,15,144,1398.3985671009978,0
per_capita,M0star,m49_subregion_lo,SYR,Syria,Western Asia,0.14323534954112288,0.1997091220792566,-0.05647377253813371,0.05647377253813371,18,136,155.9578549828427,0
per_capita,M0star,m49_subregion_lo,TWN,Taiwan,Eastern Asia,0.13706412122195852,0.1540165766392687,-0.01695245541731019,0.01695245541731019,5,146,47.49888607368512,0
per_capita,M0star,m49_subregion_lo,TJK,Tajikistan,Central Asia,0.233975502099763,0.20608782340235257,0.027887678697410434,0.027887678697410434,3,147,0.0,0
per_capita,M0star,m49_subregion_lo,THA,Thailand,South-eastern Asia,0.11983102194091183,0.1570396849891338,-0.03720866304822196,0.03720866304822196,13,143,101.32323020433631,0
per_capita,M0star,m49_subregion_lo,TUR,Turkey,Western Asia,0.1419623303023036,0.1623922885806487,-0.020429958278345095,0.020429958278345095,18,136,0.0,0
per_capita,M0star,m49_subregion_lo,TKM,Turkmenistan,Central Asia,0.2752870410187589,0.19830096808767694,0.07698607293108195,0.07698607293108195,3,147,0.0,0
per_capita,M0star,m49_subregion_lo,ARE,United Arab Emirates,Western Asia,0.2248308233871666,0.1816149954311808,0.0432158279559858,0.0432158279559858,18,136,17.720187473834866,0
per_capita,M0star,m49_subregion_lo,UZB,Uzbekistan,Central Asia,0.27739224194989204,0.22066479988339127,0.056727442066500766,0.056727442066500766,3,147,0.0,0
per_capita,M0star,m49_subregion_lo,VNM,Vietnam,South-eastern Asia,0.122632583177362,0.15731686229083974,-0.03468427911347774,0.03468427911347774,13,143,0.0,0
per_capita,M0star,m49_subregion_lo,YEM,Yemen,Western Asia,0.20150002766065422,0.16308265845749562,0.03841736920315861,0.03841736920315861,18,136,0.0,0
per_capita,M0star,m49_subregion_lo,ALB,Albania,Southern Europe,0.15748303087977816,0.13677397999792765,0.020709050881850516,0.020709050881850516,16,140,146.54719742165196,0
per_capita,M0star,m49_subregion_lo,AUT,Austria,Western Europe,0.21029967713303166,0.20757432497309702,0.0027253521599346353,0.0027253521599346353,19,145,0.0,0
per_capita,M0star,m49_subregion_lo,BLR,Belarus,Eastern Europe,0.21395039394228654,0.22151997772755888,-0.007569583785272338,0.007569583785272338,6,141,0.0,0
per_capita,M0star,m49_subregion_lo,BEL,Belgium,Western Europe,0.1951636806716645,0.17240921986715496,0.022754460804509546,0.022754460804509546,19,145,48.01959221686881,0
per_capita,M0star,m49_subregion_lo,BIH,Bosnia And Herzegovina,Southern Europe,0.18440933101350881,0.16902099319140962,0.015388337822099196,0.015388337822099196,16,140,52.570945457569444,0
per_capita,M0star,m49_subregion_lo,BGR,Bulgaria,Eastern Europe,0.16411393376308978,0.21084913389741766,-0.04673520013432789,0.04673520013432789,6,141,0.0,0
per_capita,M0star,m49_subregion_lo,HRV,Croatia,Southern Europe,0.18952185187085302,0.1852650089643989,0.004256842906454117,0.004256842906454117,16,140,0.0,0
per_capita,M0star,m49_subregion_lo,CYP,Cyprus,Western Asia,0.14075176149640625,0.15632450373542098,-0.015572742239014725,0.015572742239014725,18,136,296.4456632551163,0
per_capita,M0star,m49_subregion_lo,CZE,Czech Republic,Eastern Europe,0.19293606527047014,0.22913226405846226,-0.03619619878799213,0.03619619878799213,6,141,0.0,0
per_capita,M0star,m49_subregion_lo,DNK,Denmark,Northern Europe,0.1919403849228464,0.18665858050322254,0.0052818044196238645,0.0052818044196238645,11,141,0.0,0
per_capita,M0star,m49_subregion_lo,EST,Estonia,Northern Europe,0.25938076329685683,0.20435653678951649,0.055024226507340346,0.055024226507340346,11,141,0.0,0
per_capita,M0star,m49_subregion_lo,FIN,Finland,Northern Europe,0.2349856997144576,0.20099655633808372,0.033989143376373876,0.033989143376373876,11,141,0.0,0
per_capita,M0star,m49_subregion_lo,FRA,France,Western Europe,0.1916777527720347,0.182904818250111,0.008772934521923681,0.008772934521923681,19,145,0.0,0
per_capita,M0star,m49_subregion_lo,DEU,Germany,Western Europe,0.19552600658812053,0.1772011003271265,0.018324906260994034,0.018324906260994034,19,145,0.0,0
per_capita,M0star,m49_subregion_lo,GRC,Greece,Southern Europe,0.14163851313814882,0.1629213148623878,-0.021282801724238992,0.021282801724238992,16,140,0.0,0
per_capita,M0star,m49_subregion_lo,HUN,Hungary,Eastern Europe,0.18683465599109378,0.22698871332929865,-0.040154057338204874,0.040154057338204874,6,141,0.0,0
per_capita,M0star,m49_subregion_lo,ISL,Iceland,Northern Europe,0.12736783367802937,0.20473079488216256,-0.07736296120413319,0.07736296120413319,11,141,1589.9818779432417,1
per_capita,M0star,m49_subregion_lo,IRL,Ireland,Northern Europe,0.1678618971108085,0.1826564951641867,-0.014794598053378183,0.014794598053378183,11,141,355.59940543108286,0
per_capita,M0star,m49_subregion_lo,ITA,Italy,Southern Europe,0.1823289325414157,0.1687435010591244,0.0135854314822913,0.0135854314822913,16,140,0.0,0
per_capita,M0star,m49_subregion_lo,LVA,Latvia,Northern Europe,0.2466163184774826,0.1972641644495431,0.04935215402793952,0.04935215402793952,11,141,0.0,0
per_capita,M0star,m49_subregion_lo,LTU,Lithuania,Northern Europe,0.22162226701877433,0.19735116344911532,0.024271103569659003,0.024271103569659003,11,141,0.0,0
per_capita,M0star,m49_subregion_lo,MKD,Macedonia,Southern Europe,0.16410994630244113,0.1694581115889162,-0.005348165286475054,0.005348165286475054,16,140,0.0,0
per_capita,M0star,m49_subregion_lo,MDA,Moldova,Eastern Europe,0.15544942684686172,0.1962326456630525,-0.04078321881619079,0.04078321881619079,6,141,377.573885779381,0
per_capita,M0star,m49_subregion_lo,MNE,Montenegro,Southern Europe,0.1643666862725019,0.16444370089950222,-7.701462700032691e-05,7.701462700032691e-05,16,140,164.7591758408845,0
per_capita,M0star,m49_subregion_lo,NLD,Netherlands,Western Europe,0.18877545734026732,0.1487859718729298,0.03998948546733752,0.03998948546733752,19,145,93.07940203152015,0
per_capita,M0star,m49_subregion_lo,NOR,Norway,Northern Europe,0.20191951273050374,0.20129513329085463,0.0006243794396491031,0.0006243794396491031,11,141,0.0,0
per_capita,M0star,m49_subregion_lo,POL,Poland,Eastern Europe,0.18403612522932167,0.22149523754999478,-0.037459112320673116,0.037459112320673116,6,141,0.0,0
per_capita,M0star,m49_subregion_lo,PRT,Portugal,Southern Europe,0.1846817946752158,0.1596124951348799,0.025069299540335904,0.025069299540335904,16,140,169.82990545758315,0
per_capita,M0star,m49_subregion_lo,ROU,Romania,Eastern Europe,0.1626491375716469,0.21829972522013016,-0.05565058764848327,0.05565058764848327,6,141,0.0,0
per_capita,M0star,m49_subregion_lo,RUS,Russia,Eastern Europe,0.262173281711931,0.25521475115977804,0.006958530552152953,0.006958530552152953,6,141,0.0,0
per_capita,M0star,m49_subregion_lo,SRB,Serbia,Southern Europe,0.1777828851474587,0.17857324951599962,-0.0007903643685409079,0.0007903643685409079,16,140,0.0,0
per_capita,M0star,m49_subregion_lo,SVK,Slovakia,Eastern Europe,0.17135924127324334,0.23144505423848988,-0.06008581296524654,0.06008581296524654,6,141,0.0,0
per_capita,M0star,m49_subregion_lo,SVN,Slovenia,Southern Europe,0.2104092831778439,0.18809898537628544,0.022310297801558465,0.022310297801558465,16,140,0.0,0
per_capita,M0star,m49_subregion_lo,ESP,Spain,Southern Europe,0.19118695961871326,0.16474632148919566,0.026440638129517607,0.026440638129517607,16,140,0.0,0
per_capita,M0star,m49_subregion_lo,SWE,Sweden,Northern Europe,0.21924683880167534,0.20137847732237937,0.017868361479295963,0.017868361479295963,11,141,44.002261334303164,0
per_capita,M0star,m49_subregion_lo,CHE,Switzerland,Western Europe,0.20255138935875544,0.19700510689876682,0.005546282459988616,0.005546282459988616,19,145,0.0,0
per_capita,M0star,m49_subregion_lo,UKR,Ukraine,Eastern Europe,0.17767865721146503,0.21294948225973193,-0.035270825048266896,0.035270825048266896,6,141,210.46379406422923,0
per_capita,M0star,m49_subregion_lo,GBR,United Kingdom,Northern Europe,0.16309409461298247,0.1789492149936788,-0.015855120380696336,0.015855120380696336,11,141,0.0,0
per_capita,M0star,m49_subregion_lo,BHS,Bahamas,Caribbean,0.13991083211606994,0.13549507347920967,0.004415758636860279,0.004415758636860279,1,146,35.612277102212325,0
per_capita,M0star,m49_subregion_lo,CAN,Canada,Northern America,0.2521930060529909,0.16584743754339748,0.0863455685095934,0.0863455685095934,10,149,1211.70507087315,0
per_capita,M0star,m49_subregion_lo,CRI,Costa Rica,Central America,0.10130466192673268,0.14931960852985082,-0.04801494660311814,0.04801494660311814,2,144,193.59417685391827,0
per_capita,M0star,m49_subregion_lo,CUB,Cuba,Caribbean,0.12305617676307766,0.10618877460335073,0.01686740215972693,0.01686740215972693,1,146,98.95527921179004,0
per_capita,M0star,m49_subregion_lo,DOM,Dominican Republic,Caribbean,0.15478420047944152,0.09319231787767769,0.061591882601763834,0.061591882601763834,1,146,513.5751905242428,0
per_capita,M0star,m49_subregion_lo,SLV,El Salvador,Central America,0.06948090854064985,0.13126711931509127,-0.06178621077444142,0.06178621077444142,2,144,621.3832720483516,0
per_capita,M0star,m49_subregion_lo,GTM,Guatemala,Central America,0.0508136158223582,0.11980007429993574,-0.06898645847757753,0.06898645847757753,2,144,626.2791298879949,0
per_capita,M0star,m49_subregion_lo,HTI,Haiti,Caribbean,0.14216341234840274,0.08288353994481676,0.05927987240358598,0.05927987240358598,1,146,490.4919672263974,0
per_capita,M0star,m49_subregion_lo,HND,Honduras,Central America,0.08078933014247122,0.13735986557516142,-0.056570535432690194,0.056570535432690194,2,144,192.38768070383242,0
per_capita,M0star,m49_subregion_lo,JAM,Jamaica,Caribbean,0.12861876139008294,0.10163362302877357,0.026985138361309363,0.026985138361309363,1,146,120.33885814662418,0
per_capita,M0star,m49_subregion_lo,MEX,Mexico,Central America,0.04065719593311795,0.1428213818967931,-0.10216418596367516,0.10216418596367516,2,144,0.0,0
per_capita,M0star,m49_subregion_lo,NIC,Nicaragua,Central America,0.09228609649696132,0.13510328140014227,-0.042817184903180955,0.042817184903180955,2,144,37.88696813837574,0
per_capita,M0star,m49_subregion_lo,PAN,Panama,Central America,0.12161241121300685,0.14662891548209955,-0.0250165042690927,0.0250165042690927,2,144,0.0,0
per_capita,M0star,m49_subregion_lo,USA,United States,Northern America,0.1695001197237513,0.13624045103518456,0.03325966868856675,0.03325966868856675,10,149,0.0,0
per_capita,M0star,m49_subregion_lo,AUS,Australia,Australia and New Zealand,0.16302097420962694,0.1815794170218561,-0.018558442812229153,0.018558442812229153,0,149,0.0,0
per_capita,M0star,m49_subregion_lo,NZL,New Zealand,Australia and New Zealand,0.10027093962176431,0.18241469482006908,-0.08214375519830477,0.08214375519830477,0,149,3028.4573411256465,0
per_capita,M0star,m49_subregion_lo,PNG,Papua New Guinea,Melanesia,0.13861753573076713,0.08822798063086426,0.050389555099902866,0.050389555099902866,7,150,0.0,0
per_capita,M0star,m49_subregion_lo,ARG,Argentina,South America,0.10866574248962382,0.1763871470329506,-0.06772140454332679,0.06772140454332679,12,140,3397.4896270910986,1
per_capita,M0star,m49_subregion_lo,BOL,Bolivia,South America,0.10781469285053756,0.11539372343056538,-0.007579030580027818,0.007579030580027818,12,140,2200.8105949533247,1
per_capita,M0star,m49_subregion_lo,BRA,Brazil,South America,0.16469595530453246,0.09605614785780624,0.06863980744672622,0.06863980744672622,12,140,1061.9237511361416,1
per_capita,M0star,m49_subregion_lo,CHL,Chile,South America,0.0993071522959073,0.14540189588877878,-0.04609474359287148,0.04609474359287148,12,140,2845.0947281128892,1
per_capita,M0star,m49_subregion_lo,COL,Colombia,South America,0.13225011394627992,0.1373670953289094,-0.005116981382629476,0.005116981382629476,12,140,0.0,1
per_capita,M0star,m49_subregion_lo,ECU,Ecuador,South America,0.12529387656573873,0.10872237476251477,0.016571501803223962,0.016571501803223962,12,140,591.9986379136827,1
per_capita,M0star,m49_subregion_lo,PRY,Paraguay,South America,0.12268222549728672,0.16202404025197265,-0.03934181475468593,0.03934181475468593,12,140,3394.488550822316,1
per_capita,M0star,m49_subregion_lo,PER,Peru,South America,0.10234701745272959,0.12829678560842195,-0.02594976815569236,0.02594976815569236,12,140,834.377891852899,1
per_capita,M0star,m49_subregion_lo,SUR,Suriname,South America,0.14991778270906336,0.1381373822432566,0.01178040046580675,0.01178040046580675,12,140,1795.5881978455616,1
per_capita,M0star,m49_subregion_lo,URY,Uruguay,South America,0.1340604374132053,0.14573114162088846,-0.011670704207683152,0.011670704207683152,12,140,4557.616240251617,1
per_capita,M0star,m49_subregion_lo,VEN,Venezuela,South America,0.14209795456206648,0.141230518611154,0.0008674359509124874,0.0008674359509124874,12,140,440.7739871505644,1
per_capita,M0star,random10,DZA,Algeria,Northern Africa,0.24027005915767902,0.20254284778583811,0.0377272113718409,0.0377272113718409,2,136,0.0,0
per_capita,M0star,random10,AGO,Angola,Middle Africa,0.2003000150757142,0.14376300279411383,0.05653701228160038,0.05653701228160038,7,136,0.0,0
per_capita,M0star,random10,BEN,Benin,Western Africa,0.20270211677173233,0.19331778641348768,0.009384330358244652,0.009384330358244652,3,136,0.0,0
per_capita,M0star,random10,BWA,Botswana,Southern Africa,0.15541865895509172,0.22693479022163288,-0.07151613126654116,0.07151613126654116,8,136,0.0,0
per_capita,M0star,random10,BFA,Burkina Faso,Western Africa,0.2158731392585228,0.2189097482433987,-0.0030366089848758993,0.0030366089848758993,9,136,0.0,0
per_capita,M0star,random10,BDI,Burundi,Eastern Africa,0.20888549627683978,0.1873500045944371,0.02153549168240268,0.02153549168240268,8,136,0.0,0
per_capita,M0star,random10,CMR,Cameroon,Middle Africa,0.16636200134979467,0.19952347546029842,-0.03316147411050374,0.03316147411050374,0,135,0.0,0
per_capita,M0star,random10,CAF,Central African Republic,Middle Africa,0.18403786064638777,0.22435175202429336,-0.040313891377905586,0.040313891377905586,3,136,0.0,0
per_capita,M0star,random10,TCD,Chad,Middle Africa,0.2035091414222523,0.23577306516494245,-0.03226392374269016,0.03226392374269016,7,136,0.0,0
per_capita,M0star,random10,COG,Congo,Middle Africa,0.1704220858831212,0.16541886138100426,0.005003224502116932,0.005003224502116932,4,136,0.0,0
per_capita,M0star,random10,COD,Congo (Democratic Republic Of The),Middle Africa,0.19859794898946587,0.1989710773570625,-0.00037312836759662016,0.00037312836759662016,4,136,0.0,0
per_capita,M0star,random10,CIV,Côte D'Ivoire,Western Africa,0.20772847580142792,0.19190784752258097,0.01582062827884695,0.01582062827884695,3,136,0.0,0
per_capita,M0star,random10,DJI,Djibouti,Eastern Africa,0.20035987264449803,0.20034485622260975,1.5016421888280895e-05,1.5016421888280895e-05,9,136,0.0,0
per_capita,M0star,random10,EGY,Egypt,Northern Africa,0.15478518959618381,0.24221086162232414,-0.08742567202614032,0.08742567202614032,1,136,0.0,0
per_capita,M0star,random10,GNQ,Equatorial Guinea,Middle Africa,0.16354706521210607,0.1902491832317002,-0.02670211801959413,0.02670211801959413,2,136,0.0,0
per_capita,M0star,random10,ERI,Eritrea,Eastern Africa,0.20315322405399622,0.1949285375194483,0.008224686534547915,0.008224686534547915,5,136,0.0,0
per_capita,M0star,random10,ETH,Ethiopia,Eastern Africa,0.2076992707889047,0.2042510395369227,0.0034482312519820146,0.0034482312519820146,5,136,0.0,0
per_capita,M0star,random10,GAB,Gabon,Middle Africa,0.16553931693258667,0.19435588474474466,-0.028816567812157995,0.028816567812157995,5,136,0.0,0
per_capita,M0star,random10,GHA,Ghana,Western Africa,0.1992545668996173,0.18464334171502253,0.014611225184594762,0.014611225184594762,6,136,0.0,0
per_capita,M0star,random10,GIN,Guinea,Western Africa,0.22751348300753205,0.18354817476216284,0.043965308245369206,0.043965308245369206,7,136,0.0,0
per_capita,M0star,random10,GNB,Guinea Bissau,Western Africa,0.23319971534367673,0.19166386638050537,0.04153584896317136,0.04153584896317136,1,136,0.0,0
per_capita,M0star,random10,KEN,Kenya,Eastern Africa,0.21062387448612835,0.16277165215368503,0.04785222233244332,0.04785222233244332,4,136,0.0,0
per_capita,M0star,random10,LSO,Lesotho,Southern Africa,0.16129029981211962,0.1792486932739628,-0.017958393461843192,0.017958393461843192,9,136,0.0,0
per_capita,M0star,random10,LBR,Liberia,Western Africa,0.2160061033815747,0.20060743461494465,0.015398668766630041,0.015398668766630041,4,136,0.0,0
per_capita,M0star,random10,LBY,Libya,Northern Africa,0.19059948923507644,0.24998970645843863,-0.059390217223362185,0.059390217223362185,8,136,0.0,0
per_capita,M0star,random10,MDG,Madagascar,Eastern Africa,0.1813544794012833,0.18035546027949992,0.0009990191217833788,0.0009990191217833788,3,136,310.44843452070535,0
per_capita,M0star,random10,MWI,Malawi,Eastern Africa,0.18854099012577252,0.19072187964498982,-0.0021808895192172995,0.0021808895192172995,3,136,0.0,0
per_capita,M0star,random10,MLI,Mali,Western Africa,0.24782669503123966,0.2258691022488873,0.021957592782352375,0.021957592782352375,0,135,0.0,0
per_capita,M0star,random10,MRT,Mauritania,Western Africa,0.2597916027159455,0.20311294592048668,0.056678656795458804,0.056678656795458804,5,136,0.0,0
per_capita,M0star,random10,MAR,Morocco,Northern Africa,0.2418455862979349,0.20126285057714394,0.04058273572079096,0.04058273572079096,5,136,0.0,0
per_capita,M0star,random10,MOZ,Mozambique,Eastern Africa,0.172823801894673,0.18484773324726497,-0.012023931352591971,0.012023931352591971,2,136,0.0,0
per_capita,M0star,random10,NAM,Namibia,Southern Africa,0.17785319196923344,0.20280510336188023,-0.024951911392646797,0.024951911392646797,8,136,0.0,0
per_capita,M0star,random10,NER,Niger,Western Africa,0.2385606960588716,0.23283419351599488,0.00572650254287671,0.00572650254287671,2,136,0.0,0
per_capita,M0star,random10,NGA,Nigeria,Western Africa,0.2030109401107239,0.19696843945416198,0.006042500656561922,0.006042500656561922,8,136,0.0,0
per_capita,M0star,random10,RWA,Rwanda,Eastern Africa,0.20845952779692498,0.19171998436962612,0.01673954342729886,0.01673954342729886,1,136,0.0,0
per_capita,M0star,random10,SEN,Senegal,Western Africa,0.24097868636270878,0.19263326511769618,0.04834542124501259,0.04834542124501259,7,136,0.0,0
per_capita,M0star,random10,SLE,Sierra Leone,Western Africa,0.22372060994282955,0.19896712877388534,0.024753481168944214,0.024753481168944214,2,136,0.0,0
per_capita,M0star,random10,SOM,Somalia,Eastern Africa,0.19588332023430152,0.193087368948897,0.0027959512854045243,0.0027959512854045243,2,136,0.0,0
per_capita,M0star,random10,ZAF,South Africa,Southern Africa,0.16028496312204338,0.19156299373668578,-0.031278030614642405,0.031278030614642405,1,136,0.0,0
per_capita,M0star,random10,SDN,Sudan,Northern Africa,0.20487305719629992,0.24907665451275202,-0.0442035973164521,0.0442035973164521,7,136,0.0,0
per_capita,M0star,random10,SWZ,Swaziland,Southern Africa,0.15934183499515397,0.19804713120870635,-0.03870529621355237,0.03870529621355237,0,135,0.0,0
per_capita,M0star,random10,TZA,Tanzania,Eastern Africa,0.20953051997740807,0.1599870030497835,0.04954351692762457,0.04954351692762457,4,136,0.0,0
per_capita,M0star,random10,TGO,Togo,Western Africa,0.1941324419699687,0.20621008587600648,-0.012077643906037772,0.012077643906037772,2,136,0.0,0
per_capita,M0star,random10,TUN,Tunisia,Northern Africa,0.23748975158588337,0.23565903453402343,0.0018307170518599425,0.0018307170518599425,3,136,0.0,0
per_capita,M0star,random10,UGA,Uganda,Eastern Africa,0.21147594840550732,0.22071785023527085,-0.009241901829763532,0.009241901829763532,9,136,0.0,0
per_capita,M0star,random10,ZMB,Zambia,Eastern Africa,0.17691283567770744,0.1774582543431294,-0.0005454186654219595,0.0005454186654219595,3,136,0.0,0
per_capita,M0star,random10,ZWE,Zimbabwe,Eastern Africa,0.1535502891079796,0.18301486769772424,-0.029464578589744633,0.029464578589744633,1,136,0.0,0
per_capita,M0star,random10,AFG,Afghanistan,Southern Asia,0.24733117695547363,0.20854549068069764,0.03878568627477599,0.03878568627477599,8,136,0.0,0
per_capita,M0star,random10,ARM,Armenia,Western Asia,0.18833773750931812,0.17681352329693306,0.011524214212385059,0.011524214212385059,6,136,0.0,0
per_capita,M0star,random10,AZE,Azerbaijan,Western Asia,0.19504824967387935,0.17905382649843715,0.015994423175442196,0.015994423175442196,1,136,0.0,0
per_capita,M0star,random10,BGD,Bangladesh,Southern Asia,0.11108862004719486,0.15489734395810145,-0.043808723910906594,0.043808723910906594,0,135,0.0,0
per_capita,M0star,random10,MMR,Burma,South-eastern Asia,0.10898678984933867,0.15764823588127155,-0.048661446031932884,0.048661446031932884,9,136,0.0,0
per_capita,M0star,random10,KHM,Cambodia,South-eastern Asia,0.12397652977439673,0.13797836703079838,-0.014001837256401653,0.014001837256401653,4,136,0.0,0
per_capita,M0star,random10,CHN,China,Eastern Asia,0.18801127254816274,0.16905782854935564,0.018953443998807107,0.018953443998807107,0,135,0.0,0
per_capita,M0star,random10,GEO,Georgia,Western Asia,0.17014653222140888,0.18159049361408594,-0.01144396139267706,0.01144396139267706,7,136,0.0,0
per_capita,M0star,random10,IND,India,Southern Asia,0.12279874845556998,0.17403439708702,-0.051235648631450026,0.051235648631450026,0,135,0.0,0
per_capita,M0star,random10,IDN,Indonesia,South-eastern Asia,0.1365994643114788,0.08382245104494779,0.052777013266531,0.052777013266531,5,136,0.0,0
per_capita,M0star,random10,IRN,Iran,Southern Asia,0.25326598928356275,0.17102473190685433,0.08224125737670843,0.08224125737670843,5,136,0.0,0
per_capita,M0star,random10,IRQ,Iraq,Western Asia,0.1763349119758569,0.1657117163386611,0.010623195637195798,0.010623195637195798,3,136,0.0,0
per_capita,M0star,random10,ISR,Israel,Western Asia,0.1289730259690734,0.19362971045197566,-0.06465668448290227,0.06465668448290227,3,136,0.0,0
per_capita,M0star,random10,JPN,Japan,Eastern Asia,0.13484212055215955,0.1375529366612918,-0.0027108161091322636,0.0027108161091322636,8,136,0.0,0
per_capita,M0star,random10,JOR,Jordan,Western Asia,0.1241622692023015,0.1367331997429937,-0.012570930540692193,0.012570930540692193,8,136,0.0,0
per_capita,M0star,random10,KAZ,Kazakhstan,Central Asia,0.2607179280248597,0.26127495807663614,-0.0005570300517764304,0.0005570300517764304,4,136,0.0,0
per_capita,M0star,random10,LAO,Laos,South-eastern Asia,0.11990552917453423,0.1591451587454262,-0.03923962957089197,0.03923962957089197,9,136,0.0,0
per_capita,M0star,random10,LBN,Lebanon,Western Asia,0.13240721718298015,0.15130454426059387,-0.018897327077613713,0.018897327077613713,2,136,0.0,0
per_capita,M0star,random10,MYS,Malaysia,South-eastern Asia,0.14354714353630665,0.14542110360958044,-0.0018739600732737838,0.0018739600732737838,2,136,0.0,0
per_capita,M0star,random10,MNG,Mongolia,Eastern Asia,0.273292065382825,0.2387302484620528,0.03456181692077223,0.03456181692077223,9,136,0.0,0
per_capita,M0star,random10,NPL,Nepal,Southern Asia,0.12394103933918027,0.15094306152047238,-0.027002022181292107,0.027002022181292107,6,136,0.0,0
per_capita,M0star,random10,OMN,Oman,Western Asia,0.2034660332775613,0.1692951584458856,0.03417087483167569,0.03417087483167569,1,136,0.0,0
per_capita,M0star,random10,PAK,Pakistan,Southern Asia,0.1799496198587603,0.1931062553441154,-0.013156635485355117,0.013156635485355117,8,136,0.0,0
per_capita,M0star,random10,PHL,Philippines,South-eastern Asia,0.16029540562197608,0.13761567161630078,0.0226797340056753,0.0226797340056753,0,135,0.0,0
per_capita,M0star,random10,QAT,Qatar,Western Asia,0.2314787860422459,0.19855592885508846,0.03292285718715743,0.03292285718715743,3,136,0.0,0
per_capita,M0star,random10,SAU,Saudi Arabia,Western Asia,0.1912885606557455,0.19773156088861105,-0.006443000232865537,0.006443000232865537,4,136,0.0,0
per_capita,M0star,random10,KOR,South Korea,Eastern Asia,0.14512934007189218,0.2000637144543454,-0.054934374382453216,0.054934374382453216,5,136,14.037594788085142,0
per_capita,M0star,random10,LKA,Sri Lanka,Southern Asia,0.13450142935863102,0.13545628809957644,-0.000954858740945419,0.000954858740945419,5,136,0.0,0
per_capita,M0star,random10,SYR,Syria,Western Asia,0.14323534954112288,0.21193799352875875,-0.06870264398763587,0.06870264398763587,7,136,0.0,0
per_capita,M0star,random10,TWN,Taiwan,Eastern Asia,0.13706412122195852,0.14924999443043246,-0.012185873208473946,0.012185873208473946,8,136,0.0,0
per_capita,M0star,random10,TJK,Tajikistan,Central Asia,0.233975502099763,0.22198952432227198,0.011985977777491025,0.011985977777491025,3,136,0.0,0
per_capita,M0star,random10,THA,Thailand,South-eastern Asia,0.11983102194091183,0.15498887461700195,-0.03515785267609012,0.03515785267609012,4,136,0.0,0
per_capita,M0star,random10,TUR,Turkey,Western Asia,0.1419623303023036,0.1597580439569387,-0.017795713654635115,0.017795713654635115,0,135,0.0,0
per_capita,M0star,random10,TKM,Turkmenistan,Central Asia,0.2752870410187589,0.2016311295207756,0.07365591149798328,0.07365591149798328,5,136,0.0,0
per_capita,M0star,random10,ARE,United Arab Emirates,Western Asia,0.2248308233871666,0.18697151437853335,0.03785930900863324,0.03785930900863324,4,136,0.0,0
per_capita,M0star,random10,UZB,Uzbekistan,Central Asia,0.27739224194989204,0.2453794409541315,0.03201280099576054,0.03201280099576054,0,135,0.0,0
per_capita,M0star,random10,VNM,Vietnam,South-eastern Asia,0.122632583177362,0.1490488475250766,-0.026416264347714602,0.026416264347714602,6,136,0.0,0
per_capita,M0star,random10,YEM,Yemen,Western Asia,0.20150002766065422,0.15208757856184177,0.049412449098812455,0.049412449098812455,5,136,0.0,0
per_capita,M0star,random10,ALB,Albania,Southern Europe,0.15748303087977816,0.1394060609448673,0.01807696993491087,0.01807696993491087,7,136,0.0,0
per_capita,M0star,random10,AUT,Austria,Western Europe,0.21029967713303166,0.2079821567988589,0.0023175203341727624,0.0023175203341727624,1,136,0.0,0
per_capita,M0star,random10,BLR,Belarus,Eastern Europe,0.21395039394228654,0.2080111133305979,0.005939280611688635,0.005939280611688635,8,136,0.0,0
per_capita,M0star,random10,BEL,Belgium,Western Europe,0.1951636806716645,0.1797405187098726,0.015423161961791915,0.015423161961791915,8,136,0.0,0
per_capita,M0star,random10,BIH,Bosnia And Herzegovina,Southern Europe,0.18440933101350881,0.17465312746038208,0.00975620355312673,0.00975620355312673,2,136,0.0,0
per_capita,M0star,random10,BGR,Bulgaria,Eastern Europe,0.16411393376308978,0.19560307293741186,-0.031489139174322084,0.031489139174322084,8,136,0.0,0
per_capita,M0star,random10,HRV,Croatia,Southern Europe,0.18952185187085302,0.18714443958884053,0.002377412282012492,0.002377412282012492,6,136,0.0,0
per_capita,M0star,random10,CYP,Cyprus,Western Asia,0.14075176149640625,0.1585947104907558,-0.017842948994349545,0.017842948994349545,7,136,20.406016449724408,0
per_capita,M0star,random10,CZE,Czech Republic,Eastern Europe,0.19293606527047014,0.2195169568677785,-0.026580891597308365,0.026580891597308365,5,136,0.0,0
per_capita,M0star,random10,DNK,Denmark,Northern Europe,0.1919403849228464,0.1865991520759938,0.005341232846852589,0.005341232846852589,0,135,0.0,0
per_capita,M0star,random10,EST,Estonia,Northern Europe,0.25938076329685683,0.20856557058519637,0.05081519271166046,0.05081519271166046,4,136,0.0,0
per_capita,M0star,random10,FIN,Finland,Northern Europe,0.2349856997144576,0.20933293048798035,0.025652769226477246,0.025652769226477246,6,136,0.0,0
per_capita,M0star,random10,FRA,France,Western Europe,0.1916777527720347,0.1892820938136851,0.002395658958349589,0.002395658958349589,7,136,0.0,0
per_capita,M0star,random10,DEU,Germany,Western Europe,0.19552600658812053,0.18962450271544312,0.005901503872677405,0.005901503872677405,1,136,0.0,0
per_capita,M0star,random10,GRC,Greece,Southern Europe,0.14163851313814882,0.1709212128626156,-0.029282699724466787,0.029282699724466787,6,136,0.0,0
per_capita,M0star,random10,HUN,Hungary,Eastern Europe,0.18683465599109378,0.20885387868107358,-0.0220192226899798,0.0220192226899798,4,136,0.0,0
per_capita,M0star,random10,ISL,Iceland,Northern Europe,0.12736783367802937,0.21527709259167616,-0.08790925891364679,0.08790925891364679,6,136,683.9995161569707,1
per_capita,M0star,random10,IRL,Ireland,Northern Europe,0.1678618971108085,0.18962255825690583,-0.021760661146097315,0.021760661146097315,7,136,0.0,0
per_capita,M0star,random10,ITA,Italy,Southern Europe,0.1823289325414157,0.1683661507006899,0.013962781840725802,0.013962781840725802,0,135,0.0,0
per_capita,M0star,random10,LVA,Latvia,Northern Europe,0.2466163184774826,0.205303597123237,0.0413127213542456,0.0413127213542456,0,135,0.0,0
per_capita,M0star,random10,LTU,Lithuania,Northern Europe,0.22162226701877433,0.204943165350715,0.016679101668059332,0.016679101668059332,0,135,0.0,0
per_capita,M0star,random10,MKD,Macedonia,Southern Europe,0.16410994630244113,0.17608471178218957,-0.011974765479748434,0.011974765479748434,2,136,0.0,0
per_capita,M0star,random10,MDA,Moldova,Eastern Europe,0.15544942684686172,0.18316865075040534,-0.027719223903543616,0.027719223903543616,5,136,0.0,0
per_capita,M0star,random10,MNE,Montenegro,Southern Europe,0.1643666862725019,0.16770494106327127,-0.0033382547907693794,0.0033382547907693794,6,136,0.0,0
per_capita,M0star,random10,NLD,Netherlands,Western Europe,0.18877545734026732,0.15477493328821737,0.03400052405204995,0.03400052405204995,3,136,0.0,0
per_capita,M0star,random10,NOR,Norway,Northern Europe,0.20191951273050374,0.20933996382447506,-0.007420451093971325,0.007420451093971325,6,136,0.0,0
per_capita,M0star,random10,POL,Poland,Eastern Europe,0.18403612522932167,0.210129948418798,-0.02609382318947634,0.02609382318947634,1,136,0.0,0
per_capita,M0star,random10,PRT,Portugal,Southern Europe,0.1846817946752158,0.15975009443636456,0.024931700238851245,0.024931700238851245,1,136,0.0,0
per_capita,M0star,random10,ROU,Romania,Eastern Europe,0.1626491375716469,0.20246172176728064,-0.03981258419563374,0.03981258419563374,2,136,0.0,0
per_capita,M0star,random10,RUS,Russia,Eastern Europe,0.262173281711931,0.23394796723437816,0.028225314477552832,0.028225314477552832,9,136,0.0,0
per_capita,M0star,random10,SRB,Serbia,Southern Europe,0.1777828851474587,0.17880510557961465,-0.0010222204321559403,0.0010222204321559403,9,136,0.0,0
per_capita,M0star,random10,SVK,Slovakia,Eastern Europe,0.17135924127324334,0.21915674095877075,-0.047797499685527406,0.047797499685527406,7,136,0.0,0
per_capita,M0star,random10,SVN,Slovenia,Southern Europe,0.2104092831778439,0.18627221397281407,0.024137069205029837,0.024137069205029837,1,136,0.0,0
per_capita,M0star,random10,ESP,Spain,Southern Europe,0.19118695961871326,0.16447114267482557,0.026715816943887694,0.026715816943887694,0,135,0.0,0
per_capita,M0star,random10,SWE,Sweden,Northern Europe,0.21924683880167534,0.20878242955615878,0.01046440924551656,0.01046440924551656,6,136,0.0,0
per_capita,M0star,random10,CHE,Switzerland,Western Europe,0.20255138935875544,0.1975660710352051,0.004985318323550342,0.004985318323550342,6,136,0.0,0
per_capita,M0star,random10,UKR,Ukraine,Eastern Europe,0.17767865721146503,0.20655584652593845,-0.028877189314473417,0.028877189314473417,1,136,0.0,0
per_capita,M0star,random10,GBR,United Kingdom,Northern Europe,0.16309409461298247,0.18248875299455916,-0.019394658381576696,0.019394658381576696,2,136,0.0,0
per_capita,M0star,random10,BHS,Bahamas,Caribbean,0.13991083211606994,0.13918243238917397,0.0007283997268959785,0.0007283997268959785,9,136,0.0,0
per_capita,M0star,random10,CAN,Canada,Northern America,0.2521930060529909,0.172586544080246,0.07960646197274487,0.07960646197274487,2,136,0.0,0
per_capita,M0star,random10,CRI,Costa Rica,Central America,0.10130466192673268,0.1169480263209581,-0.015643364394225423,0.015643364394225423,2,136,0.0,0
per_capita,M0star,random10,CUB,Cuba,Caribbean,0.12305617676307766,0.12306789616968646,-1.1719406608795557e-05,1.1719406608795557e-05,6,136,0.0,0
per_capita,M0star,random10,DOM,Dominican Republic,Caribbean,0.15478420047944152,0.09991939111702926,0.05486480936241227,0.05486480936241227,9,136,0.0,0
per_capita,M0star,random10,SLV,El Salvador,Central America,0.06948090854064985,0.10191734986167068,-0.03243644132102083,0.03243644132102083,6,136,0.0,0
per_capita,M0star,random10,GTM,Guatemala,Central America,0.0508136158223582,0.0798544902027479,-0.0290408743803897,0.0290408743803897,8,136,0.0,0
per_capita,M0star,random10,HTI,Haiti,Caribbean,0.14216341234840274,0.09624666917730729,0.04591674317109545,0.04591674317109545,4,136,0.0,0
per_capita,M0star,random10,HND,Honduras,Central America,0.08078933014247122,0.1115521303805461,-0.030762800238074872,0.030762800238074872,3,136,0.0,0
per_capita,M0star,random10,JAM,Jamaica,Caribbean,0.12861876139008294,0.10615957143097428,0.022459189959108658,0.022459189959108658,9,136,98.87635686786973,0
per_capita,M0star,random10,MEX,Mexico,Central America,0.04065719593311795,0.11406380593280412,-0.07340660999968616,0.07340660999968616,4,136,0.0,0
per_capita,M0star,random10,NIC,Nicaragua,Central America,0.09228609649696132,0.10764370363949975,-0.015357607142538435,0.015357607142538435,5,136,0.0,0
per_capita,M0star,random10,PAN,Panama,Central America,0.12161241121300685,0.10813065829616995,0.013481752916836898,0.013481752916836898,1,136,0.0,0
per_capita,M0star,random10,USA,United States,Northern America,0.1695001197237513,0.1611914497782717,0.008308669945479602,0.008308669945479602,4,136,0.0,0
per_capita,M0star,random10,AUS,Australia,Australia and New Zealand,0.16302097420962694,0.09972675085369105,0.06329422335593589,0.06329422335593589,7,136,59.73122444384031,0
per_capita,M0star,random10,NZL,New Zealand,Australia and New Zealand,0.10027093962176431,0.17126924356491555,-0.07099830394315124,0.07099830394315124,6,136,573.2862742563728,0
per_capita,M0star,random10,PNG,Papua New Guinea,Melanesia,0.13861753573076713,0.050402985613966056,0.08821455011680107,0.08821455011680107,7,136,0.0,0
per_capita,M0star,random10,ARG,Argentina,South America,0.10866574248962382,0.17792839066092145,-0.06926264817129762,0.06926264817129762,0,135,0.0,0
per_capita,M0star,random10,BOL,Bolivia,South America,0.10781469285053756,0.1239646713098074,-0.01614997845926984,0.01614997845926984,9,136,0.0,0
per_capita,M0star,random10,BRA,Brazil,South America,0.16469595530453246,0.07076269582876964,0.09393325947576282,0.09393325947576282,3,136,0.0,0
per_capita,M0star,random10,CHL,Chile,South America,0.0993071522959073,0.138841603606017,-0.0395344513101097,0.0395344513101097,7,136,0.0,0
per_capita,M0star,random10,COL,Colombia,South America,0.13225011394627992,0.1319727199341093,0.000277394012170612,0.000277394012170612,1,136,0.0,0
per_capita,M0star,random10,ECU,Ecuador,South America,0.12529387656573873,0.09743533814555946,0.02785853842017927,0.02785853842017927,8,136,0.0,0
per_capita,M0star,random10,PRY,Paraguay,South America,0.12268222549728672,0.16481960528480685,-0.042137379787520135,0.042137379787520135,0,135,0.0,0
per_capita,M0star,random10,PER,Peru,South America,0.10234701745272959,0.12060688516237411,-0.018259867709644523,0.018259867709644523,9,136,0.0,0
per_capita,M0star,random10,SUR,Suriname,South America,0.14991778270906336,0.1312314008164736,0.018686381892589754,0.018686381892589754,9,136,0.0,0
per_capita,M0star,random10,URY,Uruguay,South America,0.1340604374132053,0.11951520977986996,0.01454522763333535,0.01454522763333535,3,136,0.0,0
per_capita,M0star,random10,VEN,Venezuela,South America,0.14209795456206648,0.13732389287834454,0.004774061683721936,0.004774061683721936,5,136,0.0,0
per_capita,M1b,in_sample,DZA,Algeria,Northern Africa,0.24027005915767902,0.2091690162481313,0.03110104290954771,0.03110104290954771,-1,151,,0
per_capita,M1b,in_sample,AGO,Angola,Middle Africa,0.2003000150757142,0.15272526549018703,0.04757474958552718,0.04757474958552718,-1,151,,0
per_capita,M1b,in_sample,BEN,Benin,Western Africa,0.20270211677173233,0.19190592345503693,0.010796193316695402,0.010796193316695402,-1,151,,0
per_capita,M1b,in_sample,BWA,Botswana,Southern Africa,0.15541865895509172,0.21176579449522953,-0.056347135540137816,0.056347135540137816,-1,151,,0
per_capita,M1b,in_sample,BFA,Burkina Faso,Western Africa,0.2158731392585228,0.21985734756374328,-0.003984208305220477,0.003984208305220477,-1,151,,0
per_capita,M1b,in_sample,BDI,Burundi,Eastern Africa,0.20888549627683978,0.18946272647884604,0.019422769797993733,0.019422769797993733,-1,151,,0
per_capita,M1b,in_sample,CMR,Cameroon,Middle Africa,0.16636200134979467,0.19819899066388436,-0.03183698931408968,0.03183698931408968,-1,151,,0
per_capita,M1b,in_sample,CAF,Central African Republic,Middle Africa,0.18403786064638777,0.22239759072813314,-0.03835973008174537,0.03835973008174537,-1,151,,0
per_capita,M1b,in_sample,TCD,Chad,Middle Africa,0.2035091414222523,0.22973324380919896,-0.02622410238694667,0.02622410238694667,-1,151,,0
per_capita,M1b,in_sample,COG,Congo,Middle Africa,0.1704220858831212,0.17459492972679558,-0.00417284384367439,0.00417284384367439,-1,151,,0
per_capita,M1b,in_sample,COD,Congo (Democratic Republic Of The),Middle Africa,0.19859794898946587,0.20217064859058687,-0.003572699601120999,0.003572699601120999,-1,151,,0
per_capita,M1b,in_sample,CIV,Côte D'Ivoire,Western Africa,0.20772847580142792,0.19096643213864592,0.016762043662782,0.016762043662782,-1,151,,0
per_capita,M1b,in_sample,DJI,Djibouti,Eastern Africa,0.20035987264449803,0.19686058636638995,0.0034992862781080825,0.0034992862781080825,-1,151,,0
per_capita,M1b,in_sample,EGY,Egypt,Northern Africa,0.15478518959618381,0.2262792887286544,-0.0714940991324706,0.0714940991324706,-1,151,,0
per_capita,M1b,in_sample,GNQ,Equatorial Guinea,Middle Africa,0.16354706521210607,0.18728968913132252,-0.023742623919216443,0.023742623919216443,-1,151,,0
per_capita,M1b,in_sample,ERI,Eritrea,Eastern Africa,0.20315322405399622,0.20618714207642333,-0.0030339180224271123,0.0030339180224271123,-1,151,,0
per_capita,M1b,in_sample,ETH,Ethiopia,Eastern Africa,0.2076992707889047,0.20948569440262038,-0.0017864236137156708,0.0017864236137156708,-1,151,,0
per_capita,M1b,in_sample,GAB,Gabon,Middle Africa,0.16553931693258667,0.19068712382149777,-0.025147806888911106,0.025147806888911106,-1,151,,0
per_capita,M1b,in_sample,GHA,Ghana,Western Africa,0.1992545668996173,0.18553029996447115,0.01372426693514614,0.01372426693514614,-1,151,,0
per_capita,M1b,in_sample,GIN,Guinea,Western Africa,0.22751348300753205,0.19308233710712025,0.0344311459004118,0.0344311459004118,-1,151,,0
per_capita,M1b,in_sample,GNB,Guinea Bissau,Western Africa,0.23319971534367673,0.19812502699946558,0.03507468834421115,0.03507468834421115,-1,151,,0
per_capita,M1b,in_sample,KEN,Kenya,Eastern Africa,0.21062387448612835,0.16991090172436413,0.04071297276176422,0.04071297276176422,-1,151,,0
per_capita,M1b,in_sample,LSO,Lesotho,Southern Africa,0.16129029981211962,0.1719568793469424,-0.010666579534822779,0.010666579534822779,-1,151,,0
per_capita,M1b,in_sample,LBR,Liberia,Western Africa,0.2160061033815747,0.20159357780624826,0.014412525575326435,0.014412525575326435,-1,151,,0
per_capita,M1b,in_sample,LBY,Libya,Northern Africa,0.19059948923507644,0.23625341792486648,-0.04565392868979004,0.04565392868979004,-1,151,,0
per_capita,M1b,in_sample,MDG,Madagascar,Eastern Africa,0.1813544794012833,0.18146513475146406,-0.00011065535018076056,0.00011065535018076056,-1,151,,0
per_capita,M1b,in_sample,MWI,Malawi,Eastern Africa,0.18854099012577252,0.1883890415345917,0.0001519485911808116,0.0001519485911808116,-1,151,,0
per_capita,M1b,in_sample,MLI,Mali,Western Africa,0.24782669503123966,0.2263913084722911,0.021435386558948555,0.021435386558948555,-1,151,,0
per_capita,M1b,in_sample,MRT,Mauritania,Western Africa,0.2597916027159455,0.20814259660449325,0.051649006111452234,0.051649006111452234,-1,151,,0
per_capita,M1b,in_sample,MAR,Morocco,Northern Africa,0.2418455862979349,0.20125436931455756,0.04059121698337734,0.04059121698337734,-1,151,,0
per_capita,M1b,in_sample,MOZ,Mozambique,Eastern Africa,0.172823801894673,0.18571688316934526,-0.012893081274672258,0.012893081274672258,-1,151,,0
per_capita,M1b,in_sample,NAM,Namibia,Southern Africa,0.17785319196923344,0.19315908731732254,-0.015305895348089099,0.015305895348089099,-1,151,,0
per_capita,M1b,in_sample,NER,Niger,Western Africa,0.2385606960588716,0.23548332560152185,0.0030773704573497374,0.0030773704573497374,-1,151,,0
per_capita,M1b,in_sample,NGA,Nigeria,Western Africa,0.2030109401107239,0.19516794887514072,0.007842991235583185,0.007842991235583185,-1,151,,0
per_capita,M1b,in_sample,RWA,Rwanda,Eastern Africa,0.20845952779692498,0.19706675200250573,0.011392775794419246,0.011392775794419246,-1,151,,0
per_capita,M1b,in_sample,SEN,Senegal,Western Africa,0.24097868636270878,0.2024767010354261,0.03850198532728269,0.03850198532728269,-1,151,,0
per_capita,M1b,in_sample,SLE,Sierra Leone,Western Africa,0.22372060994282955,0.19919386376840087,0.024526746174428682,0.024526746174428682,-1,151,,0
per_capita,M1b,in_sample,SOM,Somalia,Eastern Africa,0.19588332023430152,0.194081956550803,0.0018013636834985358,0.0018013636834985358,-1,151,,0
per_capita,M1b,in_sample,ZAF,South Africa,Southern Africa,0.16028496312204338,0.18112053851573562,-0.02083557539369224,0.02083557539369224,-1,151,,0
per_capita,M1b,in_sample,SDN,Sudan,Northern Africa,0.20487305719629992,0.24265354932516203,-0.037780492128862114,0.037780492128862114,-1,151,,0
per_capita,M1b,in_sample,SWZ,Swaziland,Southern Africa,0.15934183499515397,0.189068614112844,-0.029726779117690033,0.029726779117690033,-1,151,,0
per_capita,M1b,in_sample,TZA,Tanzania,Eastern Africa,0.20953051997740807,0.1685762964300109,0.04095422354739717,0.04095422354739717,-1,151,,0
per_capita,M1b,in_sample,TGO,Togo,Western Africa,0.1941324419699687,0.2061913049612462,-0.012058862991277508,0.012058862991277508,-1,151,,0
per_capita,M1b,in_sample,TUN,Tunisia,Northern Africa,0.23748975158588337,0.23451251230766976,0.0029772392782136115,0.0029772392782136115,-1,151,,0
per_capita,M1b,in_sample,UGA,Uganda,Eastern Africa,0.21147594840550732,0.22062227413551744,-0.009146325730010119,0.009146325730010119,-1,151,,0
per_capita,M1b,in_sample,ZMB,Zambia,Eastern Africa,0.17691283567770744,0.18313697007837476,-0.006224134400667325,0.006224134400667325,-1,151,,0
per_capita,M1b,in_sample,ZWE,Zimbabwe,Eastern Africa,0.1535502891079796,0.17585933730933012,-0.022309048201350518,0.022309048201350518,-1,151,,0
per_capita,M1b,in_sample,AFG,Afghanistan,Southern Asia,0.24733117695547363,0.21423948701261653,0.033091689942857105,0.033091689942857105,-1,151,,0
per_capita,M1b,in_sample,ARM,Armenia,Western Asia,0.18833773750931812,0.17700461164281858,0.011333125866499538,0.011333125866499538,-1,151,,0
per_capita,M1b,in_sample,AZE,Azerbaijan,Western Asia,0.19504824967387935,0.1788431815163823,0.01620506815749706,0.01620506815749706,-1,151,,0
per_capita,M1b,in_sample,BGD,Bangladesh,Southern Asia,0.11108862004719486,0.14485819871371985,-0.033769578666524996,0.033769578666524996,-1,151,,0
per_capita,M1b,in_sample,MMR,Burma,South-eastern Asia,0.10898678984933867,0.1512518944094471,-0.042265104560108444,0.042265104560108444,-1,151,,0
per_capita,M1b,in_sample,KHM,Cambodia,South-eastern Asia,0.12397652977439673,0.14211487638392956,-0.018138346609532827,0.018138346609532827,-1,151,,0
per_capita,M1b,in_sample,CHN,China,Eastern Asia,0.18801127254816274,0.16893355272608246,0.019077719822080286,0.019077719822080286,-1,151,,0
per_capita,M1b,in_sample,GEO,Georgia,Western Asia,0.17014653222140888,0.17900519538825918,-0.0088586631668503,0.0088586631668503,-1,151,,0
per_capita,M1b,in_sample,IND,India,Southern Asia,0.12279874845556998,0.1674098680196949,-0.04461111956412492,0.04461111956412492,-1,151,,0
per_capita,M1b,in_sample,IDN,Indonesia,South-eastern Asia,0.1365994643114788,0.09325598238591566,0.04334348192556313,0.04334348192556313,-1,151,,0
per_capita,M1b,in_sample,IRN,Iran,Southern Asia,0.25326598928356275,0.19068594778475642,0.06258004149880633,0.06258004149880633,-1,151,,0
per_capita,M1b,in_sample,IRQ,Iraq,Western Asia,0.1763349119758569,0.16895166622111962,0.007383245754737283,0.007383245754737283,-1,151,,0
per_capita,M1b,in_sample,ISR,Israel,Western Asia,0.1289730259690734,0.1900021629650894,-0.061029136996016004,0.061029136996016004,-1,151,,0
per_capita,M1b,in_sample,JPN,Japan,Eastern Asia,0.13484212055215955,0.1314703327372118,0.003371787814947763,0.003371787814947763,-1,151,,0
per_capita,M1b,in_sample,JOR,Jordan,Western Asia,0.1241622692023015,0.13836237695091386,-0.014200107748612356,0.014200107748612356,-1,151,,0
per_capita,M1b,in_sample,KAZ,Kazakhstan,Central Asia,0.2607179280248597,0.2594580574483665,0.0012598705764932383,0.0012598705764932383,-1,151,,0
per_capita,M1b,in_sample,LAO,Laos,South-eastern Asia,0.11990552917453423,0.15277906735522928,-0.03287353818069505,0.03287353818069505,-1,151,,0
per_capita,M1b,in_sample,LBN,Lebanon,Western Asia,0.13240721718298015,0.150057603595742,-0.017650386412761843,0.017650386412761843,-1,151,,0
per_capita,M1b,in_sample,MYS,Malaysia,South-eastern Asia,0.14354714353630665,0.13997447133382576,0.003572672202480892,0.003572672202480892,-1,151,,0
per_capita,M1b,in_sample,MNG,Mongolia,Eastern Asia,0.273292065382825,0.2438991339414486,0.02939293144137642,0.02939293144137642,-1,151,,0
per_capita,M1b,in_sample,NPL,Nepal,Southern Asia,0.12394103933918027,0.14499105790691547,-0.021050018567735196,0.021050018567735196,-1,151,,0
per_capita,M1b,in_sample,OMN,Oman,Western Asia,0.2034660332775613,0.1782471683533495,0.025218864924211798,0.025218864924211798,-1,151,,0
per_capita,M1b,in_sample,PAK,Pakistan,Southern Asia,0.1799496198587603,0.191888865326933,-0.01193924546817271,0.01193924546817271,-1,151,,0
per_capita,M1b,in_sample,PHL,Philippines,South-eastern Asia,0.16029540562197608,0.13291958484649988,0.027375820775476206,0.027375820775476206,-1,151,,0
per_capita,M1b,in_sample,QAT,Qatar,Western Asia,0.2314787860422459,0.19396530604723083,0.03751347999501506,0.03751347999501506,-1,151,,0
per_capita,M1b,in_sample,SAU,Saudi Arabia,Western Asia,0.1912885606557455,0.19832019015344324,-0.007031629497697728,0.007031629497697728,-1,151,,0
per_capita,M1b,in_sample,KOR,South Korea,Eastern Asia,0.14512934007189218,0.19285966151049852,-0.04773032143860634,0.04773032143860634,-1,151,,0
per_capita,M1b,in_sample,LKA,Sri Lanka,Southern Asia,0.13450142935863102,0.13588330638848806,-0.001381877029857037,0.001381877029857037,-1,151,,0
per_capita,M1b,in_sample,SYR,Syria,Western Asia,0.14323534954112288,0.1944596126584224,-0.05122426311729952,0.05122426311729952,-1,151,,0
per_capita,M1b,in_sample,TWN,Taiwan,Eastern Asia,0.13706412122195852,0.14730881987221423,-0.010244698650255707,0.010244698650255707,-1,151,,0
per_capita,M1b,in_sample,TJK,Tajikistan,Central Asia,0.233975502099763,0.22055540988170377,0.013420092218059232,0.013420092218059232,-1,151,,0
per_capita,M1b,in_sample,THA,Thailand,South-eastern Asia,0.11983102194091183,0.15273592725037982,-0.03290490530946799,0.03290490530946799,-1,151,,0
per_capita,M1b,in_sample,TUR,Turkey,Western Asia,0.1419623303023036,0.15986606248286653,-0.01790373218056293,0.01790373218056293,-1,151,,0
per_capita,M1b,in_sample,TKM,Turkmenistan,Central Asia,0.2752870410187589,0.21300859506541958,0.06227844595333931,0.06227844595333931,-1,151,,0
per_capita,M1b,in_sample,ARE,United Arab Emirates,Western Asia,0.2248308233871666,0.18917828033768214,0.03565254304948445,0.03565254304948445,-1,151,,0
per_capita,M1b,in_sample,UZB,Uzbekistan,Central Asia,0.27739224194989204,0.24405362433765665,0.03333861761223539,0.03333861761223539,-1,151,,0
per_capita,M1b,in_sample,VNM,Vietnam,South-eastern Asia,0.122632583177362,0.14902290722692152,-0.026390324049559516,0.026390324049559516,-1,151,,0
per_capita,M1b,in_sample,YEM,Yemen,Western Asia,0.20150002766065422,0.16571252997744984,0.03578749768320438,0.03578749768320438,-1,151,,0
per_capita,M1b,in_sample,ALB,Albania,Southern Europe,0.15748303087977816,0.14281005107121816,0.01467297980856,0.01467297980856,-1,151,,0
per_capita,M1b,in_sample,AUT,Austria,Western Europe,0.21029967713303166,0.20876044374915892,0.0015392333838727401,0.0015392333838727401,-1,151,,0
per_capita,M1b,in_sample,BLR,Belarus,Eastern Europe,0.21395039394228654,0.20708628713143007,0.006864106810856474,0.006864106810856474,-1,151,,0
per_capita,M1b,in_sample,BEL,Belgium,Western Europe,0.1951636806716645,0.18014614254475467,0.01501753812690984,0.01501753812690984,-1,151,,0
per_capita,M1b,in_sample,BIH,Bosnia And Herzegovina,Southern Europe,0.18440933101350881,0.1718926016579933,0.01251672935551551,0.01251672935551551,-1,151,,0
per_capita,M1b,in_sample,BGR,Bulgaria,Eastern Europe,0.16411393376308978,0.19557390634797875,-0.03145997258488897,0.03145997258488897,-1,151,,0
per_capita,M1b,in_sample,HRV,Croatia,Southern Europe,0.18952185187085302,0.18792237956372904,0.0015994723071239836,0.0015994723071239836,-1,151,,0
per_capita,M1b,in_sample,CYP,Cyprus,Western Asia,0.14075176149640625,0.1579433732339698,-0.01719161173756356,0.01719161173756356,-1,151,,0
per_capita,M1b,in_sample,CZE,Czech Republic,Eastern Europe,0.19293606527047014,0.2129593339543442,-0.02002326868387405,0.02002326868387405,-1,151,,0
per_capita,M1b,in_sample,DNK,Denmark,Northern Europe,0.1919403849228464,0.19013042693325066,0.0018099579895957396,0.0018099579895957396,-1,151,,0
per_capita,M1b,in_sample,EST,Estonia,Northern Europe,0.25938076329685683,0.2139868747685213,0.045393888528335535,0.045393888528335535,-1,151,,0
per_capita,M1b,in_sample,FIN,Finland,Northern Europe,0.2349856997144576,0.21106239332749394,0.02392330638696366,0.02392330638696366,-1,151,,0
per_capita,M1b,in_sample,FRA,France,Western Europe,0.1916777527720347,0.18710521576869982,0.0045725370033348756,0.0045725370033348756,-1,151,,0
per_capita,M1b,in_sample,DEU,Germany,Western Europe,0.19552600658812053,0.1854824034206195,0.010043603167501025,0.010043603167501025,-1,151,,0
per_capita,M1b,in_sample,GRC,Greece,Southern Europe,0.14163851313814882,0.1676825568406187,-0.026044043702469877,0.026044043702469877,-1,151,,0
per_capita,M1b,in_sample,HUN,Hungary,Eastern Europe,0.18683465599109378,0.21081822342269319,-0.023983567431599406,0.023983567431599406,-1,151,,0
per_capita,M1b,in_sample,ISL,Iceland,Northern Europe,0.12736783367802937,0.1273678336780283,1.0547118733938987e-15,1.0547118733938987e-15,-1,151,,0
per_capita,M1b,in_sample,IRL,Ireland,Northern Europe,0.1678618971108085,0.18587983550499165,-0.01801793839418314,0.01801793839418314,-1,151,,0
per_capita,M1b,in_sample,ITA,Italy,Southern Europe,0.1823289325414157,0.17315994709380345,0.009168985447612243,0.009168985447612243,-1,151,,0
per_capita,M1b,in_sample,LVA,Latvia,Northern Europe,0.2466163184774826,0.20642419348607,0.040192124991412614,0.040192124991412614,-1,151,,0
per_capita,M1b,in_sample,LTU,Lithuania,Northern Europe,0.22162226701877433,0.20612820255658737,0.015494064462186957,0.015494064462186957,-1,151,,0
per_capita,M1b,in_sample,MKD,Macedonia,Southern Europe,0.16410994630244113,0.17191121931237605,-0.0078012730099349115,0.0078012730099349115,-1,151,,0
per_capita,M1b,in_sample,MDA,Moldova,Eastern Europe,0.15544942684686172,0.1826049197379418,-0.027155492891080074,0.027155492891080074,-1,151,,0
per_capita,M1b,in_sample,MNE,Montenegro,Southern Europe,0.1643666862725019,0.16769119150687886,-0.0033245052343769677,0.0033245052343769677,-1,151,,0
per_capita,M1b,in_sample,NLD,Netherlands,Western Europe,0.18877545734026732,0.16074781036384667,0.028027646976420656,0.028027646976420656,-1,151,,0
per_capita,M1b,in_sample,NOR,Norway,Northern Europe,0.20191951273050374,0.21101063718819718,-0.009091124457693445,0.009091124457693445,-1,151,,0
per_capita,M1b,in_sample,POL,Poland,Eastern Europe,0.18403612522932167,0.20609197677695035,-0.02205585154762868,0.02205585154762868,-1,151,,0
per_capita,M1b,in_sample,PRT,Portugal,Southern Europe,0.1846817946752158,0.16450810251950382,0.020173692155711992,0.020173692155711992,-1,151,,0
per_capita,M1b,in_sample,ROU,Romania,Eastern Europe,0.1626491375716469,0.2029943440280721,-0.0403452064564252,0.0403452064564252,-1,151,,0
per_capita,M1b,in_sample,RUS,Russia,Eastern Europe,0.262173281711931,0.2376386886039006,0.024534593108030384,0.024534593108030384,-1,151,,0
per_capita,M1b,in_sample,SRB,Serbia,Southern Europe,0.1777828851474587,0.18091289812939002,-0.0031300129819313016,0.0031300129819313016,-1,151,,0
per_capita,M1b,in_sample,SVK,Slovakia,Eastern Europe,0.17135924127324334,0.2156060696050891,-0.04424682833184576,0.04424682833184576,-1,151,,0
per_capita,M1b,in_sample,SVN,Slovenia,Southern Europe,0.2104092831778439,0.19037177686752954,0.020037506310314368,0.020037506310314368,-1,151,,0
per_capita,M1b,in_sample,ESP,Spain,Southern Europe,0.19118695961871326,0.16935890997222663,0.02182804964648663,0.02182804964648663,-1,151,,0
per_capita,M1b,in_sample,SWE,Sweden,Northern Europe,0.21924683880167534,0.21057187352788814,0.008674965273787194,0.008674965273787194,-1,151,,0
per_capita,M1b,in_sample,CHE,Switzerland,Western Europe,0.20255138935875544,0.1989383038154332,0.0036130855433222364,0.0036130855433222364,-1,151,,0
per_capita,M1b,in_sample,UKR,Ukraine,Eastern Europe,0.17767865721146503,0.1972844451675374,-0.019605787956072374,0.019605787956072374,-1,151,,0
per_capita,M1b,in_sample,GBR,United Kingdom,Northern Europe,0.16309409461298247,0.17931567599528692,-0.01622158138230445,0.01622158138230445,-1,151,,0
per_capita,M1b,in_sample,BHS,Bahamas,Caribbean,0.13991083211606994,0.1455293336975192,-0.005618501581449248,0.005618501581449248,-1,151,,0
per_capita,M1b,in_sample,CAN,Canada,Northern America,0.2521930060529909,0.18872249258398127,0.06347051346900962,0.06347051346900962,-1,151,,0
per_capita,M1b,in_sample,CRI,Costa Rica,Central America,0.10130466192673268,0.12020822535094326,-0.01890356342421058,0.01890356342421058,-1,151,,0
per_capita,M1b,in_sample,CUB,Cuba,Caribbean,0.12305617676307766,0.12145725869825902,0.0015989180648186413,0.0015989180648186413,-1,151,,0
per_capita,M1b,in_sample,DOM,Dominican Republic,Caribbean,0.15478420047944152,0.11127190055397598,0.04351229992546554,0.04351229992546554,-1,151,,0
per_capita,M1b,in_sample,SLV,El Salvador,Central America,0.06948090854064985,0.09861244945852438,-0.029131540917874524,0.029131540917874524,-1,151,,0
per_capita,M1b,in_sample,GTM,Guatemala,Central America,0.0508136158223582,0.07302015950727586,-0.02220654368491766,0.02220654368491766,-1,151,,0
per_capita,M1b,in_sample,HTI,Haiti,Caribbean,0.14216341234840274,0.09977230034775542,0.042391112000647324,0.042391112000647324,-1,151,,0
per_capita,M1b,in_sample,HND,Honduras,Central America,0.08078933014247122,0.10685658810372162,-0.026067257961250395,0.026067257961250395,-1,151,,0
per_capita,M1b,in_sample,JAM,Jamaica,Caribbean,0.12861876139008294,0.11994113305801962,0.008677628332063314,0.008677628332063314,-1,151,,0
per_capita,M1b,in_sample,MEX,Mexico,Central America,0.04065719593311795,0.10207743275898394,-0.06142023682586599,0.06142023682586599,-1,151,,0
per_capita,M1b,in_sample,NIC,Nicaragua,Central America,0.09228609649696132,0.10650485035247723,-0.014218753855515909,0.014218753855515909,-1,151,,0
per_capita,M1b,in_sample,PAN,Panama,Central America,0.12161241121300685,0.11765203374940136,0.003960377463605488,0.003960377463605488,-1,151,,0
per_capita,M1b,in_sample,USA,United States,Northern America,0.1695001197237513,0.15554457072831024,0.013955548995441075,0.013955548995441075,-1,151,,0
per_capita,M1b,in_sample,AUS,Australia,Australia and New Zealand,0.16302097420962694,0.14689311213132566,0.016127862078301275,0.016127862078301275,-1,151,,0
per_capita,M1b,in_sample,NZL,New Zealand,Australia and New Zealand,0.10027093962176431,0.14689984388627064,-0.04662890426450633,0.04662890426450633,-1,151,,0
per_capita,M1b,in_sample,PNG,Papua New Guinea,Melanesia,0.13861753573076713,0.10811649354456782,0.030501042186199312,0.030501042186199312,-1,151,,0
per_capita,M1b,in_sample,ARG,Argentina,South America,0.10866574248962382,0.16043089000256122,-0.0517651475129374,0.0517651475129374,-1,151,,0
per_capita,M1b,in_sample,BOL,Bolivia,South America,0.10781469285053756,0.10856667099969614,-0.0007519781491585747,0.0007519781491585747,-1,151,,0
per_capita,M1b,in_sample,BRA,Brazil,South America,0.16469595530453246,0.09057952230349044,0.07411643300104202,0.07411643300104202,-1,151,,0
per_capita,M1b,in_sample,CHL,Chile,South America,0.0993071522959073,0.13099759477768397,-0.03169044248177667,0.03169044248177667,-1,151,,0
per_capita,M1b,in_sample,COL,Colombia,South America,0.13225011394627992,0.13207439907547514,0.00017571487080478287,0.00017571487080478287,-1,151,,0
per_capita,M1b,in_sample,ECU,Ecuador,South America,0.12529387656573873,0.10082486718521297,0.024469009380525764,0.024469009380525764,-1,151,,0
per_capita,M1b,in_sample,PRY,Paraguay,South America,0.12268222549728672,0.1458029953374156,-0.02312076984012887,0.02312076984012887,-1,151,,0
per_capita,M1b,in_sample,PER,Peru,South America,0.10234701745272959,0.1176355806941347,-0.01528856324140511,0.01528856324140511,-1,151,,0
per_capita,M1b,in_sample,SUR,Suriname,South America,0.14991778270906336,0.13375190816014296,0.016165874548920406,0.016165874548920406,-1,151,,0
per_capita,M1b,in_sample,URY,Uruguay,South America,0.1340604374132053,0.13141747296719675,0.002642964446008561,0.002642964446008561,-1,151,,0
per_capita,M1b,in_sample,VEN,Venezuela,South America,0.14209795456206648,0.1370510495839991,0.005046904978067368,0.005046904978067368,-1,151,,0
per_capita,M1b,primary_loco,DZA,Algeria,Northern Africa,0.24027005915767902,0.1956796395016806,0.044590419655998415,0.044590419655998415,0,140,502.80410892048315,0
per_capita,M1b,primary_loco,AGO,Angola,Middle Africa,0.2003000150757142,0.15529265257844643,0.04500736249726778,0.04500736249726778,1,143,617.5524176445745,0
per_capita,M1b,primary_loco,BEN,Benin,Western Africa,0.20270211677173233,0.1873991218824891,0.015302994889243221,0.015302994889243221,2,143,645.265464870903,0
per_capita,M1b,primary_loco,BWA,Botswana,Southern Africa,0.15541865895509172,0.23931804660093986,-0.08389938764584814,0.08389938764584814,3,142,617.3401076622447,0
per_capita,M1b,primary_loco,BFA,Burkina Faso,Western Africa,0.2158731392585228,0.21385091698232178,0.0020222222762010245,0.0020222222762010245,4,140,544.1912089132867,0
per_capita,M1b,primary_loco,BDI,Burundi,Eastern Africa,0.20888549627683978,0.1752274439653238,0.033658052311515974,0.033658052311515974,5,144,652.8579050829767,0
per_capita,M1b,primary_loco,CMR,Cameroon,Middle Africa,0.16636200134979467,0.20743581644781237,-0.04107381509801769,0.04107381509801769,6,142,645.265464870903,0
per_capita,M1b,primary_loco,CAF,Central African Republic,Middle Africa,0.18403786064638777,0.2433779100425884,-0.059340049396200634,0.059340049396200634,7,141,668.5532199135129,0
per_capita,M1b,primary_loco,TCD,Chad,Middle Africa,0.2035091414222523,0.2559935022336605,-0.052484360811408226,0.052484360811408226,8,140,628.5950455799541,0
per_capita,M1b,primary_loco,COG,Congo,Middle Africa,0.1704220858831212,0.17751777200739005,-0.007095686124268863,0.007095686124268863,9,143,505.2073478639452,0
per_capita,M1b,primary_loco,COD,Congo (Democratic Republic Of The),Middle Africa,0.19859794898946587,0.20041007156148483,-0.0018121225720189593,0.0018121225720189593,10,133,610.5128671535235,0
per_capita,M1b,primary_loco,CIV,Côte D'Ivoire,Western Africa,0.20772847580142792,0.17930003912260284,0.02842843667882508,0.02842843667882508,11,141,513.4956418289805,0
per_capita,M1b,primary_loco,DJI,Djibouti,Eastern Africa,0.20035987264449803,0.19504891327615223,0.005310959368345802,0.005310959368345802,12,145,597.3982225286695,0
per_capita,M1b,primary_loco,EGY,Egypt,Northern Africa,0.15478518959618381,0.2751190651089973,-0.12033387551281349,0.12033387551281349,13,137,796.7350520612513,0
per_capita,M1b,primary_loco,GNQ,Equatorial Guinea,Middle Africa,0.16354706521210607,0.20263994567726465,-0.039092880465158575,0.039092880465158575,14,145,617.5524176445745,0
per_capita,M1b,primary_loco,ERI,Eritrea,Eastern Africa,0.20315322405399622,0.20906240626763267,-0.005909182213636455,0.005909182213636455,15,143,914.0853458171574,0
per_capita,M1b,primary_loco,ETH,Ethiopia,Eastern Africa,0.2076992707889047,0.20905153520311942,-0.00135226441421471,0.00135226441421471,16,141,633.7952924267872,0
per_capita,M1b,primary_loco,GAB,Gabon,Middle Africa,0.16553931693258667,0.2048045334126648,-0.039265216480078136,0.039265216480078136,17,143,628.5950455799541,0
per_capita,M1b,primary_loco,GHA,Ghana,Western Africa,0.1992545668996173,0.18081912971654868,0.018435437183068615,0.018435437183068615,18,142,518.8803734064857,0
per_capita,M1b,primary_loco,GIN,Guinea,Western Africa,0.22751348300753205,0.18000266465902082,0.04751081834851123,0.04751081834851123,19,142,518.8803734064857,0
per_capita,M1b,primary_loco,GNB,Guinea Bissau,Western Africa,0.23319971534367673,0.18865462946426997,0.044545085879406754,0.044545085879406754,20,145,524.8811678267961,0
per_capita,M1b,primary_loco,KEN,Kenya,Eastern Africa,0.21062387448612835,0.15207129882756906,0.058552575658559286,0.058552575658559286,21,142,610.9220933565367,0
per_capita,M1b,primary_loco,LSO,Lesotho,Southern Africa,0.16129029981211962,0.18523851648039003,-0.023948216668270406,0.023948216668270406,22,146,679.8830982691288,0
per_capita,M1b,primary_loco,LBR,Liberia,Western Africa,0.2160061033815747,0.1932772761910117,0.02272882719056299,0.02272882719056299,23,143,524.8811678267961,0
per_capita,M1b,primary_loco,LBY,Libya,Northern Africa,0.19059948923507644,0.26979278108224825,-0.0791932918471718,0.0791932918471718,24,142,509.873869437773,0
per_capita,M1b,primary_loco,MDG,Madagascar,Eastern Africa,0.1813544794012833,0.1842901592088495,-0.002935679807566205,0.002935679807566205,25,149,714.622347526621,0
per_capita,M1b,primary_loco,MWI,Malawi,Eastern Africa,0.18854099012577252,0.18853040131707072,1.0588808701805785e-05,1.0588808701805785e-05,26,145,652.8579050829767,0
per_capita,M1b,primary_loco,MLI,Mali,Western Africa,0.24782669503123966,0.20817779421602964,0.039648900815210025,0.039648900815210025,27,135,784.4064914150321,0
per_capita,M1b,primary_loco,MRT,Mauritania,Western Africa,0.2597916027159455,0.18930375452133116,0.07048784819461432,0.07048784819461432,28,142,513.4643800186929,0
per_capita,M1b,primary_loco,MAR,Morocco,Northern Africa,0.2418455862979349,0.18620884496483253,0.05563674133310237,0.05563674133310237,29,145,809.6690483424891,0
per_capita,M1b,primary_loco,MOZ,Mozambique,Eastern Africa,0.172823801894673,0.1990268652461823,-0.026203063351509293,0.026203063351509293,30,140,587.3811357085859,0
per_capita,M1b,primary_loco,NAM,Namibia,Southern Africa,0.17785319196923344,0.20455210028086518,-0.02669890831163174,0.02669890831163174,31,145,587.3811357085859,0
per_capita,M1b,primary_loco,NER,Niger,Western Africa,0.2385606960588716,0.23793063508896814,0.000630060969903451,0.000630060969903451,32,140,562.5858813422933,0
per_capita,M1b,primary_loco,NGA,Nigeria,Western Africa,0.2030109401107239,0.20077656003391517,0.002234380076808734,0.002234380076808734,33,139,505.2073478639452,0
per_capita,M1b,primary_loco,RWA,Rwanda,Eastern Africa,0.20845952779692498,0.184240740454843,0.024218787342081965,0.024218787342081965,34,145,596.1094098552721,0
per_capita,M1b,primary_loco,SEN,Senegal,Western Africa,0.24097868636270878,0.18457521390920767,0.05640347245350111,0.05640347245350111,35,143,661.0012016224565,0
per_capita,M1b,primary_loco,SLE,Sierra Leone,Western Africa,0.22372060994282955,0.18684129760799578,0.03687931233483377,0.03687931233483377,36,144,513.4643800186929,0
per_capita,M1b,primary_loco,SOM,Somalia,Eastern Africa,0.19588332023430152,0.1922571219773179,0.003626198256983626,0.003626198256983626,37,143,518.7600014609704,0
per_capita,M1b,primary_loco,ZAF,South Africa,Southern Africa,0.16028496312204338,0.20277420508424096,-0.04248924196219758,0.04248924196219758,38,144,509.0405920948506,0
per_capita,M1b,primary_loco,SDN,Sudan,Northern Africa,0.20487305719629992,0.2594895882614426,-0.054616531065142665,0.054616531065142665,39,140,596.1389060766417,0
per_capita,M1b,primary_loco,SWZ,Swaziland,Southern Africa,0.15934183499515397,0.21096229122464438,-0.05162045622949041,0.05162045622949041,40,145,959.717008007507,0
per_capita,M1b,primary_loco,TZA,Tanzania,Eastern Africa,0.20953051997740807,0.15325246291495476,0.05627805706245331,0.05627805706245331,41,141,589.8828410805131,0
per_capita,M1b,primary_loco,TGO,Togo,Western Africa,0.1941324419699687,0.20509531089268465,-0.010962868922715946,0.010962868922715946,42,143,747.8828031769658,0
per_capita,M1b,primary_loco,TUN,Tunisia,Northern Africa,0.23748975158588337,0.2373381773772382,0.00015157420864517213,0.00015157420864517213,43,145,648.7548166347074,0
per_capita,M1b,primary_loco,UGA,Uganda,Eastern Africa,0.21147594840550732,0.22037989142512024,-0.00890394301961292,0.00890394301961292,44,143,596.1389060766417,0
per_capita,M1b,primary_loco,ZMB,Zambia,Eastern Africa,0.17691283567770744,0.18125974975547277,-0.004346914077765329,0.004346914077765329,45,141,509.0405920948506,0
per_capita,M1b,primary_loco,ZWE,Zimbabwe,Eastern Africa,0.1535502891079796,0.1885510973974842,-0.03500080828950461,0.03500080828950461,46,141,589.8828410805131,0
per_capita,M1b,primary_loco,AFG,Afghanistan,Southern Asia,0.24733117695547363,0.18762676478157236,0.05970441217390127,0.05970441217390127,47,142,530.0748621948782,0
per_capita,M1b,primary_loco,ARM,Armenia,Western Asia,0.18833773750931812,0.17024970461220523,0.018088032897112888,0.018088032897112888,48,143,502.3155465637135,0
per_capita,M1b,primary_loco,AZE,Azerbaijan,Western Asia,0.19504824967387935,0.17328118497146788,0.021767064702411465,0.021767064702411465,49,140,796.0593166359175,0
per_capita,M1b,primary_loco,BGD,Bangladesh,Southern Asia,0.11108862004719486,0.16162136621512463,-0.05053274616792977,0.05053274616792977,50,146,583.964746833446,0
per_capita,M1b,primary_loco,MMR,Burma,South-eastern Asia,0.10898678984933867,0.17732198612022723,-0.06833519627088856,0.06833519627088856,51,141,592.4577340928826,0
per_capita,M1b,primary_loco,KHM,Cambodia,South-eastern Asia,0.12397652977439673,0.1567074361665656,-0.03273090639216887,0.03273090639216887,52,144,676.9381053939196,0
per_capita,M1b,primary_loco,CHN,China,Eastern Asia,0.18801127254816274,0.18662021053427558,0.0013910620138871677,0.0013910620138871677,53,131,621.7810260710111,0
per_capita,M1b,primary_loco,GEO,Georgia,Western Asia,0.17014653222140888,0.16966793513593068,0.0004785970854782051,0.0004785970854782051,54,140,767.6489375125233,0
per_capita,M1b,primary_loco,IND,India,Southern Asia,0.12279874845556998,0.1823438514108128,-0.05954510295524282,0.05954510295524282,55,140,579.308884690665,0
per_capita,M1b,primary_loco,IDN,Indonesia,South-eastern Asia,0.1365994643114788,0.08413826922004888,0.05246119509142991,0.05246119509142991,56,142,676.9381053939196,0
per_capita,M1b,primary_loco,IRN,Iran,Southern Asia,0.25326598928356275,0.15822630091092532,0.09503968837263743,0.09503968837263743,57,134,568.6539133064839,0
per_capita,M1b,primary_loco,IRQ,Iraq,Western Asia,0.1763349119758569,0.17315070092675403,0.0031842110491028808,0.0031842110491028808,58,136,595.6035032545958,0
per_capita,M1b,primary_loco,ISR,Israel,Western Asia,0.1289730259690734,0.20100249833339645,-0.07202947236432306,0.07202947236432306,59,142,676.993228000802,0
per_capita,M1b,primary_loco,JPN,Japan,Eastern Asia,0.13484212055215955,0.12994830030599575,0.004893820246163805,0.004893820246163805,60,145,1419.3714758707915,0
per_capita,M1b,primary_loco,JOR,Jordan,Western Asia,0.1241622692023015,0.16212011706709156,-0.03795784786479006,0.03795784786479006,61,142,597.7999418076139,0
per_capita,M1b,primary_loco,KAZ,Kazakhstan,Central Asia,0.2607179280248597,0.1717597854489694,0.08895814257589033,0.08895814257589033,62,139,505.97001980195694,0
per_capita,M1b,primary_loco,LAO,Laos,South-eastern Asia,0.11990552917453423,0.16704979845298779,-0.047144269278453554,0.047144269278453554,63,145,704.866764093186,0
per_capita,M1b,primary_loco,LBN,Lebanon,Western Asia,0.13240721718298015,0.16375535751208325,-0.0313481403291031,0.0313481403291031,64,142,667.260839566188,0
per_capita,M1b,primary_loco,MYS,Malaysia,South-eastern Asia,0.14354714353630665,0.1406285569065204,0.0029185866297862517,0.0029185866297862517,65,144,598.4793279343521,0
per_capita,M1b,primary_loco,MNG,Mongolia,Eastern Asia,0.273292065382825,0.23177989834508755,0.04151216703773747,0.04151216703773747,66,147,1014.6317233049575,0
per_capita,M1b,primary_loco,NPL,Nepal,Southern Asia,0.12394103933918027,0.15238549094675527,-0.028444451607575,0.028444451607575,67,147,541.6957236344748,0
per_capita,M1b,primary_loco,OMN,Oman,Western Asia,0.2034660332775613,0.13702901544145252,0.06643701783610878,0.06643701783610878,68,144,518.7600014609704,0
per_capita,M1b,primary_loco,PAK,Pakistan,Southern Asia,0.1799496198587603,0.17783729184786656,0.002112328010893727,0.002112328010893727,69,141,510.6416259410729,0
per_capita,M1b,primary_loco,PHL,Philippines,South-eastern Asia,0.16029540562197608,0.12051178628262088,0.0397836193393552,0.0397836193393552,70,145,833.6550541710932,0
per_capita,M1b,primary_loco,QAT,Qatar,Western Asia,0.2314787860422459,0.16535186959701156,0.06612691644523433,0.06612691644523433,71,145,596.9267432386954,0
per_capita,M1b,primary_loco,SAU,Saudi Arabia,Western Asia,0.1912885606557455,0.1845297256547625,0.00675883500098301,0.00675883500098301,72,132,666.2405990245873,0
per_capita,M1b,primary_loco,KOR,South Korea,Eastern Asia,0.14512934007189218,0.2010485424757285,-0.05591920240383633,0.05591920240383633,73,147,877.0301146579199,0
per_capita,M1b,primary_loco,LKA,Sri Lanka,Southern Asia,0.13450142935863102,0.13862515319621874,-0.004123723837587717,0.004123723837587717,74,149,1398.3985671009978,0
per_capita,M1b,primary_loco,SYR,Syria,Western Asia,0.14323534954112288,0.2136255636218894,-0.07039021408076651,0.07039021408076651,75,138,584.2435976894245,0
per_capita,M1b,primary_loco,TWN,Taiwan,Eastern Asia,0.13706412122195852,0.1452870692897576,-0.00822294806779908,0.00822294806779908,76,147,845.9041034836367,0
per_capita,M1b,primary_loco,TJK,Tajikistan,Central Asia,0.233975502099763,0.2033438992631311,0.03063160283663191,0.03063160283663191,77,143,568.6539133064839,0
per_capita,M1b,primary_loco,THA,Thailand,South-eastern Asia,0.11983102194091183,0.16231563400854046,-0.04248461206762863,0.04248461206762863,78,142,583.964746833446,0
per_capita,M1b,primary_loco,TUR,Turkey,Western Asia,0.1419623303023036,0.15427030348913426,-0.012307973186830662,0.012307973186830662,79,129,506.9514190084059,0
per_capita,M1b,primary_loco,TKM,Turkmenistan,Central Asia,0.2752870410187589,0.1865845154120393,0.0887025256067196,0.0887025256067196,80,141,502.3155465637135,0
per_capita,M1b,primary_loco,ARE,United Arab Emirates,Western Asia,0.2248308233871666,0.15384042511084667,0.07099039827631992,0.07099039827631992,81,144,595.6035032545958,0
per_capita,M1b,primary_loco,UZB,Uzbekistan,Central Asia,0.27739224194989204,0.2074925584960622,0.06989968345382983,0.06989968345382983,82,142,519.6002071985519,0
per_capita,M1b,primary_loco,VNM,Vietnam,South-eastern Asia,0.122632583177362,0.15924372891541605,-0.036611145738054046,0.036611145738054046,83,143,743.2317243953779,0
per_capita,M1b,primary_loco,YEM,Yemen,Western Asia,0.20150002766065422,0.1510684142521632,0.05043161340849103,0.05043161340849103,84,142,596.9267432386954,0
per_capita,M1b,primary_loco,ALB,Albania,Southern Europe,0.15748303087977816,0.14269003329306412,0.01479299758671404,0.01479299758671404,85,138,532.1940953141744,0
per_capita,M1b,primary_loco,AUT,Austria,Western Europe,0.21029967713303166,0.21812511851918723,-0.007825441386155568,0.007825441386155568,86,133,532.1940953141744,0
per_capita,M1b,primary_loco,BLR,Belarus,Eastern Europe,0.21395039394228654,0.21280360018603,0.0011467937562565367,0.0011467937562565367,87,137,523.4292153680008,0
per_capita,M1b,primary_loco,BEL,Belgium,Western Europe,0.1951636806716645,0.1721604784173547,0.023003202254309796,0.023003202254309796,88,141,575.2113851156029,0
per_capita,M1b,primary_loco,BIH,Bosnia And Herzegovina,Southern Europe,0.18440933101350881,0.18788602689346723,-0.0034766958799584136,0.0034766958799584136,89,132,516.557346163752,0
per_capita,M1b,primary_loco,BGR,Bulgaria,Eastern Europe,0.16411393376308978,0.21156830559794992,-0.04745437183486015,0.04745437183486015,90,136,516.1513126517902,0
per_capita,M1b,primary_loco,HRV,Croatia,Southern Europe,0.18952185187085302,0.20512568930187208,-0.015603837431019063,0.015603837431019063,91,131,616.9791693143779,0
per_capita,M1b,primary_loco,CYP,Cyprus,Western Asia,0.14075176149640625,0.1653231645414596,-0.02457140304505334,0.02457140304505334,92,141,701.1073430807862,0
per_capita,M1b,primary_loco,CZE,Czech Republic,Eastern Europe,0.19293606527047014,0.22150739376022696,-0.028571328489756825,0.028571328489756825,93,130,554.6138800350556,0
per_capita,M1b,primary_loco,DNK,Denmark,Northern Europe,0.1919403849228464,0.18099407537803458,0.010946309544811822,0.010946309544811822,94,138,523.4292153680008,0
per_capita,M1b,primary_loco,EST,Estonia,Northern Europe,0.25938076329685683,0.20235743054495273,0.057023332751904104,0.057023332751904104,95,142,525.0751955757905,0
per_capita,M1b,primary_loco,FIN,Finland,Northern Europe,0.2349856997144576,0.19798953472677788,0.036996164987679714,0.036996164987679714,96,143,541.07029162924,0
per_capita,M1b,primary_loco,FRA,France,Western Europe,0.1916777527720347,0.17620269026451418,0.01547506250752051,0.01547506250752051,97,135,516.557346163752,0
per_capita,M1b,primary_loco,DEU,Germany,Western Europe,0.19552600658812053,0.17653717119169454,0.018988835396425985,0.018988835396425985,98,129,540.6326509284623,0
per_capita,M1b,primary_loco,GRC,Greece,Southern Europe,0.14163851313814882,0.17220019597531716,-0.03056168283716834,0.03056168283716834,99,135,544.4786407610321,0
per_capita,M1b,primary_loco,HUN,Hungary,Eastern Europe,0.18683465599109378,0.23810101254142113,-0.05126635655032735,0.05126635655032735,100,131,544.4786407610321,0
per_capita,M1b,primary_loco,ISL,Iceland,Northern Europe,0.12736783367802937,0.2138460751133299,-0.08647824143530053,0.08647824143530053,101,150,683.9995161569707,1
per_capita,M1b,primary_loco,IRL,Ireland,Northern Europe,0.1678618971108085,0.1892514190422054,-0.0213895219313969,0.0213895219313969,102,148,575.2113851156029,0
per_capita,M1b,primary_loco,ITA,Italy,Southern Europe,0.1823289325414157,0.16692685164022958,0.01540208090118611,0.01540208090118611,103,127,500.6829492326859,0
per_capita,M1b,primary_loco,LVA,Latvia,Northern Europe,0.2466163184774826,0.19581995433873944,0.050796364138743166,0.050796364138743166,104,140,561.438700953788,0
per_capita,M1b,primary_loco,LTU,Lithuania,Northern Europe,0.22162226701877433,0.19585871756432177,0.025763549454452556,0.025763549454452556,105,140,506.53074534544373,0
per_capita,M1b,primary_loco,MKD,Macedonia,Southern Europe,0.16410994630244113,0.17629617656104238,-0.012186230258601244,0.012186230258601244,106,139,550.1872309204372,0
per_capita,M1b,primary_loco,MDA,Moldova,Eastern Europe,0.15544942684686172,0.19783088485283584,-0.04238145800597412,0.04238145800597412,107,139,568.1431789453329,0
per_capita,M1b,primary_loco,MNE,Montenegro,Southern Europe,0.1643666862725019,0.1728142320255738,-0.008447545753071911,0.008447545753071911,108,137,506.9514190084059,0
per_capita,M1b,primary_loco,NLD,Netherlands,Western Europe,0.18877545734026732,0.1513339788277165,0.037441478512550835,0.037441478512550835,109,138,606.5995382433201,0
per_capita,M1b,primary_loco,NOR,Norway,Northern Europe,0.20191951273050374,0.20751469783763893,-0.005595185107135192,0.005595185107135192,110,143,525.0751955757905,0
per_capita,M1b,primary_loco,POL,Poland,Eastern Europe,0.18403612522932167,0.20906744683249318,-0.025031321603171508,0.025031321603171508,111,129,516.1513126517902,0
per_capita,M1b,primary_loco,PRT,Portugal,Southern Europe,0.1846817946752158,0.16009541922981171,0.024586375445404096,0.024586375445404096,112,147,502.80410892048315,0
per_capita,M1b,primary_loco,ROU,Romania,Eastern Europe,0.1626491375716469,0.2280695905764364,-0.06542045300478949,0.06542045300478949,113,132,500.6829492326859,0
per_capita,M1b,primary_loco,RUS,Russia,Eastern Europe,0.262173281711931,0.22938639728090704,0.032786884431023955,0.032786884431023955,114,124,510.89421444985624,0
per_capita,M1b,primary_loco,SRB,Serbia,Southern Europe,0.1777828851474587,0.20628798948607774,-0.028505104338619025,0.028505104338619025,115,131,620.6316199825837,0
per_capita,M1b,primary_loco,SVK,Slovakia,Eastern Europe,0.17135924127324334,0.2380605405720435,-0.06670129929880017,0.06670129929880017,116,133,506.53074534544373,0
per_capita,M1b,primary_loco,SVN,Slovenia,Southern Europe,0.2104092831778439,0.19980507631399919,0.010604206863844723,0.010604206863844723,117,134,523.0003061461504,0
per_capita,M1b,primary_loco,ESP,Spain,Southern Europe,0.19118695961871326,0.16173699964254545,0.02944995997616781,0.02944995997616781,118,142,632.7715866249459,0
per_capita,M1b,primary_loco,SWE,Sweden,Northern Europe,0.21924683880167534,0.19851427198542346,0.02073256681625188,0.02073256681625188,119,138,629.3631220012767,0
per_capita,M1b,primary_loco,CHE,Switzerland,Western Europe,0.20255138935875544,0.19972556130276314,0.0028258280559922966,0.0028258280559922966,120,137,526.9858117933452,0
per_capita,M1b,primary_loco,UKR,Ukraine,Eastern Europe,0.17767865721146503,0.2170403320772271,-0.03936167486576206,0.03936167486576206,121,130,550.1872309204372,0
per_capita,M1b,primary_loco,GBR,United Kingdom,Northern Europe,0.16309409461298247,0.17404309809897223,-0.010949003485989761,0.010949003485989761,122,143,550.8784160473896,0
per_capita,M1b,primary_loco,BHS,Bahamas,Caribbean,0.13991083211606994,0.13230130185166478,0.007609530264405168,0.007609530264405168,123,145,649.753202684238,0
per_capita,M1b,primary_loco,CAN,Canada,Northern America,0.2521930060529909,0.16514080706042128,0.08705219899256961,0.08705219899256961,124,149,1211.70507087315,0
per_capita,M1b,primary_loco,CRI,Costa Rica,Central America,0.10130466192673268,0.1318278003538229,-0.03052313842709023,0.03052313842709023,125,145,522.0485865536078,0
per_capita,M1b,primary_loco,CUB,Cuba,Caribbean,0.12305617676307766,0.11446669393302673,0.008589482830050926,0.008589482830050926,126,142,626.2791298879949,0
per_capita,M1b,primary_loco,DOM,Dominican Republic,Caribbean,0.15478420047944152,0.09290352921507306,0.06188067126436847,0.06188067126436847,127,146,513.5751905242428,0
per_capita,M1b,primary_loco,SLV,El Salvador,Central America,0.06948090854064985,0.12758562061082868,-0.058104712070178824,0.058104712070178824,128,145,621.3832720483516,0
per_capita,M1b,primary_loco,GTM,Guatemala,Central America,0.0508136158223582,0.10947471560107841,-0.05866109977872021,0.05866109977872021,129,146,522.0485865536078,0
per_capita,M1b,primary_loco,HTI,Haiti,Caribbean,0.14216341234840274,0.08232840922279265,0.05983500312561009,0.05983500312561009,130,145,605.476460412235,0
per_capita,M1b,primary_loco,HND,Honduras,Central America,0.08078933014247122,0.13950835794615643,-0.05871902780368521,0.05871902780368521,131,142,543.6258175805675,0
per_capita,M1b,primary_loco,JAM,Jamaica,Caribbean,0.12861876139008294,0.10344123279238418,0.025177528597698756,0.025177528597698756,132,144,502.6764474773437,0
per_capita,M1b,primary_loco,MEX,Mexico,Central America,0.04065719593311795,0.14001771765147833,-0.09936052171836038,0.09936052171836038,133,144,649.753202684238,0
per_capita,M1b,primary_loco,NIC,Nicaragua,Central America,0.09228609649696132,0.13513427863208707,-0.042848182135125756,0.042848182135125756,134,143,502.6764474773437,0
per_capita,M1b,primary_loco,PAN,Panama,Central America,0.12161241121300685,0.12163630603046337,-2.389481745651567e-05,2.389481745651567e-05,135,146,543.6258175805675,0
per_capita,M1b,primary_loco,USA,United States,Northern America,0.1695001197237513,0.1425122855685935,0.02698783415515782,0.02698783415515782,136,145,693.3867407223388,0
per_capita,M1b,primary_loco,AUS,Australia,Australia and New Zealand,0.16302097420962694,0.09535819269109516,0.06766278151853178,0.06766278151853178,137,148,573.2862742563728,0
per_capita,M1b,primary_loco,NZL,New Zealand,Australia and New Zealand,0.10027093962176431,0.17464765807944888,-0.07437671845768457,0.07437671845768457,138,150,573.2862742563728,0
per_capita,M1b,primary_loco,PNG,Papua New Guinea,Melanesia,0.13861753573076713,0.05188341530390159,0.08673412042686554,0.08673412042686554,139,148,1885.2356988228598,0
per_capita,M1b,primary_loco,ARG,Argentina,South America,0.10866574248962382,0.17380938462873086,-0.06514364213910703,0.06514364213910703,140,145,531.5088271370684,0
per_capita,M1b,primary_loco,BOL,Bolivia,South America,0.10781469285053756,0.11772770422184882,-0.009913011371311259,0.009913011371311259,141,145,726.5460124230909,0
per_capita,M1b,primary_loco,BRA,Brazil,South America,0.16469595530453246,0.05002858912722474,0.11466736617730772,0.11466736617730772,142,141,706.9167400925614,0
per_capita,M1b,primary_loco,CHL,Chile,South America,0.0993071522959073,0.15892181651458118,-0.05961466421867388,0.05961466421867388,143,146,706.9167400925614,0
per_capita,M1b,primary_loco,COL,Colombia,South America,0.13225011394627992,0.11600310073064304,0.016247013215636874,0.016247013215636874,144,139,513.5751905242428,0
per_capita,M1b,primary_loco,ECU,Ecuador,South America,0.12529387656573873,0.08645752439072156,0.03883635217501717,0.03883635217501717,145,147,591.9986379136827,0
per_capita,M1b,primary_loco,PRY,Paraguay,South America,0.12268222549728672,0.16296298652625785,-0.04028076102897113,0.04028076102897113,146,145,807.4705432316664,0
per_capita,M1b,primary_loco,PER,Peru,South America,0.10234701745272959,0.10297602330287621,-0.0006290058501466217,0.0006290058501466217,147,145,531.5088271370684,0
per_capita,M1b,primary_loco,SUR,Suriname,South America,0.14991778270906336,0.12044939416732717,0.029468388541736196,0.029468388541736196,148,148,1011.1920654792765,0
per_capita,M1b,primary_loco,URY,Uruguay,South America,0.1340604374132053,0.1311868492495644,0.0028735881636409166,0.0028735881636409166,149,147,1000.6055544230104,0
per_capita,M1b,primary_loco,VEN,Venezuela,South America,0.14209795456206648,0.11837901038680482,0.023718944175261658,0.023718944175261658,150,146,519.4213053467744,0
per_capita,M1b,m49_subregion_lo,DZA,Algeria,Northern Africa,0.24027005915767902,0.22278293834701932,0.0174871208106597,0.0174871208106597,9,145,0.0,0
per_capita,M1b,m49_subregion_lo,AGO,Angola,Middle Africa,0.2003000150757142,0.1468568118409021,0.05344320323481211,0.05344320323481211,8,143,0.0,0
per_capita,M1b,m49_subregion_lo,BEN,Benin,Western Africa,0.20270211677173233,0.17258399163641608,0.030118125135316254,0.030118125135316254,17,137,645.265464870903,0
per_capita,M1b,m49_subregion_lo,BWA,Botswana,Southern Africa,0.15541865895509172,0.2361203676081752,-0.08070170865308349,0.08070170865308349,14,146,0.0,0
per_capita,M1b,m49_subregion_lo,BFA,Burkina Faso,Western Africa,0.2158731392585228,0.2068261349169976,0.009047004341525194,0.009047004341525194,17,137,544.1912089132867,0
per_capita,M1b,m49_subregion_lo,BDI,Burundi,Eastern Africa,0.20888549627683978,0.17568699232136772,0.03319850395547205,0.03319850395547205,4,137,0.0,0
per_capita,M1b,m49_subregion_lo,CMR,Cameroon,Middle Africa,0.16636200134979467,0.20643321248284188,-0.04007121113304721,0.04007121113304721,8,143,0.0,0
per_capita,M1b,m49_subregion_lo,CAF,Central African Republic,Middle Africa,0.18403786064638777,0.2361068526256905,-0.05206899197930273,0.05206899197930273,8,143,0.0,0
per_capita,M1b,m49_subregion_lo,TCD,Chad,Middle Africa,0.2035091414222523,0.241261481872846,-0.0377523404505937,0.0377523404505937,8,143,0.0,0
per_capita,M1b,m49_subregion_lo,COG,Congo,Middle Africa,0.1704220858831212,0.1775177720073901,-0.007095686124268918,0.007095686124268918,8,143,505.2073478639452,0
per_capita,M1b,m49_subregion_lo,COD,Congo (Democratic Republic Of The),Middle Africa,0.19859794898946587,0.2057168450655027,-0.007118896076036829,0.007118896076036829,8,143,0.0,0
per_capita,M1b,m49_subregion_lo,CIV,Côte D'Ivoire,Western Africa,0.20772847580142792,0.1718577003093957,0.035870775492032214,0.035870775492032214,17,137,1146.2272281719115,0
per_capita,M1b,m49_subregion_lo,DJI,Djibouti,Eastern Africa,0.20035987264449803,0.19726693763422254,0.0030929350102754938,0.0030929350102754938,4,137,0.0,0
per_capita,M1b,m49_subregion_lo,EGY,Egypt,Northern Africa,0.15478518959618381,0.256358938202193,-0.1015737486060092,0.1015737486060092,9,145,0.0,0
per_capita,M1b,m49_subregion_lo,GNQ,Equatorial Guinea,Middle Africa,0.16354706521210607,0.2013165549272134,-0.037769489715107324,0.037769489715107324,8,143,47.96538430627216,0
per_capita,M1b,m49_subregion_lo,ERI,Eritrea,Eastern Africa,0.20315322405399622,0.20768684087003242,-0.004533616816036201,0.004533616816036201,4,137,0.0,0
per_capita,M1b,m49_subregion_lo,ETH,Ethiopia,Eastern Africa,0.2076992707889047,0.20228781371916743,0.00541145706973728,0.00541145706973728,4,137,0.0,0
per_capita,M1b,m49_subregion_lo,GAB,Gabon,Middle Africa,0.16553931693258667,0.20485661605074398,-0.03931729911815732,0.03931729911815732,8,143,393.4955865870661,0
per_capita,M1b,m49_subregion_lo,GHA,Ghana,Western Africa,0.1992545668996173,0.16581046154053986,0.033444105359077436,0.033444105359077436,17,137,798.46338256126,0
per_capita,M1b,m49_subregion_lo,GIN,Guinea,Western Africa,0.22751348300753205,0.17280712276709612,0.05470636024043593,0.05470636024043593,17,137,1379.6206050964508,0
per_capita,M1b,m49_subregion_lo,GNB,Guinea Bissau,Western Africa,0.23319971534367673,0.18257399761435644,0.050625717729320285,0.050625717729320285,17,137,1617.241497205949,0
per_capita,M1b,m49_subregion_lo,KEN,Kenya,Eastern Africa,0.21062387448612835,0.15413480395534532,0.05648907053078303,0.05648907053078303,4,137,330.87777471301035,0
per_capita,M1b,m49_subregion_lo,LSO,Lesotho,Southern Africa,0.16129029981211962,0.1887457690006451,-0.027455469188525483,0.027455469188525483,14,146,383.6883862686943,0
per_capita,M1b,m49_subregion_lo,LBR,Liberia,Western Africa,0.2160061033815747,0.18792590657900304,0.02808019680257165,0.02808019680257165,17,137,1561.4249136946626,0
per_capita,M1b,m49_subregion_lo,LBY,Libya,Northern Africa,0.19059948923507644,0.26071032182495596,-0.07011083258987952,0.07011083258987952,9,145,0.0,0
per_capita,M1b,m49_subregion_lo,MDG,Madagascar,Eastern Africa,0.1813544794012833,0.1755758610946132,0.005778618306670091,0.005778618306670091,4,137,1073.2830729201928,0
per_capita,M1b,m49_subregion_lo,MWI,Malawi,Eastern Africa,0.18854099012577252,0.1781330236843131,0.010407966441459415,0.010407966441459415,4,137,281.6257549875083,0
per_capita,M1b,m49_subregion_lo,MLI,Mali,Western Africa,0.24782669503123966,0.21663776719534583,0.03118892783589383,0.03118892783589383,17,137,0.0,0
per_capita,M1b,m49_subregion_lo,MRT,Mauritania,Western Africa,0.2597916027159455,0.18847002249798292,0.07132158021796256,0.07132158021796256,17,137,0.0,0
per_capita,M1b,m49_subregion_lo,MAR,Morocco,Northern Africa,0.2418455862979349,0.20602258031257778,0.03582300598535712,0.03582300598535712,9,145,0.0,0
per_capita,M1b,m49_subregion_lo,MOZ,Mozambique,Eastern Africa,0.172823801894673,0.17862173897455058,-0.00579793707987758,0.00579793707987758,4,137,0.0,0
per_capita,M1b,m49_subregion_lo,NAM,Namibia,Southern Africa,0.17785319196923344,0.21395828461425204,-0.0361050926450186,0.0361050926450186,14,146,0.0,0
per_capita,M1b,m49_subregion_lo,NER,Niger,Western Africa,0.2385606960588716,0.22076831528391677,0.01779238077495482,0.01779238077495482,17,137,0.0,0
per_capita,M1b,m49_subregion_lo,NGA,Nigeria,Western Africa,0.2030109401107239,0.1781882266020292,0.024822713508694694,0.024822713508694694,17,137,0.0,0
per_capita,M1b,m49_subregion_lo,RWA,Rwanda,Eastern Africa,0.20845952779692498,0.1850911661933372,0.023368361603587767,0.023368361603587767,4,137,0.0,0
per_capita,M1b,m49_subregion_lo,SEN,Senegal,Western Africa,0.24097868636270878,0.17742702956773723,0.06355165679497154,0.06355165679497154,17,137,1179.1517889448926,0
per_capita,M1b,m49_subregion_lo,SLE,Sierra Leone,Western Africa,0.22372060994282955,0.18389884101113946,0.039821768931690094,0.039821768931690094,17,137,1724.517897758064,0
per_capita,M1b,m49_subregion_lo,SOM,Somalia,Eastern Africa,0.19588332023430152,0.19745166316596754,-0.0015683429316660225,0.0015683429316660225,4,137,46.741482352898096,0
per_capita,M1b,m49_subregion_lo,ZAF,South Africa,Southern Africa,0.16028496312204338,0.1960861125296563,-0.03580114940761292,0.03580114940761292,14,146,0.0,0
per_capita,M1b,m49_subregion_lo,SDN,Sudan,Northern Africa,0.20487305719629992,0.25431377176070563,-0.04944071456440571,0.04944071456440571,9,145,0.0,0
per_capita,M1b,m49_subregion_lo,SWZ,Swaziland,Southern Africa,0.15934183499515397,0.2119645733215425,-0.05262273832638853,0.05262273832638853,14,146,0.0,0
per_capita,M1b,m49_subregion_lo,TZA,Tanzania,Eastern Africa,0.20953051997740807,0.15433362967150926,0.055196890305898805,0.055196890305898805,4,137,0.0,0
per_capita,M1b,m49_subregion_lo,TGO,Togo,Western Africa,0.1941324419699687,0.1939793024101998,0.00015313955976889448,0.00015313955976889448,17,137,747.8828031769658,0
per_capita,M1b,m49_subregion_lo,TUN,Tunisia,Northern Africa,0.23748975158588337,0.24655773474847517,-0.009067983162591803,0.009067983162591803,9,145,27.377612411820852,0
per_capita,M1b,m49_subregion_lo,UGA,Uganda,Eastern Africa,0.21147594840550732,0.21625643080096738,-0.004780482395460056,0.004780482395460056,4,137,0.0,0
per_capita,M1b,m49_subregion_lo,ZMB,Zambia,Eastern Africa,0.17691283567770744,0.1774396309515868,-0.0005267952738793602,0.0005267952738793602,4,137,0.0,0
per_capita,M1b,m49_subregion_lo,ZWE,Zimbabwe,Eastern Africa,0.1535502891079796,0.17133865705688156,-0.017788367948901956,0.017788367948901956,4,137,0.0,0
per_capita,M1b,m49_subregion_lo,AFG,Afghanistan,Southern Asia,0.24733117695547363,0.2094119235874542,0.037919253368019434,0.037919253368019434,15,144,0.0,0
per_capita,M1b,m49_subregion_lo,ARM,Armenia,Western Asia,0.18833773750931812,0.17494993557488053,0.013387801934437588,0.013387801934437588,18,136,0.0,0
per_capita,M1b,m49_subregion_lo,AZE,Azerbaijan,Western Asia,0.19504824967387935,0.17679881893986096,0.018249430734018385,0.018249430734018385,18,136,0.0,0
per_capita,M1b,m49_subregion_lo,BGD,Bangladesh,Southern Asia,0.11108862004719486,0.1544523671463237,-0.04336374709912885,0.04336374709912885,15,144,0.0,0
per_capita,M1b,m49_subregion_lo,MMR,Burma,South-eastern Asia,0.10898678984933867,0.16268921053460594,-0.053702420685267274,0.053702420685267274,13,143,0.0,0
per_capita,M1b,m49_subregion_lo,KHM,Cambodia,South-eastern Asia,0.12397652977439673,0.1532777850734193,-0.02930125529902257,0.02930125529902257,13,143,396.321146942888,0
per_capita,M1b,m49_subregion_lo,CHN,China,Eastern Asia,0.18801127254816274,0.17031886247135392,0.01769241007680883,0.01769241007680883,5,146,0.0,0
per_capita,M1b,m49_subregion_lo,GEO,Georgia,Western Asia,0.17014653222140888,0.17922296821391617,-0.009076435992507292,0.009076435992507292,18,136,0.0,0
per_capita,M1b,m49_subregion_lo,IND,India,Southern Asia,0.12279874845556998,0.1759280137768825,-0.05312926532131251,0.05312926532131251,15,144,0.0,0
per_capita,M1b,m49_subregion_lo,IDN,Indonesia,South-eastern Asia,0.1365994643114788,0.08526994034876496,0.05132952396271383,0.05132952396271383,13,143,0.0,0
per_capita,M1b,m49_subregion_lo,IRN,Iran,Southern Asia,0.25326598928356275,0.18227066508363976,0.070995324199923,0.070995324199923,15,144,0.0,0
per_capita,M1b,m49_subregion_lo,IRQ,Iraq,Western Asia,0.1763349119758569,0.1652930516006273,0.011041860375229612,0.011041860375229612,18,136,0.0,0
per_capita,M1b,m49_subregion_lo,ISR,Israel,Western Asia,0.1289730259690734,0.18111516100990016,-0.052142135040826765,0.052142135040826765,18,136,0.0,0
per_capita,M1b,m49_subregion_lo,JPN,Japan,Eastern Asia,0.13484212055215955,0.1346706025469003,0.00017151800525924688,0.00017151800525924688,5,146,0.0,0
per_capita,M1b,m49_subregion_lo,JOR,Jordan,Western Asia,0.1241622692023015,0.13506288250509985,-0.010900613302798345,0.010900613302798345,18,136,0.0,0
per_capita,M1b,m49_subregion_lo,KAZ,Kazakhstan,Central Asia,0.2607179280248597,0.23426212603824811,0.0264558019866116,0.0264558019866116,3,147,0.0,0
per_capita,M1b,m49_subregion_lo,LAO,Laos,South-eastern Asia,0.11990552917453423,0.16492319747219666,-0.04501766829766243,0.04501766829766243,13,143,0.0,0
per_capita,M1b,m49_subregion_lo,LBN,Lebanon,Western Asia,0.13240721718298015,0.15595165108053213,-0.02354443389755198,0.02354443389755198,18,136,187.50531296091114,0
per_capita,M1b,m49_subregion_lo,MYS,Malaysia,South-eastern Asia,0.14354714353630665,0.1424890361647009,0.0010581073716057487,0.0010581073716057487,13,143,598.4793279343521,0
per_capita,M1b,m49_subregion_lo,MNG,Mongolia,Eastern Asia,0.273292065382825,0.23162784862188265,0.04166421676094237,0.04166421676094237,5,146,0.0,0
per_capita,M1b,m49_subregion_lo,NPL,Nepal,Southern Asia,0.12394103933918027,0.1543695993167809,-0.030428559977600633,0.030428559977600633,15,144,0.0,0
per_capita,M1b,m49_subregion_lo,OMN,Oman,Western Asia,0.2034660332775613,0.1569783339716002,0.04648769930596111,0.04648769930596111,18,136,0.0,0
per_capita,M1b,m49_subregion_lo,PAK,Pakistan,Southern Asia,0.1799496198587603,0.19851773176529078,-0.018568111906530488,0.018568111906530488,15,144,0.0,0
per_capita,M1b,m49_subregion_lo,PHL,Philippines,South-eastern Asia,0.16029540562197608,0.13572092916925838,0.02457447645271771,0.02457447645271771,13,143,47.49888607368512,0
per_capita,M1b,m49_subregion_lo,QAT,Qatar,Western Asia,0.2314787860422459,0.1769253872864016,0.05455339875584431,0.05455339875584431,18,136,142.64782200789546,0
per_capita,M1b,m49_subregion_lo,SAU,Saudi Arabia,Western Asia,0.1912885606557455,0.18054971632541725,0.010738844330328262,0.010738844330328262,18,136,0.0,0
per_capita,M1b,m49_subregion_lo,KOR,South Korea,Eastern Asia,0.14512934007189218,0.2065863086269822,-0.06145696855509003,0.06145696855509003,5,146,443.8688022422155,0
per_capita,M1b,m49_subregion_lo,LKA,Sri Lanka,Southern Asia,0.13450142935863102,0.1440455186594273,-0.009544089300796282,0.009544089300796282,15,144,1398.3985671009978,0
per_capita,M1b,m49_subregion_lo,SYR,Syria,Western Asia,0.14323534954112288,0.19817624959091157,-0.05494090004978869,0.05494090004978869,18,136,155.9578549828427,0
per_capita,M1b,m49_subregion_lo,TWN,Taiwan,Eastern Asia,0.13706412122195852,0.15515186018209337,-0.018087738960134853,0.018087738960134853,5,146,47.49888607368512,0
per_capita,M1b,m49_subregion_lo,TJK,Tajikistan,Central Asia,0.233975502099763,0.20600585018346146,0.027969651916301547,0.027969651916301547,3,147,0.0,0
per_capita,M1b,m49_subregion_lo,THA,Thailand,South-eastern Asia,0.11983102194091183,0.15731255159167876,-0.037481529650766926,0.037481529650766926,13,143,101.32323020433631,0
per_capita,M1b,m49_subregion_lo,TUR,Turkey,Western Asia,0.1419623303023036,0.1630959845398143,-0.021133654237510707,0.021133654237510707,18,136,0.0,0
per_capita,M1b,m49_subregion_lo,TKM,Turkmenistan,Central Asia,0.2752870410187589,0.1982235920423496,0.0770634489764093,0.0770634489764093,3,147,0.0,0
per_capita,M1b,m49_subregion_lo,ARE,United Arab Emirates,Western Asia,0.2248308233871666,0.17234724776187588,0.05248357562529071,0.05248357562529071,18,136,17.720187473834866,0
per_capita,M1b,m49_subregion_lo,UZB,Uzbekistan,Central Asia,0.27739224194989204,0.22038698280267113,0.057005259147220905,0.057005259147220905,3,147,0.0,0
per_capita,M1b,m49_subregion_lo,VNM,Vietnam,South-eastern Asia,0.122632583177362,0.15773686405257772,-0.03510428087521572,0.03510428087521572,13,143,0.0,0
per_capita,M1b,m49_subregion_lo,YEM,Yemen,Western Asia,0.20150002766065422,0.15788922289578156,0.04361080476487267,0.04361080476487267,18,136,0.0,0
per_capita,M1b,m49_subregion_lo,ALB,Albania,Southern Europe,0.15748303087977816,0.13678892412670515,0.02069410675307301,0.02069410675307301,16,140,146.54719742165196,0
per_capita,M1b,m49_subregion_lo,AUT,Austria,Western Europe,0.21029967713303166,0.207672480336607,0.0026271967964246468,0.0026271967964246468,19,145,0.0,0
per_capita,M1b,m49_subregion_lo,BLR,Belarus,Eastern Europe,0.21395039394228654,0.22174913734316976,-0.007798743400883212,0.007798743400883212,6,141,0.0,0
per_capita,M1b,m49_subregion_lo,BEL,Belgium,Western Europe,0.1951636806716645,0.1724665046112214,0.02269717606044311,0.02269717606044311,19,145,48.01959221686881,0
per_capita,M1b,m49_subregion_lo,BIH,Bosnia And Herzegovina,Southern Europe,0.18440933101350881,0.16900223872686626,0.015407092286642554,0.015407092286642554,16,140,52.570945457569444,0
per_capita,M1b,m49_subregion_lo,BGR,Bulgaria,Eastern Europe,0.16411393376308978,0.21176853685579566,-0.04765460309270589,0.04765460309270589,6,141,0.0,0
per_capita,M1b,m49_subregion_lo,HRV,Croatia,Southern Europe,0.18952185187085302,0.18525982613672387,0.004262025734129149,0.004262025734129149,16,140,0.0,0
per_capita,M1b,m49_subregion_lo,CYP,Cyprus,Western Asia,0.14075176149640625,0.15056549020727483,-0.00981372871086858,0.00981372871086858,18,136,296.4456632551163,0
per_capita,M1b,m49_subregion_lo,CZE,Czech Republic,Eastern Europe,0.19293606527047014,0.22969052665961948,-0.03675446138914934,0.03675446138914934,6,141,0.0,0
per_capita,M1b,m49_subregion_lo,DNK,Denmark,Northern Europe,0.1919403849228464,0.1871040771270926,0.004836307795753808,0.004836307795753808,11,141,0.0,0
per_capita,M1b,m49_subregion_lo,EST,Estonia,Northern Europe,0.25938076329685683,0.20445678124751934,0.05492398204933749,0.05492398204933749,11,141,0.0,0
per_capita,M1b,m49_subregion_lo,FIN,Finland,Northern Europe,0.2349856997144576,0.20117262494087915,0.03381307477357845,0.03381307477357845,11,141,0.0,0
per_capita,M1b,m49_subregion_lo,FRA,France,Western Europe,0.1916777527720347,0.18302757428754116,0.008650178484493537,0.008650178484493537,19,145,0.0,0
per_capita,M1b,m49_subregion_lo,DEU,Germany,Western Europe,0.19552600658812053,0.17725865715211903,0.0182673494360015,0.0182673494360015,19,145,0.0,0
per_capita,M1b,m49_subregion_lo,GRC,Greece,Southern Europe,0.14163851313814882,0.16290945716266725,-0.02127094402451843,0.02127094402451843,16,140,0.0,0
per_capita,M1b,m49_subregion_lo,HUN,Hungary,Eastern Europe,0.18683465599109378,0.2278025712257588,-0.04096791523466503,0.04096791523466503,6,141,0.0,0
per_capita,M1b,m49_subregion_lo,ISL,Iceland,Northern Europe,0.12736783367802937,0.20545991935340027,-0.0780920856753709,0.0780920856753709,11,141,1589.9818779432417,1
per_capita,M1b,m49_subregion_lo,IRL,Ireland,Northern Europe,0.1678618971108085,0.18337842178709662,-0.015516524676288113,0.015516524676288113,11,141,355.59940543108286,0
per_capita,M1b,m49_subregion_lo,ITA,Italy,Southern Europe,0.1823289325414157,0.16876617534173496,0.013562757199680725,0.013562757199680725,16,140,0.0,0
per_capita,M1b,m49_subregion_lo,LVA,Latvia,Northern Europe,0.2466163184774826,0.19731810699218783,0.049298211485294785,0.049298211485294785,11,141,0.0,0
per_capita,M1b,m49_subregion_lo,LTU,Lithuania,Northern Europe,0.22162226701877433,0.1974080206904558,0.024214246328318534,0.024214246328318534,11,141,0.0,0
per_capita,M1b,m49_subregion_lo,MKD,Macedonia,Southern Europe,0.16410994630244113,0.16935516838644865,-0.005245222084007517,0.005245222084007517,16,140,0.0,0
per_capita,M1b,m49_subregion_lo,MDA,Moldova,Eastern Europe,0.15544942684686172,0.1977105263304405,-0.042261099483578785,0.042261099483578785,6,141,377.573885779381,0
per_capita,M1b,m49_subregion_lo,MNE,Montenegro,Southern Europe,0.1643666862725019,0.16442631608225527,-5.962980975338095e-05,5.962980975338095e-05,16,140,164.7591758408845,0
per_capita,M1b,m49_subregion_lo,NLD,Netherlands,Western Europe,0.18877545734026732,0.1487022762773579,0.04007318106290941,0.04007318106290941,19,145,93.07940203152015,0
per_capita,M1b,m49_subregion_lo,NOR,Norway,Northern Europe,0.20191951273050374,0.20176951397122017,0.00014999875928356499,0.00014999875928356499,11,141,0.0,0
per_capita,M1b,m49_subregion_lo,POL,Poland,Eastern Europe,0.18403612522932167,0.22212807029328968,-0.038091945063968013,0.038091945063968013,6,141,0.0,0
per_capita,M1b,m49_subregion_lo,PRT,Portugal,Southern Europe,0.1846817946752158,0.1595917641741428,0.025090030501073002,0.025090030501073002,16,140,169.82990545758315,0
per_capita,M1b,m49_subregion_lo,ROU,Romania,Eastern Europe,0.1626491375716469,0.21902532646494477,-0.056376188893297874,0.056376188893297874,6,141,0.0,0
per_capita,M1b,m49_subregion_lo,RUS,Russia,Eastern Europe,0.262173281711931,0.2551299378570628,0.0070433438548682115,0.0070433438548682115,6,141,0.0,0
per_capita,M1b,m49_subregion_lo,SRB,Serbia,Southern Europe,0.1777828851474587,0.17851868598135603,-0.000735800833897321,0.000735800833897321,16,140,0.0,0
per_capita,M1b,m49_subregion_lo,SVK,Slovakia,Eastern Europe,0.17135924127324334,0.2317845283494463,-0.060425287076202955,0.060425287076202955,6,141,0.0,0
per_capita,M1b,m49_subregion_lo,SVN,Slovenia,Southern Europe,0.2104092831778439,0.18812626890259793,0.022283014275245983,0.022283014275245983,16,140,0.0,0
per_capita,M1b,m49_subregion_lo,ESP,Spain,Southern Europe,0.19118695961871326,0.1647095650366967,0.02647739458201656,0.02647739458201656,16,140,0.0,0
per_capita,M1b,m49_subregion_lo,SWE,Sweden,Northern Europe,0.21924683880167534,0.20159566059223832,0.017651178209437013,0.017651178209437013,11,141,44.002261334303164,0
per_capita,M1b,m49_subregion_lo,CHE,Switzerland,Western Europe,0.20255138935875544,0.19707046645729048,0.005480922901464957,0.005480922901464957,19,145,0.0,0
per_capita,M1b,m49_subregion_lo,UKR,Ukraine,Eastern Europe,0.17767865721146503,0.21356549978602113,-0.0358868425745561,0.0358868425745561,6,141,210.46379406422923,0
per_capita,M1b,m49_subregion_lo,GBR,United Kingdom,Northern Europe,0.16309409461298247,0.17945447631189707,-0.0163603816989146,0.0163603816989146,11,141,0.0,0
per_capita,M1b,m49_subregion_lo,BHS,Bahamas,Caribbean,0.13991083211606994,0.13487835387802713,0.005032478238042815,0.005032478238042815,1,146,35.612277102212325,0
per_capita,M1b,m49_subregion_lo,CAN,Canada,Northern America,0.2521930060529909,0.16514080706042122,0.08705219899256966,0.08705219899256966,10,149,1211.70507087315,0
per_capita,M1b,m49_subregion_lo,CRI,Costa Rica,Central America,0.10130466192673268,0.14940088075832317,-0.04809621883159049,0.04809621883159049,2,144,193.59417685391827,0
per_capita,M1b,m49_subregion_lo,CUB,Cuba,Caribbean,0.12305617676307766,0.10590895237125793,0.017147224391819732,0.017147224391819732,1,146,98.95527921179004,0
per_capita,M1b,m49_subregion_lo,DOM,Dominican Republic,Caribbean,0.15478420047944152,0.09290352921507306,0.06188067126436847,0.06188067126436847,1,146,513.5751905242428,0
per_capita,M1b,m49_subregion_lo,SLV,El Salvador,Central America,0.06948090854064985,0.13120864788499564,-0.06172773934434579,0.06172773934434579,2,144,621.3832720483516,0
per_capita,M1b,m49_subregion_lo,GTM,Guatemala,Central America,0.0508136158223582,0.11992553997501071,-0.0691119241526525,0.0691119241526525,2,144,626.2791298879949,0
per_capita,M1b,m49_subregion_lo,HTI,Haiti,Caribbean,0.14216341234840274,0.08239677363976039,0.05976663870864235,0.05976663870864235,1,146,490.4919672263974,0
per_capita,M1b,m49_subregion_lo,HND,Honduras,Central America,0.08078933014247122,0.13729901368189956,-0.05650968353942834,0.05650968353942834,2,144,192.38768070383242,0
per_capita,M1b,m49_subregion_lo,JAM,Jamaica,Caribbean,0.12861876139008294,0.10151421046992314,0.0271045509201598,0.0271045509201598,1,146,120.33885814662418,0
per_capita,M1b,m49_subregion_lo,MEX,Mexico,Central America,0.04065719593311795,0.1428025072871347,-0.10214531135401675,0.10214531135401675,2,144,0.0,0
per_capita,M1b,m49_subregion_lo,NIC,Nicaragua,Central America,0.09228609649696132,0.1350929524676312,-0.04280685597066988,0.04280685597066988,2,144,37.88696813837574,0
per_capita,M1b,m49_subregion_lo,PAN,Panama,Central America,0.12161241121300685,0.14667248194336632,-0.02506007073035947,0.02506007073035947,2,144,0.0,0
per_capita,M1b,m49_subregion_lo,USA,United States,Northern America,0.1695001197237513,0.13560057916043425,0.033899540563317065,0.033899540563317065,10,149,0.0,0
per_capita,M1b,m49_subregion_lo,AUS,Australia,Australia and New Zealand,0.16302097420962694,0.18034713392176754,-0.017326159712140604,0.017326159712140604,0,149,0.0,0
per_capita,M1b,m49_subregion_lo,NZL,New Zealand,Australia and New Zealand,0.10027093962176431,0.18359340920996597,-0.08332246958820166,0.08332246958820166,0,149,3028.4573411256465,0
per_capita,M1b,m49_subregion_lo,PNG,Papua New Guinea,Melanesia,0.13861753573076713,0.08823260234435118,0.05038493338641595,0.05038493338641595,7,150,0.0,0
per_capita,M1b,m49_subregion_lo,ARG,Argentina,South America,0.10866574248962382,0.17644666982494997,-0.06778092733532615,0.06778092733532615,12,140,3397.4896270910986,1
per_capita,M1b,m49_subregion_lo,BOL,Bolivia,South America,0.10781469285053756,0.11538058919583127,-0.007565896345293713,0.007565896345293713,12,140,2200.8105949533247,1
per_capita,M1b,m49_subregion_lo,BRA,Brazil,South America,0.16469595530453246,0.09608454261962443,0.06861141268490803,0.06861141268490803,12,140,1061.9237511361416,1
per_capita,M1b,m49_subregion_lo,CHL,Chile,South America,0.0993071522959073,0.14536310578830663,-0.04605595349239934,0.04605595349239934,12,140,2845.0947281128892,1
per_capita,M1b,m49_subregion_lo,COL,Colombia,South America,0.13225011394627992,0.13741396750088508,-0.005163853554605163,0.005163853554605163,12,140,0.0,1
per_capita,M1b,m49_subregion_lo,ECU,Ecuador,South America,0.12529387656573873,0.10870747960364388,0.01658639696209485,0.01658639696209485,12,140,591.9986379136827,1
per_capita,M1b,m49_subregion_lo,PRY,Paraguay,South America,0.12268222549728672,0.16193034182427052,-0.0392481163269838,0.0392481163269838,12,140,3394.488550822316,1
per_capita,M1b,m49_subregion_lo,PER,Peru,South America,0.10234701745272959,0.12840875815086994,-0.02606174069814035,0.02606174069814035,12,140,834.377891852899,1
per_capita,M1b,m49_subregion_lo,SUR,Suriname,South America,0.14991778270906336,0.1381536826615711,0.01176410004749226,0.01176410004749226,12,140,1795.5881978455616,1
per_capita,M1b,m49_subregion_lo,URY,Uruguay,South America,0.1340604374132053,0.14572928820473421,-0.011668850791528906,0.011668850791528906,12,140,4557.616240251617,1
per_capita,M1b,m49_subregion_lo,VEN,Venezuela,South America,0.14209795456206648,0.14124528853002213,0.0008526660320443413,0.0008526660320443413,12,140,440.7739871505644,1
per_capita,M1b,random10,DZA,Algeria,Northern Africa,0.24027005915767902,0.20081203082227833,0.039458028335400686,0.039458028335400686,2,136,0.0,0
per_capita,M1b,random10,AGO,Angola,Middle Africa,0.2003000150757142,0.14258857998252608,0.05771143509318813,0.05771143509318813,7,136,0.0,0
per_capita,M1b,random10,BEN,Benin,Western Africa,0.20270211677173233,0.1933726863224231,0.009329430449309228,0.009329430449309228,3,136,0.0,0
per_capita,M1b,random10,BWA,Botswana,Southern Africa,0.15541865895509172,0.22596251101276296,-0.07054385205767125,0.07054385205767125,8,136,0.0,0
per_capita,M1b,random10,BFA,Burkina Faso,Western Africa,0.2158731392585228,0.21881207125331428,-0.002938931994791477,0.002938931994791477,9,136,0.0,0
per_capita,M1b,random10,BDI,Burundi,Eastern Africa,0.20888549627683978,0.18742300173117607,0.021462494545663707,0.021462494545663707,8,136,0.0,0
per_capita,M1b,random10,CMR,Cameroon,Middle Africa,0.16636200134979467,0.20035033288141435,-0.033988331531619675,0.033988331531619675,0,135,0.0,0
per_capita,M1b,random10,CAF,Central African Republic,Middle Africa,0.18403786064638777,0.2246422395694597,-0.04060437892307192,0.04060437892307192,3,136,0.0,0
per_capita,M1b,random10,TCD,Chad,Middle Africa,0.2035091414222523,0.23952622388451533,-0.03601708246226304,0.03601708246226304,7,136,0.0,0
per_capita,M1b,random10,COG,Congo,Middle Africa,0.1704220858831212,0.16549389953289728,0.0049281863502239065,0.0049281863502239065,4,136,0.0,0
per_capita,M1b,random10,COD,Congo (Democratic Republic Of The),Middle Africa,0.19859794898946587,0.19966433139145434,-0.001066382401988475,0.001066382401988475,4,136,0.0,0
per_capita,M1b,random10,CIV,Côte D'Ivoire,Western Africa,0.20772847580142792,0.1924031498531085,0.015325325948319424,0.015325325948319424,3,136,0.0,0
per_capita,M1b,random10,DJI,Djibouti,Eastern Africa,0.20035987264449803,0.20037446396084374,-1.4591316345707872e-05,1.4591316345707872e-05,9,136,0.0,0
per_capita,M1b,random10,EGY,Egypt,Northern Africa,0.15478518959618381,0.2519359193079607,-0.0971507297117769,0.0971507297117769,1,136,0.0,0
per_capita,M1b,random10,GNQ,Equatorial Guinea,Middle Africa,0.16354706521210607,0.19125654450415613,-0.02770947929205006,0.02770947929205006,2,136,0.0,0
per_capita,M1b,random10,ERI,Eritrea,Eastern Africa,0.20315322405399622,0.19582366742426394,0.007329556629732281,0.007329556629732281,5,136,0.0,0
per_capita,M1b,random10,ETH,Ethiopia,Eastern Africa,0.2076992707889047,0.20415764230840278,0.003541628480501935,0.003541628480501935,5,136,0.0,0
per_capita,M1b,random10,GAB,Gabon,Middle Africa,0.16553931693258667,0.1964144515399694,-0.030875134607382726,0.030875134607382726,5,136,0.0,0
per_capita,M1b,random10,GHA,Ghana,Western Africa,0.1992545668996173,0.18511791631602223,0.014136650583595062,0.014136650583595062,6,136,0.0,0
per_capita,M1b,random10,GIN,Guinea,Western Africa,0.22751348300753205,0.18240689598630744,0.04510658702122461,0.04510658702122461,7,136,0.0,0
per_capita,M1b,random10,GNB,Guinea Bissau,Western Africa,0.23319971534367673,0.1902296247298532,0.042970090613823536,0.042970090613823536,1,136,0.0,0
per_capita,M1b,random10,KEN,Kenya,Eastern Africa,0.21062387448612835,0.16020691200689893,0.050416962479229416,0.050416962479229416,4,136,0.0,0
per_capita,M1b,random10,LSO,Lesotho,Southern Africa,0.16129029981211962,0.17935751127976685,-0.018067211467647226,0.018067211467647226,9,136,0.0,0
per_capita,M1b,random10,LBR,Liberia,Western Africa,0.2160061033815747,0.20316774797336795,0.012838355408206742,0.012838355408206742,4,136,0.0,0
per_capita,M1b,random10,LBY,Libya,Northern Africa,0.19059948923507644,0.2523586294462022,-0.061759140211125746,0.061759140211125746,8,136,0.0,0
per_capita,M1b,random10,MDG,Madagascar,Eastern Africa,0.1813544794012833,0.18044097290035016,0.0009135065009331367,0.0009135065009331367,3,136,310.44843452070535,0
per_capita,M1b,random10,MWI,Malawi,Eastern Africa,0.18854099012577252,0.19048286912649506,-0.0019418790007225406,0.0019418790007225406,3,136,0.0,0
per_capita,M1b,random10,MLI,Mali,Western Africa,0.24782669503123966,0.22288517157496973,0.02494152345626993,0.02494152345626993,0,135,0.0,0
per_capita,M1b,random10,MRT,Mauritania,Western Africa,0.2597916027159455,0.2018791758190706,0.05791242689687487,0.05791242689687487,5,136,0.0,0
per_capita,M1b,random10,MAR,Morocco,Northern Africa,0.2418455862979349,0.20122107762459207,0.04062450867334283,0.04062450867334283,5,136,0.0,0
per_capita,M1b,random10,MOZ,Mozambique,Eastern Africa,0.172823801894673,0.18462406993029018,-0.011800268035617179,0.011800268035617179,2,136,0.0,0
per_capita,M1b,random10,NAM,Namibia,Southern Africa,0.17785319196923344,0.20294714934738436,-0.025093957378150927,0.025093957378150927,8,136,0.0,0
per_capita,M1b,random10,NER,Niger,Western Africa,0.2385606960588716,0.2323156913281,0.006245004730771581,0.006245004730771581,2,136,0.0,0
per_capita,M1b,random10,NGA,Nigeria,Western Africa,0.2030109401107239,0.1970723177766233,0.005938622334100613,0.005938622334100613,8,136,0.0,0
per_capita,M1b,random10,RWA,Rwanda,Eastern Africa,0.20845952779692498,0.19160327001360658,0.016856257783318396,0.016856257783318396,1,136,0.0,0
per_capita,M1b,random10,SEN,Senegal,Western Africa,0.24097868636270878,0.1893431385956441,0.051635547767064666,0.051635547767064666,7,136,0.0,0
per_capita,M1b,random10,SLE,Sierra Leone,Western Africa,0.22372060994282955,0.19983720974929473,0.023883400193534826,0.023883400193534826,2,136,0.0,0
per_capita,M1b,random10,SOM,Somalia,Eastern Africa,0.19588332023430152,0.1933684896319882,0.0025148306023133338,0.0025148306023133338,2,136,0.0,0
per_capita,M1b,random10,ZAF,South Africa,Southern Africa,0.16028496312204338,0.19311181787841736,-0.03282685475637398,0.03282685475637398,1,136,0.0,0
per_capita,M1b,random10,SDN,Sudan,Northern Africa,0.20487305719629992,0.24903298723054362,-0.044159930034243705,0.044159930034243705,7,136,0.0,0
per_capita,M1b,random10,SWZ,Swaziland,Southern Africa,0.15934183499515397,0.20020606400020846,-0.040864229005054487,0.040864229005054487,0,135,0.0,0
per_capita,M1b,random10,TZA,Tanzania,Eastern Africa,0.20953051997740807,0.15847655280721265,0.05105396717019542,0.05105396717019542,4,136,0.0,0
per_capita,M1b,random10,TGO,Togo,Western Africa,0.1941324419699687,0.20660189595035064,-0.012469453980381934,0.012469453980381934,2,136,0.0,0
per_capita,M1b,random10,TUN,Tunisia,Northern Africa,0.23748975158588337,0.23626866743999536,0.0012210841458880073,0.0012210841458880073,3,136,0.0,0
per_capita,M1b,random10,UGA,Uganda,Eastern Africa,0.21147594840550732,0.22085461331898357,-0.009378664913476248,0.009378664913476248,9,136,0.0,0
per_capita,M1b,random10,ZMB,Zambia,Eastern Africa,0.17691283567770744,0.17783976986468056,-0.0009269341869731218,0.0009269341869731218,3,136,0.0,0
per_capita,M1b,random10,ZWE,Zimbabwe,Eastern Africa,0.1535502891079796,0.18292237192857055,-0.02937208282059095,0.02937208282059095,1,136,0.0,0
per_capita,M1b,random10,AFG,Afghanistan,Southern Asia,0.24733117695547363,0.20770278836053838,0.039628388594935254,0.039628388594935254,8,136,0.0,0
per_capita,M1b,random10,ARM,Armenia,Western Asia,0.18833773750931812,0.17657729877836645,0.011760438730951672,0.011760438730951672,6,136,0.0,0
per_capita,M1b,random10,AZE,Azerbaijan,Western Asia,0.19504824967387935,0.17956677051150716,0.015481479162372191,0.015481479162372191,1,136,0.0,0
per_capita,M1b,random10,BGD,Bangladesh,Southern Asia,0.11108862004719486,0.15521800364474497,-0.044129383597550115,0.044129383597550115,0,135,0.0,0
per_capita,M1b,random10,MMR,Burma,South-eastern Asia,0.10898678984933867,0.15781526386387162,-0.048828474014532955,0.048828474014532955,9,136,0.0,0
per_capita,M1b,random10,KHM,Cambodia,South-eastern Asia,0.12397652977439673,0.1375930219361295,-0.01361649216173276,0.01361649216173276,4,136,0.0,0
per_capita,M1b,random10,CHN,China,Eastern Asia,0.18801127254816274,0.16974554338766376,0.018265729160498984,0.018265729160498984,0,135,0.0,0
per_capita,M1b,random10,GEO,Georgia,Western Asia,0.17014653222140888,0.1807132761611915,-0.01056674393978263,0.01056674393978263,7,136,0.0,0
per_capita,M1b,random10,IND,India,Southern Asia,0.12279874845556998,0.1734063272540036,-0.05060757879843361,0.05060757879843361,0,135,0.0,0
per_capita,M1b,random10,IDN,Indonesia,South-eastern Asia,0.1365994643114788,0.08299576483040184,0.05360369948107695,0.05360369948107695,5,136,0.0,0
per_capita,M1b,random10,IRN,Iran,Southern Asia,0.25326598928356275,0.1718325532460635,0.08143343603749925,0.08143343603749925,5,136,0.0,0
per_capita,M1b,random10,IRQ,Iraq,Western Asia,0.1763349119758569,0.16454168566027993,0.011793226315576971,0.011793226315576971,3,136,0.0,0
per_capita,M1b,random10,ISR,Israel,Western Asia,0.1289730259690734,0.19351219849652274,-0.06453917252744934,0.06453917252744934,3,136,0.0,0
per_capita,M1b,random10,JPN,Japan,Eastern Asia,0.13484212055215955,0.13706438269988758,-0.002222262147728027,0.002222262147728027,8,136,0.0,0
per_capita,M1b,random10,JOR,Jordan,Western Asia,0.1241622692023015,0.13959379959809382,-0.015431530395792314,0.015431530395792314,8,136,0.0,0
per_capita,M1b,random10,KAZ,Kazakhstan,Central Asia,0.2607179280248597,0.26382896827437086,-0.0031110402495111433,0.0031110402495111433,4,136,0.0,0
per_capita,M1b,random10,LAO,Laos,South-eastern Asia,0.11990552917453423,0.15918335889197888,-0.039277829717444646,0.039277829717444646,9,136,0.0,0
per_capita,M1b,random10,LBN,Lebanon,Western Asia,0.13240721718298015,0.15132083942491278,-0.01891362224193263,0.01891362224193263,2,136,0.0,0
per_capita,M1b,random10,MYS,Malaysia,South-eastern Asia,0.14354714353630665,0.14619696231624177,-0.0026498187799351147,0.0026498187799351147,2,136,0.0,0
per_capita,M1b,random10,MNG,Mongolia,Eastern Asia,0.273292065382825,0.23917041928310015,0.03412164609972487,0.03412164609972487,9,136,0.0,0
per_capita,M1b,random10,NPL,Nepal,Southern Asia,0.12394103933918027,0.1520164654126323,-0.028075426073452037,0.028075426073452037,6,136,0.0,0
per_capita,M1b,random10,OMN,Oman,Western Asia,0.2034660332775613,0.17442096810567279,0.029045065171888512,0.029045065171888512,1,136,0.0,0
per_capita,M1b,random10,PAK,Pakistan,Southern Asia,0.1799496198587603,0.19278548083479446,-0.012835860976034175,0.012835860976034175,8,136,0.0,0
per_capita,M1b,random10,PHL,Philippines,South-eastern Asia,0.16029540562197608,0.1379864568578103,0.02230894876416578,0.02230894876416578,0,135,0.0,0
per_capita,M1b,random10,QAT,Qatar,Western Asia,0.2314787860422459,0.19742837515245668,0.03405041088978922,0.03405041088978922,3,136,0.0,0
per_capita,M1b,random10,SAU,Saudi Arabia,Western Asia,0.1912885606557455,0.1957607382679753,-0.0044721776122297885,0.0044721776122297885,4,136,0.0,0
per_capita,M1b,random10,KOR,South Korea,Eastern Asia,0.14512934007189218,0.20236987582695018,-0.057240535755058,0.057240535755058,5,136,14.037594788085142,0
per_capita,M1b,random10,LKA,Sri Lanka,Southern Asia,0.13450142935863102,0.13509956961726205,-0.0005981402586310303,0.0005981402586310303,5,136,0.0,0
per_capita,M1b,random10,SYR,Syria,Western Asia,0.14323534954112288,0.21116250146161114,-0.06792715192048826,0.06792715192048826,7,136,0.0,0
per_capita,M1b,random10,TWN,Taiwan,Eastern Asia,0.13706412122195852,0.14789715962853792,-0.010833038406579398,0.010833038406579398,8,136,0.0,0
per_capita,M1b,random10,TJK,Tajikistan,Central Asia,0.233975502099763,0.22199796158712481,0.01197754051263819,0.01197754051263819,3,136,0.0,0
per_capita,M1b,random10,THA,Thailand,South-eastern Asia,0.11983102194091183,0.1551263794188412,-0.03529535747792936,0.03529535747792936,4,136,0.0,0
per_capita,M1b,random10,TUR,Turkey,Western Asia,0.1419623303023036,0.1606315129275819,-0.018669182625278308,0.018669182625278308,0,135,0.0,0
per_capita,M1b,random10,TKM,Turkmenistan,Central Asia,0.2752870410187589,0.2015447946144523,0.0737422464043066,0.0737422464043066,5,136,0.0,0
per_capita,M1b,random10,ARE,United Arab Emirates,Western Asia,0.2248308233871666,0.18397406635536379,0.040856757031802804,0.040856757031802804,4,136,0.0,0
per_capita,M1b,random10,UZB,Uzbekistan,Central Asia,0.27739224194989204,0.24594589449908372,0.03144634745080832,0.03144634745080832,0,135,0.0,0
per_capita,M1b,random10,VNM,Vietnam,South-eastern Asia,0.122632583177362,0.14945495789614538,-0.026822374718783376,0.026822374718783376,6,136,0.0,0
per_capita,M1b,random10,YEM,Yemen,Western Asia,0.20150002766065422,0.15140472514577977,0.05009530251487446,0.05009530251487446,5,136,0.0,0
per_capita,M1b,random10,ALB,Albania,Southern Europe,0.15748303087977816,0.1388142261542263,0.018668804725551852,0.018668804725551852,7,136,0.0,0
per_capita,M1b,random10,AUT,Austria,Western Europe,0.21029967713303166,0.20671417528077585,0.0035855018522558124,0.0035855018522558124,1,136,0.0,0
per_capita,M1b,random10,BLR,Belarus,Eastern Europe,0.21395039394228654,0.20806974757308383,0.005880646369202713,0.005880646369202713,8,136,0.0,0
per_capita,M1b,random10,BEL,Belgium,Western Europe,0.1951636806716645,0.17953354898762497,0.01563013168403954,0.01563013168403954,8,136,0.0,0
per_capita,M1b,random10,BIH,Bosnia And Herzegovina,Southern Europe,0.18440933101350881,0.17456784861391017,0.009841482399598644,0.009841482399598644,2,136,0.0,0
per_capita,M1b,random10,BGR,Bulgaria,Eastern Europe,0.16411393376308978,0.1960999484826217,-0.03198601471953191,0.03198601471953191,8,136,0.0,0
per_capita,M1b,random10,HRV,Croatia,Southern Europe,0.18952185187085302,0.1872709767375292,0.0022508751333238097,0.0022508751333238097,6,136,0.0,0
per_capita,M1b,random10,CYP,Cyprus,Western Asia,0.14075176149640625,0.16037970422400252,-0.01962794272759627,0.01962794272759627,7,136,20.406016449724408,0
per_capita,M1b,random10,CZE,Czech Republic,Eastern Europe,0.19293606527047014,0.21912082774259636,-0.026184762472126227,0.026184762472126227,5,136,0.0,0
per_capita,M1b,random10,DNK,Denmark,Northern Europe,0.1919403849228464,0.1874590815745804,0.004481303348265991,0.004481303348265991,0,135,0.0,0
per_capita,M1b,random10,EST,Estonia,Northern Europe,0.25938076329685683,0.20864646859311664,0.05073429470374019,0.05073429470374019,4,136,0.0,0
per_capita,M1b,random10,FIN,Finland,Northern Europe,0.2349856997144576,0.20965685575193335,0.025328843962524245,0.025328843962524245,6,136,0.0,0
per_capita,M1b,random10,FRA,France,Western Europe,0.1916777527720347,0.18836584597605627,0.0033119067959784254,0.0033119067959784254,7,136,0.0,0
per_capita,M1b,random10,DEU,Germany,Western Europe,0.19552600658812053,0.1890683877303631,0.006457618857757419,0.006457618857757419,1,136,0.0,0
per_capita,M1b,random10,GRC,Greece,Southern Europe,0.14163851313814882,0.17086178805991753,-0.02922327492176871,0.02922327492176871,6,136,0.0,0
per_capita,M1b,random10,HUN,Hungary,Eastern Europe,0.18683465599109378,0.20803979591210808,-0.021205139921014304,0.021205139921014304,4,136,0.0,0
per_capita,M1b,random10,ISL,Iceland,Northern Europe,0.12736783367802937,0.2168280910442388,-0.08946025736620944,0.08946025736620944,6,136,683.9995161569707,1
per_capita,M1b,random10,IRL,Ireland,Northern Europe,0.1678618971108085,0.1876312459310149,-0.019769348820206395,0.019769348820206395,7,136,0.0,0
per_capita,M1b,random10,ITA,Italy,Southern Europe,0.1823289325414157,0.16878679029042443,0.013542142250991263,0.013542142250991263,0,135,0.0,0
per_capita,M1b,random10,LVA,Latvia,Northern Europe,0.2466163184774826,0.2051709232692918,0.04144539520819082,0.04144539520819082,0,135,0.0,0
per_capita,M1b,random10,LTU,Lithuania,Northern Europe,0.22162226701877433,0.20484402348842876,0.01677824353034557,0.01677824353034557,0,135,0.0,0
per_capita,M1b,random10,MKD,Macedonia,Southern Europe,0.16410994630244113,0.17544974797068993,-0.0113398016682488,0.0113398016682488,2,136,0.0,0
per_capita,M1b,random10,MDA,Moldova,Eastern Europe,0.15544942684686172,0.18153634212464947,-0.026086915277787753,0.026086915277787753,5,136,0.0,0
per_capita,M1b,random10,MNE,Montenegro,Southern Europe,0.1643666862725019,0.16770255226802444,-0.0033358659955225467,0.0033358659955225467,6,136,0.0,0
per_capita,M1b,random10,NLD,Netherlands,Western Europe,0.18877545734026732,0.15444911058504962,0.0343263467552177,0.0343263467552177,3,136,0.0,0
per_capita,M1b,random10,NOR,Norway,Northern Europe,0.20191951273050374,0.21043896286406114,-0.008519450133557399,0.008519450133557399,6,136,0.0,0
per_capita,M1b,random10,POL,Poland,Eastern Europe,0.18403612522932167,0.21117618205859642,-0.027140056829274756,0.027140056829274756,1,136,0.0,0
per_capita,M1b,random10,PRT,Portugal,Southern Europe,0.1846817946752158,0.16016426519871063,0.02451752947650518,0.02451752947650518,1,136,0.0,0
per_capita,M1b,random10,ROU,Romania,Eastern Europe,0.1626491375716469,0.20220080445958136,-0.03955166688793446,0.03955166688793446,2,136,0.0,0
per_capita,M1b,random10,RUS,Russia,Eastern Europe,0.262173281711931,0.23406786322570466,0.02810541848622633,0.02810541848622633,9,136,0.0,0
per_capita,M1b,random10,SRB,Serbia,Southern Europe,0.1777828851474587,0.17866573630601668,-0.0008828511585579624,0.0008828511585579624,9,136,0.0,0
per_capita,M1b,random10,SVK,Slovakia,Eastern Europe,0.17135924127324334,0.21937772271452355,-0.04801848144128021,0.04801848144128021,7,136,0.0,0
per_capita,M1b,random10,SVN,Slovenia,Southern Europe,0.2104092831778439,0.18520863109573643,0.025200652082107478,0.025200652082107478,1,136,0.0,0
per_capita,M1b,random10,ESP,Spain,Southern Europe,0.19118695961871326,0.16407504803432688,0.02711191158438639,0.02711191158438639,0,135,0.0,0
per_capita,M1b,random10,SWE,Sweden,Northern Europe,0.21924683880167534,0.20924009482970393,0.010006743971971405,0.010006743971971405,6,136,0.0,0
per_capita,M1b,random10,CHE,Switzerland,Western Europe,0.20255138935875544,0.19804020021885915,0.004511189139896288,0.004511189139896288,6,136,0.0,0
per_capita,M1b,random10,UKR,Ukraine,Eastern Europe,0.17767865721146503,0.20744912199077137,-0.029770464779306338,0.029770464779306338,1,136,0.0,0
per_capita,M1b,random10,GBR,United Kingdom,Northern Europe,0.16309409461298247,0.1830780358490975,-0.01998394123611502,0.01998394123611502,2,136,0.0,0
per_capita,M1b,random10,BHS,Bahamas,Caribbean,0.13991083211606994,0.13888461657829257,0.0010262155377773752,0.0010262155377773752,9,136,0.0,0
per_capita,M1b,random10,CAN,Canada,Northern America,0.2521930060529909,0.17308117623556807,0.07911182981742282,0.07911182981742282,2,136,0.0,0
per_capita,M1b,random10,CRI,Costa Rica,Central America,0.10130466192673268,0.11734837763771667,-0.016043715710983994,0.016043715710983994,2,136,0.0,0
per_capita,M1b,random10,CUB,Cuba,Caribbean,0.12305617676307766,0.12269426504557257,0.00036191171750508955,0.00036191171750508955,6,136,0.0,0
per_capita,M1b,random10,DOM,Dominican Republic,Caribbean,0.15478420047944152,0.09981494753883048,0.054969252940611044,0.054969252940611044,9,136,0.0,0
per_capita,M1b,random10,SLV,El Salvador,Central America,0.06948090854064985,0.10131027653338553,-0.03182936799273568,0.03182936799273568,6,136,0.0,0
per_capita,M1b,random10,GTM,Guatemala,Central America,0.0508136158223582,0.07892152779929763,-0.02810791197693943,0.02810791197693943,8,136,0.0,0
per_capita,M1b,random10,HTI,Haiti,Caribbean,0.14216341234840274,0.09531146231134932,0.04685195003705342,0.04685195003705342,4,136,0.0,0
per_capita,M1b,random10,HND,Honduras,Central America,0.08078933014247122,0.11131620620436783,-0.030526876061896607,0.030526876061896607,3,136,0.0,0
per_capita,M1b,random10,JAM,Jamaica,Caribbean,0.12861876139008294,0.10613097968454052,0.022487781705542415,0.022487781705542415,9,136,98.87635686786973,0
per_capita,M1b,random10,MEX,Mexico,Central America,0.04065719593311795,0.1138387618289568,-0.07318156589583885,0.07318156589583885,4,136,0.0,0
per_capita,M1b,random10,NIC,Nicaragua,Central America,0.09228609649696132,0.10734522241742181,-0.015059125920460492,0.015059125920460492,5,136,0.0,0
per_capita,M1b,random10,PAN,Panama,Central America,0.12161241121300685,0.10744147225878782,0.014170938954219031,0.014170938954219031,1,136,0.0,0
per_capita,M1b,random10,USA,United States,Northern America,0.1695001197237513,0.16242690745287386,0.007073212270877455,0.007073212270877455,4,136,0.0,0
per_capita,M1b,random10,AUS,Australia,Australia and New Zealand,0.16302097420962694,0.10345723274368915,0.05956374146593779,0.05956374146593779,7,136,59.73122444384031,0
per_capita,M1b,random10,NZL,New Zealand,Australia and New Zealand,0.10027093962176431,0.17349119625115259,-0.07322025662938828,0.07322025662938828,6,136,573.2862742563728,0
per_capita,M1b,random10,PNG,Papua New Guinea,Melanesia,0.13861753573076713,0.05208466243721763,0.0865328732935495,0.0865328732935495,7,136,0.0,0
per_capita,M1b,random10,ARG,Argentina,South America,0.10866574248962382,0.17890291577631673,-0.0702371732866929,0.0702371732866929,0,135,0.0,0
per_capita,M1b,random10,BOL,Bolivia,South America,0.10781469285053756,0.12386002668766422,-0.016045333837126655,0.016045333837126655,9,136,0.0,0
per_capita,M1b,random10,BRA,Brazil,South America,0.16469595530453246,0.0709801255805084,0.09371582972402406,0.09371582972402406,3,136,0.0,0
per_capita,M1b,random10,CHL,Chile,South America,0.0993071522959073,0.1400057028204654,-0.040698550524558105,0.040698550524558105,7,136,0.0,0
per_capita,M1b,random10,COL,Colombia,South America,0.13225011394627992,0.1304311217980043,0.0018189921482756055,0.0018189921482756055,1,136,0.0,0
per_capita,M1b,random10,ECU,Ecuador,South America,0.12529387656573873,0.09795568471077754,0.027338191854961197,0.027338191854961197,8,136,0.0,0
per_capita,M1b,random10,PRY,Paraguay,South America,0.12268222549728672,0.16247433844449066,-0.039792112947203945,0.039792112947203945,0,135,0.0,0
per_capita,M1b,random10,PER,Peru,South America,0.10234701745272959,0.12123951380384093,-0.018892496351111343,0.018892496351111343,9,136,0.0,0
per_capita,M1b,random10,SUR,Suriname,South America,0.14991778270906336,0.13129317374764032,0.01862460896142304,0.01862460896142304,9,136,0.0,0
per_capita,M1b,random10,URY,Uruguay,South America,0.1340604374132053,0.11950046469804453,0.014559972715160782,0.014559972715160782,3,136,0.0,0
per_capita,M1b,random10,VEN,Venezuela,South America,0.14209795456206648,0.13736214650023912,0.004735808061827357,0.004735808061827357,5,136,0.0,0
