variant,fit,fold,column,coefficient
M0_legacy_representation,primary_training,0,intercept,0.015019435858535768
M0_legacy_representation,primary_training,0,cum_co2_per_capita,0.04210502553141478
M0_legacy_representation,primary_training,0,cum_co2_total,-0.023476304372457953
M0_legacy_representation,primary_training,0,abs_latitude,0.0009470424505856579
M0_legacy_representation,primary_training,0,elevation,-5.536808511931621e-07
M0_legacy_representation,primary_training,0,continentality,4.4439970806027695e-05
M0_legacy_representation,primary_training,0,population,0.024535285247337627
M0_legacy_representation,primary_training,0,station_density,-0.0013839847511854676
M0_legacy_representation,primary_training,0,climate_zone=B,0.00404022093892548
M0_legacy_representation,primary_training,0,climate_zone=C,-0.02803684315084892
M0_legacy_representation,primary_training,0,climate_zone=D,-0.00820093179025489
M0_legacy_representation,primary_training,0,climate_zone=E,-0.0926706208861783
M0_legacy_representation,primary_training,0,hemisphere=S,-0.02179433154859385
M0_legacy_representation,primary_training,0,spatial_block=Asia,-0.04680897988580861
M0_legacy_representation,primary_training,0,spatial_block=Europe,-0.05548502323480783
M0_legacy_representation,primary_training,0,spatial_block=North America,-0.08543090210772923
M0_legacy_representation,primary_training,0,spatial_block=Oceania,-0.0529896500749272
M0_legacy_representation,primary_training,0,spatial_block=South America,-0.060592604813191696
M0_legacy_representation,primary_training,0,income_group=Low-income countries,0.008165084887322933
M0_legacy_representation,primary_training,0,income_group=Lower-middle-income countries,-0.00926483111793479
M0_legacy_representation,primary_training,0,income_group=Upper-middle-income countries,-0.013834293135799512
M0_legacy_representation,primary_training,1,intercept,0.01565850948714653
M0_legacy_representation,primary_training,1,cum_co2_per_capita,0.04198782280380583
M0_legacy_representation,primary_training,1,cum_co2_total,-0.025607261183459355
M0_legacy_representation,primary_training,1,abs_latitude,0.001073780112785158
M0_legacy_representation,primary_training,1,elevation,3.5502395973492986e-07
M0_legacy_representation,primary_training,1,continentality,4.4310297820690257e-05
M0_legacy_representation,primary_training,1,population,0.026355972935611274
M0_legacy_representation,primary_training,1,station_density,-0.0015339964897047246
M0_legacy_representation,primary_training,1,climate_zone=B,0.006183642132047267
M0_legacy_representation,primary_training,1,climate_zone=C,-0.02659524667660368
M0_legacy_representation,primary_training,1,climate_zone=D,-0.011538935135354743
M0_legacy_representation,primary_training,1,climate_zone=E,-0.09860403799239037
M0_legacy_representation,primary_training,1,hemisphere=S,-0.02250765783997372
M0_legacy_representation,primary_training,1,spatial_block=Asia,-0.05591358885043435
M0_legacy_representation,primary_training,1,spatial_block=Europe,-0.06378870986693565
M0_legacy_representation,primary_training,1,spatial_block=North America,-0.09420352045834117
M0_legacy_representation,primary_training,1,spatial_block=Oceania,-0.061693532044934045
M0_legacy_representation,primary_training,1,spatial_block=South America,-0.07047890486237315
M0_legacy_representation,primary_training,1,income_group=Low-income countries,-0.0026465986463807115
M0_legacy_representation,primary_training,1,income_group=Lower-middle-income countries,-0.0124901986475165
M0_legacy_representation,primary_training,1,income_group=Upper-middle-income countries,-0.013386114417555066
M0_legacy_representation,primary_training,2,intercept,0.014427854887212356
M0_legacy_representation,primary_training,2,cum_co2_per_capita,0.03935587459320403
M0_legacy_representation,primary_training,2,cum_co2_total,-0.022458599426482793
M0_legacy_representation,primary_training,2,abs_latitude,0.0010523391357629556
M0_legacy_representation,primary_training,2,elevation,-4.674432709946108e-07
M0_legacy_representation,primary_training,2,continentality,4.0168892829195395e-05
M0_legacy_representation,primary_training,2,population,0.024752655303585707
M0_legacy_representation,primary_training,2,station_density,-0.0017229138748171876
M0_legacy_representation,primary_training,2,climate_zone=B,0.0064459820756918515
M0_legacy_representation,primary_training,2,climate_zone=C,-0.022005856884708703
M0_legacy_representation,primary_training,2,climate_zone=D,-0.006518161332245151
M0_legacy_representation,primary_training,2,climate_zone=E,-0.0922529626073041
M0_legacy_representation,primary_training,2,hemisphere=S,-0.02378793628810404
M0_legacy_representation,primary_training,2,spatial_block=Asia,-0.049153370783524115
M0_legacy_representation,primary_training,2,spatial_block=Europe,-0.058010229297723835
M0_legacy_representation,primary_training,2,spatial_block=North America,-0.08663603963650406
M0_legacy_representation,primary_training,2,spatial_block=Oceania,-0.055951373658479485
M0_legacy_representation,primary_training,2,spatial_block=South America,-0.06108504573365973
M0_legacy_representation,primary_training,2,income_group=Low-income countries,0.007560523375407701
M0_legacy_representation,primary_training,2,income_group=Lower-middle-income countries,-0.008393097563440666
M0_legacy_representation,primary_training,2,income_group=Upper-middle-income countries,-0.013589010132520136
M0_legacy_representation,primary_training,3,intercept,0.015677212369096447
M0_legacy_representation,primary_training,3,cum_co2_per_capita,0.04276635380525529
M0_legacy_representation,primary_training,3,cum_co2_total,-0.025778212796078354
M0_legacy_representation,primary_training,3,abs_latitude,0.001247092183031311
M0_legacy_representation,primary_training,3,elevation,1.1426531861087799e-06
M0_legacy_representation,primary_training,3,continentality,4.062349286620549e-05
M0_legacy_representation,primary_training,3,population,0.02551870761323938
M0_legacy_representation,primary_training,3,station_density,-0.0013671599961144758
M0_legacy_representation,primary_training,3,climate_zone=B,0.0077572853571693115
M0_legacy_representation,primary_training,3,climate_zone=C,-0.025753808073364786
M0_legacy_representation,primary_training,3,climate_zone=D,-0.011945634393093263
M0_legacy_representation,primary_training,3,climate_zone=E,-0.10234367477473427
M0_legacy_representation,primary_training,3,hemisphere=S,-0.013587895057817006
M0_legacy_representation,primary_training,3,spatial_block=Asia,-0.05846286299153763
M0_legacy_representation,primary_training,3,spatial_block=Europe,-0.06824234957816075
M0_legacy_representation,primary_training,3,spatial_block=North America,-0.0945679873165047
M0_legacy_representation,primary_training,3,spatial_block=Oceania,-0.07230115718853844
M0_legacy_representation,primary_training,3,spatial_block=South America,-0.07720945252480213
M0_legacy_representation,primary_training,3,income_group=Low-income countries,0.0007305240090099209
M0_legacy_representation,primary_training,3,income_group=Lower-middle-income countries,-0.008599285477297687
M0_legacy_representation,primary_training,3,income_group=Upper-middle-income countries,-0.01173318406423883
M0_legacy_representation,primary_training,4,intercept,0.013932471978095617
M0_legacy_representation,primary_training,4,cum_co2_per_capita,0.039810978136480164
M0_legacy_representation,primary_training,4,cum_co2_total,-0.02065129998392828
M0_legacy_representation,primary_training,4,abs_latitude,0.0010382968142416532
M0_legacy_representation,primary_training,4,elevation,2.2180004653807595e-07
M0_legacy_representation,primary_training,4,continentality,4.078864395830716e-05
M0_legacy_representation,primary_training,4,population,0.02313255374816507
M0_legacy_representation,primary_training,4,station_density,-0.0017421637264964567
M0_legacy_representation,primary_training,4,climate_zone=B,0.00476256045640677
M0_legacy_representation,primary_training,4,climate_zone=C,-0.02203295993220684
M0_legacy_representation,primary_training,4,climate_zone=D,-0.007447952381893154
M0_legacy_representation,primary_training,4,climate_zone=E,-0.09196685113355302
M0_legacy_representation,primary_training,4,hemisphere=S,-0.019435866715583595
M0_legacy_representation,primary_training,4,spatial_block=Asia,-0.0437932451579336
M0_legacy_representation,primary_training,4,spatial_block=Europe,-0.053153130785767784
M0_legacy_representation,primary_training,4,spatial_block=North America,-0.08113653109102513
M0_legacy_representation,primary_training,4,spatial_block=Oceania,-0.05485593480191471
M0_legacy_representation,primary_training,4,spatial_block=South America,-0.0594785498504626
M0_legacy_representation,primary_training,4,income_group=Low-income countries,0.012965293605452802
M0_legacy_representation,primary_training,4,income_group=Lower-middle-income countries,-0.008078104201708859
M0_legacy_representation,primary_training,4,income_group=Upper-middle-income countries,-0.01243193850727378
M0_legacy_representation,primary_training,5,intercept,0.014568584253496058
M0_legacy_representation,primary_training,5,cum_co2_per_capita,0.040046361923438474
M0_legacy_representation,primary_training,5,cum_co2_total,-0.022836161265839094
M0_legacy_representation,primary_training,5,abs_latitude,0.001130733827135483
M0_legacy_representation,primary_training,5,elevation,-2.9278061720317024e-06
M0_legacy_representation,primary_training,5,continentality,3.911957674031016e-05
M0_legacy_representation,primary_training,5,population,0.024528982331695218
M0_legacy_representation,primary_training,5,station_density,-0.0016193572185394373
M0_legacy_representation,primary_training,5,climate_zone=B,0.0081676556756367
M0_legacy_representation,primary_training,5,climate_zone=C,-0.019082339689131735
M0_legacy_representation,primary_training,5,climate_zone=D,-0.0037952411946002504
M0_legacy_representation,primary_training,5,climate_zone=E,-0.09130445306569192
M0_legacy_representation,primary_training,5,hemisphere=S,-0.03320056739501264
M0_legacy_representation,primary_training,5,spatial_block=Asia,-0.05173952242420296
M0_legacy_representation,primary_training,5,spatial_block=Europe,-0.06346478733048999
M0_legacy_representation,primary_training,5,spatial_block=North America,-0.08906426629503134
M0_legacy_representation,primary_training,5,spatial_block=Oceania,-0.050711649581240234
M0_legacy_representation,primary_training,5,spatial_block=South America,-0.05519941585160601
M0_legacy_representation,primary_training,5,income_group=Low-income countries,0.010833357474171773
M0_legacy_representation,primary_training,5,income_group=Lower-middle-income countries,-0.005816466329887249
M0_legacy_representation,primary_training,5,income_group=Upper-middle-income countries,-0.012124085573862709
M0_legacy_representation,primary_training,6,intercept,0.016324356940677187
M0_legacy_representation,primary_training,6,cum_co2_per_capita,0.04414744431815709
M0_legacy_representation,primary_training,6,cum_co2_total,-0.026595755921865763
M0_legacy_representation,primary_training,6,abs_latitude,0.0008590042764200818
M0_legacy_representation,primary_training,6,elevation,-2.2469627815371623e-06
M0_legacy_representation,primary_training,6,continentality,4.9082247194396946e-05
M0_legacy_representation,primary_training,6,population,0.0272029414040368
M0_legacy_representation,primary_training,6,station_density,-0.0016704557935863426
M0_legacy_representation,primary_training,6,climate_zone=B,0.0020303246261260447
M0_legacy_representation,primary_training,6,climate_zone=C,-0.02291882246353075
M0_legacy_representation,primary_training,6,climate_zone=D,-0.007540783608010656
M0_legacy_representation,primary_training,6,climate_zone=E,-0.09168814275931811
M0_legacy_representation,primary_training,6,hemisphere=S,-0.0306517661555961
M0_legacy_representation,primary_training,6,spatial_block=Asia,-0.05694335290626077
M0_legacy_representation,primary_training,6,spatial_block=Europe,-0.06554116030001551
M0_legacy_representation,primary_training,6,spatial_block=North America,-0.09843435915321318
M0_legacy_representation,primary_training,6,spatial_block=Oceania,-0.059045458356250115
M0_legacy_representation,primary_training,6,spatial_block=South America,-0.06727459149245357
M0_legacy_representation,primary_training,6,income_group=Low-income countries,0.0006819240084628099
M0_legacy_representation,primary_training,6,income_group=Lower-middle-income countries,-0.012015424580490685
M0_legacy_representation,primary_training,6,income_group=Upper-middle-income countries,-0.014571346570935418
M0_legacy_representation,primary_training,7,intercept,0.01630418211754626
M0_legacy_representation,primary_training,7,cum_co2_per_capita,0.044750288023369014
M0_legacy_representation,primary_training,7,cum_co2_total,-0.026001061185397457
M0_legacy_representation,primary_training,7,abs_latitude,0.0007101041712077376
M0_legacy_representation,primary_training,7,elevation,-3.09783114906704e-06
M0_legacy_representation,primary_training,7,continentality,5.363811046867904e-05
M0_legacy_representation,primary_training,7,population,0.027073743496505404
M0_legacy_representation,primary_training,7,station_density,-0.0016579313251752993
M0_legacy_representation,primary_training,7,climate_zone=B,0.004787482336550031
M0_legacy_representation,primary_training,7,climate_zone=C,-0.020185819794043956
M0_legacy_representation,primary_training,7,climate_zone=D,-0.004112257893455944
M0_legacy_representation,primary_training,7,climate_zone=E,-0.08490752138582532
M0_legacy_representation,primary_training,7,hemisphere=S,-0.032821534782740386
M0_legacy_representation,primary_training,7,spatial_block=Asia,-0.05833751082580747
M0_legacy_representation,primary_training,7,spatial_block=Europe,-0.06495792617464058
M0_legacy_representation,primary_training,7,spatial_block=North America,-0.0987420624994737
M0_legacy_representation,primary_training,7,spatial_block=Oceania,-0.057406916942061764
M0_legacy_representation,primary_training,7,spatial_block=South America,-0.06705123254177654
M0_legacy_representation,primary_training,7,income_group=Low-income countries,0.004259104954319169
M0_legacy_representation,primary_training,7,income_group=Lower-middle-income countries,-0.01160022717122573
M0_legacy_representation,primary_training,7,income_group=Upper-middle-income countries,-0.014668522604766763
M0_legacy_representation,primary_training,8,intercept,0.014380015453726596
M0_legacy_representation,primary_training,8,cum_co2_per_capita,0.03884198005817799
M0_legacy_representation,primary_training,8,cum_co2_total,-0.021470479128424803
M0_legacy_representation,primary_training,8,abs_latitude,0.000982440972861082
M0_legacy_representation,primary_training,8,elevation,-3.3967543049051518e-06
M0_legacy_representation,primary_training,8,continentality,4.8280595401247516e-05
M0_legacy_representation,primary_training,8,population,0.02596763353575534
M0_legacy_representation,primary_training,8,station_density,-0.0014889754970406368
M0_legacy_representation,primary_training,8,climate_zone=B,0.012953533314942976
M0_legacy_representation,primary_training,8,climate_zone=C,-0.022474865754251214
M0_legacy_representation,primary_training,8,climate_zone=D,-0.0038230130346213146
M0_legacy_representation,primary_training,8,climate_zone=E,-0.08519777299753838
M0_legacy_representation,primary_training,8,hemisphere=S,-0.03293731913382795
M0_legacy_representation,primary_training,8,spatial_block=Asia,-0.0630499877878068
M0_legacy_representation,primary_training,8,spatial_block=Europe,-0.0680723822477998
M0_legacy_representation,primary_training,8,spatial_block=North America,-0.09708281799241882
M0_legacy_representation,primary_training,8,spatial_block=Oceania,-0.05631207532025148
M0_legacy_representation,primary_training,8,spatial_block=South America,-0.06496331558763949
M0_legacy_representation,primary_training,8,income_group=Low-income countries,0.006264894470852672
M0_legacy_representation,primary_training,8,income_group=Lower-middle-income countries,-0.007001985797440012
M0_legacy_representation,primary_training,8,income_group=Upper-middle-income countries,-0.014232376994222803
M0_legacy_representation,primary_training,9,intercept,0.016369859018469265
M0_legacy_representation,primary_training,9,cum_co2_per_capita,0.043723348822182276
M0_legacy_representation,primary_training,9,cum_co2_total,-0.02709428507832748
M0_legacy_representation,primary_training,9,abs_latitude,0.0009852493346990557
M0_legacy_representation,primary_training,9,elevation,-9.783628909395098e-07
M0_legacy_representation,primary_training,9,continentality,4.88173951322216e-05
M0_legacy_representation,primary_training,9,population,0.027401520210308627
M0_legacy_representation,primary_training,9,station_density,-0.0015175820243373886
M0_legacy_representation,primary_training,9,climate_zone=B,8.714988963777381e-05
M0_legacy_representation,primary_training,9,climate_zone=C,-0.02750972940397167
M0_legacy_representation,primary_training,9,climate_zone=D,-0.012332131951681848
M0_legacy_representation,primary_training,9,climate_zone=E,-0.09853026638430666
M0_legacy_representation,primary_training,9,hemisphere=S,-0.03349122714264715
M0_legacy_representation,primary_training,9,spatial_block=Asia,-0.05727214999978334
M0_legacy_representation,primary_training,9,spatial_block=Europe,-0.0660862436861975
M0_legacy_representation,primary_training,9,spatial_block=North America,-0.09863452395640948
M0_legacy_representation,primary_training,9,spatial_block=Oceania,-0.05465647846814195
M0_legacy_representation,primary_training,9,spatial_block=South America,-0.06524724062693318
M0_legacy_representation,primary_training,9,income_group=Low-income countries,-0.0008400849203410582
M0_legacy_representation,primary_training,9,income_group=Lower-middle-income countries,-0.014039552988173516
M0_legacy_representation,primary_training,9,income_group=Upper-middle-income countries,-0.014996623065585902
M0_legacy_representation,primary_training,10,intercept,0.01576841045829005
M0_legacy_representation,primary_training,10,cum_co2_per_capita,0.04371775036727762
M0_legacy_representation,primary_training,10,cum_co2_total,-0.025368583210255948
M0_legacy_representation,primary_training,10,abs_latitude,0.0009571756902164104
M0_legacy_representation,primary_training,10,elevation,-3.792423532863163e-06
M0_legacy_representation,primary_training,10,continentality,5.1145803497644266e-05
M0_legacy_representation,primary_training,10,population,0.025524129172206086
M0_legacy_representation,primary_training,10,station_density,-0.0014078234994415648
M0_legacy_representation,primary_training,10,climate_zone=B,0.007170349906782554
M0_legacy_representation,primary_training,10,climate_zone=C,-0.01952503287033802
M0_legacy_representation,primary_training,10,climate_zone=D,-0.0043636566370760625
M0_legacy_representation,primary_training,10,climate_zone=E,-0.0895217960834874
M0_legacy_representation,primary_training,10,hemisphere=S,-0.040650143966414726
M0_legacy_representation,primary_training,10,spatial_block=Asia,-0.056025363272594705
M0_legacy_representation,primary_training,10,spatial_block=Europe,-0.0656749838894374
M0_legacy_representation,primary_training,10,spatial_block=North America,-0.093882308782462
M0_legacy_representation,primary_training,10,spatial_block=Oceania,-0.04604095088011092
M0_legacy_representation,primary_training,10,spatial_block=South America,-0.055533164345159064
M0_legacy_representation,primary_training,10,income_group=Low-income countries,0.012533360546376382
M0_legacy_representation,primary_training,10,income_group=Lower-middle-income countries,-0.008986776978567357
M0_legacy_representation,primary_training,10,income_group=Upper-middle-income countries,-0.013161522431826134
M0_legacy_representation,primary_training,11,intercept,0.013998112749675109
M0_legacy_representation,primary_training,11,cum_co2_per_capita,0.03941962845248332
M0_legacy_representation,primary_training,11,cum_co2_total,-0.021089522094206257
M0_legacy_representation,primary_training,11,abs_latitude,0.0010419112741446323
M0_legacy_representation,primary_training,11,elevation,2.5749793163740207e-07
M0_legacy_representation,primary_training,11,continentality,4.2180873703235634e-05
M0_legacy_representation,primary_training,11,population,0.02347952595136313
M0_legacy_representation,primary_training,11,station_density,-0.0016645376019075104
M0_legacy_representation,primary_training,11,climate_zone=B,0.006151620480176097
M0_legacy_representation,primary_training,11,climate_zone=C,-0.022045189794472776
M0_legacy_representation,primary_training,11,climate_zone=D,-0.007230366093002591
M0_legacy_representation,primary_training,11,climate_zone=E,-0.09176845615975728
M0_legacy_representation,primary_training,11,hemisphere=S,-0.02022365872970386
M0_legacy_representation,primary_training,11,spatial_block=Asia,-0.04510202890406825
M0_legacy_representation,primary_training,11,spatial_block=Europe,-0.05373078440884547
M0_legacy_representation,primary_training,11,spatial_block=North America,-0.08181887176971592
M0_legacy_representation,primary_training,11,spatial_block=Oceania,-0.05438648563681243
M0_legacy_representation,primary_training,11,spatial_block=South America,-0.05986531694770494
M0_legacy_representation,primary_training,11,income_group=Low-income countries,0.00933331141840223
M0_legacy_representation,primary_training,11,income_group=Lower-middle-income countries,-0.008335032998562942
M0_legacy_representation,primary_training,11,income_group=Upper-middle-income countries,-0.012863427647197981
M0_legacy_representation,primary_training,12,intercept,0.014735913825440825
M0_legacy_representation,primary_training,12,cum_co2_per_capita,0.03814257136330174
M0_legacy_representation,primary_training,12,cum_co2_total,-0.023821751388219854
M0_legacy_representation,primary_training,12,abs_latitude,0.0011771890756447025
M0_legacy_representation,primary_training,12,elevation,-8.26850422140666e-07
M0_legacy_representation,primary_training,12,continentality,4.348143254928828e-05
M0_legacy_representation,primary_training,12,population,0.02645116020111733
M0_legacy_representation,primary_training,12,station_density,-0.0016310482652002088
M0_legacy_representation,primary_training,12,climate_zone=B,0.0021356231923678054
M0_legacy_representation,primary_training,12,climate_zone=C,-0.025587176423250164
M0_legacy_representation,primary_training,12,climate_zone=D,-0.010063724962066275
M0_legacy_representation,primary_training,12,climate_zone=E,-0.09734020433004899
M0_legacy_representation,primary_training,12,hemisphere=S,-0.02658743506304088
M0_legacy_representation,primary_training,12,spatial_block=Asia,-0.055128868346946684
M0_legacy_representation,primary_training,12,spatial_block=Europe,-0.0648606567700939
M0_legacy_representation,primary_training,12,spatial_block=North America,-0.09293680823229382
M0_legacy_representation,primary_training,12,spatial_block=Oceania,-0.05813624622836987
M0_legacy_representation,primary_training,12,spatial_block=South America,-0.06404204294872774
M0_legacy_representation,primary_training,12,income_group=Low-income countries,-0.0037777025523157946
M0_legacy_representation,primary_training,12,income_group=Lower-middle-income countries,-0.012476908348238457
M0_legacy_representation,primary_training,12,income_group=Upper-middle-income countries,-0.015638216445420447
M0_legacy_representation,primary_training,13,intercept,0.014075055130474972
M0_legacy_representation,primary_training,13,cum_co2_per_capita,0.04128474450188143
M0_legacy_representation,primary_training,13,cum_co2_total,-0.019531104777069395
M0_legacy_representation,primary_training,13,abs_latitude,0.0011281654401828153
M0_legacy_representation,primary_training,13,elevation,-2.313137918441466e-06
M0_legacy_representation,primary_training,13,continentality,3.480953703002424e-05
M0_legacy_representation,primary_training,13,population,0.023634481503899712
M0_legacy_representation,primary_training,13,station_density,-0.0016715097134825693
M0_legacy_representation,primary_training,13,climate_zone=B,0.017049365832431544
M0_legacy_representation,primary_training,13,climate_zone=C,-0.020340558141118986
M0_legacy_representation,primary_training,13,climate_zone=D,-0.007001298064868024
M0_legacy_representation,primary_training,13,climate_zone=E,-0.09213980006895431
M0_legacy_representation,primary_training,13,hemisphere=S,-0.030313204845093474
M0_legacy_representation,primary_training,13,spatial_block=Asia,-0.05483828050691573
M0_legacy_representation,primary_training,13,spatial_block=Europe,-0.06704650229793514
M0_legacy_representation,primary_training,13,spatial_block=North America,-0.09370464236873201
M0_legacy_representation,primary_training,13,spatial_block=Oceania,-0.060275893841812395
M0_legacy_representation,primary_training,13,spatial_block=South America,-0.06327770692000585
M0_legacy_representation,primary_training,13,income_group=Low-income countries,0.02088261506837136
M0_legacy_representation,primary_training,13,income_group=Lower-middle-income countries,-0.0016747671148726175
M0_legacy_representation,primary_training,13,income_group=Upper-middle-income countries,-0.012785078421540174
M0_legacy_representation,primary_training,14,intercept,0.016123082365268243
M0_legacy_representation,primary_training,14,cum_co2_per_capita,0.04396498612684664
M0_legacy_representation,primary_training,14,cum_co2_total,-0.02596246871645231
M0_legacy_representation,primary_training,14,abs_latitude,0.0008848709818835338
M0_legacy_representation,primary_training,14,elevation,-1.5986090874054718e-06
M0_legacy_representation,primary_training,14,continentality,4.589235222673863e-05
M0_legacy_representation,primary_training,14,population,0.0268110393483038
M0_legacy_representation,primary_training,14,station_density,-0.0016779908364073955
M0_legacy_representation,primary_training,14,climate_zone=B,0.002523020905316152
M0_legacy_representation,primary_training,14,climate_zone=C,-0.023310103199411472
M0_legacy_representation,primary_training,14,climate_zone=D,-0.00781270351226287
M0_legacy_representation,primary_training,14,climate_zone=E,-0.09227116944478445
M0_legacy_representation,primary_training,14,hemisphere=S,-0.029716940337198593
M0_legacy_representation,primary_training,14,spatial_block=Asia,-0.05625783514277214
M0_legacy_representation,primary_training,14,spatial_block=Europe,-0.06500146773385651
M0_legacy_representation,primary_training,14,spatial_block=North America,-0.09750858264194077
M0_legacy_representation,primary_training,14,spatial_block=Oceania,-0.05926489327074277
M0_legacy_representation,primary_training,14,spatial_block=South America,-0.0671056178815811
M0_legacy_representation,primary_training,14,income_group=Low-income countries,0.0007203375070599854
M0_legacy_representation,primary_training,14,income_group=Lower-middle-income countries,-0.01086465997958497
M0_legacy_representation,primary_training,14,income_group=Upper-middle-income countries,-0.014082003826936165
M0_legacy_representation,primary_training,15,intercept,0.013801966454208333
M0_legacy_representation,primary_training,15,cum_co2_per_capita,0.03593494034265404
M0_legacy_representation,primary_training,15,cum_co2_total,-0.020819605013097174
M0_legacy_representation,primary_training,15,abs_latitude,0.0011496961908996112
M0_legacy_representation,primary_training,15,elevation,-1.3244646394908962e-06
M0_legacy_representation,primary_training,15,continentality,4.150659980088047e-05
M0_legacy_representation,primary_training,15,population,0.026057253369498164
M0_legacy_representation,primary_training,15,station_density,-0.001587035320979474
M0_legacy_representation,primary_training,15,climate_zone=B,0.010043650318350389
M0_legacy_representation,primary_training,15,climate_zone=C,-0.023666431699968807
M0_legacy_representation,primary_training,15,climate_zone=D,-0.0058403499589405675
M0_legacy_representation,primary_training,15,climate_zone=E,-0.08972892771748021
M0_legacy_representation,primary_training,15,hemisphere=S,-0.030016247726471105
M0_legacy_representation,primary_training,15,spatial_block=Asia,-0.06080119088929625
M0_legacy_representation,primary_training,15,spatial_block=Europe,-0.0679381653392057
M0_legacy_representation,primary_training,15,spatial_block=North America,-0.09476222684284644
M0_legacy_representation,primary_training,15,spatial_block=Oceania,-0.057378548517718043
M0_legacy_representation,primary_training,15,spatial_block=South America,-0.0644755420907693
M0_legacy_representation,primary_training,15,income_group=Low-income countries,0.00025719991898801747
M0_legacy_representation,primary_training,15,income_group=Lower-middle-income countries,-0.009149827161674846
M0_legacy_representation,primary_training,15,income_group=Upper-middle-income countries,-0.015097185813732716
M0_legacy_representation,primary_training,16,intercept,0.014648369356050866
M0_legacy_representation,primary_training,16,cum_co2_per_capita,0.03816950585122561
M0_legacy_representation,primary_training,16,cum_co2_total,-0.02361981721628309
M0_legacy_representation,primary_training,16,abs_latitude,0.0010846913365056346
M0_legacy_representation,primary_training,16,elevation,-2.501152807890323e-06
M0_legacy_representation,primary_training,16,continentality,4.5340014365066085e-05
M0_legacy_representation,primary_training,16,population,0.02610089306879176
M0_legacy_representation,primary_training,16,station_density,-0.0015629587826149014
M0_legacy_representation,primary_training,16,climate_zone=B,0.0072336794402662625
M0_legacy_representation,primary_training,16,climate_zone=C,-0.020939389874448756
M0_legacy_representation,primary_training,16,climate_zone=D,-0.004728740501401884
M0_legacy_representation,primary_training,16,climate_zone=E,-0.09050386098175768
M0_legacy_representation,primary_training,16,hemisphere=S,-0.029485996205863237
M0_legacy_representation,primary_training,16,spatial_block=Asia,-0.0550015605504642
M0_legacy_representation,primary_training,16,spatial_block=Europe,-0.06402092729525576
M0_legacy_representation,primary_training,16,spatial_block=North America,-0.09139693277544958
M0_legacy_representation,primary_training,16,spatial_block=Oceania,-0.054688881437990146
M0_legacy_representation,primary_training,16,spatial_block=South America,-0.061009674602606256
M0_legacy_representation,primary_training,16,income_group=Low-income countries,0.0022918210136598826
M0_legacy_representation,primary_training,16,income_group=Lower-middle-income countries,-0.011471780216133865
M0_legacy_representation,primary_training,16,income_group=Upper-middle-income countries,-0.014873722588914293
M0_legacy_representation,primary_training,17,intercept,0.016142685308288385
M0_legacy_representation,primary_training,17,cum_co2_per_capita,0.043431346370576177
M0_legacy_representation,primary_training,17,cum_co2_total,-0.026414437092432994
M0_legacy_representation,primary_training,17,abs_latitude,0.0010001812571969026
M0_legacy_representation,primary_training,17,elevation,-5.084999922169456e-07
M0_legacy_representation,primary_training,17,continentality,4.6061335184614356e-05
M0_legacy_representation,primary_training,17,population,0.027010328386720062
M0_legacy_representation,primary_training,17,station_density,-0.001534911435406409
M0_legacy_representation,primary_training,17,climate_zone=B,0.0008543776873025473
M0_legacy_representation,primary_training,17,climate_zone=C,-0.02761067883293296
M0_legacy_representation,primary_training,17,climate_zone=D,-0.012238523100620761
M0_legacy_representation,primary_training,17,climate_zone=E,-0.09853366501304457
M0_legacy_representation,primary_training,17,hemisphere=S,-0.03215871345439984
M0_legacy_representation,primary_training,17,spatial_block=Asia,-0.05640572870765255
M0_legacy_representation,primary_training,17,spatial_block=Europe,-0.06520963872180918
M0_legacy_representation,primary_training,17,spatial_block=North America,-0.09745588196258838
M0_legacy_representation,primary_training,17,spatial_block=Oceania,-0.05505450888446281
M0_legacy_representation,primary_training,17,spatial_block=South America,-0.06515581840056887
M0_legacy_representation,primary_training,17,income_group=Low-income countries,-0.0005376084835395749
M0_legacy_representation,primary_training,17,income_group=Lower-middle-income countries,-0.01301351968900901
M0_legacy_representation,primary_training,17,income_group=Upper-middle-income countries,-0.01454733759083532
M0_legacy_representation,primary_training,18,intercept,0.014320778006826693
M0_legacy_representation,primary_training,18,cum_co2_per_capita,0.03857357457288223
M0_legacy_representation,primary_training,18,cum_co2_total,-0.022450371420725278
M0_legacy_representation,primary_training,18,abs_latitude,0.0010572239270509602
M0_legacy_representation,primary_training,18,elevation,-5.22172182880298e-07
M0_legacy_representation,primary_training,18,continentality,4.055763283497879e-05
M0_legacy_representation,primary_training,18,population,0.024900722047353475
M0_legacy_representation,primary_training,18,station_density,-0.0017189964808226707
M0_legacy_representation,primary_training,18,climate_zone=B,0.007129386503476554
M0_legacy_representation,primary_training,18,climate_zone=C,-0.021783243257664616
M0_legacy_representation,primary_training,18,climate_zone=D,-0.006198601278648228
M0_legacy_representation,primary_training,18,climate_zone=E,-0.09184564584646876
M0_legacy_representation,primary_training,18,hemisphere=S,-0.023384852947280082
M0_legacy_representation,primary_training,18,spatial_block=Asia,-0.04883007431544108
M0_legacy_representation,primary_training,18,spatial_block=Europe,-0.05744032022247917
M0_legacy_representation,primary_training,18,spatial_block=North America,-0.0860973891570377
M0_legacy_representation,primary_training,18,spatial_block=Oceania,-0.0556552628320576
M0_legacy_representation,primary_training,18,spatial_block=South America,-0.06101891749635902
M0_legacy_representation,primary_training,18,income_group=Low-income countries,0.0055186544588719895
M0_legacy_representation,primary_training,18,income_group=Lower-middle-income countries,-0.009107244831494048
M0_legacy_representation,primary_training,18,income_group=Upper-middle-income countries,-0.013780068950123013
M0_legacy_representation,primary_training,19,intercept,0.013446033365371151
M0_legacy_representation,primary_training,19,cum_co2_per_capita,0.038445102918839937
M0_legacy_representation,primary_training,19,cum_co2_total,-0.01916403629535224
M0_legacy_representation,primary_training,19,abs_latitude,0.0010119730917751994
M0_legacy_representation,primary_training,19,elevation,1.4509459626419157e-06
M0_legacy_representation,primary_training,19,continentality,4.379671079484258e-05
M0_legacy_representation,primary_training,19,population,0.02306706097802679
M0_legacy_representation,primary_training,19,station_density,-0.0017308688071301518
M0_legacy_representation,primary_training,19,climate_zone=B,0.0032726089611860706
M0_legacy_representation,primary_training,19,climate_zone=C,-0.023885944744719684
M0_legacy_representation,primary_training,19,climate_zone=D,-0.00928052541766944
M0_legacy_representation,primary_training,19,climate_zone=E,-0.09105525777811922
M0_legacy_representation,primary_training,19,hemisphere=S,-0.01882320796077846
M0_legacy_representation,primary_training,19,spatial_block=Asia,-0.04362957218445527
M0_legacy_representation,primary_training,19,spatial_block=Europe,-0.05154748178947353
M0_legacy_representation,primary_training,19,spatial_block=North America,-0.08065864683627189
M0_legacy_representation,primary_training,19,spatial_block=Oceania,-0.05382631823160624
M0_legacy_representation,primary_training,19,spatial_block=South America,-0.0604818531361993
M0_legacy_representation,primary_training,19,income_group=Low-income countries,0.006164269620742918
M0_legacy_representation,primary_training,19,income_group=Lower-middle-income countries,-0.00930270364009486
M0_legacy_representation,primary_training,19,income_group=Upper-middle-income countries,-0.013238147388853035
M0_legacy_representation,primary_training,20,intercept,0.013674891364726834
M0_legacy_representation,primary_training,20,cum_co2_per_capita,0.039503820958277834
M0_legacy_representation,primary_training,20,cum_co2_total,-0.019354999722783484
M0_legacy_representation,primary_training,20,abs_latitude,0.0010094884875920637
M0_legacy_representation,primary_training,20,elevation,1.519962381996792e-06
M0_legacy_representation,primary_training,20,continentality,4.308685810121344e-05
M0_legacy_representation,primary_training,20,population,0.023190527507304864
M0_legacy_representation,primary_training,20,station_density,-0.0017495948277893739
M0_legacy_representation,primary_training,20,climate_zone=B,0.0016985253622097479
M0_legacy_representation,primary_training,20,climate_zone=C,-0.024716774070926994
M0_legacy_representation,primary_training,20,climate_zone=D,-0.010116060796966366
M0_legacy_representation,primary_training,20,climate_zone=E,-0.09204532159160358
M0_legacy_representation,primary_training,20,hemisphere=S,-0.02043271283879464
M0_legacy_representation,primary_training,20,spatial_block=Asia,-0.04534041644785964
M0_legacy_representation,primary_training,20,spatial_block=Europe,-0.053619540903599265
M0_legacy_representation,primary_training,20,spatial_block=North America,-0.08296902739491102
M0_legacy_representation,primary_training,20,spatial_block=Oceania,-0.054664232635351515
M0_legacy_representation,primary_training,20,spatial_block=South America,-0.06111877587846248
M0_legacy_representation,primary_training,20,income_group=Low-income countries,0.007937413320831652
M0_legacy_representation,primary_training,20,income_group=Lower-middle-income countries,-0.0083922653325403
M0_legacy_representation,primary_training,20,income_group=Upper-middle-income countries,-0.013274993986014217
M0_legacy_representation,primary_training,21,intercept,0.014455172879736654
M0_legacy_representation,primary_training,21,cum_co2_per_capita,0.04022950615764343
M0_legacy_representation,primary_training,21,cum_co2_total,-0.022244535375553633
M0_legacy_representation,primary_training,21,abs_latitude,0.0010072708690657308
M0_legacy_representation,primary_training,21,elevation,-4.020642098109275e-06
M0_legacy_representation,primary_training,21,continentality,4.181719950585608e-05
M0_legacy_representation,primary_training,21,population,0.02425699574521502
M0_legacy_representation,primary_training,21,station_density,-0.001603689062466123
M0_legacy_representation,primary_training,21,climate_zone=B,0.012015751282589717
M0_legacy_representation,primary_training,21,climate_zone=C,-0.015849723717182525
M0_legacy_representation,primary_training,21,climate_zone=D,0.0003012369318824191
M0_legacy_representation,primary_training,21,climate_zone=E,-0.08469911136016552
M0_legacy_representation,primary_training,21,hemisphere=S,-0.03376415936579149
M0_legacy_representation,primary_training,21,spatial_block=Asia,-0.05211071238717053
M0_legacy_representation,primary_training,21,spatial_block=Europe,-0.06218699914396928
M0_legacy_representation,primary_training,21,spatial_block=North America,-0.08818656555461483
M0_legacy_representation,primary_training,21,spatial_block=Oceania,-0.04981840660375375
M0_legacy_representation,primary_training,21,spatial_block=South America,-0.05471547850921664
M0_legacy_representation,primary_training,21,income_group=Low-income countries,0.014144930241751981
M0_legacy_representation,primary_training,21,income_group=Lower-middle-income countries,-0.004891567173722778
M0_legacy_representation,primary_training,21,income_group=Upper-middle-income countries,-0.011901620454831788
M0_legacy_representation,primary_training,22,intercept,0.015199319273336549
M0_legacy_representation,primary_training,22,cum_co2_per_capita,0.04024874132534378
M0_legacy_representation,primary_training,22,cum_co2_total,-0.024932666804665538
M0_legacy_representation,primary_training,22,abs_latitude,0.0012203024571801012
M0_legacy_representation,primary_training,22,elevation,-5.149917779912752e-07
M0_legacy_representation,primary_training,22,continentality,3.975681943132644e-05
M0_legacy_representation,primary_training,22,population,0.026014507510016417
M0_legacy_representation,primary_training,22,station_density,-0.0014898427114418394
M0_legacy_representation,primary_training,22,climate_zone=B,0.007463364631862087
M0_legacy_representation,primary_training,22,climate_zone=C,-0.02499835533401511
M0_legacy_representation,primary_training,22,climate_zone=D,-0.010028050703812633
M0_legacy_representation,primary_training,22,climate_zone=E,-0.09921716717211297
M0_legacy_representation,primary_training,22,hemisphere=S,-0.01677429289808248
M0_legacy_representation,primary_training,22,spatial_block=Asia,-0.05664445525000656
M0_legacy_representation,primary_training,22,spatial_block=Europe,-0.06674279299738477
M0_legacy_representation,primary_training,22,spatial_block=North America,-0.09386998762476033
M0_legacy_representation,primary_training,22,spatial_block=Oceania,-0.0684264455051427
M0_legacy_representation,primary_training,22,spatial_block=South America,-0.07333042081527966
M0_legacy_representation,primary_training,22,income_group=Low-income countries,0.0001601099530464618
M0_legacy_representation,primary_training,22,income_group=Lower-middle-income countries,-0.010906260128803085
M0_legacy_representation,primary_training,22,income_group=Upper-middle-income countries,-0.01218569002807647
M0_legacy_representation,primary_training,23,intercept,0.014069324716519964
M0_legacy_representation,primary_training,23,cum_co2_per_capita,0.03901085117460542
M0_legacy_representation,primary_training,23,cum_co2_total,-0.021479946328132774
M0_legacy_representation,primary_training,23,abs_latitude,0.0010520172051652116
M0_legacy_representation,primary_training,23,elevation,2.2307401460611076e-07
M0_legacy_representation,primary_training,23,continentality,4.235445401876131e-05
M0_legacy_representation,primary_training,23,population,0.023925150796377626
M0_legacy_representation,primary_training,23,station_density,-0.0016583525291863504
M0_legacy_representation,primary_training,23,climate_zone=B,0.005967030307357595
M0_legacy_representation,primary_training,23,climate_zone=C,-0.022401894013691803
M0_legacy_representation,primary_training,23,climate_zone=D,-0.0074562037801822025
M0_legacy_representation,primary_training,23,climate_zone=E,-0.09221632671166373
M0_legacy_representation,primary_training,23,hemisphere=S,-0.02095204268371159
M0_legacy_representation,primary_training,23,spatial_block=Asia,-0.04602565494231774
M0_legacy_representation,primary_training,23,spatial_block=Europe,-0.05457907597674507
M0_legacy_representation,primary_training,23,spatial_block=North America,-0.0829386330281746
M0_legacy_representation,primary_training,23,spatial_block=Oceania,-0.05454695143414965
M0_legacy_representation,primary_training,23,spatial_block=South America,-0.0603001489688716
M0_legacy_representation,primary_training,23,income_group=Low-income countries,0.006872180975822578
M0_legacy_representation,primary_training,23,income_group=Lower-middle-income countries,-0.008948235446414142
M0_legacy_representation,primary_training,23,income_group=Upper-middle-income countries,-0.013293222629584928
M0_legacy_representation,primary_training,24,intercept,0.013849382922123996
M0_legacy_representation,primary_training,24,cum_co2_per_capita,0.037670393767236764
M0_legacy_representation,primary_training,24,cum_co2_total,-0.020168628580130632
M0_legacy_representation,primary_training,24,abs_latitude,0.0010743391010529617
M0_legacy_representation,primary_training,24,elevation,-2.6873383375665906e-06
M0_legacy_representation,primary_training,24,continentality,4.2605018271987143e-05
M0_legacy_representation,primary_training,24,population,0.025257275185381112
M0_legacy_representation,primary_training,24,station_density,-0.001593717093666416
M0_legacy_representation,primary_training,24,climate_zone=B,0.014173018263375548
M0_legacy_representation,primary_training,24,climate_zone=C,-0.02265041103698334
M0_legacy_representation,primary_training,24,climate_zone=D,-0.005007887062027064
M0_legacy_representation,primary_training,24,climate_zone=E,-0.08777807327010378
M0_legacy_representation,primary_training,24,hemisphere=S,-0.030688112428925912
M0_legacy_representation,primary_training,24,spatial_block=Asia,-0.061177195245405
M0_legacy_representation,primary_training,24,spatial_block=Europe,-0.06639362438284185
M0_legacy_representation,primary_training,24,spatial_block=North America,-0.09464810158437849
M0_legacy_representation,primary_training,24,spatial_block=Oceania,-0.056984595697501264
M0_legacy_representation,primary_training,24,spatial_block=South America,-0.06428140804826137
M0_legacy_representation,primary_training,24,income_group=Low-income countries,0.007163672782858519
M0_legacy_representation,primary_training,24,income_group=Lower-middle-income countries,-0.00597549645178676
M0_legacy_representation,primary_training,24,income_group=Upper-middle-income countries,-0.013257507182426975
M0_legacy_representation,primary_training,25,intercept,0.014382219174056523
M0_legacy_representation,primary_training,25,cum_co2_per_capita,0.038288519562243974
M0_legacy_representation,primary_training,25,cum_co2_total,-0.022461272528007087
M0_legacy_representation,primary_training,25,abs_latitude,0.0011017330319098033
M0_legacy_representation,primary_training,25,elevation,-7.918598703615598e-07
M0_legacy_representation,primary_training,25,continentality,4.008163710433307e-05
M0_legacy_representation,primary_training,25,population,0.025543522954087686
M0_legacy_representation,primary_training,25,station_density,-0.0017162569786266237
M0_legacy_representation,primary_training,25,climate_zone=B,0.0047944267537389776
M0_legacy_representation,primary_training,25,climate_zone=C,-0.023905333265278775
M0_legacy_representation,primary_training,25,climate_zone=D,-0.007847010835275265
M0_legacy_representation,primary_training,25,climate_zone=E,-0.09369753644296532
M0_legacy_representation,primary_training,25,hemisphere=S,-0.025073293088371335
M0_legacy_representation,primary_training,25,spatial_block=Asia,-0.05222438777591357
M0_legacy_representation,primary_training,25,spatial_block=Europe,-0.06123644923931043
M0_legacy_representation,primary_training,25,spatial_block=North America,-0.09009676286766252
M0_legacy_representation,primary_training,25,spatial_block=Oceania,-0.05763115469292536
M0_legacy_representation,primary_training,25,spatial_block=South America,-0.06275082106115445
M0_legacy_representation,primary_training,25,income_group=Low-income countries,0.00495186743701607
M0_legacy_representation,primary_training,25,income_group=Lower-middle-income countries,-0.009188130018533587
M0_legacy_representation,primary_training,25,income_group=Upper-middle-income countries,-0.014374956107878268
M0_legacy_representation,primary_training,26,intercept,0.014639490596415644
M0_legacy_representation,primary_training,26,cum_co2_per_capita,0.04091288702647968
M0_legacy_representation,primary_training,26,cum_co2_total,-0.022374323077660914
M0_legacy_representation,primary_training,26,abs_latitude,0.0010214438029800858
M0_legacy_representation,primary_training,26,elevation,-1.0785785621926882e-06
M0_legacy_representation,primary_training,26,continentality,4.187413416133116e-05
M0_legacy_representation,primary_training,26,population,0.024549733474358962
M0_legacy_representation,primary_training,26,station_density,-0.0016815046162064276
M0_legacy_representation,primary_training,26,climate_zone=B,0.00563893484017854
M0_legacy_representation,primary_training,26,climate_zone=C,-0.020680132253804204
M0_legacy_representation,primary_training,26,climate_zone=D,-0.005461618368205549
M0_legacy_representation,primary_training,26,climate_zone=E,-0.09039167691145274
M0_legacy_representation,primary_training,26,hemisphere=S,-0.02572106079837305
M0_legacy_representation,primary_training,26,spatial_block=Asia,-0.05182092406147079
M0_legacy_representation,primary_training,26,spatial_block=Europe,-0.06123347074095857
M0_legacy_representation,primary_training,26,spatial_block=North America,-0.08925676613916071
M0_legacy_representation,primary_training,26,spatial_block=Oceania,-0.05752182049800308
M0_legacy_representation,primary_training,26,spatial_block=South America,-0.061931012589646096
M0_legacy_representation,primary_training,26,income_group=Low-income countries,0.010244419344267418
M0_legacy_representation,primary_training,26,income_group=Lower-middle-income countries,-0.005970021958871599
M0_legacy_representation,primary_training,26,income_group=Upper-middle-income countries,-0.013308125513819274
M0_legacy_representation,primary_training,27,intercept,0.013541689293595073
M0_legacy_representation,primary_training,27,cum_co2_per_capita,0.04193326978585394
M0_legacy_representation,primary_training,27,cum_co2_total,-0.019044684076819567
M0_legacy_representation,primary_training,27,abs_latitude,0.0007799971343184659
M0_legacy_representation,primary_training,27,elevation,1.7474297187652994e-06
M0_legacy_representation,primary_training,27,continentality,4.710299628823735e-05
M0_legacy_representation,primary_training,27,population,0.020272181898894116
M0_legacy_representation,primary_training,27,station_density,-0.001511233382889838
M0_legacy_representation,primary_training,27,climate_zone=B,0.006260442169997771
M0_legacy_representation,primary_training,27,climate_zone=C,-0.025568390179293635
M0_legacy_representation,primary_training,27,climate_zone=D,-0.009289213776084066
M0_legacy_representation,primary_training,27,climate_zone=E,-0.09043688712437924
M0_legacy_representation,primary_training,27,hemisphere=S,-0.007506466262592836
M0_legacy_representation,primary_training,27,spatial_block=Asia,-0.02782941447098462
M0_legacy_representation,primary_training,27,spatial_block=Europe,-0.031445326312618545
M0_legacy_representation,primary_training,27,spatial_block=North America,-0.06443839426919848
M0_legacy_representation,primary_training,27,spatial_block=Oceania,-0.04709575233000634
M0_legacy_representation,primary_training,27,spatial_block=South America,-0.053397532174183956
M0_legacy_representation,primary_training,27,income_group=Low-income countries,0.015898096452942947
M0_legacy_representation,primary_training,27,income_group=Lower-middle-income countries,-0.007757303006648471
M0_legacy_representation,primary_training,27,income_group=Upper-middle-income countries,-0.01291533063068471
M0_legacy_representation,primary_training,28,intercept,0.014208030070785504
M0_legacy_representation,primary_training,28,cum_co2_per_capita,0.04252363724065059
M0_legacy_representation,primary_training,28,cum_co2_total,-0.02044703078909073
M0_legacy_representation,primary_training,28,abs_latitude,0.0008464756315915535
M0_legacy_representation,primary_training,28,elevation,1.4023701006300456e-06
M0_legacy_representation,primary_training,28,continentality,4.520779798088895e-05
M0_legacy_representation,primary_training,28,population,0.02227751239496392
M0_legacy_representation,primary_training,28,station_density,-0.0014297919403725393
M0_legacy_representation,primary_training,28,climate_zone=B,0.0023960800812748797
M0_legacy_representation,primary_training,28,climate_zone=C,-0.028340197601567158
M0_legacy_representation,primary_training,28,climate_zone=D,-0.010050521591635334
M0_legacy_representation,primary_training,28,climate_zone=E,-0.09171794778441088
M0_legacy_representation,primary_training,28,hemisphere=S,-0.016288151332852486
M0_legacy_representation,primary_training,28,spatial_block=Asia,-0.03869355827910768
M0_legacy_representation,primary_training,28,spatial_block=Europe,-0.04456062885750341
M0_legacy_representation,primary_training,28,spatial_block=North America,-0.07661992031476926
M0_legacy_representation,primary_training,28,spatial_block=Oceania,-0.0500302046531326
M0_legacy_representation,primary_training,28,spatial_block=South America,-0.057157459803029144
M0_legacy_representation,primary_training,28,income_group=Low-income countries,0.0139242597420995
M0_legacy_representation,primary_training,28,income_group=Lower-middle-income countries,-0.007004654219819665
M0_legacy_representation,primary_training,28,income_group=Upper-middle-income countries,-0.013931602298224861
M0_legacy_representation,primary_training,29,intercept,0.014628354827281628
M0_legacy_representation,primary_training,29,cum_co2_per_capita,0.04144530533913618
M0_legacy_representation,primary_training,29,cum_co2_total,-0.02236592951913635
M0_legacy_representation,primary_training,29,abs_latitude,0.000916555895355865
M0_legacy_representation,primary_training,29,elevation,-3.7344840641608575e-09
M0_legacy_representation,primary_training,29,continentality,4.338833601947207e-05
M0_legacy_representation,primary_training,29,population,0.02395889410542106
M0_legacy_representation,primary_training,29,station_density,-0.001400816328996641
M0_legacy_representation,primary_training,29,climate_zone=B,0.0040802838506435605
M0_legacy_representation,primary_training,29,climate_zone=C,-0.02786020377644397
M0_legacy_representation,primary_training,29,climate_zone=D,-0.007499151213228658
M0_legacy_representation,primary_training,29,climate_zone=E,-0.091129866067862
M0_legacy_representation,primary_training,29,hemisphere=S,-0.02043373990176881
M0_legacy_representation,primary_training,29,spatial_block=Asia,-0.04437529711601943
M0_legacy_representation,primary_training,29,spatial_block=Europe,-0.05211694555865771
M0_legacy_representation,primary_training,29,spatial_block=North America,-0.08242814393107623
M0_legacy_representation,primary_training,29,spatial_block=Oceania,-0.05180073941204075
M0_legacy_representation,primary_training,29,spatial_block=South America,-0.05856744828793956
M0_legacy_representation,primary_training,29,income_group=Low-income countries,0.010044653362754199
M0_legacy_representation,primary_training,29,income_group=Lower-middle-income countries,-0.007428207226556592
M0_legacy_representation,primary_training,29,income_group=Upper-middle-income countries,-0.014470229153324136
M0_legacy_representation,primary_training,30,intercept,0.015402321242987927
M0_legacy_representation,primary_training,30,cum_co2_per_capita,0.043113116440220915
M0_legacy_representation,primary_training,30,cum_co2_total,-0.02448696195113147
M0_legacy_representation,primary_training,30,abs_latitude,0.0011594781220081191
M0_legacy_representation,primary_training,30,elevation,-1.0908675342225945e-06
M0_legacy_representation,primary_training,30,continentality,4.146470247325445e-05
M0_legacy_representation,primary_training,30,population,0.024813849066580636
M0_legacy_representation,primary_training,30,station_density,-0.0015096417188080033
M0_legacy_representation,primary_training,30,climate_zone=B,0.007311239635464841
M0_legacy_representation,primary_training,30,climate_zone=C,-0.0215704328362963
M0_legacy_representation,primary_training,30,climate_zone=D,-0.007768632716246851
M0_legacy_representation,primary_training,30,climate_zone=E,-0.09612200889520611
M0_legacy_representation,primary_training,30,hemisphere=S,-0.012457646814513883
M0_legacy_representation,primary_training,30,spatial_block=Asia,-0.05683389309682948
M0_legacy_representation,primary_training,30,spatial_block=Europe,-0.06793389125046514
M0_legacy_representation,primary_training,30,spatial_block=North America,-0.09362985662825203
M0_legacy_representation,primary_training,30,spatial_block=Oceania,-0.07442397772899446
M0_legacy_representation,primary_training,30,spatial_block=South America,-0.0763662097050838
M0_legacy_representation,primary_training,30,income_group=Low-income countries,0.007281342035386922
M0_legacy_representation,primary_training,30,income_group=Lower-middle-income countries,-0.006777032892373896
M0_legacy_representation,primary_training,30,income_group=Upper-middle-income countries,-0.010784551208360403
M0_legacy_representation,primary_training,31,intercept,0.015155471437513165
M0_legacy_representation,primary_training,31,cum_co2_per_capita,0.040398869706856855
M0_legacy_representation,primary_training,31,cum_co2_total,-0.024519536081558217
M0_legacy_representation,primary_training,31,abs_latitude,0.0011594703630522678
M0_legacy_representation,primary_training,31,elevation,1.4366921182132938e-06
M0_legacy_representation,primary_training,31,continentality,4.289253590186874e-05
M0_legacy_representation,primary_training,31,population,0.026014422836670374
M0_legacy_representation,primary_training,31,station_density,-0.0014680247327202597
M0_legacy_representation,primary_training,31,climate_zone=B,0.006429115334581446
M0_legacy_representation,primary_training,31,climate_zone=C,-0.026355343703110375
M0_legacy_representation,primary_training,31,climate_zone=D,-0.011845097277781828
M0_legacy_representation,primary_training,31,climate_zone=E,-0.09888414277037719
M0_legacy_representation,primary_training,31,hemisphere=S,-0.021641655596843497
M0_legacy_representation,primary_training,31,spatial_block=Asia,-0.05649134315148413
M0_legacy_representation,primary_training,31,spatial_block=Europe,-0.06492993528704845
M0_legacy_representation,primary_training,31,spatial_block=North America,-0.09341372604474035
M0_legacy_representation,primary_training,31,spatial_block=Oceania,-0.061921254235794795
M0_legacy_representation,primary_training,31,spatial_block=South America,-0.07097555107221586
M0_legacy_representation,primary_training,31,income_group=Low-income countries,-0.0022395978180555155
M0_legacy_representation,primary_training,31,income_group=Lower-middle-income countries,-0.012498152199798189
M0_legacy_representation,primary_training,31,income_group=Upper-middle-income countries,-0.013047013301100984
M0_legacy_representation,primary_training,32,intercept,0.014887937206206283
M0_legacy_representation,primary_training,32,cum_co2_per_capita,0.040702146442126545
M0_legacy_representation,primary_training,32,cum_co2_total,-0.023243068383309053
M0_legacy_representation,primary_training,32,abs_latitude,0.001039696012913668
M0_legacy_representation,primary_training,32,elevation,-9.559689678473332e-07
M0_legacy_representation,primary_training,32,continentality,4.2618007301128e-05
M0_legacy_representation,primary_training,32,population,0.025382408411798823
M0_legacy_representation,primary_training,32,station_density,-0.0016022319312038904
M0_legacy_representation,primary_training,32,climate_zone=B,0.00621882769267068
M0_legacy_representation,primary_training,32,climate_zone=C,-0.024733786095221418
M0_legacy_representation,primary_training,32,climate_zone=D,-0.00836469072209671
M0_legacy_representation,primary_training,32,climate_zone=E,-0.09391812802709769
M0_legacy_representation,primary_training,32,hemisphere=S,-0.02683269918588292
M0_legacy_representation,primary_training,32,spatial_block=Asia,-0.053569720851887506
M0_legacy_representation,primary_training,32,spatial_block=Europe,-0.061418609298152786
M0_legacy_representation,primary_training,32,spatial_block=North America,-0.09119854106552092
M0_legacy_representation,primary_training,32,spatial_block=Oceania,-0.05627746503224366
M0_legacy_representation,primary_training,32,spatial_block=South America,-0.06295406731178231
M0_legacy_representation,primary_training,32,income_group=Low-income countries,0.0056074333784927564
M0_legacy_representation,primary_training,32,income_group=Lower-middle-income countries,-0.008383643027833346
M0_legacy_representation,primary_training,32,income_group=Upper-middle-income countries,-0.013977959862205009
M0_legacy_representation,primary_training,33,intercept,0.016339082964818098
M0_legacy_representation,primary_training,33,cum_co2_per_capita,0.04434866995799919
M0_legacy_representation,primary_training,33,cum_co2_total,-0.026623753065722768
M0_legacy_representation,primary_training,33,abs_latitude,0.0008800884365828479
M0_legacy_representation,primary_training,33,elevation,-1.986543081427679e-06
M0_legacy_representation,primary_training,33,continentality,4.8077387136083615e-05
M0_legacy_representation,primary_training,33,population,0.027062074765182416
M0_legacy_representation,primary_training,33,station_density,-0.001670205496865329
M0_legacy_representation,primary_training,33,climate_zone=B,0.0018807320989840841
M0_legacy_representation,primary_training,33,climate_zone=C,-0.022711612900135285
M0_legacy_representation,primary_training,33,climate_zone=D,-0.007656573431258433
M0_legacy_representation,primary_training,33,climate_zone=E,-0.09229758943531054
M0_legacy_representation,primary_training,33,hemisphere=S,-0.03174697217822004
M0_legacy_representation,primary_training,33,spatial_block=Asia,-0.05685478281009016
M0_legacy_representation,primary_training,33,spatial_block=Europe,-0.0659720891246461
M0_legacy_representation,primary_training,33,spatial_block=North America,-0.0982818152697271
M0_legacy_representation,primary_training,33,spatial_block=Oceania,-0.05802769398402867
M0_legacy_representation,primary_training,33,spatial_block=South America,-0.06637033410046131
M0_legacy_representation,primary_training,33,income_group=Low-income countries,0.0026421002648768723
M0_legacy_representation,primary_training,33,income_group=Lower-middle-income countries,-0.011834451144121771
M0_legacy_representation,primary_training,33,income_group=Upper-middle-income countries,-0.014289876534187645
M0_legacy_representation,primary_training,34,intercept,0.014583123728955512
M0_legacy_representation,primary_training,34,cum_co2_per_capita,0.04010672027591843
M0_legacy_representation,primary_training,34,cum_co2_total,-0.02286238149232133
M0_legacy_representation,primary_training,34,abs_latitude,0.0011222702155943203
M0_legacy_representation,primary_training,34,elevation,-2.960612111283827e-06
M0_legacy_representation,primary_training,34,continentality,3.941677246985961e-05
M0_legacy_representation,primary_training,34,population,0.024529640605487197
M0_legacy_representation,primary_training,34,station_density,-0.0016207579433452708
M0_legacy_representation,primary_training,34,climate_zone=B,0.008235115945442613
M0_legacy_representation,primary_training,34,climate_zone=C,-0.018851899316960196
M0_legacy_representation,primary_training,34,climate_zone=D,-0.0035891080656608185
M0_legacy_representation,primary_training,34,climate_zone=E,-0.09096565203472975
M0_legacy_representation,primary_training,34,hemisphere=S,-0.03304439364063848
M0_legacy_representation,primary_training,34,spatial_block=Asia,-0.051729313561623275
M0_legacy_representation,primary_training,34,spatial_block=Europe,-0.06339131850443548
M0_legacy_representation,primary_training,34,spatial_block=North America,-0.08904090363395657
M0_legacy_representation,primary_training,34,spatial_block=Oceania,-0.05089110122739685
M0_legacy_representation,primary_training,34,spatial_block=South America,-0.0553417782669797
M0_legacy_representation,primary_training,34,income_group=Low-income countries,0.010778583818929495
M0_legacy_representation,primary_training,34,income_group=Lower-middle-income countries,-0.005773425528030014
M0_legacy_representation,primary_training,34,income_group=Upper-middle-income countries,-0.012148728641425103
M0_legacy_representation,primary_training,35,intercept,0.013461285964032762
M0_legacy_representation,primary_training,35,cum_co2_per_capita,0.03843324067430711
M0_legacy_representation,primary_training,35,cum_co2_total,-0.0192205369709991
M0_legacy_representation,primary_training,35,abs_latitude,0.0010162893600420219
M0_legacy_representation,primary_training,35,elevation,1.4266698437476281e-06
M0_legacy_representation,primary_training,35,continentality,4.387220932269803e-05
M0_legacy_representation,primary_training,35,population,0.023113938138884516
M0_legacy_representation,primary_training,35,station_density,-0.0017321528728510035
M0_legacy_representation,primary_training,35,climate_zone=B,0.00310104350945092
M0_legacy_representation,primary_training,35,climate_zone=C,-0.02395314148378559
M0_legacy_representation,primary_training,35,climate_zone=D,-0.009381876677334007
M0_legacy_representation,primary_training,35,climate_zone=E,-0.09123845024289068
M0_legacy_representation,primary_training,35,hemisphere=S,-0.019009586466405656
M0_legacy_representation,primary_training,35,spatial_block=Asia,-0.043774469041575476
M0_legacy_representation,primary_training,35,spatial_block=Europe,-0.05176983096874618
M0_legacy_representation,primary_training,35,spatial_block=North America,-0.08084635524496228
M0_legacy_representation,primary_training,35,spatial_block=Oceania,-0.053819100340630595
M0_legacy_representation,primary_training,35,spatial_block=South America,-0.06048100210477653
M0_legacy_representation,primary_training,35,income_group=Low-income countries,0.0062768467976725955
M0_legacy_representation,primary_training,35,income_group=Lower-middle-income countries,-0.009406481438705193
M0_legacy_representation,primary_training,35,income_group=Upper-middle-income countries,-0.013278803042582436
M0_legacy_representation,primary_training,36,intercept,0.013678915994959403
M0_legacy_representation,primary_training,36,cum_co2_per_capita,0.03768703569857423
M0_legacy_representation,primary_training,36,cum_co2_total,-0.0203855792025672
M0_legacy_representation,primary_training,36,abs_latitude,0.001003867238400673
M0_legacy_representation,primary_training,36,elevation,3.70483645338872e-07
M0_legacy_representation,primary_training,36,continentality,4.3419598662236374e-05
M0_legacy_representation,primary_training,36,population,0.024000881068611864
M0_legacy_representation,primary_training,36,station_density,-0.0016995981226247475
M0_legacy_representation,primary_training,36,climate_zone=B,0.007294240041824638
M0_legacy_representation,primary_training,36,climate_zone=C,-0.02213812272957221
M0_legacy_representation,primary_training,36,climate_zone=D,-0.006581803239740547
M0_legacy_representation,primary_training,36,climate_zone=E,-0.08917758249911369
M0_legacy_representation,primary_training,36,hemisphere=S,-0.020762079299154468
M0_legacy_representation,primary_training,36,spatial_block=Asia,-0.0463389098432525
M0_legacy_representation,primary_training,36,spatial_block=Europe,-0.05348702548949008
M0_legacy_representation,primary_training,36,spatial_block=North America,-0.08267441992652877
M0_legacy_representation,primary_training,36,spatial_block=Oceania,-0.05421104905874242
M0_legacy_representation,primary_training,36,spatial_block=South America,-0.06088365035368089
M0_legacy_representation,primary_training,36,income_group=Low-income countries,0.0027628791528727078
M0_legacy_representation,primary_training,36,income_group=Lower-middle-income countries,-0.009281047198782377
M0_legacy_representation,primary_training,36,income_group=Upper-middle-income countries,-0.013692854190433444
M0_legacy_representation,primary_training,37,intercept,0.01498897081233022
M0_legacy_representation,primary_training,37,cum_co2_per_capita,0.03983830185513236
M0_legacy_representation,primary_training,37,cum_co2_total,-0.024523699337116848
M0_legacy_representation,primary_training,37,abs_latitude,0.0011928834746368765
M0_legacy_representation,primary_training,37,elevation,-2.3839913707208485e-06
M0_legacy_representation,primary_training,37,continentality,4.364905552089269e-05
M0_legacy_representation,primary_training,37,population,0.025571823681728095
M0_legacy_representation,primary_training,37,station_density,-0.0014860144737513514
M0_legacy_representation,primary_training,37,climate_zone=B,0.004327271137698249
M0_legacy_representation,primary_training,37,climate_zone=C,-0.02208563909482641
M0_legacy_representation,primary_training,37,climate_zone=D,-0.007182814049020298
M0_legacy_representation,primary_training,37,climate_zone=E,-0.09603962753261432
M0_legacy_representation,primary_training,37,hemisphere=S,-0.030250422693128557
M0_legacy_representation,primary_training,37,spatial_block=Asia,-0.05371452806799849
M0_legacy_representation,primary_training,37,spatial_block=Europe,-0.06527643073168443
M0_legacy_representation,primary_training,37,spatial_block=North America,-0.09101536246263563
M0_legacy_representation,primary_training,37,spatial_block=Oceania,-0.05386246328718035
M0_legacy_representation,primary_training,37,spatial_block=South America,-0.05903466167237402
M0_legacy_representation,primary_training,37,income_group=Low-income countries,0.003626226653603777
M0_legacy_representation,primary_training,37,income_group=Lower-middle-income countries,-0.010285648864030574
M0_legacy_representation,primary_training,37,income_group=Upper-middle-income countries,-0.013884884374459297
M0_legacy_representation,primary_training,38,intercept,0.015549389774169083
M0_legacy_representation,primary_training,38,cum_co2_per_capita,0.04272049580646888
M0_legacy_representation,primary_training,38,cum_co2_total,-0.025234127188687488
M0_legacy_representation,primary_training,38,abs_latitude,0.001224416186528353
M0_legacy_representation,primary_training,38,elevation,7.487735324625393e-07
M0_legacy_representation,primary_training,38,continentality,3.8791554181992304e-05
M0_legacy_representation,primary_training,38,population,0.02534171564985867
M0_legacy_representation,primary_training,38,station_density,-0.001454534975960662
M0_legacy_representation,primary_training,38,climate_zone=B,0.008365954612941574
M0_legacy_representation,primary_training,38,climate_zone=C,-0.024346997079403306
M0_legacy_representation,primary_training,38,climate_zone=D,-0.010366712729595736
M0_legacy_representation,primary_training,38,climate_zone=E,-0.10029236019035034
M0_legacy_representation,primary_training,38,hemisphere=S,-0.011948981551393192
M0_legacy_representation,primary_training,38,spatial_block=Asia,-0.05847660083853399
M0_legacy_representation,primary_training,38,spatial_block=Europe,-0.06853370272482612
M0_legacy_representation,primary_training,38,spatial_block=North America,-0.09466102790807296
M0_legacy_representation,primary_training,38,spatial_block=Oceania,-0.07488812354935662
M0_legacy_representation,primary_training,38,spatial_block=South America,-0.0783366624687903
M0_legacy_representation,primary_training,38,income_group=Low-income countries,0.0022350002615045056
M0_legacy_representation,primary_training,38,income_group=Lower-middle-income countries,-0.00739590615935161
M0_legacy_representation,primary_training,38,income_group=Upper-middle-income countries,-0.01128950130987679
M0_legacy_representation,primary_training,39,intercept,0.01452556767837248
M0_legacy_representation,primary_training,39,cum_co2_per_capita,0.03762685332797422
M0_legacy_representation,primary_training,39,cum_co2_total,-0.022890826897211062
M0_legacy_representation,primary_training,39,abs_latitude,0.001213312615569905
M0_legacy_representation,primary_training,39,elevation,-3.7248398035690003e-06
M0_legacy_representation,primary_training,39,continentality,4.649772522690787e-05
M0_legacy_representation,primary_training,39,population,0.026635725845047968
M0_legacy_representation,primary_training,39,station_density,-0.001450457722153302
M0_legacy_representation,primary_training,39,climate_zone=B,0.011214137511499531
M0_legacy_representation,primary_training,39,climate_zone=C,-0.02238749246139091
M0_legacy_representation,primary_training,39,climate_zone=D,-0.0055191540247221255
M0_legacy_representation,primary_training,39,climate_zone=E,-0.09123235323793588
M0_legacy_representation,primary_training,39,hemisphere=S,-0.035233785626821085
M0_legacy_representation,primary_training,39,spatial_block=Asia,-0.06548428868989606
M0_legacy_representation,primary_training,39,spatial_block=Europe,-0.07450239312626233
M0_legacy_representation,primary_training,39,spatial_block=North America,-0.09933252465611314
M0_legacy_representation,primary_training,39,spatial_block=Oceania,-0.05658010197943838
M0_legacy_representation,primary_training,39,spatial_block=South America,-0.06482187373645533
M0_legacy_representation,primary_training,39,income_group=Low-income countries,0.0020493411545270995
M0_legacy_representation,primary_training,39,income_group=Lower-middle-income countries,-0.011005312663850651
M0_legacy_representation,primary_training,39,income_group=Upper-middle-income countries,-0.013670752480013634
M0_legacy_representation,primary_training,40,intercept,0.015336210621133236
M0_legacy_representation,primary_training,40,cum_co2_per_capita,0.04195488037651363
M0_legacy_representation,primary_training,40,cum_co2_total,-0.024650300079892766
M0_legacy_representation,primary_training,40,abs_latitude,0.00117499717545011
M0_legacy_representation,primary_training,40,elevation,-3.403535384350316e-07
M0_legacy_representation,primary_training,40,continentality,4.030824163689357e-05
M0_legacy_representation,primary_training,40,population,0.025412083270391777
M0_legacy_representation,primary_training,40,station_density,-0.0015100874807286182
M0_legacy_representation,primary_training,40,climate_zone=B,0.007398694490843719
M0_legacy_representation,primary_training,40,climate_zone=C,-0.02321011270849896
M0_legacy_representation,primary_training,40,climate_zone=D,-0.008927335217157072
M0_legacy_representation,primary_training,40,climate_zone=E,-0.09735241426209928
M0_legacy_representation,primary_training,40,hemisphere=S,-0.014807145537896192
M0_legacy_representation,primary_training,40,spatial_block=Asia,-0.0572414246240853
M0_legacy_representation,primary_training,40,spatial_block=Europe,-0.06760679647326813
M0_legacy_representation,primary_training,40,spatial_block=North America,-0.0942216568044407
M0_legacy_representation,primary_training,40,spatial_block=Oceania,-0.07177377118619788
M0_legacy_representation,primary_training,40,spatial_block=South America,-0.07546059938416512
M0_legacy_representation,primary_training,40,income_group=Low-income countries,0.002677371769559789
M0_legacy_representation,primary_training,40,income_group=Lower-middle-income countries,-0.008358600222420298
M0_legacy_representation,primary_training,40,income_group=Upper-middle-income countries,-0.01151456646281245
M0_legacy_representation,primary_training,41,intercept,0.014548985001690136
M0_legacy_representation,primary_training,41,cum_co2_per_capita,0.040049032907240885
M0_legacy_representation,primary_training,41,cum_co2_total,-0.02276103625062559
M0_legacy_representation,primary_training,41,abs_latitude,0.001129714390121636
M0_legacy_representation,primary_training,41,elevation,-3.1295615142205403e-06
M0_legacy_representation,primary_training,41,continentality,3.892623651571228e-05
M0_legacy_representation,primary_training,41,population,0.02448384085227482
M0_legacy_representation,primary_training,41,station_density,-0.0016211702034420392
M0_legacy_representation,primary_training,41,climate_zone=B,0.008422167090042927
M0_legacy_representation,primary_training,41,climate_zone=C,-0.018849775603765637
M0_legacy_representation,primary_training,41,climate_zone=D,-0.0034821792484837594
M0_legacy_representation,primary_training,41,climate_zone=E,-0.0909745569939491
M0_legacy_representation,primary_training,41,hemisphere=S,-0.033421838954132956
M0_legacy_representation,primary_training,41,spatial_block=Asia,-0.051765098180861835
M0_legacy_representation,primary_training,41,spatial_block=Europe,-0.06357614396358302
M0_legacy_representation,primary_training,41,spatial_block=North America,-0.08907335692678738
M0_legacy_representation,primary_training,41,spatial_block=Oceania,-0.05063149529121164
M0_legacy_representation,primary_training,41,spatial_block=South America,-0.05495737172764853
M0_legacy_representation,primary_training,41,income_group=Low-income countries,0.011051830145946084
M0_legacy_representation,primary_training,41,income_group=Lower-middle-income countries,-0.005569441726935098
M0_legacy_representation,primary_training,41,income_group=Upper-middle-income countries,-0.012006638056102088
M0_legacy_representation,primary_training,42,intercept,0.014427854887212356
M0_legacy_representation,primary_training,42,cum_co2_per_capita,0.03935587459320403
M0_legacy_representation,primary_training,42,cum_co2_total,-0.022458599426482793
M0_legacy_representation,primary_training,42,abs_latitude,0.0010523391357629556
M0_legacy_representation,primary_training,42,elevation,-4.674432709946108e-07
M0_legacy_representation,primary_training,42,continentality,4.0168892829195395e-05
M0_legacy_representation,primary_training,42,population,0.024752655303585707
M0_legacy_representation,primary_training,42,station_density,-0.0017229138748171876
M0_legacy_representation,primary_training,42,climate_zone=B,0.0064459820756918515
M0_legacy_representation,primary_training,42,climate_zone=C,-0.022005856884708703
M0_legacy_representation,primary_training,42,climate_zone=D,-0.006518161332245151
M0_legacy_representation,primary_training,42,climate_zone=E,-0.0922529626073041
M0_legacy_representation,primary_training,42,hemisphere=S,-0.02378793628810404
M0_legacy_representation,primary_training,42,spatial_block=Asia,-0.049153370783524115
M0_legacy_representation,primary_training,42,spatial_block=Europe,-0.058010229297723835
M0_legacy_representation,primary_training,42,spatial_block=North America,-0.08663603963650406
M0_legacy_representation,primary_training,42,spatial_block=Oceania,-0.055951373658479485
M0_legacy_representation,primary_training,42,spatial_block=South America,-0.06108504573365973
M0_legacy_representation,primary_training,42,income_group=Low-income countries,0.007560523375407701
M0_legacy_representation,primary_training,42,income_group=Lower-middle-income countries,-0.008393097563440666
M0_legacy_representation,primary_training,42,income_group=Upper-middle-income countries,-0.013589010132520136
M0_legacy_representation,primary_training,43,intercept,0.014904179317308554
M0_legacy_representation,primary_training,43,cum_co2_per_capita,0.040749718645614344
M0_legacy_representation,primary_training,43,cum_co2_total,-0.023491961007915885
M0_legacy_representation,primary_training,43,abs_latitude,0.0010813126711142118
M0_legacy_representation,primary_training,43,elevation,-1.0813787877303382e-06
M0_legacy_representation,primary_training,43,continentality,4.126560646571032e-05
M0_legacy_representation,primary_training,43,population,0.025183396250317753
M0_legacy_representation,primary_training,43,station_density,-0.0014742536462269815
M0_legacy_representation,primary_training,43,climate_zone=B,0.006737311165193058
M0_legacy_representation,primary_training,43,climate_zone=C,-0.02560977651412368
M0_legacy_representation,primary_training,43,climate_zone=D,-0.006498423001339384
M0_legacy_representation,primary_training,43,climate_zone=E,-0.09262876107426983
M0_legacy_representation,primary_training,43,hemisphere=S,-0.025697468982285566
M0_legacy_representation,primary_training,43,spatial_block=Asia,-0.053422711607992036
M0_legacy_representation,primary_training,43,spatial_block=Europe,-0.06380130017570383
M0_legacy_representation,primary_training,43,spatial_block=North America,-0.090658974389581
M0_legacy_representation,primary_training,43,spatial_block=Oceania,-0.05623170361967781
M0_legacy_representation,primary_training,43,spatial_block=South America,-0.06268624585115987
M0_legacy_representation,primary_training,43,income_group=Low-income countries,0.00604902495772163
M0_legacy_representation,primary_training,43,income_group=Lower-middle-income countries,-0.007439363122270934
M0_legacy_representation,primary_training,43,income_group=Upper-middle-income countries,-0.013248069616346945
M0_legacy_representation,primary_training,44,intercept,0.014991016217646636
M0_legacy_representation,primary_training,44,cum_co2_per_capita,0.041149653126066166
M0_legacy_representation,primary_training,44,cum_co2_total,-0.023971983012143004
M0_legacy_representation,primary_training,44,abs_latitude,0.0010680786712419905
M0_legacy_representation,primary_training,44,elevation,-3.4743203540529174e-06
M0_legacy_representation,primary_training,44,continentality,4.281336990145442e-05
M0_legacy_representation,primary_training,44,population,0.024824461167667587
M0_legacy_representation,primary_training,44,station_density,-0.0015777520800028492
M0_legacy_representation,primary_training,44,climate_zone=B,0.0078098099948839496
M0_legacy_representation,primary_training,44,climate_zone=C,-0.01808385596393925
M0_legacy_representation,primary_training,44,climate_zone=D,-0.0030250930709781595
M0_legacy_representation,primary_training,44,climate_zone=E,-0.0902545380790996
M0_legacy_representation,primary_training,44,hemisphere=S,-0.03375565653954311
M0_legacy_representation,primary_training,44,spatial_block=Asia,-0.05177053259351056
M0_legacy_representation,primary_training,44,spatial_block=Europe,-0.06316367194962805
M0_legacy_representation,primary_training,44,spatial_block=North America,-0.08948736197849153
M0_legacy_representation,primary_training,44,spatial_block=Oceania,-0.05043208115047252
M0_legacy_representation,primary_training,44,spatial_block=South America,-0.055284090723070896
M0_legacy_representation,primary_training,44,income_group=Low-income countries,0.011443868432316623
M0_legacy_representation,primary_training,44,income_group=Lower-middle-income countries,-0.00651295076481227
M0_legacy_representation,primary_training,44,income_group=Upper-middle-income countries,-0.012597567594006822
M0_legacy_representation,primary_training,45,intercept,0.01508196677566129
M0_legacy_representation,primary_training,45,cum_co2_per_capita,0.040452926934005366
M0_legacy_representation,primary_training,45,cum_co2_total,-0.024467701306682167
M0_legacy_representation,primary_training,45,abs_latitude,0.0012098405563966803
M0_legacy_representation,primary_training,45,elevation,4.5173631261524086e-07
M0_legacy_representation,primary_training,45,continentality,4.142930369024906e-05
M0_legacy_representation,primary_training,45,population,0.02557117241328799
M0_legacy_representation,primary_training,45,station_density,-0.0014832493421441672
M0_legacy_representation,primary_training,45,climate_zone=B,0.006526314329965809
M0_legacy_representation,primary_training,45,climate_zone=C,-0.02685669018137788
M0_legacy_representation,primary_training,45,climate_zone=D,-0.012004751091997435
M0_legacy_representation,primary_training,45,climate_zone=E,-0.10082878086742375
M0_legacy_representation,primary_training,45,hemisphere=S,-0.0255604106274067
M0_legacy_representation,primary_training,45,spatial_block=Asia,-0.05447982788436677
M0_legacy_representation,primary_training,45,spatial_block=Europe,-0.06371161010249762
M0_legacy_representation,primary_training,45,spatial_block=North America,-0.09145980943001486
M0_legacy_representation,primary_training,45,spatial_block=Oceania,-0.05669012747043808
M0_legacy_representation,primary_training,45,spatial_block=South America,-0.06491150169512488
M0_legacy_representation,primary_training,45,income_group=Low-income countries,0.002370687990043763
M0_legacy_representation,primary_training,45,income_group=Lower-middle-income countries,-0.011094283382193773
M0_legacy_representation,primary_training,45,income_group=Upper-middle-income countries,-0.013029350445712884
M0_legacy_representation,primary_training,46,intercept,0.01534417684945553
M0_legacy_representation,primary_training,46,cum_co2_per_capita,0.04148954965097075
M0_legacy_representation,primary_training,46,cum_co2_total,-0.02494864740230242
M0_legacy_representation,primary_training,46,abs_latitude,0.0012283376111925136
M0_legacy_representation,primary_training,46,elevation,4.108811932144408e-07
M0_legacy_representation,primary_training,46,continentality,4.1247106968119956e-05
M0_legacy_representation,primary_training,46,population,0.02562686404346284
M0_legacy_representation,primary_training,46,station_density,-0.0013890195841410355
M0_legacy_representation,primary_training,46,climate_zone=B,0.007689847443738073
M0_legacy_representation,primary_training,46,climate_zone=C,-0.02716146580532287
M0_legacy_representation,primary_training,46,climate_zone=D,-0.012233832013972016
M0_legacy_representation,primary_training,46,climate_zone=E,-0.1015291553012702
M0_legacy_representation,primary_training,46,hemisphere=S,-0.01419655981146395
M0_legacy_representation,primary_training,46,spatial_block=Asia,-0.05747238033140992
M0_legacy_representation,primary_training,46,spatial_block=Europe,-0.06644957664431071
M0_legacy_representation,primary_training,46,spatial_block=North America,-0.09378456618726166
M0_legacy_representation,primary_training,46,spatial_block=Oceania,-0.07010249072944295
M0_legacy_representation,primary_training,46,spatial_block=South America,-0.07565170433240145
M0_legacy_representation,primary_training,46,income_group=Low-income countries,0.0010390485289137373
M0_legacy_representation,primary_training,46,income_group=Lower-middle-income countries,-0.01014976329418446
M0_legacy_representation,primary_training,46,income_group=Upper-middle-income countries,-0.012101130128410492
M0_legacy_representation,primary_training,47,intercept,0.015202577388258021
M0_legacy_representation,primary_training,47,cum_co2_per_capita,0.03774764238122986
M0_legacy_representation,primary_training,47,cum_co2_total,-0.02522473933974348
M0_legacy_representation,primary_training,47,abs_latitude,0.0008124312323547938
M0_legacy_representation,primary_training,47,elevation,-2.6151693526123046e-06
M0_legacy_representation,primary_training,47,continentality,2.9410522282435654e-05
M0_legacy_representation,primary_training,47,population,0.02824308260857767
M0_legacy_representation,primary_training,47,station_density,-0.0013040913150926647
M0_legacy_representation,primary_training,47,climate_zone=B,0.0016203950905632734
M0_legacy_representation,primary_training,47,climate_zone=C,-0.018974000099732772
M0_legacy_representation,primary_training,47,climate_zone=D,0.0037029427634416227
M0_legacy_representation,primary_training,47,climate_zone=E,-0.08135475412057022
M0_legacy_representation,primary_training,47,hemisphere=S,-0.02432936848661584
M0_legacy_representation,primary_training,47,spatial_block=Asia,-0.0587606902577997
M0_legacy_representation,primary_training,47,spatial_block=Europe,-0.06198853314542084
M0_legacy_representation,primary_training,47,spatial_block=North America,-0.09307459596573005
M0_legacy_representation,primary_training,47,spatial_block=Oceania,-0.062247658121879886
M0_legacy_representation,primary_training,47,spatial_block=South America,-0.06215056143457748
M0_legacy_representation,primary_training,47,income_group=Low-income countries,-0.001633681992600299
M0_legacy_representation,primary_training,47,income_group=Lower-middle-income countries,-0.013494760838039174
M0_legacy_representation,primary_training,47,income_group=Upper-middle-income countries,-0.020548837827655354
M0_legacy_representation,primary_training,48,intercept,0.014842681185866884
M0_legacy_representation,primary_training,48,cum_co2_per_capita,0.04287870391536908
M0_legacy_representation,primary_training,48,cum_co2_total,-0.02265130716617718
M0_legacy_representation,primary_training,48,abs_latitude,0.0009821245505111573
M0_legacy_representation,primary_training,48,elevation,-3.2267022155624066e-06
M0_legacy_representation,primary_training,48,continentality,4.074535290014102e-05
M0_legacy_representation,primary_training,48,population,0.023526076033654357
M0_legacy_representation,primary_training,48,station_density,-0.0015217951838914442
M0_legacy_representation,primary_training,48,climate_zone=B,0.006525486989992676
M0_legacy_representation,primary_training,48,climate_zone=C,-0.02052019665861379
M0_legacy_representation,primary_training,48,climate_zone=D,-0.006381192954633979
M0_legacy_representation,primary_training,48,climate_zone=E,-0.09119848020897726
M0_legacy_representation,primary_training,48,hemisphere=S,-0.024049498922885326
M0_legacy_representation,primary_training,48,spatial_block=Asia,-0.04936276160340573
M0_legacy_representation,primary_training,48,spatial_block=Europe,-0.05651706559371605
M0_legacy_representation,primary_training,48,spatial_block=North America,-0.08566725431292557
M0_legacy_representation,primary_training,48,spatial_block=Oceania,-0.05692782180673288
M0_legacy_representation,primary_training,48,spatial_block=South America,-0.057283411870028375
M0_legacy_representation,primary_training,48,income_group=Low-income countries,0.020079955020868113
M0_legacy_representation,primary_training,48,income_group=Lower-middle-income countries,-0.0004194392153503517
M0_legacy_representation,primary_training,48,income_group=Upper-middle-income countries,-0.013526088740961333
M0_legacy_representation,primary_training,49,intercept,0.014818522633428314
M0_legacy_representation,primary_training,49,cum_co2_per_capita,0.038968083378696255
M0_legacy_representation,primary_training,49,cum_co2_total,-0.024003081322559645
M0_legacy_representation,primary_training,49,abs_latitude,0.0008712487818014302
M0_legacy_representation,primary_training,49,elevation,-2.102014492849839e-06
M0_legacy_representation,primary_training,49,continentality,3.1895148004426727e-05
M0_legacy_representation,primary_training,49,population,0.025939971099309157
M0_legacy_representation,primary_training,49,station_density,-0.001350598588873683
M0_legacy_representation,primary_training,49,climate_zone=B,0.005670048725353991
M0_legacy_representation,primary_training,49,climate_zone=C,-0.017285276091025398
M0_legacy_representation,primary_training,49,climate_zone=D,0.0010777035138212292
M0_legacy_representation,primary_training,49,climate_zone=E,-0.08326909250010522
M0_legacy_representation,primary_training,49,hemisphere=S,-0.024272303671844797
M0_legacy_representation,primary_training,49,spatial_block=Asia,-0.05280730138201276
M0_legacy_representation,primary_training,49,spatial_block=Europe,-0.056898094068457146
M0_legacy_representation,primary_training,49,spatial_block=North America,-0.08653360926187936
M0_legacy_representation,primary_training,49,spatial_block=Oceania,-0.0573475142392238
M0_legacy_representation,primary_training,49,spatial_block=South America,-0.05719982732344414
M0_legacy_representation,primary_training,49,income_group=Low-income countries,0.012886703127041979
M0_legacy_representation,primary_training,49,income_group=Lower-middle-income countries,-0.006739243491370713
M0_legacy_representation,primary_training,49,income_group=Upper-middle-income countries,-0.017849215104862738
M0_legacy_representation,primary_training,50,intercept,0.013415611756875029
M0_legacy_representation,primary_training,50,cum_co2_per_capita,0.031963661195921464
M0_legacy_representation,primary_training,50,cum_co2_total,-0.021762892720991085
M0_legacy_representation,primary_training,50,abs_latitude,0.0012652751708700388
M0_legacy_representation,primary_training,50,elevation,-8.792873109581478e-07
M0_legacy_representation,primary_training,50,continentality,3.9570019944296955e-05
M0_legacy_representation,primary_training,50,population,0.026767116624336347
M0_legacy_representation,primary_training,50,station_density,-0.0016219128666690777
M0_legacy_representation,primary_training,50,climate_zone=B,0.0017390056330176043
M0_legacy_representation,primary_training,50,climate_zone=C,-0.028061726691748973
M0_legacy_representation,primary_training,50,climate_zone=D,-0.012091189819321538
M0_legacy_representation,primary_training,50,climate_zone=E,-0.09823368961987725
M0_legacy_representation,primary_training,50,hemisphere=S,-0.027107500627231544
M0_legacy_representation,primary_training,50,spatial_block=Asia,-0.04715770838766769
M0_legacy_representation,primary_training,50,spatial_block=Europe,-0.05802494357205849
M0_legacy_representation,primary_training,50,spatial_block=North America,-0.08941480887032587
M0_legacy_representation,primary_training,50,spatial_block=Oceania,-0.05329952306452196
M0_legacy_representation,primary_training,50,spatial_block=South America,-0.05883852115243708
M0_legacy_representation,primary_training,50,income_group=Low-income countries,-0.002215454908773471
M0_legacy_representation,primary_training,50,income_group=Lower-middle-income countries,-0.008795230645362757
M0_legacy_representation,primary_training,50,income_group=Upper-middle-income countries,-0.01611055040917522
M0_legacy_representation,primary_training,51,intercept,0.013205820382480329
M0_legacy_representation,primary_training,51,cum_co2_per_capita,0.031470881611090414
M0_legacy_representation,primary_training,51,cum_co2_total,-0.0207966389549454
M0_legacy_representation,primary_training,51,abs_latitude,0.001357107915178438
M0_legacy_representation,primary_training,51,elevation,3.9625519268778197e-07
M0_legacy_representation,primary_training,51,continentality,3.6341709004292874e-05
M0_legacy_representation,primary_training,51,population,0.026967401728839234
M0_legacy_representation,primary_training,51,station_density,-0.002187215853617941
M0_legacy_representation,primary_training,51,climate_zone=B,-0.005674109683263895
M0_legacy_representation,primary_training,51,climate_zone=C,-0.03515932978384706
M0_legacy_representation,primary_training,51,climate_zone=D,-0.021513417100942202
M0_legacy_representation,primary_training,51,climate_zone=E,-0.10859512206214095
M0_legacy_representation,primary_training,51,hemisphere=S,-0.029685015935516403
M0_legacy_representation,primary_training,51,spatial_block=Asia,-0.04186798646459617
M0_legacy_representation,primary_training,51,spatial_block=Europe,-0.0552558845632989
M0_legacy_representation,primary_training,51,spatial_block=North America,-0.09089853382078464
M0_legacy_representation,primary_training,51,spatial_block=Oceania,-0.05203839245225342
M0_legacy_representation,primary_training,51,spatial_block=South America,-0.05691008027161815
M0_legacy_representation,primary_training,51,income_group=Low-income countries,-0.0026086450565853975
M0_legacy_representation,primary_training,51,income_group=Lower-middle-income countries,-0.005938488905864315
M0_legacy_representation,primary_training,51,income_group=Upper-middle-income countries,-0.016403118376169794
M0_legacy_representation,primary_training,52,intercept,0.014433816328934347
M0_legacy_representation,primary_training,52,cum_co2_per_capita,0.03638863707172945
M0_legacy_representation,primary_training,52,cum_co2_total,-0.023411792819368518
M0_legacy_representation,primary_training,52,abs_latitude,0.0011241066319338073
M0_legacy_representation,primary_training,52,elevation,-1.8061157543451967e-07
M0_legacy_representation,primary_training,52,continentality,3.793783605211749e-05
M0_legacy_representation,primary_training,52,population,0.0268024680825052
M0_legacy_representation,primary_training,52,station_density,-0.0020628633709755206
M0_legacy_representation,primary_training,52,climate_zone=B,-0.0004835410380209422
M0_legacy_representation,primary_training,52,climate_zone=C,-0.029052036359965082
M0_legacy_representation,primary_training,52,climate_zone=D,-0.014561200401310235
M0_legacy_representation,primary_training,52,climate_zone=E,-0.1012545711702443
M0_legacy_representation,primary_training,52,hemisphere=S,-0.026259123490914603
M0_legacy_representation,primary_training,52,spatial_block=Asia,-0.04400058961632545
M0_legacy_representation,primary_training,52,spatial_block=Europe,-0.05507521115533172
M0_legacy_representation,primary_training,52,spatial_block=North America,-0.0901280019399361
M0_legacy_representation,primary_training,52,spatial_block=Oceania,-0.055108018271881706
M0_legacy_representation,primary_training,52,spatial_block=South America,-0.060558983801456585
M0_legacy_representation,primary_training,52,income_group=Low-income countries,-0.0007745431384387025
M0_legacy_representation,primary_training,52,income_group=Lower-middle-income countries,-0.008736684588457696
M0_legacy_representation,primary_training,52,income_group=Upper-middle-income countries,-0.015256804763519219
M0_legacy_representation,primary_training,53,intercept,0.012830986780901223
M0_legacy_representation,primary_training,53,cum_co2_per_capita,0.023067131798522766
M0_legacy_representation,primary_training,53,cum_co2_total,-0.022290506929458567
M0_legacy_representation,primary_training,53,abs_latitude,0.0010953747937187319
M0_legacy_representation,primary_training,53,elevation,-4.074874268184718e-06
M0_legacy_representation,primary_training,53,continentality,2.102565925269481e-05
M0_legacy_representation,primary_training,53,population,0.031628281957428124
M0_legacy_representation,primary_training,53,station_density,-0.0019189043033309924
M0_legacy_representation,primary_training,53,climate_zone=B,-0.002645038298835586
M0_legacy_representation,primary_training,53,climate_zone=C,-0.02452353096808151
M0_legacy_representation,primary_training,53,climate_zone=D,-0.00048302835408165184
M0_legacy_representation,primary_training,53,climate_zone=E,-0.08465755084935508
M0_legacy_representation,primary_training,53,hemisphere=S,-0.02534018354405289
M0_legacy_representation,primary_training,53,spatial_block=Asia,-0.038544756076655896
M0_legacy_representation,primary_training,53,spatial_block=Europe,-0.060334149875841465
M0_legacy_representation,primary_training,53,spatial_block=North America,-0.09469024693556792
M0_legacy_representation,primary_training,53,spatial_block=Oceania,-0.061290131835625046
M0_legacy_representation,primary_training,53,spatial_block=South America,-0.06003403486248976
M0_legacy_representation,primary_training,53,income_group=Low-income countries,-0.018425822004093397
M0_legacy_representation,primary_training,53,income_group=Lower-middle-income countries,-0.019066628982562457
M0_legacy_representation,primary_training,53,income_group=Upper-middle-income countries,-0.02297767131834802
M0_legacy_representation,primary_training,54,intercept,0.014465907283852181
M0_legacy_representation,primary_training,54,cum_co2_per_capita,0.04118900308376235
M0_legacy_representation,primary_training,54,cum_co2_total,-0.021742019000541138
M0_legacy_representation,primary_training,54,abs_latitude,0.0008738069341455862
M0_legacy_representation,primary_training,54,elevation,-2.8121010684363624e-06
M0_legacy_representation,primary_training,54,continentality,3.776083690092704e-05
M0_legacy_representation,primary_training,54,population,0.023864421618803058
M0_legacy_representation,primary_training,54,station_density,-0.0014697191015011757
M0_legacy_representation,primary_training,54,climate_zone=B,0.0062832848165008046
M0_legacy_representation,primary_training,54,climate_zone=C,-0.018658319004024253
M0_legacy_representation,primary_training,54,climate_zone=D,-0.0017175665668163927
M0_legacy_representation,primary_training,54,climate_zone=E,-0.08505576882670687
M0_legacy_representation,primary_training,54,hemisphere=S,-0.024139287030323173
M0_legacy_representation,primary_training,54,spatial_block=Asia,-0.05118335951347837
M0_legacy_representation,primary_training,54,spatial_block=Europe,-0.05444258485525246
M0_legacy_representation,primary_training,54,spatial_block=North America,-0.08470575541172169
M0_legacy_representation,primary_training,54,spatial_block=Oceania,-0.056303702857520545
M0_legacy_representation,primary_training,54,spatial_block=South America,-0.05588208812622274
M0_legacy_representation,primary_training,54,income_group=Low-income countries,0.020149533095433984
M0_legacy_representation,primary_training,54,income_group=Lower-middle-income countries,-9.270614607954389e-05
M0_legacy_representation,primary_training,54,income_group=Upper-middle-income countries,-0.01547199414666501
M0_legacy_representation,primary_training,55,intercept,0.01343538824869265
M0_legacy_representation,primary_training,55,cum_co2_per_capita,0.03230525998291672
M0_legacy_representation,primary_training,55,cum_co2_total,-0.02139502143793728
M0_legacy_representation,primary_training,55,abs_latitude,0.0012525857682052668
M0_legacy_representation,primary_training,55,elevation,-1.5381304164052468e-06
M0_legacy_representation,primary_training,55,continentality,3.980019791811797e-05
M0_legacy_representation,primary_training,55,population,0.026912048071298537
M0_legacy_representation,primary_training,55,station_density,-0.001863034058764909
M0_legacy_representation,primary_training,55,climate_zone=B,0.0008784412056667882
M0_legacy_representation,primary_training,55,climate_zone=C,-0.027905897641821175
M0_legacy_representation,primary_training,55,climate_zone=D,-0.012987642622506328
M0_legacy_representation,primary_training,55,climate_zone=E,-0.09851924830141057
M0_legacy_representation,primary_training,55,hemisphere=S,-0.029857508617936884
M0_legacy_representation,primary_training,55,spatial_block=Asia,-0.04838825737427854
M0_legacy_representation,primary_training,55,spatial_block=Europe,-0.059310644744843606
M0_legacy_representation,primary_training,55,spatial_block=North America,-0.0914435602557047
M0_legacy_representation,primary_training,55,spatial_block=Oceania,-0.053536533113229826
M0_legacy_representation,primary_training,55,spatial_block=South America,-0.05848031941087394
M0_legacy_representation,primary_training,55,income_group=Low-income countries,-0.0037089275769355864
M0_legacy_representation,primary_training,55,income_group=Lower-middle-income countries,-0.007954052548700633
M0_legacy_representation,primary_training,55,income_group=Upper-middle-income countries,-0.016130632071812267
M0_legacy_representation,primary_training,56,intercept,0.013912209122672053
M0_legacy_representation,primary_training,56,cum_co2_per_capita,0.03646004098415496
M0_legacy_representation,primary_training,56,cum_co2_total,-0.02116733772666126
M0_legacy_representation,primary_training,56,abs_latitude,0.0013011934467045876
M0_legacy_representation,primary_training,56,elevation,8.70953837627858e-07
M0_legacy_representation,primary_training,56,continentality,3.999505991097272e-05
M0_legacy_representation,primary_training,56,population,0.025845876025216687
M0_legacy_representation,primary_training,56,station_density,-0.0022416360505219616
M0_legacy_representation,primary_training,56,climate_zone=B,-0.0002841030567671683
M0_legacy_representation,primary_training,56,climate_zone=C,-0.02674734205954522
M0_legacy_representation,primary_training,56,climate_zone=D,-0.014271432458782107
M0_legacy_representation,primary_training,56,climate_zone=E,-0.10174399790940968
M0_legacy_representation,primary_training,56,hemisphere=S,-0.03123996263820676
M0_legacy_representation,primary_training,56,spatial_block=Asia,-0.052493364011976046
M0_legacy_representation,primary_training,56,spatial_block=Europe,-0.06561736562320501
M0_legacy_representation,primary_training,56,spatial_block=North America,-0.09273273319750987
M0_legacy_representation,primary_training,56,spatial_block=Oceania,-0.10354910344829389
M0_legacy_representation,primary_training,56,spatial_block=South America,-0.060494305902269625
M0_legacy_representation,primary_training,56,income_group=Low-income countries,0.0011676359133445786
M0_legacy_representation,primary_training,56,income_group=Lower-middle-income countries,-0.009502367446458184
M0_legacy_representation,primary_training,56,income_group=Upper-middle-income countries,-0.016558709017154952
M0_legacy_representation,primary_training,57,intercept,0.013754806673495271
M0_legacy_representation,primary_training,57,cum_co2_per_capita,0.03374334452664952
M0_legacy_representation,primary_training,57,cum_co2_total,-0.022807834952653573
M0_legacy_representation,primary_training,57,abs_latitude,0.0010484387337590822
M0_legacy_representation,primary_training,57,elevation,-3.606155334836958e-06
M0_legacy_representation,primary_training,57,continentality,3.0155414059807608e-05
M0_legacy_representation,primary_training,57,population,0.025977660561668028
M0_legacy_representation,primary_training,57,station_density,-0.000933596266378429
M0_legacy_representation,primary_training,57,climate_zone=B,-0.003353385884451229
M0_legacy_representation,primary_training,57,climate_zone=C,-0.016100260434383
M0_legacy_representation,primary_training,57,climate_zone=D,0.004612164382330235
M0_legacy_representation,primary_training,57,climate_zone=E,-0.07961324553680617
M0_legacy_representation,primary_training,57,hemisphere=S,-0.024900762972800368
M0_legacy_representation,primary_training,57,spatial_block=Asia,-0.06444523918022117
M0_legacy_representation,primary_training,57,spatial_block=Europe,-0.05972091704363619
M0_legacy_representation,primary_training,57,spatial_block=North America,-0.08836494777852472
M0_legacy_representation,primary_training,57,spatial_block=Oceania,-0.05638267753693998
M0_legacy_representation,primary_training,57,spatial_block=South America,-0.05623306116418615
M0_legacy_representation,primary_training,57,income_group=Low-income countries,0.015180975177832933
M0_legacy_representation,primary_training,57,income_group=Lower-middle-income countries,-3.751158281853428e-06
M0_legacy_representation,primary_training,57,income_group=Upper-middle-income countries,-0.01155835420108846
M0_legacy_representation,primary_training,58,intercept,0.01453118960822529
M0_legacy_representation,primary_training,58,cum_co2_per_capita,0.04212199014264411
M0_legacy_representation,primary_training,58,cum_co2_total,-0.021827909184681388
M0_legacy_representation,primary_training,58,abs_latitude,0.0011272266604179858
M0_legacy_representation,primary_training,58,elevation,-3.498924693158326e-06
M0_legacy_representation,primary_training,58,continentality,3.620073340215197e-05
M0_legacy_representation,primary_training,58,population,0.02323723832202672
M0_legacy_representation,primary_training,58,station_density,-0.0013780753252358787
M0_legacy_representation,primary_training,58,climate_zone=B,0.009646076769195797
M0_legacy_representation,primary_training,58,climate_zone=C,-0.019802920538569815
M0_legacy_representation,primary_training,58,climate_zone=D,-0.006770611021125093
M0_legacy_representation,primary_training,58,climate_zone=E,-0.09337853092449971
M0_legacy_representation,primary_training,58,hemisphere=S,-0.026053955909158613
M0_legacy_representation,primary_training,58,spatial_block=Asia,-0.050836704727606985
M0_legacy_representation,primary_training,58,spatial_block=Europe,-0.061234831251029465
M0_legacy_representation,primary_training,58,spatial_block=North America,-0.08803473252048798
M0_legacy_representation,primary_training,58,spatial_block=Oceania,-0.059108968317775845
M0_legacy_representation,primary_training,58,spatial_block=South America,-0.05738474296558138
M0_legacy_representation,primary_training,58,income_group=Low-income countries,0.022344648911373926
M0_legacy_representation,primary_training,58,income_group=Lower-middle-income countries,0.0032977122225058258
M0_legacy_representation,primary_training,58,income_group=Upper-middle-income countries,-0.013449038935003023
M0_legacy_representation,primary_training,59,intercept,0.014032565308371159
M0_legacy_representation,primary_training,59,cum_co2_per_capita,0.040703806601103426
M0_legacy_representation,primary_training,59,cum_co2_total,-0.020020395324849505
M0_legacy_representation,primary_training,59,abs_latitude,0.001188945210761361
M0_legacy_representation,primary_training,59,elevation,-1.0272033428670519e-06
M0_legacy_representation,primary_training,59,continentality,3.3098563599508054e-05
M0_legacy_representation,primary_training,59,population,0.023471189924275836
M0_legacy_representation,primary_training,59,station_density,-0.0016299484956142367
M0_legacy_representation,primary_training,59,climate_zone=B,0.01073974469689881
M0_legacy_representation,primary_training,59,climate_zone=C,-0.023073634515361093
M0_legacy_representation,primary_training,59,climate_zone=D,-0.008795649250096254
M0_legacy_representation,primary_training,59,climate_zone=E,-0.09563548569242689
M0_legacy_representation,primary_training,59,hemisphere=S,-0.02669915753531618
M0_legacy_representation,primary_training,59,spatial_block=Asia,-0.0496361908322918
M0_legacy_representation,primary_training,59,spatial_block=Europe,-0.06409057767213244
M0_legacy_representation,primary_training,59,spatial_block=North America,-0.09009624447467743
M0_legacy_representation,primary_training,59,spatial_block=Oceania,-0.05966924186349021
M0_legacy_representation,primary_training,59,spatial_block=South America,-0.06080704955887658
M0_legacy_representation,primary_training,59,income_group=Low-income countries,0.018026259889780603
M0_legacy_representation,primary_training,59,income_group=Lower-middle-income countries,-0.0010698078853577982
M0_legacy_representation,primary_training,59,income_group=Upper-middle-income countries,-0.013972919498486109
M0_legacy_representation,primary_training,60,intercept,0.014938274588442267
M0_legacy_representation,primary_training,60,cum_co2_per_capita,0.0387616957858413
M0_legacy_representation,primary_training,60,cum_co2_total,-0.02419968596570106
M0_legacy_representation,primary_training,60,abs_latitude,0.001053972629239644
M0_legacy_representation,primary_training,60,elevation,-1.1101450730274692e-06
M0_legacy_representation,primary_training,60,continentality,3.876180234238143e-05
M0_legacy_representation,primary_training,60,population,0.026668265779109416
M0_legacy_representation,primary_training,60,station_density,-0.0019209737267925847
M0_legacy_representation,primary_training,60,climate_zone=B,0.006075676276731593
M0_legacy_representation,primary_training,60,climate_zone=C,-0.02078122988243619
M0_legacy_representation,primary_training,60,climate_zone=D,-0.0018847152277279718
M0_legacy_representation,primary_training,60,climate_zone=E,-0.08961540207929615
M0_legacy_representation,primary_training,60,hemisphere=S,-0.025970519003300985
M0_legacy_representation,primary_training,60,spatial_block=Asia,-0.051939878167204086
M0_legacy_representation,primary_training,60,spatial_block=Europe,-0.0663481737538146
M0_legacy_representation,primary_training,60,spatial_block=North America,-0.0914884990793564
M0_legacy_representation,primary_training,60,spatial_block=Oceania,-0.05982076459359362
M0_legacy_representation,primary_training,60,spatial_block=South America,-0.06305580253728377
M0_legacy_representation,primary_training,60,income_group=Low-income countries,-0.00034704345061098733
M0_legacy_representation,primary_training,60,income_group=Lower-middle-income countries,-0.013849799173442538
M0_legacy_representation,primary_training,60,income_group=Upper-middle-income countries,-0.017545711844707657
M0_legacy_representation,primary_training,61,intercept,0.014032565308371159
M0_legacy_representation,primary_training,61,cum_co2_per_capita,0.040703806601103426
M0_legacy_representation,primary_training,61,cum_co2_total,-0.020020395324849505
M0_legacy_representation,primary_training,61,abs_latitude,0.001188945210761361
M0_legacy_representation,primary_training,61,elevation,-1.0272033428670519e-06
M0_legacy_representation,primary_training,61,continentality,3.3098563599508054e-05
M0_legacy_representation,primary_training,61,population,0.023471189924275836
M0_legacy_representation,primary_training,61,station_density,-0.0016299484956142367
M0_legacy_representation,primary_training,61,climate_zone=B,0.01073974469689881
M0_legacy_representation,primary_training,61,climate_zone=C,-0.023073634515361093
M0_legacy_representation,primary_training,61,climate_zone=D,-0.008795649250096254
M0_legacy_representation,primary_training,61,climate_zone=E,-0.09563548569242689
M0_legacy_representation,primary_training,61,hemisphere=S,-0.02669915753531618
M0_legacy_representation,primary_training,61,spatial_block=Asia,-0.0496361908322918
M0_legacy_representation,primary_training,61,spatial_block=Europe,-0.06409057767213244
M0_legacy_representation,primary_training,61,spatial_block=North America,-0.09009624447467743
M0_legacy_representation,primary_training,61,spatial_block=Oceania,-0.05966924186349021
M0_legacy_representation,primary_training,61,spatial_block=South America,-0.06080704955887658
M0_legacy_representation,primary_training,61,income_group=Low-income countries,0.018026259889780603
M0_legacy_representation,primary_training,61,income_group=Lower-middle-income countries,-0.0010698078853577982
M0_legacy_representation,primary_training,61,income_group=Upper-middle-income countries,-0.013972919498486109
M0_legacy_representation,primary_training,62,intercept,0.01537051032462101
M0_legacy_representation,primary_training,62,cum_co2_per_capita,0.03634053621773449
M0_legacy_representation,primary_training,62,cum_co2_total,-0.026032325861915475
M0_legacy_representation,primary_training,62,abs_latitude,0.00041882141216304604
M0_legacy_representation,primary_training,62,elevation,-5.5079394450528e-06
M0_legacy_representation,primary_training,62,continentality,1.3928960169608799e-05
M0_legacy_representation,primary_training,62,population,0.029850199868071598
M0_legacy_representation,primary_training,62,station_density,-0.0011228660052336604
M0_legacy_representation,primary_training,62,climate_zone=B,0.005605533705805121
M0_legacy_representation,primary_training,62,climate_zone=C,-0.009167220698283282
M0_legacy_representation,primary_training,62,climate_zone=D,0.018090279981096958
M0_legacy_representation,primary_training,62,climate_zone=E,-0.062313164976334434
M0_legacy_representation,primary_training,62,hemisphere=S,-0.020922708431582823
M0_legacy_representation,primary_training,62,spatial_block=Asia,-0.06223837959645711
M0_legacy_representation,primary_training,62,spatial_block=Europe,-0.057293481825263
M0_legacy_representation,primary_training,62,spatial_block=North America,-0.09189530936128028
M0_legacy_representation,primary_training,62,spatial_block=Oceania,-0.06707644561903982
M0_legacy_representation,primary_training,62,spatial_block=South America,-0.060811776727992824
M0_legacy_representation,primary_training,62,income_group=Low-income countries,0.001133898801149241
M0_legacy_representation,primary_training,62,income_group=Lower-middle-income countries,-0.014249283838708974
M0_legacy_representation,primary_training,62,income_group=Upper-middle-income countries,-0.02354423781488282
M0_legacy_representation,primary_training,63,intercept,0.014426742166543946
M0_legacy_representation,primary_training,63,cum_co2_per_capita,0.03628481435266768
M0_legacy_representation,primary_training,63,cum_co2_total,-0.023461742081096866
M0_legacy_representation,primary_training,63,abs_latitude,0.0011347225152246408
M0_legacy_representation,primary_training,63,elevation,-1.7933504748446557e-07
M0_legacy_representation,primary_training,63,continentality,3.7972681311799026e-05
M0_legacy_representation,primary_training,63,population,0.026813896565502607
M0_legacy_representation,primary_training,63,station_density,-0.0020526913757501113
M0_legacy_representation,primary_training,63,climate_zone=B,-0.00037430162862217944
M0_legacy_representation,primary_training,63,climate_zone=C,-0.029013960358759524
M0_legacy_representation,primary_training,63,climate_zone=D,-0.014500102829737108
M0_legacy_representation,primary_training,63,climate_zone=E,-0.10142875006818124
M0_legacy_representation,primary_training,63,hemisphere=S,-0.02628792076949492
M0_legacy_representation,primary_training,63,spatial_block=Asia,-0.044226503933328686
M0_legacy_representation,primary_training,63,spatial_block=Europe,-0.05527372597583057
M0_legacy_representation,primary_training,63,spatial_block=North America,-0.09006210655673676
M0_legacy_representation,primary_training,63,spatial_block=Oceania,-0.05507252631853484
M0_legacy_representation,primary_training,63,spatial_block=South America,-0.06042995856823625
M0_legacy_representation,primary_training,63,income_group=Low-income countries,-0.0008522333562520118
M0_legacy_representation,primary_training,63,income_group=Lower-middle-income countries,-0.008764153817669007
M0_legacy_representation,primary_training,63,income_group=Upper-middle-income countries,-0.015369977655141028
M0_legacy_representation,primary_training,64,intercept,0.014032565308371159
M0_legacy_representation,primary_training,64,cum_co2_per_capita,0.040703806601103426
M0_legacy_representation,primary_training,64,cum_co2_total,-0.020020395324849505
M0_legacy_representation,primary_training,64,abs_latitude,0.001188945210761361
M0_legacy_representation,primary_training,64,elevation,-1.0272033428670519e-06
M0_legacy_representation,primary_training,64,continentality,3.3098563599508054e-05
M0_legacy_representation,primary_training,64,population,0.023471189924275836
M0_legacy_representation,primary_training,64,station_density,-0.0016299484956142367
M0_legacy_representation,primary_training,64,climate_zone=B,0.01073974469689881
M0_legacy_representation,primary_training,64,climate_zone=C,-0.023073634515361093
M0_legacy_representation,primary_training,64,climate_zone=D,-0.008795649250096254
M0_legacy_representation,primary_training,64,climate_zone=E,-0.09563548569242689
M0_legacy_representation,primary_training,64,hemisphere=S,-0.02669915753531618
M0_legacy_representation,primary_training,64,spatial_block=Asia,-0.0496361908322918
M0_legacy_representation,primary_training,64,spatial_block=Europe,-0.06409057767213244
M0_legacy_representation,primary_training,64,spatial_block=North America,-0.09009624447467743
M0_legacy_representation,primary_training,64,spatial_block=Oceania,-0.05966924186349021
M0_legacy_representation,primary_training,64,spatial_block=South America,-0.06080704955887658
M0_legacy_representation,primary_training,64,income_group=Low-income countries,0.018026259889780603
M0_legacy_representation,primary_training,64,income_group=Lower-middle-income countries,-0.0010698078853577982
M0_legacy_representation,primary_training,64,income_group=Upper-middle-income countries,-0.013972919498486109
M0_legacy_representation,primary_training,65,intercept,0.014344103593107472
M0_legacy_representation,primary_training,65,cum_co2_per_capita,0.037266197836206126
M0_legacy_representation,primary_training,65,cum_co2_total,-0.022660126582011064
M0_legacy_representation,primary_training,65,abs_latitude,0.001178171419182628
M0_legacy_representation,primary_training,65,elevation,2.5043160527304086e-07
M0_legacy_representation,primary_training,65,continentality,4.029520160661941e-05
M0_legacy_representation,primary_training,65,population,0.026138297140422494
M0_legacy_representation,primary_training,65,station_density,-0.002319576003015595
M0_legacy_representation,primary_training,65,climate_zone=B,0.0019332799708162856
M0_legacy_representation,primary_training,65,climate_zone=C,-0.02462747839178877
M0_legacy_representation,primary_training,65,climate_zone=D,-0.011489731854342761
M0_legacy_representation,primary_training,65,climate_zone=E,-0.0989607484985622
M0_legacy_representation,primary_training,65,hemisphere=S,-0.03073608118420819
M0_legacy_representation,primary_training,65,spatial_block=Asia,-0.05082213135317885
M0_legacy_representation,primary_training,65,spatial_block=Europe,-0.061291412524367914
M0_legacy_representation,primary_training,65,spatial_block=North America,-0.09095587568874515
M0_legacy_representation,primary_training,65,spatial_block=Oceania,-0.05458163888631375
M0_legacy_representation,primary_training,65,spatial_block=South America,-0.05945651281199115
M0_legacy_representation,primary_training,65,income_group=Low-income countries,0.0015241512417695409
M0_legacy_representation,primary_training,65,income_group=Lower-middle-income countries,-0.008557546344228076
M0_legacy_representation,primary_training,65,income_group=Upper-middle-income countries,-0.01570156964331844
M0_legacy_representation,primary_training,66,intercept,0.014809090543429404
M0_legacy_representation,primary_training,66,cum_co2_per_capita,0.0394595353950076
M0_legacy_representation,primary_training,66,cum_co2_total,-0.023620509966034146
M0_legacy_representation,primary_training,66,abs_latitude,0.0009634582411076382
M0_legacy_representation,primary_training,66,elevation,-1.0073900697709653e-06
M0_legacy_representation,primary_training,66,continentality,3.5861811335184984e-05
M0_legacy_representation,primary_training,66,population,0.025774497899533372
M0_legacy_representation,primary_training,66,station_density,-0.0015520211562701919
M0_legacy_representation,primary_training,66,climate_zone=B,0.006298818121346053
M0_legacy_representation,primary_training,66,climate_zone=C,-0.021263765860891865
M0_legacy_representation,primary_training,66,climate_zone=D,-0.0034114634366868807
M0_legacy_representation,primary_training,66,climate_zone=E,-0.08834062694666775
M0_legacy_representation,primary_training,66,hemisphere=S,-0.025204793600955618
M0_legacy_representation,primary_training,66,spatial_block=Asia,-0.05219651889798053
M0_legacy_representation,primary_training,66,spatial_block=Europe,-0.05951221982559481
M0_legacy_representation,primary_training,66,spatial_block=North America,-0.08898887374578483
M0_legacy_representation,primary_training,66,spatial_block=Oceania,-0.0569881338465665
M0_legacy_representation,primary_training,66,spatial_block=South America,-0.060845611467574064
M0_legacy_representation,primary_training,66,income_group=Low-income countries,0.0069668369497310565
M0_legacy_representation,primary_training,66,income_group=Lower-middle-income countries,-0.007538772232037096
M0_legacy_representation,primary_training,66,income_group=Upper-middle-income countries,-0.015279840838133893
M0_legacy_representation,primary_training,67,intercept,0.013765238942158892
M0_legacy_representation,primary_training,67,cum_co2_per_capita,0.03428597795029215
M0_legacy_representation,primary_training,67,cum_co2_total,-0.022049849029714366
M0_legacy_representation,primary_training,67,abs_latitude,0.0011963040137122473
M0_legacy_representation,primary_training,67,elevation,-8.820214385224912e-07
M0_legacy_representation,primary_training,67,continentality,4.076798110438636e-05
M0_legacy_representation,primary_training,67,population,0.02625560667294686
M0_legacy_representation,primary_training,67,station_density,-0.0015084301697762628
M0_legacy_representation,primary_training,67,climate_zone=B,0.003449384338980579
M0_legacy_representation,primary_training,67,climate_zone=C,-0.026346179928102474
M0_legacy_representation,primary_training,67,climate_zone=D,-0.009921269796732073
M0_legacy_representation,primary_training,67,climate_zone=E,-0.09559178497239337
M0_legacy_representation,primary_training,67,hemisphere=S,-0.026893054366077272
M0_legacy_representation,primary_training,67,spatial_block=Asia,-0.04952214456881994
M0_legacy_representation,primary_training,67,spatial_block=Europe,-0.05926247151100728
M0_legacy_representation,primary_training,67,spatial_block=North America,-0.08951280981901169
M0_legacy_representation,primary_training,67,spatial_block=Oceania,-0.05389258570747962
M0_legacy_representation,primary_training,67,spatial_block=South America,-0.059817222816337286
M0_legacy_representation,primary_training,67,income_group=Low-income countries,0.00018026883077811118
M0_legacy_representation,primary_training,67,income_group=Lower-middle-income countries,-0.0086982990163392
M0_legacy_representation,primary_training,67,income_group=Upper-middle-income countries,-0.015614006054612727
M0_legacy_representation,primary_training,68,intercept,0.013932673878169705
M0_legacy_representation,primary_training,68,cum_co2_per_capita,0.03412517603979316
M0_legacy_representation,primary_training,68,cum_co2_total,-0.02378142140565452
M0_legacy_representation,primary_training,68,abs_latitude,0.001412531646109393
M0_legacy_representation,primary_training,68,elevation,-4.351890761334472e-06
M0_legacy_representation,primary_training,68,continentality,4.8739618831802576e-05
M0_legacy_representation,primary_training,68,population,0.025689445823576944
M0_legacy_representation,primary_training,68,station_density,-0.0011334405491261453
M0_legacy_representation,primary_training,68,climate_zone=B,-0.004198856790088496
M0_legacy_representation,primary_training,68,climate_zone=C,-0.02267253501627756
M0_legacy_representation,primary_training,68,climate_zone=D,-0.005694056315386618
M0_legacy_representation,primary_training,68,climate_zone=E,-0.09548972417140969
M0_legacy_representation,primary_training,68,hemisphere=S,-0.02744588747530983
M0_legacy_representation,primary_training,68,spatial_block=Asia,-0.06273654178998443
M0_legacy_representation,primary_training,68,spatial_block=Europe,-0.06644120508075872
M0_legacy_representation,primary_training,68,spatial_block=North America,-0.09147346407508335
M0_legacy_representation,primary_training,68,spatial_block=Oceania,-0.05486648644129182
M0_legacy_representation,primary_training,68,spatial_block=South America,-0.05894097361147265
M0_legacy_representation,primary_training,68,income_group=Low-income countries,0.003947655869293362
M0_legacy_representation,primary_training,68,income_group=Lower-middle-income countries,-0.002802754123115677
M0_legacy_representation,primary_training,68,income_group=Upper-middle-income countries,-0.00937962702990934
M0_legacy_representation,primary_training,69,intercept,0.014470693504247198
M0_legacy_representation,primary_training,69,cum_co2_per_capita,0.03697327632419138
M0_legacy_representation,primary_training,69,cum_co2_total,-0.02328871405345205
M0_legacy_representation,primary_training,69,abs_latitude,0.001008712833705561
M0_legacy_representation,primary_training,69,elevation,-3.1858925421990855e-06
M0_legacy_representation,primary_training,69,continentality,3.499837353899156e-05
M0_legacy_representation,primary_training,69,population,0.026562170647837946
M0_legacy_representation,primary_training,69,station_density,-0.001250082188336377
M0_legacy_representation,primary_training,69,climate_zone=B,-0.002157193308004819
M0_legacy_representation,primary_training,69,climate_zone=C,-0.02104538011369109
M0_legacy_representation,primary_training,69,climate_zone=D,-0.0001006265949751538
M0_legacy_representation,primary_training,69,climate_zone=E,-0.08556798301812647
M0_legacy_representation,primary_training,69,hemisphere=S,-0.02502098282309174
M0_legacy_representation,primary_training,69,spatial_block=Asia,-0.06087190504922806
M0_legacy_representation,primary_training,69,spatial_block=Europe,-0.06299827389937601
M0_legacy_representation,primary_training,69,spatial_block=North America,-0.0923300835615536
M0_legacy_representation,primary_training,69,spatial_block=Oceania,-0.059955642102120996
M0_legacy_representation,primary_training,69,spatial_block=South America,-0.06079326148130021
M0_legacy_representation,primary_training,69,income_group=Low-income countries,0.004962791302326707
M0_legacy_representation,primary_training,69,income_group=Lower-middle-income countries,-0.006790168982681995
M0_legacy_representation,primary_training,69,income_group=Upper-middle-income countries,-0.015413872768070398
M0_legacy_representation,primary_training,70,intercept,0.014843374125997282
M0_legacy_representation,primary_training,70,cum_co2_per_capita,0.039948070667507836
M0_legacy_representation,primary_training,70,cum_co2_total,-0.02372192266253081
M0_legacy_representation,primary_training,70,abs_latitude,0.001188018467513855
M0_legacy_representation,primary_training,70,elevation,4.009757296721323e-07
M0_legacy_representation,primary_training,70,continentality,4.30923850549626e-05
M0_legacy_representation,primary_training,70,population,0.025390251425950867
M0_legacy_representation,primary_training,70,station_density,-0.0025361015478672
M0_legacy_representation,primary_training,70,climate_zone=B,0.005711803697325456
M0_legacy_representation,primary_training,70,climate_zone=C,-0.02140302491477962
M0_legacy_representation,primary_training,70,climate_zone=D,-0.008350904559978303
M0_legacy_representation,primary_training,70,climate_zone=E,-0.09884112403726406
M0_legacy_representation,primary_training,70,hemisphere=S,-0.031589357525355855
M0_legacy_representation,primary_training,70,spatial_block=Asia,-0.05693306920164623
M0_legacy_representation,primary_training,70,spatial_block=Europe,-0.06343355010995465
M0_legacy_representation,primary_training,70,spatial_block=North America,-0.089255091588238
M0_legacy_representation,primary_training,70,spatial_block=Oceania,-0.054351613569487554
M0_legacy_representation,primary_training,70,spatial_block=South America,-0.058070339794470606
M0_legacy_representation,primary_training,70,income_group=Low-income countries,0.004990557810528988
M0_legacy_representation,primary_training,70,income_group=Lower-middle-income countries,-0.0072470074415112344
M0_legacy_representation,primary_training,70,income_group=Upper-middle-income countries,-0.01593970903494385
M0_legacy_representation,primary_training,71,intercept,0.013748267625020228
M0_legacy_representation,primary_training,71,cum_co2_per_capita,0.035887199506645456
M0_legacy_representation,primary_training,71,cum_co2_total,-0.02211710968234683
M0_legacy_representation,primary_training,71,abs_latitude,0.0012337740185602761
M0_legacy_representation,primary_training,71,elevation,-3.249109712817658e-06
M0_legacy_representation,primary_training,71,continentality,4.49350520649577e-05
M0_legacy_representation,primary_training,71,population,0.02448529656112811
M0_legacy_representation,primary_training,71,station_density,-0.0013005905502845305
M0_legacy_representation,primary_training,71,climate_zone=B,-0.0005219192721785434
M0_legacy_representation,primary_training,71,climate_zone=C,-0.021005034889946476
M0_legacy_representation,primary_training,71,climate_zone=D,-0.003556542304508925
M0_legacy_representation,primary_training,71,climate_zone=E,-0.09054928655176041
M0_legacy_representation,primary_training,71,hemisphere=S,-0.02651323548481898
M0_legacy_representation,primary_training,71,spatial_block=Asia,-0.05801208628521278
M0_legacy_representation,primary_training,71,spatial_block=Europe,-0.06094322708421316
M0_legacy_representation,primary_training,71,spatial_block=North America,-0.08781233226510002
M0_legacy_representation,primary_training,71,spatial_block=Oceania,-0.05330916499690405
M0_legacy_representation,primary_training,71,spatial_block=South America,-0.0572851569271085
M0_legacy_representation,primary_training,71,income_group=Low-income countries,0.013166848876547505
M0_legacy_representation,primary_training,71,income_group=Lower-middle-income countries,0.00020844353442825246
M0_legacy_representation,primary_training,71,income_group=Upper-middle-income countries,-0.00922938849432328
M0_legacy_representation,primary_training,72,intercept,0.013499170991292934
M0_legacy_representation,primary_training,72,cum_co2_per_capita,0.03784261706990014
M0_legacy_representation,primary_training,72,cum_co2_total,-0.020129503627738236
M0_legacy_representation,primary_training,72,abs_latitude,0.0013028333058332554
M0_legacy_representation,primary_training,72,elevation,-5.159286714674123e-06
M0_legacy_representation,primary_training,72,continentality,4.144503178093711e-05
M0_legacy_representation,primary_training,72,population,0.02302290525012064
M0_legacy_representation,primary_training,72,station_density,-0.001194329168894291
M0_legacy_representation,primary_training,72,climate_zone=B,0.0066971537538152845
M0_legacy_representation,primary_training,72,climate_zone=C,-0.018925857575317975
M0_legacy_representation,primary_training,72,climate_zone=D,-0.0023407848681205245
M0_legacy_representation,primary_training,72,climate_zone=E,-0.08983725939049553
M0_legacy_representation,primary_training,72,hemisphere=S,-0.028344610973160482
M0_legacy_representation,primary_training,72,spatial_block=Asia,-0.05863307959893361
M0_legacy_representation,primary_training,72,spatial_block=Europe,-0.06655947155738298
M0_legacy_representation,primary_training,72,spatial_block=North America,-0.08984422228550401
M0_legacy_representation,primary_training,72,spatial_block=Oceania,-0.057102157849088
M0_legacy_representation,primary_training,72,spatial_block=South America,-0.05697191852111714
M0_legacy_representation,primary_training,72,income_group=Low-income countries,0.023489546554971805
M0_legacy_representation,primary_training,72,income_group=Lower-middle-income countries,0.006339156892533974
M0_legacy_representation,primary_training,72,income_group=Upper-middle-income countries,-0.009210126958296391
M0_legacy_representation,primary_training,73,intercept,0.014791921923912868
M0_legacy_representation,primary_training,73,cum_co2_per_capita,0.03862797073304659
M0_legacy_representation,primary_training,73,cum_co2_total,-0.02373400438326995
M0_legacy_representation,primary_training,73,abs_latitude,0.0010602743456926728
M0_legacy_representation,primary_training,73,elevation,-1.112208487768424e-06
M0_legacy_representation,primary_training,73,continentality,3.8252545776554924e-05
M0_legacy_representation,primary_training,73,population,0.026389556427165405
M0_legacy_representation,primary_training,73,station_density,-0.0018259094719642714
M0_legacy_representation,primary_training,73,climate_zone=B,0.005545732718268076
M0_legacy_representation,primary_training,73,climate_zone=C,-0.022191387156173577
M0_legacy_representation,primary_training,73,climate_zone=D,-0.0028276879633952045
M0_legacy_representation,primary_training,73,climate_zone=E,-0.09019549104355556
M0_legacy_representation,primary_training,73,hemisphere=S,-0.025773290303920393
M0_legacy_representation,primary_training,73,spatial_block=Asia,-0.05132494183572412
M0_legacy_representation,primary_training,73,spatial_block=Europe,-0.0650936640912179
M0_legacy_representation,primary_training,73,spatial_block=North America,-0.09109061600861874
M0_legacy_representation,primary_training,73,spatial_block=Oceania,-0.05898353546700855
M0_legacy_representation,primary_training,73,spatial_block=South America,-0.06244116156183668
M0_legacy_representation,primary_training,73,income_group=Low-income countries,0.0012502218335044629
M0_legacy_representation,primary_training,73,income_group=Lower-middle-income countries,-0.011991590329629239
M0_legacy_representation,primary_training,73,income_group=Upper-middle-income countries,-0.016929621871432595
M0_legacy_representation,primary_training,74,intercept,0.01384647211733201
M0_legacy_representation,primary_training,74,cum_co2_per_capita,0.03717459417028736
M0_legacy_representation,primary_training,74,cum_co2_total,-0.02070833015696007
M0_legacy_representation,primary_training,74,abs_latitude,0.0010952906067634893
M0_legacy_representation,primary_training,74,elevation,-4.799454783763025e-07
M0_legacy_representation,primary_training,74,continentality,4.0883699556176396e-05
M0_legacy_representation,primary_training,74,population,0.02519590837673678
M0_legacy_representation,primary_training,74,station_density,-0.0016909108661121394
M0_legacy_representation,primary_training,74,climate_zone=B,0.0037280796488219606
M0_legacy_representation,primary_training,74,climate_zone=C,-0.025646313543533444
M0_legacy_representation,primary_training,74,climate_zone=D,-0.009354337957363951
M0_legacy_representation,primary_training,74,climate_zone=E,-0.09297824386071897
M0_legacy_representation,primary_training,74,hemisphere=S,-0.02637225547204785
M0_legacy_representation,primary_training,74,spatial_block=Asia,-0.05129172277754928
M0_legacy_representation,primary_training,74,spatial_block=Europe,-0.06001468736056787
M0_legacy_representation,primary_training,74,spatial_block=North America,-0.09000706703970396
M0_legacy_representation,primary_training,74,spatial_block=Oceania,-0.0557257696194543
M0_legacy_representation,primary_training,74,spatial_block=South America,-0.06172231889406769
M0_legacy_representation,primary_training,74,income_group=Low-income countries,0.004726100782846668
M0_legacy_representation,primary_training,74,income_group=Lower-middle-income countries,-0.007450829790648685
M0_legacy_representation,primary_training,74,income_group=Upper-middle-income countries,-0.014428851024520685
M0_legacy_representation,primary_training,75,intercept,0.01459330326753715
M0_legacy_representation,primary_training,75,cum_co2_per_capita,0.04304473840074511
M0_legacy_representation,primary_training,75,cum_co2_total,-0.021327568486323056
M0_legacy_representation,primary_training,75,abs_latitude,0.0010625738115066117
M0_legacy_representation,primary_training,75,elevation,-3.88920477180702e-06
M0_legacy_representation,primary_training,75,continentality,3.749455203729946e-05
M0_legacy_representation,primary_training,75,population,0.023187512718160164
M0_legacy_representation,primary_training,75,station_density,-0.0014943513022695099
M0_legacy_representation,primary_training,75,climate_zone=B,0.010853094327593758
M0_legacy_representation,primary_training,75,climate_zone=C,-0.020068305478473804
M0_legacy_representation,primary_training,75,climate_zone=D,-0.006198905413908074
M0_legacy_representation,primary_training,75,climate_zone=E,-0.09281655444224904
M0_legacy_representation,primary_training,75,hemisphere=S,-0.02571575170824006
M0_legacy_representation,primary_training,75,spatial_block=Asia,-0.05011498424545365
M0_legacy_representation,primary_training,75,spatial_block=Europe,-0.06088700609920129
M0_legacy_representation,primary_training,75,spatial_block=North America,-0.08834145718625686
M0_legacy_representation,primary_training,75,spatial_block=Oceania,-0.06045900134547873
M0_legacy_representation,primary_training,75,spatial_block=South America,-0.057865457706712455
M0_legacy_representation,primary_training,75,income_group=Low-income countries,0.02116021827050227
M0_legacy_representation,primary_training,75,income_group=Lower-middle-income countries,0.001948218657794308
M0_legacy_representation,primary_training,75,income_group=Upper-middle-income countries,-0.015376150953350709
M0_legacy_representation,primary_training,76,intercept,0.014829575682723981
M0_legacy_representation,primary_training,76,cum_co2_per_capita,0.03945944494766101
M0_legacy_representation,primary_training,76,cum_co2_total,-0.023713245498955725
M0_legacy_representation,primary_training,76,abs_latitude,0.001062860500117094
M0_legacy_representation,primary_training,76,elevation,-4.076157483040102e-07
M0_legacy_representation,primary_training,76,continentality,4.150777783414868e-05
M0_legacy_representation,primary_training,76,population,0.02580476364972437
M0_legacy_representation,primary_training,76,station_density,-0.0018422341221045835
M0_legacy_representation,primary_training,76,climate_zone=B,0.0059373768212762105
M0_legacy_representation,primary_training,76,climate_zone=C,-0.022850448783040354
M0_legacy_representation,primary_training,76,climate_zone=D,-0.0071342786015779844
M0_legacy_representation,primary_training,76,climate_zone=E,-0.09399555590968114
M0_legacy_representation,primary_training,76,hemisphere=S,-0.026162914580488087
M0_legacy_representation,primary_training,76,spatial_block=Asia,-0.05306551785024551
M0_legacy_representation,primary_training,76,spatial_block=Europe,-0.06087781619765653
M0_legacy_representation,primary_training,76,spatial_block=North America,-0.08972190281387832
M0_legacy_representation,primary_training,76,spatial_block=Oceania,-0.05666107846941515
M0_legacy_representation,primary_training,76,spatial_block=South America,-0.062186764418814745
M0_legacy_representation,primary_training,76,income_group=Low-income countries,0.0028919034865108884
M0_legacy_representation,primary_training,76,income_group=Lower-middle-income countries,-0.010226137177734008
M0_legacy_representation,primary_training,76,income_group=Upper-middle-income countries,-0.015200062936851182
M0_legacy_representation,primary_training,77,intercept,0.014283933224961987
M0_legacy_representation,primary_training,77,cum_co2_per_capita,0.03491541600484245
M0_legacy_representation,primary_training,77,cum_co2_total,-0.022807534304460867
M0_legacy_representation,primary_training,77,abs_latitude,0.0009462358002105027
M0_legacy_representation,primary_training,77,elevation,-6.884490663411137e-08
M0_legacy_representation,primary_training,77,continentality,2.782408653863201e-05
M0_legacy_representation,primary_training,77,population,0.027980649040467296
M0_legacy_representation,primary_training,77,station_density,-0.0014642087100956082
M0_legacy_representation,primary_training,77,climate_zone=B,0.002455666152856975
M0_legacy_representation,primary_training,77,climate_zone=C,-0.023110743983147507
M0_legacy_representation,primary_training,77,climate_zone=D,-0.002485290683651852
M0_legacy_representation,primary_training,77,climate_zone=E,-0.08594771893172881
M0_legacy_representation,primary_training,77,hemisphere=S,-0.025210717240396426
M0_legacy_representation,primary_training,77,spatial_block=Asia,-0.05772715243986209
M0_legacy_representation,primary_training,77,spatial_block=Europe,-0.06178094751025212
M0_legacy_representation,primary_training,77,spatial_block=North America,-0.09342798740875372
M0_legacy_representation,primary_training,77,spatial_block=Oceania,-0.05993944278428376
M0_legacy_representation,primary_training,77,spatial_block=South America,-0.06426138449167301
M0_legacy_representation,primary_training,77,income_group=Low-income countries,-0.0036747328730620814
M0_legacy_representation,primary_training,77,income_group=Lower-middle-income countries,-0.014922261189824428
M0_legacy_representation,primary_training,77,income_group=Upper-middle-income countries,-0.018525978011116273
M0_legacy_representation,primary_training,78,intercept,0.013782958038856893
M0_legacy_representation,primary_training,78,cum_co2_per_capita,0.03532171789962731
M0_legacy_representation,primary_training,78,cum_co2_total,-0.02123922830802963
M0_legacy_representation,primary_training,78,abs_latitude,0.0012298810629493859
M0_legacy_representation,primary_training,78,elevation,4.4510007471774754e-07
M0_legacy_representation,primary_training,78,continentality,3.856878702169273e-05
M0_legacy_representation,primary_training,78,population,0.026136802025483866
M0_legacy_representation,primary_training,78,station_density,-0.00228756801346431
M0_legacy_representation,primary_training,78,climate_zone=B,-0.0031205279745074007
M0_legacy_representation,primary_training,78,climate_zone=C,-0.03119283063573472
M0_legacy_representation,primary_training,78,climate_zone=D,-0.017828538257803544
M0_legacy_representation,primary_training,78,climate_zone=E,-0.10435590510654794
M0_legacy_representation,primary_training,78,hemisphere=S,-0.030000507914285386
M0_legacy_representation,primary_training,78,spatial_block=Asia,-0.04473657679448413
M0_legacy_representation,primary_training,78,spatial_block=Europe,-0.056522805598303194
M0_legacy_representation,primary_training,78,spatial_block=North America,-0.09055237852689585
M0_legacy_representation,primary_training,78,spatial_block=Oceania,-0.053081618001894065
M0_legacy_representation,primary_training,78,spatial_block=South America,-0.05765365353766642
M0_legacy_representation,primary_training,78,income_group=Low-income countries,0.0014214221801664745
M0_legacy_representation,primary_training,78,income_group=Lower-middle-income countries,-0.005090606266427035
M0_legacy_representation,primary_training,78,income_group=Upper-middle-income countries,-0.015954369669635482
M0_legacy_representation,primary_training,79,intercept,0.014528002783568314
M0_legacy_representation,primary_training,79,cum_co2_per_capita,0.0438188203076791
M0_legacy_representation,primary_training,79,cum_co2_total,-0.020679508469948576
M0_legacy_representation,primary_training,79,abs_latitude,0.0008934339236980128
M0_legacy_representation,primary_training,79,elevation,-4.625705654664368e-06
M0_legacy_representation,primary_training,79,continentality,3.725821576627253e-05
M0_legacy_representation,primary_training,79,population,0.022669687923775102
M0_legacy_representation,primary_training,79,station_density,-0.0015738541487171182
M0_legacy_representation,primary_training,79,climate_zone=B,0.012999475129402515
M0_legacy_representation,primary_training,79,climate_zone=C,-0.01721765789141927
M0_legacy_representation,primary_training,79,climate_zone=D,0.00020347649472420804
M0_legacy_representation,primary_training,79,climate_zone=E,-0.0889093682939082
M0_legacy_representation,primary_training,79,hemisphere=S,-0.0250355977411162
M0_legacy_representation,primary_training,79,spatial_block=Asia,-0.04854285260397781
M0_legacy_representation,primary_training,79,spatial_block=Europe,-0.054118350707977145
M0_legacy_representation,primary_training,79,spatial_block=North America,-0.08696418640565344
M0_legacy_representation,primary_training,79,spatial_block=Oceania,-0.05957537634674392
M0_legacy_representation,primary_training,79,spatial_block=South America,-0.0576177678257585
M0_legacy_representation,primary_training,79,income_group=Low-income countries,0.02508179480395254
M0_legacy_representation,primary_training,79,income_group=Lower-middle-income countries,0.004769022470468204
M0_legacy_representation,primary_training,79,income_group=Upper-middle-income countries,-0.013103439298779511
M0_legacy_representation,primary_training,80,intercept,0.015608700793475018
M0_legacy_representation,primary_training,80,cum_co2_per_capita,0.03779838270325631
M0_legacy_representation,primary_training,80,cum_co2_total,-0.026886978707795398
M0_legacy_representation,primary_training,80,abs_latitude,0.0007788650005718558
M0_legacy_representation,primary_training,80,elevation,-2.6186755163505117e-06
M0_legacy_representation,primary_training,80,continentality,2.754963693480524e-05
M0_legacy_representation,primary_training,80,population,0.0289668433498012
M0_legacy_representation,primary_training,80,station_density,-0.0013230306537766758
M0_legacy_representation,primary_training,80,climate_zone=B,0.002976303543266457
M0_legacy_representation,primary_training,80,climate_zone=C,-0.01582592754841197
M0_legacy_representation,primary_training,80,climate_zone=D,0.003781731940694428
M0_legacy_representation,primary_training,80,climate_zone=E,-0.08022482693867179
M0_legacy_representation,primary_training,80,hemisphere=S,-0.024341615024307404
M0_legacy_representation,primary_training,80,spatial_block=Asia,-0.05923122128408794
M0_legacy_representation,primary_training,80,spatial_block=Europe,-0.06178081016753974
M0_legacy_representation,primary_training,80,spatial_block=North America,-0.093299818156456
M0_legacy_representation,primary_training,80,spatial_block=Oceania,-0.06283283088805516
M0_legacy_representation,primary_training,80,spatial_block=South America,-0.06321087917385122
M0_legacy_representation,primary_training,80,income_group=Low-income countries,-0.0033857130517455985
M0_legacy_representation,primary_training,80,income_group=Lower-middle-income countries,-0.015971207754944584
M0_legacy_representation,primary_training,80,income_group=Upper-middle-income countries,-0.019956734645817584
M0_legacy_representation,primary_training,81,intercept,0.013932673878169705
M0_legacy_representation,primary_training,81,cum_co2_per_capita,0.03412517603979316
M0_legacy_representation,primary_training,81,cum_co2_total,-0.02378142140565452
M0_legacy_representation,primary_training,81,abs_latitude,0.001412531646109393
M0_legacy_representation,primary_training,81,elevation,-4.351890761334472e-06
M0_legacy_representation,primary_training,81,continentality,4.8739618831802576e-05
M0_legacy_representation,primary_training,81,population,0.025689445823576944
M0_legacy_representation,primary_training,81,station_density,-0.0011334405491261453
M0_legacy_representation,primary_training,81,climate_zone=B,-0.004198856790088496
M0_legacy_representation,primary_training,81,climate_zone=C,-0.02267253501627756
M0_legacy_representation,primary_training,81,climate_zone=D,-0.005694056315386618
M0_legacy_representation,primary_training,81,climate_zone=E,-0.09548972417140969
M0_legacy_representation,primary_training,81,hemisphere=S,-0.02744588747530983
M0_legacy_representation,primary_training,81,spatial_block=Asia,-0.06273654178998443
M0_legacy_representation,primary_training,81,spatial_block=Europe,-0.06644120508075872
M0_legacy_representation,primary_training,81,spatial_block=North America,-0.09147346407508335
M0_legacy_representation,primary_training,81,spatial_block=Oceania,-0.05486648644129182
M0_legacy_representation,primary_training,81,spatial_block=South America,-0.05894097361147265
M0_legacy_representation,primary_training,81,income_group=Low-income countries,0.003947655869293362
M0_legacy_representation,primary_training,81,income_group=Lower-middle-income countries,-0.002802754123115677
M0_legacy_representation,primary_training,81,income_group=Upper-middle-income countries,-0.00937962702990934
M0_legacy_representation,primary_training,82,intercept,0.01580548676135497
M0_legacy_representation,primary_training,82,cum_co2_per_capita,0.03899195813835808
M0_legacy_representation,primary_training,82,cum_co2_total,-0.027108649994978366
M0_legacy_representation,primary_training,82,abs_latitude,0.0007594391855129243
M0_legacy_representation,primary_training,82,elevation,-2.8564856579684213e-06
M0_legacy_representation,primary_training,82,continentality,2.9659272683490017e-05
M0_legacy_representation,primary_training,82,population,0.02873231243479599
M0_legacy_representation,primary_training,82,station_density,-0.0012462295994463842
M0_legacy_representation,primary_training,82,climate_zone=B,0.0030895751705247933
M0_legacy_representation,primary_training,82,climate_zone=C,-0.017334241698076694
M0_legacy_representation,primary_training,82,climate_zone=D,0.0041438897219401435
M0_legacy_representation,primary_training,82,climate_zone=E,-0.08164723494935215
M0_legacy_representation,primary_training,82,hemisphere=S,-0.024060346577061898
M0_legacy_representation,primary_training,82,spatial_block=Asia,-0.06001588707294102
M0_legacy_representation,primary_training,82,spatial_block=Europe,-0.060775880971101905
M0_legacy_representation,primary_training,82,spatial_block=North America,-0.09274086407592182
M0_legacy_representation,primary_training,82,spatial_block=Oceania,-0.06247375037290851
M0_legacy_representation,primary_training,82,spatial_block=South America,-0.062157579039109796
M0_legacy_representation,primary_training,82,income_group=Low-income countries,-0.002971903641264227
M0_legacy_representation,primary_training,82,income_group=Lower-middle-income countries,-0.015154505412777146
M0_legacy_representation,primary_training,82,income_group=Upper-middle-income countries,-0.02141479866858602
M0_legacy_representation,primary_training,83,intercept,0.014681069350333741
M0_legacy_representation,primary_training,83,cum_co2_per_capita,0.03755740274395069
M0_legacy_representation,primary_training,83,cum_co2_total,-0.023995213196890575
M0_legacy_representation,primary_training,83,abs_latitude,0.00119655843515313
M0_legacy_representation,primary_training,83,elevation,2.1590041273060203e-07
M0_legacy_representation,primary_training,83,continentality,3.934566272939494e-05
M0_legacy_representation,primary_training,83,population,0.026533800161159787
M0_legacy_representation,primary_training,83,station_density,-0.002252512982207741
M0_legacy_representation,primary_training,83,climate_zone=B,-0.00032682998907942383
M0_legacy_representation,primary_training,83,climate_zone=C,-0.027541661136329467
M0_legacy_representation,primary_training,83,climate_zone=D,-0.01438342328101665
M0_legacy_representation,primary_training,83,climate_zone=E,-0.10359158243184222
M0_legacy_representation,primary_training,83,hemisphere=S,-0.030304473362445822
M0_legacy_representation,primary_training,83,spatial_block=Asia,-0.04703804873285679
M0_legacy_representation,primary_training,83,spatial_block=Europe,-0.05821766432231249
M0_legacy_representation,primary_training,83,spatial_block=North America,-0.09040421902337362
M0_legacy_representation,primary_training,83,spatial_block=Oceania,-0.05357601825692713
M0_legacy_representation,primary_training,83,spatial_block=South America,-0.057807953874209436
M0_legacy_representation,primary_training,83,income_group=Low-income countries,0.0008639568176036603
M0_legacy_representation,primary_training,83,income_group=Lower-middle-income countries,-0.007033196312254921
M0_legacy_representation,primary_training,83,income_group=Upper-middle-income countries,-0.01632716727144039
M0_legacy_representation,primary_training,84,intercept,0.013987456846630046
M0_legacy_representation,primary_training,84,cum_co2_per_capita,0.036234203005736425
M0_legacy_representation,primary_training,84,cum_co2_total,-0.022193917328896622
M0_legacy_representation,primary_training,84,abs_latitude,0.0012578807808570466
M0_legacy_representation,primary_training,84,elevation,-1.8744208425943e-06
M0_legacy_representation,primary_training,84,continentality,4.611463789516531e-05
M0_legacy_representation,primary_training,84,population,0.0254966207451416
M0_legacy_representation,primary_training,84,station_density,-0.0015015599468419863
M0_legacy_representation,primary_training,84,climate_zone=B,0.001017232141991844
M0_legacy_representation,primary_training,84,climate_zone=C,-0.02435837168583723
M0_legacy_representation,primary_training,84,climate_zone=D,-0.008591997137416178
M0_legacy_representation,primary_training,84,climate_zone=E,-0.09490542545480694
M0_legacy_representation,primary_training,84,hemisphere=S,-0.0276131604120474
M0_legacy_representation,primary_training,84,spatial_block=Asia,-0.05852577844682278
M0_legacy_representation,primary_training,84,spatial_block=Europe,-0.06504304010043797
M0_legacy_representation,primary_training,84,spatial_block=North America,-0.09200800706574024
M0_legacy_representation,primary_training,84,spatial_block=Oceania,-0.055681249982181075
M0_legacy_representation,primary_training,84,spatial_block=South America,-0.062297803657617196
M0_legacy_representation,primary_training,84,income_group=Low-income countries,0.002864230779001796
M0_legacy_representation,primary_training,84,income_group=Lower-middle-income countries,-0.0073150831101311976
M0_legacy_representation,primary_training,84,income_group=Upper-middle-income countries,-0.01164620026777871
M0_legacy_representation,primary_training,85,intercept,0.014340143778927575
M0_legacy_representation,primary_training,85,cum_co2_per_capita,0.037994530937540585
M0_legacy_representation,primary_training,85,cum_co2_total,-0.02207349280676114
M0_legacy_representation,primary_training,85,abs_latitude,0.000942633319263715
M0_legacy_representation,primary_training,85,elevation,-9.096497336374602e-07
M0_legacy_representation,primary_training,85,continentality,4.239385778257583e-05
M0_legacy_representation,primary_training,85,population,0.025972838929265444
M0_legacy_representation,primary_training,85,station_density,-0.0018298899938920619
M0_legacy_representation,primary_training,85,climate_zone=B,0.006813036426083892
M0_legacy_representation,primary_training,85,climate_zone=C,-0.021401793060359827
M0_legacy_representation,primary_training,85,climate_zone=D,-0.002217094095864077
M0_legacy_representation,primary_training,85,climate_zone=E,-0.08922465427541676
M0_legacy_representation,primary_training,85,hemisphere=S,-0.02641105634950099
M0_legacy_representation,primary_training,85,spatial_block=Asia,-0.05162806256303729
M0_legacy_representation,primary_training,85,spatial_block=Europe,-0.05789939294490936
M0_legacy_representation,primary_training,85,spatial_block=North America,-0.08995648705506876
M0_legacy_representation,primary_training,85,spatial_block=Oceania,-0.0565606118200792
M0_legacy_representation,primary_training,85,spatial_block=South America,-0.06239397532722601
M0_legacy_representation,primary_training,85,income_group=Low-income countries,0.0010665818915936954
M0_legacy_representation,primary_training,85,income_group=Lower-middle-income countries,-0.011330706521269123
M0_legacy_representation,primary_training,85,income_group=Upper-middle-income countries,-0.016484408630951252
M0_legacy_representation,primary_training,86,intercept,0.014005085907202538
M0_legacy_representation,primary_training,86,cum_co2_per_capita,0.03806064373756523
M0_legacy_representation,primary_training,86,cum_co2_total,-0.020619807110472177
M0_legacy_representation,primary_training,86,abs_latitude,0.0008161416631219249
M0_legacy_representation,primary_training,86,elevation,-2.4501910238957357e-06
M0_legacy_representation,primary_training,86,continentality,4.565966448419941e-05
M0_legacy_representation,primary_training,86,population,0.025350064595173135
M0_legacy_representation,primary_training,86,station_density,-0.00200798419506954
M0_legacy_representation,primary_training,86,climate_zone=B,0.008788284558361675
M0_legacy_representation,primary_training,86,climate_zone=C,-0.02115895048135654
M0_legacy_representation,primary_training,86,climate_zone=D,0.007534492798445917
M0_legacy_representation,primary_training,86,climate_zone=E,-0.08108467863604275
M0_legacy_representation,primary_training,86,hemisphere=S,-0.02536165018015686
M0_legacy_representation,primary_training,86,spatial_block=Asia,-0.051656367665868036
M0_legacy_representation,primary_training,86,spatial_block=Europe,-0.05729782031709857
M0_legacy_representation,primary_training,86,spatial_block=North America,-0.08861557581785845
M0_legacy_representation,primary_training,86,spatial_block=Oceania,-0.055548889550370295
M0_legacy_representation,primary_training,86,spatial_block=South America,-0.06140308568052582
M0_legacy_representation,primary_training,86,income_group=Low-income countries,0.0033322665977156447
M0_legacy_representation,primary_training,86,income_group=Lower-middle-income countries,-0.008795230339223
M0_legacy_representation,primary_training,86,income_group=Upper-middle-income countries,-0.01548799642740171
M0_legacy_representation,primary_training,87,intercept,0.014042687861634625
M0_legacy_representation,primary_training,87,cum_co2_per_capita,0.03910930159499
M0_legacy_representation,primary_training,87,cum_co2_total,-0.020516979217925273
M0_legacy_representation,primary_training,87,abs_latitude,0.0007441944791939769
M0_legacy_representation,primary_training,87,elevation,-1.6907501817980723e-06
M0_legacy_representation,primary_training,87,continentality,4.636061070195674e-05
M0_legacy_representation,primary_training,87,population,0.024629846356891187
M0_legacy_representation,primary_training,87,station_density,-0.0015237360341596939
M0_legacy_representation,primary_training,87,climate_zone=B,0.009596088658640206
M0_legacy_representation,primary_training,87,climate_zone=C,-0.01919005265479281
M0_legacy_representation,primary_training,87,climate_zone=D,0.0009213822837987663
M0_legacy_representation,primary_training,87,climate_zone=E,-0.07928526560998256
M0_legacy_representation,primary_training,87,hemisphere=S,-0.026248290061765683
M0_legacy_representation,primary_training,87,spatial_block=Asia,-0.05133451402210866
M0_legacy_representation,primary_training,87,spatial_block=Europe,-0.05362782603928465
M0_legacy_representation,primary_training,87,spatial_block=North America,-0.08778339540065123
M0_legacy_representation,primary_training,87,spatial_block=Oceania,-0.0527528871745404
M0_legacy_representation,primary_training,87,spatial_block=South America,-0.06205120788956173
M0_legacy_representation,primary_training,87,income_group=Low-income countries,0.007417890977172849
M0_legacy_representation,primary_training,87,income_group=Lower-middle-income countries,-0.005961629004115459
M0_legacy_representation,primary_training,87,income_group=Upper-middle-income countries,-0.012047504835269021
M0_legacy_representation,primary_training,88,intercept,0.014362031275281645
M0_legacy_representation,primary_training,88,cum_co2_per_capita,0.03799502306013352
M0_legacy_representation,primary_training,88,cum_co2_total,-0.022408114368039442
M0_legacy_representation,primary_training,88,abs_latitude,0.0009766568582009532
M0_legacy_representation,primary_training,88,elevation,-1.5219377610576792e-06
M0_legacy_representation,primary_training,88,continentality,4.146574380565356e-05
M0_legacy_representation,primary_training,88,population,0.025769050223512724
M0_legacy_representation,primary_training,88,station_density,-0.0020408057769647475
M0_legacy_representation,primary_training,88,climate_zone=B,0.006895749545240661
M0_legacy_representation,primary_training,88,climate_zone=C,-0.021696265765532012
M0_legacy_representation,primary_training,88,climate_zone=D,-0.00024623538076302146
M0_legacy_representation,primary_training,88,climate_zone=E,-0.08376798158821949
M0_legacy_representation,primary_training,88,hemisphere=S,-0.025595786313759656
M0_legacy_representation,primary_training,88,spatial_block=Asia,-0.051121624563963276
M0_legacy_representation,primary_training,88,spatial_block=Europe,-0.06358034661766652
M0_legacy_representation,primary_training,88,spatial_block=North America,-0.0891649219863262
M0_legacy_representation,primary_training,88,spatial_block=Oceania,-0.05633909916584414
M0_legacy_representation,primary_training,88,spatial_block=South America,-0.06179495237407372
M0_legacy_representation,primary_training,88,income_group=Low-income countries,0.0033674530370821553
M0_legacy_representation,primary_training,88,income_group=Lower-middle-income countries,-0.009103303285282532
M0_legacy_representation,primary_training,88,income_group=Upper-middle-income countries,-0.01415652850806717
M0_legacy_representation,primary_training,89,intercept,0.014314471398287367
M0_legacy_representation,primary_training,89,cum_co2_per_capita,0.03981241049369375
M0_legacy_representation,primary_training,89,cum_co2_total,-0.0209103557818987
M0_legacy_representation,primary_training,89,abs_latitude,0.0006904305089083069
M0_legacy_representation,primary_training,89,elevation,-2.084490620534293e-06
M0_legacy_representation,primary_training,89,continentality,4.692660049706018e-05
M0_legacy_representation,primary_training,89,population,0.025164062114136063
M0_legacy_representation,primary_training,89,station_density,-0.00162977831815324
M0_legacy_representation,primary_training,89,climate_zone=B,0.009998430877775884
M0_legacy_representation,primary_training,89,climate_zone=C,-0.02065952100577399
M0_legacy_representation,primary_training,89,climate_zone=D,0.009760870390294777
M0_legacy_representation,primary_training,89,climate_zone=E,-0.0845132970950763
M0_legacy_representation,primary_training,89,hemisphere=S,-0.025611558771932885
M0_legacy_representation,primary_training,89,spatial_block=Asia,-0.05187676859300232
M0_legacy_representation,primary_training,89,spatial_block=Europe,-0.04909580850270089
M0_legacy_representation,primary_training,89,spatial_block=North America,-0.08845171285454216
M0_legacy_representation,primary_training,89,spatial_block=Oceania,-0.05439968292568006
M0_legacy_representation,primary_training,89,spatial_block=South America,-0.06135585714339583
M0_legacy_representation,primary_training,89,income_group=Low-income countries,0.004039036105349133
M0_legacy_representation,primary_training,89,income_group=Lower-middle-income countries,-0.008631762846760092
M0_legacy_representation,primary_training,89,income_group=Upper-middle-income countries,-0.016656140963999984
M0_legacy_representation,primary_training,90,intercept,0.014288037401738762
M0_legacy_representation,primary_training,90,cum_co2_per_capita,0.039328816930548204
M0_legacy_representation,primary_training,90,cum_co2_total,-0.021464444851294482
M0_legacy_representation,primary_training,90,abs_latitude,0.000757972748480566
M0_legacy_representation,primary_training,90,elevation,-2.196538015232137e-06
M0_legacy_representation,primary_training,90,continentality,4.4366029948908305e-05
M0_legacy_representation,primary_training,90,population,0.024934962628589335
M0_legacy_representation,primary_training,90,station_density,-0.0018163550785477726
M0_legacy_representation,primary_training,90,climate_zone=B,0.009551855804393987
M0_legacy_representation,primary_training,90,climate_zone=C,-0.018804327288030154
M0_legacy_representation,primary_training,90,climate_zone=D,0.006612175750019484
M0_legacy_representation,primary_training,90,climate_zone=E,-0.08567684576242605
M0_legacy_representation,primary_training,90,hemisphere=S,-0.025484046101164656
M0_legacy_representation,primary_training,90,spatial_block=Asia,-0.05022750600977604
M0_legacy_representation,primary_training,90,spatial_block=Europe,-0.04837366763339964
M0_legacy_representation,primary_training,90,spatial_block=North America,-0.08787252449006784
M0_legacy_representation,primary_training,90,spatial_block=Oceania,-0.05389524327459077
M0_legacy_representation,primary_training,90,spatial_block=South America,-0.06182549301319467
M0_legacy_representation,primary_training,90,income_group=Low-income countries,0.007532555183144711
M0_legacy_representation,primary_training,90,income_group=Lower-middle-income countries,-0.005891463685290852
M0_legacy_representation,primary_training,90,income_group=Upper-middle-income countries,-0.011510150111301054
M0_legacy_representation,primary_training,91,intercept,0.01430626762772825
M0_legacy_representation,primary_training,91,cum_co2_per_capita,0.03979604202895686
M0_legacy_representation,primary_training,91,cum_co2_total,-0.02088071161650636
M0_legacy_representation,primary_training,91,abs_latitude,0.0006901087409340387
M0_legacy_representation,primary_training,91,elevation,-2.079888382890939e-06
M0_legacy_representation,primary_training,91,continentality,4.693032419636301e-05
M0_legacy_representation,primary_training,91,population,0.025160852120906126
M0_legacy_representation,primary_training,91,station_density,-0.0016340145802225625
M0_legacy_representation,primary_training,91,climate_zone=B,0.009991676960957407
M0_legacy_representation,primary_training,91,climate_zone=C,-0.02064811571732529
M0_legacy_representation,primary_training,91,climate_zone=D,0.009697531138812058
M0_legacy_representation,primary_training,91,climate_zone=E,-0.08457838108064841
M0_legacy_representation,primary_training,91,hemisphere=S,-0.025617716810488893
M0_legacy_representation,primary_training,91,spatial_block=Asia,-0.05187550319735781
M0_legacy_representation,primary_training,91,spatial_block=Europe,-0.04900514559115379
M0_legacy_representation,primary_training,91,spatial_block=North America,-0.0884513869873013
M0_legacy_representation,primary_training,91,spatial_block=Oceania,-0.054414992535177405
M0_legacy_representation,primary_training,91,spatial_block=South America,-0.061364679413679596
M0_legacy_representation,primary_training,91,income_group=Low-income countries,0.004032089797829954
M0_legacy_representation,primary_training,91,income_group=Lower-middle-income countries,-0.00863958591413986
M0_legacy_representation,primary_training,91,income_group=Upper-middle-income countries,-0.01666629620106725
M0_legacy_representation,primary_training,92,intercept,0.014102001674261138
M0_legacy_representation,primary_training,92,cum_co2_per_capita,0.040810940240197116
M0_legacy_representation,primary_training,92,cum_co2_total,-0.02018516987565483
M0_legacy_representation,primary_training,92,abs_latitude,0.0011504939741273127
M0_legacy_representation,primary_training,92,elevation,-1.2536466207188496e-06
M0_legacy_representation,primary_training,92,continentality,3.3275614142751854e-05
M0_legacy_representation,primary_training,92,population,0.02361589992971008
M0_legacy_representation,primary_training,92,station_density,-0.0017346010294310816
M0_legacy_representation,primary_training,92,climate_zone=B,0.011080829539700958
M0_legacy_representation,primary_training,92,climate_zone=C,-0.02177119899955041
M0_legacy_representation,primary_training,92,climate_zone=D,-0.009259603401267684
M0_legacy_representation,primary_training,92,climate_zone=E,-0.09612568116384178
M0_legacy_representation,primary_training,92,hemisphere=S,-0.026708931728922417
M0_legacy_representation,primary_training,92,spatial_block=Asia,-0.048845287990103015
M0_legacy_representation,primary_training,92,spatial_block=Europe,-0.061870025378210194
M0_legacy_representation,primary_training,92,spatial_block=North America,-0.0898822853935975
M0_legacy_representation,primary_training,92,spatial_block=Oceania,-0.060124933899210996
M0_legacy_representation,primary_training,92,spatial_block=South America,-0.060826300280022526
M0_legacy_representation,primary_training,92,income_group=Low-income countries,0.01749374333285262
M0_legacy_representation,primary_training,92,income_group=Lower-middle-income countries,-0.001533693431043013
M0_legacy_representation,primary_training,92,income_group=Upper-middle-income countries,-0.014297745632631292
M0_legacy_representation,primary_training,93,intercept,0.014101051211165306
M0_legacy_representation,primary_training,93,cum_co2_per_capita,0.038241238614353544
M0_legacy_representation,primary_training,93,cum_co2_total,-0.020956508691993204
M0_legacy_representation,primary_training,93,abs_latitude,0.0008171823247289091
M0_legacy_representation,primary_training,93,elevation,-2.5504851992110486e-06
M0_legacy_representation,primary_training,93,continentality,4.529154732550635e-05
M0_legacy_representation,primary_training,93,population,0.025408559960642115
M0_legacy_representation,primary_training,93,station_density,-0.0019857211980714613
M0_legacy_representation,primary_training,93,climate_zone=B,0.008871389678048285
M0_legacy_representation,primary_training,93,climate_zone=C,-0.020914983537237114
M0_legacy_representation,primary_training,93,climate_zone=D,0.0073113170005917405
M0_legacy_representation,primary_training,93,climate_zone=E,-0.07984516150382531
M0_legacy_representation,primary_training,93,hemisphere=S,-0.02528334438951303
M0_legacy_representation,primary_training,93,spatial_block=Asia,-0.05146711312302587
M0_legacy_representation,primary_training,93,spatial_block=Europe,-0.058733402849415924
M0_legacy_representation,primary_training,93,spatial_block=North America,-0.08860469888320635
M0_legacy_representation,primary_training,93,spatial_block=Oceania,-0.055671195370903405
M0_legacy_representation,primary_training,93,spatial_block=South America,-0.06136557142594698
M0_legacy_representation,primary_training,93,income_group=Low-income countries,0.0034702347019916584
M0_legacy_representation,primary_training,93,income_group=Lower-middle-income countries,-0.00876740974306752
M0_legacy_representation,primary_training,93,income_group=Upper-middle-income countries,-0.015386918454921518
M0_legacy_representation,primary_training,94,intercept,0.013989662964471456
M0_legacy_representation,primary_training,94,cum_co2_per_capita,0.03687365424350114
M0_legacy_representation,primary_training,94,cum_co2_total,-0.021389273568710048
M0_legacy_representation,primary_training,94,abs_latitude,0.0008351128417983246
M0_legacy_representation,primary_training,94,elevation,-6.522747551404153e-07
M0_legacy_representation,primary_training,94,continentality,4.158177078669982e-05
M0_legacy_representation,primary_training,94,population,0.025675049974619734
M0_legacy_representation,primary_training,94,station_density,-0.001987684668273226
M0_legacy_representation,primary_training,94,climate_zone=B,0.008906291351948014
M0_legacy_representation,primary_training,94,climate_zone=C,-0.018743124832625576
M0_legacy_representation,primary_training,94,climate_zone=D,-0.0018242870319079302
M0_legacy_representation,primary_training,94,climate_zone=E,-0.0756141755071561
M0_legacy_representation,primary_training,94,hemisphere=S,-0.02641969932093209
M0_legacy_representation,primary_training,94,spatial_block=Asia,-0.05011229270603961
M0_legacy_representation,primary_training,94,spatial_block=Europe,-0.06102267055539324
M0_legacy_representation,primary_training,94,spatial_block=North America,-0.08782069694451032
M0_legacy_representation,primary_training,94,spatial_block=Oceania,-0.05351360214769634
M0_legacy_representation,primary_training,94,spatial_block=South America,-0.06242021541756846
M0_legacy_representation,primary_training,94,income_group=Low-income countries,0.0037829190204263325
M0_legacy_representation,primary_training,94,income_group=Lower-middle-income countries,-0.008549905607163205
M0_legacy_representation,primary_training,94,income_group=Upper-middle-income countries,-0.012066104778202446
M0_legacy_representation,primary_training,95,intercept,0.014381360146183733
M0_legacy_representation,primary_training,95,cum_co2_per_capita,0.03860265083483938
M0_legacy_representation,primary_training,95,cum_co2_total,-0.022276069222131677
M0_legacy_representation,primary_training,95,abs_latitude,0.0008373619060798415
M0_legacy_representation,primary_training,95,elevation,2.5829834744808913e-07
M0_legacy_representation,primary_training,95,continentality,4.2331062371706804e-05
M0_legacy_representation,primary_training,95,population,0.025409440820130007
M0_legacy_representation,primary_training,95,station_density,-0.001487182809731362
M0_legacy_representation,primary_training,95,climate_zone=B,0.008397208372089853
M0_legacy_representation,primary_training,95,climate_zone=C,-0.019033148274989878
M0_legacy_representation,primary_training,95,climate_zone=D,-0.0075710095476094735
M0_legacy_representation,primary_training,95,climate_zone=E,-0.07957606269483976
M0_legacy_representation,primary_training,95,hemisphere=S,-0.02723328679983154
M0_legacy_representation,primary_training,95,spatial_block=Asia,-0.05069730505940721
M0_legacy_representation,primary_training,95,spatial_block=Europe,-0.05898641943495396
M0_legacy_representation,primary_training,95,spatial_block=North America,-0.08814976308811939
M0_legacy_representation,primary_training,95,spatial_block=Oceania,-0.05237281150804774
M0_legacy_representation,primary_training,95,spatial_block=South America,-0.06276118302256008
M0_legacy_representation,primary_training,95,income_group=Low-income countries,0.005062664144447955
M0_legacy_representation,primary_training,95,income_group=Lower-middle-income countries,-0.00803027391496993
M0_legacy_representation,primary_training,95,income_group=Upper-middle-income countries,-0.011957087693311325
M0_legacy_representation,primary_training,96,intercept,0.014460897469482417
M0_legacy_representation,primary_training,96,cum_co2_per_capita,0.038897109153970905
M0_legacy_representation,primary_training,96,cum_co2_total,-0.022486751262224353
M0_legacy_representation,primary_training,96,abs_latitude,0.000840525485339025
M0_legacy_representation,primary_training,96,elevation,3.144203112901992e-07
M0_legacy_representation,primary_training,96,continentality,4.221910581081854e-05
M0_legacy_representation,primary_training,96,population,0.025381524400695247
M0_legacy_representation,primary_training,96,station_density,-0.0015321653802285607
M0_legacy_representation,primary_training,96,climate_zone=B,0.008176897265649198
M0_legacy_representation,primary_training,96,climate_zone=C,-0.018749775659815622
M0_legacy_representation,primary_training,96,climate_zone=D,-0.00867292785120792
M0_legacy_representation,primary_training,96,climate_zone=E,-0.08025444018559603
M0_legacy_representation,primary_training,96,hemisphere=S,-0.027271967404803223
M0_legacy_representation,primary_training,96,spatial_block=Asia,-0.05039769760784076
M0_legacy_representation,primary_training,96,spatial_block=Europe,-0.05876222248002461
M0_legacy_representation,primary_training,96,spatial_block=North America,-0.08808455671681095
M0_legacy_representation,primary_training,96,spatial_block=Oceania,-0.05252100569171463
M0_legacy_representation,primary_training,96,spatial_block=South America,-0.06280047804448517
M0_legacy_representation,primary_training,96,income_group=Low-income countries,0.005425411965738861
M0_legacy_representation,primary_training,96,income_group=Lower-middle-income countries,-0.007783621815030883
M0_legacy_representation,primary_training,96,income_group=Upper-middle-income countries,-0.011651685729737312
M0_legacy_representation,primary_training,97,intercept,0.014522473170577345
M0_legacy_representation,primary_training,97,cum_co2_per_capita,0.03980081246856549
M0_legacy_representation,primary_training,97,cum_co2_total,-0.022545756963701934
M0_legacy_representation,primary_training,97,abs_latitude,0.0009537472607045157
M0_legacy_representation,primary_training,97,elevation,-1.8069370619149678e-06
M0_legacy_representation,primary_training,97,continentality,4.252351309056718e-05
M0_legacy_representation,primary_training,97,population,0.024788269591199785
M0_legacy_representation,primary_training,97,station_density,-0.001918313071859762
M0_legacy_representation,primary_training,97,climate_zone=B,0.006699440905031409
M0_legacy_representation,primary_training,97,climate_zone=C,-0.023740855698479564
M0_legacy_representation,primary_training,97,climate_zone=D,0.0014783323890054665
M0_legacy_representation,primary_training,97,climate_zone=E,-0.08076471809518283
M0_legacy_representation,primary_training,97,hemisphere=S,-0.02369084909620617
M0_legacy_representation,primary_training,97,spatial_block=Asia,-0.04876383485069749
M0_legacy_representation,primary_training,97,spatial_block=Europe,-0.06431017634468539
M0_legacy_representation,primary_training,97,spatial_block=North America,-0.08629799120861709
M0_legacy_representation,primary_training,97,spatial_block=Oceania,-0.05446752919101488
M0_legacy_representation,primary_training,97,spatial_block=South America,-0.059467433574175686
M0_legacy_representation,primary_training,97,income_group=Low-income countries,0.008578579500829568
M0_legacy_representation,primary_training,97,income_group=Lower-middle-income countries,-0.005411616719406793
M0_legacy_representation,primary_training,97,income_group=Upper-middle-income countries,-0.013201858793920081
M0_legacy_representation,primary_training,98,intercept,0.014382187274880559
M0_legacy_representation,primary_training,98,cum_co2_per_capita,0.039220236128617775
M0_legacy_representation,primary_training,98,cum_co2_total,-0.021820741004238215
M0_legacy_representation,primary_training,98,abs_latitude,0.000866231520607617
M0_legacy_representation,primary_training,98,elevation,-1.6614286020308206e-06
M0_legacy_representation,primary_training,98,continentality,4.379476860397283e-05
M0_legacy_representation,primary_training,98,population,0.02525214651642191
M0_legacy_representation,primary_training,98,station_density,-0.0019854071623788523
M0_legacy_representation,primary_training,98,climate_zone=B,0.007632763140215244
M0_legacy_representation,primary_training,98,climate_zone=C,-0.020362626496683783
M0_legacy_representation,primary_training,98,climate_zone=D,0.0001490436921298935
M0_legacy_representation,primary_training,98,climate_zone=E,-0.07872426507879458
M0_legacy_representation,primary_training,98,hemisphere=S,-0.025776163064311013
M0_legacy_representation,primary_training,98,spatial_block=Asia,-0.05073283596160391
M0_legacy_representation,primary_training,98,spatial_block=Europe,-0.06322037862005314
M0_legacy_representation,primary_training,98,spatial_block=North America,-0.08856153427017413
M0_legacy_representation,primary_training,98,spatial_block=Oceania,-0.055643191369206084
M0_legacy_representation,primary_training,98,spatial_block=South America,-0.06182905882717933
M0_legacy_representation,primary_training,98,income_group=Low-income countries,0.0052829219521064105
M0_legacy_representation,primary_training,98,income_group=Lower-middle-income countries,-0.007681827937330188
M0_legacy_representation,primary_training,98,income_group=Upper-middle-income countries,-0.013679010229758886
M0_legacy_representation,primary_training,99,intercept,0.013530025555314464
M0_legacy_representation,primary_training,99,cum_co2_per_capita,0.03691878284524783
M0_legacy_representation,primary_training,99,cum_co2_total,-0.019216866478157135
M0_legacy_representation,primary_training,99,abs_latitude,0.0010460488508314317
M0_legacy_representation,primary_training,99,elevation,-1.6641919370645274e-06
M0_legacy_representation,primary_training,99,continentality,3.770588980278953e-05
M0_legacy_representation,primary_training,99,population,0.025044504008482155
M0_legacy_representation,primary_training,99,station_density,-0.0018374543645712674
M0_legacy_representation,primary_training,99,climate_zone=B,0.011730979350749677
M0_legacy_representation,primary_training,99,climate_zone=C,-0.02221173342031843
M0_legacy_representation,primary_training,99,climate_zone=D,-0.001414150178130412
M0_legacy_representation,primary_training,99,climate_zone=E,-0.09007662859017969
M0_legacy_representation,primary_training,99,hemisphere=S,-0.028754903339323797
M0_legacy_representation,primary_training,99,spatial_block=Asia,-0.05925049120867478
M0_legacy_representation,primary_training,99,spatial_block=Europe,-0.06059742170967767
M0_legacy_representation,primary_training,99,spatial_block=North America,-0.09485925712602869
M0_legacy_representation,primary_training,99,spatial_block=Oceania,-0.058014735933559415
M0_legacy_representation,primary_training,99,spatial_block=South America,-0.06667597755715408
M0_legacy_representation,primary_training,99,income_group=Low-income countries,0.0060407389182043185
M0_legacy_representation,primary_training,99,income_group=Lower-middle-income countries,-0.004719202039644072
M0_legacy_representation,primary_training,99,income_group=Upper-middle-income countries,-0.00917922234662724
M0_legacy_representation,primary_training,100,intercept,0.014194040123625346
M0_legacy_representation,primary_training,100,cum_co2_per_capita,0.04063558203824058
M0_legacy_representation,primary_training,100,cum_co2_total,-0.020480473530421435
M0_legacy_representation,primary_training,100,abs_latitude,0.0006250243778525816
M0_legacy_representation,primary_training,100,elevation,-2.7138723657338443e-06
M0_legacy_representation,primary_training,100,continentality,4.755085317133638e-05
M0_legacy_representation,primary_training,100,population,0.024048185173089234
M0_legacy_representation,primary_training,100,station_density,-0.001444508234951641
M0_legacy_representation,primary_training,100,climate_zone=B,0.011528520897722256
M0_legacy_representation,primary_training,100,climate_zone=C,-0.020136823585783763
M0_legacy_representation,primary_training,100,climate_zone=D,0.016551092503310976
M0_legacy_representation,primary_training,100,climate_zone=E,-0.08189652010339889
M0_legacy_representation,primary_training,100,hemisphere=S,-0.024872311607901754
M0_legacy_representation,primary_training,100,spatial_block=Asia,-0.051506111259456595
M0_legacy_representation,primary_training,100,spatial_block=Europe,-0.04419134596239393
M0_legacy_representation,primary_training,100,spatial_block=North America,-0.08695063742936046
M0_legacy_representation,primary_training,100,spatial_block=Oceania,-0.051143262026120795
M0_legacy_representation,primary_training,100,spatial_block=South America,-0.0609937405762384
M0_legacy_representation,primary_training,100,income_group=Low-income countries,0.011049061953765003
M0_legacy_representation,primary_training,100,income_group=Lower-middle-income countries,-0.0027591928755744716
M0_legacy_representation,primary_training,100,income_group=Upper-middle-income countries,-0.010602827379668629
M0_legacy_representation,primary_training,101,intercept,0.014480634635376846
M0_legacy_representation,primary_training,101,cum_co2_per_capita,0.03850821067344673
M0_legacy_representation,primary_training,101,cum_co2_total,-0.022735831607737393
M0_legacy_representation,primary_training,101,abs_latitude,0.0010642452637555106
M0_legacy_representation,primary_training,101,elevation,-6.296829141707851e-07
M0_legacy_representation,primary_training,101,continentality,4.107686048069065e-05
M0_legacy_representation,primary_training,101,population,0.02563976553107791
M0_legacy_representation,primary_training,101,station_density,-0.0016966102777799
M0_legacy_representation,primary_training,101,climate_zone=B,0.0054754571461567095
M0_legacy_representation,primary_training,101,climate_zone=C,-0.02313590118341143
M0_legacy_representation,primary_training,101,climate_zone=D,-0.007129490690160326
M0_legacy_representation,primary_training,101,hemisphere=S,-0.026278752495488677
M0_legacy_representation,primary_training,101,spatial_block=Asia,-0.05221873034883101
M0_legacy_representation,primary_training,101,spatial_block=Europe,-0.06076538582413282
M0_legacy_representation,primary_training,101,spatial_block=North America,-0.09000707685422295
M0_legacy_representation,primary_training,101,spatial_block=Oceania,-0.05627460382140183
M0_legacy_representation,primary_training,101,spatial_block=South America,-0.06223792297587283
M0_legacy_representation,primary_training,101,income_group=Low-income countries,0.003619260377779753
M0_legacy_representation,primary_training,101,income_group=Lower-middle-income countries,-0.00936146961872874
M0_legacy_representation,primary_training,101,income_group=Upper-middle-income countries,-0.014529819083070326
M0_legacy_representation,primary_training,102,intercept,0.014482397429548356
M0_legacy_representation,primary_training,102,cum_co2_per_capita,0.038663968514662396
M0_legacy_representation,primary_training,102,cum_co2_total,-0.022675687946907667
M0_legacy_representation,primary_training,102,abs_latitude,0.0011113018178518566
M0_legacy_representation,primary_training,102,elevation,-2.645933150673661e-07
M0_legacy_representation,primary_training,102,continentality,4.057616825014187e-05
M0_legacy_representation,primary_training,102,population,0.025554728115716845
M0_legacy_representation,primary_training,102,station_density,-0.0016900677142729316
M0_legacy_representation,primary_training,102,climate_zone=B,0.004552509740829338
M0_legacy_representation,primary_training,102,climate_zone=C,-0.023830510853600332
M0_legacy_representation,primary_training,102,climate_zone=D,-0.009987192503713504
M0_legacy_representation,primary_training,102,climate_zone=E,-0.09639761149089768
M0_legacy_representation,primary_training,102,hemisphere=S,-0.026453689535999216
M0_legacy_representation,primary_training,102,spatial_block=Asia,-0.052527345708137475
M0_legacy_representation,primary_training,102,spatial_block=Europe,-0.05997729899231052
M0_legacy_representation,primary_training,102,spatial_block=North America,-0.09037962232797388
M0_legacy_representation,primary_training,102,spatial_block=Oceania,-0.056769789821168
M0_legacy_representation,primary_training,102,spatial_block=South America,-0.06243689723041791
M0_legacy_representation,primary_training,102,income_group=Low-income countries,0.0038550125975114085
M0_legacy_representation,primary_training,102,income_group=Lower-middle-income countries,-0.009374733580601567
M0_legacy_representation,primary_training,102,income_group=Upper-middle-income countries,-0.014697505467315904
M0_legacy_representation,primary_training,103,intercept,0.014861480061616411
M0_legacy_representation,primary_training,103,cum_co2_per_capita,0.041603472989891456
M0_legacy_representation,primary_training,103,cum_co2_total,-0.022370621612730138
M0_legacy_representation,primary_training,103,abs_latitude,0.0007846823203485904
M0_legacy_representation,primary_training,103,elevation,-2.441050563795691e-06
M0_legacy_representation,primary_training,103,continentality,4.5799271003602696e-05
M0_legacy_representation,primary_training,103,population,0.025194785767076646
M0_legacy_representation,primary_training,103,station_density,-0.0018291535730147912
M0_legacy_representation,primary_training,103,climate_zone=B,0.009581983041523249
M0_legacy_representation,primary_training,103,climate_zone=C,-0.02329406407555401
M0_legacy_representation,primary_training,103,climate_zone=D,0.0069780953371756365
M0_legacy_representation,primary_training,103,climate_zone=E,-0.08169371787226588
M0_legacy_representation,primary_training,103,hemisphere=S,-0.024611115241780876
M0_legacy_representation,primary_training,103,spatial_block=Asia,-0.05152203480685623
M0_legacy_representation,primary_training,103,spatial_block=Europe,-0.06019312311933287
M0_legacy_representation,primary_training,103,spatial_block=North America,-0.08880962532458794
M0_legacy_representation,primary_training,103,spatial_block=Oceania,-0.056217314739778014
M0_legacy_representation,primary_training,103,spatial_block=South America,-0.06128919415762199
M0_legacy_representation,primary_training,103,income_group=Low-income countries,0.0044108259125876
M0_legacy_representation,primary_training,103,income_group=Lower-middle-income countries,-0.008455292203358895
M0_legacy_representation,primary_training,103,income_group=Upper-middle-income countries,-0.016872985234821766
M0_legacy_representation,primary_training,104,intercept,0.014248381489211951
M0_legacy_representation,primary_training,104,cum_co2_per_capita,0.03834472801952831
M0_legacy_representation,primary_training,104,cum_co2_total,-0.021885168356397033
M0_legacy_representation,primary_training,104,abs_latitude,0.0008203414875983614
M0_legacy_representation,primary_training,104,elevation,-7.427891763288136e-08
M0_legacy_representation,primary_training,104,continentality,4.226827036317448e-05
M0_legacy_representation,primary_training,104,population,0.025260392559349216
M0_legacy_representation,primary_training,104,station_density,-0.0015530784224711337
M0_legacy_representation,primary_training,104,climate_zone=B,0.00880514655108441
M0_legacy_representation,primary_training,104,climate_zone=C,-0.01866003729997588
M0_legacy_representation,primary_training,104,climate_zone=D,-0.005975004859965665
M0_legacy_representation,primary_training,104,climate_zone=E,-0.07794026086131654
M0_legacy_representation,primary_training,104,hemisphere=S,-0.02697266506902895
M0_legacy_representation,primary_training,104,spatial_block=Asia,-0.05048575227844853
M0_legacy_representation,primary_training,104,spatial_block=Europe,-0.058653903944212445
M0_legacy_representation,primary_training,104,spatial_block=North America,-0.08783908660460754
M0_legacy_representation,primary_training,104,spatial_block=Oceania,-0.05221411341707038
M0_legacy_representation,primary_training,104,spatial_block=South America,-0.06269256054723292
M0_legacy_representation,primary_training,104,income_group=Low-income countries,0.0060000624412675455
M0_legacy_representation,primary_training,104,income_group=Lower-middle-income countries,-0.007216266630295182
M0_legacy_representation,primary_training,104,income_group=Upper-middle-income countries,-0.011069080763080497
M0_legacy_representation,primary_training,105,intercept,0.014248381489211951
M0_legacy_representation,primary_training,105,cum_co2_per_capita,0.03834472801952831
M0_legacy_representation,primary_training,105,cum_co2_total,-0.021885168356397033
M0_legacy_representation,primary_training,105,abs_latitude,0.0008203414875983614
M0_legacy_representation,primary_training,105,elevation,-7.427891763288136e-08
M0_legacy_representation,primary_training,105,continentality,4.226827036317448e-05
M0_legacy_representation,primary_training,105,population,0.025260392559349216
M0_legacy_representation,primary_training,105,station_density,-0.0015530784224711337
M0_legacy_representation,primary_training,105,climate_zone=B,0.00880514655108441
M0_legacy_representation,primary_training,105,climate_zone=C,-0.01866003729997588
M0_legacy_representation,primary_training,105,climate_zone=D,-0.005975004859965665
M0_legacy_representation,primary_training,105,climate_zone=E,-0.07794026086131654
M0_legacy_representation,primary_training,105,hemisphere=S,-0.02697266506902895
M0_legacy_representation,primary_training,105,spatial_block=Asia,-0.05048575227844853
M0_legacy_representation,primary_training,105,spatial_block=Europe,-0.058653903944212445
M0_legacy_representation,primary_training,105,spatial_block=North America,-0.08783908660460754
M0_legacy_representation,primary_training,105,spatial_block=Oceania,-0.05221411341707038
M0_legacy_representation,primary_training,105,spatial_block=South America,-0.06269256054723292
M0_legacy_representation,primary_training,105,income_group=Low-income countries,0.0060000624412675455
M0_legacy_representation,primary_training,105,income_group=Lower-middle-income countries,-0.007216266630295182
M0_legacy_representation,primary_training,105,income_group=Upper-middle-income countries,-0.011069080763080497
M0_legacy_representation,primary_training,106,intercept,0.014431093151099451
M0_legacy_representation,primary_training,106,cum_co2_per_capita,0.03812070078461686
M0_legacy_representation,primary_training,106,cum_co2_total,-0.022380097464492054
M0_legacy_representation,primary_training,106,abs_latitude,0.000927913333386392
M0_legacy_representation,primary_training,106,elevation,-9.107881771281474e-07
M0_legacy_representation,primary_training,106,continentality,4.231240943254665e-05
M0_legacy_representation,primary_training,106,population,0.0260857606574882
M0_legacy_representation,primary_training,106,station_density,-0.0018129529748754356
M0_legacy_representation,primary_training,106,climate_zone=B,0.0070818412029301624
M0_legacy_representation,primary_training,106,climate_zone=C,-0.021232005862032544
M0_legacy_representation,primary_training,106,climate_zone=D,-0.0013378852731358653
M0_legacy_representation,primary_training,106,climate_zone=E,-0.08929879071138147
M0_legacy_representation,primary_training,106,hemisphere=S,-0.026378395130406174
M0_legacy_representation,primary_training,106,spatial_block=Asia,-0.051488363089039195
M0_legacy_representation,primary_training,106,spatial_block=Europe,-0.05725230434382419
M0_legacy_representation,primary_training,106,spatial_block=North America,-0.08988728053640782
M0_legacy_representation,primary_training,106,spatial_block=Oceania,-0.05642122397935709
M0_legacy_representation,primary_training,106,spatial_block=South America,-0.06231043409311498
M0_legacy_representation,primary_training,106,income_group=Low-income countries,0.0007325672973315998
M0_legacy_representation,primary_training,106,income_group=Lower-middle-income countries,-0.011565189627948325
M0_legacy_representation,primary_training,106,income_group=Upper-middle-income countries,-0.01668396779454791
M0_legacy_representation,primary_training,107,intercept,0.014043739485275151
M0_legacy_representation,primary_training,107,cum_co2_per_capita,0.03870097135586035
M0_legacy_representation,primary_training,107,cum_co2_total,-0.020624108389214423
M0_legacy_representation,primary_training,107,abs_latitude,0.0007949620311883403
M0_legacy_representation,primary_training,107,elevation,-2.8354829122600595e-06
M0_legacy_representation,primary_training,107,continentality,4.4872837447542844e-05
M0_legacy_representation,primary_training,107,population,0.024937357166576034
M0_legacy_representation,primary_training,107,station_density,-0.0018186466942204716
M0_legacy_representation,primary_training,107,climate_zone=B,0.009147000775060362
M0_legacy_representation,primary_training,107,climate_zone=C,-0.019399389331668952
M0_legacy_representation,primary_training,107,climate_zone=D,0.00513185495198411
M0_legacy_representation,primary_training,107,climate_zone=E,-0.086127608773855
M0_legacy_representation,primary_training,107,hemisphere=S,-0.025325565381157645
M0_legacy_representation,primary_training,107,spatial_block=Asia,-0.05098675464367407
M0_legacy_representation,primary_training,107,spatial_block=Europe,-0.05017450458911662
M0_legacy_representation,primary_training,107,spatial_block=North America,-0.08850895181430068
M0_legacy_representation,primary_training,107,spatial_block=Oceania,-0.05548119965977709
M0_legacy_representation,primary_training,107,spatial_block=South America,-0.06183946560604601
M0_legacy_representation,primary_training,107,income_group=Low-income countries,0.006546890015910366
M0_legacy_representation,primary_training,107,income_group=Lower-middle-income countries,-0.006903316302242585
M0_legacy_representation,primary_training,107,income_group=Upper-middle-income countries,-0.01317641539259338
M0_legacy_representation,primary_training,108,intercept,0.01465006166144961
M0_legacy_representation,primary_training,108,cum_co2_per_capita,0.039547632795414435
M0_legacy_representation,primary_training,108,cum_co2_total,-0.02248887165507348
M0_legacy_representation,primary_training,108,abs_latitude,0.00083346775249206
M0_legacy_representation,primary_training,108,elevation,-1.4829754863841714e-06
M0_legacy_representation,primary_training,108,continentality,4.508784325600333e-05
M0_legacy_representation,primary_training,108,population,0.025863865518204448
M0_legacy_representation,primary_training,108,station_density,-0.0017672751428312026
M0_legacy_representation,primary_training,108,climate_zone=B,0.0079698759018315
M0_legacy_representation,primary_training,108,climate_zone=C,-0.021089383779264587
M0_legacy_representation,primary_training,108,climate_zone=D,0.0016377839908314183
M0_legacy_representation,primary_training,108,climate_zone=E,-0.08804011657206678
M0_legacy_representation,primary_training,108,hemisphere=S,-0.026108175120119318
M0_legacy_representation,primary_training,108,spatial_block=Asia,-0.051541747321489854
M0_legacy_representation,primary_training,108,spatial_block=Europe,-0.054983018491262706
M0_legacy_representation,primary_training,108,spatial_block=North America,-0.08930941253339816
M0_legacy_representation,primary_training,108,spatial_block=Oceania,-0.05609734475008194
M0_legacy_representation,primary_training,108,spatial_block=South America,-0.06163604967343273
M0_legacy_representation,primary_training,108,income_group=Low-income countries,0.0011867329966903219
M0_legacy_representation,primary_training,108,income_group=Lower-middle-income countries,-0.010980147773803028
M0_legacy_representation,primary_training,108,income_group=Upper-middle-income countries,-0.01780448226348767
M0_legacy_representation,primary_training,109,intercept,0.014297991753866151
M0_legacy_representation,primary_training,109,cum_co2_per_capita,0.03788819846436825
M0_legacy_representation,primary_training,109,cum_co2_total,-0.02216438296688682
M0_legacy_representation,primary_training,109,abs_latitude,0.0009859943125584774
M0_legacy_representation,primary_training,109,elevation,-1.3511489999820365e-06
M0_legacy_representation,primary_training,109,continentality,4.153707152650104e-05
M0_legacy_representation,primary_training,109,population,0.025735369091940626
M0_legacy_representation,primary_training,109,station_density,-0.001959505536410158
M0_legacy_representation,primary_training,109,climate_zone=B,0.006769422058271049
M0_legacy_representation,primary_training,109,climate_zone=C,-0.022327815975762264
M0_legacy_representation,primary_training,109,climate_zone=D,-0.0002354316103008434
M0_legacy_representation,primary_training,109,climate_zone=E,-0.08461558777061584
M0_legacy_representation,primary_training,109,hemisphere=S,-0.0256813342474415
M0_legacy_representation,primary_training,109,spatial_block=Asia,-0.051626971537849654
M0_legacy_representation,primary_training,109,spatial_block=Europe,-0.06336426694881604
M0_legacy_representation,primary_training,109,spatial_block=North America,-0.08939086624274155
M0_legacy_representation,primary_training,109,spatial_block=Oceania,-0.056256464112969654
M0_legacy_representation,primary_training,109,spatial_block=South America,-0.06184617207756469
M0_legacy_representation,primary_training,109,income_group=Low-income countries,0.003137016778197942
M0_legacy_representation,primary_training,109,income_group=Lower-middle-income countries,-0.009343129554925375
M0_legacy_representation,primary_training,109,income_group=Upper-middle-income countries,-0.014625372789711433
M0_legacy_representation,primary_training,110,intercept,0.014638158545820953
M0_legacy_representation,primary_training,110,cum_co2_per_capita,0.03916387646958474
M0_legacy_representation,primary_training,110,cum_co2_total,-0.02304731407947742
M0_legacy_representation,primary_training,110,abs_latitude,0.0009612988167231841
M0_legacy_representation,primary_training,110,elevation,-5.758188347039251e-07
M0_legacy_representation,primary_training,110,continentality,4.051357675433515e-05
M0_legacy_representation,primary_training,110,population,0.025617760725866426
M0_legacy_representation,primary_training,110,station_density,-0.0019390677857004158
M0_legacy_representation,primary_training,110,climate_zone=B,0.0064775306745078025
M0_legacy_representation,primary_training,110,climate_zone=C,-0.020937033337448403
M0_legacy_representation,primary_training,110,climate_zone=D,-0.004920527459623331
M0_legacy_representation,primary_training,110,climate_zone=E,-0.08654211019198124
M0_legacy_representation,primary_training,110,hemisphere=S,-0.026112469592192652
M0_legacy_representation,primary_training,110,spatial_block=Asia,-0.05054084402977154
M0_legacy_representation,primary_training,110,spatial_block=Europe,-0.06103078283635432
M0_legacy_representation,primary_training,110,spatial_block=North America,-0.08899569958166816
M0_legacy_representation,primary_training,110,spatial_block=Oceania,-0.05580632894136926
M0_legacy_representation,primary_training,110,spatial_block=South America,-0.06219834232017195
M0_legacy_representation,primary_training,110,income_group=Low-income countries,0.0048320024051784665
M0_legacy_representation,primary_training,110,income_group=Lower-middle-income countries,-0.008332978635115363
M0_legacy_representation,primary_training,110,income_group=Upper-middle-income countries,-0.013238604996762547
M0_legacy_representation,primary_training,111,intercept,0.0137499745652905
M0_legacy_representation,primary_training,111,cum_co2_per_capita,0.03804585701907746
M0_legacy_representation,primary_training,111,cum_co2_total,-0.019763082293608358
M0_legacy_representation,primary_training,111,abs_latitude,0.0007341032785537804
M0_legacy_representation,primary_training,111,elevation,-2.1907855858650557e-06
M0_legacy_representation,primary_training,111,continentality,4.5750482710074895e-05
M0_legacy_representation,primary_training,111,population,0.024690908079058337
M0_legacy_representation,primary_training,111,station_density,-0.001923011994230273
M0_legacy_representation,primary_training,111,climate_zone=B,0.009868768131679672
M0_legacy_representation,primary_training,111,climate_zone=C,-0.018721295725642278
M0_legacy_representation,primary_training,111,climate_zone=D,0.004355268411870227
M0_legacy_representation,primary_training,111,climate_zone=E,-0.0747943196377526
M0_legacy_representation,primary_training,111,hemisphere=S,-0.02572918506659752
M0_legacy_representation,primary_training,111,spatial_block=Asia,-0.05069672313275217
M0_legacy_representation,primary_training,111,spatial_block=Europe,-0.05619274821523063
M0_legacy_representation,primary_training,111,spatial_block=North America,-0.0873853271625617
M0_legacy_representation,primary_training,111,spatial_block=Oceania,-0.05343418985823893
M0_legacy_representation,primary_training,111,spatial_block=South America,-0.06190040493676737
M0_legacy_representation,primary_training,111,income_group=Low-income countries,0.007208862834499491
M0_legacy_representation,primary_training,111,income_group=Lower-middle-income countries,-0.0058023576619830475
M0_legacy_representation,primary_training,111,income_group=Upper-middle-income countries,-0.01157421907659623
M0_legacy_representation,primary_training,112,intercept,0.014752184934646364
M0_legacy_representation,primary_training,112,cum_co2_per_capita,0.039670129694316825
M0_legacy_representation,primary_training,112,cum_co2_total,-0.023471432916132608
M0_legacy_representation,primary_training,112,abs_latitude,0.0010204453502808534
M0_legacy_representation,primary_training,112,elevation,-8.822318309464702e-07
M0_legacy_representation,primary_training,112,continentality,4.2473981504893675e-05
M0_legacy_representation,primary_training,112,population,0.025371546997431032
M0_legacy_representation,primary_training,112,station_density,-0.0014929677966333261
M0_legacy_representation,primary_training,112,climate_zone=B,0.005955447338988805
M0_legacy_representation,primary_training,112,climate_zone=C,-0.025475091946387734
M0_legacy_representation,primary_training,112,climate_zone=D,-0.005503456347646111
M0_legacy_representation,primary_training,112,climate_zone=E,-0.09046337542127425
M0_legacy_representation,primary_training,112,hemisphere=S,-0.024297870678878605
M0_legacy_representation,primary_training,112,spatial_block=Asia,-0.050235061888379395
M0_legacy_representation,primary_training,112,spatial_block=Europe,-0.0602450838666224
M0_legacy_representation,primary_training,112,spatial_block=North America,-0.08802162146107124
M0_legacy_representation,primary_training,112,spatial_block=Oceania,-0.0542750145449755
M0_legacy_representation,primary_training,112,spatial_block=South America,-0.061341293666162956
M0_legacy_representation,primary_training,112,income_group=Low-income countries,0.004843912918699515
M0_legacy_representation,primary_training,112,income_group=Lower-middle-income countries,-0.009462268216010226
M0_legacy_representation,primary_training,112,income_group=Upper-middle-income countries,-0.014068221195980297
M0_legacy_representation,primary_training,113,intercept,0.014087192665118705
M0_legacy_representation,primary_training,113,cum_co2_per_capita,0.04023234903020131
M0_legacy_representation,primary_training,113,cum_co2_total,-0.020179413753215438
M0_legacy_representation,primary_training,113,abs_latitude,0.0006261363402586711
M0_legacy_representation,primary_training,113,elevation,-2.638184412143927e-06
M0_legacy_representation,primary_training,113,continentality,4.6794627350826405e-05
M0_legacy_representation,primary_training,113,population,0.024111393207296494
M0_legacy_representation,primary_training,113,station_density,-0.0016384476248128342
M0_legacy_representation,primary_training,113,climate_zone=B,0.011173892046894828
M0_legacy_representation,primary_training,113,climate_zone=C,-0.018790126349802563
M0_legacy_representation,primary_training,113,climate_zone=D,0.013700803652649841
M0_legacy_representation,primary_training,113,climate_zone=E,-0.08363345533376658
M0_legacy_representation,primary_training,113,hemisphere=S,-0.02509011585421392
M0_legacy_representation,primary_training,113,spatial_block=Asia,-0.050691502261817796
M0_legacy_representation,primary_training,113,spatial_block=Europe,-0.04230567065479155
M0_legacy_representation,primary_training,113,spatial_block=North America,-0.08701404084900037
M0_legacy_representation,primary_training,113,spatial_block=Oceania,-0.05201902763812741
M0_legacy_representation,primary_training,113,spatial_block=South America,-0.06146635593078951
M0_legacy_representation,primary_training,113,income_group=Low-income countries,0.010884730991337336
M0_legacy_representation,primary_training,113,income_group=Lower-middle-income countries,-0.0031099974318082838
M0_legacy_representation,primary_training,113,income_group=Upper-middle-income countries,-0.010248232802185123
M0_legacy_representation,primary_training,114,intercept,0.014640765169703166
M0_legacy_representation,primary_training,114,cum_co2_per_capita,0.03860585375579437
M0_legacy_representation,primary_training,114,cum_co2_total,-0.022753787521797526
M0_legacy_representation,primary_training,114,abs_latitude,0.000321488142075794
M0_legacy_representation,primary_training,114,elevation,-4.884198469651209e-06
M0_legacy_representation,primary_training,114,continentality,3.3951113276880207e-05
M0_legacy_representation,primary_training,114,population,0.026484949740632365
M0_legacy_representation,primary_training,114,station_density,-0.0010974971885904113
M0_legacy_representation,primary_training,114,climate_zone=B,0.01118955013925715
M0_legacy_representation,primary_training,114,climate_zone=C,-0.009619768149612696
M0_legacy_representation,primary_training,114,climate_zone=D,0.016922725235931753
M0_legacy_representation,primary_training,114,climate_zone=E,-0.054693128435902696
M0_legacy_representation,primary_training,114,hemisphere=S,-0.023512380884255297
M0_legacy_representation,primary_training,114,spatial_block=Asia,-0.05357436610171142
M0_legacy_representation,primary_training,114,spatial_block=Europe,-0.053910172129682264
M0_legacy_representation,primary_training,114,spatial_block=North America,-0.08543004002008639
M0_legacy_representation,primary_training,114,spatial_block=Oceania,-0.056412979902068554
M0_legacy_representation,primary_training,114,spatial_block=South America,-0.05503365390753166
M0_legacy_representation,primary_training,114,income_group=Low-income countries,0.010401429456919575
M0_legacy_representation,primary_training,114,income_group=Lower-middle-income countries,-0.004989048104036957
M0_legacy_representation,primary_training,114,income_group=Upper-middle-income countries,-0.021743978474556405
M0_legacy_representation,primary_training,115,intercept,0.014200538301214378
M0_legacy_representation,primary_training,115,cum_co2_per_capita,0.04010760153838572
M0_legacy_representation,primary_training,115,cum_co2_total,-0.020604802307477355
M0_legacy_representation,primary_training,115,abs_latitude,0.0006525970940240216
M0_legacy_representation,primary_training,115,elevation,-2.411184405132454e-06
M0_legacy_representation,primary_training,115,continentality,4.626005377514879e-05
M0_legacy_representation,primary_training,115,population,0.024490825961425218
M0_legacy_representation,primary_training,115,station_density,-0.001639065174750965
M0_legacy_representation,primary_training,115,climate_zone=B,0.010766037023522456
M0_legacy_representation,primary_training,115,climate_zone=C,-0.019198913413543194
M0_legacy_representation,primary_training,115,climate_zone=D,0.012394005605317058
M0_legacy_representation,primary_training,115,climate_zone=E,-0.08377692595893281
M0_legacy_representation,primary_training,115,hemisphere=S,-0.02524049565161157
M0_legacy_representation,primary_training,115,spatial_block=Asia,-0.05087680915652028
M0_legacy_representation,primary_training,115,spatial_block=Europe,-0.04485552262609173
M0_legacy_representation,primary_training,115,spatial_block=North America,-0.08750742037949219
M0_legacy_representation,primary_training,115,spatial_block=Oceania,-0.05282295113047479
M0_legacy_representation,primary_training,115,spatial_block=South America,-0.061505956011657106
M0_legacy_representation,primary_training,115,income_group=Low-income countries,0.008858821072210178
M0_legacy_representation,primary_training,115,income_group=Lower-middle-income countries,-0.00482317622316369
M0_legacy_representation,primary_training,115,income_group=Upper-middle-income countries,-0.011986332039022302
M0_legacy_representation,primary_training,116,intercept,0.014129184179933372
M0_legacy_representation,primary_training,116,cum_co2_per_capita,0.039903047546967454
M0_legacy_representation,primary_training,116,cum_co2_total,-0.020441553613015535
M0_legacy_representation,primary_training,116,abs_latitude,0.0006901367856285441
M0_legacy_representation,primary_training,116,elevation,-3.11986738478437e-06
M0_legacy_representation,primary_training,116,continentality,4.725740924461387e-05
M0_legacy_representation,primary_training,116,population,0.024430503919619616
M0_legacy_representation,primary_training,116,station_density,-0.0015709419596645947
M0_legacy_representation,primary_training,116,climate_zone=B,0.010709090006594962
M0_legacy_representation,primary_training,116,climate_zone=C,-0.02034504613564716
M0_legacy_representation,primary_training,116,climate_zone=D,0.013110489725603011
M0_legacy_representation,primary_training,116,climate_zone=E,-0.08314911965894073
M0_legacy_representation,primary_training,116,hemisphere=S,-0.02486872752088976
M0_legacy_representation,primary_training,116,spatial_block=Asia,-0.05169956465962242
M0_legacy_representation,primary_training,116,spatial_block=Europe,-0.04729439670528414
M0_legacy_representation,primary_training,116,spatial_block=North America,-0.08766402898856183
M0_legacy_representation,primary_training,116,spatial_block=Oceania,-0.053193819526242386
M0_legacy_representation,primary_training,116,spatial_block=South America,-0.061058762146975754
M0_legacy_representation,primary_training,116,income_group=Low-income countries,0.008685158414308156
M0_legacy_representation,primary_training,116,income_group=Lower-middle-income countries,-0.00478455433302017
M0_legacy_representation,primary_training,116,income_group=Upper-middle-income countries,-0.01260581670061153
M0_legacy_representation,primary_training,117,intercept,0.014215567321317214
M0_legacy_representation,primary_training,117,cum_co2_per_capita,0.039370003153913806
M0_legacy_representation,primary_training,117,cum_co2_total,-0.020838877128501684
M0_legacy_representation,primary_training,117,abs_latitude,0.0008665361410757808
M0_legacy_representation,primary_training,117,elevation,-1.830241635665679e-06
M0_legacy_representation,primary_training,117,continentality,4.619565727689233e-05
M0_legacy_representation,primary_training,117,population,0.025084523645484066
M0_legacy_representation,primary_training,117,station_density,-0.0015833088623892289
M0_legacy_representation,primary_training,117,climate_zone=B,0.007643816906500067
M0_legacy_representation,primary_training,117,climate_zone=C,-0.023248943185829343
M0_legacy_representation,primary_training,117,climate_zone=D,0.004271979686299366
M0_legacy_representation,primary_training,117,climate_zone=E,-0.08597164675188655
M0_legacy_representation,primary_training,117,hemisphere=S,-0.02576479798958952
M0_legacy_representation,primary_training,117,spatial_block=Asia,-0.053200184568302555
M0_legacy_representation,primary_training,117,spatial_block=Europe,-0.05754344070985462
M0_legacy_representation,primary_training,117,spatial_block=North America,-0.089617653736096
M0_legacy_representation,primary_training,117,spatial_block=Oceania,-0.05570095482073193
M0_legacy_representation,primary_training,117,spatial_block=South America,-0.06156522211756892
M0_legacy_representation,primary_training,117,income_group=Low-income countries,0.00384008460501657
M0_legacy_representation,primary_training,117,income_group=Lower-middle-income countries,-0.00895940800268076
M0_legacy_representation,primary_training,117,income_group=Upper-middle-income countries,-0.016978515884090422
M0_legacy_representation,primary_training,118,intercept,0.01486582840676034
M0_legacy_representation,primary_training,118,cum_co2_per_capita,0.04191504844635483
M0_legacy_representation,primary_training,118,cum_co2_total,-0.023177912101983344
M0_legacy_representation,primary_training,118,abs_latitude,0.0009037182820763155
M0_legacy_representation,primary_training,118,elevation,-4.308226584654245e-07
M0_legacy_representation,primary_training,118,continentality,4.4826166452394295e-05
M0_legacy_representation,primary_training,118,population,0.02410200989222653
M0_legacy_representation,primary_training,118,station_density,-0.0013294992611858345
M0_legacy_representation,primary_training,118,climate_zone=B,0.003422238772383963
M0_legacy_representation,primary_training,118,climate_zone=C,-0.027919889925548804
M0_legacy_representation,primary_training,118,climate_zone=D,-0.006077689340626075
M0_legacy_representation,primary_training,118,climate_zone=E,-0.08965999745659085
M0_legacy_representation,primary_training,118,hemisphere=S,-0.020468993670531895
M0_legacy_representation,primary_training,118,spatial_block=Asia,-0.04389054552421256
M0_legacy_representation,primary_training,118,spatial_block=Europe,-0.05332402816351406
M0_legacy_representation,primary_training,118,spatial_block=North America,-0.08230561979369008
M0_legacy_representation,primary_training,118,spatial_block=Oceania,-0.051069002107608216
M0_legacy_representation,primary_training,118,spatial_block=South America,-0.058052696373011914
M0_legacy_representation,primary_training,118,income_group=Low-income countries,0.010799798809407837
M0_legacy_representation,primary_training,118,income_group=Lower-middle-income countries,-0.007862904338718299
M0_legacy_representation,primary_training,118,income_group=Upper-middle-income countries,-0.01436017356502835
M0_legacy_representation,primary_training,119,intercept,0.014230459316090002
M0_legacy_representation,primary_training,119,cum_co2_per_capita,0.038198453804481045
M0_legacy_representation,primary_training,119,cum_co2_total,-0.021714812062033167
M0_legacy_representation,primary_training,119,abs_latitude,0.0007528797219868384
M0_legacy_representation,primary_training,119,elevation,-2.955956098531344e-07
M0_legacy_representation,primary_training,119,continentality,4.2651021701452134e-05
M0_legacy_representation,primary_training,119,population,0.025469490030029136
M0_legacy_representation,primary_training,119,station_density,-0.0018814972659650167
M0_legacy_representation,primary_training,119,climate_zone=B,0.009362633566069116
M0_legacy_representation,primary_training,119,climate_zone=C,-0.0174136449285101
M0_legacy_representation,primary_training,119,climate_zone=D,-0.0033535540223362053
M0_legacy_representation,primary_training,119,climate_zone=E,-0.07349409303174752
M0_legacy_representation,primary_training,119,hemisphere=S,-0.02681524528395127
M0_legacy_representation,primary_training,119,spatial_block=Asia,-0.049504561897301756
M0_legacy_representation,primary_training,119,spatial_block=Europe,-0.059815804927511054
M0_legacy_representation,primary_training,119,spatial_block=North America,-0.08737451076764476
M0_legacy_representation,primary_training,119,spatial_block=Oceania,-0.052735228011313647
M0_legacy_representation,primary_training,119,spatial_block=South America,-0.06255854112355179
M0_legacy_representation,primary_training,119,income_group=Low-income countries,0.004862546963840118
M0_legacy_representation,primary_training,119,income_group=Lower-middle-income countries,-0.007867352270644525
M0_legacy_representation,primary_training,119,income_group=Upper-middle-income countries,-0.011741557272172673
M0_legacy_representation,primary_training,120,intercept,0.014583001647343023
M0_legacy_representation,primary_training,120,cum_co2_per_capita,0.03928578567940318
M0_legacy_representation,primary_training,120,cum_co2_total,-0.022613151358114685
M0_legacy_representation,primary_training,120,abs_latitude,0.0009437178557326205
M0_legacy_representation,primary_training,120,elevation,-2.19506432197332e-06
M0_legacy_representation,primary_training,120,continentality,4.4261027772522294e-05
M0_legacy_representation,primary_training,120,population,0.025599072846539703
M0_legacy_representation,primary_training,120,station_density,-0.0020630591997585546
M0_legacy_representation,primary_training,120,climate_zone=B,0.0067838780093382785
M0_legacy_representation,primary_training,120,climate_zone=C,-0.021985143707653674
M0_legacy_representation,primary_training,120,climate_zone=D,0.0024361976089448505
M0_legacy_representation,primary_training,120,climate_zone=E,-0.08248033452471328
M0_legacy_representation,primary_training,120,hemisphere=S,-0.025393818744531945
M0_legacy_representation,primary_training,120,spatial_block=Asia,-0.051264337648821
M0_legacy_representation,primary_training,120,spatial_block=Europe,-0.0650558317216162
M0_legacy_representation,primary_training,120,spatial_block=North America,-0.08925716258935694
M0_legacy_representation,primary_training,120,spatial_block=Oceania,-0.05690902490259125
M0_legacy_representation,primary_training,120,spatial_block=South America,-0.06135155557042066
M0_legacy_representation,primary_training,120,income_group=Low-income countries,0.003370087164944919
M0_legacy_representation,primary_training,120,income_group=Lower-middle-income countries,-0.008960612653751391
M0_legacy_representation,primary_training,120,income_group=Upper-middle-income countries,-0.015328423915190428
M0_legacy_representation,primary_training,121,intercept,0.013948883602389325
M0_legacy_representation,primary_training,121,cum_co2_per_capita,0.039335783788049146
M0_legacy_representation,primary_training,121,cum_co2_total,-0.0198350468348161
M0_legacy_representation,primary_training,121,abs_latitude,0.0007183943189701265
M0_legacy_representation,primary_training,121,elevation,-2.6332350329757134e-06
M0_legacy_representation,primary_training,121,continentality,4.613817229229117e-05
M0_legacy_representation,primary_training,121,population,0.02452247099147024
M0_legacy_representation,primary_training,121,station_density,-0.0017553616051883467
M0_legacy_representation,primary_training,121,climate_zone=B,0.009565998837462732
M0_legacy_representation,primary_training,121,climate_zone=C,-0.01906954554802389
M0_legacy_representation,primary_training,121,climate_zone=D,0.008069039807783259
M0_legacy_representation,primary_training,121,climate_zone=E,-0.08329122138031665
M0_legacy_representation,primary_training,121,hemisphere=S,-0.025483088791309373
M0_legacy_representation,primary_training,121,spatial_block=Asia,-0.05106219822259854
M0_legacy_representation,primary_training,121,spatial_block=Europe,-0.04911645675578808
M0_legacy_representation,primary_training,121,spatial_block=North America,-0.08837284810382517
M0_legacy_representation,primary_training,121,spatial_block=Oceania,-0.05474997300926192
M0_legacy_representation,primary_training,121,spatial_block=South America,-0.06203874521064846
M0_legacy_representation,primary_training,121,income_group=Low-income countries,0.007902847169910096
M0_legacy_representation,primary_training,121,income_group=Lower-middle-income countries,-0.005955590636440812
M0_legacy_representation,primary_training,121,income_group=Upper-middle-income countries,-0.012856193510248325
M0_legacy_representation,primary_training,122,intercept,0.014269866271057212
M0_legacy_representation,primary_training,122,cum_co2_per_capita,0.037271409855420885
M0_legacy_representation,primary_training,122,cum_co2_total,-0.02235355260364695
M0_legacy_representation,primary_training,122,abs_latitude,0.0010435503354488149
M0_legacy_representation,primary_training,122,elevation,-8.635578780399011e-07
M0_legacy_representation,primary_training,122,continentality,4.018901793998564e-05
M0_legacy_representation,primary_training,122,population,0.025994235167271153
M0_legacy_representation,primary_training,122,station_density,-0.002135906241427254
M0_legacy_representation,primary_training,122,climate_zone=B,0.0058816167539330255
M0_legacy_representation,primary_training,122,climate_zone=C,-0.02232527186989466
M0_legacy_representation,primary_training,122,climate_zone=D,-0.003929358385939587
M0_legacy_representation,primary_training,122,climate_zone=E,-0.08883120173580943
M0_legacy_representation,primary_training,122,hemisphere=S,-0.02594106283265423
M0_legacy_representation,primary_training,122,spatial_block=Asia,-0.05130630213284179
M0_legacy_representation,primary_training,122,spatial_block=Europe,-0.06225501753080065
M0_legacy_representation,primary_training,122,spatial_block=North America,-0.08958638419567502
M0_legacy_representation,primary_training,122,spatial_block=Oceania,-0.05689418360469524
M0_legacy_representation,primary_training,122,spatial_block=South America,-0.06212388891711194
M0_legacy_representation,primary_training,122,income_group=Low-income countries,0.002050763733621344
M0_legacy_representation,primary_training,122,income_group=Lower-middle-income countries,-0.010189033015483491
M0_legacy_representation,primary_training,122,income_group=Upper-middle-income countries,-0.01467329995530285
M0_legacy_representation,primary_training,123,intercept,0.014825885197502562
M0_legacy_representation,primary_training,123,cum_co2_per_capita,0.040209792537781626
M0_legacy_representation,primary_training,123,cum_co2_total,-0.022972181186712848
M0_legacy_representation,primary_training,123,abs_latitude,0.0009471944136739177
M0_legacy_representation,primary_training,123,elevation,2.7122794400698686e-06
M0_legacy_representation,primary_training,123,continentality,4.094689198497754e-05
M0_legacy_representation,primary_training,123,population,0.025773337460523647
M0_legacy_representation,primary_training,123,station_density,-0.0016929730962331445
M0_legacy_representation,primary_training,123,climate_zone=B,0.005483422291182902
M0_legacy_representation,primary_training,123,climate_zone=C,-0.022026885410675195
M0_legacy_representation,primary_training,123,climate_zone=D,-0.005711484448403413
M0_legacy_representation,primary_training,123,climate_zone=E,-0.08959797369775026
M0_legacy_representation,primary_training,123,hemisphere=S,-0.02811325143784264
M0_legacy_representation,primary_training,123,spatial_block=Asia,-0.052770007111489596
M0_legacy_representation,primary_training,123,spatial_block=Europe,-0.06159285668332635
M0_legacy_representation,primary_training,123,spatial_block=North America,-0.10499235070988094
M0_legacy_representation,primary_training,123,spatial_block=Oceania,-0.05503133204163919
M0_legacy_representation,primary_training,123,spatial_block=South America,-0.06331594179851475
M0_legacy_representation,primary_training,123,income_group=Low-income countries,0.0015605529360865518
M0_legacy_representation,primary_training,123,income_group=Lower-middle-income countries,-0.01170816663505502
M0_legacy_representation,primary_training,123,income_group=Upper-middle-income countries,-0.0171344835612594
M0_legacy_representation,primary_training,124,intercept,0.015229405384575264
M0_legacy_representation,primary_training,124,cum_co2_per_capita,0.03839809843567773
M0_legacy_representation,primary_training,124,cum_co2_total,-0.02621643266861566
M0_legacy_representation,primary_training,124,abs_latitude,0.0010254576863141856
M0_legacy_representation,primary_training,124,elevation,-4.957299695972638e-07
M0_legacy_representation,primary_training,124,continentality,3.89598435725031e-05
M0_legacy_representation,primary_training,124,population,0.026761901203156354
M0_legacy_representation,primary_training,124,station_density,-0.0015589514023051124
M0_legacy_representation,primary_training,124,climate_zone=B,0.005736819660463989
M0_legacy_representation,primary_training,124,climate_zone=C,-0.024503811977007548
M0_legacy_representation,primary_training,124,climate_zone=D,-0.013662298549032009
M0_legacy_representation,primary_training,124,climate_zone=E,-0.09910697377825187
M0_legacy_representation,primary_training,124,hemisphere=S,-0.025731103662036736
M0_legacy_representation,primary_training,124,spatial_block=Asia,-0.04854393783131478
M0_legacy_representation,primary_training,124,spatial_block=Europe,-0.050698456281298016
M0_legacy_representation,primary_training,124,spatial_block=North America,-0.09696531493175285
M0_legacy_representation,primary_training,124,spatial_block=Oceania,-0.05222697330083086
M0_legacy_representation,primary_training,124,spatial_block=South America,-0.06174439722591296
M0_legacy_representation,primary_training,124,income_group=Low-income countries,0.001667333288621655
M0_legacy_representation,primary_training,124,income_group=Lower-middle-income countries,-0.00909434447497551
M0_legacy_representation,primary_training,124,income_group=Upper-middle-income countries,-0.011085832407977537
M0_legacy_representation,primary_training,125,intercept,0.014673769972261667
M0_legacy_representation,primary_training,125,cum_co2_per_capita,0.03835339312903292
M0_legacy_representation,primary_training,125,cum_co2_total,-0.023642776066331778
M0_legacy_representation,primary_training,125,abs_latitude,0.0010632257284056339
M0_legacy_representation,primary_training,125,elevation,4.6574667788599457e-07
M0_legacy_representation,primary_training,125,continentality,3.993489967661774e-05
M0_legacy_representation,primary_training,125,population,0.026046450638207513
M0_legacy_representation,primary_training,125,station_density,-0.0016756309156361155
M0_legacy_representation,primary_training,125,climate_zone=B,0.004788833967800191
M0_legacy_representation,primary_training,125,climate_zone=C,-0.02543315567358678
M0_legacy_representation,primary_training,125,climate_zone=D,-0.009738433904621589
M0_legacy_representation,primary_training,125,climate_zone=E,-0.09578085872254054
M0_legacy_representation,primary_training,125,hemisphere=S,-0.026485766216467588
M0_legacy_representation,primary_training,125,spatial_block=Asia,-0.0510680014515692
M0_legacy_representation,primary_training,125,spatial_block=Europe,-0.057575009343996564
M0_legacy_representation,primary_training,125,spatial_block=North America,-0.07893619114960845
M0_legacy_representation,primary_training,125,spatial_block=Oceania,-0.05419205653689676
M0_legacy_representation,primary_training,125,spatial_block=South America,-0.06120830437188322
M0_legacy_representation,primary_training,125,income_group=Low-income countries,0.0021600667601496654
M0_legacy_representation,primary_training,125,income_group=Lower-middle-income countries,-0.009196727821100013
M0_legacy_representation,primary_training,125,income_group=Upper-middle-income countries,-0.015077371197607896
M0_legacy_representation,primary_training,126,intercept,0.014134559119221759
M0_legacy_representation,primary_training,126,cum_co2_per_capita,0.03963310264884933
M0_legacy_representation,primary_training,126,cum_co2_total,-0.02049804768162859
M0_legacy_representation,primary_training,126,abs_latitude,0.0008936623901895821
M0_legacy_representation,primary_training,126,elevation,3.5556114463764694e-06
M0_legacy_representation,primary_training,126,continentality,4.028404200685309e-05
M0_legacy_representation,primary_training,126,population,0.024676204384849788
M0_legacy_representation,primary_training,126,station_density,-0.0017275804152242292
M0_legacy_representation,primary_training,126,climate_zone=B,0.006488252810137577
M0_legacy_representation,primary_training,126,climate_zone=C,-0.019453426568825465
M0_legacy_representation,primary_training,126,climate_zone=D,-0.004438772852097189
M0_legacy_representation,primary_training,126,climate_zone=E,-0.08443107769241509
M0_legacy_representation,primary_training,126,hemisphere=S,-0.028931454083565664
M0_legacy_representation,primary_training,126,spatial_block=Asia,-0.05329703052764396
M0_legacy_representation,primary_training,126,spatial_block=Europe,-0.06037467349372988
M0_legacy_representation,primary_training,126,spatial_block=North America,-0.09336132478069899
M0_legacy_representation,primary_training,126,spatial_block=Oceania,-0.053726836624418295
M0_legacy_representation,primary_training,126,spatial_block=South America,-0.0633226350192094
M0_legacy_representation,primary_training,126,income_group=Low-income countries,0.006573952484583057
M0_legacy_representation,primary_training,126,income_group=Lower-middle-income countries,-0.008227715735667848
M0_legacy_representation,primary_training,126,income_group=Upper-middle-income countries,-0.014269897953098687
M0_legacy_representation,primary_training,127,intercept,0.01463219651523766
M0_legacy_representation,primary_training,127,cum_co2_per_capita,0.04051317080080542
M0_legacy_representation,primary_training,127,cum_co2_total,-0.021935476930959968
M0_legacy_representation,primary_training,127,abs_latitude,0.0009446725099713972
M0_legacy_representation,primary_training,127,elevation,2.706280749505838e-06
M0_legacy_representation,primary_training,127,continentality,4.142479136444991e-05
M0_legacy_representation,primary_training,127,population,0.025344531359662505
M0_legacy_representation,primary_training,127,station_density,-0.0017331778008977782
M0_legacy_representation,primary_training,127,climate_zone=B,0.005241075756571874
M0_legacy_representation,primary_training,127,climate_zone=C,-0.021653334568386924
M0_legacy_representation,primary_training,127,climate_zone=D,-0.005717249308310279
M0_legacy_representation,primary_training,127,climate_zone=E,-0.08865353607005737
M0_legacy_representation,primary_training,127,hemisphere=S,-0.028222262925192313
M0_legacy_representation,primary_training,127,spatial_block=Asia,-0.05343593810032768
M0_legacy_representation,primary_training,127,spatial_block=Europe,-0.06284731564766051
M0_legacy_representation,primary_training,127,spatial_block=North America,-0.10267565576970468
M0_legacy_representation,primary_training,127,spatial_block=Oceania,-0.056026085851482964
M0_legacy_representation,primary_training,127,spatial_block=South America,-0.06360465044362246
M0_legacy_representation,primary_training,127,income_group=Low-income countries,0.0028470010278405632
M0_legacy_representation,primary_training,127,income_group=Lower-middle-income countries,-0.011240401234369184
M0_legacy_representation,primary_training,127,income_group=Upper-middle-income countries,-0.01748615160650772
M0_legacy_representation,primary_training,128,intercept,0.013783059776434636
M0_legacy_representation,primary_training,128,cum_co2_per_capita,0.034428912884128145
M0_legacy_representation,primary_training,128,cum_co2_total,-0.02217956610810708
M0_legacy_representation,primary_training,128,abs_latitude,0.0008744013543102093
M0_legacy_representation,primary_training,128,elevation,3.545713618559696e-06
M0_legacy_representation,primary_training,128,continentality,3.8137734534105846e-05
M0_legacy_representation,primary_training,128,population,0.02608987966637303
M0_legacy_representation,primary_training,128,station_density,-0.0014635317465807366
M0_legacy_representation,primary_training,128,climate_zone=B,0.010745155234044177
M0_legacy_representation,primary_training,128,climate_zone=C,-0.016028392814963516
M0_legacy_representation,primary_training,128,climate_zone=D,-0.00208765538545636
M0_legacy_representation,primary_training,128,climate_zone=E,-0.08068354286884065
M0_legacy_representation,primary_training,128,hemisphere=S,-0.02934545937251752
M0_legacy_representation,primary_training,128,spatial_block=Asia,-0.051221976845472784
M0_legacy_representation,primary_training,128,spatial_block=Europe,-0.05296738552255349
M0_legacy_representation,primary_training,128,spatial_block=North America,-0.06100365072996495
M0_legacy_representation,primary_training,128,spatial_block=Oceania,-0.047626077628980315
M0_legacy_representation,primary_training,128,spatial_block=South America,-0.06237950661586014
M0_legacy_representation,primary_training,128,income_group=Low-income countries,0.00242912495067554
M0_legacy_representation,primary_training,128,income_group=Lower-middle-income countries,-0.009020675478119848
M0_legacy_representation,primary_training,128,income_group=Upper-middle-income countries,-0.010553877578305067
M0_legacy_representation,primary_training,129,intercept,0.013591588113369678
M0_legacy_representation,primary_training,129,cum_co2_per_capita,0.03514033052826277
M0_legacy_representation,primary_training,129,cum_co2_total,-0.021219565786652975
M0_legacy_representation,primary_training,129,abs_latitude,0.0008980767414110462
M0_legacy_representation,primary_training,129,elevation,2.9383089393682935e-06
M0_legacy_representation,primary_training,129,continentality,3.8308766270038314e-05
M0_legacy_representation,primary_training,129,population,0.02518963236530699
M0_legacy_representation,primary_training,129,station_density,-0.0014367596389317702
M0_legacy_representation,primary_training,129,climate_zone=B,0.010461457954719616
M0_legacy_representation,primary_training,129,climate_zone=C,-0.015909369198875166
M0_legacy_representation,primary_training,129,climate_zone=D,-0.0018553100467127047
M0_legacy_representation,primary_training,129,climate_zone=E,-0.08029422459290625
M0_legacy_representation,primary_training,129,hemisphere=S,-0.028953851579812378
M0_legacy_representation,primary_training,129,spatial_block=Asia,-0.05152146498020765
M0_legacy_representation,primary_training,129,spatial_block=Europe,-0.05355133320574593
M0_legacy_representation,primary_training,129,spatial_block=North America,-0.06556378764717662
M0_legacy_representation,primary_training,129,spatial_block=Oceania,-0.048088155641078816
M0_legacy_representation,primary_training,129,spatial_block=South America,-0.0620511428820282
M0_legacy_representation,primary_training,129,income_group=Low-income countries,0.007056117084399535
M0_legacy_representation,primary_training,129,income_group=Lower-middle-income countries,-0.005662430409649951
M0_legacy_representation,primary_training,129,income_group=Upper-middle-income countries,-0.008713141896730767
M0_legacy_representation,primary_training,130,intercept,0.014628313532647891
M0_legacy_representation,primary_training,130,cum_co2_per_capita,0.04049887448331567
M0_legacy_representation,primary_training,130,cum_co2_total,-0.02191575793981289
M0_legacy_representation,primary_training,130,abs_latitude,0.0009441434429797819
M0_legacy_representation,primary_training,130,elevation,2.764201449167968e-06
M0_legacy_representation,primary_training,130,continentality,4.1401874656417374e-05
M0_legacy_representation,primary_training,130,population,0.025355248772765238
M0_legacy_representation,primary_training,130,station_density,-0.0017319996592367608
M0_legacy_representation,primary_training,130,climate_zone=B,0.005186195014408353
M0_legacy_representation,primary_training,130,climate_zone=C,-0.021727654056220767
M0_legacy_representation,primary_training,130,climate_zone=D,-0.005785699909540508
M0_legacy_representation,primary_training,130,climate_zone=E,-0.08866498077904586
M0_legacy_representation,primary_training,130,hemisphere=S,-0.028366931011800645
M0_legacy_representation,primary_training,130,spatial_block=Asia,-0.05349760419699992
M0_legacy_representation,primary_training,130,spatial_block=Europe,-0.06286920124849397
M0_legacy_representation,primary_training,130,spatial_block=North America,-0.1027615312137328
M0_legacy_representation,primary_training,130,spatial_block=Oceania,-0.0559004493332216
M0_legacy_representation,primary_training,130,spatial_block=South America,-0.0633874164686199
M0_legacy_representation,primary_training,130,income_group=Low-income countries,0.002789516416639357
M0_legacy_representation,primary_training,130,income_group=Lower-middle-income countries,-0.01127256171269384
M0_legacy_representation,primary_training,130,income_group=Upper-middle-income countries,-0.017481859061295825
M0_legacy_representation,primary_training,131,intercept,0.013757224884528614
M0_legacy_representation,primary_training,131,cum_co2_per_capita,0.034690275372577885
M0_legacy_representation,primary_training,131,cum_co2_total,-0.02200171755419356
M0_legacy_representation,primary_training,131,abs_latitude,0.0008710760148204606
M0_legacy_representation,primary_training,131,elevation,3.0935202577914936e-06
M0_legacy_representation,primary_training,131,continentality,3.8039759711528434e-05
M0_legacy_representation,primary_training,131,population,0.02585135638039996
M0_legacy_representation,primary_training,131,station_density,-0.0014752739108022947
M0_legacy_representation,primary_training,131,climate_zone=B,0.01051375157403563
M0_legacy_representation,primary_training,131,climate_zone=C,-0.016406070884085473
M0_legacy_representation,primary_training,131,climate_zone=D,-0.00288220799450744
M0_legacy_representation,primary_training,131,climate_zone=E,-0.08105104804307443
M0_legacy_representation,primary_training,131,hemisphere=S,-0.02913993377366118
M0_legacy_representation,primary_training,131,spatial_block=Asia,-0.05101577961885275
M0_legacy_representation,primary_training,131,spatial_block=Europe,-0.05201797267642815
M0_legacy_representation,primary_training,131,spatial_block=North America,-0.055636889205386196
M0_legacy_representation,primary_training,131,spatial_block=Oceania,-0.04739972421390553
M0_legacy_representation,primary_training,131,spatial_block=South America,-0.062188475947843755
M0_legacy_representation,primary_training,131,income_group=Low-income countries,0.004100478604229613
M0_legacy_representation,primary_training,131,income_group=Lower-middle-income countries,-0.007803317180950929
M0_legacy_representation,primary_training,131,income_group=Upper-middle-income countries,-0.008803515294900551
M0_legacy_representation,primary_training,132,intercept,0.014623604487468186
M0_legacy_representation,primary_training,132,cum_co2_per_capita,0.040726248310502575
M0_legacy_representation,primary_training,132,cum_co2_total,-0.021855655667244664
M0_legacy_representation,primary_training,132,abs_latitude,0.0009550928383711499
M0_legacy_representation,primary_training,132,elevation,2.8598112856791636e-06
M0_legacy_representation,primary_training,132,continentality,4.1156269154723313e-05
M0_legacy_representation,primary_training,132,population,0.025159722947063836
M0_legacy_representation,primary_training,132,station_density,-0.0017238926687552566
M0_legacy_representation,primary_training,132,climate_zone=B,0.004851113551972813
M0_legacy_representation,primary_training,132,climate_zone=C,-0.022323581435586114
M0_legacy_representation,primary_training,132,climate_zone=D,-0.006515154782483617
M0_legacy_representation,primary_training,132,climate_zone=E,-0.08964120241949643
M0_legacy_representation,primary_training,132,hemisphere=S,-0.02829029580781817
M0_legacy_representation,primary_training,132,spatial_block=Asia,-0.05326150966357971
M0_legacy_representation,primary_training,132,spatial_block=Europe,-0.06224158790228991
M0_legacy_representation,primary_training,132,spatial_block=North America,-0.10042618388774664
M0_legacy_representation,primary_training,132,spatial_block=Oceania,-0.055578261330434885
M0_legacy_representation,primary_training,132,spatial_block=South America,-0.06292609025638056
M0_legacy_representation,primary_training,132,income_group=Low-income countries,0.003947723171648504
M0_legacy_representation,primary_training,132,income_group=Lower-middle-income countries,-0.010064141677902342
M0_legacy_representation,primary_training,132,income_group=Upper-middle-income countries,-0.01718035190142082
M0_legacy_representation,primary_training,133,intercept,0.013402421533017387
M0_legacy_representation,primary_training,133,cum_co2_per_capita,0.035145907554799995
M0_legacy_representation,primary_training,133,cum_co2_total,-0.020442973637073366
M0_legacy_representation,primary_training,133,abs_latitude,0.0008970822721504719
M0_legacy_representation,primary_training,133,elevation,3.0260940392134517e-06
M0_legacy_representation,primary_training,133,continentality,3.819181786829451e-05
M0_legacy_representation,primary_training,133,population,0.02482564800622935
M0_legacy_representation,primary_training,133,station_density,-0.001453637057964876
M0_legacy_representation,primary_training,133,climate_zone=B,0.010343818707909154
M0_legacy_representation,primary_training,133,climate_zone=C,-0.015811320473821312
M0_legacy_representation,primary_training,133,climate_zone=D,-0.002168955302044891
M0_legacy_representation,primary_training,133,climate_zone=E,-0.07970662577351502
M0_legacy_representation,primary_training,133,hemisphere=S,-0.028964341478973477
M0_legacy_representation,primary_training,133,spatial_block=Asia,-0.05179834043787964
M0_legacy_representation,primary_training,133,spatial_block=Europe,-0.05354793423859452
M0_legacy_representation,primary_training,133,spatial_block=North America,-0.06187273976098406
M0_legacy_representation,primary_training,133,spatial_block=Oceania,-0.04815612635593165
M0_legacy_representation,primary_training,133,spatial_block=South America,-0.062328609218961786
M0_legacy_representation,primary_training,133,income_group=Low-income countries,0.008602238878392477
M0_legacy_representation,primary_training,133,income_group=Lower-middle-income countries,-0.004708825604718675
M0_legacy_representation,primary_training,133,income_group=Upper-middle-income countries,-0.00789632122701712
M0_legacy_representation,primary_training,134,intercept,0.013946696513943221
M0_legacy_representation,primary_training,134,cum_co2_per_capita,0.0342953513036028
M0_legacy_representation,primary_training,134,cum_co2_total,-0.022772875884906243
M0_legacy_representation,primary_training,134,abs_latitude,0.0008450643840948025
M0_legacy_representation,primary_training,134,elevation,4.1042947467398545e-06
M0_legacy_representation,primary_training,134,continentality,3.800724354688696e-05
M0_legacy_representation,primary_training,134,population,0.026611951895147486
M0_legacy_representation,primary_training,134,station_density,-0.0014610262669438217
M0_legacy_representation,primary_training,134,climate_zone=B,0.010811062246683458
M0_legacy_representation,primary_training,134,climate_zone=C,-0.016236229279015812
M0_legacy_representation,primary_training,134,climate_zone=D,-0.0023279918374558527
M0_legacy_representation,primary_training,134,climate_zone=E,-0.08076083526879463
M0_legacy_representation,primary_training,134,hemisphere=S,-0.029903875790672815
M0_legacy_representation,primary_training,134,spatial_block=Asia,-0.05111038939112824
M0_legacy_representation,primary_training,134,spatial_block=Europe,-0.052497995863530066
M0_legacy_representation,primary_training,134,spatial_block=North America,-0.057886029129214825
M0_legacy_representation,primary_training,134,spatial_block=Oceania,-0.04703764751712682
M0_legacy_representation,primary_training,134,spatial_block=South America,-0.06210493829140531
M0_legacy_representation,primary_training,134,income_group=Low-income countries,-0.00021644408993895154
M0_legacy_representation,primary_training,134,income_group=Lower-middle-income countries,-0.010977975693591836
M0_legacy_representation,primary_training,134,income_group=Upper-middle-income countries,-0.011685225474443329
M0_legacy_representation,primary_training,135,intercept,0.014595709723759755
M0_legacy_representation,primary_training,135,cum_co2_per_capita,0.038395003965073136
M0_legacy_representation,primary_training,135,cum_co2_total,-0.023226203800146825
M0_legacy_representation,primary_training,135,abs_latitude,0.0010513787828375712
M0_legacy_representation,primary_training,135,elevation,-5.095457699659079e-07
M0_legacy_representation,primary_training,135,continentality,4.110035599658512e-05
M0_legacy_representation,primary_training,135,population,0.025953050577340014
M0_legacy_representation,primary_training,135,station_density,-0.0017445005741188054
M0_legacy_representation,primary_training,135,climate_zone=B,0.005613594330670881
M0_legacy_representation,primary_training,135,climate_zone=C,-0.02326806321269036
M0_legacy_representation,primary_training,135,climate_zone=D,-0.0073253722806253625
M0_legacy_representation,primary_training,135,climate_zone=E,-0.09305695907530388
M0_legacy_representation,primary_training,135,hemisphere=S,-0.025912079746427993
M0_legacy_representation,primary_training,135,spatial_block=Asia,-0.0515553223016727
M0_legacy_representation,primary_training,135,spatial_block=Europe,-0.059855057293147516
M0_legacy_representation,primary_training,135,spatial_block=North America,-0.08672327345857081
M0_legacy_representation,primary_training,135,spatial_block=Oceania,-0.05637819718542719
M0_legacy_representation,primary_training,135,spatial_block=South America,-0.06271483369423901
M0_legacy_representation,primary_training,135,income_group=Low-income countries,0.002029805576272197
M0_legacy_representation,primary_training,135,income_group=Lower-middle-income countries,-0.0102309954106837
M0_legacy_representation,primary_training,135,income_group=Upper-middle-income countries,-0.015638817302349502
M0_legacy_representation,primary_training,136,intercept,0.014906967579718228
M0_legacy_representation,primary_training,136,cum_co2_per_capita,0.03803599424656466
M0_legacy_representation,primary_training,136,cum_co2_total,-0.025164392839727715
M0_legacy_representation,primary_training,136,abs_latitude,0.000957339707254639
M0_legacy_representation,primary_training,136,elevation,8.823355684600821e-07
M0_legacy_representation,primary_training,136,continentality,3.702971919423327e-05
M0_legacy_representation,primary_training,136,population,0.02624141839201318
M0_legacy_representation,primary_training,136,station_density,-0.0015250278216701917
M0_legacy_representation,primary_training,136,climate_zone=B,0.0074828462158162395
M0_legacy_representation,primary_training,136,climate_zone=C,-0.02046305412770713
M0_legacy_representation,primary_training,136,climate_zone=D,-0.011371267648012662
M0_legacy_representation,primary_training,136,climate_zone=E,-0.09283341467364704
M0_legacy_representation,primary_training,136,hemisphere=S,-0.02671577912694531
M0_legacy_representation,primary_training,136,spatial_block=Asia,-0.04880516353940923
M0_legacy_representation,primary_training,136,spatial_block=Europe,-0.05071503207013118
M0_legacy_representation,primary_training,136,spatial_block=North America,-0.0914793000136856
M0_legacy_representation,primary_training,136,spatial_block=Oceania,-0.05095481339249207
M0_legacy_representation,primary_training,136,spatial_block=South America,-0.06253753178511626
M0_legacy_representation,primary_training,136,income_group=Low-income countries,0.004768597785983629
M0_legacy_representation,primary_training,136,income_group=Lower-middle-income countries,-0.0075687455203659595
M0_legacy_representation,primary_training,136,income_group=Upper-middle-income countries,-0.008761653370814247
M0_legacy_representation,primary_training,137,intercept,0.014979774361678983
M0_legacy_representation,primary_training,137,cum_co2_per_capita,0.03990565458953752
M0_legacy_representation,primary_training,137,cum_co2_total,-0.02414320782260652
M0_legacy_representation,primary_training,137,abs_latitude,0.0012232106382053139
M0_legacy_representation,primary_training,137,elevation,8.453590066830204e-09
M0_legacy_representation,primary_training,137,continentality,4.2381115905595966e-05
M0_legacy_representation,primary_training,137,population,0.025829783757922945
M0_legacy_representation,primary_training,137,station_density,-0.0019679960349082352
M0_legacy_representation,primary_training,137,climate_zone=B,0.004422656998174663
M0_legacy_representation,primary_training,137,climate_zone=C,-0.021028413919288474
M0_legacy_representation,primary_training,137,climate_zone=D,-0.007950863405454218
M0_legacy_representation,primary_training,137,climate_zone=E,-0.0977061455168361
M0_legacy_representation,primary_training,137,hemisphere=S,-0.03152613711639892
M0_legacy_representation,primary_training,137,spatial_block=Asia,-0.05633139957137819
M0_legacy_representation,primary_training,137,spatial_block=Europe,-0.06828757338370475
M0_legacy_representation,primary_training,137,spatial_block=North America,-0.09221583820506253
M0_legacy_representation,primary_training,137,spatial_block=Oceania,-0.10644388555617812
M0_legacy_representation,primary_training,137,spatial_block=South America,-0.06035693410365108
M0_legacy_representation,primary_training,137,income_group=Low-income countries,0.002726220518584693
M0_legacy_representation,primary_training,137,income_group=Lower-middle-income countries,-0.010561129044208252
M0_legacy_representation,primary_training,137,income_group=Upper-middle-income countries,-0.01688607461944378
M0_legacy_representation,primary_training,138,intercept,0.014731715761231508
M0_legacy_representation,primary_training,138,cum_co2_per_capita,0.038541703544420214
M0_legacy_representation,primary_training,138,cum_co2_total,-0.023757098253997407
M0_legacy_representation,primary_training,138,abs_latitude,0.001150017764322841
M0_legacy_representation,primary_training,138,elevation,-3.181658674303867e-07
M0_legacy_representation,primary_training,138,continentality,4.0788446261572024e-05
M0_legacy_representation,primary_training,138,population,0.026091492768978146
M0_legacy_representation,primary_training,138,station_density,-0.0016645271751826226
M0_legacy_representation,primary_training,138,climate_zone=B,0.004729528244579057
M0_legacy_representation,primary_training,138,climate_zone=C,-0.0231004317102566
M0_legacy_representation,primary_training,138,climate_zone=D,-0.008051634404950738
M0_legacy_representation,primary_training,138,climate_zone=E,-0.09544094708108415
M0_legacy_representation,primary_training,138,hemisphere=S,-0.0266887169080173
M0_legacy_representation,primary_training,138,spatial_block=Asia,-0.053233302177994386
M0_legacy_representation,primary_training,138,spatial_block=Europe,-0.06405424069812152
M0_legacy_representation,primary_training,138,spatial_block=North America,-0.09127661748439847
M0_legacy_representation,primary_training,138,spatial_block=Oceania,-0.03342233546561778
M0_legacy_representation,primary_training,138,spatial_block=South America,-0.06299515734664471
M0_legacy_representation,primary_training,138,income_group=Low-income countries,0.0012467061988843287
M0_legacy_representation,primary_training,138,income_group=Lower-middle-income countries,-0.011906858941303779
M0_legacy_representation,primary_training,138,income_group=Upper-middle-income countries,-0.015553412479107012
M0_legacy_representation,primary_training,139,intercept,0.014979774361678983
M0_legacy_representation,primary_training,139,cum_co2_per_capita,0.03990565458953752
M0_legacy_representation,primary_training,139,cum_co2_total,-0.02414320782260652
M0_legacy_representation,primary_training,139,abs_latitude,0.0012232106382053139
M0_legacy_representation,primary_training,139,elevation,8.453590066830204e-09
M0_legacy_representation,primary_training,139,continentality,4.2381115905595966e-05
M0_legacy_representation,primary_training,139,population,0.025829783757922945
M0_legacy_representation,primary_training,139,station_density,-0.0019679960349082352
M0_legacy_representation,primary_training,139,climate_zone=B,0.004422656998174663
M0_legacy_representation,primary_training,139,climate_zone=C,-0.021028413919288474
M0_legacy_representation,primary_training,139,climate_zone=D,-0.007950863405454218
M0_legacy_representation,primary_training,139,climate_zone=E,-0.0977061455168361
M0_legacy_representation,primary_training,139,hemisphere=S,-0.03152613711639892
M0_legacy_representation,primary_training,139,spatial_block=Asia,-0.05633139957137819
M0_legacy_representation,primary_training,139,spatial_block=Europe,-0.06828757338370475
M0_legacy_representation,primary_training,139,spatial_block=North America,-0.09221583820506253
M0_legacy_representation,primary_training,139,spatial_block=Oceania,-0.10644388555617812
M0_legacy_representation,primary_training,139,spatial_block=South America,-0.06035693410365108
M0_legacy_representation,primary_training,139,income_group=Low-income countries,0.002726220518584693
M0_legacy_representation,primary_training,139,income_group=Lower-middle-income countries,-0.010561129044208252
M0_legacy_representation,primary_training,139,income_group=Upper-middle-income countries,-0.01688607461944378
M0_legacy_representation,primary_training,140,intercept,0.014601569224176632
M0_legacy_representation,primary_training,140,cum_co2_per_capita,0.03757444323303254
M0_legacy_representation,primary_training,140,cum_co2_total,-0.02383632424642425
M0_legacy_representation,primary_training,140,abs_latitude,0.0013524326418503355
M0_legacy_representation,primary_training,140,elevation,-1.2983445194070952e-06
M0_legacy_representation,primary_training,140,continentality,4.2276961472501895e-05
M0_legacy_representation,primary_training,140,population,0.02619864786560026
M0_legacy_representation,primary_training,140,station_density,-0.0020228942989335016
M0_legacy_representation,primary_training,140,climate_zone=B,0.003478905487527097
M0_legacy_representation,primary_training,140,climate_zone=C,-0.028679174576811222
M0_legacy_representation,primary_training,140,climate_zone=D,-0.01424964203274608
M0_legacy_representation,primary_training,140,climate_zone=E,-0.10610294248666442
M0_legacy_representation,primary_training,140,hemisphere=S,-0.023735471088435423
M0_legacy_representation,primary_training,140,spatial_block=Asia,-0.05264814556349714
M0_legacy_representation,primary_training,140,spatial_block=Europe,-0.06428523540664988
M0_legacy_representation,primary_training,140,spatial_block=North America,-0.09055328110999017
M0_legacy_representation,primary_training,140,spatial_block=Oceania,-0.060197990292680754
M0_legacy_representation,primary_training,140,spatial_block=South America,-0.05371826649433412
M0_legacy_representation,primary_training,140,income_group=Low-income countries,-0.0015959199438641608
M0_legacy_representation,primary_training,140,income_group=Lower-middle-income countries,-0.012777841915784637
M0_legacy_representation,primary_training,140,income_group=Upper-middle-income countries,-0.017373218407177992
M0_legacy_representation,primary_training,141,intercept,0.014260090524156822
M0_legacy_representation,primary_training,141,cum_co2_per_capita,0.03646689277904259
M0_legacy_representation,primary_training,141,cum_co2_total,-0.02300085574904829
M0_legacy_representation,primary_training,141,abs_latitude,0.0013134652314629122
M0_legacy_representation,primary_training,141,elevation,-7.364687350217642e-07
M0_legacy_representation,primary_training,141,continentality,4.14524182098637e-05
M0_legacy_representation,primary_training,141,population,0.02609279461685028
M0_legacy_representation,primary_training,141,station_density,-0.002027879116536161
M0_legacy_representation,primary_training,141,climate_zone=B,0.00554192094557396
M0_legacy_representation,primary_training,141,climate_zone=C,-0.028623791174498182
M0_legacy_representation,primary_training,141,climate_zone=D,-0.013535491725793295
M0_legacy_representation,primary_training,141,climate_zone=E,-0.10382982280655043
M0_legacy_representation,primary_training,141,hemisphere=S,-0.02312260888491327
M0_legacy_representation,primary_training,141,spatial_block=Asia,-0.052353176078981545
M0_legacy_representation,primary_training,141,spatial_block=Europe,-0.06200701858707854
M0_legacy_representation,primary_training,141,spatial_block=North America,-0.08937855407636543
M0_legacy_representation,primary_training,141,spatial_block=Oceania,-0.05890395443847184
M0_legacy_representation,primary_training,141,spatial_block=South America,-0.05117326423404498
M0_legacy_representation,primary_training,141,income_group=Low-income countries,-0.001617723262835655
M0_legacy_representation,primary_training,141,income_group=Lower-middle-income countries,-0.012558571170046117
M0_legacy_representation,primary_training,141,income_group=Upper-middle-income countries,-0.01658292429892912
M0_legacy_representation,primary_training,142,intercept,0.01419226139069701
M0_legacy_representation,primary_training,142,cum_co2_per_capita,0.03557350299358741
M0_legacy_representation,primary_training,142,cum_co2_total,-0.02317643397674607
M0_legacy_representation,primary_training,142,abs_latitude,0.0013586018903244577
M0_legacy_representation,primary_training,142,elevation,-9.298479796287979e-07
M0_legacy_representation,primary_training,142,continentality,4.1414277167726725e-05
M0_legacy_representation,primary_training,142,population,0.026403631373849167
M0_legacy_representation,primary_training,142,station_density,-0.002033128675487393
M0_legacy_representation,primary_training,142,climate_zone=B,0.005722937062548661
M0_legacy_representation,primary_training,142,climate_zone=C,-0.02805630137142136
M0_legacy_representation,primary_training,142,climate_zone=D,-0.01312781340812093
M0_legacy_representation,primary_training,142,climate_zone=E,-0.10421325023383748
M0_legacy_representation,primary_training,142,hemisphere=S,-0.02322362117232254
M0_legacy_representation,primary_training,142,spatial_block=Asia,-0.052752366715404245
M0_legacy_representation,primary_training,142,spatial_block=Europe,-0.06346381268859551
M0_legacy_representation,primary_training,142,spatial_block=North America,-0.08960640102795847
M0_legacy_representation,primary_training,142,spatial_block=Oceania,-0.05955901190241829
M0_legacy_representation,primary_training,142,spatial_block=South America,-0.09917106205974612
M0_legacy_representation,primary_training,142,income_group=Low-income countries,-0.0033423771360001305
M0_legacy_representation,primary_training,142,income_group=Lower-middle-income countries,-0.013888729813138505
M0_legacy_representation,primary_training,142,income_group=Upper-middle-income countries,-0.017609468511056034
M0_legacy_representation,primary_training,143,intercept,0.013567308932978557
M0_legacy_representation,primary_training,143,cum_co2_per_capita,0.03330132947872009
M0_legacy_representation,primary_training,143,cum_co2_total,-0.021955788463210172
M0_legacy_representation,primary_training,143,abs_latitude,0.0012968289825984176
M0_legacy_representation,primary_training,143,elevation,-1.996376132589761e-06
M0_legacy_representation,primary_training,143,continentality,4.1457364484608985e-05
M0_legacy_representation,primary_training,143,population,0.026146735655943124
M0_legacy_representation,primary_training,143,station_density,-0.0018644047511118668
M0_legacy_representation,primary_training,143,climate_zone=B,0.009094866028116901
M0_legacy_representation,primary_training,143,climate_zone=C,-0.024851355286223602
M0_legacy_representation,primary_training,143,climate_zone=D,-0.008653037803027204
M0_legacy_representation,primary_training,143,climate_zone=E,-0.09701834457140801
M0_legacy_representation,primary_training,143,hemisphere=S,-0.020610099990635233
M0_legacy_representation,primary_training,143,spatial_block=Asia,-0.051986203283228276
M0_legacy_representation,primary_training,143,spatial_block=Europe,-0.0610733653160904
M0_legacy_representation,primary_training,143,spatial_block=North America,-0.0875610822811832
M0_legacy_representation,primary_training,143,spatial_block=Oceania,-0.05961679586118821
M0_legacy_representation,primary_training,143,spatial_block=South America,-0.039731262500227044
M0_legacy_representation,primary_training,143,income_group=Low-income countries,-0.0021656137129870212
M0_legacy_representation,primary_training,143,income_group=Lower-middle-income countries,-0.01308630101022351
M0_legacy_representation,primary_training,143,income_group=Upper-middle-income countries,-0.01571880921006646
M0_legacy_representation,primary_training,144,intercept,0.01543955957882816
M0_legacy_representation,primary_training,144,cum_co2_per_capita,0.04243811193356837
M0_legacy_representation,primary_training,144,cum_co2_total,-0.024556116358269778
M0_legacy_representation,primary_training,144,abs_latitude,0.0011457233998906568
M0_legacy_representation,primary_training,144,elevation,2.2008140521930184e-06
M0_legacy_representation,primary_training,144,continentality,4.166603231195871e-05
M0_legacy_representation,primary_training,144,population,0.025643129181138806
M0_legacy_representation,primary_training,144,station_density,-0.002059388457516006
M0_legacy_representation,primary_training,144,climate_zone=B,0.0019186357054062715
M0_legacy_representation,primary_training,144,climate_zone=C,-0.027736329282992498
M0_legacy_representation,primary_training,144,climate_zone=D,-0.01436483082420763
M0_legacy_representation,primary_training,144,climate_zone=E,-0.1042204312079772
M0_legacy_representation,primary_training,144,hemisphere=S,-0.02790519154025484
M0_legacy_representation,primary_training,144,spatial_block=Asia,-0.05208787478683661
M0_legacy_representation,primary_training,144,spatial_block=Europe,-0.06221811307307998
M0_legacy_representation,primary_training,144,spatial_block=North America,-0.08935268236369581
M0_legacy_representation,primary_training,144,spatial_block=Oceania,-0.05682017501307914
M0_legacy_representation,primary_training,144,spatial_block=South America,-0.07822669930241043
M0_legacy_representation,primary_training,144,income_group=Low-income countries,0.0020515111323498683
M0_legacy_representation,primary_training,144,income_group=Lower-middle-income countries,-0.010057048660219678
M0_legacy_representation,primary_training,144,income_group=Upper-middle-income countries,-0.01845770711623434
M0_legacy_representation,primary_training,145,intercept,0.0151958644617145
M0_legacy_representation,primary_training,145,cum_co2_per_capita,0.041225364849367736
M0_legacy_representation,primary_training,145,cum_co2_total,-0.024271372515862182
M0_legacy_representation,primary_training,145,abs_latitude,0.0011924197020562802
M0_legacy_representation,primary_training,145,elevation,9.57371232900674e-07
M0_legacy_representation,primary_training,145,continentality,4.1350922547053814e-05
M0_legacy_representation,primary_training,145,population,0.02567844940506638
M0_legacy_representation,primary_training,145,station_density,-0.001965079294830436
M0_legacy_representation,primary_training,145,climate_zone=B,0.002234240712997628
M0_legacy_representation,primary_training,145,climate_zone=C,-0.02765955803486858
M0_legacy_representation,primary_training,145,climate_zone=D,-0.01373675695845023
M0_legacy_representation,primary_training,145,climate_zone=E,-0.10361599160299531
M0_legacy_representation,primary_training,145,hemisphere=S,-0.02846247730435305
M0_legacy_representation,primary_training,145,spatial_block=Asia,-0.05281375714713302
M0_legacy_representation,primary_training,145,spatial_block=Europe,-0.06301047036876081
M0_legacy_representation,primary_training,145,spatial_block=North America,-0.09129611201690742
M0_legacy_representation,primary_training,145,spatial_block=Oceania,-0.056236047373111664
M0_legacy_representation,primary_training,145,spatial_block=South America,-0.07456531022626163
M0_legacy_representation,primary_training,145,income_group=Low-income countries,0.0027680475536188956
M0_legacy_representation,primary_training,145,income_group=Lower-middle-income countries,-0.009418275025781247
M0_legacy_representation,primary_training,145,income_group=Upper-middle-income countries,-0.01668212299186147
M0_legacy_representation,primary_training,146,intercept,0.014601569224176632
M0_legacy_representation,primary_training,146,cum_co2_per_capita,0.03757444323303254
M0_legacy_representation,primary_training,146,cum_co2_total,-0.02383632424642425
M0_legacy_representation,primary_training,146,abs_latitude,0.0013524326418503355
M0_legacy_representation,primary_training,146,elevation,-1.2983445194070952e-06
M0_legacy_representation,primary_training,146,continentality,4.2276961472501895e-05
M0_legacy_representation,primary_training,146,population,0.02619864786560026
M0_legacy_representation,primary_training,146,station_density,-0.0020228942989335016
M0_legacy_representation,primary_training,146,climate_zone=B,0.003478905487527097
M0_legacy_representation,primary_training,146,climate_zone=C,-0.028679174576811222
M0_legacy_representation,primary_training,146,climate_zone=D,-0.01424964203274608
M0_legacy_representation,primary_training,146,climate_zone=E,-0.10610294248666442
M0_legacy_representation,primary_training,146,hemisphere=S,-0.023735471088435423
M0_legacy_representation,primary_training,146,spatial_block=Asia,-0.05264814556349714
M0_legacy_representation,primary_training,146,spatial_block=Europe,-0.06428523540664988
M0_legacy_representation,primary_training,146,spatial_block=North America,-0.09055328110999017
M0_legacy_representation,primary_training,146,spatial_block=Oceania,-0.060197990292680754
M0_legacy_representation,primary_training,146,spatial_block=South America,-0.05371826649433412
M0_legacy_representation,primary_training,146,income_group=Low-income countries,-0.0015959199438641608
M0_legacy_representation,primary_training,146,income_group=Lower-middle-income countries,-0.012777841915784637
M0_legacy_representation,primary_training,146,income_group=Upper-middle-income countries,-0.017373218407177992
M0_legacy_representation,primary_training,147,intercept,0.015172243707791118
M0_legacy_representation,primary_training,147,cum_co2_per_capita,0.04041688074417653
M0_legacy_representation,primary_training,147,cum_co2_total,-0.024508800041959627
M0_legacy_representation,primary_training,147,abs_latitude,0.001220840548443544
M0_legacy_representation,primary_training,147,elevation,1.2766416586791034e-07
M0_legacy_representation,primary_training,147,continentality,4.115198128167471e-05
M0_legacy_representation,primary_training,147,population,0.026107781460609814
M0_legacy_representation,primary_training,147,station_density,-0.0019941741380494144
M0_legacy_representation,primary_training,147,climate_zone=B,0.002495114834730204
M0_legacy_representation,primary_training,147,climate_zone=C,-0.027154697376576876
M0_legacy_representation,primary_training,147,climate_zone=D,-0.0130221864231114
M0_legacy_representation,primary_training,147,climate_zone=E,-0.10360177999484106
M0_legacy_representation,primary_training,147,hemisphere=S,-0.027868519912302717
M0_legacy_representation,primary_training,147,spatial_block=Asia,-0.05298405220421191
M0_legacy_representation,primary_training,147,spatial_block=Europe,-0.0644423365803367
M0_legacy_representation,primary_training,147,spatial_block=North America,-0.0918178186099977
M0_legacy_representation,primary_training,147,spatial_block=Oceania,-0.05782029101186329
M0_legacy_representation,primary_training,147,spatial_block=South America,-0.07321962280851109
M0_legacy_representation,primary_training,147,income_group=Low-income countries,0.0006956692881273399
M0_legacy_representation,primary_training,147,income_group=Lower-middle-income countries,-0.011383829209277397
M0_legacy_representation,primary_training,147,income_group=Upper-middle-income countries,-0.01770134252426503
M0_legacy_representation,primary_training,148,intercept,0.014711859252695822
M0_legacy_representation,primary_training,148,cum_co2_per_capita,0.038839976238943495
M0_legacy_representation,primary_training,148,cum_co2_total,-0.023423589683029006
M0_legacy_representation,primary_training,148,abs_latitude,0.0011863890510854856
M0_legacy_representation,primary_training,148,elevation,1.2231008048187056e-06
M0_legacy_representation,primary_training,148,continentality,4.039212013917192e-05
M0_legacy_representation,primary_training,148,population,0.026007589594200166
M0_legacy_representation,primary_training,148,station_density,-0.002031515380673266
M0_legacy_representation,primary_training,148,climate_zone=B,0.0031157478085179218
M0_legacy_representation,primary_training,148,climate_zone=C,-0.027771865984129254
M0_legacy_representation,primary_training,148,climate_zone=D,-0.013175534596437619
M0_legacy_representation,primary_training,148,climate_zone=E,-0.10193497857902817
M0_legacy_representation,primary_training,148,hemisphere=S,-0.025864929608211542
M0_legacy_representation,primary_training,148,spatial_block=Asia,-0.05192876230772155
M0_legacy_representation,primary_training,148,spatial_block=Europe,-0.06116486607519862
M0_legacy_representation,primary_training,148,spatial_block=North America,-0.09010010192583165
M0_legacy_representation,primary_training,148,spatial_block=Oceania,-0.0571297230183317
M0_legacy_representation,primary_training,148,spatial_block=South America,-0.07528471331323044
M0_legacy_representation,primary_training,148,income_group=Low-income countries,0.0001269182270594676
M0_legacy_representation,primary_training,148,income_group=Lower-middle-income countries,-0.011328717409030119
M0_legacy_representation,primary_training,148,income_group=Upper-middle-income countries,-0.017134218005276508
M0_legacy_representation,primary_training,149,intercept,0.01464847346368186
M0_legacy_representation,primary_training,149,cum_co2_per_capita,0.03902978203200892
M0_legacy_representation,primary_training,149,cum_co2_total,-0.023255246387936232
M0_legacy_representation,primary_training,149,abs_latitude,0.0012605217180344092
M0_legacy_representation,primary_training,149,elevation,-2.2508335951303397e-07
M0_legacy_representation,primary_training,149,continentality,4.2447520783361194e-05
M0_legacy_representation,primary_training,149,population,0.025605812362146103
M0_legacy_representation,primary_training,149,station_density,-0.0019348368522241102
M0_legacy_representation,primary_training,149,climate_zone=B,0.0033424517528784638
M0_legacy_representation,primary_training,149,climate_zone=C,-0.030394392428794294
M0_legacy_representation,primary_training,149,climate_zone=D,-0.015515034711208468
M0_legacy_representation,primary_training,149,climate_zone=E,-0.1050543985181522
M0_legacy_representation,primary_training,149,hemisphere=S,-0.02554730894539821
M0_legacy_representation,primary_training,149,spatial_block=Asia,-0.05276621345349231
M0_legacy_representation,primary_training,149,spatial_block=Europe,-0.061364565661341464
M0_legacy_representation,primary_training,149,spatial_block=North America,-0.09051747029620584
M0_legacy_representation,primary_training,149,spatial_block=Oceania,-0.05655456956094822
M0_legacy_representation,primary_training,149,spatial_block=South America,-0.06219209774630749
M0_legacy_representation,primary_training,149,income_group=Low-income countries,0.001575202074524086
M0_legacy_representation,primary_training,149,income_group=Lower-middle-income countries,-0.009943608343411308
M0_legacy_representation,primary_training,149,income_group=Upper-middle-income countries,-0.01488105285182135
M0_legacy_representation,primary_training,150,intercept,0.014680295940758818
M0_legacy_representation,primary_training,150,cum_co2_per_capita,0.038617633157136
M0_legacy_representation,primary_training,150,cum_co2_total,-0.02350428722297625
M0_legacy_representation,primary_training,150,abs_latitude,0.0011987462770322488
M0_legacy_representation,primary_training,150,elevation,8.375427776917434e-07
M0_legacy_representation,primary_training,150,continentality,4.048545376338835e-05
M0_legacy_representation,primary_training,150,population,0.025959855264442454
M0_legacy_representation,primary_training,150,station_density,-0.0020535524474546265
M0_legacy_representation,primary_training,150,climate_zone=B,0.0036901818843718412
M0_legacy_representation,primary_training,150,climate_zone=C,-0.027130433550272642
M0_legacy_representation,primary_training,150,climate_zone=D,-0.012588502532326068
M0_legacy_representation,primary_training,150,climate_zone=E,-0.10184774090344093
M0_legacy_representation,primary_training,150,hemisphere=S,-0.024477910530989366
M0_legacy_representation,primary_training,150,spatial_block=Asia,-0.05139278966501902
M0_legacy_representation,primary_training,150,spatial_block=Europe,-0.060951130003192286
M0_legacy_representation,primary_training,150,spatial_block=North America,-0.08951810064386725
M0_legacy_representation,primary_training,150,spatial_block=Oceania,-0.05822949478835012
M0_legacy_representation,primary_training,150,spatial_block=South America,-0.07785285049536327
M0_legacy_representation,primary_training,150,income_group=Low-income countries,0.0002284281923397726
M0_legacy_representation,primary_training,150,income_group=Lower-middle-income countries,-0.011290671218526734
M0_legacy_representation,primary_training,150,income_group=Upper-middle-income countries,-0.01729795811646638
M0_legacy_representation,full_sample,-1,intercept,0.01448063463537747
M0_legacy_representation,full_sample,-1,cum_co2_per_capita,0.038508210673447146
M0_legacy_representation,full_sample,-1,cum_co2_total,-0.022735831607738045
M0_legacy_representation,full_sample,-1,abs_latitude,0.0010642452637554913
M0_legacy_representation,full_sample,-1,elevation,-6.296829141662524e-07
M0_legacy_representation,full_sample,-1,continentality,4.107686048068885e-05
M0_legacy_representation,full_sample,-1,population,0.025639765531078024
M0_legacy_representation,full_sample,-1,station_density,-0.001696610277779873
M0_legacy_representation,full_sample,-1,climate_zone=B,0.0054754571461567555
M0_legacy_representation,full_sample,-1,climate_zone=C,-0.02313590118341142
M0_legacy_representation,full_sample,-1,climate_zone=D,-0.007129490690160356
M0_legacy_representation,full_sample,-1,climate_zone=E,-0.09245680988584236
M0_legacy_representation,full_sample,-1,hemisphere=S,-0.026278752495488764
M0_legacy_representation,full_sample,-1,spatial_block=Asia,-0.052218730348831226
M0_legacy_representation,full_sample,-1,spatial_block=Europe,-0.060765385824133065
M0_legacy_representation,full_sample,-1,spatial_block=North America,-0.09000707685422307
M0_legacy_representation,full_sample,-1,spatial_block=Oceania,-0.05627460382140184
M0_legacy_representation,full_sample,-1,spatial_block=South America,-0.0622379229758729
M0_legacy_representation,full_sample,-1,income_group=Low-income countries,0.003619260377779634
M0_legacy_representation,full_sample,-1,income_group=Lower-middle-income countries,-0.009361469618728855
M0_legacy_representation,full_sample,-1,income_group=Upper-middle-income countries,-0.014529819083070375
drop_per_capita,primary_training,0,intercept,0.26764958904699415
drop_per_capita,primary_training,0,cum_co2_total,0.018628721158950007
drop_per_capita,primary_training,0,abs_latitude,0.0009470424505858636
drop_per_capita,primary_training,0,elevation,-5.53680851199723e-07
drop_per_capita,primary_training,0,continentality,4.443997080602435e-05
drop_per_capita,primary_training,0,population,-0.017569740284071628
drop_per_capita,primary_training,0,station_density,-0.0013839847511854335
drop_per_capita,primary_training,0,climate_zone=B,0.004040220938925575
drop_per_capita,primary_training,0,climate_zone=C,-0.02803684315084891
drop_per_capita,primary_training,0,climate_zone=D,-0.008200931790255215
drop_per_capita,primary_training,0,climate_zone=E,-0.09267062088617839
drop_per_capita,primary_training,0,hemisphere=S,-0.02179433154859366
drop_per_capita,primary_training,0,spatial_block=Asia,-0.04680897988580842
drop_per_capita,primary_training,0,spatial_block=Europe,-0.0554850232348075
drop_per_capita,primary_training,0,spatial_block=North America,-0.08543090210772902
drop_per_capita,primary_training,0,spatial_block=Oceania,-0.052989650074926786
drop_per_capita,primary_training,0,spatial_block=South America,-0.06059260481319161
drop_per_capita,primary_training,0,income_group=Low-income countries,0.008165084887322989
drop_per_capita,primary_training,0,income_group=Lower-middle-income countries,-0.009264831117934821
drop_per_capita,primary_training,0,income_group=Upper-middle-income countries,-0.013834293135799439
drop_per_capita,primary_training,1,intercept,0.26758544630996284
drop_per_capita,primary_training,1,cum_co2_total,0.016380561620343785
drop_per_capita,primary_training,1,abs_latitude,0.0010737801127852808
drop_per_capita,primary_training,1,elevation,3.550239597280117e-07
drop_per_capita,primary_training,1,continentality,4.431029782069636e-05
drop_per_capita,primary_training,1,population,-0.015631849868192046
drop_per_capita,primary_training,1,station_density,-0.0015339964897046936
drop_per_capita,primary_training,1,climate_zone=B,0.00618364213204722
drop_per_capita,primary_training,1,climate_zone=C,-0.026595246676603766
drop_per_capita,primary_training,1,climate_zone=D,-0.011538935135354854
drop_per_capita,primary_training,1,climate_zone=E,-0.09860403799239065
drop_per_capita,primary_training,1,hemisphere=S,-0.022507657839973667
drop_per_capita,primary_training,1,spatial_block=Asia,-0.05591358885043427
drop_per_capita,primary_training,1,spatial_block=Europe,-0.06378870986693545
drop_per_capita,primary_training,1,spatial_block=North America,-0.09420352045834106
drop_per_capita,primary_training,1,spatial_block=Oceania,-0.061693532044933885
drop_per_capita,primary_training,1,spatial_block=South America,-0.07047890486237297
drop_per_capita,primary_training,1,income_group=Low-income countries,-0.002646598646380598
drop_per_capita,primary_training,1,income_group=Lower-middle-income countries,-0.01249019864751635
drop_per_capita,primary_training,1,income_group=Upper-middle-income countries,-0.013386114417555066
drop_per_capita,primary_training,2,intercept,0.25056310244642926
drop_per_capita,primary_training,2,cum_co2_total,0.016897275166719718
drop_per_capita,primary_training,2,abs_latitude,0.0010523391357630384
drop_per_capita,primary_training,2,elevation,-4.6744327099924796e-07
drop_per_capita,primary_training,2,continentality,4.016889282919222e-05
drop_per_capita,primary_training,2,population,-0.014603219289617133
drop_per_capita,primary_training,2,station_density,-0.0017229138748171167
drop_per_capita,primary_training,2,climate_zone=B,0.006445982075691933
drop_per_capita,primary_training,2,climate_zone=C,-0.022005856884708727
drop_per_capita,primary_training,2,climate_zone=D,-0.006518161332245165
drop_per_capita,primary_training,2,climate_zone=E,-0.09225296260730424
drop_per_capita,primary_training,2,hemisphere=S,-0.02378793628810386
drop_per_capita,primary_training,2,spatial_block=Asia,-0.049153370783523956
drop_per_capita,primary_training,2,spatial_block=Europe,-0.05801022929772339
drop_per_capita,primary_training,2,spatial_block=North America,-0.08663603963650383
drop_per_capita,primary_training,2,spatial_block=Oceania,-0.05595137365847921
drop_per_capita,primary_training,2,spatial_block=South America,-0.06108504573365971
drop_per_capita,primary_training,2,income_group=Low-income countries,0.00756052337540813
drop_per_capita,primary_training,2,income_group=Lower-middle-income countries,-0.008393097563440323
drop_per_capita,primary_training,2,income_group=Upper-middle-income countries,-0.013589010132519981
drop_per_capita,primary_training,3,intercept,0.2722753352006028
drop_per_capita,primary_training,3,cum_co2_total,0.01698814100917425
drop_per_capita,primary_training,3,abs_latitude,0.0012470921830313867
drop_per_capita,primary_training,3,elevation,1.142653186106745e-06
drop_per_capita,primary_training,3,continentality,4.062349286620802e-05
drop_per_capita,primary_training,3,population,-0.017247646192011468
drop_per_capita,primary_training,3,station_density,-0.0013671599961144264
drop_per_capita,primary_training,3,climate_zone=B,0.007757285357169344
drop_per_capita,primary_training,3,climate_zone=C,-0.025753808073364835
drop_per_capita,primary_training,3,climate_zone=D,-0.011945634393093298
drop_per_capita,primary_training,3,climate_zone=E,-0.10234367477473434
drop_per_capita,primary_training,3,hemisphere=S,-0.013587895057816967
drop_per_capita,primary_training,3,spatial_block=Asia,-0.05846286299153747
drop_per_capita,primary_training,3,spatial_block=Europe,-0.0682423495781605
drop_per_capita,primary_training,3,spatial_block=North America,-0.09456798731650469
drop_per_capita,primary_training,3,spatial_block=Oceania,-0.0723011571885382
drop_per_capita,primary_training,3,spatial_block=South America,-0.07720945252480203
drop_per_capita,primary_training,3,income_group=Low-income countries,0.0007305240090101776
drop_per_capita,primary_training,3,income_group=Lower-middle-income countries,-0.008599285477297545
drop_per_capita,primary_training,3,income_group=Upper-middle-income countries,-0.011733184064238844
drop_per_capita,primary_training,4,intercept,0.2527983407969742
drop_per_capita,primary_training,4,cum_co2_total,0.019159678152551634
drop_per_capita,primary_training,4,abs_latitude,0.001038296814241679
drop_per_capita,primary_training,4,elevation,2.2180004654560004e-07
drop_per_capita,primary_training,4,continentality,4.078864395830513e-05
drop_per_capita,primary_training,4,population,-0.01667842438831428
drop_per_capita,primary_training,4,station_density,-0.0017421637264964352
drop_per_capita,primary_training,4,climate_zone=B,0.004762560456406754
drop_per_capita,primary_training,4,climate_zone=C,-0.02203295993220687
drop_per_capita,primary_training,4,climate_zone=D,-0.007447952381893295
drop_per_capita,primary_training,4,climate_zone=E,-0.09196685113355318
drop_per_capita,primary_training,4,hemisphere=S,-0.01943586671558353
drop_per_capita,primary_training,4,spatial_block=Asia,-0.04379324515793339
drop_per_capita,primary_training,4,spatial_block=Europe,-0.0531531307857674
drop_per_capita,primary_training,4,spatial_block=North America,-0.08113653109102482
drop_per_capita,primary_training,4,spatial_block=Oceania,-0.05485593480191458
drop_per_capita,primary_training,4,spatial_block=South America,-0.05947854985046245
drop_per_capita,primary_training,4,income_group=Low-income countries,0.012965293605453355
drop_per_capita,primary_training,4,income_group=Lower-middle-income countries,-0.008078104201708557
drop_per_capita,primary_training,4,income_group=Upper-middle-income countries,-0.012431938507273697
drop_per_capita,primary_training,5,intercept,0.25484675579411453
drop_per_capita,primary_training,5,cum_co2_total,0.017210200657596552
drop_per_capita,primary_training,5,abs_latitude,0.0011307338271354943
drop_per_capita,primary_training,5,elevation,-2.9278061720204466e-06
drop_per_capita,primary_training,5,continentality,3.911957674030753e-05
drop_per_capita,primary_training,5,population,-0.01551737959174062
drop_per_capita,primary_training,5,station_density,-0.0016193572185393996
drop_per_capita,primary_training,5,climate_zone=B,0.008167655675636806
drop_per_capita,primary_training,5,climate_zone=C,-0.019082339689131794
drop_per_capita,primary_training,5,climate_zone=D,-0.0037952411946003094
drop_per_capita,primary_training,5,climate_zone=E,-0.09130445306569174
drop_per_capita,primary_training,5,hemisphere=S,-0.03320056739501258
drop_per_capita,primary_training,5,spatial_block=Asia,-0.05173952242420279
drop_per_capita,primary_training,5,spatial_block=Europe,-0.06346478733048977
drop_per_capita,primary_training,5,spatial_block=North America,-0.08906426629503117
drop_per_capita,primary_training,5,spatial_block=Oceania,-0.050711649581240095
drop_per_capita,primary_training,5,spatial_block=South America,-0.05519941585160589
drop_per_capita,primary_training,5,income_group=Low-income countries,0.01083335747417208
drop_per_capita,primary_training,5,income_group=Lower-middle-income countries,-0.00581646632988709
drop_per_capita,primary_training,5,income_group=Upper-middle-income countries,-0.01212408557386269
drop_per_capita,primary_training,6,intercept,0.28120902284961846
drop_per_capita,primary_training,6,cum_co2_total,0.01755168839629152
drop_per_capita,primary_training,6,abs_latitude,0.0008590042764200968
drop_per_capita,primary_training,6,elevation,-2.2469627815353873e-06
drop_per_capita,primary_training,6,continentality,4.908224719440824e-05
drop_per_capita,primary_training,6,population,-0.016944502914120477
drop_per_capita,primary_training,6,station_density,-0.0016704557935862906
drop_per_capita,primary_training,6,climate_zone=B,0.0020303246261261596
drop_per_capita,primary_training,6,climate_zone=C,-0.022918822463530678
drop_per_capita,primary_training,6,climate_zone=D,-0.007540783608010439
drop_per_capita,primary_training,6,climate_zone=E,-0.09168814275931784
drop_per_capita,primary_training,6,hemisphere=S,-0.03065176615559593
drop_per_capita,primary_training,6,spatial_block=Asia,-0.056943352906260625
drop_per_capita,primary_training,6,spatial_block=Europe,-0.06554116030001512
drop_per_capita,primary_training,6,spatial_block=North America,-0.09843435915321291
drop_per_capita,primary_training,6,spatial_block=Oceania,-0.05904545835624987
drop_per_capita,primary_training,6,spatial_block=South America,-0.06727459149245359
drop_per_capita,primary_training,6,income_group=Low-income countries,0.0006819240084632188
drop_per_capita,primary_training,6,income_group=Lower-middle-income countries,-0.01201542458049047
drop_per_capita,primary_training,6,income_group=Upper-middle-income countries,-0.014571346570935432
drop_per_capita,primary_training,7,intercept,0.28480591025773005
drop_per_capita,primary_training,7,cum_co2_total,0.01874922683796919
drop_per_capita,primary_training,7,abs_latitude,0.0007101041712078688
drop_per_capita,primary_training,7,elevation,-3.097831149069602e-06
drop_per_capita,primary_training,7,continentality,5.363811046867293e-05
drop_per_capita,primary_training,7,population,-0.017676544526859402
drop_per_capita,primary_training,7,station_density,-0.0016579313251752518
drop_per_capita,primary_training,7,climate_zone=B,0.004787482336550102
drop_per_capita,primary_training,7,climate_zone=C,-0.020185819794044043
drop_per_capita,primary_training,7,climate_zone=D,-0.004112257893455853
drop_per_capita,primary_training,7,climate_zone=E,-0.08490752138582533
drop_per_capita,primary_training,7,hemisphere=S,-0.03282153478274046
drop_per_capita,primary_training,7,spatial_block=Asia,-0.05833751082580735
drop_per_capita,primary_training,7,spatial_block=Europe,-0.06495792617464022
drop_per_capita,primary_training,7,spatial_block=North America,-0.09874206249947357
drop_per_capita,primary_training,7,spatial_block=Oceania,-0.05740691694206141
drop_per_capita,primary_training,7,spatial_block=South America,-0.06705123254177629
drop_per_capita,primary_training,7,income_group=Low-income countries,0.004259104954319467
drop_per_capita,primary_training,7,income_group=Lower-middle-income countries,-0.011600227171225394
drop_per_capita,primary_training,7,income_group=Upper-middle-income countries,-0.014668522604766785
drop_per_capita,primary_training,8,intercept,0.24743189580279823
drop_per_capita,primary_training,8,cum_co2_total,0.01737150092975239
drop_per_capita,primary_training,8,abs_latitude,0.0009824409728611105
drop_per_capita,primary_training,8,elevation,-3.3967543048952254e-06
drop_per_capita,primary_training,8,continentality,4.8280595401231775e-05
drop_per_capita,primary_training,8,population,-0.012874346522422173
drop_per_capita,primary_training,8,station_density,-0.0014889754970406038
drop_per_capita,primary_training,8,climate_zone=B,0.012953533314943044
drop_per_capita,primary_training,8,climate_zone=C,-0.022474865754251103
drop_per_capita,primary_training,8,climate_zone=D,-0.003823013034621211
drop_per_capita,primary_training,8,climate_zone=E,-0.08519777299753833
drop_per_capita,primary_training,8,hemisphere=S,-0.032937319133827865
drop_per_capita,primary_training,8,spatial_block=Asia,-0.06304998778780671
drop_per_capita,primary_training,8,spatial_block=Europe,-0.06807238224779953
drop_per_capita,primary_training,8,spatial_block=North America,-0.09708281799241855
drop_per_capita,primary_training,8,spatial_block=Oceania,-0.05631207532025151
drop_per_capita,primary_training,8,spatial_block=South America,-0.06496331558763943
drop_per_capita,primary_training,8,income_group=Low-income countries,0.0062648944708529625
drop_per_capita,primary_training,8,income_group=Lower-middle-income countries,-0.007001985797439919
drop_per_capita,primary_training,8,income_group=Upper-middle-income countries,-0.014232376994222829
drop_per_capita,primary_training,9,intercept,0.2787099519515857
drop_per_capita,primary_training,9,cum_co2_total,0.016629063743857204
drop_per_capita,primary_training,9,abs_latitude,0.0009852493346989082
drop_per_capita,primary_training,9,elevation,-9.783628909456338e-07
drop_per_capita,primary_training,9,continentality,4.881739513222432e-05
drop_per_capita,primary_training,9,population,-0.016321828611876893
drop_per_capita,primary_training,9,station_density,-0.0015175820243373275
drop_per_capita,primary_training,9,climate_zone=B,8.714988963779517e-05
drop_per_capita,primary_training,9,climate_zone=C,-0.027509729403971773
drop_per_capita,primary_training,9,climate_zone=D,-0.012332131951681823
drop_per_capita,primary_training,9,climate_zone=E,-0.0985302663843069
drop_per_capita,primary_training,9,hemisphere=S,-0.03349122714264711
drop_per_capita,primary_training,9,spatial_block=Asia,-0.057272149999783244
drop_per_capita,primary_training,9,spatial_block=Europe,-0.06608624368619725
drop_per_capita,primary_training,9,spatial_block=North America,-0.09863452395640918
drop_per_capita,primary_training,9,spatial_block=Oceania,-0.054656478468141714
drop_per_capita,primary_training,9,spatial_block=South America,-0.06524724062693309
drop_per_capita,primary_training,9,income_group=Low-income countries,-0.0008400849203405924
drop_per_capita,primary_training,9,income_group=Lower-middle-income countries,-0.014039552988173179
drop_per_capita,primary_training,9,income_group=Upper-middle-income countries,-0.01499662306558584
drop_per_capita,primary_training,10,intercept,0.27807491266194984
drop_per_capita,primary_training,10,cum_co2_total,0.018349167157021475
drop_per_capita,primary_training,10,abs_latitude,0.0009571756902164875
drop_per_capita,primary_training,10,elevation,-3.792423532866492e-06
drop_per_capita,primary_training,10,continentality,5.114580349764e-05
drop_per_capita,primary_training,10,population,-0.018193621195071695
drop_per_capita,primary_training,10,station_density,-0.001407823499441543
drop_per_capita,primary_training,10,climate_zone=B,0.007170349906782474
drop_per_capita,primary_training,10,climate_zone=C,-0.019525032870337963
drop_per_capita,primary_training,10,climate_zone=D,-0.004363656637076003
drop_per_capita,primary_training,10,climate_zone=E,-0.08952179608348718
drop_per_capita,primary_training,10,hemisphere=S,-0.04065014396641474
drop_per_capita,primary_training,10,spatial_block=Asia,-0.05602536327259472
drop_per_capita,primary_training,10,spatial_block=Europe,-0.06567498388943759
drop_per_capita,primary_training,10,spatial_block=North America,-0.09388230878246198
drop_per_capita,primary_training,10,spatial_block=Oceania,-0.046040950880111065
drop_per_capita,primary_training,10,spatial_block=South America,-0.055533164345159036
drop_per_capita,primary_training,10,income_group=Low-income countries,0.012533360546376139
drop_per_capita,primary_training,10,income_group=Lower-middle-income countries,-0.00898677697856757
drop_per_capita,primary_training,10,income_group=Upper-middle-income countries,-0.01316152243182614
drop_per_capita,primary_training,11,intercept,0.2505158834646036
drop_per_capita,primary_training,11,cum_co2_total,0.0183301063582832
drop_per_capita,primary_training,11,abs_latitude,0.0010419112741444994
drop_per_capita,primary_training,11,elevation,2.57497931644658e-07
drop_per_capita,primary_training,11,continentality,4.218087370323974e-05
drop_per_capita,primary_training,11,population,-0.015940102501126565
drop_per_capita,primary_training,11,station_density,-0.0016645376019074508
drop_per_capita,primary_training,11,climate_zone=B,0.006151620480176067
drop_per_capita,primary_training,11,climate_zone=C,-0.02204518979447283
drop_per_capita,primary_training,11,climate_zone=D,-0.007230366093002491
drop_per_capita,primary_training,11,climate_zone=E,-0.09176845615975748
drop_per_capita,primary_training,11,hemisphere=S,-0.020223658729703928
drop_per_capita,primary_training,11,spatial_block=Asia,-0.04510202890406827
drop_per_capita,primary_training,11,spatial_block=Europe,-0.05373078440884534
drop_per_capita,primary_training,11,spatial_block=North America,-0.08181887176971571
drop_per_capita,primary_training,11,spatial_block=Oceania,-0.054386485636812344
drop_per_capita,primary_training,11,spatial_block=South America,-0.05986531694770486
drop_per_capita,primary_training,11,income_group=Low-income countries,0.009333311418402261
drop_per_capita,primary_training,11,income_group=Lower-middle-income countries,-0.008335032998562832
drop_per_capita,primary_training,11,income_group=Upper-middle-income countries,-0.012863427647198113
drop_per_capita,primary_training,12,intercept,0.2435913420052311
drop_per_capita,primary_training,12,cum_co2_total,0.014320819975080303
drop_per_capita,primary_training,12,abs_latitude,0.0011771890756448735
drop_per_capita,primary_training,12,elevation,-8.268504221337555e-07
drop_per_capita,primary_training,12,continentality,4.348143254929043e-05
drop_per_capita,primary_training,12,population,-0.011691411162182702
drop_per_capita,primary_training,12,station_density,-0.0016310482652001769
drop_per_capita,primary_training,12,climate_zone=B,0.0021356231923677508
drop_per_capita,primary_training,12,climate_zone=C,-0.025587176423250316
drop_per_capita,primary_training,12,climate_zone=D,-0.010063724962066402
drop_per_capita,primary_training,12,climate_zone=E,-0.09734020433004892
drop_per_capita,primary_training,12,hemisphere=S,-0.026587435063040676
drop_per_capita,primary_training,12,spatial_block=Asia,-0.05512886834694649
drop_per_capita,primary_training,12,spatial_block=Europe,-0.0648606567700936
drop_per_capita,primary_training,12,spatial_block=North America,-0.09293680823229374
drop_per_capita,primary_training,12,spatial_block=Oceania,-0.058136246228369916
drop_per_capita,primary_training,12,spatial_block=South America,-0.06404204294872783
drop_per_capita,primary_training,12,income_group=Low-income countries,-0.0037777025523155192
drop_per_capita,primary_training,12,income_group=Lower-middle-income countries,-0.012476908348238284
drop_per_capita,primary_training,12,income_group=Upper-middle-income countries,-0.015638216445420294
drop_per_capita,primary_training,13,intercept,0.2617835221417727
drop_per_capita,primary_training,13,cum_co2_total,0.021753639724812483
drop_per_capita,primary_training,13,abs_latitude,0.001128165440182779
drop_per_capita,primary_training,13,elevation,-2.3131379184514216e-06
drop_per_capita,primary_training,13,continentality,3.480953703002775e-05
drop_per_capita,primary_training,13,population,-0.017650262997982523
drop_per_capita,primary_training,13,station_density,-0.0016715097134825147
drop_per_capita,primary_training,13,climate_zone=B,0.01704936583243153
drop_per_capita,primary_training,13,climate_zone=C,-0.02034055814111907
drop_per_capita,primary_training,13,climate_zone=D,-0.007001298064868116
drop_per_capita,primary_training,13,climate_zone=E,-0.09213980006895425
drop_per_capita,primary_training,13,hemisphere=S,-0.030313204845093387
drop_per_capita,primary_training,13,spatial_block=Asia,-0.05483828050691553
drop_per_capita,primary_training,13,spatial_block=Europe,-0.06704650229793492
drop_per_capita,primary_training,13,spatial_block=North America,-0.09370464236873195
drop_per_capita,primary_training,13,spatial_block=Oceania,-0.06027589384181233
drop_per_capita,primary_training,13,spatial_block=South America,-0.06327770692000582
drop_per_capita,primary_training,13,income_group=Low-income countries,0.020882615068371642
drop_per_capita,primary_training,13,income_group=Lower-middle-income countries,-0.0016747671148725173
drop_per_capita,primary_training,13,income_group=Upper-middle-income countries,-0.012785078421540181
drop_per_capita,primary_training,14,intercept,0.2799129991263371
drop_per_capita,primary_training,14,cum_co2_total,0.018002517410394346
drop_per_capita,primary_training,14,abs_latitude,0.0008848709818835005
drop_per_capita,primary_training,14,elevation,-1.5986090874086338e-06
drop_per_capita,primary_training,14,continentality,4.5892352226735314e-05
drop_per_capita,primary_training,14,population,-0.0171539467785424
drop_per_capita,primary_training,14,station_density,-0.0016779908364073382
drop_per_capita,primary_training,14,climate_zone=B,0.0025230209053164324
drop_per_capita,primary_training,14,climate_zone=C,-0.02331010319941118
drop_per_capita,primary_training,14,climate_zone=D,-0.007812703512262783
drop_per_capita,primary_training,14,climate_zone=E,-0.09227116944478424
drop_per_capita,primary_training,14,hemisphere=S,-0.029716940337198558
drop_per_capita,primary_training,14,spatial_block=Asia,-0.056257835142772
drop_per_capita,primary_training,14,spatial_block=Europe,-0.06500146773385622
drop_per_capita,primary_training,14,spatial_block=North America,-0.09750858264194061
drop_per_capita,primary_training,14,spatial_block=Oceania,-0.05926489327074222
drop_per_capita,primary_training,14,spatial_block=South America,-0.06710561788158077
drop_per_capita,primary_training,14,income_group=Low-income countries,0.0007203375070604618
drop_per_capita,primary_training,14,income_group=Lower-middle-income countries,-0.010864659979584678
drop_per_capita,primary_training,14,income_group=Upper-middle-income countries,-0.014082003826936019
drop_per_capita,primary_training,15,intercept,0.22941160851013637
drop_per_capita,primary_training,15,cum_co2_total,0.015115335329558544
drop_per_capita,primary_training,15,abs_latitude,0.0011496961908995338
drop_per_capita,primary_training,15,elevation,-1.3244646394887305e-06
drop_per_capita,primary_training,15,continentality,4.150659980088738e-05
drop_per_capita,primary_training,15,population,-0.009877686973158129
drop_per_capita,primary_training,15,station_density,-0.0015870353209794315
drop_per_capita,primary_training,15,climate_zone=B,0.01004365031835046
drop_per_capita,primary_training,15,climate_zone=C,-0.023666431699968814
drop_per_capita,primary_training,15,climate_zone=D,-0.005840349958940521
drop_per_capita,primary_training,15,climate_zone=E,-0.08972892771748031
drop_per_capita,primary_training,15,hemisphere=S,-0.030016247726471122
drop_per_capita,primary_training,15,spatial_block=Asia,-0.06080119088929611
drop_per_capita,primary_training,15,spatial_block=Europe,-0.06793816533920537
drop_per_capita,primary_training,15,spatial_block=North America,-0.09476222684284626
drop_per_capita,primary_training,15,spatial_block=Oceania,-0.057378548517717794
drop_per_capita,primary_training,15,spatial_block=South America,-0.06447554209076914
drop_per_capita,primary_training,15,income_group=Low-income countries,0.0002571999189882588
drop_per_capita,primary_training,15,income_group=Lower-middle-income countries,-0.009149827161674735
drop_per_capita,primary_training,15,income_group=Upper-middle-income countries,-0.01509718581373266
drop_per_capita,primary_training,16,intercept,0.24366540446337856
drop_per_capita,primary_training,16,cum_co2_total,0.014549688634938149
drop_per_capita,primary_training,16,abs_latitude,0.0010846913365057103
drop_per_capita,primary_training,16,elevation,-2.501152807892619e-06
drop_per_capita,primary_training,16,continentality,4.534001436506468e-05
drop_per_capita,primary_training,16,population,-0.012068612782429525
drop_per_capita,primary_training,16,station_density,-0.0015629587826148528
drop_per_capita,primary_training,16,climate_zone=B,0.007233679440266345
drop_per_capita,primary_training,16,climate_zone=C,-0.020939389874448763
drop_per_capita,primary_training,16,climate_zone=D,-0.004728740501401835
drop_per_capita,primary_training,16,climate_zone=E,-0.09050386098175749
drop_per_capita,primary_training,16,hemisphere=S,-0.02948599620586325
drop_per_capita,primary_training,16,spatial_block=Asia,-0.05500156055046415
drop_per_capita,primary_training,16,spatial_block=Europe,-0.06402092729525563
drop_per_capita,primary_training,16,spatial_block=North America,-0.0913969327754494
drop_per_capita,primary_training,16,spatial_block=Oceania,-0.054688881437989875
drop_per_capita,primary_training,16,spatial_block=South America,-0.06100967460260616
drop_per_capita,primary_training,16,income_group=Low-income countries,0.0022918210136598292
drop_per_capita,primary_training,16,income_group=Lower-middle-income countries,-0.011471780216133947
drop_per_capita,primary_training,16,income_group=Upper-middle-income countries,-0.014873722588914324
drop_per_capita,primary_training,17,intercept,0.27673076353174475
drop_per_capita,primary_training,17,cum_co2_total,0.017016909278144535
drop_per_capita,primary_training,17,abs_latitude,0.0010001812571969434
drop_per_capita,primary_training,17,elevation,-5.084999922014022e-07
drop_per_capita,primary_training,17,continentality,4.606133518460873e-05
drop_per_capita,primary_training,17,population,-0.01642101798385691
drop_per_capita,primary_training,17,station_density,-0.0015349114354063556
drop_per_capita,primary_training,17,climate_zone=B,0.0008543776873025844
drop_per_capita,primary_training,17,climate_zone=C,-0.02761067883293306
drop_per_capita,primary_training,17,climate_zone=D,-0.012238523100620825
drop_per_capita,primary_training,17,climate_zone=E,-0.09853366501304461
drop_per_capita,primary_training,17,hemisphere=S,-0.032158713454399655
drop_per_capita,primary_training,17,spatial_block=Asia,-0.05640572870765238
drop_per_capita,primary_training,17,spatial_block=Europe,-0.06520963872180886
drop_per_capita,primary_training,17,spatial_block=North America,-0.097455881962588
drop_per_capita,primary_training,17,spatial_block=Oceania,-0.05505450888446251
drop_per_capita,primary_training,17,spatial_block=South America,-0.0651558184005688
drop_per_capita,primary_training,17,income_group=Low-income countries,-0.0005376084835392072
drop_per_capita,primary_training,17,income_group=Lower-middle-income countries,-0.013013519689008737
drop_per_capita,primary_training,17,income_group=Upper-middle-income countries,-0.014547337590835232
drop_per_capita,primary_training,18,intercept,0.24576222544411072
drop_per_capita,primary_training,18,cum_co2_total,0.016123203152150645
drop_per_capita,primary_training,18,abs_latitude,0.001057223927051091
drop_per_capita,primary_training,18,elevation,-5.221721828904446e-07
drop_per_capita,primary_training,18,continentality,4.055763283497105e-05
drop_per_capita,primary_training,18,population,-0.01367285252552409
drop_per_capita,primary_training,18,station_density,-0.0017189964808226313
drop_per_capita,primary_training,18,climate_zone=B,0.007129386503476534
drop_per_capita,primary_training,18,climate_zone=C,-0.02178324325766468
drop_per_capita,primary_training,18,climate_zone=D,-0.006198601278648272
drop_per_capita,primary_training,18,climate_zone=E,-0.0918456458464688
drop_per_capita,primary_training,18,hemisphere=S,-0.02338485294727989
drop_per_capita,primary_training,18,spatial_block=Asia,-0.048830074315440765
drop_per_capita,primary_training,18,spatial_block=Europe,-0.05744032022247879
drop_per_capita,primary_training,18,spatial_block=North America,-0.08609738915703724
drop_per_capita,primary_training,18,spatial_block=Oceania,-0.05565526283205716
drop_per_capita,primary_training,18,spatial_block=South America,-0.061018917496358786
drop_per_capita,primary_training,18,income_group=Low-income countries,0.005518654458872534
drop_per_capita,primary_training,18,income_group=Lower-middle-income countries,-0.009107244831493739
drop_per_capita,primary_training,18,income_group=Upper-middle-income countries,-0.013780068950122976
drop_per_capita,primary_training,19,intercept,0.24411665087838202
drop_per_capita,primary_training,19,cum_co2_total,0.019281066623481263
drop_per_capita,primary_training,19,abs_latitude,0.0010119730917751988
drop_per_capita,primary_training,19,elevation,1.4509459626489043e-06
drop_per_capita,primary_training,19,continentality,4.3796710794849335e-05
drop_per_capita,primary_training,19,population,-0.015378041940807927
drop_per_capita,primary_training,19,station_density,-0.0017308688071301192
drop_per_capita,primary_training,19,climate_zone=B,0.0032726089611861305
drop_per_capita,primary_training,19,climate_zone=C,-0.023885944744719657
drop_per_capita,primary_training,19,climate_zone=D,-0.009280525417669426
drop_per_capita,primary_training,19,climate_zone=E,-0.09105525777811924
drop_per_capita,primary_training,19,hemisphere=S,-0.01882320796077835
drop_per_capita,primary_training,19,spatial_block=Asia,-0.04362957218445507
drop_per_capita,primary_training,19,spatial_block=Europe,-0.0515474817894732
drop_per_capita,primary_training,19,spatial_block=North America,-0.08065864683627169
drop_per_capita,primary_training,19,spatial_block=Oceania,-0.05382631823160615
drop_per_capita,primary_training,19,spatial_block=South America,-0.060481853136199124
drop_per_capita,primary_training,19,income_group=Low-income countries,0.006164269620743335
drop_per_capita,primary_training,19,income_group=Lower-middle-income countries,-0.00930270364009457
drop_per_capita,primary_training,19,income_group=Upper-middle-income countries,-0.013238147388852973
drop_per_capita,primary_training,20,intercept,0.25069781711442946
drop_per_capita,primary_training,20,cum_co2_total,0.02014882123550251
drop_per_capita,primary_training,20,abs_latitude,0.0010094884875918246
drop_per_capita,primary_training,20,elevation,1.5199623820062833e-06
drop_per_capita,primary_training,20,continentality,4.308685810121527e-05
drop_per_capita,primary_training,20,population,-0.016313293450982848
drop_per_capita,primary_training,20,station_density,-0.0017495948277893671
drop_per_capita,primary_training,20,climate_zone=B,0.0016985253622097216
drop_per_capita,primary_training,20,climate_zone=C,-0.02471677407092686
drop_per_capita,primary_training,20,climate_zone=D,-0.010116060796966312
drop_per_capita,primary_training,20,climate_zone=E,-0.09204532159160354
drop_per_capita,primary_training,20,hemisphere=S,-0.020432712838794585
drop_per_capita,primary_training,20,spatial_block=Asia,-0.04534041644785962
drop_per_capita,primary_training,20,spatial_block=Europe,-0.053619540903599286
drop_per_capita,primary_training,20,spatial_block=North America,-0.08296902739491091
drop_per_capita,primary_training,20,spatial_block=Oceania,-0.05466423263535135
drop_per_capita,primary_training,20,spatial_block=South America,-0.06111877587846242
drop_per_capita,primary_training,20,income_group=Low-income countries,0.0079374133208319
drop_per_capita,primary_training,20,income_group=Lower-middle-income countries,-0.008392265332540162
drop_per_capita,primary_training,20,income_group=Upper-middle-income countries,-0.013274993986014207
drop_per_capita,primary_training,21,intercept,0.25583220982557003
drop_per_capita,primary_training,21,cum_co2_total,0.01798497078208814
drop_per_capita,primary_training,21,abs_latitude,0.0010072708690658314
drop_per_capita,primary_training,21,elevation,-4.020642098095455e-06
drop_per_capita,primary_training,21,continentality,4.1817199505856195e-05
drop_per_capita,primary_training,21,population,-0.015972510412425946
drop_per_capita,primary_training,21,station_density,-0.0016036890624660783
drop_per_capita,primary_training,21,climate_zone=B,0.012015751282589726
drop_per_capita,primary_training,21,climate_zone=C,-0.015849723717182504
drop_per_capita,primary_training,21,climate_zone=D,0.0003012369318825094
drop_per_capita,primary_training,21,climate_zone=E,-0.08469911136016574
drop_per_capita,primary_training,21,hemisphere=S,-0.03376415936579152
drop_per_capita,primary_training,21,spatial_block=Asia,-0.052110712387170494
drop_per_capita,primary_training,21,spatial_block=Europe,-0.062186999143969274
drop_per_capita,primary_training,21,spatial_block=North America,-0.08818656555461482
drop_per_capita,primary_training,21,spatial_block=Oceania,-0.04981840660375375
drop_per_capita,primary_training,21,spatial_block=South America,-0.05471547850921658
drop_per_capita,primary_training,21,income_group=Low-income countries,0.014144930241752169
drop_per_capita,primary_training,21,income_group=Lower-middle-income countries,-0.004891567173722606
drop_per_capita,primary_training,21,income_group=Upper-middle-income countries,-0.011901620454831731
drop_per_capita,primary_training,22,intercept,0.25669176722543585
drop_per_capita,primary_training,22,cum_co2_total,0.015316074520681771
drop_per_capita,primary_training,22,abs_latitude,0.0012203024571799123
drop_per_capita,primary_training,22,elevation,-5.14991777981803e-07
drop_per_capita,primary_training,22,continentality,3.9756819431334056e-05
drop_per_capita,primary_training,22,population,-0.014234233815333064
drop_per_capita,primary_training,22,station_density,-0.0014898427114418157
drop_per_capita,primary_training,22,climate_zone=B,0.007463364631862411
drop_per_capita,primary_training,22,climate_zone=C,-0.02499835533401479
drop_per_capita,primary_training,22,climate_zone=D,-0.010028050703812227
drop_per_capita,primary_training,22,climate_zone=E,-0.09921716717211324
drop_per_capita,primary_training,22,hemisphere=S,-0.01677429289808242
drop_per_capita,primary_training,22,spatial_block=Asia,-0.05664445525000632
drop_per_capita,primary_training,22,spatial_block=Europe,-0.0667427929973843
drop_per_capita,primary_training,22,spatial_block=North America,-0.09386998762475988
drop_per_capita,primary_training,22,spatial_block=Oceania,-0.0684264455051425
drop_per_capita,primary_training,22,spatial_block=South America,-0.07333042081527946
drop_per_capita,primary_training,22,income_group=Low-income countries,0.000160109953046806
drop_per_capita,primary_training,22,income_group=Lower-middle-income countries,-0.01090626012880279
drop_per_capita,primary_training,22,income_group=Upper-middle-income countries,-0.012185690028076427
drop_per_capita,primary_training,23,intercept,0.24813443176413236
drop_per_capita,primary_training,23,cum_co2_total,0.01753090484646796
drop_per_capita,primary_training,23,abs_latitude,0.0010520172051652753
drop_per_capita,primary_training,23,elevation,2.2307401460318362e-07
drop_per_capita,primary_training,23,continentality,4.235445401876212e-05
drop_per_capita,primary_training,23,population,-0.015085700378223214
drop_per_capita,primary_training,23,station_density,-0.0016583525291863099
drop_per_capita,primary_training,23,climate_zone=B,0.005967030307357604
drop_per_capita,primary_training,23,climate_zone=C,-0.02240189401369178
drop_per_capita,primary_training,23,climate_zone=D,-0.007456203780182297
drop_per_capita,primary_training,23,climate_zone=E,-0.09221632671166367
drop_per_capita,primary_training,23,hemisphere=S,-0.02095204268371161
drop_per_capita,primary_training,23,spatial_block=Asia,-0.04602565494231757
drop_per_capita,primary_training,23,spatial_block=Europe,-0.05457907597674479
drop_per_capita,primary_training,23,spatial_block=North America,-0.08293863302817434
drop_per_capita,primary_training,23,spatial_block=Oceania,-0.05454695143414945
drop_per_capita,primary_training,23,spatial_block=South America,-0.06030014896887166
drop_per_capita,primary_training,23,income_group=Low-income countries,0.006872180975822915
drop_per_capita,primary_training,23,income_group=Lower-middle-income countries,-0.008948235446413913
drop_per_capita,primary_training,23,income_group=Upper-middle-income countries,-0.013293222629584829
drop_per_capita,primary_training,24,intercept,0.23987174552555576
drop_per_capita,primary_training,24,cum_co2_total,0.017501765187107637
drop_per_capita,primary_training,24,abs_latitude,0.0010743391010528977
drop_per_capita,primary_training,24,elevation,-2.687338337570718e-06
drop_per_capita,primary_training,24,continentality,4.260501827198172e-05
drop_per_capita,primary_training,24,population,-0.012413118581857147
drop_per_capita,primary_training,24,station_density,-0.0015937170936663708
drop_per_capita,primary_training,24,climate_zone=B,0.014173018263375383
drop_per_capita,primary_training,24,climate_zone=C,-0.022650411036983377
drop_per_capita,primary_training,24,climate_zone=D,-0.005007887062027023
drop_per_capita,primary_training,24,climate_zone=E,-0.087778073270104
drop_per_capita,primary_training,24,hemisphere=S,-0.030688112428925912
drop_per_capita,primary_training,24,spatial_block=Asia,-0.06117719524540489
drop_per_capita,primary_training,24,spatial_block=Europe,-0.06639362438284184
drop_per_capita,primary_training,24,spatial_block=North America,-0.09464810158437827
drop_per_capita,primary_training,24,spatial_block=Oceania,-0.056984595697501035
drop_per_capita,primary_training,24,spatial_block=South America,-0.06428140804826135
drop_per_capita,primary_training,24,income_group=Low-income countries,0.007163672782858717
drop_per_capita,primary_training,24,income_group=Lower-middle-income countries,-0.0059754964517866336
drop_per_capita,primary_training,24,income_group=Upper-middle-income countries,-0.013257507182426942
drop_per_capita,primary_training,25,intercept,0.24411333654751483
drop_per_capita,primary_training,25,cum_co2_total,0.01582724703423652
drop_per_capita,primary_training,25,abs_latitude,0.0011017330319097198
drop_per_capita,primary_training,25,elevation,-7.918598703620547e-07
drop_per_capita,primary_training,25,continentality,4.0081637104334077e-05
drop_per_capita,primary_training,25,population,-0.012744996608155125
drop_per_capita,primary_training,25,station_density,-0.0017162569786265587
drop_per_capita,primary_training,25,climate_zone=B,0.004794426753738915
drop_per_capita,primary_training,25,climate_zone=C,-0.023905333265278765
drop_per_capita,primary_training,25,climate_zone=D,-0.007847010835275352
drop_per_capita,primary_training,25,climate_zone=E,-0.09369753644296554
drop_per_capita,primary_training,25,hemisphere=S,-0.02507329308837126
drop_per_capita,primary_training,25,spatial_block=Asia,-0.052224387775913414
drop_per_capita,primary_training,25,spatial_block=Europe,-0.06123644923931008
drop_per_capita,primary_training,25,spatial_block=North America,-0.09009676286766229
drop_per_capita,primary_training,25,spatial_block=Oceania,-0.057631154692925256
drop_per_capita,primary_training,25,spatial_block=South America,-0.06275082106115419
drop_per_capita,primary_training,25,income_group=Low-income countries,0.0049518674370162725
drop_per_capita,primary_training,25,income_group=Lower-middle-income countries,-0.009188130018533483
drop_per_capita,primary_training,25,income_group=Upper-middle-income countries,-0.014374956107878256
drop_per_capita,primary_training,26,intercept,0.26011681275531584
drop_per_capita,primary_training,26,cum_co2_total,0.018538563948819815
drop_per_capita,primary_training,26,abs_latitude,0.0010214438029798845
drop_per_capita,primary_training,26,elevation,-1.0785785621947306e-06
drop_per_capita,primary_training,26,continentality,4.1874134161323746e-05
drop_per_capita,primary_training,26,population,-0.01636315355212331
drop_per_capita,primary_training,26,station_density,-0.0016815046162064109
drop_per_capita,primary_training,26,climate_zone=B,0.005638934840178379
drop_per_capita,primary_training,26,climate_zone=C,-0.02068013225380418
drop_per_capita,primary_training,26,climate_zone=D,-0.005461618368205582
drop_per_capita,primary_training,26,climate_zone=E,-0.09039167691145276
drop_per_capita,primary_training,26,hemisphere=S,-0.025721060798373083
drop_per_capita,primary_training,26,spatial_block=Asia,-0.05182092406147079
drop_per_capita,primary_training,26,spatial_block=Europe,-0.06123347074095857
drop_per_capita,primary_training,26,spatial_block=North America,-0.08925676613916068
drop_per_capita,primary_training,26,spatial_block=Oceania,-0.05752182049800304
drop_per_capita,primary_training,26,spatial_block=South America,-0.06193101258964617
drop_per_capita,primary_training,26,income_group=Low-income countries,0.010244419344267562
drop_per_capita,primary_training,26,income_group=Lower-middle-income countries,-0.005970021958871484
drop_per_capita,primary_training,26,income_group=Upper-middle-income countries,-0.013308125513819222
drop_per_capita,primary_training,27,intercept,0.26514130800870755
drop_per_capita,primary_training,27,cum_co2_total,0.022888585709030757
drop_per_capita,primary_training,27,abs_latitude,0.0007799971343186888
drop_per_capita,primary_training,27,elevation,1.7474297187634922e-06
drop_per_capita,primary_training,27,continentality,4.710299628824467e-05
drop_per_capita,primary_training,27,population,-0.021661087886957
drop_per_capita,primary_training,27,station_density,-0.0015112333828898215
drop_per_capita,primary_training,27,climate_zone=B,0.006260442169997733
drop_per_capita,primary_training,27,climate_zone=C,-0.02556839017929371
drop_per_capita,primary_training,27,climate_zone=D,-0.009289213776084132
drop_per_capita,primary_training,27,climate_zone=E,-0.09043688712437972
drop_per_capita,primary_training,27,hemisphere=S,-0.007506466262592837
drop_per_capita,primary_training,27,spatial_block=Asia,-0.027829414470984616
drop_per_capita,primary_training,27,spatial_block=Europe,-0.03144532631261855
drop_per_capita,primary_training,27,spatial_block=North America,-0.06443839426919835
drop_per_capita,primary_training,27,spatial_block=Oceania,-0.04709575233000636
drop_per_capita,primary_training,27,spatial_block=South America,-0.0533975321741838
drop_per_capita,primary_training,27,income_group=Low-income countries,0.015898096452943107
drop_per_capita,primary_training,27,income_group=Lower-middle-income countries,-0.007757303006648297
drop_per_capita,primary_training,27,income_group=Upper-middle-income countries,-0.01291533063068466
drop_per_capita,primary_training,28,intercept,0.26934985351466967
drop_per_capita,primary_training,28,cum_co2_total,0.02207660645155984
drop_per_capita,primary_training,28,abs_latitude,0.0008464756315916078
drop_per_capita,primary_training,28,elevation,1.4023701006393772e-06
drop_per_capita,primary_training,28,continentality,4.520779798088348e-05
drop_per_capita,primary_training,28,population,-0.020246124845685873
drop_per_capita,primary_training,28,station_density,-0.0014297919403724994
drop_per_capita,primary_training,28,climate_zone=B,0.002396080081274668
drop_per_capita,primary_training,28,climate_zone=C,-0.02834019760156742
drop_per_capita,primary_training,28,climate_zone=D,-0.010050521591635627
drop_per_capita,primary_training,28,climate_zone=E,-0.09171794778441146
drop_per_capita,primary_training,28,hemisphere=S,-0.016288151332852552
drop_per_capita,primary_training,28,spatial_block=Asia,-0.03869355827910765
drop_per_capita,primary_training,28,spatial_block=Europe,-0.04456062885750331
drop_per_capita,primary_training,28,spatial_block=North America,-0.07661992031476918
drop_per_capita,primary_training,28,spatial_block=Oceania,-0.050030204653132244
drop_per_capita,primary_training,28,spatial_block=South America,-0.05715745980302901
drop_per_capita,primary_training,28,income_group=Low-income countries,0.013924259742099748
drop_per_capita,primary_training,28,income_group=Lower-middle-income countries,-0.00700465421981958
drop_per_capita,primary_training,28,income_group=Upper-middle-income countries,-0.013931602298224802
drop_per_capita,primary_training,29,intercept,0.2633001868621173
drop_per_capita,primary_training,29,cum_co2_total,0.019079375819999998
drop_per_capita,primary_training,29,abs_latitude,0.0009165558953558556
drop_per_capita,primary_training,29,elevation,-3.734484063914993e-09
drop_per_capita,primary_training,29,continentality,4.338833601946878e-05
drop_per_capita,primary_training,29,population,-0.01748641123371719
drop_per_capita,primary_training,29,station_density,-0.001400816328996628
drop_per_capita,primary_training,29,climate_zone=B,0.004080283850643611
drop_per_capita,primary_training,29,climate_zone=C,-0.027860203776444027
drop_per_capita,primary_training,29,climate_zone=D,-0.007499151213228637
drop_per_capita,primary_training,29,climate_zone=E,-0.091129866067862
drop_per_capita,primary_training,29,hemisphere=S,-0.02043373990176882
drop_per_capita,primary_training,29,spatial_block=Asia,-0.044375297116019424
drop_per_capita,primary_training,29,spatial_block=Europe,-0.05211694555865759
drop_per_capita,primary_training,29,spatial_block=North America,-0.08242814393107604
drop_per_capita,primary_training,29,spatial_block=Oceania,-0.05180073941204079
drop_per_capita,primary_training,29,spatial_block=South America,-0.058567448287939486
drop_per_capita,primary_training,29,income_group=Low-income countries,0.010044653362754216
drop_per_capita,primary_training,29,income_group=Lower-middle-income countries,-0.007428207226556554
drop_per_capita,primary_training,29,income_group=Upper-middle-income countries,-0.014470229153324103
drop_per_capita,primary_training,30,intercept,0.27408101988432415
drop_per_capita,primary_training,30,cum_co2_total,0.01862615448909028
drop_per_capita,primary_training,30,abs_latitude,0.0011594781220080643
drop_per_capita,primary_training,30,elevation,-1.0908675342304791e-06
drop_per_capita,primary_training,30,continentality,4.146470247325065e-05
drop_per_capita,primary_training,30,population,-0.018299267373639943
drop_per_capita,primary_training,30,station_density,-0.0015096417188079575
drop_per_capita,primary_training,30,climate_zone=B,0.007311239635464812
drop_per_capita,primary_training,30,climate_zone=C,-0.021570432836296238
drop_per_capita,primary_training,30,climate_zone=D,-0.007768632716246811
drop_per_capita,primary_training,30,climate_zone=E,-0.09612200889520595
drop_per_capita,primary_training,30,hemisphere=S,-0.012457646814513926
drop_per_capita,primary_training,30,spatial_block=Asia,-0.05683389309682944
drop_per_capita,primary_training,30,spatial_block=Europe,-0.06793389125046509
drop_per_capita,primary_training,30,spatial_block=North America,-0.09362985662825198
drop_per_capita,primary_training,30,spatial_block=Oceania,-0.07442397772899434
drop_per_capita,primary_training,30,spatial_block=South America,-0.07636620970508373
drop_per_capita,primary_training,30,income_group=Low-income countries,0.00728134203538696
drop_per_capita,primary_training,30,income_group=Lower-middle-income countries,-0.006777032892373894
drop_per_capita,primary_training,30,income_group=Upper-middle-income countries,-0.010784551208360351
drop_per_capita,primary_training,31,intercept,0.2575486896786905
drop_per_capita,primary_training,31,cum_co2_total,0.015879333625303412
drop_per_capita,primary_training,31,abs_latitude,0.001159470363052099
drop_per_capita,primary_training,31,elevation,1.4366921182145447e-06
drop_per_capita,primary_training,31,continentality,4.2892535901855595e-05
drop_per_capita,primary_training,31,population,-0.014384446870192167
drop_per_capita,primary_training,31,station_density,-0.00146802473272019
drop_per_capita,primary_training,31,climate_zone=B,0.006429115334581349
drop_per_capita,primary_training,31,climate_zone=C,-0.02635534370311027
drop_per_capita,primary_training,31,climate_zone=D,-0.011845097277781654
drop_per_capita,primary_training,31,climate_zone=E,-0.09888414277037694
drop_per_capita,primary_training,31,hemisphere=S,-0.02164165559684342
drop_per_capita,primary_training,31,spatial_block=Asia,-0.056491343151484096
drop_per_capita,primary_training,31,spatial_block=Europe,-0.06492993528704852
drop_per_capita,primary_training,31,spatial_block=North America,-0.09341372604474031
drop_per_capita,primary_training,31,spatial_block=Oceania,-0.061921254235794775
drop_per_capita,primary_training,31,spatial_block=South America,-0.07097555107221568
drop_per_capita,primary_training,31,income_group=Low-income countries,-0.0022395978180556496
drop_per_capita,primary_training,31,income_group=Lower-middle-income countries,-0.012498152199798222
drop_per_capita,primary_training,31,income_group=Upper-middle-income countries,-0.013047013301101003
drop_per_capita,primary_training,32,intercept,0.2591008158589691
drop_per_capita,primary_training,32,cum_co2_total,0.01745907805882066
drop_per_capita,primary_training,32,abs_latitude,0.001039696012913691
drop_per_capita,primary_training,32,elevation,-9.559689678439244e-07
drop_per_capita,primary_training,32,continentality,4.261800730112718e-05
drop_per_capita,primary_training,32,population,-0.015319738030330656
drop_per_capita,primary_training,32,station_density,-0.001602231931203843
drop_per_capita,primary_training,32,climate_zone=B,0.006218827692670732
drop_per_capita,primary_training,32,climate_zone=C,-0.02473378609522138
drop_per_capita,primary_training,32,climate_zone=D,-0.00836469072209669
drop_per_capita,primary_training,32,climate_zone=E,-0.09391812802709774
drop_per_capita,primary_training,32,hemisphere=S,-0.026832699185882814
drop_per_capita,primary_training,32,spatial_block=Asia,-0.05356972085188731
drop_per_capita,primary_training,32,spatial_block=Europe,-0.06141860929815246
drop_per_capita,primary_training,32,spatial_block=North America,-0.0911985410655207
drop_per_capita,primary_training,32,spatial_block=Oceania,-0.05627746503224353
drop_per_capita,primary_training,32,spatial_block=South America,-0.06295406731178231
drop_per_capita,primary_training,32,income_group=Low-income countries,0.005607433378492966
drop_per_capita,primary_training,32,income_group=Lower-middle-income countries,-0.008383643027833182
drop_per_capita,primary_training,32,income_group=Upper-middle-income countries,-0.01397795986220495
drop_per_capita,primary_training,33,intercept,0.2824311027128136
drop_per_capita,primary_training,33,cum_co2_total,0.017724916892282366
drop_per_capita,primary_training,33,abs_latitude,0.000880088436582897
drop_per_capita,primary_training,33,elevation,-1.986543081433589e-06
drop_per_capita,primary_training,33,continentality,4.8077387136069296e-05
drop_per_capita,primary_training,33,population,-0.017286595192820498
drop_per_capita,primary_training,33,station_density,-0.0016702054968652593
drop_per_capita,primary_training,33,climate_zone=B,0.001880732098984169
drop_per_capita,primary_training,33,climate_zone=C,-0.022711612900135267
drop_per_capita,primary_training,33,climate_zone=D,-0.00765657343125831
drop_per_capita,primary_training,33,climate_zone=E,-0.09229758943531048
drop_per_capita,primary_training,33,hemisphere=S,-0.0317469721782201
drop_per_capita,primary_training,33,spatial_block=Asia,-0.056854782810090224
drop_per_capita,primary_training,33,spatial_block=Europe,-0.06597208912464601
drop_per_capita,primary_training,33,spatial_block=North America,-0.09828181526972707
drop_per_capita,primary_training,33,spatial_block=Oceania,-0.05802769398402867
drop_per_capita,primary_training,33,spatial_block=South America,-0.06637033410046134
drop_per_capita,primary_training,33,income_group=Low-income countries,0.002642100264876739
drop_per_capita,primary_training,33,income_group=Lower-middle-income countries,-0.011834451144121782
drop_per_capita,primary_training,33,income_group=Upper-middle-income countries,-0.014289876534187684
drop_per_capita,primary_training,34,intercept,0.2552234453844434
drop_per_capita,primary_training,34,cum_co2_total,0.01724433878359459
drop_per_capita,primary_training,34,abs_latitude,0.0011222702155944944
drop_per_capita,primary_training,34,elevation,-2.960612111290285e-06
drop_per_capita,primary_training,34,continentality,3.941677246985378e-05
drop_per_capita,primary_training,34,population,-0.015577079670426685
drop_per_capita,primary_training,34,station_density,-0.001620757943345249
drop_per_capita,primary_training,34,climate_zone=B,0.008235115945442665
drop_per_capita,primary_training,34,climate_zone=C,-0.018851899316960102
drop_per_capita,primary_training,34,climate_zone=D,-0.0035891080656608064
drop_per_capita,primary_training,34,climate_zone=E,-0.09096565203472971
drop_per_capita,primary_training,34,hemisphere=S,-0.033044393640638346
drop_per_capita,primary_training,34,spatial_block=Asia,-0.0517293135616231
drop_per_capita,primary_training,34,spatial_block=Europe,-0.06339131850443541
drop_per_capita,primary_training,34,spatial_block=North America,-0.08904090363395653
drop_per_capita,primary_training,34,spatial_block=Oceania,-0.050891101227396984
drop_per_capita,primary_training,34,spatial_block=South America,-0.055341778266979676
drop_per_capita,primary_training,34,income_group=Low-income countries,0.010778583818929415
drop_per_capita,primary_training,34,income_group=Lower-middle-income countries,-0.005773425528029975
drop_per_capita,primary_training,34,income_group=Upper-middle-income countries,-0.012148728641424996
drop_per_capita,primary_training,35,intercept,0.24406073000985873
drop_per_capita,primary_training,35,cum_co2_total,0.019212703703307275
drop_per_capita,primary_training,35,abs_latitude,0.0010162893600420132
drop_per_capita,primary_training,35,elevation,1.4266698437434067e-06
drop_per_capita,primary_training,35,continentality,4.387220932270698e-05
drop_per_capita,primary_training,35,population,-0.015319302535421657
drop_per_capita,primary_training,35,station_density,-0.0017321528728509693
drop_per_capita,primary_training,35,climate_zone=B,0.0031010435094509067
drop_per_capita,primary_training,35,climate_zone=C,-0.023953141483785686
drop_per_capita,primary_training,35,climate_zone=D,-0.009381876677334052
drop_per_capita,primary_training,35,climate_zone=E,-0.09123845024289068
drop_per_capita,primary_training,35,hemisphere=S,-0.019009586466405614
drop_per_capita,primary_training,35,spatial_block=Asia,-0.043774469041575184
drop_per_capita,primary_training,35,spatial_block=Europe,-0.05176983096874582
drop_per_capita,primary_training,35,spatial_block=North America,-0.08084635524496192
drop_per_capita,primary_training,35,spatial_block=Oceania,-0.05381910034063046
drop_per_capita,primary_training,35,spatial_block=South America,-0.060481002104776256
drop_per_capita,primary_training,35,income_group=Low-income countries,0.006276846797673271
drop_per_capita,primary_training,35,income_group=Lower-middle-income countries,-0.009406481438704725
drop_per_capita,primary_training,35,income_group=Upper-middle-income countries,-0.013278803042582383
drop_per_capita,primary_training,36,intercept,0.23980113018639637
drop_per_capita,primary_training,36,cum_co2_total,0.017301456496003977
drop_per_capita,primary_training,36,abs_latitude,0.001003867238400697
drop_per_capita,primary_training,36,elevation,3.704836453440651e-07
drop_per_capita,primary_training,36,continentality,4.3419598662222076e-05
drop_per_capita,primary_training,36,population,-0.013686154629959417
drop_per_capita,primary_training,36,station_density,-0.001699598122624693
drop_per_capita,primary_training,36,climate_zone=B,0.007294240041824658
drop_per_capita,primary_training,36,climate_zone=C,-0.022138122729572215
drop_per_capita,primary_training,36,climate_zone=D,-0.006581803239740566
drop_per_capita,primary_training,36,climate_zone=E,-0.08917758249911373
drop_per_capita,primary_training,36,hemisphere=S,-0.02076207929915435
drop_per_capita,primary_training,36,spatial_block=Asia,-0.04633890984325228
drop_per_capita,primary_training,36,spatial_block=Europe,-0.05348702548948976
drop_per_capita,primary_training,36,spatial_block=North America,-0.08267441992652853
drop_per_capita,primary_training,36,spatial_block=Oceania,-0.05421104905874236
drop_per_capita,primary_training,36,spatial_block=South America,-0.06088365035368072
drop_per_capita,primary_training,36,income_group=Low-income countries,0.0027628791528730057
drop_per_capita,primary_training,36,income_group=Lower-middle-income countries,-0.0092810471987822
drop_per_capita,primary_training,36,income_group=Upper-middle-income countries,-0.013692854190433461
drop_per_capita,primary_training,37,intercept,0.2540187819431264
drop_per_capita,primary_training,37,cum_co2_total,0.015314602518015452
drop_per_capita,primary_training,37,abs_latitude,0.0011928834746369372
drop_per_capita,primary_training,37,elevation,-2.3839913707309625e-06
drop_per_capita,primary_training,37,continentality,4.364905552088914e-05
drop_per_capita,primary_training,37,population,-0.01426647817340502
drop_per_capita,primary_training,37,station_density,-0.0014860144737513042
drop_per_capita,primary_training,37,climate_zone=B,0.004327271137698323
drop_per_capita,primary_training,37,climate_zone=C,-0.022085639094826512
drop_per_capita,primary_training,37,climate_zone=D,-0.007182814049020441
drop_per_capita,primary_training,37,climate_zone=E,-0.09603962753261457
drop_per_capita,primary_training,37,hemisphere=S,-0.030250422693128554
drop_per_capita,primary_training,37,spatial_block=Asia,-0.05371452806799836
drop_per_capita,primary_training,37,spatial_block=Europe,-0.06527643073168406
drop_per_capita,primary_training,37,spatial_block=North America,-0.09101536246263543
drop_per_capita,primary_training,37,spatial_block=Oceania,-0.05386246328718043
drop_per_capita,primary_training,37,spatial_block=South America,-0.05903466167237402
drop_per_capita,primary_training,37,income_group=Low-income countries,0.003626226653604089
drop_per_capita,primary_training,37,income_group=Lower-middle-income countries,-0.010285648864030317
drop_per_capita,primary_training,37,income_group=Upper-middle-income countries,-0.013884884374459335
drop_per_capita,primary_training,38,intercept,0.2718723646129825
drop_per_capita,primary_training,38,cum_co2_total,0.01748636861778071
drop_per_capita,primary_training,38,abs_latitude,0.0012244161865281936
drop_per_capita,primary_training,38,elevation,7.487735324763909e-07
drop_per_capita,primary_training,38,continentality,3.879155418199057e-05
drop_per_capita,primary_training,38,population,-0.017378780156609847
drop_per_capita,primary_training,38,station_density,-0.001454534975960638
drop_per_capita,primary_training,38,climate_zone=B,0.008365954612941345
drop_per_capita,primary_training,38,climate_zone=C,-0.02434699707940337
drop_per_capita,primary_training,38,climate_zone=D,-0.010366712729595714
drop_per_capita,primary_training,38,climate_zone=E,-0.10029236019035072
drop_per_capita,primary_training,38,hemisphere=S,-0.011948981551393392
drop_per_capita,primary_training,38,spatial_block=Asia,-0.05847660083853362
drop_per_capita,primary_training,38,spatial_block=Europe,-0.06853370272482569
drop_per_capita,primary_training,38,spatial_block=North America,-0.09466102790807274
drop_per_capita,primary_training,38,spatial_block=Oceania,-0.07488812354935627
drop_per_capita,primary_training,38,spatial_block=South America,-0.07833666246878936
drop_per_capita,primary_training,38,income_group=Low-income countries,0.002235000261505046
drop_per_capita,primary_training,38,income_group=Lower-middle-income countries,-0.007395906159351282
drop_per_capita,primary_training,38,income_group=Upper-middle-income countries,-0.011289501309876838
drop_per_capita,primary_training,39,intercept,0.24028668764622554
drop_per_capita,primary_training,39,cum_co2_total,0.014736026430767435
drop_per_capita,primary_training,39,abs_latitude,0.0012133126155698963
drop_per_capita,primary_training,39,elevation,-3.7248398035561466e-06
drop_per_capita,primary_training,39,continentality,4.6497725226911055e-05
drop_per_capita,primary_training,39,population,-0.010991127482930163
drop_per_capita,primary_training,39,station_density,-0.001450457722153258
drop_per_capita,primary_training,39,climate_zone=B,0.011214137511499253
drop_per_capita,primary_training,39,climate_zone=C,-0.022387492461391136
drop_per_capita,primary_training,39,climate_zone=D,-0.005519154024722529
drop_per_capita,primary_training,39,climate_zone=E,-0.09123235323793587
drop_per_capita,primary_training,39,hemisphere=S,-0.03523378562682113
drop_per_capita,primary_training,39,spatial_block=Asia,-0.06548428868989598
drop_per_capita,primary_training,39,spatial_block=Europe,-0.07450239312626204
drop_per_capita,primary_training,39,spatial_block=North America,-0.09933252465611318
drop_per_capita,primary_training,39,spatial_block=Oceania,-0.05658010197943846
drop_per_capita,primary_training,39,spatial_block=South America,-0.06482187373645541
drop_per_capita,primary_training,39,income_group=Low-income countries,0.002049341154526869
drop_per_capita,primary_training,39,income_group=Lower-middle-income countries,-0.011005312663850655
drop_per_capita,primary_training,39,income_group=Upper-middle-income countries,-0.01367075248001356
drop_per_capita,primary_training,40,intercept,0.26706549288019804
drop_per_capita,primary_training,40,cum_co2_total,0.01730458029661767
drop_per_capita,primary_training,40,abs_latitude,0.0011749971754501714
drop_per_capita,primary_training,40,elevation,-3.403535384448668e-07
drop_per_capita,primary_training,40,continentality,4.030824163688509e-05
drop_per_capita,primary_training,40,population,-0.01654279710611838
drop_per_capita,primary_training,40,station_density,-0.0015100874807285863
drop_per_capita,primary_training,40,climate_zone=B,0.007398694490843881
drop_per_capita,primary_training,40,climate_zone=C,-0.023210112708498907
drop_per_capita,primary_training,40,climate_zone=D,-0.008927335217157054
drop_per_capita,primary_training,40,climate_zone=E,-0.09735241426209947
drop_per_capita,primary_training,40,hemisphere=S,-0.014807145537896164
drop_per_capita,primary_training,40,spatial_block=Asia,-0.05724142462408534
drop_per_capita,primary_training,40,spatial_block=Europe,-0.06760679647326817
drop_per_capita,primary_training,40,spatial_block=North America,-0.09422165680444067
drop_per_capita,primary_training,40,spatial_block=Oceania,-0.07177377118619799
drop_per_capita,primary_training,40,spatial_block=South America,-0.0754605993841651
drop_per_capita,primary_training,40,income_group=Low-income countries,0.0026773717695598447
drop_per_capita,primary_training,40,income_group=Lower-middle-income countries,-0.008358600222420196
drop_per_capita,primary_training,40,income_group=Upper-middle-income countries,-0.01151456646281231
drop_per_capita,primary_training,41,intercept,0.2548431824451404
drop_per_capita,primary_training,41,cum_co2_total,0.01728799665661685
drop_per_capita,primary_training,41,abs_latitude,0.0011297143901216236
drop_per_capita,primary_training,41,elevation,-3.1295615142140474e-06
drop_per_capita,primary_training,41,continentality,3.892623651572599e-05
drop_per_capita,primary_training,41,population,-0.015565192054968209
drop_per_capita,primary_training,41,station_density,-0.0016211702034420082
drop_per_capita,primary_training,41,climate_zone=B,0.008422167090042967
drop_per_capita,primary_training,41,climate_zone=C,-0.018849775603765658
drop_per_capita,primary_training,41,climate_zone=D,-0.003482179248483714
drop_per_capita,primary_training,41,climate_zone=E,-0.090974556993949
drop_per_capita,primary_training,41,hemisphere=S,-0.033421838954132914
drop_per_capita,primary_training,41,spatial_block=Asia,-0.05176509818086175
drop_per_capita,primary_training,41,spatial_block=Europe,-0.06357614396358284
drop_per_capita,primary_training,41,spatial_block=North America,-0.08907335692678733
drop_per_capita,primary_training,41,spatial_block=Oceania,-0.050631495291211526
drop_per_capita,primary_training,41,spatial_block=South America,-0.054957371727648495
drop_per_capita,primary_training,41,income_group=Low-income countries,0.01105183014594632
drop_per_capita,primary_training,41,income_group=Lower-middle-income countries,-0.00556944172693499
drop_per_capita,primary_training,41,income_group=Upper-middle-income countries,-0.012006638056102038
drop_per_capita,primary_training,42,intercept,0.25056310244642926
drop_per_capita,primary_training,42,cum_co2_total,0.016897275166719718
drop_per_capita,primary_training,42,abs_latitude,0.0010523391357630384
drop_per_capita,primary_training,42,elevation,-4.6744327099924796e-07
drop_per_capita,primary_training,42,continentality,4.016889282919222e-05
drop_per_capita,primary_training,42,population,-0.014603219289617133
drop_per_capita,primary_training,42,station_density,-0.0017229138748171167
drop_per_capita,primary_training,42,climate_zone=B,0.006445982075691933
drop_per_capita,primary_training,42,climate_zone=C,-0.022005856884708727
drop_per_capita,primary_training,42,climate_zone=D,-0.006518161332245165
drop_per_capita,primary_training,42,climate_zone=E,-0.09225296260730424
drop_per_capita,primary_training,42,hemisphere=S,-0.02378793628810386
drop_per_capita,primary_training,42,spatial_block=Asia,-0.049153370783523956
drop_per_capita,primary_training,42,spatial_block=Europe,-0.05801022929772339
drop_per_capita,primary_training,42,spatial_block=North America,-0.08663603963650383
drop_per_capita,primary_training,42,spatial_block=Oceania,-0.05595137365847921
drop_per_capita,primary_training,42,spatial_block=South America,-0.06108504573365971
drop_per_capita,primary_training,42,income_group=Low-income countries,0.00756052337540813
drop_per_capita,primary_training,42,income_group=Lower-middle-income countries,-0.008393097563440323
drop_per_capita,primary_training,42,income_group=Upper-middle-income countries,-0.013589010132519981
drop_per_capita,primary_training,43,intercept,0.25940249119097636
drop_per_capita,primary_training,43,cum_co2_total,0.01725775763769684
drop_per_capita,primary_training,43,abs_latitude,0.0010813126711143718
drop_per_capita,primary_training,43,elevation,-1.0813787877363632e-06
drop_per_capita,primary_training,43,continentality,4.126560646570726e-05
drop_per_capita,primary_training,43,population,-0.015566322395293857
drop_per_capita,primary_training,43,station_density,-0.0014742536462269715
drop_per_capita,primary_training,43,climate_zone=B,0.006737311165193111
drop_per_capita,primary_training,43,climate_zone=C,-0.025609776514123547
drop_per_capita,primary_training,43,climate_zone=D,-0.006498423001339327
drop_per_capita,primary_training,43,climate_zone=E,-0.09262876107427
drop_per_capita,primary_training,43,hemisphere=S,-0.025697468982285532
drop_per_capita,primary_training,43,spatial_block=Asia,-0.053422711607991974
drop_per_capita,primary_training,43,spatial_block=Europe,-0.06380130017570378
drop_per_capita,primary_training,43,spatial_block=North America,-0.09065897438958086
drop_per_capita,primary_training,43,spatial_block=Oceania,-0.05623170361967779
drop_per_capita,primary_training,43,spatial_block=South America,-0.06268624585115982
drop_per_capita,primary_training,43,income_group=Low-income countries,0.006049024957721706
drop_per_capita,primary_training,43,income_group=Lower-middle-income countries,-0.007439363122270844
drop_per_capita,primary_training,43,income_group=Upper-middle-income countries,-0.013248069616346895
drop_per_capita,primary_training,44,intercept,0.2618889349740282
drop_per_capita,primary_training,44,cum_co2_total,0.017177670113921687
drop_per_capita,primary_training,44,abs_latitude,0.0010680786712419716
drop_per_capita,primary_training,44,elevation,-3.4743203540605284e-06
drop_per_capita,primary_training,44,continentality,4.2813369901463414e-05
drop_per_capita,primary_training,44,population,-0.016325191958397003
drop_per_capita,primary_training,44,station_density,-0.0015777520800027962
drop_per_capita,primary_training,44,climate_zone=B,0.007809809994883955
drop_per_capita,primary_training,44,climate_zone=C,-0.01808385596393918
drop_per_capita,primary_training,44,climate_zone=D,-0.003025093070978035
drop_per_capita,primary_training,44,climate_zone=E,-0.0902545380790996
drop_per_capita,primary_training,44,hemisphere=S,-0.03375565653954304
drop_per_capita,primary_training,44,spatial_block=Asia,-0.051770532593510526
drop_per_capita,primary_training,44,spatial_block=Europe,-0.06316367194962787
drop_per_capita,primary_training,44,spatial_block=North America,-0.08948736197849139
drop_per_capita,primary_training,44,spatial_block=Oceania,-0.050432081150472485
drop_per_capita,primary_training,44,spatial_block=South America,-0.05528409072307077
drop_per_capita,primary_training,44,income_group=Low-income countries,0.011443868432316892
drop_per_capita,primary_training,44,income_group=Lower-middle-income countries,-0.006512950764812048
drop_per_capita,primary_training,44,income_group=Upper-middle-income countries,-0.012597567594006865
drop_per_capita,primary_training,45,intercept,0.2577995283797393
drop_per_capita,primary_training,45,cum_co2_total,0.01598522562733045
drop_per_capita,primary_training,45,abs_latitude,0.0012098405563964834
drop_per_capita,primary_training,45,elevation,4.5173631262529424e-07
drop_per_capita,primary_training,45,continentality,4.1429303690253635e-05
drop_per_capita,primary_training,45,population,-0.014881754520726114
drop_per_capita,primary_training,45,station_density,-0.001483249342144101
drop_per_capita,primary_training,45,climate_zone=B,0.006526314329965891
drop_per_capita,primary_training,45,climate_zone=C,-0.026856690181377825
drop_per_capita,primary_training,45,climate_zone=D,-0.012004751091997341
drop_per_capita,primary_training,45,climate_zone=E,-0.10082878086742375
drop_per_capita,primary_training,45,hemisphere=S,-0.025560410627406806
drop_per_capita,primary_training,45,spatial_block=Asia,-0.05447982788436684
drop_per_capita,primary_training,45,spatial_block=Europe,-0.06371161010249779
drop_per_capita,primary_training,45,spatial_block=North America,-0.09145980943001482
drop_per_capita,primary_training,45,spatial_block=Oceania,-0.05669012747043806
drop_per_capita,primary_training,45,spatial_block=South America,-0.06491150169512482
drop_per_capita,primary_training,45,income_group=Low-income countries,0.002370687990044041
drop_per_capita,primary_training,45,income_group=Lower-middle-income countries,-0.011094283382193714
drop_per_capita,primary_training,45,income_group=Upper-middle-income countries,-0.01302935044571286
drop_per_capita,primary_training,46,intercept,0.26428147475528263
drop_per_capita,primary_training,46,cum_co2_total,0.01654090224866937
drop_per_capita,primary_training,46,abs_latitude,0.0012283376111925212
drop_per_capita,primary_training,46,elevation,4.1088119320809897e-07
drop_per_capita,primary_training,46,continentality,4.124710696812492e-05
drop_per_capita,primary_training,46,population,-0.01586268560750757
drop_per_capita,primary_training,46,station_density,-0.0013890195841409958
drop_per_capita,primary_training,46,climate_zone=B,0.007689847443738168
drop_per_capita,primary_training,46,climate_zone=C,-0.02716146580532275
drop_per_capita,primary_training,46,climate_zone=D,-0.012233832013971987
drop_per_capita,primary_training,46,climate_zone=E,-0.10152915530127014
drop_per_capita,primary_training,46,hemisphere=S,-0.014196559811463647
drop_per_capita,primary_training,46,spatial_block=Asia,-0.05747238033140992
drop_per_capita,primary_training,46,spatial_block=Europe,-0.06644957664431064
drop_per_capita,primary_training,46,spatial_block=North America,-0.09378456618726164
drop_per_capita,primary_training,46,spatial_block=Oceania,-0.07010249072944277
drop_per_capita,primary_training,46,spatial_block=South America,-0.07565170433240191
drop_per_capita,primary_training,46,income_group=Low-income countries,0.0010390485289138076
drop_per_capita,primary_training,46,income_group=Lower-middle-income countries,-0.010149763294184475
drop_per_capita,primary_training,46,income_group=Upper-middle-income countries,-0.012101130128410348
drop_per_capita,primary_training,47,intercept,0.24168843167565085
drop_per_capita,primary_training,47,cum_co2_total,0.012522903041487447
drop_per_capita,primary_training,47,abs_latitude,0.0008124312323547767
drop_per_capita,primary_training,47,elevation,-2.615169352630701e-06
drop_per_capita,primary_training,47,continentality,2.941052228243577e-05
drop_per_capita,primary_training,47,population,-0.009504559772653624
drop_per_capita,primary_training,47,station_density,-0.0013040913150926363
drop_per_capita,primary_training,47,climate_zone=B,0.001620395090563333
drop_per_capita,primary_training,47,climate_zone=C,-0.018974000099732796
drop_per_capita,primary_training,47,climate_zone=D,0.0037029427634415048
drop_per_capita,primary_training,47,climate_zone=E,-0.0813547541205702
drop_per_capita,primary_training,47,hemisphere=S,-0.024329368486615797
drop_per_capita,primary_training,47,spatial_block=Asia,-0.05876069025779953
drop_per_capita,primary_training,47,spatial_block=Europe,-0.06198853314542044
drop_per_capita,primary_training,47,spatial_block=North America,-0.09307459596572985
drop_per_capita,primary_training,47,spatial_block=Oceania,-0.06224765812187959
drop_per_capita,primary_training,47,spatial_block=South America,-0.06215056143457725
drop_per_capita,primary_training,47,income_group=Low-income countries,-0.0016336819925999863
drop_per_capita,primary_training,47,income_group=Lower-middle-income countries,-0.013494760838038947
drop_per_capita,primary_training,47,income_group=Upper-middle-income countries,-0.02054883782765529
drop_per_capita,primary_training,48,intercept,0.2721149046780667
drop_per_capita,primary_training,48,cum_co2_total,0.020227396749186683
drop_per_capita,primary_training,48,abs_latitude,0.0009821245505111005
drop_per_capita,primary_training,48,elevation,-3.226702215566455e-06
drop_per_capita,primary_training,48,continentality,4.0745352900142835e-05
drop_per_capita,primary_training,48,population,-0.019352627881710154
drop_per_capita,primary_training,48,station_density,-0.0015217951838914347
drop_per_capita,primary_training,48,climate_zone=B,0.006525486989992724
drop_per_capita,primary_training,48,climate_zone=C,-0.020520196658613758
drop_per_capita,primary_training,48,climate_zone=D,-0.006381192954633848
drop_per_capita,primary_training,48,climate_zone=E,-0.09119848020897713
drop_per_capita,primary_training,48,hemisphere=S,-0.024049498922885305
drop_per_capita,primary_training,48,spatial_block=Asia,-0.04936276160340577
drop_per_capita,primary_training,48,spatial_block=Europe,-0.05651706559371599
drop_per_capita,primary_training,48,spatial_block=North America,-0.08566725431292545
drop_per_capita,primary_training,48,spatial_block=Oceania,-0.056927821806732885
drop_per_capita,primary_training,48,spatial_block=South America,-0.057283411870028375
drop_per_capita,primary_training,48,income_group=Low-income countries,0.02007995502086809
drop_per_capita,primary_training,48,income_group=Lower-middle-income countries,-0.00041943921535024064
drop_per_capita,primary_training,48,income_group=Upper-middle-income countries,-0.013526088740961366
drop_per_capita,primary_training,49,intercept,0.24862702290559185
drop_per_capita,primary_training,49,cum_co2_total,0.014965002056135471
drop_per_capita,primary_training,49,abs_latitude,0.000871248781801547
drop_per_capita,primary_training,49,elevation,-2.1020144928541328e-06
drop_per_capita,primary_training,49,continentality,3.189514800442751e-05
drop_per_capita,primary_training,49,population,-0.013028112279385905
drop_per_capita,primary_training,49,station_density,-0.001350598588873658
drop_per_capita,primary_training,49,climate_zone=B,0.005670048725354036
drop_per_capita,primary_training,49,climate_zone=C,-0.01728527609102555
drop_per_capita,primary_training,49,climate_zone=D,0.0010777035138211624
drop_per_capita,primary_training,49,climate_zone=E,-0.08326909250010522
drop_per_capita,primary_training,49,hemisphere=S,-0.024272303671844773
drop_per_capita,primary_training,49,spatial_block=Asia,-0.05280730138201276
drop_per_capita,primary_training,49,spatial_block=Europe,-0.05689809406845694
drop_per_capita,primary_training,49,spatial_block=North America,-0.08653360926187925
drop_per_capita,primary_training,49,spatial_block=Oceania,-0.05734751423922362
drop_per_capita,primary_training,49,spatial_block=South America,-0.057199827323444016
drop_per_capita,primary_training,49,income_group=Low-income countries,0.012886703127041994
drop_per_capita,primary_training,49,income_group=Lower-middle-income countries,-0.006739243491370572
drop_per_capita,primary_training,49,income_group=Upper-middle-income countries,-0.01784921510486278
drop_per_capita,primary_training,50,intercept,0.2051975789324026
drop_per_capita,primary_training,50,cum_co2_total,0.010200768474928975
drop_per_capita,primary_training,50,abs_latitude,0.0012652751708701947
drop_per_capita,primary_training,50,elevation,-8.792873109594419e-07
drop_per_capita,primary_training,50,continentality,3.9570019944294116e-05
drop_per_capita,primary_training,50,population,-0.00519654457158467
drop_per_capita,primary_training,50,station_density,-0.001621912866669064
drop_per_capita,primary_training,50,climate_zone=B,0.0017390056330176798
drop_per_capita,primary_training,50,climate_zone=C,-0.02806172669174904
drop_per_capita,primary_training,50,climate_zone=D,-0.012091189819321658
drop_per_capita,primary_training,50,climate_zone=E,-0.09823368961987768
drop_per_capita,primary_training,50,hemisphere=S,-0.027107500627231582
drop_per_capita,primary_training,50,spatial_block=Asia,-0.04715770838766783
drop_per_capita,primary_training,50,spatial_block=Europe,-0.05802494357205843
drop_per_capita,primary_training,50,spatial_block=North America,-0.08941480887032598
drop_per_capita,primary_training,50,spatial_block=Oceania,-0.053299523064521875
drop_per_capita,primary_training,50,spatial_block=South America,-0.05883852115243702
drop_per_capita,primary_training,50,income_group=Low-income countries,-0.0022154549087734024
drop_per_capita,primary_training,50,income_group=Lower-middle-income countries,-0.008795230645362738
drop_per_capita,primary_training,50,income_group=Upper-middle-income countries,-0.01611055040917523
drop_per_capita,primary_training,51,intercept,0.202031110049
drop_per_capita,primary_training,51,cum_co2_total,0.010674242656142897
drop_per_capita,primary_training,51,abs_latitude,0.0013571079151785044
drop_per_capita,primary_training,51,elevation,3.9625519268250813e-07
drop_per_capita,primary_training,51,continentality,3.6341709004284024e-05
drop_per_capita,primary_training,51,population,-0.004503479882248396
drop_per_capita,primary_training,51,station_density,-0.0021872158536179356
drop_per_capita,primary_training,51,climate_zone=B,-0.005674109683264023
drop_per_capita,primary_training,51,climate_zone=C,-0.0351593297838471
drop_per_capita,primary_training,51,climate_zone=D,-0.021513417100942272
drop_per_capita,primary_training,51,climate_zone=E,-0.10859512206214116
drop_per_capita,primary_training,51,hemisphere=S,-0.02968501593551638
drop_per_capita,primary_training,51,spatial_block=Asia,-0.04186798646459624
drop_per_capita,primary_training,51,spatial_block=Europe,-0.05525588456329889
drop_per_capita,primary_training,51,spatial_block=North America,-0.09089853382078457
drop_per_capita,primary_training,51,spatial_block=Oceania,-0.052038392452253286
drop_per_capita,primary_training,51,spatial_block=South America,-0.05691008027161816
drop_per_capita,primary_training,51,income_group=Low-income countries,-0.002608645056585482
drop_per_capita,primary_training,51,income_group=Lower-middle-income countries,-0.005938488905864346
drop_per_capita,primary_training,51,income_group=Upper-middle-income countries,-0.01640311837616977
drop_per_capita,primary_training,52,intercept,0.23276563875929646
drop_per_capita,primary_training,52,cum_co2_total,0.012976844252359223
drop_per_capita,primary_training,52,abs_latitude,0.0011241066319337023
drop_per_capita,primary_training,52,elevation,-1.806115754259017e-07
drop_per_capita,primary_training,52,continentality,3.793783605212533e-05
drop_per_capita,primary_training,52,population,-0.009586168989221667
drop_per_capita,primary_training,52,station_density,-0.002062863370975504
drop_per_capita,primary_training,52,climate_zone=B,-0.0004835410380209018
drop_per_capita,primary_training,52,climate_zone=C,-0.02905203635996508
drop_per_capita,primary_training,52,climate_zone=D,-0.014561200401310268
drop_per_capita,primary_training,52,climate_zone=E,-0.1012545711702443
drop_per_capita,primary_training,52,hemisphere=S,-0.026259123490914478
drop_per_capita,primary_training,52,spatial_block=Asia,-0.0440005896163252
drop_per_capita,primary_training,52,spatial_block=Europe,-0.05507521115533138
drop_per_capita,primary_training,52,spatial_block=North America,-0.09012800193993593
drop_per_capita,primary_training,52,spatial_block=Oceania,-0.05510801827188152
drop_per_capita,primary_training,52,spatial_block=South America,-0.06055898380145645
drop_per_capita,primary_training,52,income_group=Low-income countries,-0.0007745431384385148
drop_per_capita,primary_training,52,income_group=Lower-middle-income countries,-0.008736684588457683
drop_per_capita,primary_training,52,income_group=Upper-middle-income countries,-0.015256804763519266
drop_per_capita,primary_training,53,intercept,0.1512337775720485
drop_per_capita,primary_training,53,cum_co2_total,0.0007766248690656481
drop_per_capita,primary_training,53,abs_latitude,0.0010953747937186922
drop_per_capita,primary_training,53,elevation,-4.07487426818243e-06
drop_per_capita,primary_training,53,continentality,2.102565925269078e-05
drop_per_capita,primary_training,53,population,0.008561150158903777
drop_per_capita,primary_training,53,station_density,-0.0019189043033310267
drop_per_capita,primary_training,53,climate_zone=B,-0.002645038298835511
drop_per_capita,primary_training,53,climate_zone=C,-0.024523530968081447
drop_per_capita,primary_training,53,climate_zone=D,-0.00048302835408168616
drop_per_capita,primary_training,53,climate_zone=E,-0.08465755084935501
drop_per_capita,primary_training,53,hemisphere=S,-0.02534018354405294
drop_per_capita,primary_training,53,spatial_block=Asia,-0.03854475607665573
drop_per_capita,primary_training,53,spatial_block=Europe,-0.06033414987584113
drop_per_capita,primary_training,53,spatial_block=North America,-0.09469024693556762
drop_per_capita,primary_training,53,spatial_block=Oceania,-0.06129013183562466
drop_per_capita,primary_training,53,spatial_block=South America,-0.060034034862489594
drop_per_capita,primary_training,53,income_group=Low-income countries,-0.018425822004092905
drop_per_capita,primary_training,53,income_group=Lower-middle-income countries,-0.01906662898256213
drop_per_capita,primary_training,53,income_group=Upper-middle-income countries,-0.022977671318347867
drop_per_capita,primary_training,54,intercept,0.2615999257863903
drop_per_capita,primary_training,54,cum_co2_total,0.019446984083216518
drop_per_capita,primary_training,54,abs_latitude,0.000873806934145701
drop_per_capita,primary_training,54,elevation,-2.812101068442704e-06
drop_per_capita,primary_training,54,continentality,3.776083690092767e-05
drop_per_capita,primary_training,54,population,-0.017324581464954532
drop_per_capita,primary_training,54,station_density,-0.0014697191015011653
drop_per_capita,primary_training,54,climate_zone=B,0.0062832848165008575
drop_per_capita,primary_training,54,climate_zone=C,-0.018658319004024232
drop_per_capita,primary_training,54,climate_zone=D,-0.0017175665668163103
drop_per_capita,primary_training,54,climate_zone=E,-0.08505576882670662
drop_per_capita,primary_training,54,hemisphere=S,-0.024139287030323135
drop_per_capita,primary_training,54,spatial_block=Asia,-0.05118335951347842
drop_per_capita,primary_training,54,spatial_block=Europe,-0.05444258485525226
drop_per_capita,primary_training,54,spatial_block=North America,-0.08470575541172157
drop_per_capita,primary_training,54,spatial_block=Oceania,-0.056303702857520364
drop_per_capita,primary_training,54,spatial_block=South America,-0.0558820881262225
drop_per_capita,primary_training,54,income_group=Low-income countries,0.02014953309543414
drop_per_capita,primary_training,54,income_group=Lower-middle-income countries,-9.270614607929738e-05
drop_per_capita,primary_training,54,income_group=Upper-middle-income countries,-0.015471994146664982
drop_per_capita,primary_training,55,intercept,0.20726694814616334
drop_per_capita,primary_training,55,cum_co2_total,0.010910238544973751
drop_per_capita,primary_training,55,abs_latitude,0.00125258576820537
drop_per_capita,primary_training,55,elevation,-1.5381304164096814e-06
drop_per_capita,primary_training,55,continentality,3.9800197918115184e-05
drop_per_capita,primary_training,55,population,-0.0053932119116116275
drop_per_capita,primary_training,55,station_density,-0.0018630340587648749
drop_per_capita,primary_training,55,climate_zone=B,0.0008784412056667798
drop_per_capita,primary_training,55,climate_zone=C,-0.027905897641821196
drop_per_capita,primary_training,55,climate_zone=D,-0.012987642622506339
drop_per_capita,primary_training,55,climate_zone=E,-0.0985192483014105
drop_per_capita,primary_training,55,hemisphere=S,-0.029857508617936977
drop_per_capita,primary_training,55,spatial_block=Asia,-0.04838825737427846
drop_per_capita,primary_training,55,spatial_block=Europe,-0.05931064474484332
drop_per_capita,primary_training,55,spatial_block=North America,-0.09144356025570455
drop_per_capita,primary_training,55,spatial_block=Oceania,-0.05353653311322956
drop_per_capita,primary_training,55,spatial_block=South America,-0.05848031941087383
drop_per_capita,primary_training,55,income_group=Low-income countries,-0.0037089275769353835
drop_per_capita,primary_training,55,income_group=Lower-middle-income countries,-0.007954052548700463
drop_per_capita,primary_training,55,income_group=Upper-middle-income countries,-0.01613063207181211
drop_per_capita,primary_training,56,intercept,0.23267245502758777
drop_per_capita,primary_training,56,cum_co2_total,0.015292703257490402
drop_per_capita,primary_training,56,abs_latitude,0.0013011934467046784
drop_per_capita,primary_training,56,elevation,8.709538376229774e-07
drop_per_capita,primary_training,56,continentality,3.9995059910962116e-05
drop_per_capita,primary_training,56,population,-0.01061416495893434
drop_per_capita,primary_training,56,station_density,-0.002241636050521918
drop_per_capita,primary_training,56,climate_zone=B,-0.00028410305676714357
drop_per_capita,primary_training,56,climate_zone=C,-0.02674734205954517
drop_per_capita,primary_training,56,climate_zone=D,-0.014271432458782022
drop_per_capita,primary_training,56,climate_zone=E,-0.10174399790940973
drop_per_capita,primary_training,56,hemisphere=S,-0.031239962638206904
drop_per_capita,primary_training,56,spatial_block=Asia,-0.05249336401197605
drop_per_capita,primary_training,56,spatial_block=Europe,-0.06561736562320496
drop_per_capita,primary_training,56,spatial_block=North America,-0.09273273319750988
drop_per_capita,primary_training,56,spatial_block=Oceania,-0.10354910344829389
drop_per_capita,primary_training,56,spatial_block=South America,-0.06049430590226966
drop_per_capita,primary_training,56,income_group=Low-income countries,0.0011676359133446909
drop_per_capita,primary_training,56,income_group=Lower-middle-income countries,-0.009502367446458111
drop_per_capita,primary_training,56,income_group=Upper-middle-income countries,-0.016558709017154893
drop_per_capita,primary_training,57,intercept,0.2162148738333771
drop_per_capita,primary_training,57,cum_co2_total,0.010935509573991817
drop_per_capita,primary_training,57,abs_latitude,0.0010484387337591269
drop_per_capita,primary_training,57,elevation,-3.6061553348410167e-06
drop_per_capita,primary_training,57,continentality,3.0155414059804146e-05
drop_per_capita,primary_training,57,population,-0.007765683964976955
drop_per_capita,primary_training,57,station_density,-0.0009335962663784048
drop_per_capita,primary_training,57,climate_zone=B,-0.0033533858844513103
drop_per_capita,primary_training,57,climate_zone=C,-0.016100260434383066
drop_per_capita,primary_training,57,climate_zone=D,0.004612164382330179
drop_per_capita,primary_training,57,climate_zone=E,-0.07961324553680622
drop_per_capita,primary_training,57,hemisphere=S,-0.02490076297280038
drop_per_capita,primary_training,57,spatial_block=Asia,-0.06444523918022106
drop_per_capita,primary_training,57,spatial_block=Europe,-0.05972091704363622
drop_per_capita,primary_training,57,spatial_block=North America,-0.08836494777852473
drop_per_capita,primary_training,57,spatial_block=Oceania,-0.056382677536940026
drop_per_capita,primary_training,57,spatial_block=South America,-0.056233061164186214
drop_per_capita,primary_training,57,income_group=Low-income countries,0.015180975177832902
drop_per_capita,primary_training,57,income_group=Lower-middle-income countries,-3.751158281914054e-06
drop_per_capita,primary_training,57,income_group=Upper-middle-income countries,-0.011558354201088531
drop_per_capita,primary_training,58,intercept,0.2672631304640866
drop_per_capita,primary_training,58,cum_co2_total,0.020294080957963454
drop_per_capita,primary_training,58,abs_latitude,0.0011272266604179584
drop_per_capita,primary_training,58,elevation,-3.498924693160657e-06
drop_per_capita,primary_training,58,continentality,3.620073340215079e-05
drop_per_capita,primary_training,58,population,-0.018884751820618113
drop_per_capita,primary_training,58,station_density,-0.0013780753252358839
drop_per_capita,primary_training,58,climate_zone=B,0.009646076769195721
drop_per_capita,primary_training,58,climate_zone=C,-0.01980292053856989
drop_per_capita,primary_training,58,climate_zone=D,-0.006770611021125133
drop_per_capita,primary_training,58,climate_zone=E,-0.09337853092450002
drop_per_capita,primary_training,58,hemisphere=S,-0.02605395590915869
drop_per_capita,primary_training,58,spatial_block=Asia,-0.050836704727607096
drop_per_capita,primary_training,58,spatial_block=Europe,-0.0612348312510296
drop_per_capita,primary_training,58,spatial_block=North America,-0.08803473252048812
drop_per_capita,primary_training,58,spatial_block=Oceania,-0.059108968317776095
drop_per_capita,primary_training,58,spatial_block=South America,-0.05738474296558142
drop_per_capita,primary_training,58,income_group=Low-income countries,0.022344648911373815
drop_per_capita,primary_training,58,income_group=Lower-middle-income countries,0.0032977122225057993
drop_per_capita,primary_training,58,income_group=Upper-middle-income countries,-0.013449038935002967
drop_per_capita,primary_training,59,intercept,0.2582554049150262
drop_per_capita,primary_training,59,cum_co2_total,0.020683411276260662
drop_per_capita,primary_training,59,abs_latitude,0.0011889452107611666
drop_per_capita,primary_training,59,elevation,-1.0272033428745822e-06
drop_per_capita,primary_training,59,continentality,3.309856359951099e-05
drop_per_capita,primary_training,59,population,-0.017232616676835105
drop_per_capita,primary_training,59,station_density,-0.001629948495614204
drop_per_capita,primary_training,59,climate_zone=B,0.01073974469689891
drop_per_capita,primary_training,59,climate_zone=C,-0.023073634515361114
drop_per_capita,primary_training,59,climate_zone=D,-0.008795649250096134
drop_per_capita,primary_training,59,climate_zone=E,-0.0956354856924269
drop_per_capita,primary_training,59,hemisphere=S,-0.026699157535316074
drop_per_capita,primary_training,59,spatial_block=Asia,-0.04963619083229162
drop_per_capita,primary_training,59,spatial_block=Europe,-0.06409057767213241
drop_per_capita,primary_training,59,spatial_block=North America,-0.09009624447467729
drop_per_capita,primary_training,59,spatial_block=Oceania,-0.05966924186349017
drop_per_capita,primary_training,59,spatial_block=South America,-0.060807049558876454
drop_per_capita,primary_training,59,income_group=Low-income countries,0.018026259889780686
drop_per_capita,primary_training,59,income_group=Lower-middle-income countries,-0.0010698078853577301
drop_per_capita,primary_training,59,income_group=Upper-middle-income countries,-0.013972919498486159
drop_per_capita,primary_training,60,intercept,0.24750844930348131
drop_per_capita,primary_training,60,cum_co2_total,0.01456200982013655
drop_per_capita,primary_training,60,abs_latitude,0.001053972629239634
drop_per_capita,primary_training,60,elevation,-1.1101450730342425e-06
drop_per_capita,primary_training,60,continentality,3.8761802342372944e-05
drop_per_capita,primary_training,60,population,-0.01209343000672869
drop_per_capita,primary_training,60,station_density,-0.0019209737267925928
drop_per_capita,primary_training,60,climate_zone=B,0.00607567627673162
drop_per_capita,primary_training,60,climate_zone=C,-0.020781229882436164
drop_per_capita,primary_training,60,climate_zone=D,-0.0018847152277279445
drop_per_capita,primary_training,60,climate_zone=E,-0.08961540207929612
drop_per_capita,primary_training,60,hemisphere=S,-0.025970519003301072
drop_per_capita,primary_training,60,spatial_block=Asia,-0.05193987816720416
drop_per_capita,primary_training,60,spatial_block=Europe,-0.06634817375381456
drop_per_capita,primary_training,60,spatial_block=North America,-0.09148849907935637
drop_per_capita,primary_training,60,spatial_block=Oceania,-0.05982076459359309
drop_per_capita,primary_training,60,spatial_block=South America,-0.06305580253728374
drop_per_capita,primary_training,60,income_group=Low-income countries,-0.0003470434506104365
drop_per_capita,primary_training,60,income_group=Lower-middle-income countries,-0.013849799173442165
drop_per_capita,primary_training,60,income_group=Upper-middle-income countries,-0.017545711844707507
drop_per_capita,primary_training,61,intercept,0.2582554049150262
drop_per_capita,primary_training,61,cum_co2_total,0.020683411276260662
drop_per_capita,primary_training,61,abs_latitude,0.0011889452107611666
drop_per_capita,primary_training,61,elevation,-1.0272033428745822e-06
drop_per_capita,primary_training,61,continentality,3.309856359951099e-05
drop_per_capita,primary_training,61,population,-0.017232616676835105
drop_per_capita,primary_training,61,station_density,-0.001629948495614204
drop_per_capita,primary_training,61,climate_zone=B,0.01073974469689891
drop_per_capita,primary_training,61,climate_zone=C,-0.023073634515361114
drop_per_capita,primary_training,61,climate_zone=D,-0.008795649250096134
drop_per_capita,primary_training,61,climate_zone=E,-0.0956354856924269
drop_per_capita,primary_training,61,hemisphere=S,-0.026699157535316074
drop_per_capita,primary_training,61,spatial_block=Asia,-0.04963619083229162
drop_per_capita,primary_training,61,spatial_block=Europe,-0.06409057767213241
drop_per_capita,primary_training,61,spatial_block=North America,-0.09009624447467729
drop_per_capita,primary_training,61,spatial_block=Oceania,-0.05966924186349017
drop_per_capita,primary_training,61,spatial_block=South America,-0.060807049558876454
drop_per_capita,primary_training,61,income_group=Low-income countries,0.018026259889780686
drop_per_capita,primary_training,61,income_group=Lower-middle-income countries,-0.0010698078853577301
drop_per_capita,primary_training,61,income_group=Upper-middle-income countries,-0.013972919498486159
drop_per_capita,primary_training,62,intercept,0.23341372763101745
drop_per_capita,primary_training,62,cum_co2_total,0.010308210355818973
drop_per_capita,primary_training,62,abs_latitude,0.0004188214121630315
drop_per_capita,primary_training,62,elevation,-5.5079394450558306e-06
drop_per_capita,primary_training,62,continentality,1.3928960169610705e-05
drop_per_capita,primary_training,62,population,-0.006490336349662858
drop_per_capita,primary_training,62,station_density,-0.0011228660052336702
drop_per_capita,primary_training,62,climate_zone=B,0.005605533705805134
drop_per_capita,primary_training,62,climate_zone=C,-0.009167220698283324
drop_per_capita,primary_training,62,climate_zone=D,0.01809027998109684
drop_per_capita,primary_training,62,climate_zone=E,-0.06231316497633457
drop_per_capita,primary_training,62,hemisphere=S,-0.020922708431582875
drop_per_capita,primary_training,62,spatial_block=Asia,-0.06223837959645695
drop_per_capita,primary_training,62,spatial_block=Europe,-0.05729348182526291
drop_per_capita,primary_training,62,spatial_block=North America,-0.09189530936128015
drop_per_capita,primary_training,62,spatial_block=Oceania,-0.06707644561903955
drop_per_capita,primary_training,62,spatial_block=South America,-0.06081177672799268
drop_per_capita,primary_training,62,income_group=Low-income countries,0.0011338988011493582
drop_per_capita,primary_training,62,income_group=Lower-middle-income countries,-0.01424928383870894
drop_per_capita,primary_training,62,income_group=Upper-middle-income countries,-0.02354423781488271
drop_per_capita,primary_training,63,intercept,0.2321356282825527
drop_per_capita,primary_training,63,cum_co2_total,0.01282307227157044
drop_per_capita,primary_training,63,abs_latitude,0.001134722515224501
drop_per_capita,primary_training,63,elevation,-1.793350474806103e-07
drop_per_capita,primary_training,63,continentality,3.797268131180706e-05
drop_per_capita,primary_training,63,population,-0.009470917787165271
drop_per_capita,primary_training,63,station_density,-0.0020526913757500827
drop_per_capita,primary_training,63,climate_zone=B,-0.00037430162862213157
drop_per_capita,primary_training,63,climate_zone=C,-0.0290139603587596
drop_per_capita,primary_training,63,climate_zone=D,-0.01450010282973717
drop_per_capita,primary_training,63,climate_zone=E,-0.10142875006818115
drop_per_capita,primary_training,63,hemisphere=S,-0.026287920769494863
drop_per_capita,primary_training,63,spatial_block=Asia,-0.04422650393332872
drop_per_capita,primary_training,63,spatial_block=Europe,-0.05527372597583046
drop_per_capita,primary_training,63,spatial_block=North America,-0.0900621065567368
drop_per_capita,primary_training,63,spatial_block=Oceania,-0.05507252631853484
drop_per_capita,primary_training,63,spatial_block=South America,-0.06042995856823631
drop_per_capita,primary_training,63,income_group=Low-income countries,-0.0008522333562519778
drop_per_capita,primary_training,63,income_group=Lower-middle-income countries,-0.008764153817669073
drop_per_capita,primary_training,63,income_group=Upper-middle-income countries,-0.015369977655140987
drop_per_capita,primary_training,64,intercept,0.2582554049150262
drop_per_capita,primary_training,64,cum_co2_total,0.020683411276260662
drop_per_capita,primary_training,64,abs_latitude,0.0011889452107611666
drop_per_capita,primary_training,64,elevation,-1.0272033428745822e-06
drop_per_capita,primary_training,64,continentality,3.309856359951099e-05
drop_per_capita,primary_training,64,population,-0.017232616676835105
drop_per_capita,primary_training,64,station_density,-0.001629948495614204
drop_per_capita,primary_training,64,climate_zone=B,0.01073974469689891
drop_per_capita,primary_training,64,climate_zone=C,-0.023073634515361114
drop_per_capita,primary_training,64,climate_zone=D,-0.008795649250096134
drop_per_capita,primary_training,64,climate_zone=E,-0.0956354856924269
drop_per_capita,primary_training,64,hemisphere=S,-0.026699157535316074
drop_per_capita,primary_training,64,spatial_block=Asia,-0.04963619083229162
drop_per_capita,primary_training,64,spatial_block=Europe,-0.06409057767213241
drop_per_capita,primary_training,64,spatial_block=North America,-0.09009624447467729
drop_per_capita,primary_training,64,spatial_block=Oceania,-0.05966924186349017
drop_per_capita,primary_training,64,spatial_block=South America,-0.060807049558876454
drop_per_capita,primary_training,64,income_group=Low-income countries,0.018026259889780686
drop_per_capita,primary_training,64,income_group=Lower-middle-income countries,-0.0010698078853577301
drop_per_capita,primary_training,64,income_group=Upper-middle-income countries,-0.013972919498486159
drop_per_capita,primary_training,65,intercept,0.2379412906103113
drop_per_capita,primary_training,65,cum_co2_total,0.01460607125418829
drop_per_capita,primary_training,65,abs_latitude,0.0011781714191827421
drop_per_capita,primary_training,65,elevation,2.5043160526086434e-07
drop_per_capita,primary_training,65,continentality,4.029520160661758e-05
drop_per_capita,primary_training,65,population,-0.011127900695776424
drop_per_capita,primary_training,65,station_density,-0.0023195760030155286
drop_per_capita,primary_training,65,climate_zone=B,0.0019332799708163698
drop_per_capita,primary_training,65,climate_zone=C,-0.02462747839178873
drop_per_capita,primary_training,65,climate_zone=D,-0.011489731854342673
drop_per_capita,primary_training,65,climate_zone=E,-0.09896074849856214
drop_per_capita,primary_training,65,hemisphere=S,-0.03073608118420811
drop_per_capita,primary_training,65,spatial_block=Asia,-0.05082213135317875
drop_per_capita,primary_training,65,spatial_block=Europe,-0.061291412524367754
drop_per_capita,primary_training,65,spatial_block=North America,-0.09095587568874505
drop_per_capita,primary_training,65,spatial_block=Oceania,-0.0545816388863137
drop_per_capita,primary_training,65,spatial_block=South America,-0.059456512811991186
drop_per_capita,primary_training,65,income_group=Low-income countries,0.0015241512417696918
drop_per_capita,primary_training,65,income_group=Lower-middle-income countries,-0.008557546344227894
drop_per_capita,primary_training,65,income_group=Upper-middle-income countries,-0.015701569643318456
drop_per_capita,primary_training,66,intercept,0.2515663029134542
drop_per_capita,primary_training,66,cum_co2_total,0.015839025428968378
drop_per_capita,primary_training,66,abs_latitude,0.0009634582411077
drop_per_capita,primary_training,66,elevation,-1.0073900697883983e-06
drop_per_capita,primary_training,66,continentality,3.58618113351709e-05
drop_per_capita,primary_training,66,population,-0.013685037495468892
drop_per_capita,primary_training,66,station_density,-0.0015520211562701871
drop_per_capita,primary_training,66,climate_zone=B,0.0062988181213459995
drop_per_capita,primary_training,66,climate_zone=C,-0.021263765860891872
drop_per_capita,primary_training,66,climate_zone=D,-0.0034114634366869067
drop_per_capita,primary_training,66,climate_zone=E,-0.08834062694666757
drop_per_capita,primary_training,66,hemisphere=S,-0.025204793600955674
drop_per_capita,primary_training,66,spatial_block=Asia,-0.052196518897980576
drop_per_capita,primary_training,66,spatial_block=Europe,-0.059512219825594896
drop_per_capita,primary_training,66,spatial_block=North America,-0.08898887374578485
drop_per_capita,primary_training,66,spatial_block=Oceania,-0.056988133846566334
drop_per_capita,primary_training,66,spatial_block=South America,-0.06084561146757403
drop_per_capita,primary_training,66,income_group=Low-income countries,0.006966836949730935
drop_per_capita,primary_training,66,income_group=Lower-middle-income countries,-0.007538772232037144
drop_per_capita,primary_training,66,income_group=Upper-middle-income countries,-0.015279840838133833
drop_per_capita,primary_training,67,intercept,0.2194811066438997
drop_per_capita,primary_training,67,cum_co2_total,0.01223612892057548
drop_per_capita,primary_training,67,abs_latitude,0.0011963040137123087
drop_per_capita,primary_training,67,elevation,-8.820214385303887e-07
drop_per_capita,primary_training,67,continentality,4.07679811043834e-05
drop_per_capita,primary_training,67,population,-0.00803037127734263
drop_per_capita,primary_training,67,station_density,-0.0015084301697762576
drop_per_capita,primary_training,67,climate_zone=B,0.003449384338980611
drop_per_capita,primary_training,67,climate_zone=C,-0.026346179928102294
drop_per_capita,primary_training,67,climate_zone=D,-0.009921269796731977
drop_per_capita,primary_training,67,climate_zone=E,-0.09559178497239311
drop_per_capita,primary_training,67,hemisphere=S,-0.026893054366077387
drop_per_capita,primary_training,67,spatial_block=Asia,-0.04952214456881994
drop_per_capita,primary_training,67,spatial_block=Europe,-0.059262471511007275
drop_per_capita,primary_training,67,spatial_block=North America,-0.08951280981901164
drop_per_capita,primary_training,67,spatial_block=Oceania,-0.05389258570747954
drop_per_capita,primary_training,67,spatial_block=South America,-0.05981722281633733
drop_per_capita,primary_training,67,income_group=Low-income countries,0.00018026883077837044
drop_per_capita,primary_training,67,income_group=Lower-middle-income countries,-0.00869829901633923
drop_per_capita,primary_training,67,income_group=Upper-middle-income countries,-0.01561400605461281
drop_per_capita,primary_training,68,intercept,0.218683730116981
drop_per_capita,primary_training,68,cum_co2_total,0.010343754634147702
drop_per_capita,primary_training,68,abs_latitude,0.0014125316461092582
drop_per_capita,primary_training,68,elevation,-4.351890761329625e-06
drop_per_capita,primary_training,68,continentality,4.8739618831818846e-05
drop_per_capita,primary_training,68,population,-0.008435730216226565
drop_per_capita,primary_training,68,station_density,-0.0011334405491260943
drop_per_capita,primary_training,68,climate_zone=B,-0.004198856790088445
drop_per_capita,primary_training,68,climate_zone=C,-0.02267253501627752
drop_per_capita,primary_training,68,climate_zone=D,-0.005694056315386604
drop_per_capita,primary_training,68,climate_zone=E,-0.09548972417140968
drop_per_capita,primary_training,68,hemisphere=S,-0.02744588747530978
drop_per_capita,primary_training,68,spatial_block=Asia,-0.0627365417899843
drop_per_capita,primary_training,68,spatial_block=Europe,-0.06644120508075854
drop_per_capita,primary_training,68,spatial_block=North America,-0.09147346407508311
drop_per_capita,primary_training,68,spatial_block=Oceania,-0.05486648644129169
drop_per_capita,primary_training,68,spatial_block=South America,-0.05894097361147265
drop_per_capita,primary_training,68,income_group=Low-income countries,0.003947655869293887
drop_per_capita,primary_training,68,income_group=Lower-middle-income countries,-0.0028027541231153107
drop_per_capita,primary_training,68,income_group=Upper-middle-income countries,-0.009379627029909186
drop_per_capita,primary_training,69,intercept,0.23631035144938498
drop_per_capita,primary_training,69,cum_co2_total,0.013684562270737699
drop_per_capita,primary_training,69,abs_latitude,0.0010087128337056435
drop_per_capita,primary_training,69,elevation,-3.1858925422076905e-06
drop_per_capita,primary_training,69,continentality,3.499837353899095e-05
drop_per_capita,primary_training,69,population,-0.010411105676351317
drop_per_capita,primary_training,69,station_density,-0.00125008218833637
drop_per_capita,primary_training,69,climate_zone=B,-0.002157193308004873
drop_per_capita,primary_training,69,climate_zone=C,-0.0210453801136912
drop_per_capita,primary_training,69,climate_zone=D,-0.00010062659497544635
drop_per_capita,primary_training,69,climate_zone=E,-0.08556798301812667
drop_per_capita,primary_training,69,hemisphere=S,-0.025020982823091578
drop_per_capita,primary_training,69,spatial_block=Asia,-0.0608719050492279
drop_per_capita,primary_training,69,spatial_block=Europe,-0.06299827389937562
drop_per_capita,primary_training,69,spatial_block=North America,-0.09233008356155338
drop_per_capita,primary_training,69,spatial_block=Oceania,-0.059955642102120746
drop_per_capita,primary_training,69,spatial_block=South America,-0.06079326148130031
drop_per_capita,primary_training,69,income_group=Low-income countries,0.004962791302326793
drop_per_capita,primary_training,69,income_group=Lower-middle-income countries,-0.006790168982681982
drop_per_capita,primary_training,69,income_group=Upper-middle-income countries,-0.015413872768070274
drop_per_capita,primary_training,70,intercept,0.25453179813106486
drop_per_capita,primary_training,70,cum_co2_total,0.016226148004979492
drop_per_capita,primary_training,70,abs_latitude,0.0011880184675137075
drop_per_capita,primary_training,70,elevation,4.00975729676664e-07
drop_per_capita,primary_training,70,continentality,4.309238505496721e-05
drop_per_capita,primary_training,70,population,-0.014557819241559761
drop_per_capita,primary_training,70,station_density,-0.0025361015478672384
drop_per_capita,primary_training,70,climate_zone=B,0.00571180369732551
drop_per_capita,primary_training,70,climate_zone=C,-0.021403024914779637
drop_per_capita,primary_training,70,climate_zone=D,-0.008350904559978299
drop_per_capita,primary_training,70,climate_zone=E,-0.09884112403726412
drop_per_capita,primary_training,70,hemisphere=S,-0.031589357525355945
drop_per_capita,primary_training,70,spatial_block=Asia,-0.056933069201646244
drop_per_capita,primary_training,70,spatial_block=Europe,-0.06343355010995466
drop_per_capita,primary_training,70,spatial_block=North America,-0.08925509158823794
drop_per_capita,primary_training,70,spatial_block=Oceania,-0.054351613569487284
drop_per_capita,primary_training,70,spatial_block=South America,-0.05807033979447051
drop_per_capita,primary_training,70,income_group=Low-income countries,0.004990557810529299
drop_per_capita,primary_training,70,income_group=Lower-middle-income countries,-0.007247007441510978
drop_per_capita,primary_training,70,income_group=Upper-middle-income countries,-0.015939709034943694
drop_per_capita,primary_training,71,intercept,0.229071464664874
drop_per_capita,primary_training,71,cum_co2_total,0.013770089824295487
drop_per_capita,primary_training,71,abs_latitude,0.0012337740185603015
drop_per_capita,primary_training,71,elevation,-3.249109712807521e-06
drop_per_capita,primary_training,71,continentality,4.4935052064943444e-05
drop_per_capita,primary_training,71,population,-0.011401902945513253
drop_per_capita,primary_training,71,station_density,-0.0013005905502845108
drop_per_capita,primary_training,71,climate_zone=B,-0.0005219192721784881
drop_per_capita,primary_training,71,climate_zone=C,-0.02100503488994658
drop_per_capita,primary_training,71,climate_zone=D,-0.0035565423045089053
drop_per_capita,primary_training,71,climate_zone=E,-0.09054928655176057
drop_per_capita,primary_training,71,hemisphere=S,-0.02651323548481905
drop_per_capita,primary_training,71,spatial_block=Asia,-0.05801208628521278
drop_per_capita,primary_training,71,spatial_block=Europe,-0.06094322708421292
drop_per_capita,primary_training,71,spatial_block=North America,-0.08781233226509984
drop_per_capita,primary_training,71,spatial_block=Oceania,-0.05330916499690369
drop_per_capita,primary_training,71,spatial_block=South America,-0.0572851569271085
drop_per_capita,primary_training,71,income_group=Low-income countries,0.013166848876547765
drop_per_capita,primary_training,71,income_group=Lower-middle-income countries,0.00020844353442844344
drop_per_capita,primary_training,71,income_group=Upper-middle-income countries,-0.009229388494323176
drop_per_capita,primary_training,72,intercept,0.2405548734107021
drop_per_capita,primary_training,72,cum_co2_total,0.017713113442160033
drop_per_capita,primary_training,72,abs_latitude,0.0013028333058333755
drop_per_capita,primary_training,72,elevation,-5.159286714683724e-06
drop_per_capita,primary_training,72,continentality,4.144503178095681e-05
drop_per_capita,primary_training,72,population,-0.014819711819780292
drop_per_capita,primary_training,72,station_density,-0.0011943291688942858
drop_per_capita,primary_training,72,climate_zone=B,0.006697153753815492
drop_per_capita,primary_training,72,climate_zone=C,-0.018925857575318096
drop_per_capita,primary_training,72,climate_zone=D,-0.00234078486812068
drop_per_capita,primary_training,72,climate_zone=E,-0.08983725939049562
drop_per_capita,primary_training,72,hemisphere=S,-0.028344610973160392
drop_per_capita,primary_training,72,spatial_block=Asia,-0.05863307959893356
drop_per_capita,primary_training,72,spatial_block=Europe,-0.0665594715573828
drop_per_capita,primary_training,72,spatial_block=North America,-0.08984422228550382
drop_per_capita,primary_training,72,spatial_block=Oceania,-0.0571021578490881
drop_per_capita,primary_training,72,spatial_block=South America,-0.05697191852111715
drop_per_capita,primary_training,72,income_group=Low-income countries,0.023489546554972002
drop_per_capita,primary_training,72,income_group=Lower-middle-income countries,0.006339156892534011
drop_per_capita,primary_training,72,income_group=Upper-middle-income countries,-0.009210126958296523
drop_per_capita,primary_training,73,intercept,0.2465597463222151
drop_per_capita,primary_training,73,cum_co2_total,0.014893966349780147
drop_per_capita,primary_training,73,abs_latitude,0.0010602743456924917
drop_per_capita,primary_training,73,elevation,-1.1122084877716668e-06
drop_per_capita,primary_training,73,continentality,3.825254577656504e-05
drop_per_capita,primary_training,73,population,-0.01223841430588572
drop_per_capita,primary_training,73,station_density,-0.0018259094719642007
drop_per_capita,primary_training,73,climate_zone=B,0.0055457327182680686
drop_per_capita,primary_training,73,climate_zone=C,-0.022191387156173484
drop_per_capita,primary_training,73,climate_zone=D,-0.0028276879633952062
drop_per_capita,primary_training,73,climate_zone=E,-0.09019549104355534
drop_per_capita,primary_training,73,hemisphere=S,-0.02577329030392052
drop_per_capita,primary_training,73,spatial_block=Asia,-0.05132494183572409
drop_per_capita,primary_training,73,spatial_block=Europe,-0.06509366409121792
drop_per_capita,primary_training,73,spatial_block=North America,-0.09109061600861876
drop_per_capita,primary_training,73,spatial_block=Oceania,-0.058983535467008526
drop_per_capita,primary_training,73,spatial_block=South America,-0.062441161561836815
drop_per_capita,primary_training,73,income_group=Low-income countries,0.0012502218335044806
drop_per_capita,primary_training,73,income_group=Lower-middle-income countries,-0.011991590329629369
drop_per_capita,primary_training,73,income_group=Upper-middle-income countries,-0.01692962187143258
drop_per_capita,primary_training,74,intercept,0.23689403713901877
drop_per_capita,primary_training,74,cum_co2_total,0.016466264013323142
drop_per_capita,primary_training,74,abs_latitude,0.0010952906067636832
drop_per_capita,primary_training,74,elevation,-4.799454783827122e-07
drop_per_capita,primary_training,74,continentality,4.088369955617056e-05
drop_per_capita,primary_training,74,population,-0.011978685793544084
drop_per_capita,primary_training,74,station_density,-0.001690910866112107
drop_per_capita,primary_training,74,climate_zone=B,0.003728079648821938
drop_per_capita,primary_training,74,climate_zone=C,-0.025646313543533486
drop_per_capita,primary_training,74,climate_zone=D,-0.009354337957363965
drop_per_capita,primary_training,74,climate_zone=E,-0.09297824386071918
drop_per_capita,primary_training,74,hemisphere=S,-0.026372255472047888
drop_per_capita,primary_training,74,spatial_block=Asia,-0.05129172277754927
drop_per_capita,primary_training,74,spatial_block=Europe,-0.06001468736056787
drop_per_capita,primary_training,74,spatial_block=North America,-0.09000706703970396
drop_per_capita,primary_training,74,spatial_block=Oceania,-0.0557257696194543
drop_per_capita,primary_training,74,spatial_block=South America,-0.06172231889406765
drop_per_capita,primary_training,74,income_group=Low-income countries,0.004726100782846657
drop_per_capita,primary_training,74,income_group=Lower-middle-income countries,-0.007450829790648677
drop_per_capita,primary_training,74,income_group=Upper-middle-income countries,-0.014428851024520739
drop_per_capita,primary_training,75,intercept,0.27286173367204714
drop_per_capita,primary_training,75,cum_co2_total,0.02171716991442907
drop_per_capita,primary_training,75,abs_latitude,0.0010625738115062127
drop_per_capita,primary_training,75,elevation,-3.8892047717950035e-06
drop_per_capita,primary_training,75,continentality,3.7494552037295003e-05
drop_per_capita,primary_training,75,population,-0.019857225682592877
drop_per_capita,primary_training,75,station_density,-0.0014943513022695001
drop_per_capita,primary_training,75,climate_zone=B,0.010853094327593741
drop_per_capita,primary_training,75,climate_zone=C,-0.020068305478473745
drop_per_capita,primary_training,75,climate_zone=D,-0.006198905413908112
drop_per_capita,primary_training,75,climate_zone=E,-0.0928165544422491
drop_per_capita,primary_training,75,hemisphere=S,-0.02571575170823995
drop_per_capita,primary_training,75,spatial_block=Asia,-0.05011498424545354
drop_per_capita,primary_training,75,spatial_block=Europe,-0.060887006099201016
drop_per_capita,primary_training,75,spatial_block=North America,-0.08834145718625672
drop_per_capita,primary_training,75,spatial_block=Oceania,-0.06045900134547885
drop_per_capita,primary_training,75,spatial_block=South America,-0.05786545770671247
drop_per_capita,primary_training,75,income_group=Low-income countries,0.02116021827050243
drop_per_capita,primary_training,75,income_group=Lower-middle-income countries,0.0019482186577944281
drop_per_capita,primary_training,75,income_group=Upper-middle-income countries,-0.015376150953350575
drop_per_capita,primary_training,76,intercept,0.25158624536865914
drop_per_capita,primary_training,76,cum_co2_total,0.015746199448699833
drop_per_capita,primary_training,76,abs_latitude,0.0010628605001171529
drop_per_capita,primary_training,76,elevation,-4.076157483074134e-07
drop_per_capita,primary_training,76,continentality,4.1507777834154495e-05
drop_per_capita,primary_training,76,population,-0.013654681297931933
drop_per_capita,primary_training,76,station_density,-0.0018422341221045982
drop_per_capita,primary_training,76,climate_zone=B,0.005937376821276174
drop_per_capita,primary_training,76,climate_zone=C,-0.02285044878304039
drop_per_capita,primary_training,76,climate_zone=D,-0.007134278601578026
drop_per_capita,primary_training,76,climate_zone=E,-0.09399555590968113
drop_per_capita,primary_training,76,hemisphere=S,-0.026162914580488073
drop_per_capita,primary_training,76,spatial_block=Asia,-0.053065517850245554
drop_per_capita,primary_training,76,spatial_block=Europe,-0.06087781619765647
drop_per_capita,primary_training,76,spatial_block=North America,-0.08972190281387836
drop_per_capita,primary_training,76,spatial_block=Oceania,-0.0566610784694151
drop_per_capita,primary_training,76,spatial_block=South America,-0.0621867644188148
drop_per_capita,primary_training,76,income_group=Low-income countries,0.0028919034865109126
drop_per_capita,primary_training,76,income_group=Lower-middle-income countries,-0.010226137177733912
drop_per_capita,primary_training,76,income_group=Upper-middle-income countries,-0.01520006293685117
drop_per_capita,primary_training,77,intercept,0.22377642925401545
drop_per_capita,primary_training,77,cum_co2_total,0.01210788170038089
drop_per_capita,primary_training,77,abs_latitude,0.0009462358002104649
drop_per_capita,primary_training,77,elevation,-6.884490663583637e-08
drop_per_capita,primary_training,77,continentality,2.782408653862586e-05
drop_per_capita,primary_training,77,population,-0.00693476696437483
drop_per_capita,primary_training,77,station_density,-0.0014642087100955779
drop_per_capita,primary_training,77,climate_zone=B,0.002455666152857053
drop_per_capita,primary_training,77,climate_zone=C,-0.023110743983147504
drop_per_capita,primary_training,77,climate_zone=D,-0.002485290683651875
drop_per_capita,primary_training,77,climate_zone=E,-0.08594771893172914
drop_per_capita,primary_training,77,hemisphere=S,-0.02521071724039647
drop_per_capita,primary_training,77,spatial_block=Asia,-0.05772715243986187
drop_per_capita,primary_training,77,spatial_block=Europe,-0.061780947510251615
drop_per_capita,primary_training,77,spatial_block=North America,-0.09342798740875341
drop_per_capita,primary_training,77,spatial_block=Oceania,-0.05993944278428325
drop_per_capita,primary_training,77,spatial_block=South America,-0.06426138449167268
drop_per_capita,primary_training,77,income_group=Low-income countries,-0.003674732873061585
drop_per_capita,primary_training,77,income_group=Lower-middle-income countries,-0.01492226118982406
drop_per_capita,primary_training,77,income_group=Upper-middle-income countries,-0.018525978011116207
drop_per_capita,primary_training,78,intercept,0.22571326543663298
drop_per_capita,primary_training,78,cum_co2_total,0.014082489591599958
drop_per_capita,primary_training,78,abs_latitude,0.0012298810629493683
drop_per_capita,primary_training,78,elevation,4.45100074728531e-07
drop_per_capita,primary_training,78,continentality,3.856878702168757e-05
drop_per_capita,primary_training,78,population,-0.0091849158741451
drop_per_capita,primary_training,78,station_density,-0.002287568013464286
drop_per_capita,primary_training,78,climate_zone=B,-0.0031205279745074917
drop_per_capita,primary_training,78,climate_zone=C,-0.031192830635734862
drop_per_capita,primary_training,78,climate_zone=D,-0.017828538257803696
drop_per_capita,primary_training,78,climate_zone=E,-0.10435590510654828
drop_per_capita,primary_training,78,hemisphere=S,-0.030000507914285227
drop_per_capita,primary_training,78,spatial_block=Asia,-0.044736576794483944
drop_per_capita,primary_training,78,spatial_block=Europe,-0.05652280559830309
drop_per_capita,primary_training,78,spatial_block=North America,-0.09055237852689574
drop_per_capita,primary_training,78,spatial_block=Oceania,-0.053081618001894065
drop_per_capita,primary_training,78,spatial_block=South America,-0.05765365353766635
drop_per_capita,primary_training,78,income_group=Low-income countries,0.001421422180166609
drop_per_capita,primary_training,78,income_group=Lower-middle-income countries,-0.005090606266426957
drop_per_capita,primary_training,78,income_group=Upper-middle-income countries,-0.015954369669635517
drop_per_capita,primary_training,79,intercept,0.2774409246296183
drop_per_capita,primary_training,79,cum_co2_total,0.023139311837726557
drop_per_capita,primary_training,79,abs_latitude,0.0008934339236980247
drop_per_capita,primary_training,79,elevation,-4.625705654669967e-06
drop_per_capita,primary_training,79,continentality,3.725821576628024e-05
drop_per_capita,primary_training,79,population,-0.021149132383899146
drop_per_capita,primary_training,79,station_density,-0.001573854148717111
drop_per_capita,primary_training,79,climate_zone=B,0.012999475129402513
drop_per_capita,primary_training,79,climate_zone=C,-0.01721765789141928
drop_per_capita,primary_training,79,climate_zone=D,0.00020347649472423222
drop_per_capita,primary_training,79,climate_zone=E,-0.088909368293908
drop_per_capita,primary_training,79,hemisphere=S,-0.025035597741116185
drop_per_capita,primary_training,79,spatial_block=Asia,-0.04854285260397771
drop_per_capita,primary_training,79,spatial_block=Europe,-0.05411835070797702
drop_per_capita,primary_training,79,spatial_block=North America,-0.08696418640565334
drop_per_capita,primary_training,79,spatial_block=Oceania,-0.05957537634674388
drop_per_capita,primary_training,79,spatial_block=South America,-0.05761776782575828
drop_per_capita,primary_training,79,income_group=Low-income countries,0.025081794803952805
drop_per_capita,primary_training,79,income_group=Lower-middle-income countries,0.004769022470468363
drop_per_capita,primary_training,79,income_group=Upper-middle-income countries,-0.01310343929877964
drop_per_capita,primary_training,80,intercept,0.24239899701301382
drop_per_capita,primary_training,80,cum_co2_total,0.010911403995460138
drop_per_capita,primary_training,80,abs_latitude,0.0007788650005718393
drop_per_capita,primary_training,80,elevation,-2.6186755163614096e-06
drop_per_capita,primary_training,80,continentality,2.7549636934810433e-05
drop_per_capita,primary_training,80,population,-0.00883153935345436
drop_per_capita,primary_training,80,station_density,-0.0013230306537766314
drop_per_capita,primary_training,80,climate_zone=B,0.0029763035432666418
drop_per_capita,primary_training,80,climate_zone=C,-0.015825927548411785
drop_per_capita,primary_training,80,climate_zone=D,0.0037817319406946905
drop_per_capita,primary_training,80,climate_zone=E,-0.08022482693867146
drop_per_capita,primary_training,80,hemisphere=S,-0.02434161502430738
drop_per_capita,primary_training,80,spatial_block=Asia,-0.05923122128408767
drop_per_capita,primary_training,80,spatial_block=Europe,-0.06178081016753947
drop_per_capita,primary_training,80,spatial_block=North America,-0.09329981815645579
drop_per_capita,primary_training,80,spatial_block=Oceania,-0.06283283088805491
drop_per_capita,primary_training,80,spatial_block=South America,-0.06321087917385103
drop_per_capita,primary_training,80,income_group=Low-income countries,-0.0033857130517451397
drop_per_capita,primary_training,80,income_group=Lower-middle-income countries,-0.01597120775494433
drop_per_capita,primary_training,80,income_group=Upper-middle-income countries,-0.01995673464581756
drop_per_capita,primary_training,81,intercept,0.218683730116981
drop_per_capita,primary_training,81,cum_co2_total,0.010343754634147702
drop_per_capita,primary_training,81,abs_latitude,0.0014125316461092582
drop_per_capita,primary_training,81,elevation,-4.351890761329625e-06
drop_per_capita,primary_training,81,continentality,4.8739618831818846e-05
drop_per_capita,primary_training,81,population,-0.008435730216226565
drop_per_capita,primary_training,81,station_density,-0.0011334405491260943
drop_per_capita,primary_training,81,climate_zone=B,-0.004198856790088445
drop_per_capita,primary_training,81,climate_zone=C,-0.02267253501627752
drop_per_capita,primary_training,81,climate_zone=D,-0.005694056315386604
drop_per_capita,primary_training,81,climate_zone=E,-0.09548972417140968
drop_per_capita,primary_training,81,hemisphere=S,-0.02744588747530978
drop_per_capita,primary_training,81,spatial_block=Asia,-0.0627365417899843
drop_per_capita,primary_training,81,spatial_block=Europe,-0.06644120508075854
drop_per_capita,primary_training,81,spatial_block=North America,-0.09147346407508311
drop_per_capita,primary_training,81,spatial_block=Oceania,-0.05486648644129169
drop_per_capita,primary_training,81,spatial_block=South America,-0.05894097361147265
drop_per_capita,primary_training,81,income_group=Low-income countries,0.003947655869293887
drop_per_capita,primary_training,81,income_group=Lower-middle-income countries,-0.0028027541231153107
drop_per_capita,primary_training,81,income_group=Upper-middle-income countries,-0.009379627029909186
drop_per_capita,primary_training,82,intercept,0.2497572355915136
drop_per_capita,primary_training,82,cum_co2_total,0.011883308143379482
drop_per_capita,primary_training,82,abs_latitude,0.0007594391855128763
drop_per_capita,primary_training,82,elevation,-2.856485657965741e-06
drop_per_capita,primary_training,82,continentality,2.96592726834941e-05
drop_per_capita,primary_training,82,population,-0.010259645703562765
drop_per_capita,primary_training,82,station_density,-0.0012462295994463528
drop_per_capita,primary_training,82,climate_zone=B,0.0030895751705248505
drop_per_capita,primary_training,82,climate_zone=C,-0.017334241698076742
drop_per_capita,primary_training,82,climate_zone=D,0.0041438897219402545
drop_per_capita,primary_training,82,climate_zone=E,-0.08164723494935226
drop_per_capita,primary_training,82,hemisphere=S,-0.024060346577061895
drop_per_capita,primary_training,82,spatial_block=Asia,-0.060015887072940845
drop_per_capita,primary_training,82,spatial_block=Europe,-0.060775880971101606
drop_per_capita,primary_training,82,spatial_block=North America,-0.09274086407592165
drop_per_capita,primary_training,82,spatial_block=Oceania,-0.06247375037290819
drop_per_capita,primary_training,82,spatial_block=South America,-0.06215757903910966
drop_per_capita,primary_training,82,income_group=Low-income countries,-0.002971903641263927
drop_per_capita,primary_training,82,income_group=Lower-middle-income countries,-0.01515450541277693
drop_per_capita,primary_training,82,income_group=Upper-middle-income countries,-0.021414798668585932
drop_per_capita,primary_training,83,intercept,0.24002548581404398
drop_per_capita,primary_training,83,cum_co2_total,0.013562189547061097
drop_per_capita,primary_training,83,abs_latitude,0.0011965584351531534
drop_per_capita,primary_training,83,elevation,2.1590041273255338e-07
drop_per_capita,primary_training,83,continentality,3.934566272938805e-05
drop_per_capita,primary_training,83,population,-0.011023602582792376
drop_per_capita,primary_training,83,station_density,-0.0022525129822077083
drop_per_capita,primary_training,83,climate_zone=B,-0.00032682998907950135
drop_per_capita,primary_training,83,climate_zone=C,-0.02754166113632956
drop_per_capita,primary_training,83,climate_zone=D,-0.01438342328101677
drop_per_capita,primary_training,83,climate_zone=E,-0.10359158243184247
drop_per_capita,primary_training,83,hemisphere=S,-0.030304473362445853
drop_per_capita,primary_training,83,spatial_block=Asia,-0.047038048732856726
drop_per_capita,primary_training,83,spatial_block=Europe,-0.0582176643223123
drop_per_capita,primary_training,83,spatial_block=North America,-0.09040421902337352
drop_per_capita,primary_training,83,spatial_block=Oceania,-0.05357601825692698
drop_per_capita,primary_training,83,spatial_block=South America,-0.05780795387420935
drop_per_capita,primary_training,83,income_group=Low-income countries,0.0008639568176039236
drop_per_capita,primary_training,83,income_group=Lower-middle-income countries,-0.007033196312254809
drop_per_capita,primary_training,83,income_group=Upper-middle-income countries,-0.016327167271440422
drop_per_capita,primary_training,84,intercept,0.23139267488104848
drop_per_capita,primary_training,84,cum_co2_total,0.014040285676842151
drop_per_capita,primary_training,84,abs_latitude,0.0012578807808570406
drop_per_capita,primary_training,84,elevation,-1.8744208426051201e-06
drop_per_capita,primary_training,84,continentality,4.6114637895155635e-05
drop_per_capita,primary_training,84,population,-0.010737582260596821
drop_per_capita,primary_training,84,station_density,-0.001501559946841933
drop_per_capita,primary_training,84,climate_zone=B,0.0010172321419917249
drop_per_capita,primary_training,84,climate_zone=C,-0.024358371685837363
drop_per_capita,primary_training,84,climate_zone=D,-0.008591997137416084
drop_per_capita,primary_training,84,climate_zone=E,-0.09490542545480718
drop_per_capita,primary_training,84,hemisphere=S,-0.02761316041204715
drop_per_capita,primary_training,84,spatial_block=Asia,-0.05852577844682271
drop_per_capita,primary_training,84,spatial_block=Europe,-0.06504304010043807
drop_per_capita,primary_training,84,spatial_block=North America,-0.09200800706574004
drop_per_capita,primary_training,84,spatial_block=Oceania,-0.05568124998218106
drop_per_capita,primary_training,84,spatial_block=South America,-0.06229780365761723
drop_per_capita,primary_training,84,income_group=Low-income countries,0.002864230779001912
drop_per_capita,primary_training,84,income_group=Lower-middle-income countries,-0.007315083110131082
drop_per_capita,primary_training,84,income_group=Upper-middle-income countries,-0.011646200267778769
drop_per_capita,primary_training,85,intercept,0.2423073294041592
drop_per_capita,primary_training,85,cum_co2_total,0.01592103813077606
drop_per_capita,primary_training,85,abs_latitude,0.0009426333192637619
drop_per_capita,primary_training,85,elevation,-9.096497336250459e-07
drop_per_capita,primary_training,85,continentality,4.239385778257555e-05
drop_per_capita,primary_training,85,population,-0.012021692008271846
drop_per_capita,primary_training,85,station_density,-0.0018298899938920192
drop_per_capita,primary_training,85,climate_zone=B,0.006813036426083864
drop_per_capita,primary_training,85,climate_zone=C,-0.021401793060359872
drop_per_capita,primary_training,85,climate_zone=D,-0.0022170940958639953
drop_per_capita,primary_training,85,climate_zone=E,-0.08922465427541672
drop_per_capita,primary_training,85,hemisphere=S,-0.02641105634950107
drop_per_capita,primary_training,85,spatial_block=Asia,-0.05162806256303727
drop_per_capita,primary_training,85,spatial_block=Europe,-0.057899392944909256
drop_per_capita,primary_training,85,spatial_block=North America,-0.0899564870550687
drop_per_capita,primary_training,85,spatial_block=Oceania,-0.056560611820079126
drop_per_capita,primary_training,85,spatial_block=South America,-0.06239397532722587
drop_per_capita,primary_training,85,income_group=Low-income countries,0.001066581891593773
drop_per_capita,primary_training,85,income_group=Lower-middle-income countries,-0.011330706521269043
drop_per_capita,primary_training,85,income_group=Upper-middle-income countries,-0.016484408630951256
drop_per_capita,primary_training,86,intercept,0.24236894833255687
drop_per_capita,primary_training,86,cum_co2_total,0.017440836627086613
drop_per_capita,primary_training,86,abs_latitude,0.000816141663122053
drop_per_capita,primary_training,86,elevation,-2.450191023898193e-06
drop_per_capita,primary_training,86,continentality,4.5659664484200686e-05
drop_per_capita,primary_training,86,population,-0.012710579142385107
drop_per_capita,primary_training,86,station_density,-0.0020079841950695525
drop_per_capita,primary_training,86,climate_zone=B,0.008788284558361763
drop_per_capita,primary_training,86,climate_zone=C,-0.021158950481356523
drop_per_capita,primary_training,86,climate_zone=D,0.007534492798446112
drop_per_capita,primary_training,86,climate_zone=E,-0.08108467863604266
drop_per_capita,primary_training,86,hemisphere=S,-0.025361650180156833
drop_per_capita,primary_training,86,spatial_block=Asia,-0.051656367665868
drop_per_capita,primary_training,86,spatial_block=Europe,-0.0572978203170985
drop_per_capita,primary_training,86,spatial_block=North America,-0.08861557581785837
drop_per_capita,primary_training,86,spatial_block=Oceania,-0.055548889550370094
drop_per_capita,primary_training,86,spatial_block=South America,-0.06140308568052583
drop_per_capita,primary_training,86,income_group=Low-income countries,0.00333226659771573
drop_per_capita,primary_training,86,income_group=Lower-middle-income countries,-0.008795230339222929
drop_per_capita,primary_training,86,income_group=Upper-middle-income countries,-0.015487996427401693
drop_per_capita,primary_training,87,intercept,0.24869849743156905
drop_per_capita,primary_training,87,cum_co2_total,0.018592322377064114
drop_per_capita,primary_training,87,abs_latitude,0.0007441944791940016
drop_per_capita,primary_training,87,elevation,-1.6907501818035657e-06
drop_per_capita,primary_training,87,continentality,4.636061070195353e-05
drop_per_capita,primary_training,87,population,-0.014479455238097898
drop_per_capita,primary_training,87,station_density,-0.001523736034159678
drop_per_capita,primary_training,87,climate_zone=B,0.009596088658640213
drop_per_capita,primary_training,87,climate_zone=C,-0.01919005265479271
drop_per_capita,primary_training,87,climate_zone=D,0.0009213822837988132
drop_per_capita,primary_training,87,climate_zone=E,-0.07928526560998267
drop_per_capita,primary_training,87,hemisphere=S,-0.02624829006176565
drop_per_capita,primary_training,87,spatial_block=Asia,-0.05133451402210855
drop_per_capita,primary_training,87,spatial_block=Europe,-0.05362782603928458
drop_per_capita,primary_training,87,spatial_block=North America,-0.08778339540065111
drop_per_capita,primary_training,87,spatial_block=Oceania,-0.05275288717454032
drop_per_capita,primary_training,87,spatial_block=South America,-0.062051207889561664
drop_per_capita,primary_training,87,income_group=Low-income countries,0.007417890977172971
drop_per_capita,primary_training,87,income_group=Lower-middle-income countries,-0.00596162900411537
drop_per_capita,primary_training,87,income_group=Upper-middle-income countries,-0.012047504835269002
drop_per_capita,primary_training,88,intercept,0.24233216963606125
drop_per_capita,primary_training,88,cum_co2_total,0.015586908692091724
drop_per_capita,primary_training,88,abs_latitude,0.0009766568582010736
drop_per_capita,primary_training,88,elevation,-1.521937761046057e-06
drop_per_capita,primary_training,88,continentality,4.146574380564295e-05
drop_per_capita,primary_training,88,population,-0.012225972836617756
drop_per_capita,primary_training,88,station_density,-0.002040805776964774
drop_per_capita,primary_training,88,climate_zone=B,0.006895749545240615
drop_per_capita,primary_training,88,climate_zone=C,-0.021696265765532057
drop_per_capita,primary_training,88,climate_zone=D,-0.00024623538076301213
drop_per_capita,primary_training,88,climate_zone=E,-0.08376798158821948
drop_per_capita,primary_training,88,hemisphere=S,-0.02559578631375958
drop_per_capita,primary_training,88,spatial_block=Asia,-0.051121624563963255
drop_per_capita,primary_training,88,spatial_block=Europe,-0.06358034661766648
drop_per_capita,primary_training,88,spatial_block=North America,-0.08916492198632622
drop_per_capita,primary_training,88,spatial_block=Oceania,-0.056339099165844196
drop_per_capita,primary_training,88,spatial_block=South America,-0.06179495237407364
drop_per_capita,primary_training,88,income_group=Low-income countries,0.0033674530370821987
drop_per_capita,primary_training,88,income_group=Lower-middle-income countries,-0.009103303285282452
drop_per_capita,primary_training,88,income_group=Upper-middle-income countries,-0.014156528508067163
drop_per_capita,primary_training,89,intercept,0.2531889343604469
drop_per_capita,primary_training,89,cum_co2_total,0.01890205471179272
drop_per_capita,primary_training,89,abs_latitude,0.0006904305089083766
drop_per_capita,primary_training,89,elevation,-2.0844906205405052e-06
drop_per_capita,primary_training,89,continentality,4.6926600497056707e-05
drop_per_capita,primary_training,89,population,-0.014648348379555634
drop_per_capita,primary_training,89,station_density,-0.0016297783181531888
drop_per_capita,primary_training,89,climate_zone=B,0.00999843087777602
drop_per_capita,primary_training,89,climate_zone=C,-0.020659521005773864
drop_per_capita,primary_training,89,climate_zone=D,0.009760870390294798
drop_per_capita,primary_training,89,climate_zone=E,-0.0845132970950765
drop_per_capita,primary_training,89,hemisphere=S,-0.02561155877193286
drop_per_capita,primary_training,89,spatial_block=Asia,-0.05187676859300242
drop_per_capita,primary_training,89,spatial_block=Europe,-0.04909580850270067
drop_per_capita,primary_training,89,spatial_block=North America,-0.08845171285454209
drop_per_capita,primary_training,89,spatial_block=Oceania,-0.05439968292567979
drop_per_capita,primary_training,89,spatial_block=South America,-0.061355857143395996
drop_per_capita,primary_training,89,income_group=Low-income countries,0.004039036105349335
drop_per_capita,primary_training,89,income_group=Lower-middle-income countries,-0.00863176284675994
drop_per_capita,primary_training,89,income_group=Upper-middle-income countries,-0.01665614096399981
drop_per_capita,primary_training,90,intercept,0.25026093898503937
drop_per_capita,primary_training,90,cum_co2_total,0.01786437207925866
drop_per_capita,primary_training,90,abs_latitude,0.0007579727484804441
drop_per_capita,primary_training,90,elevation,-2.1965380152192706e-06
drop_per_capita,primary_training,90,continentality,4.436602994889763e-05
drop_per_capita,primary_training,90,population,-0.01439385430196288
drop_per_capita,primary_training,90,station_density,-0.0018163550785477755
drop_per_capita,primary_training,90,climate_zone=B,0.009551855804393996
drop_per_capita,primary_training,90,climate_zone=C,-0.01880432728803011
drop_per_capita,primary_training,90,climate_zone=D,0.006612175750019368
drop_per_capita,primary_training,90,climate_zone=E,-0.08567684576242618
drop_per_capita,primary_training,90,hemisphere=S,-0.02548404610116466
drop_per_capita,primary_training,90,spatial_block=Asia,-0.05022750600977599
drop_per_capita,primary_training,90,spatial_block=Europe,-0.048373667633399516
drop_per_capita,primary_training,90,spatial_block=North America,-0.08787252449006783
drop_per_capita,primary_training,90,spatial_block=Oceania,-0.0538952432745908
drop_per_capita,primary_training,90,spatial_block=South America,-0.06182549301319476
drop_per_capita,primary_training,90,income_group=Low-income countries,0.0075325551831447535
drop_per_capita,primary_training,90,income_group=Lower-middle-income countries,-0.005891463685290848
drop_per_capita,primary_training,90,income_group=Upper-middle-income countries,-0.011510150111301043
drop_per_capita,primary_training,91,intercept,0.2530825198014965
drop_per_capita,primary_training,91,cum_co2_total,0.018915330412455536
drop_per_capita,primary_training,91,abs_latitude,0.0006901087409340059
drop_per_capita,primary_training,91,elevation,-2.0798883828898977e-06
drop_per_capita,primary_training,91,continentality,4.6930324196366685e-05
drop_per_capita,primary_training,91,population,-0.014635189908056224
drop_per_capita,primary_training,91,station_density,-0.0016340145802225252
drop_per_capita,primary_training,91,climate_zone=B,0.00999167696095729
drop_per_capita,primary_training,91,climate_zone=C,-0.020648115717325267
drop_per_capita,primary_training,91,climate_zone=D,0.009697531138812046
drop_per_capita,primary_training,91,climate_zone=E,-0.0845783810806483
drop_per_capita,primary_training,91,hemisphere=S,-0.025617716810488775
drop_per_capita,primary_training,91,spatial_block=Asia,-0.05187550319735774
drop_per_capita,primary_training,91,spatial_block=Europe,-0.04900514559115349
drop_per_capita,primary_training,91,spatial_block=North America,-0.08845138698730122
drop_per_capita,primary_training,91,spatial_block=Oceania,-0.0544149925351774
drop_per_capita,primary_training,91,spatial_block=South America,-0.06136467941367984
drop_per_capita,primary_training,91,income_group=Low-income countries,0.004032089797830238
drop_per_capita,primary_training,91,income_group=Lower-middle-income countries,-0.008639585914139585
drop_per_capita,primary_training,91,income_group=Upper-middle-income countries,-0.01666629620106715
drop_per_capita,primary_training,92,intercept,0.25896764311543796
drop_per_capita,primary_training,92,cum_co2_total,0.02062577036454233
drop_per_capita,primary_training,92,abs_latitude,0.0011504939741273437
drop_per_capita,primary_training,92,elevation,-1.253646620716764e-06
drop_per_capita,primary_training,92,continentality,3.327561414274848e-05
drop_per_capita,primary_training,92,population,-0.017195040310488165
drop_per_capita,primary_training,92,station_density,-0.001734601029431071
drop_per_capita,primary_training,92,climate_zone=B,0.011080829539700996
drop_per_capita,primary_training,92,climate_zone=C,-0.021771198999550465
drop_per_capita,primary_training,92,climate_zone=D,-0.00925960340126777
drop_per_capita,primary_training,92,climate_zone=E,-0.0961256811638419
drop_per_capita,primary_training,92,hemisphere=S,-0.026708931728922615
drop_per_capita,primary_training,92,spatial_block=Asia,-0.04884528799010314
drop_per_capita,primary_training,92,spatial_block=Europe,-0.06187002537821026
drop_per_capita,primary_training,92,spatial_block=North America,-0.08988228539359752
drop_per_capita,primary_training,92,spatial_block=Oceania,-0.060124933899211044
drop_per_capita,primary_training,92,spatial_block=South America,-0.06082630028002246
drop_per_capita,primary_training,92,income_group=Low-income countries,0.01749374333285257
drop_per_capita,primary_training,92,income_group=Lower-middle-income countries,-0.001533693431043023
drop_per_capita,primary_training,92,income_group=Upper-middle-income countries,-0.01429774563263127
drop_per_capita,primary_training,93,intercept,0.2435484828972738
drop_per_capita,primary_training,93,cum_co2_total,0.01728472992236033
drop_per_capita,primary_training,93,abs_latitude,0.0008171823247290045
drop_per_capita,primary_training,93,elevation,-2.550485199188096e-06
drop_per_capita,primary_training,93,continentality,4.52915473254683e-05
drop_per_capita,primary_training,93,population,-0.012832678653710359
drop_per_capita,primary_training,93,station_density,-0.001985721198071458
drop_per_capita,primary_training,93,climate_zone=B,0.008871389678048259
drop_per_capita,primary_training,93,climate_zone=C,-0.02091498353723716
drop_per_capita,primary_training,93,climate_zone=D,0.007311317000591684
drop_per_capita,primary_training,93,climate_zone=E,-0.07984516150382516
drop_per_capita,primary_training,93,hemisphere=S,-0.02528334438951296
drop_per_capita,primary_training,93,spatial_block=Asia,-0.051467113123025904
drop_per_capita,primary_training,93,spatial_block=Europe,-0.058733402849415924
drop_per_capita,primary_training,93,spatial_block=North America,-0.0886046988832063
drop_per_capita,primary_training,93,spatial_block=Oceania,-0.05567119537090337
drop_per_capita,primary_training,93,spatial_block=South America,-0.06136557142594695
drop_per_capita,primary_training,93,income_group=Low-income countries,0.003470234701991913
drop_per_capita,primary_training,93,income_group=Lower-middle-income countries,-0.008767409743067335
drop_per_capita,primary_training,93,income_group=Upper-middle-income countries,-0.015386918454921496
drop_per_capita,primary_training,94,intercept,0.23523158842547798
drop_per_capita,primary_training,94,cum_co2_total,0.015484380674788835
drop_per_capita,primary_training,94,abs_latitude,0.0008351128417984427
drop_per_capita,primary_training,94,elevation,-6.522747551312703e-07
drop_per_capita,primary_training,94,continentality,4.158177078670105e-05
drop_per_capita,primary_training,94,population,-0.011198604268879633
drop_per_capita,primary_training,94,station_density,-0.0019876846682732297
drop_per_capita,primary_training,94,climate_zone=B,0.008906291351948106
drop_per_capita,primary_training,94,climate_zone=C,-0.018743124832625486
drop_per_capita,primary_training,94,climate_zone=D,-0.0018242870319080836
drop_per_capita,primary_training,94,climate_zone=E,-0.07561417550715617
drop_per_capita,primary_training,94,hemisphere=S,-0.026419699320932227
drop_per_capita,primary_training,94,spatial_block=Asia,-0.0501122927060397
drop_per_capita,primary_training,94,spatial_block=Europe,-0.06102267055539299
drop_per_capita,primary_training,94,spatial_block=North America,-0.08782069694451039
drop_per_capita,primary_training,94,spatial_block=Oceania,-0.053513602147696335
drop_per_capita,primary_training,94,spatial_block=South America,-0.06242021541756836
drop_per_capita,primary_training,94,income_group=Low-income countries,0.0037829190204264167
drop_per_capita,primary_training,94,income_group=Lower-middle-income countries,-0.00854990560716311
drop_per_capita,primary_training,94,income_group=Upper-middle-income countries,-0.012066104778202446
drop_per_capita,primary_training,95,intercept,0.24599726515520265
drop_per_capita,primary_training,95,cum_co2_total,0.01632658161270339
drop_per_capita,primary_training,95,abs_latitude,0.0008373619060798755
drop_per_capita,primary_training,95,elevation,2.582983474496502e-07
drop_per_capita,primary_training,95,continentality,4.233106237170826e-05
drop_per_capita,primary_training,95,population,-0.013193210014704748
drop_per_capita,primary_training,95,station_density,-0.0014871828097313266
drop_per_capita,primary_training,95,climate_zone=B,0.008397208372089862
drop_per_capita,primary_training,95,climate_zone=C,-0.019033148274989874
drop_per_capita,primary_training,95,climate_zone=D,-0.007571009547609462
drop_per_capita,primary_training,95,climate_zone=E,-0.07957606269483977
drop_per_capita,primary_training,95,hemisphere=S,-0.0272332867998315
drop_per_capita,primary_training,95,spatial_block=Asia,-0.050697305059407186
drop_per_capita,primary_training,95,spatial_block=Europe,-0.05898641943495397
drop_per_capita,primary_training,95,spatial_block=North America,-0.08814976308811939
drop_per_capita,primary_training,95,spatial_block=Oceania,-0.05237281150804776
drop_per_capita,primary_training,95,spatial_block=South America,-0.06276118302256001
drop_per_capita,primary_training,95,income_group=Low-income countries,0.005062664144448169
drop_per_capita,primary_training,95,income_group=Lower-middle-income countries,-0.008030273914969804
drop_per_capita,primary_training,95,income_group=Upper-middle-income countries,-0.01195708769331136
drop_per_capita,primary_training,96,intercept,0.24784355239330047
drop_per_capita,primary_training,96,cum_co2_total,0.016410357891746146
drop_per_capita,primary_training,96,abs_latitude,0.0008405254853390917
drop_per_capita,primary_training,96,elevation,3.144203112840623e-07
drop_per_capita,primary_training,96,continentality,4.221910581080652e-05
drop_per_capita,primary_training,96,population,-0.013515584753274723
drop_per_capita,primary_training,96,station_density,-0.0015321653802285308
drop_per_capita,primary_training,96,climate_zone=B,0.008176897265649206
drop_per_capita,primary_training,96,climate_zone=C,-0.01874977565981566
drop_per_capita,primary_training,96,climate_zone=D,-0.008672927851207846
drop_per_capita,primary_training,96,climate_zone=E,-0.08025444018559601
drop_per_capita,primary_training,96,hemisphere=S,-0.027271967404803116
drop_per_capita,primary_training,96,spatial_block=Asia,-0.05039769760784077
drop_per_capita,primary_training,96,spatial_block=Europe,-0.05876222248002461
drop_per_capita,primary_training,96,spatial_block=North America,-0.08808455671681097
drop_per_capita,primary_training,96,spatial_block=Oceania,-0.052521005691714764
drop_per_capita,primary_training,96,spatial_block=South America,-0.06280047804448514
drop_per_capita,primary_training,96,income_group=Low-income countries,0.005425411965738886
drop_per_capita,primary_training,96,income_group=Lower-middle-income countries,-0.007783621815030868
drop_per_capita,primary_training,96,income_group=Upper-middle-income countries,-0.01165168572973741
drop_per_capita,primary_training,97,intercept,0.2533273479819971
drop_per_capita,primary_training,97,cum_co2_total,0.017255055504868513
drop_per_capita,primary_training,97,abs_latitude,0.0009537472607043433
drop_per_capita,primary_training,97,elevation,-1.8069370619040864e-06
drop_per_capita,primary_training,97,continentality,4.2523513090568275e-05
drop_per_capita,primary_training,97,population,-0.015012542877370335
drop_per_capita,primary_training,97,station_density,-0.0019183130718597723
drop_per_capita,primary_training,97,climate_zone=B,0.006699440905031368
drop_per_capita,primary_training,97,climate_zone=C,-0.02374085569847965
drop_per_capita,primary_training,97,climate_zone=D,0.001478332389005426
drop_per_capita,primary_training,97,climate_zone=E,-0.08076471809518272
drop_per_capita,primary_training,97,hemisphere=S,-0.023690849096206158
drop_per_capita,primary_training,97,spatial_block=Asia,-0.048763834850697484
drop_per_capita,primary_training,97,spatial_block=Europe,-0.06431017634468533
drop_per_capita,primary_training,97,spatial_block=North America,-0.0862979912086171
drop_per_capita,primary_training,97,spatial_block=Oceania,-0.054467529191014954
drop_per_capita,primary_training,97,spatial_block=South America,-0.059467433574175735
drop_per_capita,primary_training,97,income_group=Low-income countries,0.008578579500829799
drop_per_capita,primary_training,97,income_group=Lower-middle-income countries,-0.005411616719406649
drop_per_capita,primary_training,97,income_group=Upper-middle-income countries,-0.013201858793920026
drop_per_capita,primary_training,98,intercept,0.2497036040465723
drop_per_capita,primary_training,98,cum_co2_total,0.017399495124380115
drop_per_capita,primary_training,98,abs_latitude,0.0008662315206076621
drop_per_capita,primary_training,98,elevation,-1.6614286020225043e-06
drop_per_capita,primary_training,98,continentality,4.3794768603979325e-05
drop_per_capita,primary_training,98,population,-0.013968089612195936
drop_per_capita,primary_training,98,station_density,-0.0019854071623788216
drop_per_capita,primary_training,98,climate_zone=B,0.00763276314021528
drop_per_capita,primary_training,98,climate_zone=C,-0.020362626496683817
drop_per_capita,primary_training,98,climate_zone=D,0.00014904369212961338
drop_per_capita,primary_training,98,climate_zone=E,-0.07872426507879435
drop_per_capita,primary_training,98,hemisphere=S,-0.025776163064310968
drop_per_capita,primary_training,98,spatial_block=Asia,-0.050732835961603856
drop_per_capita,primary_training,98,spatial_block=Europe,-0.06322037862005284
drop_per_capita,primary_training,98,spatial_block=North America,-0.0885615342701741
drop_per_capita,primary_training,98,spatial_block=Oceania,-0.05564319136920596
drop_per_capita,primary_training,98,spatial_block=South America,-0.06182905882717924
drop_per_capita,primary_training,98,income_group=Low-income countries,0.005282921952106276
drop_per_capita,primary_training,98,income_group=Lower-middle-income countries,-0.007681827937330203
drop_per_capita,primary_training,98,income_group=Upper-middle-income countries,-0.01367901022975885
drop_per_capita,primary_training,99,intercept,0.2350427226267824
drop_per_capita,primary_training,99,cum_co2_total,0.017701916367085627
drop_per_capita,primary_training,99,abs_latitude,0.0010460488508316195
drop_per_capita,primary_training,99,elevation,-1.6641919370745647e-06
drop_per_capita,primary_training,99,continentality,3.77058898027982e-05
drop_per_capita,primary_training,99,population,-0.011874278836761218
drop_per_capita,primary_training,99,station_density,-0.0018374543645712194
drop_per_capita,primary_training,99,climate_zone=B,0.011730979350749718
drop_per_capita,primary_training,99,climate_zone=C,-0.02221173342031833
drop_per_capita,primary_training,99,climate_zone=D,-0.0014141501781303476
drop_per_capita,primary_training,99,climate_zone=E,-0.09007662859017983
drop_per_capita,primary_training,99,hemisphere=S,-0.028754903339323814
drop_per_capita,primary_training,99,spatial_block=Asia,-0.059250491208674656
drop_per_capita,primary_training,99,spatial_block=Europe,-0.06059742170967743
drop_per_capita,primary_training,99,spatial_block=North America,-0.09485925712602855
drop_per_capita,primary_training,99,spatial_block=Oceania,-0.058014735933559276
drop_per_capita,primary_training,99,spatial_block=South America,-0.06667597755715414
drop_per_capita,primary_training,99,income_group=Low-income countries,0.006040738918204608
drop_per_capita,primary_training,99,income_group=Lower-middle-income countries,-0.0047192020396438165
drop_per_capita,primary_training,99,income_group=Upper-middle-income countries,-0.009179222346627039
drop_per_capita,primary_training,100,intercept,0.2580075323530727
drop_per_capita,primary_training,100,cum_co2_total,0.020155108507821897
drop_per_capita,primary_training,100,abs_latitude,0.0006250243778524069
drop_per_capita,primary_training,100,elevation,-2.713872365737325e-06
drop_per_capita,primary_training,100,continentality,4.755085317133328e-05
drop_per_capita,primary_training,100,population,-0.01658739686515357
drop_per_capita,primary_training,100,station_density,-0.0014445082349515818
drop_per_capita,primary_training,100,climate_zone=B,0.011528520897722242
drop_per_capita,primary_training,100,climate_zone=C,-0.020136823585783815
drop_per_capita,primary_training,100,climate_zone=D,0.016551092503310928
drop_per_capita,primary_training,100,climate_zone=E,-0.08189652010339894
drop_per_capita,primary_training,100,hemisphere=S,-0.024872311607901525
drop_per_capita,primary_training,100,spatial_block=Asia,-0.05150611125945661
drop_per_capita,primary_training,100,spatial_block=Europe,-0.04419134596239361
drop_per_capita,primary_training,100,spatial_block=North America,-0.08695063742936057
drop_per_capita,primary_training,100,spatial_block=Oceania,-0.05114326202612059
drop_per_capita,primary_training,100,spatial_block=South America,-0.060993740576239096
drop_per_capita,primary_training,100,income_group=Low-income countries,0.011049061953765312
drop_per_capita,primary_training,100,income_group=Lower-middle-income countries,-0.002759192875574265
drop_per_capita,primary_training,100,income_group=Upper-middle-income countries,-0.010602827379668311
drop_per_capita,primary_training,101,intercept,0.24552989867604932
drop_per_capita,primary_training,101,cum_co2_total,0.01577237906570874
drop_per_capita,primary_training,101,abs_latitude,0.001064245263755467
drop_per_capita,primary_training,101,elevation,-6.296829141665498e-07
drop_per_capita,primary_training,101,continentality,4.107686048068654e-05
drop_per_capita,primary_training,101,population,-0.012868445142368252
drop_per_capita,primary_training,101,station_density,-0.001696610277779871
drop_per_capita,primary_training,101,climate_zone=B,0.00547545714615681
drop_per_capita,primary_training,101,climate_zone=C,-0.023135901183411283
drop_per_capita,primary_training,101,climate_zone=D,-0.007129490690160237
drop_per_capita,primary_training,101,hemisphere=S,-0.02627875249548875
drop_per_capita,primary_training,101,spatial_block=Asia,-0.052218730348831136
drop_per_capita,primary_training,101,spatial_block=Europe,-0.060765385824133024
drop_per_capita,primary_training,101,spatial_block=North America,-0.090007076854223
drop_per_capita,primary_training,101,spatial_block=Oceania,-0.05627460382140194
drop_per_capita,primary_training,101,spatial_block=South America,-0.06223792297587298
drop_per_capita,primary_training,101,income_group=Low-income countries,0.0036192603777796084
drop_per_capita,primary_training,101,income_group=Lower-middle-income countries,-0.00936146961872884
drop_per_capita,primary_training,101,income_group=Upper-middle-income countries,-0.014529819083070234
drop_per_capita,primary_training,102,intercept,0.24646620851751955
drop_per_capita,primary_training,102,cum_co2_total,0.01598828056775428
drop_per_capita,primary_training,102,abs_latitude,0.0011113018178519353
drop_per_capita,primary_training,102,elevation,-2.6459331508205555e-07
drop_per_capita,primary_training,102,continentality,4.0576168250138715e-05
drop_per_capita,primary_training,102,population,-0.013109240398945409
drop_per_capita,primary_training,102,station_density,-0.001690067714272898
drop_per_capita,primary_training,102,climate_zone=B,0.004552509740829291
drop_per_capita,primary_training,102,climate_zone=C,-0.023830510853600356
drop_per_capita,primary_training,102,climate_zone=D,-0.009987192503713594
drop_per_capita,primary_training,102,climate_zone=E,-0.09639761149089775
drop_per_capita,primary_training,102,hemisphere=S,-0.026453689535999286
drop_per_capita,primary_training,102,spatial_block=Asia,-0.05252734570813737
drop_per_capita,primary_training,102,spatial_block=Europe,-0.05997729899231034
drop_per_capita,primary_training,102,spatial_block=North America,-0.09037962232797385
drop_per_capita,primary_training,102,spatial_block=Oceania,-0.056769789821167774
drop_per_capita,primary_training,102,spatial_block=South America,-0.06243689723041761
drop_per_capita,primary_training,102,income_group=Low-income countries,0.0038550125975114835
drop_per_capita,primary_training,102,income_group=Lower-middle-income countries,-0.009374733580601438
drop_per_capita,primary_training,102,income_group=Upper-middle-income countries,-0.01469750546731583
drop_per_capita,primary_training,103,intercept,0.2644823180009816
drop_per_capita,primary_training,103,cum_co2_total,0.019232851377166082
drop_per_capita,primary_training,103,abs_latitude,0.000784682320348368
drop_per_capita,primary_training,103,elevation,-2.441050563779023e-06
drop_per_capita,primary_training,103,continentality,4.579927100359288e-05
drop_per_capita,primary_training,103,population,-0.016408687222817818
drop_per_capita,primary_training,103,station_density,-0.001829153573014796
drop_per_capita,primary_training,103,climate_zone=B,0.009581983041523278
drop_per_capita,primary_training,103,climate_zone=C,-0.02329406407555394
drop_per_capita,primary_training,103,climate_zone=D,0.006978095337175637
drop_per_capita,primary_training,103,climate_zone=E,-0.08169371787226579
drop_per_capita,primary_training,103,hemisphere=S,-0.024611115241780737
drop_per_capita,primary_training,103,spatial_block=Asia,-0.05152203480685623
drop_per_capita,primary_training,103,spatial_block=Europe,-0.0601931231193328
drop_per_capita,primary_training,103,spatial_block=North America,-0.08880962532458794
drop_per_capita,primary_training,103,spatial_block=Oceania,-0.05621731473977826
drop_per_capita,primary_training,103,spatial_block=South America,-0.06128919415762198
drop_per_capita,primary_training,103,income_group=Low-income countries,0.004410825912587771
drop_per_capita,primary_training,103,income_group=Lower-middle-income countries,-0.008455292203358793
drop_per_capita,primary_training,103,income_group=Upper-middle-income countries,-0.01687298523482182
drop_per_capita,primary_training,104,intercept,0.2443167496063994
drop_per_capita,primary_training,104,cum_co2_total,0.01645955966313391
drop_per_capita,primary_training,104,abs_latitude,0.000820341487598173
drop_per_capita,primary_training,104,elevation,-7.427891762772183e-08
drop_per_capita,primary_training,104,continentality,4.226827036318149e-05
drop_per_capita,primary_training,104,population,-0.013084335460182051
drop_per_capita,primary_training,104,station_density,-0.0015530784224711115
drop_per_capita,primary_training,104,climate_zone=B,0.008805146551084407
drop_per_capita,primary_training,104,climate_zone=C,-0.018660037299975785
drop_per_capita,primary_training,104,climate_zone=D,-0.005975004859965469
drop_per_capita,primary_training,104,climate_zone=E,-0.07794026086131653
drop_per_capita,primary_training,104,hemisphere=S,-0.026972665069028987
drop_per_capita,primary_training,104,spatial_block=Asia,-0.050485752278448634
drop_per_capita,primary_training,104,spatial_block=Europe,-0.05865390394421259
drop_per_capita,primary_training,104,spatial_block=North America,-0.08783908660460736
drop_per_capita,primary_training,104,spatial_block=Oceania,-0.05221411341707019
drop_per_capita,primary_training,104,spatial_block=South America,-0.06269256054723288
drop_per_capita,primary_training,104,income_group=Low-income countries,0.0060000624412677875
drop_per_capita,primary_training,104,income_group=Lower-middle-income countries,-0.007216266630295086
drop_per_capita,primary_training,104,income_group=Upper-middle-income countries,-0.011069080763080464
drop_per_capita,primary_training,105,intercept,0.2443167496063994
drop_per_capita,primary_training,105,cum_co2_total,0.01645955966313391
drop_per_capita,primary_training,105,abs_latitude,0.000820341487598173
drop_per_capita,primary_training,105,elevation,-7.427891762772183e-08
drop_per_capita,primary_training,105,continentality,4.226827036318149e-05
drop_per_capita,primary_training,105,population,-0.013084335460182051
drop_per_capita,primary_training,105,station_density,-0.0015530784224711115
drop_per_capita,primary_training,105,climate_zone=B,0.008805146551084407
drop_per_capita,primary_training,105,climate_zone=C,-0.018660037299975785
drop_per_capita,primary_training,105,climate_zone=D,-0.005975004859965469
drop_per_capita,primary_training,105,climate_zone=E,-0.07794026086131653
drop_per_capita,primary_training,105,hemisphere=S,-0.026972665069028987
drop_per_capita,primary_training,105,spatial_block=Asia,-0.050485752278448634
drop_per_capita,primary_training,105,spatial_block=Europe,-0.05865390394421259
drop_per_capita,primary_training,105,spatial_block=North America,-0.08783908660460736
drop_per_capita,primary_training,105,spatial_block=Oceania,-0.05221411341707019
drop_per_capita,primary_training,105,spatial_block=South America,-0.06269256054723288
drop_per_capita,primary_training,105,income_group=Low-income countries,0.0060000624412677875
drop_per_capita,primary_training,105,income_group=Lower-middle-income countries,-0.007216266630295086
drop_per_capita,primary_training,105,income_group=Upper-middle-income countries,-0.011069080763080464
drop_per_capita,primary_training,106,intercept,0.24315529785881154
drop_per_capita,primary_training,106,cum_co2_total,0.01574060332012897
drop_per_capita,primary_training,106,abs_latitude,0.0009279133333862254
drop_per_capita,primary_training,106,elevation,-9.107881771285361e-07
drop_per_capita,primary_training,106,continentality,4.231240943254497e-05
drop_per_capita,primary_training,106,population,-0.012034940127132545
drop_per_capita,primary_training,106,station_density,-0.0018129529748754263
drop_per_capita,primary_training,106,climate_zone=B,0.007081841202930061
drop_per_capita,primary_training,106,climate_zone=C,-0.021232005862032676
drop_per_capita,primary_training,106,climate_zone=D,-0.0013378852731360266
drop_per_capita,primary_training,106,climate_zone=E,-0.08929879071138136
drop_per_capita,primary_training,106,hemisphere=S,-0.02637839513040626
drop_per_capita,primary_training,106,spatial_block=Asia,-0.05148836308903912
drop_per_capita,primary_training,106,spatial_block=Europe,-0.05725230434382412
drop_per_capita,primary_training,106,spatial_block=North America,-0.08988728053640774
drop_per_capita,primary_training,106,spatial_block=Oceania,-0.056421223979356935
drop_per_capita,primary_training,106,spatial_block=South America,-0.06231043409311495
drop_per_capita,primary_training,106,income_group=Low-income countries,0.000732567297331451
drop_per_capita,primary_training,106,income_group=Lower-middle-income countries,-0.011565189627948417
drop_per_capita,primary_training,106,income_group=Upper-middle-income countries,-0.01668396779454793
drop_per_capita,primary_training,107,intercept,0.24624956762044134
drop_per_capita,primary_training,107,cum_co2_total,0.01807686296664677
drop_per_capita,primary_training,107,abs_latitude,0.0007949620311884015
drop_per_capita,primary_training,107,elevation,-2.835482912260703e-06
drop_per_capita,primary_training,107,continentality,4.487283744754361e-05
drop_per_capita,primary_training,107,population,-0.013763614189284734
drop_per_capita,primary_training,107,station_density,-0.0018186466942204363
drop_per_capita,primary_training,107,climate_zone=B,0.009147000775060383
drop_per_capita,primary_training,107,climate_zone=C,-0.019399389331669063
drop_per_capita,primary_training,107,climate_zone=D,0.005131854951983936
drop_per_capita,primary_training,107,climate_zone=E,-0.08612760877385513
drop_per_capita,primary_training,107,hemisphere=S,-0.025325565381157718
drop_per_capita,primary_training,107,spatial_block=Asia,-0.050986754643674054
drop_per_capita,primary_training,107,spatial_block=Europe,-0.0501745045891167
drop_per_capita,primary_training,107,spatial_block=North America,-0.0885089518143007
drop_per_capita,primary_training,107,spatial_block=Oceania,-0.055481199659777054
drop_per_capita,primary_training,107,spatial_block=South America,-0.06183946560604605
drop_per_capita,primary_training,107,income_group=Low-income countries,0.006546890015910437
drop_per_capita,primary_training,107,income_group=Lower-middle-income countries,-0.006903316302242618
drop_per_capita,primary_training,107,income_group=Upper-middle-income countries,-0.013176415392593394
drop_per_capita,primary_training,108,intercept,0.25193585843391736
drop_per_capita,primary_training,108,cum_co2_total,0.017058761140337532
drop_per_capita,primary_training,108,abs_latitude,0.0008334677524920909
drop_per_capita,primary_training,108,elevation,-1.4829754863832672e-06
drop_per_capita,primary_training,108,continentality,4.5087843255991195e-05
drop_per_capita,primary_training,108,population,-0.01368376727720595
drop_per_capita,primary_training,108,station_density,-0.0017672751428311428
drop_per_capita,primary_training,108,climate_zone=B,0.007969875901831468
drop_per_capita,primary_training,108,climate_zone=C,-0.02108938377926465
drop_per_capita,primary_training,108,climate_zone=D,0.0016377839908315558
drop_per_capita,primary_training,108,climate_zone=E,-0.08804011657206688
drop_per_capita,primary_training,108,hemisphere=S,-0.026108175120119387
drop_per_capita,primary_training,108,spatial_block=Asia,-0.051541747321489854
drop_per_capita,primary_training,108,spatial_block=Europe,-0.054983018491262414
drop_per_capita,primary_training,108,spatial_block=North America,-0.08930941253339797
drop_per_capita,primary_training,108,spatial_block=Oceania,-0.056097344750081775
drop_per_capita,primary_training,108,spatial_block=South America,-0.06163604967343272
drop_per_capita,primary_training,108,income_group=Low-income countries,0.0011867329966906229
drop_per_capita,primary_training,108,income_group=Lower-middle-income countries,-0.010980147773802755
drop_per_capita,primary_training,108,income_group=Upper-middle-income countries,-0.01780448226348765
drop_per_capita,primary_training,109,intercept,0.24162718254008525
drop_per_capita,primary_training,109,cum_co2_total,0.015723815497482023
drop_per_capita,primary_training,109,abs_latitude,0.0009859943125584286
drop_per_capita,primary_training,109,elevation,-1.3511489999637332e-06
drop_per_capita,primary_training,109,continentality,4.153707152649625e-05
drop_per_capita,primary_training,109,population,-0.012152829372428797
drop_per_capita,primary_training,109,station_density,-0.0019595055364101687
drop_per_capita,primary_training,109,climate_zone=B,0.0067694220582711585
drop_per_capita,primary_training,109,climate_zone=C,-0.02232781597576203
drop_per_capita,primary_training,109,climate_zone=D,-0.0002354316103007295
drop_per_capita,primary_training,109,climate_zone=E,-0.0846155877706156
drop_per_capita,primary_training,109,hemisphere=S,-0.025681334247441543
drop_per_capita,primary_training,109,spatial_block=Asia,-0.05162697153784955
drop_per_capita,primary_training,109,spatial_block=Europe,-0.0633642669488156
drop_per_capita,primary_training,109,spatial_block=North America,-0.08939086624274187
drop_per_capita,primary_training,109,spatial_block=Oceania,-0.056256464112969654
drop_per_capita,primary_training,109,spatial_block=South America,-0.0618461720775647
drop_per_capita,primary_training,109,income_group=Low-income countries,0.0031370167781980015
drop_per_capita,primary_training,109,income_group=Lower-middle-income countries,-0.00934312955492524
drop_per_capita,primary_training,109,income_group=Upper-middle-income countries,-0.01462537278971129
drop_per_capita,primary_training,110,intercept,0.2496214173633317
drop_per_capita,primary_training,110,cum_co2_total,0.016116562390105088
drop_per_capita,primary_training,110,abs_latitude,0.0009612988167231242
drop_per_capita,primary_training,110,elevation,-5.758188347059956e-07
drop_per_capita,primary_training,110,continentality,4.051357675433503e-05
drop_per_capita,primary_training,110,population,-0.013546115743717066
drop_per_capita,primary_training,110,station_density,-0.0019390677857004184
drop_per_capita,primary_training,110,climate_zone=B,0.006477530674507908
drop_per_capita,primary_training,110,climate_zone=C,-0.020937033337448372
drop_per_capita,primary_training,110,climate_zone=D,-0.004920527459623263
drop_per_capita,primary_training,110,climate_zone=E,-0.08654211019198114
drop_per_capita,primary_training,110,hemisphere=S,-0.026112469592192458
drop_per_capita,primary_training,110,spatial_block=Asia,-0.050540844029771374
drop_per_capita,primary_training,110,spatial_block=Europe,-0.06103078283635395
drop_per_capita,primary_training,110,spatial_block=North America,-0.08899569958166788
drop_per_capita,primary_training,110,spatial_block=Oceania,-0.05580632894136919
drop_per_capita,primary_training,110,spatial_block=South America,-0.062198342320171844
drop_per_capita,primary_training,110,income_group=Low-income countries,0.00483200240517875
drop_per_capita,primary_training,110,income_group=Lower-middle-income countries,-0.008332978635115123
drop_per_capita,primary_training,110,income_group=Upper-middle-income countries,-0.013238604996762632
drop_per_capita,primary_training,111,intercept,0.2420251166797538
drop_per_capita,primary_training,111,cum_co2_total,0.0182827747254706
drop_per_capita,primary_training,111,abs_latitude,0.000734103278553775
drop_per_capita,primary_training,111,elevation,-2.190785585863538e-06
drop_per_capita,primary_training,111,continentality,4.575048271006995e-05
drop_per_capita,primary_training,111,population,-0.013354948940018938
drop_per_capita,primary_training,111,station_density,-0.0019230119942302748
drop_per_capita,primary_training,111,climate_zone=B,0.009868768131679683
drop_per_capita,primary_training,111,climate_zone=C,-0.018721295725642313
drop_per_capita,primary_training,111,climate_zone=D,0.004355268411870146
drop_per_capita,primary_training,111,climate_zone=E,-0.07479431963775267
drop_per_capita,primary_training,111,hemisphere=S,-0.02572918506659749
drop_per_capita,primary_training,111,spatial_block=Asia,-0.05069672313275212
drop_per_capita,primary_training,111,spatial_block=Europe,-0.05619274821523067
drop_per_capita,primary_training,111,spatial_block=North America,-0.0873853271625618
drop_per_capita,primary_training,111,spatial_block=Oceania,-0.053434189858238924
drop_per_capita,primary_training,111,spatial_block=South America,-0.06190040493676739
drop_per_capita,primary_training,111,income_group=Low-income countries,0.00720886283449945
drop_per_capita,primary_training,111,income_group=Lower-middle-income countries,-0.005802357661983127
drop_per_capita,primary_training,111,income_group=Upper-middle-income countries,-0.011574219076596197
drop_per_capita,primary_training,112,intercept,0.25277296310056946
drop_per_capita,primary_training,112,cum_co2_total,0.01619869677818888
drop_per_capita,primary_training,112,abs_latitude,0.0010204453502807437
drop_per_capita,primary_training,112,elevation,-8.822318309374477e-07
drop_per_capita,primary_training,112,continentality,4.2473981504900004e-05
drop_per_capita,primary_training,112,population,-0.014298582696891169
drop_per_capita,primary_training,112,station_density,-0.001492967796633284
drop_per_capita,primary_training,112,climate_zone=B,0.005955447338988905
drop_per_capita,primary_training,112,climate_zone=C,-0.025475091946387658
drop_per_capita,primary_training,112,climate_zone=D,-0.005503456347646107
drop_per_capita,primary_training,112,climate_zone=E,-0.09046337542127428
drop_per_capita,primary_training,112,hemisphere=S,-0.024297870678878727
drop_per_capita,primary_training,112,spatial_block=Asia,-0.05023506188837946
drop_per_capita,primary_training,112,spatial_block=Europe,-0.060245083866622404
drop_per_capita,primary_training,112,spatial_block=North America,-0.08802162146107116
drop_per_capita,primary_training,112,spatial_block=Oceania,-0.05427501454497551
drop_per_capita,primary_training,112,spatial_block=South America,-0.06134129366616294
drop_per_capita,primary_training,112,income_group=Low-income countries,0.004843912918699401
drop_per_capita,primary_training,112,income_group=Lower-middle-income countries,-0.009462268216010289
drop_per_capita,primary_training,112,income_group=Upper-middle-income countries,-0.01406822119598023
drop_per_capita,primary_training,113,intercept,0.2554812868463219
drop_per_capita,primary_training,113,cum_co2_total,0.020052935276984103
drop_per_capita,primary_training,113,abs_latitude,0.0006261363402588234
drop_per_capita,primary_training,113,elevation,-2.6381844121442952e-06
drop_per_capita,primary_training,113,continentality,4.6794627350817636e-05
drop_per_capita,primary_training,113,population,-0.016120955822903557
drop_per_capita,primary_training,113,station_density,-0.0016384476248128312
drop_per_capita,primary_training,113,climate_zone=B,0.011173892046894774
drop_per_capita,primary_training,113,climate_zone=C,-0.0187901263498026
drop_per_capita,primary_training,113,climate_zone=D,0.01370080365264983
drop_per_capita,primary_training,113,climate_zone=E,-0.08363345533376657
drop_per_capita,primary_training,113,hemisphere=S,-0.025090115854213984
drop_per_capita,primary_training,113,spatial_block=Asia,-0.05069150226181781
drop_per_capita,primary_training,113,spatial_block=Europe,-0.042305670654791384
drop_per_capita,primary_training,113,spatial_block=North America,-0.0870140408490004
drop_per_capita,primary_training,113,spatial_block=Oceania,-0.0520190276381273
drop_per_capita,primary_training,113,spatial_block=South America,-0.06146635593078965
drop_per_capita,primary_training,113,income_group=Low-income countries,0.010884730991337452
drop_per_capita,primary_training,113,income_group=Lower-middle-income countries,-0.003109997431808296
drop_per_capita,primary_training,113,income_group=Upper-middle-income countries,-0.010248232802185234
drop_per_capita,primary_training,114,intercept,0.24627588770448242
drop_per_capita,primary_training,114,cum_co2_total,0.015852066233997007
drop_per_capita,primary_training,114,abs_latitude,0.00032148814207582065
drop_per_capita,primary_training,114,elevation,-4.88419846966685e-06
drop_per_capita,primary_training,114,continentality,3.395111327689694e-05
drop_per_capita,primary_training,114,population,-0.012120904015162944
drop_per_capita,primary_training,114,station_density,-0.0010974971885904913
drop_per_capita,primary_training,114,climate_zone=B,0.011189550139257107
drop_per_capita,primary_training,114,climate_zone=C,-0.009619768149612637
drop_per_capita,primary_training,114,climate_zone=D,0.016922725235931718
drop_per_capita,primary_training,114,climate_zone=E,-0.05469312843590291
drop_per_capita,primary_training,114,hemisphere=S,-0.02351238088425526
drop_per_capita,primary_training,114,spatial_block=Asia,-0.053574366101711346
drop_per_capita,primary_training,114,spatial_block=Europe,-0.05391017212968214
drop_per_capita,primary_training,114,spatial_block=North America,-0.08543004002008622
drop_per_capita,primary_training,114,spatial_block=Oceania,-0.05641297990206843
drop_per_capita,primary_training,114,spatial_block=South America,-0.05503365390753166
drop_per_capita,primary_training,114,income_group=Low-income countries,0.01040142945691958
drop_per_capita,primary_training,114,income_group=Lower-middle-income countries,-0.004989048104037034
drop_per_capita,primary_training,114,income_group=Upper-middle-income countries,-0.021743978474556367
drop_per_capita,primary_training,115,intercept,0.2548461475315184
drop_per_capita,primary_training,115,cum_co2_total,0.019502799230901823
drop_per_capita,primary_training,115,abs_latitude,0.0006525970940239858
drop_per_capita,primary_training,115,elevation,-2.411184405139272e-06
drop_per_capita,primary_training,115,continentality,4.626005377514349e-05
drop_per_capita,primary_training,115,population,-0.015616775576955157
drop_per_capita,primary_training,115,station_density,-0.001639065174750921
drop_per_capita,primary_training,115,climate_zone=B,0.010766037023522593
drop_per_capita,primary_training,115,climate_zone=C,-0.019198913413543215
drop_per_capita,primary_training,115,climate_zone=D,0.012394005605316998
drop_per_capita,primary_training,115,climate_zone=E,-0.08377692595893267
drop_per_capita,primary_training,115,hemisphere=S,-0.02524049565161143
drop_per_capita,primary_training,115,spatial_block=Asia,-0.05087680915652024
drop_per_capita,primary_training,115,spatial_block=Europe,-0.04485552262609151
drop_per_capita,primary_training,115,spatial_block=North America,-0.08750742037949215
drop_per_capita,primary_training,115,spatial_block=Oceania,-0.05282295113047471
drop_per_capita,primary_training,115,spatial_block=South America,-0.061505956011657203
drop_per_capita,primary_training,115,income_group=Low-income countries,0.008858821072210383
drop_per_capita,primary_training,115,income_group=Lower-middle-income countries,-0.0048231762231636275
drop_per_capita,primary_training,115,income_group=Upper-middle-income countries,-0.011986332039022354
drop_per_capita,primary_training,116,intercept,0.25354746946175605
drop_per_capita,primary_training,116,cum_co2_total,0.019461493933954587
drop_per_capita,primary_training,116,abs_latitude,0.0006901367856285848
drop_per_capita,primary_training,116,elevation,-3.119867384783407e-06
drop_per_capita,primary_training,116,continentality,4.725740924462144e-05
drop_per_capita,primary_training,116,population,-0.015472543627352031
drop_per_capita,primary_training,116,station_density,-0.0015709419596645548
drop_per_capita,primary_training,116,climate_zone=B,0.010709090006595003
drop_per_capita,primary_training,116,climate_zone=C,-0.020345046135647162
drop_per_capita,primary_training,116,climate_zone=D,0.013110489725603006
drop_per_capita,primary_training,116,climate_zone=E,-0.08314911965894081
drop_per_capita,primary_training,116,hemisphere=S,-0.024868727520889703
drop_per_capita,primary_training,116,spatial_block=Asia,-0.05169956465962259
drop_per_capita,primary_training,116,spatial_block=Europe,-0.047294396705284104
drop_per_capita,primary_training,116,spatial_block=North America,-0.08766402898856197
drop_per_capita,primary_training,116,spatial_block=Oceania,-0.05319381952624226
drop_per_capita,primary_training,116,spatial_block=South America,-0.06105876214697606
drop_per_capita,primary_training,116,income_group=Low-income countries,0.008685158414307986
drop_per_capita,primary_training,116,income_group=Lower-middle-income countries,-0.0047845543330202675
drop_per_capita,primary_training,116,income_group=Upper-middle-income countries,-0.012605816700611462
drop_per_capita,primary_training,117,intercept,0.2504355862447776
drop_per_capita,primary_training,117,cum_co2_total,0.018531126025409753
drop_per_capita,primary_training,117,abs_latitude,0.0008665361410759102
drop_per_capita,primary_training,117,elevation,-1.8302416356634007e-06
drop_per_capita,primary_training,117,continentality,4.6195657276895685e-05
drop_per_capita,primary_training,117,population,-0.014285479508426652
drop_per_capita,primary_training,117,station_density,-0.0015833088623891651
drop_per_capita,primary_training,117,climate_zone=B,0.007643816906500141
drop_per_capita,primary_training,117,climate_zone=C,-0.023248943185829266
drop_per_capita,primary_training,117,climate_zone=D,0.004271979686299213
drop_per_capita,primary_training,117,climate_zone=E,-0.08597164675188623
drop_per_capita,primary_training,117,hemisphere=S,-0.02576479798958959
drop_per_capita,primary_training,117,spatial_block=Asia,-0.05320018456830261
drop_per_capita,primary_training,117,spatial_block=Europe,-0.05754344070985446
drop_per_capita,primary_training,117,spatial_block=North America,-0.08961765373609601
drop_per_capita,primary_training,117,spatial_block=Oceania,-0.055700954820731945
drop_per_capita,primary_training,117,spatial_block=South America,-0.06156522211756888
drop_per_capita,primary_training,117,income_group=Low-income countries,0.0038400846050166133
drop_per_capita,primary_training,117,income_group=Lower-middle-income countries,-0.008959408002680686
drop_per_capita,primary_training,117,income_group=Upper-middle-income countries,-0.016978515884090342
drop_per_capita,primary_training,118,intercept,0.2663561190848922
drop_per_capita,primary_training,118,cum_co2_total,0.01873713634436941
drop_per_capita,primary_training,118,abs_latitude,0.0009037182820763421
drop_per_capita,primary_training,118,elevation,-4.3082265847211874e-07
drop_per_capita,primary_training,118,continentality,4.482616645239944e-05
drop_per_capita,primary_training,118,population,-0.01781303855412732
drop_per_capita,primary_training,118,station_density,-0.0013294992611857807
drop_per_capita,primary_training,118,climate_zone=B,0.003422238772383948
drop_per_capita,primary_training,118,climate_zone=C,-0.027919889925548863
drop_per_capita,primary_training,118,climate_zone=D,-0.006077689340626302
drop_per_capita,primary_training,118,climate_zone=E,-0.08965999745659094
drop_per_capita,primary_training,118,hemisphere=S,-0.020468993670531996
drop_per_capita,primary_training,118,spatial_block=Asia,-0.04389054552421264
drop_per_capita,primary_training,118,spatial_block=Europe,-0.05332402816351412
drop_per_capita,primary_training,118,spatial_block=North America,-0.08230561979369014
drop_per_capita,primary_training,118,spatial_block=Oceania,-0.05106900210760803
drop_per_capita,primary_training,118,spatial_block=South America,-0.05805269637301182
drop_per_capita,primary_training,118,income_group=Low-income countries,0.010799798809407977
drop_per_capita,primary_training,118,income_group=Lower-middle-income countries,-0.007862904338718222
drop_per_capita,primary_training,118,income_group=Upper-middle-income countries,-0.014360173565028276
drop_per_capita,primary_training,119,intercept,0.2434211821429874
drop_per_capita,primary_training,119,cum_co2_total,0.016483641742449436
drop_per_capita,primary_training,119,abs_latitude,0.0007528797219867981
drop_per_capita,primary_training,119,elevation,-2.955956098663838e-07
drop_per_capita,primary_training,119,continentality,4.265102170146083e-05
drop_per_capita,primary_training,119,population,-0.012728963774453393
drop_per_capita,primary_training,119,station_density,-0.0018814972659650037
drop_per_capita,primary_training,119,climate_zone=B,0.009362633566069221
drop_per_capita,primary_training,119,climate_zone=C,-0.017413644928510004
drop_per_capita,primary_training,119,climate_zone=D,-0.003353554022336133
drop_per_capita,primary_training,119,climate_zone=E,-0.07349409303174757
drop_per_capita,primary_training,119,hemisphere=S,-0.026815245283951294
drop_per_capita,primary_training,119,spatial_block=Asia,-0.04950456189730169
drop_per_capita,primary_training,119,spatial_block=Europe,-0.05981580492751092
drop_per_capita,primary_training,119,spatial_block=North America,-0.0873745107676446
drop_per_capita,primary_training,119,spatial_block=Oceania,-0.05273522801131372
drop_per_capita,primary_training,119,spatial_block=South America,-0.06255854112355176
drop_per_capita,primary_training,119,income_group=Low-income countries,0.004862546963840029
drop_per_capita,primary_training,119,income_group=Lower-middle-income countries,-0.007867352270644569
drop_per_capita,primary_training,119,income_group=Upper-middle-income countries,-0.011741557272172678
drop_per_capita,primary_training,120,intercept,0.25029771572374615
drop_per_capita,primary_training,120,cum_co2_total,0.01667263432128706
drop_per_capita,primary_training,120,abs_latitude,0.0009437178557327782
drop_per_capita,primary_training,120,elevation,-2.195064321975334e-06
drop_per_capita,primary_training,120,continentality,4.426102777251877e-05
drop_per_capita,primary_training,120,population,-0.01368671283286156
drop_per_capita,primary_training,120,station_density,-0.00206305919975855
drop_per_capita,primary_training,120,climate_zone=B,0.006783878009338255
drop_per_capita,primary_training,120,climate_zone=C,-0.021985143707653684
drop_per_capita,primary_training,120,climate_zone=D,0.0024361976089447863
drop_per_capita,primary_training,120,climate_zone=E,-0.08248033452471365
drop_per_capita,primary_training,120,hemisphere=S,-0.025393818744531983
drop_per_capita,primary_training,120,spatial_block=Asia,-0.05126433764882094
drop_per_capita,primary_training,120,spatial_block=Europe,-0.06505583172161616
drop_per_capita,primary_training,120,spatial_block=North America,-0.08925716258935691
drop_per_capita,primary_training,120,spatial_block=Oceania,-0.056909024902591226
drop_per_capita,primary_training,120,spatial_block=South America,-0.061351555570420685
drop_per_capita,primary_training,120,income_group=Low-income countries,0.0033700871649448914
drop_per_capita,primary_training,120,income_group=Lower-middle-income countries,-0.00896061265375135
drop_per_capita,primary_training,120,income_group=Upper-middle-income countries,-0.015328423915190407
drop_per_capita,primary_training,121,intercept,0.24996358633066706
drop_per_capita,primary_training,121,cum_co2_total,0.01950073695322907
drop_per_capita,primary_training,121,abs_latitude,0.000718394318970152
drop_per_capita,primary_training,121,elevation,-2.6332350329712754e-06
drop_per_capita,primary_training,121,continentality,4.613817229230408e-05
drop_per_capita,primary_training,121,population,-0.014813312796575887
drop_per_capita,primary_training,121,station_density,-0.0017553616051883168
drop_per_capita,primary_training,121,climate_zone=B,0.009565998837462687
drop_per_capita,primary_training,121,climate_zone=C,-0.01906954554802397
drop_per_capita,primary_training,121,climate_zone=D,0.008069039807783318
drop_per_capita,primary_training,121,climate_zone=E,-0.08329122138031679
drop_per_capita,primary_training,121,hemisphere=S,-0.02548308879130925
drop_per_capita,primary_training,121,spatial_block=Asia,-0.051062198222598436
drop_per_capita,primary_training,121,spatial_block=Europe,-0.049116456755787845
drop_per_capita,primary_training,121,spatial_block=North America,-0.08837284810382502
drop_per_capita,primary_training,121,spatial_block=Oceania,-0.05474997300926173
drop_per_capita,primary_training,121,spatial_block=South America,-0.06203874521064831
drop_per_capita,primary_training,121,income_group=Low-income countries,0.0079028471699104
drop_per_capita,primary_training,121,income_group=Lower-middle-income countries,-0.005955590636440565
drop_per_capita,primary_training,121,income_group=Upper-middle-income countries,-0.012856193510248299
drop_per_capita,primary_training,122,intercept,0.23789832540356654
drop_per_capita,primary_training,122,cum_co2_total,0.014917857251769556
drop_per_capita,primary_training,122,abs_latitude,0.0010435503354488667
drop_per_capita,primary_training,122,elevation,-8.635578780362815e-07
drop_per_capita,primary_training,122,continentality,4.018901793998475e-05
drop_per_capita,primary_training,122,population,-0.011277174688145679
drop_per_capita,primary_training,122,station_density,-0.002135906241427228
drop_per_capita,primary_training,122,climate_zone=B,0.00588161675393299
drop_per_capita,primary_training,122,climate_zone=C,-0.022325271869894695
drop_per_capita,primary_training,122,climate_zone=D,-0.00392935838593956
drop_per_capita,primary_training,122,climate_zone=E,-0.08883120173580947
drop_per_capita,primary_training,122,hemisphere=S,-0.02594106283265407
drop_per_capita,primary_training,122,spatial_block=Asia,-0.05130630213284172
drop_per_capita,primary_training,122,spatial_block=Europe,-0.062255017530800524
drop_per_capita,primary_training,122,spatial_block=North America,-0.089586384195675
drop_per_capita,primary_training,122,spatial_block=Oceania,-0.0568941836046952
drop_per_capita,primary_training,122,spatial_block=South America,-0.06212388891711196
drop_per_capita,primary_training,122,income_group=Low-income countries,0.002050763733621625
drop_per_capita,primary_training,122,income_group=Lower-middle-income countries,-0.010189033015483212
drop_per_capita,primary_training,122,income_group=Upper-middle-income countries,-0.014673299955302744
drop_per_capita,primary_training,123,intercept,0.25608464042419105
drop_per_capita,primary_training,123,cum_co2_total,0.01723761135106717
drop_per_capita,primary_training,123,abs_latitude,0.0009471944136739451
drop_per_capita,primary_training,123,elevation,2.712279440070583e-06
drop_per_capita,primary_training,123,continentality,4.094689198497009e-05
drop_per_capita,primary_training,123,population,-0.014436455077256797
drop_per_capita,primary_training,123,station_density,-0.0016929730962331026
drop_per_capita,primary_training,123,climate_zone=B,0.0054834222911829085
drop_per_capita,primary_training,123,climate_zone=C,-0.022026885410675153
drop_per_capita,primary_training,123,climate_zone=D,-0.005711484448403327
drop_per_capita,primary_training,123,climate_zone=E,-0.08959797369775056
drop_per_capita,primary_training,123,hemisphere=S,-0.02811325143784268
drop_per_capita,primary_training,123,spatial_block=Asia,-0.05277000711148945
drop_per_capita,primary_training,123,spatial_block=Europe,-0.06159285668332605
drop_per_capita,primary_training,123,spatial_block=North America,-0.10499235070988074
drop_per_capita,primary_training,123,spatial_block=Oceania,-0.05503133204163893
drop_per_capita,primary_training,123,spatial_block=South America,-0.06331594179851463
drop_per_capita,primary_training,123,income_group=Low-income countries,0.0015605529360869796
drop_per_capita,primary_training,123,income_group=Lower-middle-income countries,-0.011708166635054753
drop_per_capita,primary_training,123,income_group=Upper-middle-income countries,-0.017134483561259243
drop_per_capita,primary_training,124,intercept,0.24561799599863393
drop_per_capita,primary_training,124,cum_co2_total,0.012181665767061124
drop_per_capita,primary_training,124,abs_latitude,0.0010254576863142721
drop_per_capita,primary_training,124,elevation,-4.957299695992735e-07
drop_per_capita,primary_training,124,continentality,3.895984357250787e-05
drop_per_capita,primary_training,124,population,-0.011636197232520067
drop_per_capita,primary_training,124,station_density,-0.0015589514023050797
drop_per_capita,primary_training,124,climate_zone=B,0.005736819660463996
drop_per_capita,primary_training,124,climate_zone=C,-0.02450381197700761
drop_per_capita,primary_training,124,climate_zone=D,-0.013662298549032
drop_per_capita,primary_training,124,climate_zone=E,-0.09910697377825203
drop_per_capita,primary_training,124,hemisphere=S,-0.02573110366203658
drop_per_capita,primary_training,124,spatial_block=Asia,-0.048543937831314804
drop_per_capita,primary_training,124,spatial_block=Europe,-0.05069845628129832
drop_per_capita,primary_training,124,spatial_block=North America,-0.09696531493175257
drop_per_capita,primary_training,124,spatial_block=Oceania,-0.05222697330083085
drop_per_capita,primary_training,124,spatial_block=South America,-0.06174439722591311
drop_per_capita,primary_training,124,income_group=Low-income countries,0.0016673332886216437
drop_per_capita,primary_training,124,income_group=Lower-middle-income countries,-0.009094344474975662
drop_per_capita,primary_training,124,income_group=Upper-middle-income countries,-0.011085832407977588
drop_per_capita,primary_training,125,intercept,0.24479412874646106
drop_per_capita,primary_training,125,cum_co2_total,0.014710617062701126
drop_per_capita,primary_training,125,abs_latitude,0.0010632257284055881
drop_per_capita,primary_training,125,elevation,4.657466778907025e-07
drop_per_capita,primary_training,125,continentality,3.993489967661659e-05
drop_per_capita,primary_training,125,population,-0.012306942490826332
drop_per_capita,primary_training,125,station_density,-0.001675630915636063
drop_per_capita,primary_training,125,climate_zone=B,0.0047888339678001405
drop_per_capita,primary_training,125,climate_zone=C,-0.0254331556735868
drop_per_capita,primary_training,125,climate_zone=D,-0.009738433904621636
drop_per_capita,primary_training,125,climate_zone=E,-0.09578085872254058
drop_per_capita,primary_training,125,hemisphere=S,-0.026485766216467484
drop_per_capita,primary_training,125,spatial_block=Asia,-0.05106800145156913
drop_per_capita,primary_training,125,spatial_block=Europe,-0.057575009343996404
drop_per_capita,primary_training,125,spatial_block=North America,-0.07893619114960827
drop_per_capita,primary_training,125,spatial_block=Oceania,-0.054192056536896474
drop_per_capita,primary_training,125,spatial_block=South America,-0.061208304371883286
drop_per_capita,primary_training,125,income_group=Low-income countries,0.002160066760149822
drop_per_capita,primary_training,125,income_group=Lower-middle-income countries,-0.009196727821099902
drop_per_capita,primary_training,125,income_group=Upper-middle-income countries,-0.015077371197607737
drop_per_capita,primary_training,126,intercept,0.2519331750123033
drop_per_capita,primary_training,126,cum_co2_total,0.019135054967219817
drop_per_capita,primary_training,126,abs_latitude,0.0008936623901896546
drop_per_capita,primary_training,126,elevation,3.5556114463685594e-06
drop_per_capita,primary_training,126,continentality,4.028404200685605e-05
drop_per_capita,primary_training,126,population,-0.014956898263998547
drop_per_capita,primary_training,126,station_density,-0.0017275804152241917
drop_per_capita,primary_training,126,climate_zone=B,0.006488252810137547
drop_per_capita,primary_training,126,climate_zone=C,-0.01945342656882548
drop_per_capita,primary_training,126,climate_zone=D,-0.004438772852097214
drop_per_capita,primary_training,126,climate_zone=E,-0.08443107769241497
drop_per_capita,primary_training,126,hemisphere=S,-0.028931454083565542
drop_per_capita,primary_training,126,spatial_block=Asia,-0.053297030527643834
drop_per_capita,primary_training,126,spatial_block=Europe,-0.06037467349372961
drop_per_capita,primary_training,126,spatial_block=North America,-0.09336132478069885
drop_per_capita,primary_training,126,spatial_block=Oceania,-0.053726836624418114
drop_per_capita,primary_training,126,spatial_block=South America,-0.06332263501920928
drop_per_capita,primary_training,126,income_group=Low-income countries,0.00657395248458354
drop_per_capita,primary_training,126,income_group=Lower-middle-income countries,-0.008227715735667532
drop_per_capita,primary_training,126,income_group=Upper-middle-income countries,-0.01426989795309857
drop_per_capita,primary_training,127,intercept,0.257711221320075
drop_per_capita,primary_training,127,cum_co2_total,0.018577693869844075
drop_per_capita,primary_training,127,abs_latitude,0.0009446725099714247
drop_per_capita,primary_training,127,elevation,2.706280749503176e-06
drop_per_capita,primary_training,127,continentality,4.14247913644478e-05
drop_per_capita,primary_training,127,population,-0.015168639441142733
drop_per_capita,primary_training,127,station_density,-0.0017331778008977318
drop_per_capita,primary_training,127,climate_zone=B,0.00524107575657193
drop_per_capita,primary_training,127,climate_zone=C,-0.021653334568386896
drop_per_capita,primary_training,127,climate_zone=D,-0.0057172493083104065
drop_per_capita,primary_training,127,climate_zone=E,-0.08865353607005767
drop_per_capita,primary_training,127,hemisphere=S,-0.028222262925192396
drop_per_capita,primary_training,127,spatial_block=Asia,-0.05343593810032769
drop_per_capita,primary_training,127,spatial_block=Europe,-0.06284731564766029
drop_per_capita,primary_training,127,spatial_block=North America,-0.10267565576970478
drop_per_capita,primary_training,127,spatial_block=Oceania,-0.056026085851482645
drop_per_capita,primary_training,127,spatial_block=South America,-0.06360465044362242
drop_per_capita,primary_training,127,income_group=Low-income countries,0.002847001027840914
drop_per_capita,primary_training,127,income_group=Lower-middle-income countries,-0.01124040123436895
drop_per_capita,primary_training,127,income_group=Upper-middle-income countries,-0.01748615160650761
drop_per_capita,primary_training,128,intercept,0.22035653708121591
drop_per_capita,primary_training,128,cum_co2_total,0.012249346776023731
drop_per_capita,primary_training,128,abs_latitude,0.0008744013543101717
drop_per_capita,primary_training,128,elevation,3.5457136185611486e-06
drop_per_capita,primary_training,128,continentality,3.813773453411024e-05
drop_per_capita,primary_training,128,population,-0.008339033217758581
drop_per_capita,primary_training,128,station_density,-0.0014635317465807147
drop_per_capita,primary_training,128,climate_zone=B,0.01074515523404408
drop_per_capita,primary_training,128,climate_zone=C,-0.016028392814963432
drop_per_capita,primary_training,128,climate_zone=D,-0.002087655385456375
drop_per_capita,primary_training,128,climate_zone=E,-0.08068354286884077
drop_per_capita,primary_training,128,hemisphere=S,-0.02934545937251757
drop_per_capita,primary_training,128,spatial_block=Asia,-0.05122197684547261
drop_per_capita,primary_training,128,spatial_block=Europe,-0.05296738552255327
drop_per_capita,primary_training,128,spatial_block=North America,-0.06100365072996467
drop_per_capita,primary_training,128,spatial_block=Oceania,-0.04762607762898013
drop_per_capita,primary_training,128,spatial_block=South America,-0.062379506615860024
drop_per_capita,primary_training,128,income_group=Low-income countries,0.0024291249506758596
drop_per_capita,primary_training,128,income_group=Lower-middle-income countries,-0.00902067547811961
drop_per_capita,primary_training,128,income_group=Upper-middle-income countries,-0.01055387757830497
drop_per_capita,primary_training,129,intercept,0.22443357128297056
drop_per_capita,primary_training,129,cum_co2_total,0.013920764741613741
drop_per_capita,primary_training,129,abs_latitude,0.0008980767414109633
drop_per_capita,primary_training,129,elevation,2.9383089393721204e-06
drop_per_capita,primary_training,129,continentality,3.830876627002916e-05
drop_per_capita,primary_training,129,population,-0.00995069816295968
drop_per_capita,primary_training,129,station_density,-0.0014367596389317431
drop_per_capita,primary_training,129,climate_zone=B,0.010461457954719597
drop_per_capita,primary_training,129,climate_zone=C,-0.015909369198875093
drop_per_capita,primary_training,129,climate_zone=D,-0.0018553100467127847
drop_per_capita,primary_training,129,climate_zone=E,-0.08029422459290629
drop_per_capita,primary_training,129,hemisphere=S,-0.028953851579812343
drop_per_capita,primary_training,129,spatial_block=Asia,-0.05152146498020747
drop_per_capita,primary_training,129,spatial_block=Europe,-0.05355133320574566
drop_per_capita,primary_training,129,spatial_block=North America,-0.06556378764717646
drop_per_capita,primary_training,129,spatial_block=Oceania,-0.04808815564107851
drop_per_capita,primary_training,129,spatial_block=South America,-0.062051142882028135
drop_per_capita,primary_training,129,income_group=Low-income countries,0.007056117084399884
drop_per_capita,primary_training,129,income_group=Lower-middle-income countries,-0.005662430409649864
drop_per_capita,primary_training,129,income_group=Upper-middle-income countries,-0.008713141896730763
drop_per_capita,primary_training,130,intercept,0.2576215604325529
drop_per_capita,primary_training,130,cum_co2_total,0.018583116543504842
drop_per_capita,primary_training,130,abs_latitude,0.0009441434429796295
drop_per_capita,primary_training,130,elevation,2.764201449159684e-06
drop_per_capita,primary_training,130,continentality,4.140187465641527e-05
drop_per_capita,primary_training,130,population,-0.015143625710552593
drop_per_capita,primary_training,130,station_density,-0.0017319996592367274
drop_per_capita,primary_training,130,climate_zone=B,0.005186195014408433
drop_per_capita,primary_training,130,climate_zone=C,-0.021727654056220767
drop_per_capita,primary_training,130,climate_zone=D,-0.005785699909540289
drop_per_capita,primary_training,130,climate_zone=E,-0.0886649807790456
drop_per_capita,primary_training,130,hemisphere=S,-0.02836693101180056
drop_per_capita,primary_training,130,spatial_block=Asia,-0.05349760419699982
drop_per_capita,primary_training,130,spatial_block=Europe,-0.06286920124849381
drop_per_capita,primary_training,130,spatial_block=North America,-0.10276153121373278
drop_per_capita,primary_training,130,spatial_block=Oceania,-0.05590044933322146
drop_per_capita,primary_training,130,spatial_block=South America,-0.06338741646861994
drop_per_capita,primary_training,130,income_group=Low-income countries,0.0027895164166393885
drop_per_capita,primary_training,130,income_group=Lower-middle-income countries,-0.011272561712693845
drop_per_capita,primary_training,130,income_group=Upper-middle-income countries,-0.017481859061295835
drop_per_capita,primary_training,131,intercept,0.2218988771199994
drop_per_capita,primary_training,131,cum_co2_total,0.01268855781838392
drop_per_capita,primary_training,131,abs_latitude,0.0008710760148204162
drop_per_capita,primary_training,131,elevation,3.0935202577917782e-06
drop_per_capita,primary_training,131,continentality,3.803975971151583e-05
drop_per_capita,primary_training,131,population,-0.008838918992177442
drop_per_capita,primary_training,131,station_density,-0.0014752739108022312
drop_per_capita,primary_training,131,climate_zone=B,0.01051375157403557
drop_per_capita,primary_training,131,climate_zone=C,-0.01640607088408552
drop_per_capita,primary_training,131,climate_zone=D,-0.0028822079945074936
drop_per_capita,primary_training,131,climate_zone=E,-0.08105104804307471
drop_per_capita,primary_training,131,hemisphere=S,-0.02913993377366102
drop_per_capita,primary_training,131,spatial_block=Asia,-0.05101577961885261
drop_per_capita,primary_training,131,spatial_block=Europe,-0.052017972676427916
drop_per_capita,primary_training,131,spatial_block=North America,-0.05563688920538592
drop_per_capita,primary_training,131,spatial_block=Oceania,-0.047399724213905356
drop_per_capita,primary_training,131,spatial_block=South America,-0.06218847594784416
drop_per_capita,primary_training,131,income_group=Low-income countries,0.004100478604229849
drop_per_capita,primary_training,131,income_group=Lower-middle-income countries,-0.00780331718095083
drop_per_capita,primary_training,131,income_group=Upper-middle-income countries,-0.008803515294900428
drop_per_capita,primary_training,132,intercept,0.2589810943504772
drop_per_capita,primary_training,132,cum_co2_total,0.0188705926432551
drop_per_capita,primary_training,132,abs_latitude,0.0009550928383711008
drop_per_capita,primary_training,132,elevation,2.8598112856722416e-06
drop_per_capita,primary_training,132,continentality,4.115626915472131e-05
drop_per_capita,primary_training,132,population,-0.01556652536343642
drop_per_capita,primary_training,132,station_density,-0.001723892668755198
drop_per_capita,primary_training,132,climate_zone=B,0.004851113551972865
drop_per_capita,primary_training,132,climate_zone=C,-0.022323581435586225
drop_per_capita,primary_training,132,climate_zone=D,-0.006515154782483627
drop_per_capita,primary_training,132,climate_zone=E,-0.0896412024194966
drop_per_capita,primary_training,132,hemisphere=S,-0.02829029580781815
drop_per_capita,primary_training,132,spatial_block=Asia,-0.05326150966357954
drop_per_capita,primary_training,132,spatial_block=Europe,-0.06224158790228941
drop_per_capita,primary_training,132,spatial_block=North America,-0.10042618388774673
drop_per_capita,primary_training,132,spatial_block=Oceania,-0.05557826133043478
drop_per_capita,primary_training,132,spatial_block=South America,-0.06292609025638064
drop_per_capita,primary_training,132,income_group=Low-income countries,0.003947723171648639
drop_per_capita,primary_training,132,income_group=Lower-middle-income countries,-0.010064141677902184
drop_per_capita,primary_training,132,income_group=Upper-middle-income countries,-0.017180351901420816
drop_per_capita,primary_training,133,intercept,0.22427786686182402
drop_per_capita,primary_training,133,cum_co2_total,0.014702933917729536
drop_per_capita,primary_training,133,abs_latitude,0.0008970822721505031
drop_per_capita,primary_training,133,elevation,3.026094039210539e-06
drop_per_capita,primary_training,133,continentality,3.8191817868297895e-05
drop_per_capita,primary_training,133,population,-0.010320259548574014
drop_per_capita,primary_training,133,station_density,-0.0014536370579648907
drop_per_capita,primary_training,133,climate_zone=B,0.010343818707909139
drop_per_capita,primary_training,133,climate_zone=C,-0.015811320473821222
drop_per_capita,primary_training,133,climate_zone=D,-0.0021689553020450307
drop_per_capita,primary_training,133,climate_zone=E,-0.07970662577351527
drop_per_capita,primary_training,133,hemisphere=S,-0.028964341478973393
drop_per_capita,primary_training,133,spatial_block=Asia,-0.05179834043787941
drop_per_capita,primary_training,133,spatial_block=Europe,-0.05354793423859409
drop_per_capita,primary_training,133,spatial_block=North America,-0.0618727397609836
drop_per_capita,primary_training,133,spatial_block=Oceania,-0.04815612635593127
drop_per_capita,primary_training,133,spatial_block=South America,-0.06232860921896186
drop_per_capita,primary_training,133,income_group=Low-income countries,0.008602238878393037
drop_per_capita,primary_training,133,income_group=Lower-middle-income countries,-0.004708825604718381
drop_per_capita,primary_training,133,income_group=Upper-middle-income countries,-0.007896321227016915
drop_per_capita,primary_training,134,intercept,0.21971880433554797
drop_per_capita,primary_training,134,cum_co2_total,0.011522475418694804
drop_per_capita,primary_training,134,abs_latitude,0.0008450643840949149
drop_per_capita,primary_training,134,elevation,4.104294746746056e-06
drop_per_capita,primary_training,134,continentality,3.8007243546888715e-05
drop_per_capita,primary_training,134,population,-0.0076833994084534426
drop_per_capita,primary_training,134,station_density,-0.0014610262669437694
drop_per_capita,primary_training,134,climate_zone=B,0.010811062246683375
drop_per_capita,primary_training,134,climate_zone=C,-0.016236229279015742
drop_per_capita,primary_training,134,climate_zone=D,-0.0023279918374558587
drop_per_capita,primary_training,134,climate_zone=E,-0.08076083526879473
drop_per_capita,primary_training,134,hemisphere=S,-0.029903875790672836
drop_per_capita,primary_training,134,spatial_block=Asia,-0.0511103893911281
drop_per_capita,primary_training,134,spatial_block=Europe,-0.052497995863529906
drop_per_capita,primary_training,134,spatial_block=North America,-0.05788602912921454
drop_per_capita,primary_training,134,spatial_block=Oceania,-0.04703764751712676
drop_per_capita,primary_training,134,spatial_block=South America,-0.0621049382914054
drop_per_capita,primary_training,134,income_group=Low-income countries,-0.00021644408993877053
drop_per_capita,primary_training,134,income_group=Lower-middle-income countries,-0.010977975693591798
drop_per_capita,primary_training,134,income_group=Upper-middle-income countries,-0.011685225474443405
drop_per_capita,primary_training,135,intercept,0.24496573351420994
drop_per_capita,primary_training,135,cum_co2_total,0.015168800164928279
drop_per_capita,primary_training,135,abs_latitude,0.0010513787828375688
drop_per_capita,primary_training,135,elevation,-5.095457699684885e-07
drop_per_capita,primary_training,135,continentality,4.1100355996592674e-05
drop_per_capita,primary_training,135,population,-0.012441953387734808
drop_per_capita,primary_training,135,station_density,-0.001744500574118779
drop_per_capita,primary_training,135,climate_zone=B,0.005613594330670756
drop_per_capita,primary_training,135,climate_zone=C,-0.023268063212690385
drop_per_capita,primary_training,135,climate_zone=D,-0.007325372280625302
drop_per_capita,primary_training,135,climate_zone=E,-0.09305695907530387
drop_per_capita,primary_training,135,hemisphere=S,-0.02591207974642791
drop_per_capita,primary_training,135,spatial_block=Asia,-0.05155532230167262
drop_per_capita,primary_training,135,spatial_block=Europe,-0.05985505729314758
drop_per_capita,primary_training,135,spatial_block=North America,-0.08672327345857093
drop_per_capita,primary_training,135,spatial_block=Oceania,-0.05637819718542713
drop_per_capita,primary_training,135,spatial_block=South America,-0.0627148336942389
drop_per_capita,primary_training,135,income_group=Low-income countries,0.002029805576272208
drop_per_capita,primary_training,135,income_group=Lower-middle-income countries,-0.01023099541068357
drop_per_capita,primary_training,135,income_group=Upper-middle-income countries,-0.01563881730234942
drop_per_capita,primary_training,136,intercept,0.24312293305909446
drop_per_capita,primary_training,136,cum_co2_total,0.012871601406835584
drop_per_capita,primary_training,136,abs_latitude,0.000957339707254621
drop_per_capita,primary_training,136,elevation,8.823355684723158e-07
drop_per_capita,primary_training,136,continentality,3.702971919424212e-05
drop_per_capita,primary_training,136,population,-0.011794575854549677
drop_per_capita,primary_training,136,station_density,-0.0015250278216701755
drop_per_capita,primary_training,136,climate_zone=B,0.007482846215816206
drop_per_capita,primary_training,136,climate_zone=C,-0.020463054127707117
drop_per_capita,primary_training,136,climate_zone=D,-0.011371267648012669
drop_per_capita,primary_training,136,climate_zone=E,-0.0928334146736473
drop_per_capita,primary_training,136,hemisphere=S,-0.026715779126945324
drop_per_capita,primary_training,136,spatial_block=Asia,-0.04880516353940912
drop_per_capita,primary_training,136,spatial_block=Europe,-0.05071503207013106
drop_per_capita,primary_training,136,spatial_block=North America,-0.09147930001368546
drop_per_capita,primary_training,136,spatial_block=Oceania,-0.050954813392491735
drop_per_capita,primary_training,136,spatial_block=South America,-0.06253753178511627
drop_per_capita,primary_training,136,income_group=Low-income countries,0.004768597785983951
drop_per_capita,primary_training,136,income_group=Lower-middle-income countries,-0.007568745520365771
drop_per_capita,primary_training,136,income_group=Upper-middle-income countries,-0.008761653370814134
drop_per_capita,primary_training,137,intercept,0.254413701898888
drop_per_capita,primary_training,137,cum_co2_total,0.015762446766931542
drop_per_capita,primary_training,137,abs_latitude,0.0012232106382053575
drop_per_capita,primary_training,137,elevation,8.453590073400392e-09
drop_per_capita,primary_training,137,continentality,4.23811159055896e-05
drop_per_capita,primary_training,137,population,-0.014075870831613014
drop_per_capita,primary_training,137,station_density,-0.001967996034908174
drop_per_capita,primary_training,137,climate_zone=B,0.004422656998174653
drop_per_capita,primary_training,137,climate_zone=C,-0.021028413919288613
drop_per_capita,primary_training,137,climate_zone=D,-0.007950863405454263
drop_per_capita,primary_training,137,climate_zone=E,-0.09770614551683614
drop_per_capita,primary_training,137,hemisphere=S,-0.03152613711639877
drop_per_capita,primary_training,137,spatial_block=Asia,-0.056331399571377866
drop_per_capita,primary_training,137,spatial_block=Europe,-0.06828757338370431
drop_per_capita,primary_training,137,spatial_block=North America,-0.09221583820506236
drop_per_capita,primary_training,137,spatial_block=Oceania,-0.10644388555617808
drop_per_capita,primary_training,137,spatial_block=South America,-0.06035693410365094
drop_per_capita,primary_training,137,income_group=Low-income countries,0.0027262205185850487
drop_per_capita,primary_training,137,income_group=Lower-middle-income countries,-0.010561129044207966
drop_per_capita,primary_training,137,income_group=Upper-middle-income countries,-0.016886074619443744
drop_per_capita,primary_training,138,intercept,0.24598193702777432
drop_per_capita,primary_training,138,cum_co2_total,0.014784605290422475
drop_per_capita,primary_training,138,abs_latitude,0.0011500177643227094
drop_per_capita,primary_training,138,elevation,-3.181658674297564e-07
drop_per_capita,primary_training,138,continentality,4.078844626157458e-05
drop_per_capita,primary_training,138,population,-0.012450210775443627
drop_per_capita,primary_training,138,station_density,-0.0016645271751825673
drop_per_capita,primary_training,138,climate_zone=B,0.004729528244579232
drop_per_capita,primary_training,138,climate_zone=C,-0.0231004317102564
drop_per_capita,primary_training,138,climate_zone=D,-0.008051634404950572
drop_per_capita,primary_training,138,climate_zone=E,-0.09544094708108407
drop_per_capita,primary_training,138,hemisphere=S,-0.02668871690801724
drop_per_capita,primary_training,138,spatial_block=Asia,-0.05323330217799438
drop_per_capita,primary_training,138,spatial_block=Europe,-0.06405424069812149
drop_per_capita,primary_training,138,spatial_block=North America,-0.09127661748439854
drop_per_capita,primary_training,138,spatial_block=Oceania,-0.03342233546561767
drop_per_capita,primary_training,138,spatial_block=South America,-0.06299515734664504
drop_per_capita,primary_training,138,income_group=Low-income countries,0.001246706198884098
drop_per_capita,primary_training,138,income_group=Lower-middle-income countries,-0.011906858941303878
drop_per_capita,primary_training,138,income_group=Upper-middle-income countries,-0.015553412479106923
drop_per_capita,primary_training,139,intercept,0.254413701898888
drop_per_capita,primary_training,139,cum_co2_total,0.015762446766931542
drop_per_capita,primary_training,139,abs_latitude,0.0012232106382053575
drop_per_capita,primary_training,139,elevation,8.453590073400392e-09
drop_per_capita,primary_training,139,continentality,4.23811159055896e-05
drop_per_capita,primary_training,139,population,-0.014075870831613014
drop_per_capita,primary_training,139,station_density,-0.001967996034908174
drop_per_capita,primary_training,139,climate_zone=B,0.004422656998174653
drop_per_capita,primary_training,139,climate_zone=C,-0.021028413919288613
drop_per_capita,primary_training,139,climate_zone=D,-0.007950863405454263
drop_per_capita,primary_training,139,climate_zone=E,-0.09770614551683614
drop_per_capita,primary_training,139,hemisphere=S,-0.03152613711639877
drop_per_capita,primary_training,139,spatial_block=Asia,-0.056331399571377866
drop_per_capita,primary_training,139,spatial_block=Europe,-0.06828757338370431
drop_per_capita,primary_training,139,spatial_block=North America,-0.09221583820506236
drop_per_capita,primary_training,139,spatial_block=Oceania,-0.10644388555617808
drop_per_capita,primary_training,139,spatial_block=South America,-0.06035693410365094
drop_per_capita,primary_training,139,income_group=Low-income countries,0.0027262205185850487
drop_per_capita,primary_training,139,income_group=Lower-middle-income countries,-0.010561129044207966
drop_per_capita,primary_training,139,income_group=Upper-middle-income countries,-0.016886074619443744
drop_per_capita,primary_training,140,intercept,0.2400482286223603
drop_per_capita,primary_training,140,cum_co2_total,0.013738118986607609
drop_per_capita,primary_training,140,abs_latitude,0.0013524326418503474
drop_per_capita,primary_training,140,elevation,-1.2983445194086978e-06
drop_per_capita,primary_training,140,continentality,4.2276961472510853e-05
drop_per_capita,primary_training,140,population,-0.011375795367431194
drop_per_capita,primary_training,140,station_density,-0.0020228942989334907
drop_per_capita,primary_training,140,climate_zone=B,0.0034789054875270765
drop_per_capita,primary_training,140,climate_zone=C,-0.028679174576811246
drop_per_capita,primary_training,140,climate_zone=D,-0.014249642032746203
drop_per_capita,primary_training,140,climate_zone=E,-0.10610294248666446
drop_per_capita,primary_training,140,hemisphere=S,-0.023735471088435368
drop_per_capita,primary_training,140,spatial_block=Asia,-0.05264814556349686
drop_per_capita,primary_training,140,spatial_block=Europe,-0.06428523540664934
drop_per_capita,primary_training,140,spatial_block=North America,-0.09055328110998967
drop_per_capita,primary_training,140,spatial_block=Oceania,-0.06019799029268024
drop_per_capita,primary_training,140,spatial_block=South America,-0.05371826649433376
drop_per_capita,primary_training,140,income_group=Low-income countries,-0.001595919943863681
drop_per_capita,primary_training,140,income_group=Lower-middle-income countries,-0.01277784191578428
drop_per_capita,primary_training,140,income_group=Upper-middle-income countries,-0.01737321840717778
drop_per_capita,primary_training,141,intercept,0.2330614471984152
drop_per_capita,primary_training,141,cum_co2_total,0.013466037029992464
drop_per_capita,primary_training,141,abs_latitude,0.0013134652314629733
drop_per_capita,primary_training,141,elevation,-7.364687350265559e-07
drop_per_capita,primary_training,141,continentality,4.1452418209850094e-05
drop_per_capita,primary_training,141,population,-0.010374098162191191
drop_per_capita,primary_training,141,station_density,-0.0020278791165361542
drop_per_capita,primary_training,141,climate_zone=B,0.00554192094557395
drop_per_capita,primary_training,141,climate_zone=C,-0.028623791174498314
drop_per_capita,primary_training,141,climate_zone=D,-0.013535491725793316
drop_per_capita,primary_training,141,climate_zone=E,-0.10382982280655025
drop_per_capita,primary_training,141,hemisphere=S,-0.023122608884913232
drop_per_capita,primary_training,141,spatial_block=Asia,-0.05235317607898163
drop_per_capita,primary_training,141,spatial_block=Europe,-0.06200701858707862
drop_per_capita,primary_training,141,spatial_block=North America,-0.08937855407636555
drop_per_capita,primary_training,141,spatial_block=Oceania,-0.05890395443847195
drop_per_capita,primary_training,141,spatial_block=South America,-0.05117326423404495
drop_per_capita,primary_training,141,income_group=Low-income countries,-0.001617723262835594
drop_per_capita,primary_training,141,income_group=Lower-middle-income countries,-0.012558571170046051
drop_per_capita,primary_training,141,income_group=Upper-middle-income countries,-0.016582924298929182
drop_per_capita,primary_training,142,intercept,0.22763327935222943
drop_per_capita,primary_training,142,cum_co2_total,0.01239706901684359
drop_per_capita,primary_training,142,abs_latitude,0.0013586018903244325
drop_per_capita,primary_training,142,elevation,-9.298479796312675e-07
drop_per_capita,primary_training,142,continentality,4.141427716772576e-05
drop_per_capita,primary_training,142,population,-0.009169871619740144
drop_per_capita,primary_training,142,station_density,-0.0020331286754873795
drop_per_capita,primary_training,142,climate_zone=B,0.005722937062548563
drop_per_capita,primary_training,142,climate_zone=C,-0.028056301371421392
drop_per_capita,primary_training,142,climate_zone=D,-0.013127813408121082
drop_per_capita,primary_training,142,climate_zone=E,-0.10421325023383776
drop_per_capita,primary_training,142,hemisphere=S,-0.02322362117232251
drop_per_capita,primary_training,142,spatial_block=Asia,-0.052752366715404314
drop_per_capita,primary_training,142,spatial_block=Europe,-0.0634638126885954
drop_per_capita,primary_training,142,spatial_block=North America,-0.08960640102795837
drop_per_capita,primary_training,142,spatial_block=Oceania,-0.05955901190241829
drop_per_capita,primary_training,142,spatial_block=South America,-0.09917106205974596
drop_per_capita,primary_training,142,income_group=Low-income countries,-0.0033423771360001453
drop_per_capita,primary_training,142,income_group=Lower-middle-income countries,-0.013888729813138524
drop_per_capita,primary_training,142,income_group=Upper-middle-income countries,-0.017609468511056027
drop_per_capita,primary_training,143,intercept,0.21337528580531437
drop_per_capita,primary_training,143,cum_co2_total,0.01134554101551219
drop_per_capita,primary_training,143,abs_latitude,0.001296828982598405
drop_per_capita,primary_training,143,elevation,-1.996376132599455e-06
drop_per_capita,primary_training,143,continentality,4.145736448460191e-05
drop_per_capita,primary_training,143,population,-0.007154593822779406
drop_per_capita,primary_training,143,station_density,-0.0018644047511118434
drop_per_capita,primary_training,143,climate_zone=B,0.009094866028116953
drop_per_capita,primary_training,143,climate_zone=C,-0.02485135528622357
drop_per_capita,primary_training,143,climate_zone=D,-0.008653037803027152
drop_per_capita,primary_training,143,climate_zone=E,-0.097018344571408
drop_per_capita,primary_training,143,hemisphere=S,-0.020610099990635268
drop_per_capita,primary_training,143,spatial_block=Asia,-0.051986203283228276
drop_per_capita,primary_training,143,spatial_block=Europe,-0.061073365316090325
drop_per_capita,primary_training,143,spatial_block=North America,-0.0875610822811832
drop_per_capita,primary_training,143,spatial_block=Oceania,-0.059616795861188045
drop_per_capita,primary_training,143,spatial_block=South America,-0.03973126250022692
drop_per_capita,primary_training,143,income_group=Low-income countries,-0.002165613712987046
drop_per_capita,primary_training,143,income_group=Lower-middle-income countries,-0.013086301010223499
drop_per_capita,primary_training,143,income_group=Upper-middle-income countries,-0.015718809210066475
drop_per_capita,primary_training,144,intercept,0.27006823118026946
drop_per_capita,primary_training,144,cum_co2_total,0.017881995575303306
drop_per_capita,primary_training,144,abs_latitude,0.0011457233998905115
drop_per_capita,primary_training,144,elevation,2.200814052195554e-06
drop_per_capita,primary_training,144,continentality,4.166603231196313e-05
drop_per_capita,primary_training,144,population,-0.016794982752434056
drop_per_capita,primary_training,144,station_density,-0.0020593884575159566
drop_per_capita,primary_training,144,climate_zone=B,0.0019186357054060698
drop_per_capita,primary_training,144,climate_zone=C,-0.027736329282992467
drop_per_capita,primary_training,144,climate_zone=D,-0.014364830824207642
drop_per_capita,primary_training,144,climate_zone=E,-0.10422043120797722
drop_per_capita,primary_training,144,hemisphere=S,-0.027905191540255045
drop_per_capita,primary_training,144,spatial_block=Asia,-0.05208787478683654
drop_per_capita,primary_training,144,spatial_block=Europe,-0.06221811307308003
drop_per_capita,primary_training,144,spatial_block=North America,-0.08935268236369596
drop_per_capita,primary_training,144,spatial_block=Oceania,-0.05682017501307915
drop_per_capita,primary_training,144,spatial_block=South America,-0.07822669930241048
drop_per_capita,primary_training,144,income_group=Low-income countries,0.0020515111323496367
drop_per_capita,primary_training,144,income_group=Lower-middle-income countries,-0.010057048660219862
drop_per_capita,primary_training,144,income_group=Upper-middle-income countries,-0.01845770711623439
drop_per_capita,primary_training,145,intercept,0.26254805355795996
drop_per_capita,primary_training,145,cum_co2_total,0.01695399233350938
drop_per_capita,primary_training,145,abs_latitude,0.0011924197020562845
drop_per_capita,primary_training,145,elevation,9.573712329079475e-07
drop_per_capita,primary_training,145,continentality,4.1350922547064385e-05
drop_per_capita,primary_training,145,population,-0.01554691544430712
drop_per_capita,primary_training,145,station_density,-0.0019650792948303995
drop_per_capita,primary_training,145,climate_zone=B,0.0022342407129975245
drop_per_capita,primary_training,145,climate_zone=C,-0.027659558034868463
drop_per_capita,primary_training,145,climate_zone=D,-0.013736756958450202
drop_per_capita,primary_training,145,climate_zone=E,-0.1036159916029954
drop_per_capita,primary_training,145,hemisphere=S,-0.02846247730435299
drop_per_capita,primary_training,145,spatial_block=Asia,-0.05281375714713287
drop_per_capita,primary_training,145,spatial_block=Europe,-0.06301047036876058
drop_per_capita,primary_training,145,spatial_block=North America,-0.09129611201690722
drop_per_capita,primary_training,145,spatial_block=Oceania,-0.05623604737311134
drop_per_capita,primary_training,145,spatial_block=South America,-0.07456531022626135
drop_per_capita,primary_training,145,income_group=Low-income countries,0.00276804755361927
drop_per_capita,primary_training,145,income_group=Lower-middle-income countries,-0.00941827502578103
drop_per_capita,primary_training,145,income_group=Upper-middle-income countries,-0.01668212299186132
drop_per_capita,primary_training,146,intercept,0.2400482286223603
drop_per_capita,primary_training,146,cum_co2_total,0.013738118986607609
drop_per_capita,primary_training,146,abs_latitude,0.0013524326418503474
drop_per_capita,primary_training,146,elevation,-1.2983445194086978e-06
drop_per_capita,primary_training,146,continentality,4.2276961472510853e-05
drop_per_capita,primary_training,146,population,-0.011375795367431194
drop_per_capita,primary_training,146,station_density,-0.0020228942989334907
drop_per_capita,primary_training,146,climate_zone=B,0.0034789054875270765
drop_per_capita,primary_training,146,climate_zone=C,-0.028679174576811246
drop_per_capita,primary_training,146,climate_zone=D,-0.014249642032746203
drop_per_capita,primary_training,146,climate_zone=E,-0.10610294248666446
drop_per_capita,primary_training,146,hemisphere=S,-0.023735471088435368
drop_per_capita,primary_training,146,spatial_block=Asia,-0.05264814556349686
drop_per_capita,primary_training,146,spatial_block=Europe,-0.06428523540664934
drop_per_capita,primary_training,146,spatial_block=North America,-0.09055328110998967
drop_per_capita,primary_training,146,spatial_block=Oceania,-0.06019799029268024
drop_per_capita,primary_training,146,spatial_block=South America,-0.05371826649433376
drop_per_capita,primary_training,146,income_group=Low-income countries,-0.001595919943863681
drop_per_capita,primary_training,146,income_group=Lower-middle-income countries,-0.01277784191578428
drop_per_capita,primary_training,146,income_group=Upper-middle-income countries,-0.01737321840717778
drop_per_capita,primary_training,147,intercept,0.2576735281728328
drop_per_capita,primary_training,147,cum_co2_total,0.015908080702211818
drop_per_capita,primary_training,147,abs_latitude,0.0012208405484435375
drop_per_capita,primary_training,147,elevation,1.2766416587158982e-07
drop_per_capita,primary_training,147,continentality,4.115198128167223e-05
drop_per_capita,primary_training,147,population,-0.014309099283561421
drop_per_capita,primary_training,147,station_density,-0.0019941741380493936
drop_per_capita,primary_training,147,climate_zone=B,0.0024951148347300595
drop_per_capita,primary_training,147,climate_zone=C,-0.027154697376576848
drop_per_capita,primary_training,147,climate_zone=D,-0.013022186423111298
drop_per_capita,primary_training,147,climate_zone=E,-0.10360177999484114
drop_per_capita,primary_training,147,hemisphere=S,-0.027868519912302603
drop_per_capita,primary_training,147,spatial_block=Asia,-0.052984052204211804
drop_per_capita,primary_training,147,spatial_block=Europe,-0.06444233658033688
drop_per_capita,primary_training,147,spatial_block=North America,-0.09181781860999744
drop_per_capita,primary_training,147,spatial_block=Oceania,-0.05782029101186324
drop_per_capita,primary_training,147,spatial_block=South America,-0.07321962280851098
drop_per_capita,primary_training,147,income_group=Low-income countries,0.0006956692881274185
drop_per_capita,primary_training,147,income_group=Lower-middle-income countries,-0.011383829209277479
drop_per_capita,primary_training,147,income_group=Upper-middle-income countries,-0.01770134252426526
drop_per_capita,primary_training,148,intercept,0.24775171668634843
drop_per_capita,primary_training,148,cum_co2_total,0.015416386555914572
drop_per_capita,primary_training,148,abs_latitude,0.0011863890510854477
drop_per_capita,primary_training,148,elevation,1.2231008048177099e-06
drop_per_capita,primary_training,148,continentality,4.039212013916852e-05
drop_per_capita,primary_training,148,population,-0.012832386644741853
drop_per_capita,primary_training,148,station_density,-0.002031515380673227
drop_per_capita,primary_training,148,climate_zone=B,0.003115747808518053
drop_per_capita,primary_training,148,climate_zone=C,-0.027771865984129184
drop_per_capita,primary_training,148,climate_zone=D,-0.013175534596437527
drop_per_capita,primary_training,148,climate_zone=E,-0.10193497857902804
drop_per_capita,primary_training,148,hemisphere=S,-0.025864929608211535
drop_per_capita,primary_training,148,spatial_block=Asia,-0.05192876230772151
drop_per_capita,primary_training,148,spatial_block=Europe,-0.06116486607519847
drop_per_capita,primary_training,148,spatial_block=North America,-0.09010010192583157
drop_per_capita,primary_training,148,spatial_block=Oceania,-0.05712972301833124
drop_per_capita,primary_training,148,spatial_block=South America,-0.07528471331323057
drop_per_capita,primary_training,148,income_group=Low-income countries,0.00012691822705978624
drop_per_capita,primary_training,148,income_group=Lower-middle-income countries,-0.01132871740902984
drop_per_capita,primary_training,148,income_group=Upper-middle-income countries,-0.017134218005276414
drop_per_capita,primary_training,149,intercept,0.24882716565573626
drop_per_capita,primary_training,149,cum_co2_total,0.01577453564407267
drop_per_capita,primary_training,149,abs_latitude,0.0012605217180345048
drop_per_capita,primary_training,149,elevation,-2.250833595229371e-07
drop_per_capita,primary_training,149,continentality,4.2447520783365876e-05
drop_per_capita,primary_training,149,population,-0.013423969669863567
drop_per_capita,primary_training,149,station_density,-0.0019348368522240627
drop_per_capita,primary_training,149,climate_zone=B,0.003342451752878442
drop_per_capita,primary_training,149,climate_zone=C,-0.03039439242879425
drop_per_capita,primary_training,149,climate_zone=D,-0.015515034711208412
drop_per_capita,primary_training,149,climate_zone=E,-0.10505439851815225
drop_per_capita,primary_training,149,hemisphere=S,-0.02554730894539833
drop_per_capita,primary_training,149,spatial_block=Asia,-0.05276621345349229
drop_per_capita,primary_training,149,spatial_block=Europe,-0.061364565661341595
drop_per_capita,primary_training,149,spatial_block=North America,-0.09051747029620581
drop_per_capita,primary_training,149,spatial_block=Oceania,-0.05655456956094825
drop_per_capita,primary_training,149,spatial_block=South America,-0.06219209774630727
drop_per_capita,primary_training,149,income_group=Low-income countries,0.001575202074523976
drop_per_capita,primary_training,149,income_group=Lower-middle-income countries,-0.009943608343411375
drop_per_capita,primary_training,149,income_group=Upper-middle-income countries,-0.014881052851821423
drop_per_capita,primary_training,150,intercept,0.2463860948835949
drop_per_capita,primary_training,150,cum_co2_total,0.015113345934164881
drop_per_capita,primary_training,150,abs_latitude,0.0011987462770321057
drop_per_capita,primary_training,150,elevation,8.37542777687432e-07
drop_per_capita,primary_training,150,continentality,4.048545376339574e-05
drop_per_capita,primary_training,150,population,-0.01265777789269983
drop_per_capita,primary_training,150,station_density,-0.0020535524474545883
drop_per_capita,primary_training,150,climate_zone=B,0.0036901818843718477
drop_per_capita,primary_training,150,climate_zone=C,-0.02713043355027257
drop_per_capita,primary_training,150,climate_zone=D,-0.012588502532326094
drop_per_capita,primary_training,150,climate_zone=E,-0.10184774090344072
drop_per_capita,primary_training,150,hemisphere=S,-0.02447791053098946
drop_per_capita,primary_training,150,spatial_block=Asia,-0.051392789665019006
drop_per_capita,primary_training,150,spatial_block=Europe,-0.06095113000319226
drop_per_capita,primary_training,150,spatial_block=North America,-0.08951810064386709
drop_per_capita,primary_training,150,spatial_block=Oceania,-0.05822949478835009
drop_per_capita,primary_training,150,spatial_block=South America,-0.07785285049536315
drop_per_capita,primary_training,150,income_group=Low-income countries,0.00022842819233963917
drop_per_capita,primary_training,150,income_group=Lower-middle-income countries,-0.011290671218526779
drop_per_capita,primary_training,150,income_group=Upper-middle-income countries,-0.017297958116466366
drop_per_capita,full_sample,-1,intercept,0.24552989867604766
drop_per_capita,full_sample,-1,cum_co2_total,0.01577237906570938
drop_per_capita,full_sample,-1,abs_latitude,0.0010642452637554718
drop_per_capita,full_sample,-1,elevation,-6.296829141534788e-07
drop_per_capita,full_sample,-1,continentality,4.107686048068741e-05
drop_per_capita,full_sample,-1,population,-0.012868445142368274
drop_per_capita,full_sample,-1,station_density,-0.0016966102777798593
drop_per_capita,full_sample,-1,climate_zone=B,0.005475457146156781
drop_per_capita,full_sample,-1,climate_zone=C,-0.023135901183411384
drop_per_capita,full_sample,-1,climate_zone=D,-0.0071294906901603295
drop_per_capita,full_sample,-1,climate_zone=E,-0.09245680988584253
drop_per_capita,full_sample,-1,hemisphere=S,-0.02627875249548877
drop_per_capita,full_sample,-1,spatial_block=Asia,-0.052218730348831205
drop_per_capita,full_sample,-1,spatial_block=Europe,-0.06076538582413299
drop_per_capita,full_sample,-1,spatial_block=North America,-0.09000707685422299
drop_per_capita,full_sample,-1,spatial_block=Oceania,-0.0562746038214019
drop_per_capita,full_sample,-1,spatial_block=South America,-0.06223792297587291
drop_per_capita,full_sample,-1,income_group=Low-income countries,0.003619260377779571
drop_per_capita,full_sample,-1,income_group=Lower-middle-income countries,-0.009361469618728831
drop_per_capita,full_sample,-1,income_group=Upper-middle-income countries,-0.014529819083070257
drop_total,primary_training,0,intercept,0.15587726209329011
drop_total,primary_training,0,cum_co2_per_capita,0.018628721158951023
drop_total,primary_training,0,abs_latitude,0.0009470424505858641
drop_total,primary_training,0,elevation,-5.536808511999685e-07
drop_total,primary_training,0,continentality,4.4439970806026076e-05
drop_total,primary_training,0,population,0.0010589808748793393
drop_total,primary_training,0,station_density,-0.0013839847511855044
drop_total,primary_training,0,climate_zone=B,0.004040220938925471
drop_total,primary_training,0,climate_zone=C,-0.028036843150848985
drop_total,primary_training,0,climate_zone=D,-0.008200931790255217
drop_total,primary_training,0,climate_zone=E,-0.09267062088617853
drop_total,primary_training,0,hemisphere=S,-0.02179433154859387
drop_total,primary_training,0,spatial_block=Asia,-0.046808979885808656
drop_total,primary_training,0,spatial_block=Europe,-0.055485023234807855
drop_total,primary_training,0,spatial_block=North America,-0.08543090210772927
drop_total,primary_training,0,spatial_block=Oceania,-0.05298965007492719
drop_total,primary_training,0,spatial_block=South America,-0.06059260481319166
drop_total,primary_training,0,income_group=Low-income countries,0.008165084887322871
drop_total,primary_training,0,income_group=Lower-middle-income countries,-0.009264831117934847
drop_total,primary_training,0,income_group=Upper-middle-income countries,-0.013834293135799394
drop_total,primary_training,1,intercept,0.16930207658790788
drop_total,primary_training,1,cum_co2_per_capita,0.01638056162034332
drop_total,primary_training,1,abs_latitude,0.001073780112785264
drop_total,primary_training,1,elevation,3.5502395972375485e-07
drop_total,primary_training,1,continentality,4.431029782069626e-05
drop_total,primary_training,1,population,0.0007487117521515307
drop_total,primary_training,1,station_density,-0.0015339964897047957
drop_total,primary_training,1,climate_zone=B,0.00618364213204731
drop_total,primary_training,1,climate_zone=C,-0.02659524667660369
drop_total,primary_training,1,climate_zone=D,-0.011538935135354906
drop_total,primary_training,1,climate_zone=E,-0.09860403799239072
drop_total,primary_training,1,hemisphere=S,-0.022507657839973626
drop_total,primary_training,1,spatial_block=Asia,-0.05591358885043437
drop_total,primary_training,1,spatial_block=Europe,-0.06378870986693568
drop_total,primary_training,1,spatial_block=North America,-0.09420352045834113
drop_total,primary_training,1,spatial_block=Oceania,-0.06169353204493404
drop_total,primary_training,1,spatial_block=South America,-0.07047890486237314
drop_total,primary_training,1,income_group=Low-income countries,-0.002646598646380744
drop_total,primary_training,1,income_group=Lower-middle-income countries,-0.012490198647516531
drop_total,primary_training,1,income_group=Upper-middle-income countries,-0.013386114417555137
drop_total,primary_training,2,intercept,0.14917945144610753
drop_total,primary_training,2,cum_co2_per_capita,0.01689727516672334
drop_total,primary_training,2,abs_latitude,0.0010523391357630028
drop_total,primary_training,2,elevation,-4.6744327099251066e-07
drop_total,primary_training,2,continentality,4.016889282919006e-05
drop_total,primary_training,2,population,0.0022940558771029776
drop_total,primary_training,2,station_density,-0.0017229138748172522
drop_total,primary_training,2,climate_zone=B,0.006445982075691757
drop_total,primary_training,2,climate_zone=C,-0.022005856884708665
drop_total,primary_training,2,climate_zone=D,-0.006518161332245198
drop_total,primary_training,2,climate_zone=E,-0.09225296260730409
drop_total,primary_training,2,hemisphere=S,-0.02378793628810396
drop_total,primary_training,2,spatial_block=Asia,-0.04915337078352404
drop_total,primary_training,2,spatial_block=Europe,-0.05801022929772373
drop_total,primary_training,2,spatial_block=North America,-0.08663603963650401
drop_total,primary_training,2,spatial_block=Oceania,-0.055951373658479436
drop_total,primary_training,2,spatial_block=South America,-0.06108504573365987
drop_total,primary_training,2,income_group=Low-income countries,0.007560523375407659
drop_total,primary_training,2,income_group=Lower-middle-income countries,-0.008393097563440656
drop_total,primary_training,2,income_group=Upper-middle-income countries,-0.013589010132520115
drop_total,primary_training,3,intercept,0.17034648914556763
drop_total,primary_training,3,cum_co2_per_capita,0.01698814100917283
drop_total,primary_training,3,abs_latitude,0.0012470921830313867
drop_total,primary_training,3,elevation,1.1426531861083036e-06
drop_total,primary_training,3,continentality,4.06234928662126e-05
drop_total,primary_training,3,population,-0.00025950518283824855
drop_total,primary_training,3,station_density,-0.001367159996114497
drop_total,primary_training,3,climate_zone=B,0.007757285357169276
drop_total,primary_training,3,climate_zone=C,-0.025753808073364852
drop_total,primary_training,3,climate_zone=D,-0.011945634393093332
drop_total,primary_training,3,climate_zone=E,-0.10234367477473456
drop_total,primary_training,3,hemisphere=S,-0.013587895057817045
drop_total,primary_training,3,spatial_block=Asia,-0.05846286299153755
drop_total,primary_training,3,spatial_block=Europe,-0.06824234957816062
drop_total,primary_training,3,spatial_block=North America,-0.09456798731650475
drop_total,primary_training,3,spatial_block=Oceania,-0.07230115718853813
drop_total,primary_training,3,spatial_block=South America,-0.07720945252480194
drop_total,primary_training,3,income_group=Low-income countries,0.0007305240090099145
drop_total,primary_training,3,income_group=Lower-middle-income countries,-0.008599285477297686
drop_total,primary_training,3,income_group=Upper-middle-income countries,-0.011733184064238854
drop_total,primary_training,4,intercept,0.13784027188166328
drop_total,primary_training,4,cum_co2_per_capita,0.01915967815255042
drop_total,primary_training,4,abs_latitude,0.0010382968142417558
drop_total,primary_training,4,elevation,2.2180004654509283e-07
drop_total,primary_training,4,continentality,4.078864395830704e-05
drop_total,primary_training,4,population,0.0024812537642373567
drop_total,primary_training,4,station_density,-0.0017421637264965124
drop_total,primary_training,4,climate_zone=B,0.004762560456406651
drop_total,primary_training,4,climate_zone=C,-0.022032959932206938
drop_total,primary_training,4,climate_zone=D,-0.007447952381893324
drop_total,primary_training,4,climate_zone=E,-0.09196685113355316
drop_total,primary_training,4,hemisphere=S,-0.019435866715583547
drop_total,primary_training,4,spatial_block=Asia,-0.043793245157933404
drop_total,primary_training,4,spatial_block=Europe,-0.053153130785767624
drop_total,primary_training,4,spatial_block=North America,-0.0811365310910252
drop_total,primary_training,4,spatial_block=Oceania,-0.0548559348019147
drop_total,primary_training,4,spatial_block=South America,-0.05947854985046255
drop_total,primary_training,4,income_group=Low-income countries,0.012965293605452713
drop_total,primary_training,4,income_group=Lower-middle-income countries,-0.008078104201708937
drop_total,primary_training,4,income_group=Upper-middle-income countries,-0.012431938507273836
drop_total,primary_training,5,intercept,0.15158555184853384
drop_total,primary_training,5,cum_co2_per_capita,0.01721020065759715
drop_total,primary_training,5,abs_latitude,0.0011307338271353492
drop_total,primary_training,5,elevation,-2.9278061720185277e-06
drop_total,primary_training,5,continentality,3.911957674031012e-05
drop_total,primary_training,5,population,0.001692821065856196
drop_total,primary_training,5,station_density,-0.0016193572185395073
drop_total,primary_training,5,climate_zone=B,0.008167655675636813
drop_total,primary_training,5,climate_zone=C,-0.01908233968913175
drop_total,primary_training,5,climate_zone=D,-0.003795241194600249
drop_total,primary_training,5,climate_zone=E,-0.0913044530656919
drop_total,primary_training,5,hemisphere=S,-0.033200567395012606
drop_total,primary_training,5,spatial_block=Asia,-0.05173952242420278
drop_total,primary_training,5,spatial_block=Europe,-0.06346478733048977
drop_total,primary_training,5,spatial_block=North America,-0.08906426629503114
drop_total,primary_training,5,spatial_block=Oceania,-0.05071164958124012
drop_total,primary_training,5,spatial_block=South America,-0.055199415851606023
drop_total,primary_training,5,income_group=Low-income countries,0.010833357474171837
drop_total,primary_training,5,income_group=Lower-middle-income countries,-0.0058164663298872
drop_total,primary_training,5,income_group=Upper-middle-income countries,-0.012124085573862709
drop_total,primary_training,6,intercept,0.17589889247186755
drop_total,primary_training,6,cum_co2_per_capita,0.017551688396291613
drop_total,primary_training,6,abs_latitude,0.0008590042764201191
drop_total,primary_training,6,elevation,-2.24696278153217e-06
drop_total,primary_training,6,continentality,4.908224719440167e-05
drop_total,primary_training,6,population,0.0006071854821717934
drop_total,primary_training,6,station_density,-0.0016704557935863873
drop_total,primary_training,6,climate_zone=B,0.0020303246261261653
drop_total,primary_training,6,climate_zone=C,-0.022918822463530764
drop_total,primary_training,6,climate_zone=D,-0.007540783608010541
drop_total,primary_training,6,climate_zone=E,-0.09168814275931786
drop_total,primary_training,6,hemisphere=S,-0.03065176615559615
drop_total,primary_training,6,spatial_block=Asia,-0.05694335290626072
drop_total,primary_training,6,spatial_block=Europe,-0.06554116030001524
drop_total,primary_training,6,spatial_block=North America,-0.09843435915321312
drop_total,primary_training,6,spatial_block=Oceania,-0.05904545835624993
drop_total,primary_training,6,spatial_block=South America,-0.06727459149245343
drop_total,primary_training,6,income_group=Low-income countries,0.00068192400846296
drop_total,primary_training,6,income_group=Lower-middle-income countries,-0.012015424580490599
drop_total,primary_training,6,income_group=Upper-middle-income countries,-0.014571346570935487
drop_total,primary_training,7,intercept,0.1723105492299211
drop_total,primary_training,7,cum_co2_per_capita,0.018749226837969507
drop_total,primary_training,7,abs_latitude,0.0007101041712078535
drop_total,primary_training,7,elevation,-3.097831149068809e-06
drop_total,primary_training,7,continentality,5.36381104686697e-05
drop_total,primary_training,7,population,0.0010726823111090898
drop_total,primary_training,7,station_density,-0.0016579313251753657
drop_total,primary_training,7,climate_zone=B,0.004787482336550237
drop_total,primary_training,7,climate_zone=C,-0.020185819794043977
drop_total,primary_training,7,climate_zone=D,-0.0041122578934559735
drop_total,primary_training,7,climate_zone=E,-0.08490752138582518
drop_total,primary_training,7,hemisphere=S,-0.032821534782740365
drop_total,primary_training,7,spatial_block=Asia,-0.05833751082580741
drop_total,primary_training,7,spatial_block=Europe,-0.06495792617464051
drop_total,primary_training,7,spatial_block=North America,-0.09874206249947363
drop_total,primary_training,7,spatial_block=Oceania,-0.05740691694206168
drop_total,primary_training,7,spatial_block=South America,-0.06705123254177632
drop_total,primary_training,7,income_group=Low-income countries,0.00425910495431926
drop_total,primary_training,7,income_group=Lower-middle-income countries,-0.011600227171225668
drop_total,primary_training,7,income_group=Upper-middle-income countries,-0.01466852260476676
drop_total,primary_training,8,intercept,0.1432028902242752
drop_total,primary_training,8,cum_co2_per_capita,0.017371500929754407
drop_total,primary_training,8,abs_latitude,0.0009824409728610604
drop_total,primary_training,8,elevation,-3.3967543048972045e-06
drop_total,primary_training,8,continentality,4.8280595401234106e-05
drop_total,primary_training,8,population,0.0044971544073312145
drop_total,primary_training,8,station_density,-0.0014889754970406873
drop_total,primary_training,8,climate_zone=B,0.012953533314942846
drop_total,primary_training,8,climate_zone=C,-0.022474865754251287
drop_total,primary_training,8,climate_zone=D,-0.0038230130346214005
drop_total,primary_training,8,climate_zone=E,-0.08519777299753842
drop_total,primary_training,8,hemisphere=S,-0.03293731913382781
drop_total,primary_training,8,spatial_block=Asia,-0.06304998778780686
drop_total,primary_training,8,spatial_block=Europe,-0.06807238224779977
drop_total,primary_training,8,spatial_block=North America,-0.0970828179924187
drop_total,primary_training,8,spatial_block=Oceania,-0.056312075320251655
drop_total,primary_training,8,spatial_block=South America,-0.06496331558763946
drop_total,primary_training,8,income_group=Low-income countries,0.006264894470852642
drop_total,primary_training,8,income_group=Lower-middle-income countries,-0.007001985797439969
drop_total,primary_training,8,income_group=Upper-middle-income countries,-0.0142323769942228
drop_total,primary_training,9,intercept,0.1789355694884373
drop_total,primary_training,9,cum_co2_per_capita,0.016629063743858766
drop_total,primary_training,9,abs_latitude,0.0009852493346988993
drop_total,primary_training,9,elevation,-9.78362890941843e-07
drop_total,primary_training,9,continentality,4.881739513222514e-05
drop_total,primary_training,9,population,0.0003072351319810159
drop_total,primary_training,9,station_density,-0.001517582024337438
drop_total,primary_training,9,climate_zone=B,8.714988963778173e-05
drop_total,primary_training,9,climate_zone=C,-0.027509729403971752
drop_total,primary_training,9,climate_zone=D,-0.012332131951681846
drop_total,primary_training,9,climate_zone=E,-0.09853026638430698
drop_total,primary_training,9,hemisphere=S,-0.03349122714264716
drop_total,primary_training,9,spatial_block=Asia,-0.05727214999978343
drop_total,primary_training,9,spatial_block=Europe,-0.0660862436861976
drop_total,primary_training,9,spatial_block=North America,-0.09863452395640948
drop_total,primary_training,9,spatial_block=Oceania,-0.05465647846814209
drop_total,primary_training,9,spatial_block=South America,-0.06524724062693318
drop_total,primary_training,9,income_group=Low-income countries,-0.0008400849203411374
drop_total,primary_training,9,income_group=Lower-middle-income countries,-0.014039552988173542
drop_total,primary_training,9,income_group=Upper-middle-income countries,-0.014996623065585905
drop_total,primary_training,10,intercept,0.16797990971982507
drop_total,primary_training,10,cum_co2_per_capita,0.018349167157021194
drop_total,primary_training,10,abs_latitude,0.000957175690216514
drop_total,primary_training,10,elevation,-3.792423532876961e-06
drop_total,primary_training,10,continentality,5.1145803497647864e-05
drop_total,primary_training,10,population,0.00015554596195000887
drop_total,primary_training,10,station_density,-0.001407823499441628
drop_total,primary_training,10,climate_zone=B,0.007170349906782499
drop_total,primary_training,10,climate_zone=C,-0.019525032870337987
drop_total,primary_training,10,climate_zone=D,-0.004363656637076137
drop_total,primary_training,10,climate_zone=E,-0.08952179608348768
drop_total,primary_training,10,hemisphere=S,-0.040650143966414753
drop_total,primary_training,10,spatial_block=Asia,-0.056025363272594705
drop_total,primary_training,10,spatial_block=Europe,-0.06567498388943743
drop_total,primary_training,10,spatial_block=North America,-0.093882308782462
drop_total,primary_training,10,spatial_block=Oceania,-0.04604095088011095
drop_total,primary_training,10,spatial_block=South America,-0.055533164345158974
drop_total,primary_training,10,income_group=Low-income countries,0.01253336054637662
drop_total,primary_training,10,income_group=Lower-middle-income countries,-0.008986776978567286
drop_total,primary_training,10,income_group=Upper-middle-income countries,-0.01316152243182603
drop_total,primary_training,11,intercept,0.1405352453148967
drop_total,primary_training,11,cum_co2_per_capita,0.01833010635828579
drop_total,primary_training,11,abs_latitude,0.0010419112741444805
drop_total,primary_training,11,elevation,2.5749793164900044e-07
drop_total,primary_training,11,continentality,4.218087370324236e-05
drop_total,primary_training,11,population,0.0023900038571570002
drop_total,primary_training,11,station_density,-0.0016645376019075535
drop_total,primary_training,11,climate_zone=B,0.006151620480175951
drop_total,primary_training,11,climate_zone=C,-0.022045189794472887
drop_total,primary_training,11,climate_zone=D,-0.00723036609300257
drop_total,primary_training,11,climate_zone=E,-0.09176845615975746
drop_total,primary_training,11,hemisphere=S,-0.020223658729703806
drop_total,primary_training,11,spatial_block=Asia,-0.04510202890406832
drop_total,primary_training,11,spatial_block=Europe,-0.053730784408845836
drop_total,primary_training,11,spatial_block=North America,-0.08181887176971574
drop_total,primary_training,11,spatial_block=Oceania,-0.05438648563681245
drop_total,primary_training,11,spatial_block=South America,-0.05986531694770502
drop_total,primary_training,11,income_group=Low-income countries,0.009333311418402268
drop_total,primary_training,11,income_group=Lower-middle-income countries,-0.008335032998563094
drop_total,primary_training,11,income_group=Upper-middle-income countries,-0.01286342764719808
drop_total,primary_training,12,intercept,0.1576664221547452
drop_total,primary_training,12,cum_co2_per_capita,0.014320819975081568
drop_total,primary_training,12,abs_latitude,0.0011771890756448083
drop_total,primary_training,12,elevation,-8.26850422125439e-07
drop_total,primary_training,12,continentality,4.348143254928649e-05
drop_total,primary_training,12,population,0.0026294088128980954
drop_total,primary_training,12,station_density,-0.001631048265200263
drop_total,primary_training,12,climate_zone=B,0.0021356231923678145
drop_total,primary_training,12,climate_zone=C,-0.0255871764232502
drop_total,primary_training,12,climate_zone=D,-0.010063724962066428
drop_total,primary_training,12,climate_zone=E,-0.09734020433004888
drop_total,primary_training,12,hemisphere=S,-0.026587435063040822
drop_total,primary_training,12,spatial_block=Asia,-0.055128868346946566
drop_total,primary_training,12,spatial_block=Europe,-0.06486065677009357
drop_total,primary_training,12,spatial_block=North America,-0.09293680823229365
drop_total,primary_training,12,spatial_block=Oceania,-0.05813624622836975
drop_total,primary_training,12,spatial_block=South America,-0.06404204294872781
drop_total,primary_training,12,income_group=Low-income countries,-0.0037777025523156927
drop_total,primary_training,12,income_group=Lower-middle-income countries,-0.012476908348238301
drop_total,primary_training,12,income_group=Upper-middle-income countries,-0.015638216445420378
drop_total,primary_training,13,intercept,0.13126168379289924
drop_total,primary_training,13,cum_co2_per_capita,0.021753639724812895
drop_total,primary_training,13,abs_latitude,0.0011281654401827915
drop_total,primary_training,13,elevation,-2.3131379184508926e-06
drop_total,primary_training,13,continentality,3.48095370300167e-05
drop_total,primary_training,13,population,0.004103376726829496
drop_total,primary_training,13,station_density,-0.0016715097134825723
drop_total,primary_training,13,climate_zone=B,0.017049365832431527
drop_total,primary_training,13,climate_zone=C,-0.0203405581411191
drop_total,primary_training,13,climate_zone=D,-0.0070012980648682015
drop_total,primary_training,13,climate_zone=E,-0.09213980006895431
drop_total,primary_training,13,hemisphere=S,-0.03031320484509338
drop_total,primary_training,13,spatial_block=Asia,-0.0548382805069157
drop_total,primary_training,13,spatial_block=Europe,-0.06704650229793527
drop_total,primary_training,13,spatial_block=North America,-0.09370464236873205
drop_total,primary_training,13,spatial_block=Oceania,-0.06027589384181233
drop_total,primary_training,13,spatial_block=South America,-0.06327770692000596
drop_total,primary_training,13,income_group=Low-income countries,0.020882615068371402
drop_total,primary_training,13,income_group=Lower-middle-income countries,-0.00167476711487273
drop_total,primary_training,13,income_group=Upper-middle-income countries,-0.012785078421540266
drop_total,primary_training,14,intercept,0.17189789466396455
drop_total,primary_training,14,cum_co2_per_capita,0.01800251741039588
drop_total,primary_training,14,abs_latitude,0.0008848709818834801
drop_total,primary_training,14,elevation,-1.5986090874095856e-06
drop_total,primary_training,14,continentality,4.589235222673709e-05
drop_total,primary_training,14,population,0.0008485706318525836
drop_total,primary_training,14,station_density,-0.0016779908364074573
drop_total,primary_training,14,climate_zone=B,0.0025230209053161965
drop_total,primary_training,14,climate_zone=C,-0.023310103199411424
drop_total,primary_training,14,climate_zone=D,-0.007812703512262945
drop_total,primary_training,14,climate_zone=E,-0.09227116944478425
drop_total,primary_training,14,hemisphere=S,-0.029716940337198603
drop_total,primary_training,14,spatial_block=Asia,-0.05625783514277217
drop_total,primary_training,14,spatial_block=Europe,-0.06500146773385652
drop_total,primary_training,14,spatial_block=North America,-0.09750858264194089
drop_total,primary_training,14,spatial_block=Oceania,-0.05926489327074248
drop_total,primary_training,14,spatial_block=South America,-0.06710561788158095
drop_total,primary_training,14,income_group=Low-income countries,0.0007203375070600666
drop_total,primary_training,14,income_group=Lower-middle-income countries,-0.010864659979584867
drop_total,primary_training,14,income_group=Upper-middle-income countries,-0.014082003826936107
drop_total,primary_training,15,intercept,0.13871959653278862
drop_total,primary_training,15,cum_co2_per_capita,0.015115335329558758
drop_total,primary_training,15,abs_latitude,0.001149696190899589
drop_total,primary_training,15,elevation,-1.3244646394935785e-06
drop_total,primary_training,15,continentality,4.150659980088034e-05
drop_total,primary_training,15,population,0.00523764835640037
drop_total,primary_training,15,station_density,-0.0015870353209795076
drop_total,primary_training,15,climate_zone=B,0.01004365031835042
drop_total,primary_training,15,climate_zone=C,-0.02366643169996879
drop_total,primary_training,15,climate_zone=D,-0.00584034995894055
drop_total,primary_training,15,climate_zone=E,-0.08972892771748033
drop_total,primary_training,15,hemisphere=S,-0.030016247726471126
drop_total,primary_training,15,spatial_block=Asia,-0.0608011908892962
drop_total,primary_training,15,spatial_block=Europe,-0.06793816533920555
drop_total,primary_training,15,spatial_block=North America,-0.09476222684284641
drop_total,primary_training,15,spatial_block=Oceania,-0.05737854851771799
drop_total,primary_training,15,spatial_block=South America,-0.0644755420907692
drop_total,primary_training,15,income_group=Low-income countries,0.0002571999189880308
drop_total,primary_training,15,income_group=Lower-middle-income countries,-0.00914982716167477
drop_total,primary_training,15,income_group=Upper-middle-income countries,-0.01509718581373262
drop_total,primary_training,16,intercept,0.1563672726537495
drop_total,primary_training,16,cum_co2_per_capita,0.014549688634939764
drop_total,primary_training,16,abs_latitude,0.0010846913365056444
drop_total,primary_training,16,elevation,-2.501152807889223e-06
drop_total,primary_training,16,continentality,4.534001436506796e-05
drop_total,primary_training,16,population,0.0024810758525087547
drop_total,primary_training,16,station_density,-0.0015629587826149478
drop_total,primary_training,16,climate_zone=B,0.007233679440266308
drop_total,primary_training,16,climate_zone=C,-0.020939389874448707
drop_total,primary_training,16,climate_zone=D,-0.004728740501401868
drop_total,primary_training,16,climate_zone=E,-0.09050386098175764
drop_total,primary_training,16,hemisphere=S,-0.029485996205863247
drop_total,primary_training,16,spatial_block=Asia,-0.0550015605504641
drop_total,primary_training,16,spatial_block=Europe,-0.06402092729525564
drop_total,primary_training,16,spatial_block=North America,-0.09139693277544943
drop_total,primary_training,16,spatial_block=Oceania,-0.05468888143799002
drop_total,primary_training,16,spatial_block=South America,-0.0610096746026062
drop_total,primary_training,16,income_group=Low-income countries,0.0022918210136600357
drop_total,primary_training,16,income_group=Lower-middle-income countries,-0.011471780216133782
drop_total,primary_training,16,income_group=Upper-middle-income countries,-0.014873722588914182
drop_total,primary_training,17,intercept,0.17462930786288103
drop_total,primary_training,17,cum_co2_per_capita,0.017016909278145177
drop_total,primary_training,17,abs_latitude,0.0010001812571968876
drop_total,primary_training,17,elevation,-5.084999922058159e-07
drop_total,primary_training,17,continentality,4.606133518460886e-05
drop_total,primary_training,17,population,0.0005958912942881432
drop_total,primary_training,17,station_density,-0.0015349114354064799
drop_total,primary_training,17,climate_zone=B,0.0008543776873025491
drop_total,primary_training,17,climate_zone=C,-0.027610678832932885
drop_total,primary_training,17,climate_zone=D,-0.012238523100620636
drop_total,primary_training,17,climate_zone=E,-0.09853366501304434
drop_total,primary_training,17,hemisphere=S,-0.03215871345439974
drop_total,primary_training,17,spatial_block=Asia,-0.05640572870765264
drop_total,primary_training,17,spatial_block=Europe,-0.06520963872180904
drop_total,primary_training,17,spatial_block=North America,-0.09745588196258821
drop_total,primary_training,17,spatial_block=Oceania,-0.055054508884462554
drop_total,primary_training,17,spatial_block=South America,-0.06515581840056876
drop_total,primary_training,17,income_group=Low-income countries,-0.0005376084835395658
drop_total,primary_training,17,income_group=Lower-middle-income countries,-0.013013519689008997
drop_total,primary_training,17,income_group=Upper-middle-income countries,-0.014547337590835277
drop_total,primary_training,18,intercept,0.1490230065312013
drop_total,primary_training,18,cum_co2_per_capita,0.016123203152149313
drop_total,primary_training,18,abs_latitude,0.0010572239270511506
drop_total,primary_training,18,elevation,-5.221721828935109e-07
drop_total,primary_training,18,continentality,4.0557632834970765e-05
drop_total,primary_training,18,population,0.0024503506266280992
drop_total,primary_training,18,station_density,-0.0017189964808227405
drop_total,primary_training,18,climate_zone=B,0.00712938650347643
drop_total,primary_training,18,climate_zone=C,-0.02178324325766485
drop_total,primary_training,18,climate_zone=D,-0.006198601278648455
drop_total,primary_training,18,climate_zone=E,-0.09184564584646879
drop_total,primary_training,18,hemisphere=S,-0.023384852947279818
drop_total,primary_training,18,spatial_block=Asia,-0.04883007431544073
drop_total,primary_training,18,spatial_block=Europe,-0.057440320222478865
drop_total,primary_training,18,spatial_block=North America,-0.0860973891570373
drop_total,primary_training,18,spatial_block=Oceania,-0.055655262832057475
drop_total,primary_training,18,spatial_block=South America,-0.061018917496359015
drop_total,primary_training,18,income_group=Low-income countries,0.005518654458871946
drop_total,primary_training,18,income_group=Lower-middle-income countries,-0.009107244831494145
drop_total,primary_training,18,income_group=Upper-middle-income countries,-0.013780068950123115
drop_total,primary_training,19,intercept,0.12843025113748394
drop_total,primary_training,19,cum_co2_per_capita,0.01928106662347996
drop_total,primary_training,19,abs_latitude,0.0010119730917752428
drop_total,primary_training,19,elevation,1.450945962649066e-06
drop_total,primary_training,19,continentality,4.379671079485045e-05
drop_total,primary_training,19,population,0.0039030246826748014
drop_total,primary_training,19,station_density,-0.0017308688071301847
drop_total,primary_training,19,climate_zone=B,0.00327260896118604
drop_total,primary_training,19,climate_zone=C,-0.02388594474471972
drop_total,primary_training,19,climate_zone=D,-0.009280525417669393
drop_total,primary_training,19,climate_zone=E,-0.0910552577781192
drop_total,primary_training,19,hemisphere=S,-0.018823207960778365
drop_total,primary_training,19,spatial_block=Asia,-0.043629572184455095
drop_total,primary_training,19,spatial_block=Europe,-0.051547481789473285
drop_total,primary_training,19,spatial_block=North America,-0.0806586468362719
drop_total,primary_training,19,spatial_block=Oceania,-0.05382631823160628
drop_total,primary_training,19,spatial_block=South America,-0.06048185313619922
drop_total,primary_training,19,income_group=Low-income countries,0.006164269620742852
drop_total,primary_training,19,income_group=Lower-middle-income countries,-0.009302703640095
drop_total,primary_training,19,income_group=Upper-middle-income countries,-0.013238147388853093
drop_total,primary_training,20,intercept,0.1298048897014071
drop_total,primary_training,20,cum_co2_per_capita,0.020148821235505952
drop_total,primary_training,20,abs_latitude,0.0010094884875918254
drop_total,primary_training,20,elevation,1.5199623820149188e-06
drop_total,primary_training,20,continentality,4.308685810121579e-05
drop_total,primary_training,20,population,0.003835527784520297
drop_total,primary_training,20,station_density,-0.001749594827789429
drop_total,primary_training,20,climate_zone=B,0.0016985253622097487
drop_total,primary_training,20,climate_zone=C,-0.024716774070927032
drop_total,primary_training,20,climate_zone=D,-0.010116060796966492
drop_total,primary_training,20,climate_zone=E,-0.09204532159160375
drop_total,primary_training,20,hemisphere=S,-0.02043271283879459
drop_total,primary_training,20,spatial_block=Asia,-0.04534041644785961
drop_total,primary_training,20,spatial_block=Europe,-0.0536195409035992
drop_total,primary_training,20,spatial_block=North America,-0.0829690273949109
drop_total,primary_training,20,spatial_block=Oceania,-0.054664232635351494
drop_total,primary_training,20,spatial_block=South America,-0.061118775878462435
drop_total,primary_training,20,income_group=Low-income countries,0.007937413320831749
drop_total,primary_training,20,income_group=Lower-middle-income countries,-0.00839226533254026
drop_total,primary_training,20,income_group=Upper-middle-income countries,-0.013274993986014194
drop_total,primary_training,21,intercept,0.14792238513304445
drop_total,primary_training,21,cum_co2_per_capita,0.017984970782087707
drop_total,primary_training,21,abs_latitude,0.0010072708690657436
drop_total,primary_training,21,elevation,-4.0206420980991775e-06
drop_total,primary_training,21,continentality,4.1817199505865465e-05
drop_total,primary_training,21,population,0.002012460369661961
drop_total,primary_training,21,station_density,-0.0016036890624661839
drop_total,primary_training,21,climate_zone=B,0.012015751282589736
drop_total,primary_training,21,climate_zone=C,-0.015849723717182507
drop_total,primary_training,21,climate_zone=D,0.0003012369318825235
drop_total,primary_training,21,climate_zone=E,-0.08469911136016561
drop_total,primary_training,21,hemisphere=S,-0.03376415936579164
drop_total,primary_training,21,spatial_block=Asia,-0.0521107123871707
drop_total,primary_training,21,spatial_block=Europe,-0.06218699914396953
drop_total,primary_training,21,spatial_block=North America,-0.08818656555461502
drop_total,primary_training,21,spatial_block=Oceania,-0.049818406603753806
drop_total,primary_training,21,spatial_block=South America,-0.054715478509216764
drop_total,primary_training,21,income_group=Low-income countries,0.014144930241751846
drop_total,primary_training,21,income_group=Lower-middle-income countries,-0.004891567173722863
drop_total,primary_training,21,income_group=Upper-middle-income countries,-0.011901620454831804
drop_total,primary_training,22,intercept,0.1647953201013449
drop_total,primary_training,22,cum_co2_per_capita,0.015316074520681067
drop_total,primary_training,22,abs_latitude,0.0012203024571800062
drop_total,primary_training,22,elevation,-5.149917779761745e-07
drop_total,primary_training,22,continentality,3.975681943132859e-05
drop_total,primary_training,22,population,0.0010818407053492425
drop_total,primary_training,22,station_density,-0.0014898427114418565
drop_total,primary_training,22,climate_zone=B,0.007463364631862328
drop_total,primary_training,22,climate_zone=C,-0.024998355334014923
drop_total,primary_training,22,climate_zone=D,-0.01002805070381233
drop_total,primary_training,22,climate_zone=E,-0.09921716717211308
drop_total,primary_training,22,hemisphere=S,-0.016774292898082327
drop_total,primary_training,22,spatial_block=Asia,-0.05664445525000639
drop_total,primary_training,22,spatial_block=Europe,-0.06674279299738448
drop_total,primary_training,22,spatial_block=North America,-0.09386998762476009
drop_total,primary_training,22,spatial_block=Oceania,-0.06842644550514283
drop_total,primary_training,22,spatial_block=South America,-0.07333042081527959
drop_total,primary_training,22,income_group=Low-income countries,0.0001601099530465364
drop_total,primary_training,22,income_group=Lower-middle-income countries,-0.010906260128803054
drop_total,primary_training,22,income_group=Upper-middle-income countries,-0.012185690028076606
drop_total,primary_training,23,intercept,0.14294900268532953
drop_total,primary_training,23,cum_co2_per_capita,0.017530904846466255
drop_total,primary_training,23,abs_latitude,0.0010520172051651968
drop_total,primary_training,23,elevation,2.230740145989152e-07
drop_total,primary_training,23,continentality,4.2354454018760306e-05
drop_total,primary_training,23,population,0.002445204468244762
drop_total,primary_training,23,station_density,-0.00165835252918643
drop_total,primary_training,23,climate_zone=B,0.00596703030735765
drop_total,primary_training,23,climate_zone=C,-0.022401894013691855
drop_total,primary_training,23,climate_zone=D,-0.007456203780182276
drop_total,primary_training,23,climate_zone=E,-0.09221632671166373
drop_total,primary_training,23,hemisphere=S,-0.020952042683711525
drop_total,primary_training,23,spatial_block=Asia,-0.04602565494231765
drop_total,primary_training,23,spatial_block=Europe,-0.05457907597674487
drop_total,primary_training,23,spatial_block=North America,-0.08293863302817449
drop_total,primary_training,23,spatial_block=Oceania,-0.05454695143414946
drop_total,primary_training,23,spatial_block=South America,-0.06030014896887168
drop_total,primary_training,23,income_group=Low-income countries,0.006872180975822564
drop_total,primary_training,23,income_group=Lower-middle-income countries,-0.008948235446414134
drop_total,primary_training,23,income_group=Upper-middle-income countries,-0.013293222629584904
drop_total,primary_training,24,intercept,0.13486115440291563
drop_total,primary_training,24,cum_co2_per_capita,0.017501765187104803
drop_total,primary_training,24,abs_latitude,0.001074339101052838
drop_total,primary_training,24,elevation,-2.687338337572224e-06
drop_total,primary_training,24,continentality,4.260501827198331e-05
drop_total,primary_training,24,population,0.005088646605250345
drop_total,primary_training,24,station_density,-0.0015937170936664465
drop_total,primary_training,24,climate_zone=B,0.014173018263375442
drop_total,primary_training,24,climate_zone=C,-0.02265041103698333
drop_total,primary_training,24,climate_zone=D,-0.005007887062027049
drop_total,primary_training,24,climate_zone=E,-0.08777807327010387
drop_total,primary_training,24,hemisphere=S,-0.030688112428925992
drop_total,primary_training,24,spatial_block=Asia,-0.06117719524540504
drop_total,primary_training,24,spatial_block=Europe,-0.06639362438284176
drop_total,primary_training,24,spatial_block=North America,-0.09464810158437847
drop_total,primary_training,24,spatial_block=Oceania,-0.05698459569750118
drop_total,primary_training,24,spatial_block=South America,-0.06428140804826132
drop_total,primary_training,24,income_group=Low-income countries,0.007163672782858477
drop_total,primary_training,24,income_group=Lower-middle-income countries,-0.00597549645178679
drop_total,primary_training,24,income_group=Upper-middle-income countries,-0.013257507182426936
drop_total,primary_training,25,intercept,0.14914985434209577
drop_total,primary_training,25,cum_co2_per_capita,0.01582724703423869
drop_total,primary_training,25,abs_latitude,0.0011017330319096062
drop_total,primary_training,25,elevation,-7.918598703575681e-07
drop_total,primary_training,25,continentality,4.008163710433123e-05
drop_total,primary_training,25,population,0.0030822504260807695
drop_total,primary_training,25,station_density,-0.0017162569786266545
drop_total,primary_training,25,climate_zone=B,0.004794426753738895
drop_total,primary_training,25,climate_zone=C,-0.023905333265278744
drop_total,primary_training,25,climate_zone=D,-0.007847010835275276
drop_total,primary_training,25,climate_zone=E,-0.0936975364429653
drop_total,primary_training,25,hemisphere=S,-0.025073293088371314
drop_total,primary_training,25,spatial_block=Asia,-0.052224387775913476
drop_total,primary_training,25,spatial_block=Europe,-0.061236449239310334
drop_total,primary_training,25,spatial_block=North America,-0.09009676286766244
drop_total,primary_training,25,spatial_block=Oceania,-0.05763115469292532
drop_total,primary_training,25,spatial_block=South America,-0.06275082106115432
drop_total,primary_training,25,income_group=Low-income countries,0.004951867437016167
drop_total,primary_training,25,income_group=Lower-middle-income countries,-0.00918813001853351
drop_total,primary_training,25,income_group=Upper-middle-income countries,-0.01437495610787823
drop_total,primary_training,26,intercept,0.1488854290623917
drop_total,primary_training,26,cum_co2_per_capita,0.018538563948820926
drop_total,primary_training,26,abs_latitude,0.0010214438029799012
drop_total,primary_training,26,elevation,-1.0785785622013887e-06
drop_total,primary_training,26,continentality,4.18741341613292e-05
drop_total,primary_training,26,population,0.0021754103966974193
drop_total,primary_training,26,station_density,-0.0016815046162064941
drop_total,primary_training,26,climate_zone=B,0.005638934840178447
drop_total,primary_training,26,climate_zone=C,-0.020680132253804287
drop_total,primary_training,26,climate_zone=D,-0.005461618368205483
drop_total,primary_training,26,climate_zone=E,-0.09039167691145253
drop_total,primary_training,26,hemisphere=S,-0.025721060798373028
drop_total,primary_training,26,spatial_block=Asia,-0.05182092406147074
drop_total,primary_training,26,spatial_block=Europe,-0.06123347074095842
drop_total,primary_training,26,spatial_block=North America,-0.08925676613916059
drop_total,primary_training,26,spatial_block=Oceania,-0.05752182049800305
drop_total,primary_training,26,spatial_block=South America,-0.06193101258964603
drop_total,primary_training,26,income_group=Low-income countries,0.010244419344267322
drop_total,primary_training,26,income_group=Lower-middle-income countries,-0.005970021958871409
drop_total,primary_training,26,income_group=Upper-middle-income countries,-0.013308125513819272
drop_total,primary_training,27,intercept,0.12780979375452586
drop_total,primary_training,27,cum_co2_per_capita,0.02288858570902732
drop_total,primary_training,27,abs_latitude,0.0007799971343186981
drop_total,primary_training,27,elevation,1.7474297187642465e-06
drop_total,primary_training,27,continentality,4.710299628824097e-05
drop_total,primary_training,27,population,0.0012274978220744575
drop_total,primary_training,27,station_density,-0.0015112333828898583
drop_total,primary_training,27,climate_zone=B,0.006260442169997761
drop_total,primary_training,27,climate_zone=C,-0.025568390179293694
drop_total,primary_training,27,climate_zone=D,-0.009289213776084127
drop_total,primary_training,27,climate_zone=E,-0.09043688712437961
drop_total,primary_training,27,hemisphere=S,-0.007506466262592775
drop_total,primary_training,27,spatial_block=Asia,-0.027829414470984606
drop_total,primary_training,27,spatial_block=Europe,-0.03144532631261859
drop_total,primary_training,27,spatial_block=North America,-0.06443839426919847
drop_total,primary_training,27,spatial_block=Oceania,-0.04709575233000643
drop_total,primary_training,27,spatial_block=South America,-0.05339753217418393
drop_total,primary_training,27,income_group=Low-income countries,0.015898096452942972
drop_total,primary_training,27,income_group=Lower-middle-income countries,-0.007757303006648471
drop_total,primary_training,27,income_group=Upper-middle-income countries,-0.012915330630684731
drop_total,primary_training,28,intercept,0.13689021480532002
drop_total,primary_training,28,cum_co2_per_capita,0.022076606451559136
drop_total,primary_training,28,abs_latitude,0.0008464756315916294
drop_total,primary_training,28,elevation,1.4023701006228037e-06
drop_total,primary_training,28,continentality,4.52077979808844e-05
drop_total,primary_training,28,population,0.0018304816058740485
drop_total,primary_training,28,station_density,-0.0014297919403725642
drop_total,primary_training,28,climate_zone=B,0.002396080081274816
drop_total,primary_training,28,climate_zone=C,-0.02834019760156729
drop_total,primary_training,28,climate_zone=D,-0.010050521591635445
drop_total,primary_training,28,climate_zone=E,-0.09171794778441122
drop_total,primary_training,28,hemisphere=S,-0.01628815133285252
drop_total,primary_training,28,spatial_block=Asia,-0.038693558279107684
drop_total,primary_training,28,spatial_block=Europe,-0.04456062885750341
drop_total,primary_training,28,spatial_block=North America,-0.07661992031476936
drop_total,primary_training,28,spatial_block=Oceania,-0.05003020465313272
drop_total,primary_training,28,spatial_block=South America,-0.05715745980302927
drop_total,primary_training,28,income_group=Low-income countries,0.013924259742099283
drop_total,primary_training,28,income_group=Lower-middle-income countries,-0.007004654219819869
drop_total,primary_training,28,income_group=Upper-middle-income countries,-0.01393160229822493
drop_total,primary_training,29,intercept,0.14882393194210503
drop_total,primary_training,29,cum_co2_per_capita,0.01907937582000353
drop_total,primary_training,29,abs_latitude,0.000916555895355699
drop_total,primary_training,29,elevation,-3.734484060985957e-09
drop_total,primary_training,29,continentality,4.338833601947331e-05
drop_total,primary_training,29,population,0.0015929645862839926
drop_total,primary_training,29,station_density,-0.0014008163289967138
drop_total,primary_training,29,climate_zone=B,0.004080283850643554
drop_total,primary_training,29,climate_zone=C,-0.027860203776443927
drop_total,primary_training,29,climate_zone=D,-0.007499151213228627
drop_total,primary_training,29,climate_zone=E,-0.09112986606786208
drop_total,primary_training,29,hemisphere=S,-0.02043373990176888
drop_total,primary_training,29,spatial_block=Asia,-0.04437529711601953
drop_total,primary_training,29,spatial_block=Europe,-0.05211694555865777
drop_total,primary_training,29,spatial_block=North America,-0.0824281439310763
drop_total,primary_training,29,spatial_block=Oceania,-0.05180073941204084
drop_total,primary_training,29,spatial_block=South America,-0.05856744828793965
drop_total,primary_training,29,income_group=Low-income countries,0.010044653362754221
drop_total,primary_training,29,income_group=Lower-middle-income countries,-0.00742820722655662
drop_total,primary_training,29,income_group=Upper-middle-income countries,-0.014470229153324137
drop_total,primary_training,30,intercept,0.16232409294979375
drop_total,primary_training,30,cum_co2_per_capita,0.018626154489088075
drop_total,primary_training,30,abs_latitude,0.0011594781220081098
drop_total,primary_training,30,elevation,-1.0908675342352822e-06
drop_total,primary_training,30,continentality,4.1464702473256805e-05
drop_total,primary_training,30,population,0.00032688711544932994
drop_total,primary_training,30,station_density,-0.0015096417188080284
drop_total,primary_training,30,climate_zone=B,0.00731123963546459
drop_total,primary_training,30,climate_zone=C,-0.021570432836296588
drop_total,primary_training,30,climate_zone=D,-0.007768632716247233
drop_total,primary_training,30,climate_zone=E,-0.09612200889520735
drop_total,primary_training,30,hemisphere=S,-0.012457646814513796
drop_total,primary_training,30,spatial_block=Asia,-0.05683389309682949
drop_total,primary_training,30,spatial_block=Europe,-0.06793389125046519
drop_total,primary_training,30,spatial_block=North America,-0.0936298566282521
drop_total,primary_training,30,spatial_block=Oceania,-0.0744239777289945
drop_total,primary_training,30,spatial_block=South America,-0.07636620970508379
drop_total,primary_training,30,income_group=Low-income countries,0.007281342035387148
drop_total,primary_training,30,income_group=Lower-middle-income countries,-0.006777032892373763
drop_total,primary_training,30,income_group=Upper-middle-income countries,-0.0107845512083604
drop_total,primary_training,31,intercept,0.16227268792686508
drop_total,primary_training,31,cum_co2_per_capita,0.015879333625304304
drop_total,primary_training,31,abs_latitude,0.0011594703630521507
drop_total,primary_training,31,elevation,1.4366921182154879e-06
drop_total,primary_training,31,continentality,4.2892535901857174e-05
drop_total,primary_training,31,population,0.0014948867551115397
drop_total,primary_training,31,station_density,-0.0014680247327202957
drop_total,primary_training,31,climate_zone=B,0.006429115334581443
drop_total,primary_training,31,climate_zone=C,-0.026355343703110254
drop_total,primary_training,31,climate_zone=D,-0.01184509727778156
drop_total,primary_training,31,climate_zone=E,-0.09888414277037674
drop_total,primary_training,31,hemisphere=S,-0.02164165559684349
drop_total,primary_training,31,spatial_block=Asia,-0.05649134315148416
drop_total,primary_training,31,spatial_block=Europe,-0.06492993528704857
drop_total,primary_training,31,spatial_block=North America,-0.09341372604474033
drop_total,primary_training,31,spatial_block=Oceania,-0.061921254235794615
drop_total,primary_training,31,spatial_block=South America,-0.07097555107221579
drop_total,primary_training,31,income_group=Low-income countries,-0.0022395978180554787
drop_total,primary_training,31,income_group=Lower-middle-income countries,-0.012498152199798109
drop_total,primary_training,31,income_group=Upper-middle-income countries,-0.013047013301100927
drop_total,primary_training,32,intercept,0.15434634750605378
drop_total,primary_training,32,cum_co2_per_capita,0.017459078058817218
drop_total,primary_training,32,abs_latitude,0.001039696012913752
drop_total,primary_training,32,elevation,-9.55968967845487e-07
drop_total,primary_training,32,continentality,4.261800730112659e-05
drop_total,primary_training,32,population,0.002139340028489639
drop_total,primary_training,32,station_density,-0.0016022319312039492
drop_total,primary_training,32,climate_zone=B,0.006218827692670726
drop_total,primary_training,32,climate_zone=C,-0.024733786095221505
drop_total,primary_training,32,climate_zone=D,-0.008364690722096781
drop_total,primary_training,32,climate_zone=E,-0.09391812802709744
drop_total,primary_training,32,hemisphere=S,-0.026832699185882714
drop_total,primary_training,32,spatial_block=Asia,-0.05356972085188746
drop_total,primary_training,32,spatial_block=Europe,-0.06141860929815272
drop_total,primary_training,32,spatial_block=North America,-0.0911985410655209
drop_total,primary_training,32,spatial_block=Oceania,-0.05627746503224376
drop_total,primary_training,32,spatial_block=South America,-0.06295406731178248
drop_total,primary_training,32,income_group=Low-income countries,0.0056074333784928735
drop_total,primary_training,32,income_group=Lower-middle-income countries,-0.008383643027833293
drop_total,primary_training,32,income_group=Upper-middle-income countries,-0.013977959862204908
drop_total,primary_training,33,intercept,0.1760816013591273
drop_total,primary_training,33,cum_co2_per_capita,0.01772491689228276
drop_total,primary_training,33,abs_latitude,0.000880088436582846
drop_total,primary_training,33,elevation,-1.986543081430425e-06
drop_total,primary_training,33,continentality,4.807738713606701e-05
drop_total,primary_training,33,population,0.00043832169946177066
drop_total,primary_training,33,station_density,-0.0016702054968653656
drop_total,primary_training,33,climate_zone=B,0.0018807320989839959
drop_total,primary_training,33,climate_zone=C,-0.022711612900135396
drop_total,primary_training,33,climate_zone=D,-0.00765657343125842
drop_total,primary_training,33,climate_zone=E,-0.09229758943531075
drop_total,primary_training,33,hemisphere=S,-0.03174697217822021
drop_total,primary_training,33,spatial_block=Asia,-0.056854782810090355
drop_total,primary_training,33,spatial_block=Europe,-0.06597208912464624
drop_total,primary_training,33,spatial_block=North America,-0.09828181526972725
drop_total,primary_training,33,spatial_block=Oceania,-0.05802769398402885
drop_total,primary_training,33,spatial_block=South America,-0.06637033410046139
drop_total,primary_training,33,income_group=Low-income countries,0.002642100264876666
drop_total,primary_training,33,income_group=Lower-middle-income countries,-0.011834451144121808
drop_total,primary_training,33,income_group=Upper-middle-income countries,-0.014289876534187671
drop_total,primary_training,34,intercept,0.1517574126828762
drop_total,primary_training,34,cum_co2_per_capita,0.01724433878359664
drop_total,primary_training,34,abs_latitude,0.0011222702155943552
drop_total,primary_training,34,elevation,-2.960612111289627e-06
drop_total,primary_training,34,continentality,3.941677246985618e-05
drop_total,primary_training,34,population,0.0016672591131676653
drop_total,primary_training,34,station_density,-0.0016207579433453548
drop_total,primary_training,34,climate_zone=B,0.008235115945442645
drop_total,primary_training,34,climate_zone=C,-0.01885189931696019
drop_total,primary_training,34,climate_zone=D,-0.003589108065660916
drop_total,primary_training,34,climate_zone=E,-0.09096565203472984
drop_total,primary_training,34,hemisphere=S,-0.03304439364063852
drop_total,primary_training,34,spatial_block=Asia,-0.05172931356162323
drop_total,primary_training,34,spatial_block=Europe,-0.06339131850443551
drop_total,primary_training,34,spatial_block=North America,-0.0890409036339567
drop_total,primary_training,34,spatial_block=Oceania,-0.05089110122739678
drop_total,primary_training,34,spatial_block=South America,-0.05534177826697966
drop_total,primary_training,34,income_group=Low-income countries,0.010778583818929528
drop_total,primary_training,34,income_group=Lower-middle-income countries,-0.005773425528030092
drop_total,primary_training,34,income_group=Upper-middle-income countries,-0.012148728641425117
drop_total,primary_training,35,intercept,0.12878450779002196
drop_total,primary_training,35,cum_co2_per_capita,0.019212703703308156
drop_total,primary_training,35,abs_latitude,0.0010162893600419573
drop_total,primary_training,35,elevation,1.426669843744434e-06
drop_total,primary_training,35,continentality,4.387220932270314e-05
drop_total,primary_training,35,population,0.0038934011678850946
drop_total,primary_training,35,station_density,-0.001732152872851016
drop_total,primary_training,35,climate_zone=B,0.003101043509450746
drop_total,primary_training,35,climate_zone=C,-0.02395314148378578
drop_total,primary_training,35,climate_zone=D,-0.009381876677334264
drop_total,primary_training,35,climate_zone=E,-0.09123845024289073
drop_total,primary_training,35,hemisphere=S,-0.019009586466405503
drop_total,primary_training,35,spatial_block=Asia,-0.043774469041575156
drop_total,primary_training,35,spatial_block=Europe,-0.05176983096874581
drop_total,primary_training,35,spatial_block=North America,-0.08084635524496217
drop_total,primary_training,35,spatial_block=Oceania,-0.05381910034063054
drop_total,primary_training,35,spatial_block=South America,-0.060481002104776416
drop_total,primary_training,35,income_group=Low-income countries,0.006276846797672485
drop_total,primary_training,35,income_group=Lower-middle-income countries,-0.00940648143870528
drop_total,primary_training,35,income_group=Upper-middle-income countries,-0.01327880304258252
drop_total,primary_training,36,intercept,0.1359923912103639
drop_total,primary_training,36,cum_co2_per_capita,0.017301456496005868
drop_total,primary_training,36,abs_latitude,0.001003867238400616
drop_total,primary_training,36,elevation,3.7048364534695555e-07
drop_total,primary_training,36,continentality,4.341959866222145e-05
drop_total,primary_training,36,population,0.003615301866045288
drop_total,primary_training,36,station_density,-0.0016995981226247577
drop_total,primary_training,36,climate_zone=B,0.00729424004182447
drop_total,primary_training,36,climate_zone=C,-0.022138122729572326
drop_total,primary_training,36,climate_zone=D,-0.006581803239740724
drop_total,primary_training,36,climate_zone=E,-0.08917758249911355
drop_total,primary_training,36,hemisphere=S,-0.02076207929915428
drop_total,primary_training,36,spatial_block=Asia,-0.04633890984325231
drop_total,primary_training,36,spatial_block=Europe,-0.05348702548949005
drop_total,primary_training,36,spatial_block=North America,-0.08267441992652864
drop_total,primary_training,36,spatial_block=Oceania,-0.05421104905874261
drop_total,primary_training,36,spatial_block=South America,-0.06088365035368088
drop_total,primary_training,36,income_group=Low-income countries,0.0027628791528727125
drop_total,primary_training,36,income_group=Lower-middle-income countries,-0.009281047198782429
drop_total,primary_training,36,income_group=Upper-middle-income countries,-0.013692854190433533
drop_total,primary_training,37,intercept,0.1621311668350258
drop_total,primary_training,37,cum_co2_per_capita,0.01531460251801663
drop_total,primary_training,37,abs_latitude,0.0011928834746368993
drop_total,primary_training,37,elevation,-2.3839913707295857e-06
drop_total,primary_training,37,continentality,4.364905552089266e-05
drop_total,primary_training,37,population,0.0010481243446114309
drop_total,primary_training,37,station_density,-0.0014860144737514046
drop_total,primary_training,37,climate_zone=B,0.00432727113769832
drop_total,primary_training,37,climate_zone=C,-0.022085639094826456
drop_total,primary_training,37,climate_zone=D,-0.0071828140490202376
drop_total,primary_training,37,climate_zone=E,-0.09603962753261445
drop_total,primary_training,37,hemisphere=S,-0.03025042269312846
drop_total,primary_training,37,spatial_block=Asia,-0.05371452806799839
drop_total,primary_training,37,spatial_block=Europe,-0.06527643073168425
drop_total,primary_training,37,spatial_block=North America,-0.0910153624626355
drop_total,primary_training,37,spatial_block=Oceania,-0.05386246328718051
drop_total,primary_training,37,spatial_block=South America,-0.05903466167237413
drop_total,primary_training,37,income_group=Low-income countries,0.0036262266536037356
drop_total,primary_training,37,income_group=Lower-middle-income countries,-0.010285648864030616
drop_total,primary_training,37,income_group=Upper-middle-income countries,-0.013884884374459372
drop_total,primary_training,38,intercept,0.16695415290629548
drop_total,primary_training,38,cum_co2_per_capita,0.01748636861778083
drop_total,primary_training,38,abs_latitude,0.0012244161865282309
drop_total,primary_training,38,elevation,7.487735324743206e-07
drop_total,primary_training,38,continentality,3.8791554181989776e-05
drop_total,primary_training,38,population,0.00010758846117122726
drop_total,primary_training,38,station_density,-0.0014545349759606892
drop_total,primary_training,38,climate_zone=B,0.008365954612941514
drop_total,primary_training,38,climate_zone=C,-0.024346997079403444
drop_total,primary_training,38,climate_zone=D,-0.010366712729595735
drop_total,primary_training,38,climate_zone=E,-0.10029236019035075
drop_total,primary_training,38,hemisphere=S,-0.011948981551393354
drop_total,primary_training,38,spatial_block=Asia,-0.05847660083853388
drop_total,primary_training,38,spatial_block=Europe,-0.06853370272482603
drop_total,primary_training,38,spatial_block=North America,-0.09466102790807288
drop_total,primary_training,38,spatial_block=Oceania,-0.07488812354935692
drop_total,primary_training,38,spatial_block=South America,-0.07833666246878977
drop_total,primary_training,38,income_group=Low-income countries,0.002235000261504394
drop_total,primary_training,38,income_group=Lower-middle-income countries,-0.007395906159351585
drop_total,primary_training,38,income_group=Upper-middle-income countries,-0.011289501309877013
drop_total,primary_training,39,intercept,0.15187052906162876
drop_total,primary_training,39,cum_co2_per_capita,0.014736026430767494
drop_total,primary_training,39,abs_latitude,0.001213312615569746
drop_total,primary_training,39,elevation,-3.724839803550716e-06
drop_total,primary_training,39,continentality,4.6497725226912485e-05
drop_total,primary_training,39,population,0.00374489894783654
drop_total,primary_training,39,station_density,-0.0014504577221533665
drop_total,primary_training,39,climate_zone=B,0.011214137511499448
drop_total,primary_training,39,climate_zone=C,-0.022387492461390854
drop_total,primary_training,39,climate_zone=D,-0.005519154024722339
drop_total,primary_training,39,climate_zone=E,-0.09123235323793563
drop_total,primary_training,39,hemisphere=S,-0.035233785626821175
drop_total,primary_training,39,spatial_block=Asia,-0.06548428868989604
drop_total,primary_training,39,spatial_block=Europe,-0.07450239312626193
drop_total,primary_training,39,spatial_block=North America,-0.09933252465611321
drop_total,primary_training,39,spatial_block=Oceania,-0.05658010197943861
drop_total,primary_training,39,spatial_block=South America,-0.06482187373645532
drop_total,primary_training,39,income_group=Low-income countries,0.0020493411545268393
drop_total,primary_training,39,income_group=Lower-middle-income countries,-0.01100531266385061
drop_total,primary_training,39,income_group=Upper-middle-income countries,-0.013670752480013476
drop_total,primary_training,40,intercept,0.16323801110049435
drop_total,primary_training,40,cum_co2_per_capita,0.017304580296615687
drop_total,primary_training,40,abs_latitude,0.0011749971754501443
drop_total,primary_training,40,elevation,-3.4035353844308333e-07
drop_total,primary_training,40,continentality,4.030824163688443e-05
drop_total,primary_training,40,population,0.0007617831904991283
drop_total,primary_training,40,station_density,-0.001510087480728658
drop_total,primary_training,40,climate_zone=B,0.007398694490843725
drop_total,primary_training,40,climate_zone=C,-0.023210112708499025
drop_total,primary_training,40,climate_zone=D,-0.008927335217157073
drop_total,primary_training,40,climate_zone=E,-0.09735241426209923
drop_total,primary_training,40,hemisphere=S,-0.014807145537896128
drop_total,primary_training,40,spatial_block=Asia,-0.05724142462408532
drop_total,primary_training,40,spatial_block=Europe,-0.06760679647326813
drop_total,primary_training,40,spatial_block=North America,-0.09422165680444071
drop_total,primary_training,40,spatial_block=Oceania,-0.07177377118619788
drop_total,primary_training,40,spatial_block=South America,-0.07546059938416529
drop_total,primary_training,40,income_group=Low-income countries,0.0026773717695597827
drop_total,primary_training,40,income_group=Lower-middle-income countries,-0.008358600222420104
drop_total,primary_training,40,income_group=Upper-middle-income countries,-0.011514566462812431
drop_total,primary_training,41,intercept,0.15111520250543667
drop_total,primary_training,41,cum_co2_per_capita,0.017287996656617195
drop_total,primary_training,41,abs_latitude,0.001129714390121567
drop_total,primary_training,41,elevation,-3.1295615142136755e-06
drop_total,primary_training,41,continentality,3.892623651573389e-05
drop_total,primary_training,41,population,0.0017228046016491525
drop_total,primary_training,41,station_density,-0.0016211702034421081
drop_total,primary_training,41,climate_zone=B,0.008422167090042988
drop_total,primary_training,41,climate_zone=C,-0.018849775603765648
drop_total,primary_training,41,climate_zone=D,-0.003482179248483765
drop_total,primary_training,41,climate_zone=E,-0.09097455699394909
drop_total,primary_training,41,hemisphere=S,-0.033421838954132886
drop_total,primary_training,41,spatial_block=Asia,-0.05176509818086177
drop_total,primary_training,41,spatial_block=Europe,-0.06357614396358277
drop_total,primary_training,41,spatial_block=North America,-0.08907335692678726
drop_total,primary_training,41,spatial_block=Oceania,-0.05063149529121143
drop_total,primary_training,41,spatial_block=South America,-0.0549573717276485
drop_total,primary_training,41,income_group=Low-income countries,0.011051830145946209
drop_total,primary_training,41,income_group=Lower-middle-income countries,-0.00556944172693495
drop_total,primary_training,41,income_group=Upper-middle-income countries,-0.012006638056102033
drop_total,primary_training,42,intercept,0.14917945144610753
drop_total,primary_training,42,cum_co2_per_capita,0.01689727516672334
drop_total,primary_training,42,abs_latitude,0.0010523391357630028
drop_total,primary_training,42,elevation,-4.6744327099251066e-07
drop_total,primary_training,42,continentality,4.016889282919006e-05
drop_total,primary_training,42,population,0.0022940558771029776
drop_total,primary_training,42,station_density,-0.0017229138748172522
drop_total,primary_training,42,climate_zone=B,0.006445982075691757
drop_total,primary_training,42,climate_zone=C,-0.022005856884708665
drop_total,primary_training,42,climate_zone=D,-0.006518161332245198
drop_total,primary_training,42,climate_zone=E,-0.09225296260730409
drop_total,primary_training,42,hemisphere=S,-0.02378793628810396
drop_total,primary_training,42,spatial_block=Asia,-0.04915337078352404
drop_total,primary_training,42,spatial_block=Europe,-0.05801022929772373
drop_total,primary_training,42,spatial_block=North America,-0.08663603963650401
drop_total,primary_training,42,spatial_block=Oceania,-0.055951373658479436
drop_total,primary_training,42,spatial_block=South America,-0.06108504573365987
drop_total,primary_training,42,income_group=Low-income countries,0.007560523375407659
drop_total,primary_training,42,income_group=Lower-middle-income countries,-0.008393097563440656
drop_total,primary_training,42,income_group=Upper-middle-income countries,-0.013589010132520115
drop_total,primary_training,43,intercept,0.1558559453648088
drop_total,primary_training,43,cum_co2_per_capita,0.017257757637695544
drop_total,primary_training,43,abs_latitude,0.001081312671114262
drop_total,primary_training,43,elevation,-1.081378787737967e-06
drop_total,primary_training,43,continentality,4.126560646570995e-05
drop_total,primary_training,43,population,0.0016914352424022988
drop_total,primary_training,43,station_density,-0.0014742536462270448
drop_total,primary_training,43,climate_zone=B,0.006737311165193079
drop_total,primary_training,43,climate_zone=C,-0.0256097765141236
drop_total,primary_training,43,climate_zone=D,-0.006498423001339234
drop_total,primary_training,43,climate_zone=E,-0.0926287610742699
drop_total,primary_training,43,hemisphere=S,-0.025697468982285553
drop_total,primary_training,43,spatial_block=Asia,-0.053422711607992
drop_total,primary_training,43,spatial_block=Europe,-0.06380130017570389
drop_total,primary_training,43,spatial_block=North America,-0.09065897438958088
drop_total,primary_training,43,spatial_block=Oceania,-0.056231703619677866
drop_total,primary_training,43,spatial_block=South America,-0.06268624585115996
drop_total,primary_training,43,income_group=Low-income countries,0.006049024957721682
drop_total,primary_training,43,income_group=Lower-middle-income countries,-0.007439363122270846
drop_total,primary_training,43,income_group=Upper-middle-income countries,-0.013248069616346909
drop_total,primary_training,44,intercept,0.15882291429050552
drop_total,primary_training,44,cum_co2_per_capita,0.01717767011392212
drop_total,primary_training,44,abs_latitude,0.0010680786712418625
drop_total,primary_training,44,elevation,-3.4743203540628247e-06
drop_total,primary_training,44,continentality,4.281336990146449e-05
drop_total,primary_training,44,population,0.0008524781555243945
drop_total,primary_training,44,station_density,-0.0015777520800029107
drop_total,primary_training,44,climate_zone=B,0.0078098099948840155
drop_total,primary_training,44,climate_zone=C,-0.01808385596393916
drop_total,primary_training,44,climate_zone=D,-0.003025093070977991
drop_total,primary_training,44,climate_zone=E,-0.09025453807909947
drop_total,primary_training,44,hemisphere=S,-0.03375565653954311
drop_total,primary_training,44,spatial_block=Asia,-0.051770532593510554
drop_total,primary_training,44,spatial_block=Europe,-0.06316367194962792
drop_total,primary_training,44,spatial_block=North America,-0.08948736197849139
drop_total,primary_training,44,spatial_block=Oceania,-0.05043208115047254
drop_total,primary_training,44,spatial_block=South America,-0.055284090723070764
drop_total,primary_training,44,income_group=Low-income countries,0.011443868432316847
drop_total,primary_training,44,income_group=Lower-middle-income countries,-0.006512950764812038
drop_total,primary_training,44,income_group=Upper-middle-income countries,-0.01259756759400681
drop_total,primary_training,45,intercept,0.16188817461575825
drop_total,primary_training,45,cum_co2_per_capita,0.015985225627331567
drop_total,primary_training,45,abs_latitude,0.0012098405563964701
drop_total,primary_training,45,elevation,4.517363126286332e-07
drop_total,primary_training,45,continentality,4.1429303690256644e-05
drop_total,primary_training,45,population,0.0011034711066041547
drop_total,primary_training,45,station_density,-0.0014832493421441865
drop_total,primary_training,45,climate_zone=B,0.006526314329965814
drop_total,primary_training,45,climate_zone=C,-0.026856690181377787
drop_total,primary_training,45,climate_zone=D,-0.012004751091997326
drop_total,primary_training,45,climate_zone=E,-0.10082878086742368
drop_total,primary_training,45,hemisphere=S,-0.02556041062740665
drop_total,primary_training,45,spatial_block=Asia,-0.05447982788436676
drop_total,primary_training,45,spatial_block=Europe,-0.06371161010249764
drop_total,primary_training,45,spatial_block=North America,-0.09145980943001479
drop_total,primary_training,45,spatial_block=Oceania,-0.05669012747043819
drop_total,primary_training,45,spatial_block=South America,-0.0649115016951248
drop_total,primary_training,45,income_group=Low-income countries,0.0023706879900439307
drop_total,primary_training,45,income_group=Lower-middle-income countries,-0.011094283382193492
drop_total,primary_training,45,income_group=Upper-middle-income countries,-0.013029350445712911
drop_total,primary_training,46,intercept,0.16503606126327633
drop_total,primary_training,46,cum_co2_per_capita,0.016540902248666212
drop_total,primary_training,46,abs_latitude,0.001228337611192647
drop_total,primary_training,46,elevation,4.1088119320274985e-07
drop_total,primary_training,46,continentality,4.1247106968119184e-05
drop_total,primary_training,46,population,0.0006782166411610519
drop_total,primary_training,46,station_density,-0.001389019584141071
drop_total,primary_training,46,climate_zone=B,0.007689847443738163
drop_total,primary_training,46,climate_zone=C,-0.027161465805322717
drop_total,primary_training,46,climate_zone=D,-0.012233832013971867
drop_total,primary_training,46,climate_zone=E,-0.10152915530127016
drop_total,primary_training,46,hemisphere=S,-0.014196559811463911
drop_total,primary_training,46,spatial_block=Asia,-0.05747238033140992
drop_total,primary_training,46,spatial_block=Europe,-0.06644957664431074
drop_total,primary_training,46,spatial_block=North America,-0.09378456618726166
drop_total,primary_training,46,spatial_block=Oceania,-0.07010249072944287
drop_total,primary_training,46,spatial_block=South America,-0.07565170433240147
drop_total,primary_training,46,income_group=Low-income countries,0.0010390485289138625
drop_total,primary_training,46,income_group=Lower-middle-income countries,-0.010149763294184443
drop_total,primary_training,46,income_group=Upper-middle-income countries,-0.012101130128410457
drop_total,primary_training,47,intercept,0.1665510134267232
drop_total,primary_training,47,cum_co2_per_capita,0.012522903041488087
drop_total,primary_training,47,abs_latitude,0.0008124312323547847
drop_total,primary_training,47,elevation,-2.6151693526273157e-06
drop_total,primary_training,47,continentality,2.9410522282439636e-05
drop_total,primary_training,47,population,0.0030183432688340142
drop_total,primary_training,47,station_density,-0.0013040913150926866
drop_total,primary_training,47,climate_zone=B,0.0016203950905632964
drop_total,primary_training,47,climate_zone=C,-0.01897400009973276
drop_total,primary_training,47,climate_zone=D,0.0037029427634415763
drop_total,primary_training,47,climate_zone=E,-0.08135475412057017
drop_total,primary_training,47,hemisphere=S,-0.024329368486615793
drop_total,primary_training,47,spatial_block=Asia,-0.058760690257799786
drop_total,primary_training,47,spatial_block=Europe,-0.061988533145420716
drop_total,primary_training,47,spatial_block=North America,-0.09307459596573002
drop_total,primary_training,47,spatial_block=Oceania,-0.062247658121879795
drop_total,primary_training,47,spatial_block=South America,-0.06215056143457749
drop_total,primary_training,47,income_group=Low-income countries,-0.0016336819926001992
drop_total,primary_training,47,income_group=Lower-middle-income countries,-0.013494760838039063
drop_total,primary_training,47,income_group=Upper-middle-income countries,-0.020548837827655347
drop_total,primary_training,48,intercept,0.15075052418293344
drop_total,primary_training,48,cum_co2_per_capita,0.020227396749189466
drop_total,primary_training,48,abs_latitude,0.0009821245505110265
drop_total,primary_training,48,elevation,-3.226702215560009e-06
drop_total,primary_training,48,continentality,4.074535290014208e-05
drop_total,primary_training,48,population,0.000874768867477682
drop_total,primary_training,48,station_density,-0.0015217951838915095
drop_total,primary_training,48,climate_zone=B,0.0065254869899926855
drop_total,primary_training,48,climate_zone=C,-0.020520196658613696
drop_total,primary_training,48,climate_zone=D,-0.006381192954633876
drop_total,primary_training,48,climate_zone=E,-0.09119848020897726
drop_total,primary_training,48,hemisphere=S,-0.024049498922885295
drop_total,primary_training,48,spatial_block=Asia,-0.04936276160340571
drop_total,primary_training,48,spatial_block=Europe,-0.05651706559371595
drop_total,primary_training,48,spatial_block=North America,-0.08566725431292552
drop_total,primary_training,48,spatial_block=Oceania,-0.056927821806732844
drop_total,primary_training,48,spatial_block=South America,-0.05728341187002834
drop_total,primary_training,48,income_group=Low-income countries,0.020079955020868057
drop_total,primary_training,48,income_group=Lower-middle-income countries,-0.0004194392153503107
drop_total,primary_training,48,income_group=Upper-middle-income countries,-0.013526088740961279
drop_total,primary_training,49,intercept,0.15883701056877733
drop_total,primary_training,49,cum_co2_per_capita,0.014965002056135747
drop_total,primary_training,49,abs_latitude,0.0008712487818015329
drop_total,primary_training,49,elevation,-2.102014492858519e-06
drop_total,primary_training,49,continentality,3.189514800442538e-05
drop_total,primary_training,49,population,0.0019368897767500215
drop_total,primary_training,49,station_density,-0.0013505985888737208
drop_total,primary_training,49,climate_zone=B,0.005670048725354002
drop_total,primary_training,49,climate_zone=C,-0.01728527609102554
drop_total,primary_training,49,climate_zone=D,0.0010777035138212125
drop_total,primary_training,49,climate_zone=E,-0.08326909250010514
drop_total,primary_training,49,hemisphere=S,-0.024272303671844762
drop_total,primary_training,49,spatial_block=Asia,-0.0528073013820127
drop_total,primary_training,49,spatial_block=Europe,-0.056898094068456986
drop_total,primary_training,49,spatial_block=North America,-0.0865336092618794
drop_total,primary_training,49,spatial_block=Oceania,-0.05734751423922381
drop_total,primary_training,49,spatial_block=South America,-0.057199827323444134
drop_total,primary_training,49,income_group=Low-income countries,0.012886703127041963
drop_total,primary_training,49,income_group=Lower-middle-income countries,-0.006739243491370605
drop_total,primary_training,49,income_group=Upper-middle-income countries,-0.01784921510486274
drop_total,primary_training,50,intercept,0.14399296808282558
drop_total,primary_training,50,cum_co2_per_capita,0.010200768474928422
drop_total,primary_training,50,abs_latitude,0.001265275170870226
drop_total,primary_training,50,elevation,-8.792873109586397e-07
drop_total,primary_training,50,continentality,3.957001994429179e-05
drop_total,primary_training,50,population,0.005004223903344715
drop_total,primary_training,50,station_density,-0.00162191286666906
drop_total,primary_training,50,climate_zone=B,0.0017390056330176846
drop_total,primary_training,50,climate_zone=C,-0.028061726691748997
drop_total,primary_training,50,climate_zone=D,-0.012091189819321608
drop_total,primary_training,50,climate_zone=E,-0.09823368961987759
drop_total,primary_training,50,hemisphere=S,-0.02710750062723158
drop_total,primary_training,50,spatial_block=Asia,-0.0471577083876678
drop_total,primary_training,50,spatial_block=Europe,-0.05802494357205847
drop_total,primary_training,50,spatial_block=North America,-0.08941480887032584
drop_total,primary_training,50,spatial_block=Oceania,-0.05329952306452199
drop_total,primary_training,50,spatial_block=South America,-0.05883852115243702
drop_total,primary_training,50,income_group=Low-income countries,-0.002215454908773446
drop_total,primary_training,50,income_group=Lower-middle-income countries,-0.008795230645362773
drop_total,primary_training,50,income_group=Upper-middle-income countries,-0.016110550409175257
drop_total,primary_training,51,intercept,0.1379856541121375
drop_total,primary_training,51,cum_co2_per_capita,0.010674242656144025
drop_total,primary_training,51,abs_latitude,0.0013571079151785193
drop_total,primary_training,51,elevation,3.962551926791712e-07
drop_total,primary_training,51,continentality,3.6341709004284804e-05
drop_total,primary_training,51,population,0.006170762773895109
drop_total,primary_training,51,station_density,-0.0021872158536179603
drop_total,primary_training,51,climate_zone=B,-0.0056741096832639976
drop_total,primary_training,51,climate_zone=C,-0.03515932978384703
drop_total,primary_training,51,climate_zone=D,-0.021513417100942154
drop_total,primary_training,51,climate_zone=E,-0.10859512206214102
drop_total,primary_training,51,hemisphere=S,-0.02968501593551653
drop_total,primary_training,51,spatial_block=Asia,-0.04186798646459619
drop_total,primary_training,51,spatial_block=Europe,-0.05525588456329885
drop_total,primary_training,51,spatial_block=North America,-0.09089853382078447
drop_total,primary_training,51,spatial_block=Oceania,-0.05203839245225341
drop_total,primary_training,51,spatial_block=South America,-0.05691008027161812
drop_total,primary_training,51,income_group=Low-income countries,-0.0026086450565853576
drop_total,primary_training,51,income_group=Lower-middle-income countries,-0.005938488905864338
drop_total,primary_training,51,income_group=Upper-middle-income countries,-0.016403118376169704
drop_total,primary_training,52,intercept,0.15490457324514983
drop_total,primary_training,52,cum_co2_per_capita,0.012976844252357563
drop_total,primary_training,52,abs_latitude,0.0011241066319337286
drop_total,primary_training,52,elevation,-1.806115754337492e-07
drop_total,primary_training,52,continentality,3.7937836052121494e-05
drop_total,primary_training,52,population,0.0033906752631370283
drop_total,primary_training,52,station_density,-0.0020628633709755596
drop_total,primary_training,52,climate_zone=B,-0.0004835410380210025
drop_total,primary_training,52,climate_zone=C,-0.029052036359965155
drop_total,primary_training,52,climate_zone=D,-0.014561200401310292
drop_total,primary_training,52,climate_zone=E,-0.10125457117024433
drop_total,primary_training,52,hemisphere=S,-0.026259123490914485
drop_total,primary_training,52,spatial_block=Asia,-0.0440005896163253
drop_total,primary_training,52,spatial_block=Europe,-0.05507521115533161
drop_total,primary_training,52,spatial_block=North America,-0.09012800193993606
drop_total,primary_training,52,spatial_block=Oceania,-0.05510801827188166
drop_total,primary_training,52,spatial_block=South America,-0.060558983801456544
drop_total,primary_training,52,income_group=Low-income countries,-0.0007745431384386925
drop_total,primary_training,52,income_group=Lower-middle-income countries,-0.008736684588457807
drop_total,primary_training,52,income_group=Upper-middle-income countries,-0.015256804763519266
drop_total,primary_training,53,intercept,0.14657402835765504
drop_total,primary_training,53,cum_co2_per_capita,0.0007766248690656241
drop_total,primary_training,53,abs_latitude,0.0010953747937185588
drop_total,primary_training,53,elevation,-4.074874268181471e-06
drop_total,primary_training,53,continentality,2.102565925269495e-05
drop_total,primary_training,53,population,0.00933777502796949
drop_total,primary_training,53,station_density,-0.0019189043033311876
drop_total,primary_training,53,climate_zone=B,-0.002645038298835521
drop_total,primary_training,53,climate_zone=C,-0.024523530968081485
drop_total,primary_training,53,climate_zone=D,-0.00048302835408170486
drop_total,primary_training,53,climate_zone=E,-0.08465755084935515
drop_total,primary_training,53,hemisphere=S,-0.02534018354405292
drop_total,primary_training,53,spatial_block=Asia,-0.03854475607665578
drop_total,primary_training,53,spatial_block=Europe,-0.06033414987584143
drop_total,primary_training,53,spatial_block=North America,-0.09469024693556788
drop_total,primary_training,53,spatial_block=Oceania,-0.061290131835624914
drop_total,primary_training,53,spatial_block=South America,-0.060034034862489635
drop_total,primary_training,53,income_group=Low-income countries,-0.01842582200409334
drop_total,primary_training,53,income_group=Lower-middle-income countries,-0.019066628982562398
drop_total,primary_training,53,income_group=Upper-middle-income countries,-0.02297767131834797
drop_total,primary_training,54,intercept,0.14491802128708656
drop_total,primary_training,54,cum_co2_per_capita,0.019446984083219317
drop_total,primary_training,54,abs_latitude,0.000873806934145715
drop_total,primary_training,54,elevation,-2.8121010684438954e-06
drop_total,primary_training,54,continentality,3.7760836900925064e-05
drop_total,primary_training,54,population,0.0021224026182621674
drop_total,primary_training,54,station_density,-0.0014697191015012228
drop_total,primary_training,54,climate_zone=B,0.006283284816500821
drop_total,primary_training,54,climate_zone=C,-0.01865831900402427
drop_total,primary_training,54,climate_zone=D,-0.001717566566816341
drop_total,primary_training,54,climate_zone=E,-0.08505576882670675
drop_total,primary_training,54,hemisphere=S,-0.024139287030323035
drop_total,primary_training,54,spatial_block=Asia,-0.05118335951347846
drop_total,primary_training,54,spatial_block=Europe,-0.05444258485525244
drop_total,primary_training,54,spatial_block=North America,-0.08470575541172173
drop_total,primary_training,54,spatial_block=Oceania,-0.05630370285752061
drop_total,primary_training,54,spatial_block=South America,-0.055882088126222716
drop_total,primary_training,54,income_group=Low-income countries,0.02014953309543393
drop_total,primary_training,54,income_group=Lower-middle-income countries,-9.27061460795132e-05
drop_total,primary_training,54,income_group=Upper-middle-income countries,-0.015471994146665028
drop_total,primary_training,55,intercept,0.1418055168763154
drop_total,primary_training,55,cum_co2_per_capita,0.010910238544975592
drop_total,primary_training,55,abs_latitude,0.0012525857682053362
drop_total,primary_training,55,elevation,-1.5381304164089561e-06
drop_total,primary_training,55,continentality,3.9800197918119094e-05
drop_total,primary_training,55,population,0.005517026633362359
drop_total,primary_training,55,station_density,-0.001863034058764853
drop_total,primary_training,55,climate_zone=B,0.000878441205666695
drop_total,primary_training,55,climate_zone=C,-0.027905897641821185
drop_total,primary_training,55,climate_zone=D,-0.012987642622506328
drop_total,primary_training,55,climate_zone=E,-0.0985192483014104
drop_total,primary_training,55,hemisphere=S,-0.029857508617936932
drop_total,primary_training,55,spatial_block=Asia,-0.04838825737427856
drop_total,primary_training,55,spatial_block=Europe,-0.05931064474484355
drop_total,primary_training,55,spatial_block=North America,-0.09144356025570463
drop_total,primary_training,55,spatial_block=Oceania,-0.053536533113229874
drop_total,primary_training,55,spatial_block=South America,-0.05848031941087403
drop_total,primary_training,55,income_group=Low-income countries,-0.00370892757693568
drop_total,primary_training,55,income_group=Lower-middle-income countries,-0.00795405254870075
drop_total,primary_training,55,income_group=Upper-middle-income countries,-0.016130632071812232
drop_total,primary_training,56,intercept,0.1409162354826514
drop_total,primary_training,56,cum_co2_per_capita,0.015292703257490145
drop_total,primary_training,56,abs_latitude,0.0013011934467046422
drop_total,primary_training,56,elevation,8.709538376258313e-07
drop_total,primary_training,56,continentality,3.999505991096233e-05
drop_total,primary_training,56,population,0.0046785382985558895
drop_total,primary_training,56,station_density,-0.0022416360505220076
drop_total,primary_training,56,climate_zone=B,-0.0002841030567671901
drop_total,primary_training,56,climate_zone=C,-0.026747342059545296
drop_total,primary_training,56,climate_zone=D,-0.014271432458782127
drop_total,primary_training,56,climate_zone=E,-0.10174399790940983
drop_total,primary_training,56,hemisphere=S,-0.031239962638206845
drop_total,primary_training,56,spatial_block=Asia,-0.05249336401197613
drop_total,primary_training,56,spatial_block=Europe,-0.06561736562320505
drop_total,primary_training,56,spatial_block=North America,-0.09273273319751003
drop_total,primary_training,56,spatial_block=Oceania,-0.10354910344829381
drop_total,primary_training,56,spatial_block=South America,-0.06049430590226982
drop_total,primary_training,56,income_group=Low-income countries,0.0011676359133447084
drop_total,primary_training,56,income_group=Lower-middle-income countries,-0.00950236744645808
drop_total,primary_training,56,income_group=Upper-middle-income countries,-0.016558709017154883
drop_total,primary_training,57,intercept,0.15060181638942538
drop_total,primary_training,57,cum_co2_per_capita,0.010935509573991961
drop_total,primary_training,57,abs_latitude,0.0010484387337591407
drop_total,primary_training,57,elevation,-3.606155334843077e-06
drop_total,primary_training,57,continentality,3.0155414059806233e-05
drop_total,primary_training,57,population,0.003169825609014781
drop_total,primary_training,57,station_density,-0.0009335962663784598
drop_total,primary_training,57,climate_zone=B,-0.0033533858844511564
drop_total,primary_training,57,climate_zone=C,-0.016100260434382993
drop_total,primary_training,57,climate_zone=D,0.004612164382330276
drop_total,primary_training,57,climate_zone=E,-0.07961324553680613
drop_total,primary_training,57,hemisphere=S,-0.02490076297280044
drop_total,primary_training,57,spatial_block=Asia,-0.06444523918022116
drop_total,primary_training,57,spatial_block=Europe,-0.059720917043636225
drop_total,primary_training,57,spatial_block=North America,-0.08836494777852485
drop_total,primary_training,57,spatial_block=Oceania,-0.056382677536940096
drop_total,primary_training,57,spatial_block=South America,-0.056233061164186186
drop_total,primary_training,57,income_group=Low-income countries,0.015180975177832902
drop_total,primary_training,57,income_group=Lower-middle-income countries,-3.751158281811689e-06
drop_total,primary_training,57,income_group=Upper-middle-income countries,-0.011558354201088535
drop_total,primary_training,58,intercept,0.14549864471631352
drop_total,primary_training,58,cum_co2_per_capita,0.020294080957962868
drop_total,primary_training,58,abs_latitude,0.0011272266604178734
drop_total,primary_training,58,elevation,-3.498924693158365e-06
drop_total,primary_training,58,continentality,3.6200733402155154e-05
drop_total,primary_training,58,population,0.0014093291373448193
drop_total,primary_training,58,station_density,-0.001378075325235932
drop_total,primary_training,58,climate_zone=B,0.009646076769195627
drop_total,primary_training,58,climate_zone=C,-0.01980292053856979
drop_total,primary_training,58,climate_zone=D,-0.006770611021125142
drop_total,primary_training,58,climate_zone=E,-0.09337853092449988
drop_total,primary_training,58,hemisphere=S,-0.026053955909158575
drop_total,primary_training,58,spatial_block=Asia,-0.050836704727607054
drop_total,primary_training,58,spatial_block=Europe,-0.06123483125102949
drop_total,primary_training,58,spatial_block=North America,-0.088034732520488
drop_total,primary_training,58,spatial_block=Oceania,-0.0591089683177759
drop_total,primary_training,58,spatial_block=South America,-0.05738474296558141
drop_total,primary_training,58,income_group=Low-income countries,0.022344648911373968
drop_total,primary_training,58,income_group=Lower-middle-income countries,0.003297712222505811
drop_total,primary_training,58,income_group=Upper-middle-income countries,-0.013449038935002943
drop_total,primary_training,59,intercept,0.1341549372574548
drop_total,primary_training,59,cum_co2_per_capita,0.020683411276260097
drop_total,primary_training,59,abs_latitude,0.0011889452107611727
drop_total,primary_training,59,elevation,-1.0272033428702507e-06
drop_total,primary_training,59,continentality,3.3098563599515345e-05
drop_total,primary_training,59,population,0.0034507945994265168
drop_total,primary_training,59,station_density,-0.0016299484956142705
drop_total,primary_training,59,climate_zone=B,0.01073974469689881
drop_total,primary_training,59,climate_zone=C,-0.023073634515360965
drop_total,primary_training,59,climate_zone=D,-0.008795649250096186
drop_total,primary_training,59,climate_zone=E,-0.09563548569242702
drop_total,primary_training,59,hemisphere=S,-0.026699157535316126
drop_total,primary_training,59,spatial_block=Asia,-0.04963619083229183
drop_total,primary_training,59,spatial_block=Europe,-0.06409057767213236
drop_total,primary_training,59,spatial_block=North America,-0.09009624447467739
drop_total,primary_training,59,spatial_block=Oceania,-0.059669241863490194
drop_total,primary_training,59,spatial_block=South America,-0.06080704955887655
drop_total,primary_training,59,income_group=Low-income countries,0.01802625988978048
drop_total,primary_training,59,income_group=Lower-middle-income countries,-0.0010698078853579513
drop_total,primary_training,59,income_group=Upper-middle-income countries,-0.013972919498486218
drop_total,primary_training,60,intercept,0.16013639038265215
drop_total,primary_training,60,cum_co2_per_capita,0.014562009820137061
drop_total,primary_training,60,abs_latitude,0.0010539726292396558
drop_total,primary_training,60,elevation,-1.1101450730353485e-06
drop_total,primary_training,60,continentality,3.8761802342370735e-05
drop_total,primary_training,60,population,0.002468579813408795
drop_total,primary_training,60,station_density,-0.001920973726792669
drop_total,primary_training,60,climate_zone=B,0.006075676276731523
drop_total,primary_training,60,climate_zone=C,-0.020781229882436147
drop_total,primary_training,60,climate_zone=D,-0.0018847152277279252
drop_total,primary_training,60,climate_zone=E,-0.08961540207929601
drop_total,primary_training,60,hemisphere=S,-0.025970519003301
drop_total,primary_training,60,spatial_block=Asia,-0.051939878167204204
drop_total,primary_training,60,spatial_block=Europe,-0.06634817375381481
drop_total,primary_training,60,spatial_block=North America,-0.0914884990793565
drop_total,primary_training,60,spatial_block=Oceania,-0.059820764593593576
drop_total,primary_training,60,spatial_block=South America,-0.06305580253728378
drop_total,primary_training,60,income_group=Low-income countries,-0.0003470434506107956
drop_total,primary_training,60,income_group=Lower-middle-income countries,-0.013849799173442392
drop_total,primary_training,60,income_group=Upper-middle-income countries,-0.017545711844707556
drop_total,primary_training,61,intercept,0.1341549372574548
drop_total,primary_training,61,cum_co2_per_capita,0.020683411276260097
drop_total,primary_training,61,abs_latitude,0.0011889452107611727
drop_total,primary_training,61,elevation,-1.0272033428702507e-06
drop_total,primary_training,61,continentality,3.3098563599515345e-05
drop_total,primary_training,61,population,0.0034507945994265168
drop_total,primary_training,61,station_density,-0.0016299484956142705
drop_total,primary_training,61,climate_zone=B,0.01073974469689881
drop_total,primary_training,61,climate_zone=C,-0.023073634515360965
drop_total,primary_training,61,climate_zone=D,-0.008795649250096186
drop_total,primary_training,61,climate_zone=E,-0.09563548569242702
drop_total,primary_training,61,hemisphere=S,-0.026699157535316126
drop_total,primary_training,61,spatial_block=Asia,-0.04963619083229183
drop_total,primary_training,61,spatial_block=Europe,-0.06409057767213236
drop_total,primary_training,61,spatial_block=North America,-0.09009624447467739
drop_total,primary_training,61,spatial_block=Oceania,-0.059669241863490194
drop_total,primary_training,61,spatial_block=South America,-0.06080704955887655
drop_total,primary_training,61,income_group=Low-income countries,0.01802625988978048
drop_total,primary_training,61,income_group=Lower-middle-income countries,-0.0010698078853579513
drop_total,primary_training,61,income_group=Upper-middle-income countries,-0.013972919498486218
drop_total,primary_training,62,intercept,0.17156446549610657
drop_total,primary_training,62,cum_co2_per_capita,0.010308210355818064
drop_total,primary_training,62,abs_latitude,0.000418821412163034
drop_total,primary_training,62,elevation,-5.507939445059167e-06
drop_total,primary_training,62,continentality,1.3928960169610103e-05
drop_total,primary_training,62,population,0.003817874006156235
drop_total,primary_training,62,station_density,-0.0011228660052337097
drop_total,primary_training,62,climate_zone=B,0.005605533705805127
drop_total,primary_training,62,climate_zone=C,-0.009167220698283324
drop_total,primary_training,62,climate_zone=D,0.018090279981096885
drop_total,primary_training,62,climate_zone=E,-0.062313164976334254
drop_total,primary_training,62,hemisphere=S,-0.02092270843158289
drop_total,primary_training,62,spatial_block=Asia,-0.06223837959645713
drop_total,primary_training,62,spatial_block=Europe,-0.057293481825263004
drop_total,primary_training,62,spatial_block=North America,-0.09189530936128025
drop_total,primary_training,62,spatial_block=Oceania,-0.06707644561903982
drop_total,primary_training,62,spatial_block=South America,-0.060811776727992796
drop_total,primary_training,62,income_group=Low-income countries,0.001133898801149227
drop_total,primary_training,62,income_group=Lower-middle-income countries,-0.014249283838709062
drop_total,primary_training,62,income_group=Upper-middle-income countries,-0.023544237814882858
drop_total,primary_training,63,intercept,0.1551971946531372
drop_total,primary_training,63,cum_co2_per_capita,0.012823072271570028
drop_total,primary_training,63,abs_latitude,0.0011347225152244906
drop_total,primary_training,63,elevation,-1.793350474781729e-07
drop_total,primary_training,63,continentality,3.797268131180568e-05
drop_total,primary_training,63,population,0.0033521544844045234
drop_total,primary_training,63,station_density,-0.0020526913757501677
drop_total,primary_training,63,climate_zone=B,-0.00037430162862212295
drop_total,primary_training,63,climate_zone=C,-0.029013960358759545
drop_total,primary_training,63,climate_zone=D,-0.014500102829737137
drop_total,primary_training,63,climate_zone=E,-0.10142875006818118
drop_total,primary_training,63,hemisphere=S,-0.026287920769494728
drop_total,primary_training,63,spatial_block=Asia,-0.044226503933328616
drop_total,primary_training,63,spatial_block=Europe,-0.0552737259758304
drop_total,primary_training,63,spatial_block=North America,-0.09006210655673672
drop_total,primary_training,63,spatial_block=Oceania,-0.055072526318534876
drop_total,primary_training,63,spatial_block=South America,-0.06042995856823627
drop_total,primary_training,63,income_group=Low-income countries,-0.0008522333562519222
drop_total,primary_training,63,income_group=Lower-middle-income countries,-0.008764153817668999
drop_total,primary_training,63,income_group=Upper-middle-income countries,-0.015369977655140954
drop_total,primary_training,64,intercept,0.1341549372574548
drop_total,primary_training,64,cum_co2_per_capita,0.020683411276260097
drop_total,primary_training,64,abs_latitude,0.0011889452107611727
drop_total,primary_training,64,elevation,-1.0272033428702507e-06
drop_total,primary_training,64,continentality,3.3098563599515345e-05
drop_total,primary_training,64,population,0.0034507945994265168
drop_total,primary_training,64,station_density,-0.0016299484956142705
drop_total,primary_training,64,climate_zone=B,0.01073974469689881
drop_total,primary_training,64,climate_zone=C,-0.023073634515360965
drop_total,primary_training,64,climate_zone=D,-0.008795649250096186
drop_total,primary_training,64,climate_zone=E,-0.09563548569242702
drop_total,primary_training,64,hemisphere=S,-0.026699157535316126
drop_total,primary_training,64,spatial_block=Asia,-0.04963619083229183
drop_total,primary_training,64,spatial_block=Europe,-0.06409057767213236
drop_total,primary_training,64,spatial_block=North America,-0.09009624447467739
drop_total,primary_training,64,spatial_block=Oceania,-0.059669241863490194
drop_total,primary_training,64,spatial_block=South America,-0.06080704955887655
drop_total,primary_training,64,income_group=Low-income countries,0.01802625988978048
drop_total,primary_training,64,income_group=Lower-middle-income countries,-0.0010698078853579513
drop_total,primary_training,64,income_group=Upper-middle-income countries,-0.013972919498486218
drop_total,primary_training,65,intercept,0.15030486308517577
drop_total,primary_training,65,cum_co2_per_capita,0.01460607125418852
drop_total,primary_training,65,abs_latitude,0.0011781714191827807
drop_total,primary_training,65,elevation,2.504316052641285e-07
drop_total,primary_training,65,continentality,4.029520160661711e-05
drop_total,primary_training,65,population,0.0034781705584124747
drop_total,primary_training,65,station_density,-0.002319576003015632
drop_total,primary_training,65,climate_zone=B,0.0019332799708162852
drop_total,primary_training,65,climate_zone=C,-0.02462747839178882
drop_total,primary_training,65,climate_zone=D,-0.011489731854342758
drop_total,primary_training,65,climate_zone=E,-0.09896074849856228
drop_total,primary_training,65,hemisphere=S,-0.030736081184208137
drop_total,primary_training,65,spatial_block=Asia,-0.05082213135317882
drop_total,primary_training,65,spatial_block=Europe,-0.06129141252436787
drop_total,primary_training,65,spatial_block=North America,-0.09095587568874512
drop_total,primary_training,65,spatial_block=Oceania,-0.054581638886313844
drop_total,primary_training,65,spatial_block=South America,-0.059456512811991255
drop_total,primary_training,65,income_group=Low-income countries,0.0015241512417695472
drop_total,primary_training,65,income_group=Lower-middle-income countries,-0.008557546344228147
drop_total,primary_training,65,income_group=Upper-middle-income countries,-0.01570156964331846
drop_total,primary_training,66,intercept,0.15653215033963622
drop_total,primary_training,66,cum_co2_per_capita,0.0158390254289712
drop_total,primary_training,66,abs_latitude,0.0009634582411076497
drop_total,primary_training,66,elevation,-1.0073900697808358e-06
drop_total,primary_training,66,continentality,3.586181133517127e-05
drop_total,primary_training,66,population,0.002153987933499702
drop_total,primary_training,66,station_density,-0.0015520211562702418
drop_total,primary_training,66,climate_zone=B,0.006298818121345997
drop_total,primary_training,66,climate_zone=C,-0.02126376586089185
drop_total,primary_training,66,climate_zone=D,-0.003411463436686948
drop_total,primary_training,66,climate_zone=E,-0.08834062694666771
drop_total,primary_training,66,hemisphere=S,-0.025204793600955667
drop_total,primary_training,66,spatial_block=Asia,-0.052196518897980604
drop_total,primary_training,66,spatial_block=Europe,-0.05951221982559489
drop_total,primary_training,66,spatial_block=North America,-0.08898887374578485
drop_total,primary_training,66,spatial_block=Oceania,-0.0569881338465665
drop_total,primary_training,66,spatial_block=South America,-0.0608456114675741
drop_total,primary_training,66,income_group=Low-income countries,0.006966836949731099
drop_total,primary_training,66,income_group=Lower-middle-income countries,-0.007538772232037028
drop_total,primary_training,66,income_group=Upper-middle-income countries,-0.015279840838133869
drop_total,primary_training,67,intercept,0.14606433312044534
drop_total,primary_training,67,cum_co2_per_capita,0.012236128920575916
drop_total,primary_training,67,abs_latitude,0.0011963040137123234
drop_total,primary_training,67,elevation,-8.820214385314544e-07
drop_total,primary_training,67,continentality,4.076798110438732e-05
drop_total,primary_training,67,population,0.004205757643232899
drop_total,primary_training,67,station_density,-0.0015084301697763298
drop_total,primary_training,67,climate_zone=B,0.003449384338980681
drop_total,primary_training,67,climate_zone=C,-0.026346179928102353
drop_total,primary_training,67,climate_zone=D,-0.009921269796732041
drop_total,primary_training,67,climate_zone=E,-0.0955917849723929
drop_total,primary_training,67,hemisphere=S,-0.026893054366077255
drop_total,primary_training,67,spatial_block=Asia,-0.04952214456881992
drop_total,primary_training,67,spatial_block=Europe,-0.05926247151100725
drop_total,primary_training,67,spatial_block=North America,-0.08951280981901161
drop_total,primary_training,67,spatial_block=Oceania,-0.05389258570747968
drop_total,primary_training,67,spatial_block=South America,-0.059817222816337424
drop_total,primary_training,67,income_group=Low-income countries,0.00018026883077814927
drop_total,primary_training,67,income_group=Lower-middle-income countries,-0.00869829901633924
drop_total,primary_training,67,income_group=Upper-middle-income countries,-0.015614006054612783
drop_total,primary_training,68,intercept,0.15662120231209672
drop_total,primary_training,68,cum_co2_per_capita,0.010343754634147906
drop_total,primary_training,68,abs_latitude,0.0014125316461092029
drop_total,primary_training,68,elevation,-4.351890761330039e-06
drop_total,primary_training,68,continentality,4.8739618831819727e-05
drop_total,primary_training,68,population,0.001908024417921202
drop_total,primary_training,68,station_density,-0.0011334405491262149
drop_total,primary_training,68,climate_zone=B,-0.0041988567900884165
drop_total,primary_training,68,climate_zone=C,-0.02267253501627753
drop_total,primary_training,68,climate_zone=D,-0.005694056315386537
drop_total,primary_training,68,climate_zone=E,-0.09548972417140959
drop_total,primary_training,68,hemisphere=S,-0.027445887475309825
drop_total,primary_training,68,spatial_block=Asia,-0.06273654178998436
drop_total,primary_training,68,spatial_block=Europe,-0.06644120508075867
drop_total,primary_training,68,spatial_block=North America,-0.09147346407508335
drop_total,primary_training,68,spatial_block=Oceania,-0.05486648644129199
drop_total,primary_training,68,spatial_block=South America,-0.058940973611472734
drop_total,primary_training,68,income_group=Low-income countries,0.003947655869293421
drop_total,primary_training,68,income_group=Lower-middle-income countries,-0.002802754123115619
drop_total,primary_training,68,income_group=Upper-middle-income countries,-0.00937962702990938
drop_total,primary_training,69,intercept,0.1542029778249573
drop_total,primary_training,69,cum_co2_per_capita,0.013684562270737962
drop_total,primary_training,69,abs_latitude,0.0010087128337056474
drop_total,primary_training,69,elevation,-3.1858925422005873e-06
drop_total,primary_training,69,continentality,3.499837353899049e-05
drop_total,primary_training,69,population,0.003273456594386455
drop_total,primary_training,69,station_density,-0.0012500821883364285
drop_total,primary_training,69,climate_zone=B,-0.0021571933080048447
drop_total,primary_training,69,climate_zone=C,-0.021045380113691104
drop_total,primary_training,69,climate_zone=D,-0.00010062659497535555
drop_total,primary_training,69,climate_zone=E,-0.08556798301812653
drop_total,primary_training,69,hemisphere=S,-0.025020982823091634
drop_total,primary_training,69,spatial_block=Asia,-0.060871905049228
drop_total,primary_training,69,spatial_block=Europe,-0.06299827389937573
drop_total,primary_training,69,spatial_block=North America,-0.09233008356155352
drop_total,primary_training,69,spatial_block=Oceania,-0.059955642102120926
drop_total,primary_training,69,spatial_block=South America,-0.060793261481300404
drop_total,primary_training,69,income_group=Low-income countries,0.004962791302326711
drop_total,primary_training,69,income_group=Lower-middle-income countries,-0.006790168982682044
drop_total,primary_training,69,income_group=Upper-middle-income countries,-0.015413872768070358
drop_total,primary_training,70,intercept,0.1571749101011873
drop_total,primary_training,70,cum_co2_per_capita,0.016226148004979995
drop_total,primary_training,70,abs_latitude,0.0011880184675136822
drop_total,primary_training,70,elevation,4.0097572967516366e-07
drop_total,primary_training,70,continentality,4.30923850549626e-05
drop_total,primary_training,70,population,0.001668328763419654
drop_total,primary_training,70,station_density,-0.002536101547867286
drop_total,primary_training,70,climate_zone=B,0.00571180369732535
drop_total,primary_training,70,climate_zone=C,-0.021403024914779672
drop_total,primary_training,70,climate_zone=D,-0.008350904559978329
drop_total,primary_training,70,climate_zone=E,-0.09884112403726437
drop_total,primary_training,70,hemisphere=S,-0.03158935752535581
drop_total,primary_training,70,spatial_block=Asia,-0.05693306920164628
drop_total,primary_training,70,spatial_block=Europe,-0.06343355010995487
drop_total,primary_training,70,spatial_block=North America,-0.08925509158823804
drop_total,primary_training,70,spatial_block=Oceania,-0.05435161356948763
drop_total,primary_training,70,spatial_block=South America,-0.05807033979447067
drop_total,primary_training,70,income_group=Low-income countries,0.004990557810529022
drop_total,primary_training,70,income_group=Lower-middle-income countries,-0.007247007441511258
drop_total,primary_training,70,income_group=Upper-middle-income countries,-0.015939709034943846
drop_total,primary_training,71,intercept,0.14645092571911153
drop_total,primary_training,71,cum_co2_per_capita,0.013770089824292956
drop_total,primary_training,71,abs_latitude,0.0012337740185603772
drop_total,primary_training,71,elevation,-3.249109712812971e-06
drop_total,primary_training,71,continentality,4.493505206494476e-05
drop_total,primary_training,71,population,0.0023681868787820684
drop_total,primary_training,71,station_density,-0.001300590550284609
drop_total,primary_training,71,climate_zone=B,-0.0005219192721785052
drop_total,primary_training,71,climate_zone=C,-0.021005034889946508
drop_total,primary_training,71,climate_zone=D,-0.0035565423045088042
drop_total,primary_training,71,climate_zone=E,-0.0905492865517603
drop_total,primary_training,71,hemisphere=S,-0.02651323548481883
drop_total,primary_training,71,spatial_block=Asia,-0.05801208628521277
drop_total,primary_training,71,spatial_block=Europe,-0.06094322708421318
drop_total,primary_training,71,spatial_block=North America,-0.0878123322650998
drop_total,primary_training,71,spatial_block=Oceania,-0.053309164996903954
drop_total,primary_training,71,spatial_block=South America,-0.05728515692710868
drop_total,primary_training,71,income_group=Low-income countries,0.01316684887654757
drop_total,primary_training,71,income_group=Lower-middle-income countries,0.00020844353442829415
drop_total,primary_training,71,income_group=Upper-middle-income countries,-0.009229388494323247
drop_total,primary_training,72,intercept,0.1342761927577283
drop_total,primary_training,72,cum_co2_per_capita,0.017713113442163194
drop_total,primary_training,72,abs_latitude,0.0013028333058332248
drop_total,primary_training,72,elevation,-5.159286714677315e-06
drop_total,primary_training,72,continentality,4.144503178095681e-05
drop_total,primary_training,72,population,0.0028934016223813846
drop_total,primary_training,72,station_density,-0.0011943291688943565
drop_total,primary_training,72,climate_zone=B,0.006697153753815374
drop_total,primary_training,72,climate_zone=C,-0.01892585757531802
drop_total,primary_training,72,climate_zone=D,-0.0023407848681205193
drop_total,primary_training,72,climate_zone=E,-0.08983725939049561
drop_total,primary_training,72,hemisphere=S,-0.028344610973160506
drop_total,primary_training,72,spatial_block=Asia,-0.05863307959893359
drop_total,primary_training,72,spatial_block=Europe,-0.06655947155738295
drop_total,primary_training,72,spatial_block=North America,-0.08984422228550383
drop_total,primary_training,72,spatial_block=Oceania,-0.05710215784908804
drop_total,primary_training,72,spatial_block=South America,-0.05697191852111723
drop_total,primary_training,72,income_group=Low-income countries,0.023489546554971902
drop_total,primary_training,72,income_group=Lower-middle-income countries,0.006339156892533974
drop_total,primary_training,72,income_group=Upper-middle-income countries,-0.009210126958296469
drop_total,primary_training,73,intercept,0.15719594822353297
drop_total,primary_training,73,cum_co2_per_capita,0.014893966349779537
drop_total,primary_training,73,abs_latitude,0.001060274345692515
drop_total,primary_training,73,elevation,-1.1122084877718366e-06
drop_total,primary_training,73,continentality,3.8252545776566294e-05
drop_total,primary_training,73,population,0.002655552043894327
drop_total,primary_training,73,station_density,-0.0018259094719643076
drop_total,primary_training,73,climate_zone=B,0.005545732718267987
drop_total,primary_training,73,climate_zone=C,-0.022191387156173508
drop_total,primary_training,73,climate_zone=D,-0.002827687963395184
drop_total,primary_training,73,climate_zone=E,-0.0901954910435553
drop_total,primary_training,73,hemisphere=S,-0.02577329030392043
drop_total,primary_training,73,spatial_block=Asia,-0.051324941835724044
drop_total,primary_training,73,spatial_block=Europe,-0.06509366409121792
drop_total,primary_training,73,spatial_block=North America,-0.0910906160086187
drop_total,primary_training,73,spatial_block=Oceania,-0.05898353546700852
drop_total,primary_training,73,spatial_block=South America,-0.062441161561836746
drop_total,primary_training,73,income_group=Low-income countries,0.0012502218335045199
drop_total,primary_training,73,income_group=Lower-middle-income countries,-0.011991590329629225
drop_total,primary_training,73,income_group=Upper-middle-income countries,-0.016929621871432512
drop_total,primary_training,74,intercept,0.13809645305908327
drop_total,primary_training,74,cum_co2_per_capita,0.016466264013323444
drop_total,primary_training,74,abs_latitude,0.0010952906067636878
drop_total,primary_training,74,elevation,-4.799454783746745e-07
drop_total,primary_training,74,continentality,4.088369955617328e-05
drop_total,primary_training,74,population,0.0044875782197782545
drop_total,primary_training,74,station_density,-0.0016909108661122133
drop_total,primary_training,74,climate_zone=B,0.0037280796488219823
drop_total,primary_training,74,climate_zone=C,-0.02564631354353339
drop_total,primary_training,74,climate_zone=D,-0.00935433795736385
drop_total,primary_training,74,climate_zone=E,-0.0929782438607189
drop_total,primary_training,74,hemisphere=S,-0.0263722554720479
drop_total,primary_training,74,spatial_block=Asia,-0.05129172277754934
drop_total,primary_training,74,spatial_block=Europe,-0.06001468736056794
drop_total,primary_training,74,spatial_block=North America,-0.09000706703970399
drop_total,primary_training,74,spatial_block=Oceania,-0.05572576961945432
drop_total,primary_training,74,spatial_block=South America,-0.06172231889406759
drop_total,primary_training,74,income_group=Low-income countries,0.004726100782846471
drop_total,primary_training,74,income_group=Lower-middle-income countries,-0.007450829790648792
drop_total,primary_training,74,income_group=Upper-middle-income countries,-0.01442885102452074
drop_total,primary_training,75,intercept,0.14255871418547075
drop_total,primary_training,75,cum_co2_per_capita,0.02171716991442883
drop_total,primary_training,75,abs_latitude,0.0010625738115061212
drop_total,primary_training,75,elevation,-3.889204771792045e-06
drop_total,primary_training,75,continentality,3.749455203729767e-05
drop_total,primary_training,75,population,0.0018599442318369883
drop_total,primary_training,75,station_density,-0.0014943513022695556
drop_total,primary_training,75,climate_zone=B,0.010853094327593807
drop_total,primary_training,75,climate_zone=C,-0.020068305478473773
drop_total,primary_training,75,climate_zone=D,-0.006198905413908025
drop_total,primary_training,75,climate_zone=E,-0.09281655444224905
drop_total,primary_training,75,hemisphere=S,-0.025715751708240163
drop_total,primary_training,75,spatial_block=Asia,-0.05011498424545372
drop_total,primary_training,75,spatial_block=Europe,-0.060887006099201064
drop_total,primary_training,75,spatial_block=North America,-0.08834145718625692
drop_total,primary_training,75,spatial_block=Oceania,-0.06045900134547886
drop_total,primary_training,75,spatial_block=South America,-0.057865457706712434
drop_total,primary_training,75,income_group=Low-income countries,0.021160218270502146
drop_total,primary_training,75,income_group=Lower-middle-income countries,0.0019482186577943579
drop_total,primary_training,75,income_group=Upper-middle-income countries,-0.015376150953350608
drop_total,primary_training,76,intercept,0.15710904867646358
drop_total,primary_training,76,cum_co2_per_capita,0.015746199448699084
drop_total,primary_training,76,abs_latitude,0.001062860500117158
drop_total,primary_training,76,elevation,-4.076157483112877e-07
drop_total,primary_training,76,continentality,4.1507777834152605e-05
drop_total,primary_training,76,population,0.0020915181507684365
drop_total,primary_training,76,station_density,-0.0018422341221046694
drop_total,primary_training,76,climate_zone=B,0.005937376821276268
drop_total,primary_training,76,climate_zone=C,-0.022850448783040295
drop_total,primary_training,76,climate_zone=D,-0.007134278601577965
drop_total,primary_training,76,climate_zone=E,-0.09399555590968124
drop_total,primary_training,76,hemisphere=S,-0.02616291458048807
drop_total,primary_training,76,spatial_block=Asia,-0.053065517850245554
drop_total,primary_training,76,spatial_block=Europe,-0.0608778161976565
drop_total,primary_training,76,spatial_block=North America,-0.0897219028138783
drop_total,primary_training,76,spatial_block=Oceania,-0.05666107846941536
drop_total,primary_training,76,spatial_block=South America,-0.062186764418814766
drop_total,primary_training,76,income_group=Low-income countries,0.0028919034865107604
drop_total,primary_training,76,income_group=Lower-middle-income countries,-0.010226137177734119
drop_total,primary_training,76,income_group=Upper-middle-income countries,-0.01520006293685122
drop_total,primary_training,77,intercept,0.15112913905172343
drop_total,primary_training,77,cum_co2_per_capita,0.012107881700382812
drop_total,primary_training,77,abs_latitude,0.0009462358002104549
drop_total,primary_training,77,elevation,-6.884490662802657e-08
drop_total,primary_training,77,continentality,2.782408653862607e-05
drop_total,primary_training,77,population,0.005173114736006183
drop_total,primary_training,77,station_density,-0.0014642087100956215
drop_total,primary_training,77,climate_zone=B,0.0024556661528570196
drop_total,primary_training,77,climate_zone=C,-0.02311074398314747
drop_total,primary_training,77,climate_zone=D,-0.002485290683651814
drop_total,primary_training,77,climate_zone=E,-0.08594771893172881
drop_total,primary_training,77,hemisphere=S,-0.025210717240396408
drop_total,primary_training,77,spatial_block=Asia,-0.05772715243986199
drop_total,primary_training,77,spatial_block=Europe,-0.06178094751025196
drop_total,primary_training,77,spatial_block=North America,-0.09342798740875345
drop_total,primary_training,77,spatial_block=Oceania,-0.05993944278428363
drop_total,primary_training,77,spatial_block=South America,-0.0642613844916729
drop_total,primary_training,77,income_group=Low-income countries,-0.003674732873062065
drop_total,primary_training,77,income_group=Lower-middle-income countries,-0.014922261189824454
drop_total,primary_training,77,income_group=Upper-middle-income countries,-0.018525978011116325
drop_total,primary_training,78,intercept,0.14121832788703492
drop_total,primary_training,78,cum_co2_per_capita,0.01408248959159931
drop_total,primary_training,78,abs_latitude,0.0012298810629493744
drop_total,primary_training,78,elevation,4.451000747287939e-07
drop_total,primary_training,78,continentality,3.8568787021686646e-05
drop_total,primary_training,78,population,0.004897573717454883
drop_total,primary_training,78,station_density,-0.0022875680134643423
drop_total,primary_training,78,climate_zone=B,-0.0031205279745075377
drop_total,primary_training,78,climate_zone=C,-0.031192830635734792
drop_total,primary_training,78,climate_zone=D,-0.017828538257803544
drop_total,primary_training,78,climate_zone=E,-0.10435590510654796
drop_total,primary_training,78,hemisphere=S,-0.030000507914285254
drop_total,primary_training,78,spatial_block=Asia,-0.04473657679448408
drop_total,primary_training,78,spatial_block=Europe,-0.056522805598303354
drop_total,primary_training,78,spatial_block=North America,-0.09055237852689581
drop_total,primary_training,78,spatial_block=Oceania,-0.05308161800189414
drop_total,primary_training,78,spatial_block=South America,-0.057653653537666466
drop_total,primary_training,78,income_group=Low-income countries,0.0014214221801665523
drop_total,primary_training,78,income_group=Lower-middle-income countries,-0.005090606266427101
drop_total,primary_training,78,income_group=Upper-middle-income countries,-0.01595436966963554
drop_total,primary_training,79,intercept,0.1386050536032606
drop_total,primary_training,79,cum_co2_per_capita,0.023139311837720715
drop_total,primary_training,79,abs_latitude,0.0008934339236982007
drop_total,primary_training,79,elevation,-4.625705654674297e-06
drop_total,primary_training,79,continentality,3.7258215766279045e-05
drop_total,primary_training,79,population,0.001990179453827548
drop_total,primary_training,79,station_density,-0.0015738541487171679
drop_total,primary_training,79,climate_zone=B,0.012999475129402563
drop_total,primary_training,79,climate_zone=C,-0.017217657891419314
drop_total,primary_training,79,climate_zone=D,0.00020347649472415405
drop_total,primary_training,79,climate_zone=E,-0.08890936829390832
drop_total,primary_training,79,hemisphere=S,-0.025035597741116227
drop_total,primary_training,79,spatial_block=Asia,-0.04854285260397776
drop_total,primary_training,79,spatial_block=Europe,-0.05411835070797707
drop_total,primary_training,79,spatial_block=North America,-0.08696418640565343
drop_total,primary_training,79,spatial_block=Oceania,-0.05957537634674375
drop_total,primary_training,79,spatial_block=South America,-0.05761776782575835
drop_total,primary_training,79,income_group=Low-income countries,0.025081794803952666
drop_total,primary_training,79,income_group=Lower-middle-income countries,0.004769022470468298
drop_total,primary_training,79,income_group=Upper-middle-income countries,-0.01310343929877956
drop_total,primary_training,80,intercept,0.17693057304026166
drop_total,primary_training,80,cum_co2_per_capita,0.010911403995458707
drop_total,primary_training,80,abs_latitude,0.0007788650005718379
drop_total,primary_training,80,elevation,-2.61867551636317e-06
drop_total,primary_training,80,continentality,2.754963693481359e-05
drop_total,primary_training,80,population,0.002079864642005526
drop_total,primary_training,80,station_density,-0.001323030653776719
drop_total,primary_training,80,climate_zone=B,0.002976303543266549
drop_total,primary_training,80,climate_zone=C,-0.01582592754841187
drop_total,primary_training,80,climate_zone=D,0.003781731940694566
drop_total,primary_training,80,climate_zone=E,-0.08022482693867178
drop_total,primary_training,80,hemisphere=S,-0.024341615024307445
drop_total,primary_training,80,spatial_block=Asia,-0.05923122128408784
drop_total,primary_training,80,spatial_block=Europe,-0.061780810167539724
drop_total,primary_training,80,spatial_block=North America,-0.09329981815645594
drop_total,primary_training,80,spatial_block=Oceania,-0.06283283088805512
drop_total,primary_training,80,spatial_block=South America,-0.06321087917385121
drop_total,primary_training,80,income_group=Low-income countries,-0.0033857130517455465
drop_total,primary_training,80,income_group=Lower-middle-income countries,-0.01597120775494453
drop_total,primary_training,80,income_group=Upper-middle-income countries,-0.019956734645817587
drop_total,primary_training,81,intercept,0.15662120231209672
drop_total,primary_training,81,cum_co2_per_capita,0.010343754634147906
drop_total,primary_training,81,abs_latitude,0.0014125316461092029
drop_total,primary_training,81,elevation,-4.351890761330039e-06
drop_total,primary_training,81,continentality,4.8739618831819727e-05
drop_total,primary_training,81,population,0.001908024417921202
drop_total,primary_training,81,station_density,-0.0011334405491262149
drop_total,primary_training,81,climate_zone=B,-0.0041988567900884165
drop_total,primary_training,81,climate_zone=C,-0.02267253501627753
drop_total,primary_training,81,climate_zone=D,-0.005694056315386537
drop_total,primary_training,81,climate_zone=E,-0.09548972417140959
drop_total,primary_training,81,hemisphere=S,-0.027445887475309825
drop_total,primary_training,81,spatial_block=Asia,-0.06273654178998436
drop_total,primary_training,81,spatial_block=Europe,-0.06644120508075867
drop_total,primary_training,81,spatial_block=North America,-0.09147346407508335
drop_total,primary_training,81,spatial_block=Oceania,-0.05486648644129199
drop_total,primary_training,81,spatial_block=South America,-0.058940973611472734
drop_total,primary_training,81,income_group=Low-income countries,0.003947655869293421
drop_total,primary_training,81,income_group=Lower-middle-income countries,-0.002802754123115619
drop_total,primary_training,81,income_group=Upper-middle-income countries,-0.00937962702990938
drop_total,primary_training,82,intercept,0.1784573867312313
drop_total,primary_training,82,cum_co2_per_capita,0.01188330814338011
drop_total,primary_training,82,abs_latitude,0.000759439185512864
drop_total,primary_training,82,elevation,-2.856485657963255e-06
drop_total,primary_training,82,continentality,2.9659272683493236e-05
drop_total,primary_training,82,population,0.001623662439817239
drop_total,primary_training,82,station_density,-0.0012462295994464117
drop_total,primary_training,82,climate_zone=B,0.003089575170524779
drop_total,primary_training,82,climate_zone=C,-0.017334241698076697
drop_total,primary_training,82,climate_zone=D,0.004143889721940314
drop_total,primary_training,82,climate_zone=E,-0.08164723494935226
drop_total,primary_training,82,hemisphere=S,-0.02406034657706201
drop_total,primary_training,82,spatial_block=Asia,-0.06001588707294098
drop_total,primary_training,82,spatial_block=Europe,-0.0607758809711018
drop_total,primary_training,82,spatial_block=North America,-0.09274086407592183
drop_total,primary_training,82,spatial_block=Oceania,-0.062473750372908324
drop_total,primary_training,82,spatial_block=South America,-0.06215757903910957
drop_total,primary_training,82,income_group=Low-income countries,-0.0029719036412640338
drop_total,primary_training,82,income_group=Lower-middle-income countries,-0.015154505412777073
drop_total,primary_training,82,income_group=Upper-middle-income countries,-0.021414798668585987
drop_total,primary_training,83,intercept,0.15865234853167864
drop_total,primary_training,83,cum_co2_per_capita,0.013562189547057648
drop_total,primary_training,83,abs_latitude,0.0011965584351532642
drop_total,primary_training,83,elevation,2.159004127300235e-07
drop_total,primary_training,83,continentality,3.934566272938615e-05
drop_total,primary_training,83,population,0.0025385869642691353
drop_total,primary_training,83,station_density,-0.0022525129822077855
drop_total,primary_training,83,climate_zone=B,-0.0003268299890794418
drop_total,primary_training,83,climate_zone=C,-0.027541661136329484
drop_total,primary_training,83,climate_zone=D,-0.014383423281016643
drop_total,primary_training,83,climate_zone=E,-0.10359158243184236
drop_total,primary_training,83,hemisphere=S,-0.030304473362445777
drop_total,primary_training,83,spatial_block=Asia,-0.04703804873285677
drop_total,primary_training,83,spatial_block=Europe,-0.05821766432231243
drop_total,primary_training,83,spatial_block=North America,-0.09040421902337353
drop_total,primary_training,83,spatial_block=Oceania,-0.05357601825692711
drop_total,primary_training,83,spatial_block=South America,-0.057807953874209395
drop_total,primary_training,83,income_group=Low-income countries,0.0008639568176036321
drop_total,primary_training,83,income_group=Lower-middle-income countries,-0.0070331963122549895
drop_total,primary_training,83,income_group=Upper-middle-income countries,-0.016327167271440426
drop_total,primary_training,84,intercept,0.1471509608199963
drop_total,primary_training,84,cum_co2_per_capita,0.014040285676841575
drop_total,primary_training,84,abs_latitude,0.001257880780857035
drop_total,primary_training,84,elevation,-1.8744208426023535e-06
drop_total,primary_training,84,continentality,4.6114637895158386e-05
drop_total,primary_training,84,population,0.0033027034162453894
drop_total,primary_training,84,station_density,-0.001501559946842041
drop_total,primary_training,84,climate_zone=B,0.0010172321419918324
drop_total,primary_training,84,climate_zone=C,-0.024358371685837352
drop_total,primary_training,84,climate_zone=D,-0.008591997137416176
drop_total,primary_training,84,climate_zone=E,-0.09490542545480717
drop_total,primary_training,84,hemisphere=S,-0.02761316041204723
drop_total,primary_training,84,spatial_block=Asia,-0.05852577844682286
drop_total,primary_training,84,spatial_block=Europe,-0.06504304010043802
drop_total,primary_training,84,spatial_block=North America,-0.09200800706574025
drop_total,primary_training,84,spatial_block=Oceania,-0.055681249982181165
drop_total,primary_training,84,spatial_block=South America,-0.06229780365761724
drop_total,primary_training,84,income_group=Low-income countries,0.002864230779001705
drop_total,primary_training,84,income_group=Lower-middle-income countries,-0.007315083110131234
drop_total,primary_training,84,income_group=Upper-middle-income countries,-0.0116462002677787
drop_total,primary_training,85,intercept,0.14678110061951818
drop_total,primary_training,85,cum_co2_per_capita,0.01592103813077457
drop_total,primary_training,85,abs_latitude,0.0009426333192637978
drop_total,primary_training,85,elevation,-9.096497336223521e-07
drop_total,primary_training,85,continentality,4.2393857782573716e-05
drop_total,primary_training,85,population,0.0038993461225025985
drop_total,primary_training,85,station_density,-0.0018298899938921482
drop_total,primary_training,85,climate_zone=B,0.006813036426083974
drop_total,primary_training,85,climate_zone=C,-0.02140179306035988
drop_total,primary_training,85,climate_zone=D,-0.002217094095864058
drop_total,primary_training,85,climate_zone=E,-0.08922465427541687
drop_total,primary_training,85,hemisphere=S,-0.026411056349501
drop_total,primary_training,85,spatial_block=Asia,-0.05162806256303726
drop_total,primary_training,85,spatial_block=Europe,-0.057899392944909284
drop_total,primary_training,85,spatial_block=North America,-0.08995648705506876
drop_total,primary_training,85,spatial_block=Oceania,-0.05656061182007905
drop_total,primary_training,85,spatial_block=South America,-0.06239397532722599
drop_total,primary_training,85,income_group=Low-income countries,0.0010665818915936434
drop_total,primary_training,85,income_group=Lower-middle-income countries,-0.011330706521269203
drop_total,primary_training,85,income_group=Upper-middle-income countries,-0.0164844086309513
drop_total,primary_training,86,intercept,0.13772392857003718
drop_total,primary_training,86,cum_co2_per_capita,0.017440836627090898
drop_total,primary_training,86,abs_latitude,0.0008161416631219469
drop_total,primary_training,86,elevation,-2.4501910238958835e-06
drop_total,primary_training,86,continentality,4.5659664484197617e-05
drop_total,primary_training,86,population,0.00473025748470168
drop_total,primary_training,86,station_density,-0.0020079841950696
drop_total,primary_training,86,climate_zone=B,0.008788284558361684
drop_total,primary_training,86,climate_zone=C,-0.021158950481356527
drop_total,primary_training,86,climate_zone=D,0.007534492798446038
drop_total,primary_training,86,climate_zone=E,-0.08108467863604259
drop_total,primary_training,86,hemisphere=S,-0.025361650180156764
drop_total,primary_training,86,spatial_block=Asia,-0.051656367665868015
drop_total,primary_training,86,spatial_block=Europe,-0.057297820317098756
drop_total,primary_training,86,spatial_block=North America,-0.08861557581785826
drop_total,primary_training,86,spatial_block=Oceania,-0.055548889550370226
drop_total,primary_training,86,spatial_block=South America,-0.061403085680525826
drop_total,primary_training,86,income_group=Low-income countries,0.003332266597715767
drop_total,primary_training,86,income_group=Lower-middle-income countries,-0.008795230339222937
drop_total,primary_training,86,income_group=Upper-middle-income countries,-0.015487996427401672
drop_total,primary_training,87,intercept,0.13714456316917936
drop_total,primary_training,87,cum_co2_per_capita,0.01859232237706612
drop_total,primary_training,87,abs_latitude,0.0007441944791939329
drop_total,primary_training,87,elevation,-1.6907501817975768e-06
drop_total,primary_training,87,continentality,4.636061070194969e-05
drop_total,primary_training,87,population,0.004112867138966698
drop_total,primary_training,87,station_density,-0.0015237360341597507
drop_total,primary_training,87,climate_zone=B,0.009596088658640154
drop_total,primary_training,87,climate_zone=C,-0.019190052654792792
drop_total,primary_training,87,climate_zone=D,0.00092138228379887
drop_total,primary_training,87,climate_zone=E,-0.07928526560998245
drop_total,primary_training,87,hemisphere=S,-0.02624829006176563
drop_total,primary_training,87,spatial_block=Asia,-0.05133451402210863
drop_total,primary_training,87,spatial_block=Europe,-0.05362782603928478
drop_total,primary_training,87,spatial_block=North America,-0.08778339540065115
drop_total,primary_training,87,spatial_block=Oceania,-0.05275288717454035
drop_total,primary_training,87,spatial_block=South America,-0.0620512078895616
drop_total,primary_training,87,income_group=Low-income countries,0.007417890977172993
drop_total,primary_training,87,income_group=Lower-middle-income countries,-0.005961629004115426
drop_total,primary_training,87,income_group=Upper-middle-income countries,-0.01204750483526901
drop_total,primary_training,88,intercept,0.14881071748351019
drop_total,primary_training,88,cum_co2_per_capita,0.015586908692091832
drop_total,primary_training,88,abs_latitude,0.0009766568582011102
drop_total,primary_training,88,elevation,-1.5219377610466678e-06
drop_total,primary_training,88,continentality,4.146574380564572e-05
drop_total,primary_training,88,population,0.003360935855474082
drop_total,primary_training,88,station_density,-0.0020408057769648706
drop_total,primary_training,88,climate_zone=B,0.00689574954524065
drop_total,primary_training,88,climate_zone=C,-0.021696265765531998
drop_total,primary_training,88,climate_zone=D,-0.00024623538076297435
drop_total,primary_training,88,climate_zone=E,-0.08376798158821958
drop_total,primary_training,88,hemisphere=S,-0.025595786313759594
drop_total,primary_training,88,spatial_block=Asia,-0.05112162456396333
drop_total,primary_training,88,spatial_block=Europe,-0.06358034661766662
drop_total,primary_training,88,spatial_block=North America,-0.08916492198632635
drop_total,primary_training,88,spatial_block=Oceania,-0.056339099165844286
drop_total,primary_training,88,spatial_block=South America,-0.06179495237407368
drop_total,primary_training,88,income_group=Low-income countries,0.0033674530370821245
drop_total,primary_training,88,income_group=Lower-middle-income countries,-0.00910330328528254
drop_total,primary_training,88,income_group=Upper-middle-income countries,-0.014156528508067185
drop_total,primary_training,89,intercept,0.1397766060896975
drop_total,primary_training,89,cum_co2_per_capita,0.01890205471179196
drop_total,primary_training,89,abs_latitude,0.0006904305089084036
drop_total,primary_training,89,elevation,-2.084490620539765e-06
drop_total,primary_training,89,continentality,4.692660049705614e-05
drop_total,primary_training,89,population,0.004253706332237154
drop_total,primary_training,89,station_density,-0.0016297783181533454
drop_total,primary_training,89,climate_zone=B,0.009998430877775924
drop_total,primary_training,89,climate_zone=C,-0.02065952100577394
drop_total,primary_training,89,climate_zone=D,0.009760870390294786
drop_total,primary_training,89,climate_zone=E,-0.08451329709507643
drop_total,primary_training,89,hemisphere=S,-0.025611558771932805
drop_total,primary_training,89,spatial_block=Asia,-0.05187676859300243
drop_total,primary_training,89,spatial_block=Europe,-0.04909580850270091
drop_total,primary_training,89,spatial_block=North America,-0.08845171285454217
drop_total,primary_training,89,spatial_block=Oceania,-0.054399682925680044
drop_total,primary_training,89,spatial_block=South America,-0.06135585714339607
drop_total,primary_training,89,income_group=Low-income countries,0.004039036105349087
drop_total,primary_training,89,income_group=Lower-middle-income countries,-0.008631762846760104
drop_total,primary_training,89,income_group=Upper-middle-income countries,-0.01665614096399988
drop_total,primary_training,90,intercept,0.14307470650948897
drop_total,primary_training,90,cum_co2_per_capita,0.01786437207925879
drop_total,primary_training,90,abs_latitude,0.000757972748480441
drop_total,primary_training,90,elevation,-2.1965380152254594e-06
drop_total,primary_training,90,continentality,4.43660299488964e-05
drop_total,primary_training,90,population,0.0034705177772958408
drop_total,primary_training,90,station_density,-0.0018163550785478448
drop_total,primary_training,90,climate_zone=B,0.009551855804393945
drop_total,primary_training,90,climate_zone=C,-0.018804327288030137
drop_total,primary_training,90,climate_zone=D,0.00661217575001935
drop_total,primary_training,90,climate_zone=E,-0.08567684576242636
drop_total,primary_training,90,hemisphere=S,-0.025484046101164684
drop_total,primary_training,90,spatial_block=Asia,-0.05022750600977607
drop_total,primary_training,90,spatial_block=Europe,-0.04837366763339969
drop_total,primary_training,90,spatial_block=North America,-0.087872524490068
drop_total,primary_training,90,spatial_block=Oceania,-0.05389524327459087
drop_total,primary_training,90,spatial_block=South America,-0.061825493013194746
drop_total,primary_training,90,income_group=Low-income countries,0.007532555183144659
drop_total,primary_training,90,income_group=Lower-middle-income countries,-0.005891463685290821
drop_total,primary_training,90,income_group=Upper-middle-income countries,-0.011510150111301121
drop_total,primary_training,91,intercept,0.13959053732675616
drop_total,primary_training,91,cum_co2_per_capita,0.01891533041245496
drop_total,primary_training,91,abs_latitude,0.0006901087409341112
drop_total,primary_training,91,elevation,-2.0798883828888452e-06
drop_total,primary_training,91,continentality,4.693032419636081e-05
drop_total,primary_training,91,population,0.004280140504399661
drop_total,primary_training,91,station_density,-0.001634014580222616
drop_total,primary_training,91,climate_zone=B,0.009991676960957388
drop_total,primary_training,91,climate_zone=C,-0.020648115717325465
drop_total,primary_training,91,climate_zone=D,0.009697531138811928
drop_total,primary_training,91,climate_zone=E,-0.08457838108064834
drop_total,primary_training,91,hemisphere=S,-0.025617716810488585
drop_total,primary_training,91,spatial_block=Asia,-0.05187550319735775
drop_total,primary_training,91,spatial_block=Europe,-0.049005145591153855
drop_total,primary_training,91,spatial_block=North America,-0.08845138698730118
drop_total,primary_training,91,spatial_block=Oceania,-0.05441499253517727
drop_total,primary_training,91,spatial_block=South America,-0.06136467941367983
drop_total,primary_training,91,income_group=Low-income countries,0.00403208979782999
drop_total,primary_training,91,income_group=Lower-middle-income countries,-0.008639585914139884
drop_total,primary_training,91,income_group=Upper-middle-income countries,-0.016666296201067323
drop_total,primary_training,92,intercept,0.1352130209281766
drop_total,primary_training,92,cum_co2_per_capita,0.0206257703645428
drop_total,primary_training,92,abs_latitude,0.0011504939741272414
drop_total,primary_training,92,elevation,-1.2536466207179179e-06
drop_total,primary_training,92,continentality,3.327561414275263e-05
drop_total,primary_training,92,population,0.0034307300540552307
drop_total,primary_training,92,station_density,-0.0017346010294311232
drop_total,primary_training,92,climate_zone=B,0.011080829539700958
drop_total,primary_training,92,climate_zone=C,-0.02177119899955043
drop_total,primary_training,92,climate_zone=D,-0.009259603401267712
drop_total,primary_training,92,climate_zone=E,-0.09612568116384158
drop_total,primary_training,92,hemisphere=S,-0.02670893172892256
drop_total,primary_training,92,spatial_block=Asia,-0.0488452879901032
drop_total,primary_training,92,spatial_block=Europe,-0.061870025378210285
drop_total,primary_training,92,spatial_block=North America,-0.08988228539359747
drop_total,primary_training,92,spatial_block=Oceania,-0.06012493389921107
drop_total,primary_training,92,spatial_block=South America,-0.06082630028002258
drop_total,primary_training,92,income_group=Low-income countries,0.017493743332852734
drop_total,primary_training,92,income_group=Lower-middle-income countries,-0.0015336934310429685
drop_total,primary_training,92,income_group=Upper-middle-income countries,-0.014297745632631297
drop_total,primary_training,93,intercept,0.1398401033631223
drop_total,primary_training,93,cum_co2_per_capita,0.017284729922356936
drop_total,primary_training,93,abs_latitude,0.0008171823247290656
drop_total,primary_training,93,elevation,-2.55048519919493e-06
drop_total,primary_training,93,continentality,4.5291547325467857e-05
drop_total,primary_training,93,population,0.004452051268649823
drop_total,primary_training,93,station_density,-0.001985721198071533
drop_total,primary_training,93,climate_zone=B,0.008871389678048278
drop_total,primary_training,93,climate_zone=C,-0.020914983537237124
drop_total,primary_training,93,climate_zone=D,0.007311317000591697
drop_total,primary_training,93,climate_zone=E,-0.07984516150382512
drop_total,primary_training,93,hemisphere=S,-0.025283344389513032
drop_total,primary_training,93,spatial_block=Asia,-0.05146711312302577
drop_total,primary_training,93,spatial_block=Europe,-0.058733402849415854
drop_total,primary_training,93,spatial_block=North America,-0.08860469888320625
drop_total,primary_training,93,spatial_block=Oceania,-0.05567119537090333
drop_total,primary_training,93,spatial_block=South America,-0.06136557142594689
drop_total,primary_training,93,income_group=Low-income countries,0.0034702347019917932
drop_total,primary_training,93,income_group=Lower-middle-income countries,-0.008767409743067462
drop_total,primary_training,93,income_group=Upper-middle-income countries,-0.015386918454921576
drop_total,primary_training,94,intercept,0.14232530437673926
drop_total,primary_training,94,cum_co2_per_capita,0.01548438067478971
drop_total,primary_training,94,abs_latitude,0.0008351128417984204
drop_total,primary_training,94,elevation,-6.522747551379901e-07
drop_total,primary_training,94,continentality,4.1581770786700085e-05
drop_total,primary_training,94,population,0.004285776405909653
drop_total,primary_training,94,station_density,-0.0019876846682732622
drop_total,primary_training,94,climate_zone=B,0.00890629135194811
drop_total,primary_training,94,climate_zone=C,-0.01874312483262545
drop_total,primary_training,94,climate_zone=D,-0.00182428703190804
drop_total,primary_training,94,climate_zone=E,-0.07561417550715614
drop_total,primary_training,94,hemisphere=S,-0.02641969932093217
drop_total,primary_training,94,spatial_block=Asia,-0.050112292706039716
drop_total,primary_training,94,spatial_block=Europe,-0.06102267055539312
drop_total,primary_training,94,spatial_block=North America,-0.08782069694451035
drop_total,primary_training,94,spatial_block=Oceania,-0.053513602147696286
drop_total,primary_training,94,spatial_block=South America,-0.06242021541756845
drop_total,primary_training,94,income_group=Low-income countries,0.0037829190204263863
drop_total,primary_training,94,income_group=Lower-middle-income countries,-0.008549905607163136
drop_total,primary_training,94,income_group=Upper-middle-income countries,-0.0120661047782025
drop_total,primary_training,95,intercept,0.14803777547898309
drop_total,primary_training,95,cum_co2_per_capita,0.01632658161270238
drop_total,primary_training,95,abs_latitude,0.0008373619060799747
drop_total,primary_training,95,elevation,2.582983474516341e-07
drop_total,primary_training,95,continentality,4.233106237170607e-05
drop_total,primary_training,95,population,0.0031333715979985186
drop_total,primary_training,95,station_density,-0.0014871828097314183
drop_total,primary_training,95,climate_zone=B,0.008397208372089899
drop_total,primary_training,95,climate_zone=C,-0.019033148274989913
drop_total,primary_training,95,climate_zone=D,-0.007571009547609488
drop_total,primary_training,95,climate_zone=E,-0.07957606269483976
drop_total,primary_training,95,hemisphere=S,-0.027233286799831523
drop_total,primary_training,95,spatial_block=Asia,-0.050697305059407116
drop_total,primary_training,95,spatial_block=Europe,-0.058986419434953856
drop_total,primary_training,95,spatial_block=North America,-0.08814976308811942
drop_total,primary_training,95,spatial_block=Oceania,-0.0523728115080477
drop_total,primary_training,95,spatial_block=South America,-0.06276118302255998
drop_total,primary_training,95,income_group=Low-income countries,0.005062664144447921
drop_total,primary_training,95,income_group=Lower-middle-income countries,-0.008030273914969998
drop_total,primary_training,95,income_group=Upper-middle-income countries,-0.011957087693311375
drop_total,primary_training,96,intercept,0.14938140504281977
drop_total,primary_training,96,cum_co2_per_capita,0.016410357891744724
drop_total,primary_training,96,abs_latitude,0.0008405254853391718
drop_total,primary_training,96,elevation,3.1442031128123145e-07
drop_total,primary_training,96,continentality,4.2219105810808056e-05
drop_total,primary_training,96,population,0.0028947731384716432
drop_total,primary_training,96,station_density,-0.0015321653802286108
drop_total,primary_training,96,climate_zone=B,0.00817689726564916
drop_total,primary_training,96,climate_zone=C,-0.018749775659815653
drop_total,primary_training,96,climate_zone=D,-0.008672927851207969
drop_total,primary_training,96,climate_zone=E,-0.08025444018559603
drop_total,primary_training,96,hemisphere=S,-0.02727196740480316
drop_total,primary_training,96,spatial_block=Asia,-0.050397697607840714
drop_total,primary_training,96,spatial_block=Europe,-0.058762222480024565
drop_total,primary_training,96,spatial_block=North America,-0.08808455671681101
drop_total,primary_training,96,spatial_block=Oceania,-0.05252100569171465
drop_total,primary_training,96,spatial_block=South America,-0.0628004780444852
drop_total,primary_training,96,income_group=Low-income countries,0.005425411965738955
drop_total,primary_training,96,income_group=Lower-middle-income countries,-0.007783621815030856
drop_total,primary_training,96,income_group=Upper-middle-income countries,-0.011651685729737335
drop_total,primary_training,97,intercept,0.149797014952783
drop_total,primary_training,97,cum_co2_per_capita,0.01725505550486865
drop_total,primary_training,97,abs_latitude,0.0009537472607043556
drop_total,primary_training,97,elevation,-1.806937061895038e-06
drop_total,primary_training,97,continentality,4.252351309056999e-05
drop_total,primary_training,97,population,0.0022425126274984723
drop_total,primary_training,97,station_density,-0.0019183130718598681
drop_total,primary_training,97,climate_zone=B,0.006699440905031388
drop_total,primary_training,97,climate_zone=C,-0.023740855698479613
drop_total,primary_training,97,climate_zone=D,0.0014783323890054433
drop_total,primary_training,97,climate_zone=E,-0.08076471809518271
drop_total,primary_training,97,hemisphere=S,-0.023690849096206168
drop_total,primary_training,97,spatial_block=Asia,-0.04876383485069751
drop_total,primary_training,97,spatial_block=Europe,-0.06431017634468551
drop_total,primary_training,97,spatial_block=North America,-0.08629799120861704
drop_total,primary_training,97,spatial_block=Oceania,-0.054467529191014996
drop_total,primary_training,97,spatial_block=South America,-0.0594674335741757
drop_total,primary_training,97,income_group=Low-income countries,0.008578579500829697
drop_total,primary_training,97,income_group=Lower-middle-income countries,-0.005411616719406618
drop_total,primary_training,97,income_group=Upper-middle-income countries,-0.013201858793920065
drop_total,primary_training,98,intercept,0.14530663330029536
drop_total,primary_training,98,cum_co2_per_capita,0.017399495124379445
drop_total,primary_training,98,abs_latitude,0.0008662315206076606
drop_total,primary_training,98,elevation,-1.6614286020319722e-06
drop_total,primary_training,98,continentality,4.379476860398019e-05
drop_total,primary_training,98,population,0.003431405512183905
drop_total,primary_training,98,station_density,-0.001985407162378955
drop_total,primary_training,98,climate_zone=B,0.007632763140215183
drop_total,primary_training,98,climate_zone=C,-0.020362626496683855
drop_total,primary_training,98,climate_zone=D,0.00014904369212967732
drop_total,primary_training,98,climate_zone=E,-0.07872426507879436
drop_total,primary_training,98,hemisphere=S,-0.025776163064311
drop_total,primary_training,98,spatial_block=Asia,-0.05073283596160383
drop_total,primary_training,98,spatial_block=Europe,-0.063220378620053
drop_total,primary_training,98,spatial_block=North America,-0.08856153427017409
drop_total,primary_training,98,spatial_block=Oceania,-0.05564319136920608
drop_total,primary_training,98,spatial_block=South America,-0.06182905882717933
drop_total,primary_training,98,income_group=Low-income countries,0.005282921952106329
drop_total,primary_training,98,income_group=Lower-middle-income countries,-0.00768182793733023
drop_total,primary_training,98,income_group=Upper-middle-income countries,-0.013679010229758915
drop_total,primary_training,99,intercept,0.12883122442426484
drop_total,primary_training,99,cum_co2_per_capita,0.017701916367085138
drop_total,primary_training,99,abs_latitude,0.0010460488508317177
drop_total,primary_training,99,elevation,-1.6641919370825452e-06
drop_total,primary_training,99,continentality,3.7705889802799014e-05
drop_total,primary_training,99,population,0.005827637530325567
drop_total,primary_training,99,station_density,-0.0018374543645713066
drop_total,primary_training,99,climate_zone=B,0.011730979350749803
drop_total,primary_training,99,climate_zone=C,-0.02221173342031839
drop_total,primary_training,99,climate_zone=D,-0.0014141501781303972
drop_total,primary_training,99,climate_zone=E,-0.0900766285901797
drop_total,primary_training,99,hemisphere=S,-0.028754903339323866
drop_total,primary_training,99,spatial_block=Asia,-0.05925049120867484
drop_total,primary_training,99,spatial_block=Europe,-0.06059742170967765
drop_total,primary_training,99,spatial_block=North America,-0.09485925712602869
drop_total,primary_training,99,spatial_block=Oceania,-0.05801473593355945
drop_total,primary_training,99,spatial_block=South America,-0.06667597755715421
drop_total,primary_training,99,income_group=Low-income countries,0.006040738918204297
drop_total,primary_training,99,income_group=Lower-middle-income countries,-0.004719202039644129
drop_total,primary_training,99,income_group=Upper-middle-income countries,-0.009179222346627172
drop_total,primary_training,100,intercept,0.13707688130614726
drop_total,primary_training,100,cum_co2_per_capita,0.020155108507819597
drop_total,primary_training,100,abs_latitude,0.0006250243778524208
drop_total,primary_training,100,elevation,-2.7138723657387707e-06
drop_total,primary_training,100,continentality,4.7550853171336236e-05
drop_total,primary_training,100,population,0.0035677116426682076
drop_total,primary_training,100,station_density,-0.0014445082349517004
drop_total,primary_training,100,climate_zone=B,0.011528520897722197
drop_total,primary_training,100,climate_zone=C,-0.02013682358578379
drop_total,primary_training,100,climate_zone=D,0.016551092503310834
drop_total,primary_training,100,climate_zone=E,-0.08189652010339893
drop_total,primary_training,100,hemisphere=S,-0.024872311607901675
drop_total,primary_training,100,spatial_block=Asia,-0.05150611125945654
drop_total,primary_training,100,spatial_block=Europe,-0.044191345962393644
drop_total,primary_training,100,spatial_block=North America,-0.08695063742936049
drop_total,primary_training,100,spatial_block=Oceania,-0.05114326202612075
drop_total,primary_training,100,spatial_block=South America,-0.06099374057623866
drop_total,primary_training,100,income_group=Low-income countries,0.011049061953765035
drop_total,primary_training,100,income_group=Lower-middle-income countries,-0.002759192875574509
drop_total,primary_training,100,income_group=Upper-middle-income countries,-0.01060282737966854
drop_total,primary_training,101,intercept,0.15089562428180586
drop_total,primary_training,101,cum_co2_per_capita,0.015772379065707966
drop_total,primary_training,101,abs_latitude,0.0010642452637554564
drop_total,primary_training,101,elevation,-6.29682914169826e-07
drop_total,primary_training,101,continentality,4.107686048068807e-05
drop_total,primary_training,101,population,0.0029039339233404033
drop_total,primary_training,101,station_density,-0.001696610277779957
drop_total,primary_training,101,climate_zone=B,0.005475457146156825
drop_total,primary_training,101,climate_zone=C,-0.02313590118341135
drop_total,primary_training,101,climate_zone=D,-0.007129490690160244
drop_total,primary_training,101,hemisphere=S,-0.02627875249548866
drop_total,primary_training,101,spatial_block=Asia,-0.05221873034883127
drop_total,primary_training,101,spatial_block=Europe,-0.06076538582413294
drop_total,primary_training,101,spatial_block=North America,-0.09000707685422309
drop_total,primary_training,101,spatial_block=Oceania,-0.05627460382140188
drop_total,primary_training,101,spatial_block=South America,-0.06223792297587291
drop_total,primary_training,101,income_group=Low-income countries,0.003619260377779812
drop_total,primary_training,101,income_group=Lower-middle-income countries,-0.009361469618728697
drop_total,primary_training,101,income_group=Upper-middle-income countries,-0.014529819083070357
drop_total,primary_training,102,intercept,0.15053652511099028
drop_total,primary_training,102,cum_co2_per_capita,0.01598828056775333
drop_total,primary_training,102,abs_latitude,0.0011113018178518892
drop_total,primary_training,102,elevation,-2.6459331507955627e-07
drop_total,primary_training,102,continentality,4.0576168250139216e-05
drop_total,primary_training,102,population,0.0028790401688092927
drop_total,primary_training,102,station_density,-0.0016900677142730337
drop_total,primary_training,102,climate_zone=B,0.0045525097408293065
drop_total,primary_training,102,climate_zone=C,-0.023830510853600273
drop_total,primary_training,102,climate_zone=D,-0.009987192503713582
drop_total,primary_training,102,climate_zone=E,-0.09639761149089754
drop_total,primary_training,102,hemisphere=S,-0.02645368953599919
drop_total,primary_training,102,spatial_block=Asia,-0.05252734570813741
drop_total,primary_training,102,spatial_block=Europe,-0.05997729899231032
drop_total,primary_training,102,spatial_block=North America,-0.09037962232797375
drop_total,primary_training,102,spatial_block=Oceania,-0.05676978982116796
drop_total,primary_training,102,spatial_block=South America,-0.06243689723041771
drop_total,primary_training,102,income_group=Low-income countries,0.0038550125975114874
drop_total,primary_training,102,income_group=Lower-middle-income countries,-0.00937473358060155
drop_total,primary_training,102,income_group=Upper-middle-income countries,-0.01469750546731592
drop_total,primary_training,103,intercept,0.14908520973798595
drop_total,primary_training,103,cum_co2_per_capita,0.019232851377167633
drop_total,primary_training,103,abs_latitude,0.0007846823203483182
drop_total,primary_training,103,elevation,-2.4410505637716527e-06
drop_total,primary_training,103,continentality,4.5799271003594883e-05
drop_total,primary_training,103,population,0.002824164154347188
drop_total,primary_training,103,station_density,-0.0018291535730148403
drop_total,primary_training,103,climate_zone=B,0.00958198304152315
drop_total,primary_training,103,climate_zone=C,-0.02329406407555404
drop_total,primary_training,103,climate_zone=D,0.006978095337175566
drop_total,primary_training,103,climate_zone=E,-0.08169371787226593
drop_total,primary_training,103,hemisphere=S,-0.024611115241780706
drop_total,primary_training,103,spatial_block=Asia,-0.05152203480685625
drop_total,primary_training,103,spatial_block=Europe,-0.06019312311933296
drop_total,primary_training,103,spatial_block=North America,-0.08880962532458801
drop_total,primary_training,103,spatial_block=Oceania,-0.05621731473977819
drop_total,primary_training,103,spatial_block=South America,-0.0612891941576221
drop_total,primary_training,103,income_group=Low-income countries,0.004410825912587858
drop_total,primary_training,103,income_group=Lower-middle-income countries,-0.008455292203358786
drop_total,primary_training,103,income_group=Upper-middle-income countries,-0.016872985234821766
drop_total,primary_training,104,intercept,0.1455593916276015
drop_total,primary_training,104,cum_co2_per_capita,0.01645955966313241
drop_total,primary_training,104,abs_latitude,0.0008203414875982517
drop_total,primary_training,104,elevation,-7.42789176327654e-08
drop_total,primary_training,104,continentality,4.226827036317897e-05
drop_total,primary_training,104,population,0.003375224202951923
drop_total,primary_training,104,station_density,-0.001553078422471202
drop_total,primary_training,104,climate_zone=B,0.008805146551084445
drop_total,primary_training,104,climate_zone=C,-0.01866003729997574
drop_total,primary_training,104,climate_zone=D,-0.005975004859965454
drop_total,primary_training,104,climate_zone=E,-0.07794026086131658
drop_total,primary_training,104,hemisphere=S,-0.02697266506902891
drop_total,primary_training,104,spatial_block=Asia,-0.050485752278448606
drop_total,primary_training,104,spatial_block=Europe,-0.058653903944212486
drop_total,primary_training,104,spatial_block=North America,-0.08783908660460749
drop_total,primary_training,104,spatial_block=Oceania,-0.05221411341707042
drop_total,primary_training,104,spatial_block=South America,-0.06269256054723286
drop_total,primary_training,104,income_group=Low-income countries,0.006000062441267722
drop_total,primary_training,104,income_group=Lower-middle-income countries,-0.007216266630295054
drop_total,primary_training,104,income_group=Upper-middle-income countries,-0.011069080763080472
drop_total,primary_training,105,intercept,0.1455593916276015
drop_total,primary_training,105,cum_co2_per_capita,0.01645955966313241
drop_total,primary_training,105,abs_latitude,0.0008203414875982517
drop_total,primary_training,105,elevation,-7.42789176327654e-08
drop_total,primary_training,105,continentality,4.226827036317897e-05
drop_total,primary_training,105,population,0.003375224202951923
drop_total,primary_training,105,station_density,-0.001553078422471202
drop_total,primary_training,105,climate_zone=B,0.008805146551084445
drop_total,primary_training,105,climate_zone=C,-0.01866003729997574
drop_total,primary_training,105,climate_zone=D,-0.005975004859965454
drop_total,primary_training,105,climate_zone=E,-0.07794026086131658
drop_total,primary_training,105,hemisphere=S,-0.02697266506902891
drop_total,primary_training,105,spatial_block=Asia,-0.050485752278448606
drop_total,primary_training,105,spatial_block=Europe,-0.058653903944212486
drop_total,primary_training,105,spatial_block=North America,-0.08783908660460749
drop_total,primary_training,105,spatial_block=Oceania,-0.05221411341707042
drop_total,primary_training,105,spatial_block=South America,-0.06269256054723286
drop_total,primary_training,105,income_group=Low-income countries,0.006000062441267722
drop_total,primary_training,105,income_group=Lower-middle-income countries,-0.007216266630295054
drop_total,primary_training,105,income_group=Upper-middle-income countries,-0.011069080763080472
drop_total,primary_training,106,intercept,0.14871167793803422
drop_total,primary_training,106,cum_co2_per_capita,0.015740603320128218
drop_total,primary_training,106,abs_latitude,0.0009279133333862541
drop_total,primary_training,106,elevation,-9.107881771327107e-07
drop_total,primary_training,106,continentality,4.231240943254903e-05
drop_total,primary_training,106,population,0.003705663192996226
drop_total,primary_training,106,station_density,-0.0018129529748755484
drop_total,primary_training,106,climate_zone=B,0.007081841202930104
drop_total,primary_training,106,climate_zone=C,-0.02123200586203268
drop_total,primary_training,106,climate_zone=D,-0.0013378852731360088
drop_total,primary_training,106,climate_zone=E,-0.08929879071138141
drop_total,primary_training,106,hemisphere=S,-0.026378395130406157
drop_total,primary_training,106,spatial_block=Asia,-0.05148836308903927
drop_total,primary_training,106,spatial_block=Europe,-0.05725230434382407
drop_total,primary_training,106,spatial_block=North America,-0.08988728053640782
drop_total,primary_training,106,spatial_block=Oceania,-0.05642122397935698
drop_total,primary_training,106,spatial_block=South America,-0.06231043409311498
drop_total,primary_training,106,income_group=Low-income countries,0.0007325672973316812
drop_total,primary_training,106,income_group=Lower-middle-income countries,-0.011565189627948273
drop_total,primary_training,106,income_group=Upper-middle-income countries,-0.016683967794547835
drop_total,primary_training,107,intercept,0.13778838982055686
drop_total,primary_training,107,cum_co2_per_capita,0.018076862966649083
drop_total,primary_training,107,abs_latitude,0.0007949620311882734
drop_total,primary_training,107,elevation,-2.835482912259547e-06
drop_total,primary_training,107,continentality,4.487283744753993e-05
drop_total,primary_training,107,population,0.004313248777361743
drop_total,primary_training,107,station_density,-0.0018186466942205163
drop_total,primary_training,107,climate_zone=B,0.009147000775060334
drop_total,primary_training,107,climate_zone=C,-0.01939938933166902
drop_total,primary_training,107,climate_zone=D,0.0051318549519839725
drop_total,primary_training,107,climate_zone=E,-0.08612760877385511
drop_total,primary_training,107,hemisphere=S,-0.02532556538115768
drop_total,primary_training,107,spatial_block=Asia,-0.05098675464367407
drop_total,primary_training,107,spatial_block=Europe,-0.05017450458911666
drop_total,primary_training,107,spatial_block=North America,-0.08850895181430059
drop_total,primary_training,107,spatial_block=Oceania,-0.05548119965977709
drop_total,primary_training,107,spatial_block=South America,-0.06183946560604612
drop_total,primary_training,107,income_group=Low-income countries,0.00654689001591018
drop_total,primary_training,107,income_group=Lower-middle-income countries,-0.006903316302242723
drop_total,primary_training,107,income_group=Upper-middle-income countries,-0.01317641539259349
drop_total,primary_training,108,intercept,0.14958329159189107
drop_total,primary_training,108,cum_co2_per_capita,0.017058761140338323
drop_total,primary_training,108,abs_latitude,0.000833467752492014
drop_total,primary_training,108,elevation,-1.482975486382043e-06
drop_total,primary_training,108,continentality,4.5087843255987665e-05
drop_total,primary_training,108,population,0.003374993863132278
drop_total,primary_training,108,station_density,-0.0017672751428312245
drop_total,primary_training,108,climate_zone=B,0.007969875901831468
drop_total,primary_training,108,climate_zone=C,-0.021089383779264628
drop_total,primary_training,108,climate_zone=D,0.001637783990831502
drop_total,primary_training,108,climate_zone=E,-0.0880401165720668
drop_total,primary_training,108,hemisphere=S,-0.026108175120119297
drop_total,primary_training,108,spatial_block=Asia,-0.05154174732148982
drop_total,primary_training,108,spatial_block=Europe,-0.05498301849126259
drop_total,primary_training,108,spatial_block=North America,-0.08930941253339801
drop_total,primary_training,108,spatial_block=Oceania,-0.056097344750081976
drop_total,primary_training,108,spatial_block=South America,-0.0616360496734327
drop_total,primary_training,108,income_group=Low-income countries,0.0011867329966903431
drop_total,primary_training,108,income_group=Lower-middle-income countries,-0.010980147773802995
drop_total,primary_training,108,income_group=Upper-middle-income countries,-0.01780448226348774
drop_total,primary_training,109,intercept,0.14728428955518952
drop_total,primary_training,109,cum_co2_per_capita,0.015723815497482117
drop_total,primary_training,109,abs_latitude,0.000985994312558388
drop_total,primary_training,109,elevation,-1.351148999967516e-06
drop_total,primary_training,109,continentality,4.153707152648926e-05
drop_total,primary_training,109,population,0.0035709861250537624
drop_total,primary_training,109,station_density,-0.001959505536410282
drop_total,primary_training,109,climate_zone=B,0.006769422058270986
drop_total,primary_training,109,climate_zone=C,-0.02232781597576215
drop_total,primary_training,109,climate_zone=D,-0.00023543161030065577
drop_total,primary_training,109,climate_zone=E,-0.08461558777061576
drop_total,primary_training,109,hemisphere=S,-0.025681334247441505
drop_total,primary_training,109,spatial_block=Asia,-0.051626971537849405
drop_total,primary_training,109,spatial_block=Europe,-0.06336426694881579
drop_total,primary_training,109,spatial_block=North America,-0.08939086624274187
drop_total,primary_training,109,spatial_block=Oceania,-0.05625646411296962
drop_total,primary_training,109,spatial_block=South America,-0.06184617207756461
drop_total,primary_training,109,income_group=Low-income countries,0.003137016778197943
drop_total,primary_training,109,income_group=Lower-middle-income countries,-0.009343129554925413
drop_total,primary_training,109,income_group=Upper-middle-income countries,-0.014625372789711537
drop_total,primary_training,110,intercept,0.15292204302270213
drop_total,primary_training,110,cum_co2_per_capita,0.016116562390104686
drop_total,primary_training,110,abs_latitude,0.0009612988167231758
drop_total,primary_training,110,elevation,-5.758188347074067e-07
drop_total,primary_training,110,continentality,4.051357675433401e-05
drop_total,primary_training,110,population,0.0025704466463883744
drop_total,primary_training,110,station_density,-0.0019390677857004982
drop_total,primary_training,110,climate_zone=B,0.006477530674507859
drop_total,primary_training,110,climate_zone=C,-0.02093703333744843
drop_total,primary_training,110,climate_zone=D,-0.00492052745962331
drop_total,primary_training,110,climate_zone=E,-0.08654211019198144
drop_total,primary_training,110,hemisphere=S,-0.02611246959219269
drop_total,primary_training,110,spatial_block=Asia,-0.05054084402977149
drop_total,primary_training,110,spatial_block=Europe,-0.06103078283635419
drop_total,primary_training,110,spatial_block=North America,-0.08899569958166814
drop_total,primary_training,110,spatial_block=Oceania,-0.055806328941369124
drop_total,primary_training,110,spatial_block=South America,-0.062198342320171886
drop_total,primary_training,110,income_group=Low-income countries,0.0048320024051784274
drop_total,primary_training,110,income_group=Lower-middle-income countries,-0.00833297863511537
drop_total,primary_training,110,income_group=Upper-middle-income countries,-0.013238604996762639
drop_total,primary_training,111,intercept,0.13232846832693984
drop_total,primary_training,111,cum_co2_per_capita,0.01828277472547089
drop_total,primary_training,111,abs_latitude,0.0007341032785537768
drop_total,primary_training,111,elevation,-2.1907855858647736e-06
drop_total,primary_training,111,continentality,4.57504827100703e-05
drop_total,primary_training,111,population,0.004927825785450783
drop_total,primary_training,111,station_density,-0.0019230119942303231
drop_total,primary_training,111,climate_zone=B,0.009868768131679665
drop_total,primary_training,111,climate_zone=C,-0.01872129572564232
drop_total,primary_training,111,climate_zone=D,0.004355268411870126
drop_total,primary_training,111,climate_zone=E,-0.07479431963775271
drop_total,primary_training,111,hemisphere=S,-0.025729185066597483
drop_total,primary_training,111,spatial_block=Asia,-0.0506967231327521
drop_total,primary_training,111,spatial_block=Europe,-0.05619274821523063
drop_total,primary_training,111,spatial_block=North America,-0.08738532716256166
drop_total,primary_training,111,spatial_block=Oceania,-0.05343418985823884
drop_total,primary_training,111,spatial_block=South America,-0.061900404936767364
drop_total,primary_training,111,income_group=Low-income countries,0.007208862834499397
drop_total,primary_training,111,income_group=Lower-middle-income countries,-0.005802357661983114
drop_total,primary_training,111,income_group=Upper-middle-income countries,-0.01157421907659621
drop_total,primary_training,112,intercept,0.15558078243144022
drop_total,primary_training,112,cum_co2_per_capita,0.01619869677818766
drop_total,primary_training,112,abs_latitude,0.0010204453502807192
drop_total,primary_training,112,elevation,-8.822318309463824e-07
drop_total,primary_training,112,continentality,4.2473981504900946e-05
drop_total,primary_training,112,population,0.0019001140812978262
drop_total,primary_training,112,station_density,-0.0014929677966333827
drop_total,primary_training,112,climate_zone=B,0.0059554473389888465
drop_total,primary_training,112,climate_zone=C,-0.025475091946387633
drop_total,primary_training,112,climate_zone=D,-0.0055034563476460754
drop_total,primary_training,112,climate_zone=E,-0.09046337542127397
drop_total,primary_training,112,hemisphere=S,-0.024297870678878723
drop_total,primary_training,112,spatial_block=Asia,-0.05023506188837941
drop_total,primary_training,112,spatial_block=Europe,-0.06024508386662227
drop_total,primary_training,112,spatial_block=North America,-0.08802162146107113
drop_total,primary_training,112,spatial_block=Oceania,-0.05427501454497558
drop_total,primary_training,112,spatial_block=South America,-0.06134129366616297
drop_total,primary_training,112,income_group=Low-income countries,0.004843912918699354
drop_total,primary_training,112,income_group=Lower-middle-income countries,-0.009462268216010367
drop_total,primary_training,112,income_group=Upper-middle-income countries,-0.014068221195980262
drop_total,primary_training,113,intercept,0.13516367518442213
drop_total,primary_training,113,cum_co2_per_capita,0.02005293527698187
drop_total,primary_training,113,abs_latitude,0.0006261363402588877
drop_total,primary_training,113,elevation,-2.6381844121563367e-06
drop_total,primary_training,113,continentality,4.6794627350821987e-05
drop_total,primary_training,113,population,0.003931979454080344
drop_total,primary_training,113,station_density,-0.001638447624812925
drop_total,primary_training,113,climate_zone=B,0.011173892046894807
drop_total,primary_training,113,climate_zone=C,-0.018790126349802608
drop_total,primary_training,113,climate_zone=D,0.013700803652649725
drop_total,primary_training,113,climate_zone=E,-0.08363345533376677
drop_total,primary_training,113,hemisphere=S,-0.0250901158542138
drop_total,primary_training,113,spatial_block=Asia,-0.050691502261817796
drop_total,primary_training,113,spatial_block=Europe,-0.04230567065479144
drop_total,primary_training,113,spatial_block=North America,-0.08701404084900034
drop_total,primary_training,113,spatial_block=Oceania,-0.05201902763812735
drop_total,primary_training,113,spatial_block=South America,-0.0614663559307895
drop_total,primary_training,113,income_group=Low-income countries,0.010884730991337285
drop_total,primary_training,113,income_group=Lower-middle-income countries,-0.003109997431808388
drop_total,primary_training,113,income_group=Upper-middle-income countries,-0.010248232802185193
drop_total,primary_training,114,intercept,0.1511634903005016
drop_total,primary_training,114,cum_co2_per_capita,0.015852066233996532
drop_total,primary_training,114,abs_latitude,0.0003214881420757376
drop_total,primary_training,114,elevation,-4.8841984696682125e-06
drop_total,primary_training,114,continentality,3.395111327689385e-05
drop_total,primary_training,114,population,0.003731162218834635
drop_total,primary_training,114,station_density,-0.001097497188590647
drop_total,primary_training,114,climate_zone=B,0.011189550139257074
drop_total,primary_training,114,climate_zone=C,-0.009619768149612695
drop_total,primary_training,114,climate_zone=D,0.016922725235931774
drop_total,primary_training,114,climate_zone=E,-0.054693128435902655
drop_total,primary_training,114,hemisphere=S,-0.023512380884255276
drop_total,primary_training,114,spatial_block=Asia,-0.0535743661017115
drop_total,primary_training,114,spatial_block=Europe,-0.05391017212968231
drop_total,primary_training,114,spatial_block=North America,-0.0854300400200863
drop_total,primary_training,114,spatial_block=Oceania,-0.05641297990206853
drop_total,primary_training,114,spatial_block=South America,-0.05503365390753174
drop_total,primary_training,114,income_group=Low-income countries,0.01040142945691964
drop_total,primary_training,114,income_group=Lower-middle-income countries,-0.004989048104036979
drop_total,primary_training,114,income_group=Upper-middle-income countries,-0.021743978474556412
drop_total,primary_training,115,intercept,0.13782935214610412
drop_total,primary_training,115,cum_co2_per_capita,0.019502799230903072
drop_total,primary_training,115,abs_latitude,0.0006525970940239631
drop_total,primary_training,115,elevation,-2.4111844051420245e-06
drop_total,primary_training,115,continentality,4.6260053775140544e-05
drop_total,primary_training,115,population,0.003886023653947131
drop_total,primary_training,115,station_density,-0.001639065174751071
drop_total,primary_training,115,climate_zone=B,0.01076603702352241
drop_total,primary_training,115,climate_zone=C,-0.019198913413543125
drop_total,primary_training,115,climate_zone=D,0.012394005605317037
drop_total,primary_training,115,climate_zone=E,-0.08377692595893249
drop_total,primary_training,115,hemisphere=S,-0.025240495651611523
drop_total,primary_training,115,spatial_block=Asia,-0.05087680915652029
drop_total,primary_training,115,spatial_block=Europe,-0.04485552262609162
drop_total,primary_training,115,spatial_block=North America,-0.08750742037949222
drop_total,primary_training,115,spatial_block=Oceania,-0.05282295113047471
drop_total,primary_training,115,spatial_block=South America,-0.06150595601165715
drop_total,primary_training,115,income_group=Low-income countries,0.008858821072210185
drop_total,primary_training,115,income_group=Lower-middle-income countries,-0.004823176223163694
drop_total,primary_training,115,income_group=Upper-middle-income countries,-0.01198633203902229
drop_total,primary_training,116,intercept,0.13677850585802442
drop_total,primary_training,116,cum_co2_per_capita,0.01946149393395577
drop_total,primary_training,116,abs_latitude,0.0006901367856285378
drop_total,primary_training,116,elevation,-3.1198673847768116e-06
drop_total,primary_training,116,continentality,4.725740924461849e-05
drop_total,primary_training,116,population,0.003988950306603334
drop_total,primary_training,116,station_density,-0.0015709419596646671
drop_total,primary_training,116,climate_zone=B,0.01070909000659499
drop_total,primary_training,116,climate_zone=C,-0.020345046135647187
drop_total,primary_training,116,climate_zone=D,0.013110489725603023
drop_total,primary_training,116,climate_zone=E,-0.08314911965894099
drop_total,primary_training,116,hemisphere=S,-0.024868727520889485
drop_total,primary_training,116,spatial_block=Asia,-0.05169956465962246
drop_total,primary_training,116,spatial_block=Europe,-0.047294396705284215
drop_total,primary_training,116,spatial_block=North America,-0.08766402898856168
drop_total,primary_training,116,spatial_block=Oceania,-0.05319381952624233
drop_total,primary_training,116,spatial_block=South America,-0.06105876214697605
drop_total,primary_training,116,income_group=Low-income countries,0.00868515841430819
drop_total,primary_training,116,income_group=Lower-middle-income countries,-0.0047845543330201894
drop_total,primary_training,116,income_group=Upper-middle-income countries,-0.012605816700611483
drop_total,primary_training,117,intercept,0.13924883009232514
drop_total,primary_training,117,cum_co2_per_capita,0.018531126025409024
drop_total,primary_training,117,abs_latitude,0.0008665361410759824
drop_total,primary_training,117,elevation,-1.830241635664394e-06
drop_total,primary_training,117,continentality,4.619565727689562e-05
drop_total,primary_training,117,population,0.004245646516982823
drop_total,primary_training,117,station_density,-0.0015833088623892798
drop_total,primary_training,117,climate_zone=B,0.007643816906500092
drop_total,primary_training,117,climate_zone=C,-0.023248943185829308
drop_total,primary_training,117,climate_zone=D,0.004271979686299207
drop_total,primary_training,117,climate_zone=E,-0.08597164675188636
drop_total,primary_training,117,hemisphere=S,-0.02576479798958954
drop_total,primary_training,117,spatial_block=Asia,-0.05320018456830263
drop_total,primary_training,117,spatial_block=Europe,-0.057543440709854475
drop_total,primary_training,117,spatial_block=North America,-0.08961765373609606
drop_total,primary_training,117,spatial_block=Oceania,-0.05570095482073208
drop_total,primary_training,117,spatial_block=South America,-0.06156522211756893
drop_total,primary_training,117,income_group=Low-income countries,0.003840084605016552
drop_total,primary_training,117,income_group=Lower-middle-income countries,-0.008959408002680726
drop_total,primary_training,117,income_group=Upper-middle-income countries,-0.016978515884090353
drop_total,primary_training,118,intercept,0.1539333010186679
drop_total,primary_training,118,cum_co2_per_capita,0.018737136344371824
drop_total,primary_training,118,abs_latitude,0.0009037182820763556
drop_total,primary_training,118,elevation,-4.308226584824876e-07
drop_total,primary_training,118,continentality,4.48261664523989e-05
drop_total,primary_training,118,population,0.00092409779024332
drop_total,primary_training,118,station_density,-0.0013294992611858855
drop_total,primary_training,118,climate_zone=B,0.003422238772383911
drop_total,primary_training,118,climate_zone=C,-0.027919889925548762
drop_total,primary_training,118,climate_zone=D,-0.006077689340626212
drop_total,primary_training,118,climate_zone=E,-0.08965999745659074
drop_total,primary_training,118,hemisphere=S,-0.020468993670532034
drop_total,primary_training,118,spatial_block=Asia,-0.04389054552421261
drop_total,primary_training,118,spatial_block=Europe,-0.053324028163514114
drop_total,primary_training,118,spatial_block=North America,-0.08230561979369017
drop_total,primary_training,118,spatial_block=Oceania,-0.05106900210760807
drop_total,primary_training,118,spatial_block=South America,-0.05805269637301175
drop_total,primary_training,118,income_group=Low-income countries,0.010799798809407771
drop_total,primary_training,118,income_group=Lower-middle-income countries,-0.007862904338718345
drop_total,primary_training,118,income_group=Upper-middle-income countries,-0.014360173565028235
drop_total,primary_training,119,intercept,0.14451933168830125
drop_total,primary_training,119,cum_co2_per_capita,0.0164836417424472
drop_total,primary_training,119,abs_latitude,0.0007528797219868781
drop_total,primary_training,119,elevation,-2.9559560986788884e-07
drop_total,primary_training,119,continentality,4.265102170146603e-05
drop_total,primary_training,119,population,0.0037546779679953827
drop_total,primary_training,119,station_density,-0.0018814972659650657
drop_total,primary_training,119,climate_zone=B,0.009362633566069192
drop_total,primary_training,119,climate_zone=C,-0.017413644928509997
drop_total,primary_training,119,climate_zone=D,-0.003353554022336096
drop_total,primary_training,119,climate_zone=E,-0.0734940930317475
drop_total,primary_training,119,hemisphere=S,-0.02681524528395137
drop_total,primary_training,119,spatial_block=Asia,-0.049504561897301784
drop_total,primary_training,119,spatial_block=Europe,-0.059815804927511027
drop_total,primary_training,119,spatial_block=North America,-0.0873745107676446
drop_total,primary_training,119,spatial_block=Oceania,-0.05273522801131355
drop_total,primary_training,119,spatial_block=South America,-0.0625585411235518
drop_total,primary_training,119,income_group=Low-income countries,0.004862546963840066
drop_total,primary_training,119,income_group=Lower-middle-income countries,-0.007867352270644527
drop_total,primary_training,119,income_group=Upper-middle-income countries,-0.011741557272172675
drop_total,primary_training,120,intercept,0.15026190979603424
drop_total,primary_training,120,cum_co2_per_capita,0.01667263432128768
drop_total,primary_training,120,abs_latitude,0.0009437178557327061
drop_total,primary_training,120,elevation,-2.1950643219735555e-06
drop_total,primary_training,120,continentality,4.4261027772520396e-05
drop_total,primary_training,120,population,0.0029859214884244514
drop_total,primary_training,120,station_density,-0.0020630591997586106
drop_total,primary_training,120,climate_zone=B,0.00678387800933838
drop_total,primary_training,120,climate_zone=C,-0.02198514370765376
drop_total,primary_training,120,climate_zone=D,0.002436197608944895
drop_total,primary_training,120,climate_zone=E,-0.08248033452471322
drop_total,primary_training,120,hemisphere=S,-0.02539381874453196
drop_total,primary_training,120,spatial_block=Asia,-0.05126433764882099
drop_total,primary_training,120,spatial_block=Europe,-0.0650558317216163
drop_total,primary_training,120,spatial_block=North America,-0.08925716258935709
drop_total,primary_training,120,spatial_block=Oceania,-0.05690902490259134
drop_total,primary_training,120,spatial_block=South America,-0.06135155557042073
drop_total,primary_training,120,income_group=Low-income countries,0.003370087164944836
drop_total,primary_training,120,income_group=Lower-middle-income countries,-0.008960612653751495
drop_total,primary_training,120,income_group=Upper-middle-income countries,-0.0153284239151905
drop_total,primary_training,121,intercept,0.13295916461129334
drop_total,primary_training,121,cum_co2_per_capita,0.01950073695322642
drop_total,primary_training,121,abs_latitude,0.0007183943189702069
drop_total,primary_training,121,elevation,-2.6332350329765223e-06
drop_total,primary_training,121,continentality,4.6138172292301165e-05
drop_total,primary_training,121,population,0.004687424156653747
drop_total,primary_training,121,station_density,-0.0017553616051883643
drop_total,primary_training,121,climate_zone=B,0.009565998837462735
drop_total,primary_training,121,climate_zone=C,-0.019069545548023873
drop_total,primary_training,121,climate_zone=D,0.008069039807783446
drop_total,primary_training,121,climate_zone=E,-0.08329122138031683
drop_total,primary_training,121,hemisphere=S,-0.02548308879130942
drop_total,primary_training,121,spatial_block=Asia,-0.051062198222598575
drop_total,primary_training,121,spatial_block=Europe,-0.049116456755788115
drop_total,primary_training,121,spatial_block=North America,-0.08837284810382523
drop_total,primary_training,121,spatial_block=Oceania,-0.054749973009261946
drop_total,primary_training,121,spatial_block=South America,-0.0620387452106485
drop_total,primary_training,121,income_group=Low-income countries,0.007902847169910127
drop_total,primary_training,121,income_group=Lower-middle-income countries,-0.005955590636440787
drop_total,primary_training,121,income_group=Upper-middle-income countries,-0.012856193510248292
drop_total,primary_training,122,intercept,0.14839118189294226
drop_total,primary_training,122,cum_co2_per_capita,0.014917857251770734
drop_total,primary_training,122,abs_latitude,0.0010435503354488329
drop_total,primary_training,122,elevation,-8.635578780402012e-07
drop_total,primary_training,122,continentality,4.01890179399791e-05
drop_total,primary_training,122,population,0.00364068256362495
drop_total,primary_training,122,station_density,-0.0021359062414273338
drop_total,primary_training,122,climate_zone=B,0.0058816167539329665
drop_total,primary_training,122,climate_zone=C,-0.022325271869894598
drop_total,primary_training,122,climate_zone=D,-0.0039293583859394835
drop_total,primary_training,122,climate_zone=E,-0.08883120173580947
drop_total,primary_training,122,hemisphere=S,-0.02594106283265422
drop_total,primary_training,122,spatial_block=Asia,-0.05130630213284174
drop_total,primary_training,122,spatial_block=Europe,-0.062255017530800635
drop_total,primary_training,122,spatial_block=North America,-0.08958638419567501
drop_total,primary_training,122,spatial_block=Oceania,-0.056894183604695184
drop_total,primary_training,122,spatial_block=South America,-0.062123888917111875
drop_total,primary_training,122,income_group=Low-income countries,0.002050763733621396
drop_total,primary_training,122,income_group=Lower-middle-income countries,-0.010189033015483432
drop_total,primary_training,122,income_group=Upper-middle-income countries,-0.014673299955302775
drop_total,primary_training,123,intercept,0.15265897231779907
drop_total,primary_training,123,cum_co2_per_capita,0.017237611351065628
drop_total,primary_training,123,abs_latitude,0.0009471944136739856
drop_total,primary_training,123,elevation,2.712279440065019e-06
drop_total,primary_training,123,continentality,4.094689198496777e-05
drop_total,primary_training,123,population,0.0028011562738103363
drop_total,primary_training,123,station_density,-0.0016929730962331883
drop_total,primary_training,123,climate_zone=B,0.005483422291182823
drop_total,primary_training,123,climate_zone=C,-0.02202688541067527
drop_total,primary_training,123,climate_zone=D,-0.005711484448403399
drop_total,primary_training,123,climate_zone=E,-0.08959797369775051
drop_total,primary_training,123,hemisphere=S,-0.02811325143784262
drop_total,primary_training,123,spatial_block=Asia,-0.05277000711148962
drop_total,primary_training,123,spatial_block=Europe,-0.06159285668332636
drop_total,primary_training,123,spatial_block=North America,-0.10499235070988086
drop_total,primary_training,123,spatial_block=Oceania,-0.055031332041639146
drop_total,primary_training,123,spatial_block=South America,-0.06331594179851482
drop_total,primary_training,123,income_group=Low-income countries,0.001560552936086533
drop_total,primary_training,123,income_group=Lower-middle-income countries,-0.01170816663505501
drop_total,primary_training,123,income_group=Upper-middle-income countries,-0.017134483561259357
drop_total,primary_training,124,intercept,0.17252800139626479
drop_total,primary_training,124,cum_co2_per_capita,0.012181665767062672
drop_total,primary_training,124,abs_latitude,0.0010254576863142316
drop_total,primary_training,124,elevation,-4.957299695897893e-07
drop_total,primary_training,124,continentality,3.8959843572503826e-05
drop_total,primary_training,124,population,0.0005454685345409434
drop_total,primary_training,124,station_density,-0.0015589514023051543
drop_total,primary_training,124,climate_zone=B,0.005736819660464048
drop_total,primary_training,124,climate_zone=C,-0.024503811977007562
drop_total,primary_training,124,climate_zone=D,-0.013662298549032057
drop_total,primary_training,124,climate_zone=E,-0.09910697377825185
drop_total,primary_training,124,hemisphere=S,-0.025731103662036656
drop_total,primary_training,124,spatial_block=Asia,-0.04854393783131469
drop_total,primary_training,124,spatial_block=Europe,-0.05069845628129823
drop_total,primary_training,124,spatial_block=North America,-0.0969653149317525
drop_total,primary_training,124,spatial_block=Oceania,-0.0522269733008308
drop_total,primary_training,124,spatial_block=South America,-0.061744397225912954
drop_total,primary_training,124,income_group=Low-income countries,0.001667333288621721
drop_total,primary_training,124,income_group=Lower-middle-income countries,-0.009094344474975561
drop_total,primary_training,124,income_group=Upper-middle-income countries,-0.011085832407977558
drop_total,primary_training,125,intercept,0.15653042637025125
drop_total,primary_training,125,cum_co2_per_capita,0.014710617062703978
drop_total,primary_training,125,abs_latitude,0.0010632257284055014
drop_total,primary_training,125,elevation,4.6574667789115284e-07
drop_total,primary_training,125,continentality,3.9934899676613123e-05
drop_total,primary_training,125,population,0.002403674571874842
drop_total,primary_training,125,station_density,-0.001675630915636193
drop_total,primary_training,125,climate_zone=B,0.00478883396780018
drop_total,primary_training,125,climate_zone=C,-0.025433155673586786
drop_total,primary_training,125,climate_zone=D,-0.009738433904621617
drop_total,primary_training,125,climate_zone=E,-0.0957808587225402
drop_total,primary_training,125,hemisphere=S,-0.026485766216467484
drop_total,primary_training,125,spatial_block=Asia,-0.05106800145156911
drop_total,primary_training,125,spatial_block=Europe,-0.0575750093439965
drop_total,primary_training,125,spatial_block=North America,-0.07893619114960836
drop_total,primary_training,125,spatial_block=Oceania,-0.054192056536896696
drop_total,primary_training,125,spatial_block=South America,-0.06120830437188325
drop_total,primary_training,125,income_group=Low-income countries,0.00216006676014967
drop_total,primary_training,125,income_group=Lower-middle-income countries,-0.009196727821099985
drop_total,primary_training,125,income_group=Upper-middle-income countries,-0.01507737119760779
drop_total,primary_training,126,intercept,0.13712284520898732
drop_total,primary_training,126,cum_co2_per_capita,0.019135054967218245
drop_total,primary_training,126,abs_latitude,0.0008936623901897187
drop_total,primary_training,126,elevation,3.5556114463617975e-06
drop_total,primary_training,126,continentality,4.0284042006852514e-05
drop_total,primary_training,126,population,0.004178156703221846
drop_total,primary_training,126,station_density,-0.0017275804152242405
drop_total,primary_training,126,climate_zone=B,0.006488252810137583
drop_total,primary_training,126,climate_zone=C,-0.019453426568825437
drop_total,primary_training,126,climate_zone=D,-0.004438772852097076
drop_total,primary_training,126,climate_zone=E,-0.08443107769241522
drop_total,primary_training,126,hemisphere=S,-0.028931454083565743
drop_total,primary_training,126,spatial_block=Asia,-0.05329703052764398
drop_total,primary_training,126,spatial_block=Europe,-0.06037467349372992
drop_total,primary_training,126,spatial_block=North America,-0.09336132478069875
drop_total,primary_training,126,spatial_block=Oceania,-0.05372683662441803
drop_total,primary_training,126,spatial_block=South America,-0.06332263501920933
drop_total,primary_training,126,income_group=Low-income countries,0.0065739524845831124
drop_total,primary_training,126,income_group=Lower-middle-income countries,-0.008227715735667746
drop_total,primary_training,126,income_group=Upper-middle-income countries,-0.014269897953098729
drop_total,primary_training,127,intercept,0.14624505810100472
drop_total,primary_training,127,cum_co2_per_capita,0.018577693869843592
drop_total,primary_training,127,abs_latitude,0.0009446725099714449
drop_total,primary_training,127,elevation,2.706280749498619e-06
drop_total,primary_training,127,continentality,4.142479136444401e-05
drop_total,primary_training,127,population,0.0034090544287020083
drop_total,primary_training,127,station_density,-0.0017331778008978322
drop_total,primary_training,127,climate_zone=B,0.005241075756571932
drop_total,primary_training,127,climate_zone=C,-0.02165333456838692
drop_total,primary_training,127,climate_zone=D,-0.005717249308310284
drop_total,primary_training,127,climate_zone=E,-0.08865353607005745
drop_total,primary_training,127,hemisphere=S,-0.02822226292519234
drop_total,primary_training,127,spatial_block=Asia,-0.053435938100327714
drop_total,primary_training,127,spatial_block=Europe,-0.06284731564766059
drop_total,primary_training,127,spatial_block=North America,-0.1026756557697048
drop_total,primary_training,127,spatial_block=Oceania,-0.05602608585148305
drop_total,primary_training,127,spatial_block=South America,-0.06360465044362253
drop_total,primary_training,127,income_group=Low-income countries,0.002847001027840622
drop_total,primary_training,127,income_group=Lower-middle-income countries,-0.01124040123436914
drop_total,primary_training,127,income_group=Upper-middle-income countries,-0.017486151606507728
drop_total,primary_training,128,intercept,0.14686045642507153
drop_total,primary_training,128,cum_co2_per_capita,0.012249346776023639
drop_total,primary_training,128,abs_latitude,0.0008744013543102194
drop_total,primary_training,128,elevation,3.5457136185658695e-06
drop_total,primary_training,128,continentality,3.813773453410768e-05
drop_total,primary_training,128,population,0.003910313558265683
drop_total,primary_training,128,station_density,-0.0014635317465807875
drop_total,primary_training,128,climate_zone=B,0.010745155234044148
drop_total,primary_training,128,climate_zone=C,-0.01602839281496351
drop_total,primary_training,128,climate_zone=D,-0.0020876553854564024
drop_total,primary_training,128,climate_zone=E,-0.08068354286884068
drop_total,primary_training,128,hemisphere=S,-0.0293454593725175
drop_total,primary_training,128,spatial_block=Asia,-0.05122197684547275
drop_total,primary_training,128,spatial_block=Europe,-0.052967385522553465
drop_total,primary_training,128,spatial_block=North America,-0.061003650729964984
drop_total,primary_training,128,spatial_block=Oceania,-0.047626077628980266
drop_total,primary_training,128,spatial_block=South America,-0.06237950661586021
drop_total,primary_training,128,income_group=Low-income countries,0.0024291249506754567
drop_total,primary_training,128,income_group=Lower-middle-income countries,-0.009020675478119905
drop_total,primary_training,128,income_group=Upper-middle-income countries,-0.01055387757830513
drop_total,primary_training,129,intercept,0.14090898283328748
drop_total,primary_training,129,cum_co2_per_capita,0.0139207647416152
drop_total,primary_training,129,abs_latitude,0.0008980767414109204
drop_total,primary_training,129,elevation,2.938308939370286e-06
drop_total,primary_training,129,continentality,3.830876627003024e-05
drop_total,primary_training,129,population,0.003970066578654373
drop_total,primary_training,129,station_density,-0.0014367596389318164
drop_total,primary_training,129,climate_zone=B,0.010461457954719658
drop_total,primary_training,129,climate_zone=C,-0.015909369198875183
drop_total,primary_training,129,climate_zone=D,-0.0018553100467126728
drop_total,primary_training,129,climate_zone=E,-0.08029422459290624
drop_total,primary_training,129,hemisphere=S,-0.028953851579812305
drop_total,primary_training,129,spatial_block=Asia,-0.05152146498020758
drop_total,primary_training,129,spatial_block=Europe,-0.0535513332057459
drop_total,primary_training,129,spatial_block=North America,-0.06556378764717655
drop_total,primary_training,129,spatial_block=Oceania,-0.04808815564107883
drop_total,primary_training,129,spatial_block=South America,-0.06205114288202817
drop_total,primary_training,129,income_group=Low-income countries,0.007056117084399582
drop_total,primary_training,129,income_group=Lower-middle-income countries,-0.00566243040964997
drop_total,primary_training,129,income_group=Upper-middle-income countries,-0.008713141896730805
drop_total,primary_training,130,intercept,0.14612286117153384
drop_total,primary_training,130,cum_co2_per_capita,0.018583116543502746
drop_total,primary_training,130,abs_latitude,0.0009441434429796702
drop_total,primary_training,130,elevation,2.7642014491539103e-06
drop_total,primary_training,130,continentality,4.140187465641255e-05
drop_total,primary_training,130,population,0.0034394908329512205
drop_total,primary_training,130,station_density,-0.001731999659236812
drop_total,primary_training,130,climate_zone=B,0.005186195014408461
drop_total,primary_training,130,climate_zone=C,-0.021727654056220732
drop_total,primary_training,130,climate_zone=D,-0.005785699909540382
drop_total,primary_training,130,climate_zone=E,-0.08866498077904586
drop_total,primary_training,130,hemisphere=S,-0.02836693101180044
drop_total,primary_training,130,spatial_block=Asia,-0.05349760419699976
drop_total,primary_training,130,spatial_block=Europe,-0.06286920124849392
drop_total,primary_training,130,spatial_block=North America,-0.10276153121373276
drop_total,primary_training,130,spatial_block=Oceania,-0.05590044933322159
drop_total,primary_training,130,spatial_block=South America,-0.06338741646862003
drop_total,primary_training,130,income_group=Low-income countries,0.002789516416639433
drop_total,primary_training,130,income_group=Lower-middle-income countries,-0.011272561712693882
drop_total,primary_training,130,income_group=Upper-middle-income countries,-0.017481859061295877
drop_total,primary_training,131,intercept,0.14576753020969535
drop_total,primary_training,131,cum_co2_per_capita,0.012688557818381864
drop_total,primary_training,131,abs_latitude,0.000871076014820483
drop_total,primary_training,131,elevation,3.0935202577922284e-06
drop_total,primary_training,131,continentality,3.803975971151327e-05
drop_total,primary_training,131,population,0.0038496388262067014
drop_total,primary_training,131,station_density,-0.0014752739108023366
drop_total,primary_training,131,climate_zone=B,0.010513751574035633
drop_total,primary_training,131,climate_zone=C,-0.016406070884085577
drop_total,primary_training,131,climate_zone=D,-0.0028822079945075123
drop_total,primary_training,131,climate_zone=E,-0.08105104804307484
drop_total,primary_training,131,hemisphere=S,-0.029139933773661034
drop_total,primary_training,131,spatial_block=Asia,-0.05101577961885271
drop_total,primary_training,131,spatial_block=Europe,-0.05201797267642805
drop_total,primary_training,131,spatial_block=North America,-0.05563688920538603
drop_total,primary_training,131,spatial_block=Oceania,-0.04739972421390545
drop_total,primary_training,131,spatial_block=South America,-0.06218847594784402
drop_total,primary_training,131,income_group=Low-income countries,0.004100478604229599
drop_total,primary_training,131,income_group=Lower-middle-income countries,-0.0078033171809508825
drop_total,primary_training,131,income_group=Upper-middle-income countries,-0.008803515294900473
drop_total,primary_training,132,intercept,0.14575753849094775
drop_total,primary_training,132,cum_co2_per_capita,0.01887059264325464
drop_total,primary_training,132,abs_latitude,0.000955092838371145
drop_total,primary_training,132,elevation,2.8598112856694617e-06
drop_total,primary_training,132,continentality,4.1156269154715995e-05
drop_total,primary_training,132,population,0.003304067279818552
drop_total,primary_training,132,station_density,-0.0017238926687552717
drop_total,primary_training,132,climate_zone=B,0.004851113551972936
drop_total,primary_training,132,climate_zone=C,-0.022323581435586114
drop_total,primary_training,132,climate_zone=D,-0.006515154782483576
drop_total,primary_training,132,climate_zone=E,-0.08964120241949639
drop_total,primary_training,132,hemisphere=S,-0.028290295807818146
drop_total,primary_training,132,spatial_block=Asia,-0.05326150966357966
drop_total,primary_training,132,spatial_block=Europe,-0.06224158790228967
drop_total,primary_training,132,spatial_block=North America,-0.10042618388774695
drop_total,primary_training,132,spatial_block=Oceania,-0.05557826133043485
drop_total,primary_training,132,spatial_block=South America,-0.06292609025638057
drop_total,primary_training,132,income_group=Low-income countries,0.003947723171648465
drop_total,primary_training,132,income_group=Lower-middle-income countries,-0.010064141677902379
drop_total,primary_training,132,income_group=Upper-middle-income countries,-0.017180351901420803
drop_total,primary_training,133,intercept,0.13606026335544394
drop_total,primary_training,133,cum_co2_per_capita,0.014702933917728919
drop_total,primary_training,133,abs_latitude,0.0008970822721505922
drop_total,primary_training,133,elevation,3.026094039210165e-06
drop_total,primary_training,133,continentality,3.819181786829799e-05
drop_total,primary_training,133,population,0.004382674369155718
drop_total,primary_training,133,station_density,-0.0014536370579649421
drop_total,primary_training,133,climate_zone=B,0.010343818707909158
drop_total,primary_training,133,climate_zone=C,-0.01581132047382142
drop_total,primary_training,133,climate_zone=D,-0.002168955302045105
drop_total,primary_training,133,climate_zone=E,-0.07970662577351534
drop_total,primary_training,133,hemisphere=S,-0.028964341478973338
drop_total,primary_training,133,spatial_block=Asia,-0.05179834043787973
drop_total,primary_training,133,spatial_block=Europe,-0.05354793423859452
drop_total,primary_training,133,spatial_block=North America,-0.06187273976098409
drop_total,primary_training,133,spatial_block=Oceania,-0.048156126355931576
drop_total,primary_training,133,spatial_block=South America,-0.06232860921896194
drop_total,primary_training,133,income_group=Low-income countries,0.00860223887839242
drop_total,primary_training,133,income_group=Lower-middle-income countries,-0.004708825604718648
drop_total,primary_training,133,income_group=Upper-middle-income countries,-0.007896321227017075
drop_total,primary_training,134,intercept,0.15058395182338108
drop_total,primary_training,134,cum_co2_per_capita,0.011522475418693697
drop_total,primary_training,134,abs_latitude,0.0008450643840949318
drop_total,primary_training,134,elevation,4.104294746742527e-06
drop_total,primary_training,134,continentality,3.800724354688798e-05
drop_total,primary_training,134,population,0.003839076010241636
drop_total,primary_training,134,station_density,-0.0014610262669438627
drop_total,primary_training,134,climate_zone=B,0.010811062246683502
drop_total,primary_training,134,climate_zone=C,-0.01623622927901587
drop_total,primary_training,134,climate_zone=D,-0.002327991837455911
drop_total,primary_training,134,climate_zone=E,-0.08076083526879474
drop_total,primary_training,134,hemisphere=S,-0.02990387579067279
drop_total,primary_training,134,spatial_block=Asia,-0.05111038939112819
drop_total,primary_training,134,spatial_block=Europe,-0.05249799586352998
drop_total,primary_training,134,spatial_block=North America,-0.057886029129214644
drop_total,primary_training,134,spatial_block=Oceania,-0.04703764751712685
drop_total,primary_training,134,spatial_block=South America,-0.062104938291405225
drop_total,primary_training,134,income_group=Low-income countries,-0.0002164440899389698
drop_total,primary_training,134,income_group=Lower-middle-income countries,-0.0109779756935918
drop_total,primary_training,134,income_group=Upper-middle-income countries,-0.011685225474443388
drop_total,primary_training,135,intercept,0.15395293252464445
drop_total,primary_training,135,cum_co2_per_capita,0.015168800164926919
drop_total,primary_training,135,abs_latitude,0.001051378782837597
drop_total,primary_training,135,elevation,-5.095457699736775e-07
drop_total,primary_training,135,continentality,4.110035599658959e-05
drop_total,primary_training,135,population,0.0027268467771935758
drop_total,primary_training,135,station_density,-0.0017445005741188728
drop_total,primary_training,135,climate_zone=B,0.005613594330670766
drop_total,primary_training,135,climate_zone=C,-0.02326806321269046
drop_total,primary_training,135,climate_zone=D,-0.007325372280625428
drop_total,primary_training,135,climate_zone=E,-0.0930569590753039
drop_total,primary_training,135,hemisphere=S,-0.025912079746427893
drop_total,primary_training,135,spatial_block=Asia,-0.051555322301672646
drop_total,primary_training,135,spatial_block=Europe,-0.05985505729314748
drop_total,primary_training,135,spatial_block=North America,-0.08672327345857095
drop_total,primary_training,135,spatial_block=Oceania,-0.05637819718542711
drop_total,primary_training,135,spatial_block=South America,-0.06271483369423894
drop_total,primary_training,135,income_group=Low-income countries,0.0020298055762721185
drop_total,primary_training,135,income_group=Lower-middle-income countries,-0.010230995410683707
drop_total,primary_training,135,income_group=Upper-middle-income countries,-0.015638817302349495
drop_total,primary_training,136,intercept,0.16589332461807982
drop_total,primary_training,136,cum_co2_per_capita,0.012871601406835768
drop_total,primary_training,136,abs_latitude,0.0009573397072546259
drop_total,primary_training,136,elevation,8.823355684718817e-07
drop_total,primary_training,136,continentality,3.702971919423375e-05
drop_total,primary_training,136,population,0.0010770255522860263
drop_total,primary_training,136,station_density,-0.0015250278216702132
drop_total,primary_training,136,climate_zone=B,0.007482846215816192
drop_total,primary_training,136,climate_zone=C,-0.020463054127707162
drop_total,primary_training,136,climate_zone=D,-0.011371267648012731
drop_total,primary_training,136,climate_zone=E,-0.0928334146736474
drop_total,primary_training,136,hemisphere=S,-0.026715779126945272
drop_total,primary_training,136,spatial_block=Asia,-0.0488051635394093
drop_total,primary_training,136,spatial_block=Europe,-0.05071503207013123
drop_total,primary_training,136,spatial_block=North America,-0.09147930001368569
drop_total,primary_training,136,spatial_block=Oceania,-0.05095481339249214
drop_total,primary_training,136,spatial_block=South America,-0.06253753178511628
drop_total,primary_training,136,income_group=Low-income countries,0.0047685977859835485
drop_total,primary_training,136,income_group=Lower-middle-income countries,-0.007568745520365946
drop_total,primary_training,136,income_group=Upper-middle-income countries,-0.008761653370814297
drop_total,primary_training,137,intercept,0.15983902129730398
drop_total,primary_training,137,cum_co2_per_capita,0.015762446766931903
drop_total,primary_training,137,abs_latitude,0.0012232106382053457
drop_total,primary_training,137,elevation,8.453590070326266e-09
drop_total,primary_training,137,continentality,4.2381115905592774e-05
drop_total,primary_training,137,population,0.001686575935317989
drop_total,primary_training,137,station_density,-0.0019679960349083094
drop_total,primary_training,137,climate_zone=B,0.004422656998174724
drop_total,primary_training,137,climate_zone=C,-0.021028413919288582
drop_total,primary_training,137,climate_zone=D,-0.007950863405454343
drop_total,primary_training,137,climate_zone=E,-0.0977061455168364
drop_total,primary_training,137,hemisphere=S,-0.03152613711639891
drop_total,primary_training,137,spatial_block=Asia,-0.05633139957137803
drop_total,primary_training,137,spatial_block=Europe,-0.06828757338370442
drop_total,primary_training,137,spatial_block=North America,-0.09221583820506231
drop_total,primary_training,137,spatial_block=Oceania,-0.10644388555617791
drop_total,primary_training,137,spatial_block=South America,-0.06035693410365098
drop_total,primary_training,137,income_group=Low-income countries,0.002726220518584814
drop_total,primary_training,137,income_group=Lower-middle-income countries,-0.010561129044208176
drop_total,primary_training,137,income_group=Upper-middle-income countries,-0.016886074619443803
drop_total,primary_training,138,intercept,0.1572743052852371
drop_total,primary_training,138,cum_co2_per_capita,0.014784605290422378
drop_total,primary_training,138,abs_latitude,0.0011500177643227452
drop_total,primary_training,138,elevation,-3.18165867427823e-07
drop_total,primary_training,138,continentality,4.078844626156941e-05
drop_total,primary_training,138,population,0.002334394514979832
drop_total,primary_training,138,station_density,-0.0016645271751826772
drop_total,primary_training,138,climate_zone=B,0.0047295282445790725
drop_total,primary_training,138,climate_zone=C,-0.02310043171025669
drop_total,primary_training,138,climate_zone=D,-0.008051634404950873
drop_total,primary_training,138,climate_zone=E,-0.0954409470810851
drop_total,primary_training,138,hemisphere=S,-0.026688716908017145
drop_total,primary_training,138,spatial_block=Asia,-0.053233302177994435
drop_total,primary_training,138,spatial_block=Europe,-0.06405424069812145
drop_total,primary_training,138,spatial_block=North America,-0.09127661748439855
drop_total,primary_training,138,spatial_block=Oceania,-0.033422335465617695
drop_total,primary_training,138,spatial_block=South America,-0.06299515734664515
drop_total,primary_training,138,income_group=Low-income countries,0.001246706198884482
drop_total,primary_training,138,income_group=Lower-middle-income countries,-0.011906858941303618
drop_total,primary_training,138,income_group=Upper-middle-income countries,-0.015553412479106786
drop_total,primary_training,139,intercept,0.15983902129730398
drop_total,primary_training,139,cum_co2_per_capita,0.015762446766931903
drop_total,primary_training,139,abs_latitude,0.0012232106382053457
drop_total,primary_training,139,elevation,8.453590070326266e-09
drop_total,primary_training,139,continentality,4.2381115905592774e-05
drop_total,primary_training,139,population,0.001686575935317989
drop_total,primary_training,139,station_density,-0.0019679960349083094
drop_total,primary_training,139,climate_zone=B,0.004422656998174724
drop_total,primary_training,139,climate_zone=C,-0.021028413919288582
drop_total,primary_training,139,climate_zone=D,-0.007950863405454343
drop_total,primary_training,139,climate_zone=E,-0.0977061455168364
drop_total,primary_training,139,hemisphere=S,-0.03152613711639891
drop_total,primary_training,139,spatial_block=Asia,-0.05633139957137803
drop_total,primary_training,139,spatial_block=Europe,-0.06828757338370442
drop_total,primary_training,139,spatial_block=North America,-0.09221583820506231
drop_total,primary_training,139,spatial_block=Oceania,-0.10644388555617791
drop_total,primary_training,139,spatial_block=South America,-0.06035693410365098
drop_total,primary_training,139,income_group=Low-income countries,0.002726220518584814
drop_total,primary_training,139,income_group=Lower-middle-income countries,-0.010561129044208176
drop_total,primary_training,139,income_group=Upper-middle-income countries,-0.016886074619443803
drop_total,primary_training,140,intercept,0.15761951470272118
drop_total,primary_training,140,cum_co2_per_capita,0.013738118986606361
drop_total,primary_training,140,abs_latitude,0.0013524326418503667
drop_total,primary_training,140,elevation,-1.298344519410586e-06
drop_total,primary_training,140,continentality,4.22769614725075e-05
drop_total,primary_training,140,population,0.0023623236191763386
drop_total,primary_training,140,station_density,-0.002022894298933566
drop_total,primary_training,140,climate_zone=B,0.003478905487526992
drop_total,primary_training,140,climate_zone=C,-0.028679174576811295
drop_total,primary_training,140,climate_zone=D,-0.014249642032746212
drop_total,primary_training,140,climate_zone=E,-0.10610294248666446
drop_total,primary_training,140,hemisphere=S,-0.02373547108843541
drop_total,primary_training,140,spatial_block=Asia,-0.05264814556349707
drop_total,primary_training,140,spatial_block=Europe,-0.06428523540664982
drop_total,primary_training,140,spatial_block=North America,-0.0905532811099901
drop_total,primary_training,140,spatial_block=Oceania,-0.06019799029268074
drop_total,primary_training,140,spatial_block=South America,-0.053718266494333894
drop_total,primary_training,140,income_group=Low-income countries,-0.0015959199438642135
drop_total,primary_training,140,income_group=Lower-middle-income countries,-0.012777841915784707
drop_total,primary_training,140,income_group=Upper-middle-income countries,-0.017373218407178093
drop_total,primary_training,141,intercept,0.15226522501845094
drop_total,primary_training,141,cum_co2_per_capita,0.01346603702999246
drop_total,primary_training,141,abs_latitude,0.0013134652314629744
drop_total,primary_training,141,elevation,-7.364687350230657e-07
drop_total,primary_training,141,continentality,4.1452418209847296e-05
drop_total,primary_training,141,population,0.003091938867802039
drop_total,primary_training,141,station_density,-0.0020278791165362223
drop_total,primary_training,141,climate_zone=B,0.005541920945573981
drop_total,primary_training,141,climate_zone=C,-0.028623791174498137
drop_total,primary_training,141,climate_zone=D,-0.013535491725793112
drop_total,primary_training,141,climate_zone=E,-0.10382982280655012
drop_total,primary_training,141,hemisphere=S,-0.023122608884913316
drop_total,primary_training,141,spatial_block=Asia,-0.0523531760789817
drop_total,primary_training,141,spatial_block=Europe,-0.06200701858707866
drop_total,primary_training,141,spatial_block=North America,-0.08937855407636551
drop_total,primary_training,141,spatial_block=Oceania,-0.05890395443847181
drop_total,primary_training,141,spatial_block=South America,-0.051173264234044995
drop_total,primary_training,141,income_group=Low-income countries,-0.0016177232628356172
drop_total,primary_training,141,income_group=Lower-middle-income countries,-0.012558571170046004
drop_total,primary_training,141,income_group=Upper-middle-income countries,-0.01658292429892914
drop_total,primary_training,142,intercept,0.15325086525117376
drop_total,primary_training,142,cum_co2_per_capita,0.012397069016842592
drop_total,primary_training,142,abs_latitude,0.0013586018903244546
drop_total,primary_training,142,elevation,-9.298479796397641e-07
drop_total,primary_training,142,continentality,4.141427716772862e-05
drop_total,primary_training,142,population,0.0032271973971030967
drop_total,primary_training,142,station_density,-0.0020331286754874138
drop_total,primary_training,142,climate_zone=B,0.005722937062548629
drop_total,primary_training,142,climate_zone=C,-0.02805630137142135
drop_total,primary_training,142,climate_zone=D,-0.013127813408120945
drop_total,primary_training,142,climate_zone=E,-0.10421325023383744
drop_total,primary_training,142,hemisphere=S,-0.02322362117232251
drop_total,primary_training,142,spatial_block=Asia,-0.05275236671540425
drop_total,primary_training,142,spatial_block=Europe,-0.06346381268859552
drop_total,primary_training,142,spatial_block=North America,-0.08960640102795829
drop_total,primary_training,142,spatial_block=Oceania,-0.05955901190241829
drop_total,primary_training,142,spatial_block=South America,-0.09917106205974602
drop_total,primary_training,142,income_group=Low-income countries,-0.00334237713600013
drop_total,primary_training,142,income_group=Lower-middle-income countries,-0.013888729813138543
drop_total,primary_training,142,income_group=Upper-middle-income countries,-0.017609468511056037
drop_total,primary_training,143,intercept,0.14530203971223785
drop_total,primary_training,143,cum_co2_per_capita,0.011345541015512063
drop_total,primary_training,143,abs_latitude,0.0012968289825984287
drop_total,primary_training,143,elevation,-1.996376132597168e-06
drop_total,primary_training,143,continentality,4.145736448460126e-05
drop_total,primary_training,143,population,0.004190947192733245
drop_total,primary_training,143,station_density,-0.001864404751111911
drop_total,primary_training,143,climate_zone=B,0.00909486602811689
drop_total,primary_training,143,climate_zone=C,-0.024851355286223502
drop_total,primary_training,143,climate_zone=D,-0.008653037803027182
drop_total,primary_training,143,climate_zone=E,-0.0970183445714079
drop_total,primary_training,143,hemisphere=S,-0.02061009999063522
drop_total,primary_training,143,spatial_block=Asia,-0.05198620328322817
drop_total,primary_training,143,spatial_block=Europe,-0.06107336531609034
drop_total,primary_training,143,spatial_block=North America,-0.08756108228118314
drop_total,primary_training,143,spatial_block=Oceania,-0.05961679586118827
drop_total,primary_training,143,spatial_block=South America,-0.039731262500226946
drop_total,primary_training,143,income_group=Low-income countries,-0.002165613712986959
drop_total,primary_training,143,income_group=Lower-middle-income countries,-0.013086301010223522
drop_total,primary_training,143,income_group=Upper-middle-income countries,-0.015718809210066468
drop_total,primary_training,144,intercept,0.1627762577284568
drop_total,primary_training,144,cum_co2_per_capita,0.01788199557530386
drop_total,primary_training,144,abs_latitude,0.0011457233998904944
drop_total,primary_training,144,elevation,2.200814052196505e-06
drop_total,primary_training,144,continentality,4.166603231196202e-05
drop_total,primary_training,144,population,0.001087012822868879
drop_total,primary_training,144,station_density,-0.0020593884575160534
drop_total,primary_training,144,climate_zone=B,0.0019186357054060705
drop_total,primary_training,144,climate_zone=C,-0.027736329282992418
drop_total,primary_training,144,climate_zone=D,-0.014364830824207609
drop_total,primary_training,144,climate_zone=E,-0.10422043120797717
drop_total,primary_training,144,hemisphere=S,-0.02790519154025497
drop_total,primary_training,144,spatial_block=Asia,-0.0520878747868365
drop_total,primary_training,144,spatial_block=Europe,-0.06221811307307998
drop_total,primary_training,144,spatial_block=North America,-0.08935268236369598
drop_total,primary_training,144,spatial_block=Oceania,-0.05682017501307916
drop_total,primary_training,144,spatial_block=South America,-0.0782266993024104
drop_total,primary_training,144,income_group=Low-income countries,0.0020515111323496965
drop_total,primary_training,144,income_group=Lower-middle-income countries,-0.010057048660219812
drop_total,primary_training,144,income_group=Upper-middle-income countries,-0.018457707116234373
drop_total,primary_training,145,intercept,0.16082409955689783
drop_total,primary_training,145,cum_co2_per_capita,0.016953992333508496
drop_total,primary_training,145,abs_latitude,0.0011924197020562715
drop_total,primary_training,145,elevation,9.573712329063822e-07
drop_total,primary_training,145,continentality,4.135092254706418e-05
drop_total,primary_training,145,population,0.0014070768892030844
drop_total,primary_training,145,station_density,-0.001965079294830482
drop_total,primary_training,145,climate_zone=B,0.002234240712997609
drop_total,primary_training,145,climate_zone=C,-0.027659558034868505
drop_total,primary_training,145,climate_zone=D,-0.013736756958450207
drop_total,primary_training,145,climate_zone=E,-0.1036159916029954
drop_total,primary_training,145,hemisphere=S,-0.02846247730435292
drop_total,primary_training,145,spatial_block=Asia,-0.052813757147133066
drop_total,primary_training,145,spatial_block=Europe,-0.06301047036876084
drop_total,primary_training,145,spatial_block=North America,-0.09129611201690739
drop_total,primary_training,145,spatial_block=Oceania,-0.05623604737311174
drop_total,primary_training,145,spatial_block=South America,-0.07456531022626185
drop_total,primary_training,145,income_group=Low-income countries,0.0027680475536188756
drop_total,primary_training,145,income_group=Lower-middle-income countries,-0.009418275025781308
drop_total,primary_training,145,income_group=Upper-middle-income countries,-0.016682122991861507
drop_total,primary_training,146,intercept,0.15761951470272118
drop_total,primary_training,146,cum_co2_per_capita,0.013738118986606361
drop_total,primary_training,146,abs_latitude,0.0013524326418503667
drop_total,primary_training,146,elevation,-1.298344519410586e-06
drop_total,primary_training,146,continentality,4.22769614725075e-05
drop_total,primary_training,146,population,0.0023623236191763386
drop_total,primary_training,146,station_density,-0.002022894298933566
drop_total,primary_training,146,climate_zone=B,0.003478905487526992
drop_total,primary_training,146,climate_zone=C,-0.028679174576811295
drop_total,primary_training,146,climate_zone=D,-0.014249642032746212
drop_total,primary_training,146,climate_zone=E,-0.10610294248666446
drop_total,primary_training,146,hemisphere=S,-0.02373547108843541
drop_total,primary_training,146,spatial_block=Asia,-0.05264814556349707
drop_total,primary_training,146,spatial_block=Europe,-0.06428523540664982
drop_total,primary_training,146,spatial_block=North America,-0.0905532811099901
drop_total,primary_training,146,spatial_block=Oceania,-0.06019799029268074
drop_total,primary_training,146,spatial_block=South America,-0.053718266494333894
drop_total,primary_training,146,income_group=Low-income countries,-0.0015959199438642135
drop_total,primary_training,146,income_group=Lower-middle-income countries,-0.012777841915784707
drop_total,primary_training,146,income_group=Upper-middle-income countries,-0.017373218407178093
drop_total,primary_training,147,intercept,0.16222504395956588
drop_total,primary_training,147,cum_co2_per_capita,0.01590808070221115
drop_total,primary_training,147,abs_latitude,0.0012208405484435418
drop_total,primary_training,147,elevation,1.276641658670702e-07
drop_total,primary_training,147,continentality,4.1151981281670374e-05
drop_total,primary_training,147,population,0.0015989814186507098
drop_total,primary_training,147,station_density,-0.001994174138049467
drop_total,primary_training,147,climate_zone=B,0.0024951148347301865
drop_total,primary_training,147,climate_zone=C,-0.027154697376576813
drop_total,primary_training,147,climate_zone=D,-0.013022186423111213
drop_total,primary_training,147,climate_zone=E,-0.10360177999484092
drop_total,primary_training,147,hemisphere=S,-0.02786851991230269
drop_total,primary_training,147,spatial_block=Asia,-0.052984052204211825
drop_total,primary_training,147,spatial_block=Europe,-0.06444233658033681
drop_total,primary_training,147,spatial_block=North America,-0.09181781860999758
drop_total,primary_training,147,spatial_block=Oceania,-0.0578202910118632
drop_total,primary_training,147,spatial_block=South America,-0.07321962280851116
drop_total,primary_training,147,income_group=Low-income countries,0.0006956692881272719
drop_total,primary_training,147,income_group=Lower-middle-income countries,-0.011383829209277432
drop_total,primary_training,147,income_group=Upper-middle-income countries,-0.017701342524265168
drop_total,primary_training,148,intercept,0.15525339735086527
drop_total,primary_training,148,cum_co2_per_capita,0.015416386555913444
drop_total,primary_training,148,abs_latitude,0.0011863890510855279
drop_total,primary_training,148,elevation,1.223100804813724e-06
drop_total,primary_training,148,continentality,4.03921201391705e-05
drop_total,primary_training,148,population,0.0025839999111721542
drop_total,primary_training,148,station_density,-0.0020315153806732926
drop_total,primary_training,148,climate_zone=B,0.003115747808517904
drop_total,primary_training,148,climate_zone=C,-0.027771865984129257
drop_total,primary_training,148,climate_zone=D,-0.013175534596437577
drop_total,primary_training,148,climate_zone=E,-0.10193497857902813
drop_total,primary_training,148,hemisphere=S,-0.02586492960821159
drop_total,primary_training,148,spatial_block=Asia,-0.05192876230772158
drop_total,primary_training,148,spatial_block=Europe,-0.061164866075198665
drop_total,primary_training,148,spatial_block=North America,-0.09010010192583166
drop_total,primary_training,148,spatial_block=Oceania,-0.057129723018331656
drop_total,primary_training,148,spatial_block=South America,-0.0752847133132304
drop_total,primary_training,148,income_group=Low-income countries,0.0001269182270593753
drop_total,primary_training,148,income_group=Lower-middle-income countries,-0.011328717409030136
drop_total,primary_training,148,income_group=Upper-middle-income countries,-0.017134218005276574
drop_total,primary_training,149,intercept,0.15417995179129731
drop_total,primary_training,149,cum_co2_per_capita,0.01577453564407236
drop_total,primary_training,149,abs_latitude,0.0012605217180345577
drop_total,primary_training,149,elevation,-2.250833595237929e-07
drop_total,primary_training,149,continentality,4.2447520783369054e-05
drop_total,primary_training,149,population,0.0023505659742096177
drop_total,primary_training,149,station_density,-0.001934836852224136
drop_total,primary_training,149,climate_zone=B,0.003342451752878384
drop_total,primary_training,149,climate_zone=C,-0.030394392428794405
drop_total,primary_training,149,climate_zone=D,-0.015515034711208324
drop_total,primary_training,149,climate_zone=E,-0.10505439851815214
drop_total,primary_training,149,hemisphere=S,-0.025547308945398375
drop_total,primary_training,149,spatial_block=Asia,-0.05276621345349245
drop_total,primary_training,149,spatial_block=Europe,-0.06136456566134163
drop_total,primary_training,149,spatial_block=North America,-0.09051747029620597
drop_total,primary_training,149,spatial_block=Oceania,-0.05655456956094818
drop_total,primary_training,149,spatial_block=South America,-0.06219209774630717
drop_total,primary_training,149,income_group=Low-income countries,0.0015752020745238655
drop_total,primary_training,149,income_group=Lower-middle-income countries,-0.009943608343411252
drop_total,primary_training,149,income_group=Upper-middle-income countries,-0.014881052851821452
drop_total,primary_training,150,intercept,0.15570601927860664
drop_total,primary_training,150,cum_co2_per_capita,0.015113345934163809
drop_total,primary_training,150,abs_latitude,0.001198746277032117
drop_total,primary_training,150,elevation,8.375427776910422e-07
drop_total,primary_training,150,continentality,4.048545376339064e-05
drop_total,primary_training,150,population,0.0024555680414652123
drop_total,primary_training,150,station_density,-0.0020535524474546434
drop_total,primary_training,150,climate_zone=B,0.0036901818843717783
drop_total,primary_training,150,climate_zone=C,-0.02713043355027265
drop_total,primary_training,150,climate_zone=D,-0.01258850253232613
drop_total,primary_training,150,climate_zone=E,-0.10184774090344094
drop_total,primary_training,150,hemisphere=S,-0.024477910530989494
drop_total,primary_training,150,spatial_block=Asia,-0.05139278966501909
drop_total,primary_training,150,spatial_block=Europe,-0.06095113000319232
drop_total,primary_training,150,spatial_block=North America,-0.08951810064386721
drop_total,primary_training,150,spatial_block=Oceania,-0.05822949478835013
drop_total,primary_training,150,spatial_block=South America,-0.07785285049536321
drop_total,primary_training,150,income_group=Low-income countries,0.00022842819233974553
drop_total,primary_training,150,income_group=Lower-middle-income countries,-0.011290671218526772
drop_total,primary_training,150,income_group=Upper-middle-income countries,-0.01729795811646636
drop_total,full_sample,-1,intercept,0.1508956242818053
drop_total,full_sample,-1,cum_co2_per_capita,0.01577237906570881
drop_total,full_sample,-1,abs_latitude,0.0010642452637554855
drop_total,full_sample,-1,elevation,-6.29682914168939e-07
drop_total,full_sample,-1,continentality,4.107686048068471e-05
drop_total,full_sample,-1,population,0.0029039339233404107
drop_total,full_sample,-1,station_density,-0.001696610277779933
drop_total,full_sample,-1,climate_zone=B,0.00547545714615677
drop_total,full_sample,-1,climate_zone=C,-0.02313590118341131
drop_total,full_sample,-1,climate_zone=D,-0.007129490690160194
drop_total,full_sample,-1,climate_zone=E,-0.09245680988584225
drop_total,full_sample,-1,hemisphere=S,-0.026278752495488687
drop_total,full_sample,-1,spatial_block=Asia,-0.05221873034883121
drop_total,full_sample,-1,spatial_block=Europe,-0.060765385824133065
drop_total,full_sample,-1,spatial_block=North America,-0.09000707685422311
drop_total,full_sample,-1,spatial_block=Oceania,-0.056274603821401904
drop_total,full_sample,-1,spatial_block=South America,-0.06223792297587291
drop_total,full_sample,-1,income_group=Low-income countries,0.0036192603777797363
drop_total,full_sample,-1,income_group=Lower-middle-income countries,-0.009361469618728793
drop_total,full_sample,-1,income_group=Upper-middle-income countries,-0.01452981908307029
drop_population,primary_training,0,intercept,0.16223114734255992
drop_population,primary_training,0,cum_co2_per_capita,0.017569740284071354
drop_population,primary_training,0,cum_co2_total,0.0010589808748793393
drop_population,primary_training,0,abs_latitude,0.0009470424505859357
drop_population,primary_training,0,elevation,-5.536808511957475e-07
drop_population,primary_training,0,continentality,4.443997080602742e-05
drop_population,primary_training,0,station_density,-0.0013839847511855172
drop_population,primary_training,0,climate_zone=B,0.004040220938925531
drop_population,primary_training,0,climate_zone=C,-0.028036843150848898
drop_population,primary_training,0,climate_zone=D,-0.00820093179025514
drop_population,primary_training,0,climate_zone=E,-0.09267062088617856
drop_population,primary_training,0,hemisphere=S,-0.021794331548593716
drop_population,primary_training,0,spatial_block=Asia,-0.04680897988580849
drop_population,primary_training,0,spatial_block=Europe,-0.055485023234807654
drop_population,primary_training,0,spatial_block=North America,-0.08543090210772908
drop_population,primary_training,0,spatial_block=Oceania,-0.05298965007492708
drop_population,primary_training,0,spatial_block=South America,-0.06059260481319159
drop_population,primary_training,0,income_group=Low-income countries,0.008165084887322743
drop_population,primary_training,0,income_group=Lower-middle-income countries,-0.009264831117934937
drop_population,primary_training,0,income_group=Upper-middle-income countries,-0.013834293135799383
drop_population,primary_training,1,intercept,0.1737943471008133
drop_population,primary_training,1,cum_co2_per_capita,0.015631849868193156
drop_population,primary_training,1,cum_co2_total,0.0007487117521511386
drop_population,primary_training,1,abs_latitude,0.0010737801127852717
drop_population,primary_training,1,elevation,3.55023959729459e-07
drop_population,primary_training,1,continentality,4.4310297820691544e-05
drop_population,primary_training,1,station_density,-0.0015339964897049996
drop_population,primary_training,1,climate_zone=B,0.006183642132047311
drop_population,primary_training,1,climate_zone=C,-0.02659524667660368
drop_population,primary_training,1,climate_zone=D,-0.01153893513535481
drop_population,primary_training,1,climate_zone=E,-0.09860403799239029
drop_population,primary_training,1,hemisphere=S,-0.0225076578399735
drop_population,primary_training,1,spatial_block=Asia,-0.05591358885043436
drop_population,primary_training,1,spatial_block=Europe,-0.06378870986693547
drop_population,primary_training,1,spatial_block=North America,-0.0942035204583411
drop_population,primary_training,1,spatial_block=Oceania,-0.06169353204493387
drop_population,primary_training,1,spatial_block=South America,-0.07047890486237296
drop_population,primary_training,1,income_group=Low-income countries,-0.002646598646380794
drop_population,primary_training,1,income_group=Lower-middle-income countries,-0.012490198647516429
drop_population,primary_training,1,income_group=Upper-middle-income countries,-0.013386114417555101
drop_population,primary_training,2,intercept,0.1629437867087339
drop_population,primary_training,2,cum_co2_per_capita,0.014603219289615194
drop_population,primary_training,2,cum_co2_total,0.002294055877102946
drop_population,primary_training,2,abs_latitude,0.0010523391357631238
drop_population,primary_training,2,elevation,-4.674432710062665e-07
drop_population,primary_training,2,continentality,4.0168892829192474e-05
drop_population,primary_training,2,station_density,-0.0017229138748172564
drop_population,primary_training,2,climate_zone=B,0.006445982075691807
drop_population,primary_training,2,climate_zone=C,-0.022005856884708606
drop_population,primary_training,2,climate_zone=D,-0.006518161332245156
drop_population,primary_training,2,climate_zone=E,-0.09225296260730412
drop_population,primary_training,2,hemisphere=S,-0.023787936288104026
drop_population,primary_training,2,spatial_block=Asia,-0.049153370783524115
drop_population,primary_training,2,spatial_block=Europe,-0.05801022929772375
drop_population,primary_training,2,spatial_block=North America,-0.08663603963650411
drop_population,primary_training,2,spatial_block=Oceania,-0.05595137365847948
drop_population,primary_training,2,spatial_block=South America,-0.06108504573365989
drop_population,primary_training,2,income_group=Low-income countries,0.00756052337540759
drop_population,primary_training,2,income_group=Lower-middle-income countries,-0.008393097563440697
drop_population,primary_training,2,income_group=Upper-middle-income countries,-0.013589010132520203
drop_population,primary_training,3,intercept,0.16878945804853837
drop_population,primary_training,3,cum_co2_per_capita,0.01724764619201245
drop_population,primary_training,3,cum_co2_total,-0.00025950518283882675
drop_population,primary_training,3,abs_latitude,0.0012470921830314385
drop_population,primary_training,3,elevation,1.1426531861101781e-06
drop_population,primary_training,3,continentality,4.062349286620956e-05
drop_population,primary_training,3,station_density,-0.0013671599961145215
drop_population,primary_training,3,climate_zone=B,0.007757285357169393
drop_population,primary_training,3,climate_zone=C,-0.025753808073364935
drop_population,primary_training,3,climate_zone=D,-0.011945634393093249
drop_population,primary_training,3,climate_zone=E,-0.1023436747747344
drop_population,primary_training,3,hemisphere=S,-0.013587895057816917
drop_population,primary_training,3,spatial_block=Asia,-0.05846286299153761
drop_population,primary_training,3,spatial_block=Europe,-0.06824234957816064
drop_population,primary_training,3,spatial_block=North America,-0.0945679873165047
drop_population,primary_training,3,spatial_block=Oceania,-0.0723011571885384
drop_population,primary_training,3,spatial_block=South America,-0.077209452524802
drop_population,primary_training,3,income_group=Low-income countries,0.0007305240090099789
drop_population,primary_training,3,income_group=Lower-middle-income countries,-0.008599285477297627
drop_population,primary_training,3,income_group=Upper-middle-income countries,-0.011733184064238818
drop_population,primary_training,4,intercept,0.15272779446709026
drop_population,primary_training,4,cum_co2_per_capita,0.016678424388314777
drop_population,primary_training,4,cum_co2_total,0.00248125376423724
drop_population,primary_training,4,abs_latitude,0.0010382968142416751
drop_population,primary_training,4,elevation,2.2180004654319698e-07
drop_population,primary_training,4,continentality,4.0788643958303975e-05
drop_population,primary_training,4,station_density,-0.001742163726496551
drop_population,primary_training,4,climate_zone=B,0.004762560456406672
drop_population,primary_training,4,climate_zone=C,-0.02203295993220693
drop_population,primary_training,4,climate_zone=D,-0.007447952381893358
drop_population,primary_training,4,climate_zone=E,-0.0919668511335531
drop_population,primary_training,4,hemisphere=S,-0.019435866715583575
drop_population,primary_training,4,spatial_block=Asia,-0.0437932451579335
drop_population,primary_training,4,spatial_block=Europe,-0.05315313078576771
drop_population,primary_training,4,spatial_block=North America,-0.08113653109102516
drop_population,primary_training,4,spatial_block=Oceania,-0.05485593480191475
drop_population,primary_training,4,spatial_block=South America,-0.05947854985046264
drop_population,primary_training,4,income_group=Low-income countries,0.012965293605452842
drop_population,primary_training,4,income_group=Lower-middle-income countries,-0.008078104201708848
drop_population,primary_training,4,income_group=Upper-middle-income countries,-0.01243193850727384
drop_population,primary_training,5,intercept,0.16174247824366914
drop_population,primary_training,5,cum_co2_per_capita,0.015517379591741869
drop_population,primary_training,5,cum_co2_total,0.001692821065856077
drop_population,primary_training,5,abs_latitude,0.0011307338271354125
drop_population,primary_training,5,elevation,-2.927806172017181e-06
drop_population,primary_training,5,continentality,3.911957674030603e-05
drop_population,primary_training,5,station_density,-0.0016193572185395125
drop_population,primary_training,5,climate_zone=B,0.00816765567563676
drop_population,primary_training,5,climate_zone=C,-0.019082339689131856
drop_population,primary_training,5,climate_zone=D,-0.0037952411946003254
drop_population,primary_training,5,climate_zone=E,-0.09130445306569193
drop_population,primary_training,5,hemisphere=S,-0.03320056739501263
drop_population,primary_training,5,spatial_block=Asia,-0.05173952242420285
drop_population,primary_training,5,spatial_block=Europe,-0.0634647873304899
drop_population,primary_training,5,spatial_block=North America,-0.08906426629503128
drop_population,primary_training,5,spatial_block=Oceania,-0.0507116495812401
drop_population,primary_training,5,spatial_block=South America,-0.055199415851605926
drop_population,primary_training,5,income_group=Low-income countries,0.010833357474171865
drop_population,primary_training,5,income_group=Lower-middle-income countries,-0.005816466329887281
drop_population,primary_training,5,income_group=Upper-middle-income countries,-0.012124085573862759
drop_population,primary_training,6,intercept,0.1795420053648981
drop_population,primary_training,6,cum_co2_per_capita,0.01694450291411881
drop_population,primary_training,6,cum_co2_total,0.0006071854821716003
drop_population,primary_training,6,abs_latitude,0.0008590042764202137
drop_population,primary_training,6,elevation,-2.246962781538437e-06
drop_population,primary_training,6,continentality,4.908224719439915e-05
drop_population,primary_training,6,station_density,-0.0016704557935865473
drop_population,primary_training,6,climate_zone=B,0.002030324626126084
drop_population,primary_training,6,climate_zone=C,-0.02291882246353076
drop_population,primary_training,6,climate_zone=D,-0.007540783608010581
drop_population,primary_training,6,climate_zone=E,-0.09168814275931798
drop_population,primary_training,6,hemisphere=S,-0.030651766155596057
drop_population,primary_training,6,spatial_block=Asia,-0.05694335290626072
drop_population,primary_training,6,spatial_block=Europe,-0.06554116030001532
drop_population,primary_training,6,spatial_block=North America,-0.09843435915321325
drop_population,primary_training,6,spatial_block=Oceania,-0.05904545835625016
drop_population,primary_training,6,spatial_block=South America,-0.06727459149245357
drop_population,primary_training,6,income_group=Low-income countries,0.000681924008462922
drop_population,primary_training,6,income_group=Lower-middle-income countries,-0.012015424580490664
drop_population,primary_training,6,income_group=Upper-middle-income countries,-0.014571346570935544
drop_population,primary_training,7,intercept,0.1787466430965743
drop_population,primary_training,7,cum_co2_per_capita,0.01767654452686061
drop_population,primary_training,7,cum_co2_total,0.0010726823111086973
drop_population,primary_training,7,abs_latitude,0.0007101041712078915
drop_population,primary_training,7,elevation,-3.0978311490756634e-06
drop_population,primary_training,7,continentality,5.3638110468669237e-05
drop_population,primary_training,7,station_density,-0.0016579313251754886
drop_population,primary_training,7,climate_zone=B,0.004787482336550206
drop_population,primary_training,7,climate_zone=C,-0.02018581979404397
drop_population,primary_training,7,climate_zone=D,-0.004112257893455852
drop_population,primary_training,7,climate_zone=E,-0.08490752138582508
drop_population,primary_training,7,hemisphere=S,-0.03282153478274047
drop_population,primary_training,7,spatial_block=Asia,-0.05833751082580754
drop_population,primary_training,7,spatial_block=Europe,-0.0649579261746405
drop_population,primary_training,7,spatial_block=North America,-0.09874206249947372
drop_population,primary_training,7,spatial_block=Oceania,-0.05740691694206175
drop_population,primary_training,7,spatial_block=South America,-0.0670512325417764
drop_population,primary_training,7,income_group=Low-income countries,0.004259104954319145
drop_population,primary_training,7,income_group=Lower-middle-income countries,-0.011600227171225757
drop_population,primary_training,7,income_group=Upper-middle-income countries,-0.014668522604766816
drop_population,primary_training,8,intercept,0.17018581666826169
drop_population,primary_training,8,cum_co2_per_capita,0.01287434652242308
drop_population,primary_training,8,cum_co2_total,0.004497154407330999
drop_population,primary_training,8,abs_latitude,0.0009824409728611434
drop_population,primary_training,8,elevation,-3.396754304893281e-06
drop_population,primary_training,8,continentality,4.828059540123222e-05
drop_population,primary_training,8,station_density,-0.0014889754970407259
drop_population,primary_training,8,climate_zone=B,0.012953533314942936
drop_population,primary_training,8,climate_zone=C,-0.02247486575425133
drop_population,primary_training,8,climate_zone=D,-0.0038230130346213758
drop_population,primary_training,8,climate_zone=E,-0.08519777299753847
drop_population,primary_training,8,hemisphere=S,-0.032937319133827705
drop_population,primary_training,8,spatial_block=Asia,-0.06304998778780671
drop_population,primary_training,8,spatial_block=Europe,-0.06807238224779978
drop_population,primary_training,8,spatial_block=North America,-0.09708281799241869
drop_population,primary_training,8,spatial_block=Oceania,-0.05631207532025165
drop_population,primary_training,8,spatial_block=South America,-0.06496331558763949
drop_population,primary_training,8,income_group=Low-income countries,0.006264894470852774
drop_population,primary_training,8,income_group=Lower-middle-income countries,-0.007001985797439952
drop_population,primary_training,8,income_group=Upper-middle-income countries,-0.014232376994222836
drop_population,primary_training,9,intercept,0.18077898028032113
drop_population,primary_training,9,cum_co2_per_capita,0.016321828611877733
drop_population,primary_training,9,cum_co2_total,0.0003072351319805472
drop_population,primary_training,9,abs_latitude,0.0009852493346988998
drop_population,primary_training,9,elevation,-9.78362890943314e-07
drop_population,primary_training,9,continentality,4.881739513222778e-05
drop_population,primary_training,9,station_density,-0.001517582024337502
drop_population,primary_training,9,climate_zone=B,8.714988963780361e-05
drop_population,primary_training,9,climate_zone=C,-0.027509729403971814
drop_population,primary_training,9,climate_zone=D,-0.012332131951681832
drop_population,primary_training,9,climate_zone=E,-0.09853026638430665
drop_population,primary_training,9,hemisphere=S,-0.033491227142647295
drop_population,primary_training,9,spatial_block=Asia,-0.0572721499997835
drop_population,primary_training,9,spatial_block=Europe,-0.06608624368619755
drop_population,primary_training,9,spatial_block=North America,-0.09863452395640947
drop_population,primary_training,9,spatial_block=Oceania,-0.054656478468142075
drop_population,primary_training,9,spatial_block=South America,-0.06524724062693324
drop_population,primary_training,9,income_group=Low-income countries,-0.0008400849203410625
drop_population,primary_training,9,income_group=Lower-middle-income countries,-0.014039552988173444
drop_population,primary_training,9,income_group=Upper-middle-income countries,-0.014996623065586051
drop_population,primary_training,10,intercept,0.16891318549152998
drop_population,primary_training,10,cum_co2_per_capita,0.01819362119506742
drop_population,primary_training,10,cum_co2_total,0.00015554596194968626
drop_population,primary_training,10,abs_latitude,0.0009571756902166057
drop_population,primary_training,10,elevation,-3.7924235328785486e-06
drop_population,primary_training,10,continentality,5.114580349764258e-05
drop_population,primary_training,10,station_density,-0.0014078234994416576
drop_population,primary_training,10,climate_zone=B,0.007170349906782498
drop_population,primary_training,10,climate_zone=C,-0.01952503287033799
drop_population,primary_training,10,climate_zone=D,-0.004363656637076026
drop_population,primary_training,10,climate_zone=E,-0.08952179608348712
drop_population,primary_training,10,hemisphere=S,-0.04065014396641475
drop_population,primary_training,10,spatial_block=Asia,-0.056025363272594775
drop_population,primary_training,10,spatial_block=Europe,-0.06567498388943734
drop_population,primary_training,10,spatial_block=North America,-0.09388230878246197
drop_population,primary_training,10,spatial_block=Oceania,-0.0460409508801108
drop_population,primary_training,10,spatial_block=South America,-0.05553316434515907
drop_population,primary_training,10,income_group=Low-income countries,0.012533360546376477
drop_population,primary_training,10,income_group=Lower-middle-income countries,-0.008986776978567326
drop_population,primary_training,10,income_group=Upper-middle-income countries,-0.013161522431826025
drop_population,primary_training,11,intercept,0.15487526845784663
drop_population,primary_training,11,cum_co2_per_capita,0.015940102501122978
drop_population,primary_training,11,cum_co2_total,0.0023900038571571147
drop_population,primary_training,11,abs_latitude,0.0010419112741446395
drop_population,primary_training,11,elevation,2.5749793164275055e-07
drop_population,primary_training,11,continentality,4.218087370323562e-05
drop_population,primary_training,11,station_density,-0.0016645376019077944
drop_population,primary_training,11,climate_zone=B,0.006151620480176131
drop_population,primary_training,11,climate_zone=C,-0.02204518979447276
drop_population,primary_training,11,climate_zone=D,-0.0072303660930025755
drop_population,primary_training,11,climate_zone=E,-0.09176845615975716
drop_population,primary_training,11,hemisphere=S,-0.020223658729703838
drop_population,primary_training,11,spatial_block=Asia,-0.04510202890406825
drop_population,primary_training,11,spatial_block=Europe,-0.0537307844088455
drop_population,primary_training,11,spatial_block=North America,-0.08181887176971579
drop_population,primary_training,11,spatial_block=Oceania,-0.05438648563681239
drop_population,primary_training,11,spatial_block=South America,-0.05986531694770489
drop_population,primary_training,11,income_group=Low-income countries,0.009333311418402374
drop_population,primary_training,11,income_group=Lower-middle-income countries,-0.008335032998562909
drop_population,primary_training,11,income_group=Upper-middle-income countries,-0.012863427647197938
drop_population,primary_training,12,intercept,0.173442875032139
drop_population,primary_training,12,cum_co2_per_capita,0.011691411162182239
drop_population,primary_training,12,cum_co2_total,0.0026294088128977783
drop_population,primary_training,12,abs_latitude,0.0011771890756449197
drop_population,primary_training,12,elevation,-8.268504221267051e-07
drop_population,primary_training,12,continentality,4.348143254928658e-05
drop_population,primary_training,12,station_density,-0.0016310482652005312
drop_population,primary_training,12,climate_zone=B,0.002135623192367809
drop_population,primary_training,12,climate_zone=C,-0.02558717642325041
drop_population,primary_training,12,climate_zone=D,-0.010063724962066447
drop_population,primary_training,12,climate_zone=E,-0.09734020433004902
drop_population,primary_training,12,hemisphere=S,-0.02658743506304072
drop_population,primary_training,12,spatial_block=Asia,-0.05512886834694656
drop_population,primary_training,12,spatial_block=Europe,-0.06486065677009373
drop_population,primary_training,12,spatial_block=North America,-0.09293680823229386
drop_population,primary_training,12,spatial_block=Oceania,-0.058136246228369944
drop_population,primary_training,12,spatial_block=South America,-0.06404204294872791
drop_population,primary_training,12,income_group=Low-income countries,-0.0037777025523158306
drop_population,primary_training,12,income_group=Lower-middle-income countries,-0.01247690834823845
drop_population,primary_training,12,income_group=Upper-middle-income countries,-0.01563821644542043
drop_population,primary_training,13,intercept,0.1558819441538737
drop_population,primary_training,13,cum_co2_per_capita,0.017650262997980275
drop_population,primary_training,13,cum_co2_total,0.004103376726829258
drop_population,primary_training,13,abs_latitude,0.001128165440182905
drop_population,primary_training,13,elevation,-2.3131379184499295e-06
drop_population,primary_training,13,continentality,3.480953703002129e-05
drop_population,primary_training,13,station_density,-0.0016715097134829178
drop_population,primary_training,13,climate_zone=B,0.017049365832431697
drop_population,primary_training,13,climate_zone=C,-0.020340558141118986
drop_population,primary_training,13,climate_zone=D,-0.0070012980648680775
drop_population,primary_training,13,climate_zone=E,-0.0921398000689543
drop_population,primary_training,13,hemisphere=S,-0.03031320484509346
drop_population,primary_training,13,spatial_block=Asia,-0.05483828050691562
drop_population,primary_training,13,spatial_block=Europe,-0.06704650229793489
drop_population,primary_training,13,spatial_block=North America,-0.09370464236873192
drop_population,primary_training,13,spatial_block=Oceania,-0.060275893841812
drop_population,primary_training,13,spatial_block=South America,-0.06327770692000582
drop_population,primary_training,13,income_group=Low-income countries,0.020882615068371215
drop_population,primary_training,13,income_group=Lower-middle-income countries,-0.0016747671148728451
drop_population,primary_training,13,income_group=Upper-middle-income countries,-0.012785078421540216
drop_population,primary_training,14,intercept,0.17698931845507898
drop_population,primary_training,14,cum_co2_per_capita,0.017153946778541852
drop_population,primary_training,14,cum_co2_total,0.000848570631852149
drop_population,primary_training,14,abs_latitude,0.0008848709818835572
drop_population,primary_training,14,elevation,-1.598609087407189e-06
drop_population,primary_training,14,continentality,4.58923522267371e-05
drop_population,primary_training,14,station_density,-0.0016779908364076323
drop_population,primary_training,14,climate_zone=B,0.002523020905316242
drop_population,primary_training,14,climate_zone=C,-0.023310103199411503
drop_population,primary_training,14,climate_zone=D,-0.007812703512262775
drop_population,primary_training,14,climate_zone=E,-0.09227116944478433
drop_population,primary_training,14,hemisphere=S,-0.02971694033719868
drop_population,primary_training,14,spatial_block=Asia,-0.05625783514277214
drop_population,primary_training,14,spatial_block=Europe,-0.06500146773385646
drop_population,primary_training,14,spatial_block=North America,-0.09750858264194102
drop_population,primary_training,14,spatial_block=Oceania,-0.05926489327074256
drop_population,primary_training,14,spatial_block=South America,-0.06710561788158098
drop_population,primary_training,14,income_group=Low-income countries,0.0007203375070600863
drop_population,primary_training,14,income_group=Lower-middle-income countries,-0.010864659979584941
drop_population,primary_training,14,income_group=Upper-middle-income countries,-0.014082003826936222
drop_population,primary_training,15,intercept,0.1701454866711927
drop_population,primary_training,15,cum_co2_per_capita,0.009877686973158127
drop_population,primary_training,15,cum_co2_total,0.005237648356400122
drop_population,primary_training,15,abs_latitude,0.0011496961908995975
drop_population,primary_training,15,elevation,-1.3244646394939872e-06
drop_population,primary_training,15,continentality,4.1506599800882964e-05
drop_population,primary_training,15,station_density,-0.0015870353209797457
drop_population,primary_training,15,climate_zone=B,0.010043650318350507
drop_population,primary_training,15,climate_zone=C,-0.02366643169996875
drop_population,primary_training,15,climate_zone=D,-0.0058403499589403446
drop_population,primary_training,15,climate_zone=E,-0.08972892771748013
drop_population,primary_training,15,hemisphere=S,-0.030016247726471008
drop_population,primary_training,15,spatial_block=Asia,-0.06080119088929605
drop_population,primary_training,15,spatial_block=Europe,-0.06793816533920546
drop_population,primary_training,15,spatial_block=North America,-0.09476222684284623
drop_population,primary_training,15,spatial_block=Oceania,-0.05737854851771797
drop_population,primary_training,15,spatial_block=South America,-0.06447554209076918
drop_population,primary_training,15,income_group=Low-income countries,0.00025719991898825393
drop_population,primary_training,15,income_group=Lower-middle-income countries,-0.009149827161674775
drop_population,primary_training,15,income_group=Upper-middle-income countries,-0.015097185813732646
drop_population,primary_training,16,intercept,0.1712537277687998
drop_population,primary_training,16,cum_co2_per_capita,0.01206861278242975
drop_population,primary_training,16,cum_co2_total,0.0024810758525087824
drop_population,primary_training,16,abs_latitude,0.0010846913365057946
drop_population,primary_training,16,elevation,-2.501152807890055e-06
drop_population,primary_training,16,continentality,4.534001436506394e-05
drop_population,primary_training,16,station_density,-0.0015629587826151278
drop_population,primary_training,16,climate_zone=B,0.007233679440266339
drop_population,primary_training,16,climate_zone=C,-0.02093938987444877
drop_population,primary_training,16,climate_zone=D,-0.004728740501401864
drop_population,primary_training,16,climate_zone=E,-0.09050386098175783
drop_population,primary_training,16,hemisphere=S,-0.029485996205863296
drop_population,primary_training,16,spatial_block=Asia,-0.0550015605504642
drop_population,primary_training,16,spatial_block=Europe,-0.06402092729525566
drop_population,primary_training,16,spatial_block=North America,-0.09139693277544961
drop_population,primary_training,16,spatial_block=Oceania,-0.054688881437989896
drop_population,primary_training,16,spatial_block=South America,-0.06100967460260627
drop_population,primary_training,16,income_group=Low-income countries,0.002291821013659795
drop_population,primary_training,16,income_group=Lower-middle-income countries,-0.011471780216133931
drop_population,primary_training,16,income_group=Upper-middle-income countries,-0.0148737225889143
drop_population,primary_training,17,intercept,0.17820465562861054
drop_population,primary_training,17,cum_co2_per_capita,0.016421017983856416
drop_population,primary_training,17,cum_co2_total,0.0005958912942878366
drop_population,primary_training,17,abs_latitude,0.0010001812571969085
drop_population,primary_training,17,elevation,-5.084999922065836e-07
drop_population,primary_training,17,continentality,4.6061335184609965e-05
drop_population,primary_training,17,station_density,-0.001534911435406593
drop_population,primary_training,17,climate_zone=B,0.000854377687302414
drop_population,primary_training,17,climate_zone=C,-0.027610678832933132
drop_population,primary_training,17,climate_zone=D,-0.012238523100620784
drop_population,primary_training,17,climate_zone=E,-0.09853366501304452
drop_population,primary_training,17,hemisphere=S,-0.03215871345439981
drop_population,primary_training,17,spatial_block=Asia,-0.056405728707652515
drop_population,primary_training,17,spatial_block=Europe,-0.0652096387218091
drop_population,primary_training,17,spatial_block=North America,-0.09745588196258834
drop_population,primary_training,17,spatial_block=Oceania,-0.05505450888446257
drop_population,primary_training,17,spatial_block=South America,-0.06515581840056887
drop_population,primary_training,17,income_group=Low-income countries,-0.000537608483539517
drop_population,primary_training,17,income_group=Lower-middle-income countries,-0.013013519689008999
drop_population,primary_training,17,income_group=Upper-middle-income countries,-0.014547337590835336
drop_population,primary_training,18,intercept,0.1637251102909685
drop_population,primary_training,18,cum_co2_per_capita,0.013672852525523596
drop_population,primary_training,18,cum_co2_total,0.0024503506266279344
drop_population,primary_training,18,abs_latitude,0.001057223927051152
drop_population,primary_training,18,elevation,-5.221721828961466e-07
drop_population,primary_training,18,continentality,4.055763283496697e-05
drop_population,primary_training,18,station_density,-0.0017189964808227366
drop_population,primary_training,18,climate_zone=B,0.007129386503476518
drop_population,primary_training,18,climate_zone=C,-0.021783243257664717
drop_population,primary_training,18,climate_zone=D,-0.006198601278648334
drop_population,primary_training,18,climate_zone=E,-0.09184564584646883
drop_population,primary_training,18,hemisphere=S,-0.023384852947280054
drop_population,primary_training,18,spatial_block=Asia,-0.048830074315440966
drop_population,primary_training,18,spatial_block=Europe,-0.05744032022247897
drop_population,primary_training,18,spatial_block=North America,-0.08609738915703757
drop_population,primary_training,18,spatial_block=Oceania,-0.05565526283205742
drop_population,primary_training,18,spatial_block=South America,-0.06101891749635901
drop_population,primary_training,18,income_group=Low-income countries,0.0055186544588721265
drop_population,primary_training,18,income_group=Lower-middle-income countries,-0.009107244831494022
drop_population,primary_training,18,income_group=Upper-middle-income countries,-0.013780068950123039
drop_population,primary_training,19,intercept,0.1518483992335293
drop_population,primary_training,19,cum_co2_per_capita,0.015378041940808163
drop_population,primary_training,19,cum_co2_total,0.0039030246826744757
drop_population,primary_training,19,abs_latitude,0.0010119730917752803
drop_population,primary_training,19,elevation,1.450945962654275e-06
drop_population,primary_training,19,continentality,4.379671079484643e-05
drop_population,primary_training,19,station_density,-0.00173086880713044
drop_population,primary_training,19,climate_zone=B,0.0032726089611861612
drop_population,primary_training,19,climate_zone=C,-0.02388594474471974
drop_population,primary_training,19,climate_zone=D,-0.009280525417669367
drop_population,primary_training,19,climate_zone=E,-0.09105525777811913
drop_population,primary_training,19,hemisphere=S,-0.018823207960778382
drop_population,primary_training,19,spatial_block=Asia,-0.043629572184455186
drop_population,primary_training,19,spatial_block=Europe,-0.051547481789473326
drop_population,primary_training,19,spatial_block=North America,-0.08065864683627179
drop_population,primary_training,19,spatial_block=Oceania,-0.05382631823160623
drop_population,primary_training,19,spatial_block=South America,-0.060481853136199235
drop_population,primary_training,19,income_group=Low-income countries,0.006164269620742911
drop_population,primary_training,19,income_group=Lower-middle-income countries,-0.009302703640094894
drop_population,primary_training,19,income_group=Upper-middle-income countries,-0.013238147388853063
drop_population,primary_training,20,intercept,0.15281805640854637
drop_population,primary_training,20,cum_co2_per_capita,0.016313293450979198
drop_population,primary_training,20,cum_co2_total,0.0038355277845200392
drop_population,primary_training,20,abs_latitude,0.001009488487591969
drop_population,primary_training,20,elevation,1.5199623820010442e-06
drop_population,primary_training,20,continentality,4.308685810122019e-05
drop_population,primary_training,20,station_density,-0.0017495948277894526
drop_population,primary_training,20,climate_zone=B,0.0016985253622098075
drop_population,primary_training,20,climate_zone=C,-0.024716774070926952
drop_population,primary_training,20,climate_zone=D,-0.010116060796966381
drop_population,primary_training,20,climate_zone=E,-0.09204532159160357
drop_population,primary_training,20,hemisphere=S,-0.02043271283879465
drop_population,primary_training,20,spatial_block=Asia,-0.045340416447859654
drop_population,primary_training,20,spatial_block=Europe,-0.05361954090359923
drop_population,primary_training,20,spatial_block=North America,-0.0829690273949109
drop_population,primary_training,20,spatial_block=Oceania,-0.054664232635351515
drop_population,primary_training,20,spatial_block=South America,-0.06111877587846254
drop_population,primary_training,20,income_group=Low-income countries,0.007937413320831725
drop_population,primary_training,20,income_group=Lower-middle-income countries,-0.008392265332540288
drop_population,primary_training,20,income_group=Upper-middle-income countries,-0.013274993986014248
drop_population,primary_training,21,intercept,0.15999714735101622
drop_population,primary_training,21,cum_co2_per_capita,0.015972510412426304
drop_population,primary_training,21,cum_co2_total,0.0020124603696615563
drop_population,primary_training,21,abs_latitude,0.001007270869065864
drop_population,primary_training,21,elevation,-4.020642098101063e-06
drop_population,primary_training,21,continentality,4.181719950585975e-05
drop_population,primary_training,21,station_density,-0.0016036890624665217
drop_population,primary_training,21,climate_zone=B,0.012015751282589783
drop_population,primary_training,21,climate_zone=C,-0.01584972371718253
drop_population,primary_training,21,climate_zone=D,0.0003012369318824116
drop_population,primary_training,21,climate_zone=E,-0.08469911136016574
drop_population,primary_training,21,hemisphere=S,-0.03376415936579153
drop_population,primary_training,21,spatial_block=Asia,-0.052110712387170674
drop_population,primary_training,21,spatial_block=Europe,-0.06218699914396938
drop_population,primary_training,21,spatial_block=North America,-0.08818656555461492
drop_population,primary_training,21,spatial_block=Oceania,-0.04981840660375374
drop_population,primary_training,21,spatial_block=South America,-0.054715478509216715
drop_population,primary_training,21,income_group=Low-income countries,0.014144930241751891
drop_population,primary_training,21,income_group=Lower-middle-income countries,-0.0048915671737228845
drop_population,primary_training,21,income_group=Upper-middle-income countries,-0.011901620454831799
drop_population,primary_training,22,intercept,0.17128636433343594
drop_population,primary_training,22,cum_co2_per_capita,0.014234233815331666
drop_population,primary_training,22,cum_co2_total,0.0010818407053491852
drop_population,primary_training,22,abs_latitude,0.0012203024571800227
drop_population,primary_training,22,elevation,-5.149917779785516e-07
drop_population,primary_training,22,continentality,3.9756819431330065e-05
drop_population,primary_training,22,station_density,-0.0014898427114419077
drop_population,primary_training,22,climate_zone=B,0.007463364631862375
drop_population,primary_training,22,climate_zone=C,-0.024998355334014934
drop_population,primary_training,22,climate_zone=D,-0.010028050703812231
drop_population,primary_training,22,climate_zone=E,-0.0992171671721128
drop_population,primary_training,22,hemisphere=S,-0.01677429289808248
drop_population,primary_training,22,spatial_block=Asia,-0.0566444552500065
drop_population,primary_training,22,spatial_block=Europe,-0.0667427929973845
drop_population,primary_training,22,spatial_block=North America,-0.09386998762476002
drop_population,primary_training,22,spatial_block=Oceania,-0.06842644550514274
drop_population,primary_training,22,spatial_block=South America,-0.07333042081527963
drop_population,primary_training,22,income_group=Low-income countries,0.00016010995304653443
drop_population,primary_training,22,income_group=Lower-middle-income countries,-0.010906260128802945
drop_population,primary_training,22,income_group=Upper-middle-income countries,-0.012185690028076505
drop_population,primary_training,23,intercept,0.1576202294947948
drop_population,primary_training,23,cum_co2_per_capita,0.015085700378221323
drop_population,primary_training,23,cum_co2_total,0.002445204468244623
drop_population,primary_training,23,abs_latitude,0.0010520172051653785
drop_population,primary_training,23,elevation,2.230740145978949e-07
drop_population,primary_training,23,continentality,4.235445401876001e-05
drop_population,primary_training,23,station_density,-0.0016583525291866768
drop_population,primary_training,23,climate_zone=B,0.0059670303073575985
drop_population,primary_training,23,climate_zone=C,-0.022401894013691814
drop_population,primary_training,23,climate_zone=D,-0.007456203780182259
drop_population,primary_training,23,climate_zone=E,-0.09221632671166378
drop_population,primary_training,23,hemisphere=S,-0.020952042683711525
drop_population,primary_training,23,spatial_block=Asia,-0.046025654942317626
drop_population,primary_training,23,spatial_block=Europe,-0.05457907597674489
drop_population,primary_training,23,spatial_block=North America,-0.08293863302817449
drop_population,primary_training,23,spatial_block=Oceania,-0.05454695143414955
drop_population,primary_training,23,spatial_block=South America,-0.06030014896887171
drop_population,primary_training,23,income_group=Low-income countries,0.006872180975822612
drop_population,primary_training,23,income_group=Lower-middle-income countries,-0.008948235446414217
drop_population,primary_training,23,income_group=Upper-middle-income countries,-0.013293222629584921
drop_population,primary_training,24,intercept,0.16539303403441505
drop_population,primary_training,24,cum_co2_per_capita,0.012413118581856933
drop_population,primary_training,24,cum_co2_total,0.005088646605250211
drop_population,primary_training,24,abs_latitude,0.0010743391010529192
drop_population,primary_training,24,elevation,-2.6873383375738696e-06
drop_population,primary_training,24,continentality,4.260501827198029e-05
drop_population,primary_training,24,station_density,-0.0015937170936664413
drop_population,primary_training,24,climate_zone=B,0.014173018263375388
drop_population,primary_training,24,climate_zone=C,-0.022650411036983422
drop_population,primary_training,24,climate_zone=D,-0.005007887062027151
drop_population,primary_training,24,climate_zone=E,-0.08777807327010395
drop_population,primary_training,24,hemisphere=S,-0.03068811242892607
drop_population,primary_training,24,spatial_block=Asia,-0.06117719524540516
drop_population,primary_training,24,spatial_block=Europe,-0.06639362438284194
drop_population,primary_training,24,spatial_block=North America,-0.09464810158437852
drop_population,primary_training,24,spatial_block=Oceania,-0.05698459569750125
drop_population,primary_training,24,spatial_block=South America,-0.06428140804826146
drop_population,primary_training,24,income_group=Low-income countries,0.007163672782858258
drop_population,primary_training,24,income_group=Lower-middle-income countries,-0.00597549645178696
drop_population,primary_training,24,income_group=Upper-middle-income countries,-0.01325750718242696
drop_population,primary_training,25,intercept,0.16764335689858803
drop_population,primary_training,25,cum_co2_per_capita,0.0127449966081545
drop_population,primary_training,25,cum_co2_total,0.0030822504260809703
drop_population,primary_training,25,abs_latitude,0.0011017330319097601
drop_population,primary_training,25,elevation,-7.918598703628906e-07
drop_population,primary_training,25,continentality,4.008163710432782e-05
drop_population,primary_training,25,station_density,-0.0017162569786266985
drop_population,primary_training,25,climate_zone=B,0.004794426753738855
drop_population,primary_training,25,climate_zone=C,-0.02390533326527886
drop_population,primary_training,25,climate_zone=D,-0.007847010835275356
drop_population,primary_training,25,climate_zone=E,-0.09369753644296541
drop_population,primary_training,25,hemisphere=S,-0.025073293088371303
drop_population,primary_training,25,spatial_block=Asia,-0.05222438777591354
drop_population,primary_training,25,spatial_block=Europe,-0.06123644923931041
drop_population,primary_training,25,spatial_block=North America,-0.09009676286766262
drop_population,primary_training,25,spatial_block=Oceania,-0.05763115469292528
drop_population,primary_training,25,spatial_block=South America,-0.06275082106115432
drop_population,primary_training,25,income_group=Low-income countries,0.004951867437016063
drop_population,primary_training,25,income_group=Lower-middle-income countries,-0.0091881300185337
drop_population,primary_training,25,income_group=Upper-middle-income countries,-0.014374956107878263
drop_population,primary_training,26,intercept,0.16193789144258175
drop_population,primary_training,26,cum_co2_per_capita,0.01636315355212292
drop_population,primary_training,26,cum_co2_total,0.002175410396697015
drop_population,primary_training,26,abs_latitude,0.0010214438029799379
drop_population,primary_training,26,elevation,-1.0785785621932295e-06
drop_population,primary_training,26,continentality,4.1874134161329655e-05
drop_population,primary_training,26,station_density,-0.0016815046162065204
drop_population,primary_training,26,climate_zone=B,0.005638934840178449
drop_population,primary_training,26,climate_zone=C,-0.020680132253804256
drop_population,primary_training,26,climate_zone=D,-0.005461618368205486
drop_population,primary_training,26,climate_zone=E,-0.09039167691145247
drop_population,primary_training,26,hemisphere=S,-0.025721060798373104
drop_population,primary_training,26,spatial_block=Asia,-0.051820924061470854
drop_population,primary_training,26,spatial_block=Europe,-0.061233470740958584
drop_population,primary_training,26,spatial_block=North America,-0.08925676613916082
drop_population,primary_training,26,spatial_block=Oceania,-0.05752182049800309
drop_population,primary_training,26,spatial_block=South America,-0.06193101258964607
drop_population,primary_training,26,income_group=Low-income countries,0.010244419344267564
drop_population,primary_training,26,income_group=Lower-middle-income countries,-0.005970021958871577
drop_population,primary_training,26,income_group=Upper-middle-income countries,-0.013308125513819248
drop_population,primary_training,27,intercept,0.13517478068695515
drop_population,primary_training,27,cum_co2_per_capita,0.02166108788695891
drop_population,primary_training,27,cum_co2_total,0.001227497822074168
drop_population,primary_training,27,abs_latitude,0.000779997134318722
drop_population,primary_training,27,elevation,1.7474297187659196e-06
drop_population,primary_training,27,continentality,4.710299628824139e-05
drop_population,primary_training,27,station_density,-0.0015112333828901214
drop_population,primary_training,27,climate_zone=B,0.006260442169997787
drop_population,primary_training,27,climate_zone=C,-0.02556839017929365
drop_population,primary_training,27,climate_zone=D,-0.009289213776084035
drop_population,primary_training,27,climate_zone=E,-0.09043688712437925
drop_population,primary_training,27,hemisphere=S,-0.007506466262592781
drop_population,primary_training,27,spatial_block=Asia,-0.0278294144709846
drop_population,primary_training,27,spatial_block=Europe,-0.0314453263126186
drop_population,primary_training,27,spatial_block=North America,-0.06443839426919837
drop_population,primary_training,27,spatial_block=Oceania,-0.04709575233000636
drop_population,primary_training,27,spatial_block=South America,-0.053397532174183894
drop_population,primary_training,27,income_group=Low-income countries,0.01589809645294288
drop_population,primary_training,27,income_group=Lower-middle-income countries,-0.007757303006648561
drop_population,primary_training,27,income_group=Upper-middle-income countries,-0.012915330630684806
drop_population,primary_training,28,intercept,0.14787310444055451
drop_population,primary_training,28,cum_co2_per_capita,0.020246124845684957
drop_population,primary_training,28,cum_co2_total,0.001830481605874142
drop_population,primary_training,28,abs_latitude,0.0008464756315917094
drop_population,primary_training,28,elevation,1.4023701006334992e-06
drop_population,primary_training,28,continentality,4.520779798088253e-05
drop_population,primary_training,28,station_density,-0.0014297919403725972
drop_population,primary_training,28,climate_zone=B,0.00239608008127479
drop_population,primary_training,28,climate_zone=C,-0.028340197601567366
drop_population,primary_training,28,climate_zone=D,-0.010050521591635409
drop_population,primary_training,28,climate_zone=E,-0.09171794778441113
drop_population,primary_training,28,hemisphere=S,-0.01628815133285261
drop_population,primary_training,28,spatial_block=Asia,-0.03869355827910774
drop_population,primary_training,28,spatial_block=Europe,-0.04456062885750345
drop_population,primary_training,28,spatial_block=North America,-0.07661992031476919
drop_population,primary_training,28,spatial_block=Oceania,-0.050030204653132467
drop_population,primary_training,28,spatial_block=South America,-0.05715745980302913
drop_population,primary_training,28,income_group=Low-income countries,0.013924259742099342
drop_population,primary_training,28,income_group=Lower-middle-income countries,-0.007004654219819856
drop_population,primary_training,28,income_group=Upper-middle-income countries,-0.013931602298224951
drop_population,primary_training,29,intercept,0.15838171945980553
drop_population,primary_training,29,cum_co2_per_capita,0.017486411233717334
drop_population,primary_training,29,cum_co2_total,0.0015929645862840318
drop_population,primary_training,29,abs_latitude,0.0009165558953559192
drop_population,primary_training,29,elevation,-3.734484067475224e-09
drop_population,primary_training,29,continentality,4.3388336019469104e-05
drop_population,primary_training,29,station_density,-0.0014008163289967136
drop_population,primary_training,29,climate_zone=B,0.00408028385064345
drop_population,primary_training,29,climate_zone=C,-0.02786020377644405
drop_population,primary_training,29,climate_zone=D,-0.007499151213228572
drop_population,primary_training,29,climate_zone=E,-0.09112986606786184
drop_population,primary_training,29,hemisphere=S,-0.020433739901769013
drop_population,primary_training,29,spatial_block=Asia,-0.044375297116019556
drop_population,primary_training,29,spatial_block=Europe,-0.05211694555865766
drop_population,primary_training,29,spatial_block=North America,-0.08242814393107635
drop_population,primary_training,29,spatial_block=Oceania,-0.05180073941204079
drop_population,primary_training,29,spatial_block=South America,-0.058567448287939666
drop_population,primary_training,29,income_group=Low-income countries,0.010044653362754131
drop_population,primary_training,29,income_group=Lower-middle-income countries,-0.00742820722655665
drop_population,primary_training,29,income_group=Upper-middle-income countries,-0.01447022915332427
drop_population,primary_training,30,intercept,0.16428541564248614
drop_population,primary_training,30,cum_co2_per_capita,0.018299267373639138
drop_population,primary_training,30,cum_co2_total,0.0003268871154493155
drop_population,primary_training,30,abs_latitude,0.0011594781220082043
drop_population,primary_training,30,elevation,-1.0908675342303224e-06
drop_population,primary_training,30,continentality,4.1464702473254264e-05
drop_population,primary_training,30,station_density,-0.0015096417188080432
drop_population,primary_training,30,climate_zone=B,0.007311239635464727
drop_population,primary_training,30,climate_zone=C,-0.02157043283629628
drop_population,primary_training,30,climate_zone=D,-0.00776863271624675
drop_population,primary_training,30,climate_zone=E,-0.09612200889520607
drop_population,primary_training,30,hemisphere=S,-0.012457646814513975
drop_population,primary_training,30,spatial_block=Asia,-0.056833893096829374
drop_population,primary_training,30,spatial_block=Europe,-0.067933891250465
drop_population,primary_training,30,spatial_block=North America,-0.09362985662825216
drop_population,primary_training,30,spatial_block=Oceania,-0.07442397772899446
drop_population,primary_training,30,spatial_block=South America,-0.07636620970508383
drop_population,primary_training,30,income_group=Low-income countries,0.007281342035386965
drop_population,primary_training,30,income_group=Lower-middle-income countries,-0.006777032892373904
drop_population,primary_training,30,income_group=Upper-middle-income countries,-0.01078455120836041
drop_population,primary_training,31,intercept,0.171242008457533
drop_population,primary_training,31,cum_co2_per_capita,0.014384446870192602
drop_population,primary_training,31,cum_co2_total,0.0014948867551114729
drop_population,primary_training,31,abs_latitude,0.0011594703630521518
drop_population,primary_training,31,elevation,1.43669211821425e-06
drop_population,primary_training,31,continentality,4.2892535901861714e-05
drop_population,primary_training,31,station_density,-0.001468024732720306
drop_population,primary_training,31,climate_zone=B,0.0064291153345814615
drop_population,primary_training,31,climate_zone=C,-0.026355343703110257
drop_population,primary_training,31,climate_zone=D,-0.01184509727778165
drop_population,primary_training,31,climate_zone=E,-0.09888414277037696
drop_population,primary_training,31,hemisphere=S,-0.021641655596843494
drop_population,primary_training,31,spatial_block=Asia,-0.05649134315148413
drop_population,primary_training,31,spatial_block=Europe,-0.06492993528704853
drop_population,primary_training,31,spatial_block=North America,-0.09341372604474042
drop_population,primary_training,31,spatial_block=Oceania,-0.061921254235794865
drop_population,primary_training,31,spatial_block=South America,-0.07097555107221573
drop_population,primary_training,31,income_group=Low-income countries,-0.0022395978180553794
drop_population,primary_training,31,income_group=Lower-middle-income countries,-0.012498152199798045
drop_population,primary_training,31,income_group=Upper-middle-income countries,-0.013047013301100972
drop_population,primary_training,32,intercept,0.16718238767699342
drop_population,primary_training,32,cum_co2_per_capita,0.015319738030329603
drop_population,primary_training,32,cum_co2_total,0.002139340028489463
drop_population,primary_training,32,abs_latitude,0.0010396960129137654
drop_population,primary_training,32,elevation,-9.55968967848141e-07
drop_population,primary_training,32,continentality,4.261800730112734e-05
drop_population,primary_training,32,station_density,-0.0016022319312039809
drop_population,primary_training,32,climate_zone=B,0.006218827692670654
drop_population,primary_training,32,climate_zone=C,-0.024733786095221363
drop_population,primary_training,32,climate_zone=D,-0.008364690722096824
drop_population,primary_training,32,climate_zone=E,-0.09391812802709767
drop_population,primary_training,32,hemisphere=S,-0.026832699185882845
drop_population,primary_training,32,spatial_block=Asia,-0.05356972085188754
drop_population,primary_training,32,spatial_block=Europe,-0.061418609298152856
drop_population,primary_training,32,spatial_block=North America,-0.091198541065521
drop_population,primary_training,32,spatial_block=Oceania,-0.05627746503224386
drop_population,primary_training,32,spatial_block=South America,-0.06295406731178262
drop_population,primary_training,32,income_group=Low-income countries,0.005607433378492769
drop_population,primary_training,32,income_group=Lower-middle-income countries,-0.00838364302783323
drop_population,primary_training,32,income_group=Upper-middle-income countries,-0.013977959862204927
drop_population,primary_training,33,intercept,0.178711531555892
drop_population,primary_training,33,cum_co2_per_capita,0.017286595192820896
drop_population,primary_training,33,cum_co2_total,0.0004383216994614376
drop_population,primary_training,33,abs_latitude,0.0008800884365829557
drop_population,primary_training,33,elevation,-1.98654308143048e-06
drop_population,primary_training,33,continentality,4.807738713606997e-05
drop_population,primary_training,33,station_density,-0.0016702054968655196
drop_population,primary_training,33,climate_zone=B,0.0018807320989841193
drop_population,primary_training,33,climate_zone=C,-0.022711612900135188
drop_population,primary_training,33,climate_zone=D,-0.007656573431258227
drop_population,primary_training,33,climate_zone=E,-0.09229758943531072
drop_population,primary_training,33,hemisphere=S,-0.03174697217822028
drop_population,primary_training,33,spatial_block=Asia,-0.05685478281009036
drop_population,primary_training,33,spatial_block=Europe,-0.06597208912464612
drop_population,primary_training,33,spatial_block=North America,-0.09828181526972732
drop_population,primary_training,33,spatial_block=Oceania,-0.05802769398402887
drop_population,primary_training,33,spatial_block=South America,-0.06637033410046135
drop_population,primary_training,33,income_group=Low-income countries,0.002642100264876737
drop_population,primary_training,33,income_group=Lower-middle-income countries,-0.011834451144121863
drop_population,primary_training,33,income_group=Upper-middle-income countries,-0.014289876534187736
drop_population,primary_training,34,intercept,0.16176096736188597
drop_population,primary_training,34,cum_co2_per_capita,0.015577079670426075
drop_population,primary_training,34,cum_co2_total,0.0016672591131676343
drop_population,primary_training,34,abs_latitude,0.0011222702155945423
drop_population,primary_training,34,elevation,-2.960612111285124e-06
drop_population,primary_training,34,continentality,3.941677246985335e-05
drop_population,primary_training,34,station_density,-0.0016207579433453652
drop_population,primary_training,34,climate_zone=B,0.00823511594544254
drop_population,primary_training,34,climate_zone=C,-0.018851899316960134
drop_population,primary_training,34,climate_zone=D,-0.0035891080656608736
drop_population,primary_training,34,climate_zone=E,-0.09096565203472975
drop_population,primary_training,34,hemisphere=S,-0.0330443936406384
drop_population,primary_training,34,spatial_block=Asia,-0.05172931356162314
drop_population,primary_training,34,spatial_block=Europe,-0.06339131850443554
drop_population,primary_training,34,spatial_block=North America,-0.08904090363395667
drop_population,primary_training,34,spatial_block=Oceania,-0.050891101227396776
drop_population,primary_training,34,spatial_block=South America,-0.055341778266979696
drop_population,primary_training,34,income_group=Low-income countries,0.010778583818929507
drop_population,primary_training,34,income_group=Lower-middle-income countries,-0.005773425528030096
drop_population,primary_training,34,income_group=Upper-middle-income countries,-0.012148728641425079
drop_population,primary_training,35,intercept,0.1521449147973345
drop_population,primary_training,35,cum_co2_per_capita,0.01531930253542072
drop_population,primary_training,35,cum_co2_total,0.003893401167885091
drop_population,primary_training,35,abs_latitude,0.0010162893600420674
drop_population,primary_training,35,elevation,1.4266698437436892e-06
drop_population,primary_training,35,continentality,4.38722093227019e-05
drop_population,primary_training,35,station_density,-0.0017321528728512924
drop_population,primary_training,35,climate_zone=B,0.003101043509450891
drop_population,primary_training,35,climate_zone=C,-0.023953141483785693
drop_population,primary_training,35,climate_zone=D,-0.009381876677333964
drop_population,primary_training,35,climate_zone=E,-0.09123845024289083
drop_population,primary_training,35,hemisphere=S,-0.019009586466405624
drop_population,primary_training,35,spatial_block=Asia,-0.04377446904157535
drop_population,primary_training,35,spatial_block=Europe,-0.05176983096874594
drop_population,primary_training,35,spatial_block=North America,-0.08084635524496213
drop_population,primary_training,35,spatial_block=Oceania,-0.053819100340630456
drop_population,primary_training,35,spatial_block=South America,-0.060481002104776437
drop_population,primary_training,35,income_group=Low-income countries,0.006276846797672448
drop_population,primary_training,35,income_group=Lower-middle-income countries,-0.009406481438705207
drop_population,primary_training,35,income_group=Upper-middle-income countries,-0.013278803042582504
drop_population,primary_training,36,intercept,0.15768420240663772
drop_population,primary_training,36,cum_co2_per_capita,0.01368615462995761
drop_population,primary_training,36,cum_co2_total,0.003615301866045312
drop_population,primary_training,36,abs_latitude,0.0010038672384007933
drop_population,primary_training,36,elevation,3.7048364534373265e-07
drop_population,primary_training,36,continentality,4.341959866222113e-05
drop_population,primary_training,36,station_density,-0.0016995981226250983
drop_population,primary_training,36,climate_zone=B,0.007294240041824583
drop_population,primary_training,36,climate_zone=C,-0.0221381227295722
drop_population,primary_training,36,climate_zone=D,-0.006581803239740546
drop_population,primary_training,36,climate_zone=E,-0.08917758249911371
drop_population,primary_training,36,hemisphere=S,-0.02076207929915444
drop_population,primary_training,36,spatial_block=Asia,-0.046338909843252486
drop_population,primary_training,36,spatial_block=Europe,-0.05348702548948997
drop_population,primary_training,36,spatial_block=North America,-0.08267441992652885
drop_population,primary_training,36,spatial_block=Oceania,-0.05421104905874247
drop_population,primary_training,36,spatial_block=South America,-0.06088365035368098
drop_population,primary_training,36,income_group=Low-income countries,0.002762879152872704
drop_population,primary_training,36,income_group=Lower-middle-income countries,-0.009281047198782451
drop_population,primary_training,36,income_group=Upper-middle-income countries,-0.013692854190433482
drop_population,primary_training,37,intercept,0.16841991290268865
drop_population,primary_training,37,cum_co2_per_capita,0.014266478173404573
drop_population,primary_training,37,cum_co2_total,0.001048124344611241
drop_population,primary_training,37,abs_latitude,0.0011928834746370138
drop_population,primary_training,37,elevation,-2.383991370726415e-06
drop_population,primary_training,37,continentality,4.3649055520892634e-05
drop_population,primary_training,37,station_density,-0.0014860144737515622
drop_population,primary_training,37,climate_zone=B,0.00432727113769828
drop_population,primary_training,37,climate_zone=C,-0.022085639094826685
drop_population,primary_training,37,climate_zone=D,-0.007182814049020347
drop_population,primary_training,37,climate_zone=E,-0.09603962753261439
drop_population,primary_training,37,hemisphere=S,-0.03025042269312852
drop_population,primary_training,37,spatial_block=Asia,-0.05371452806799846
drop_population,primary_training,37,spatial_block=Europe,-0.06527643073168422
drop_population,primary_training,37,spatial_block=North America,-0.09101536246263545
drop_population,primary_training,37,spatial_block=Oceania,-0.053862463287180286
drop_population,primary_training,37,spatial_block=South America,-0.059034661672374145
drop_population,primary_training,37,income_group=Low-income countries,0.0036262266536038487
drop_population,primary_training,37,income_group=Lower-middle-income countries,-0.010285648864030557
drop_population,primary_training,37,income_group=Upper-middle-income countries,-0.013884884374459464
drop_population,primary_training,38,intercept,0.16759968367333147
drop_population,primary_training,38,cum_co2_per_capita,0.01737878015660934
drop_population,primary_training,38,cum_co2_total,0.000107588461171063
drop_population,primary_training,38,abs_latitude,0.0012244161865282645
drop_population,primary_training,38,elevation,7.487735324656306e-07
drop_population,primary_training,38,continentality,3.879155418199229e-05
drop_population,primary_training,38,station_density,-0.0014545349759607132
drop_population,primary_training,38,climate_zone=B,0.008365954612941465
drop_population,primary_training,38,climate_zone=C,-0.024346997079403444
drop_population,primary_training,38,climate_zone=D,-0.010366712729595828
drop_population,primary_training,38,climate_zone=E,-0.10029236019035062
drop_population,primary_training,38,hemisphere=S,-0.01194898155139331
drop_population,primary_training,38,spatial_block=Asia,-0.058476600838533975
drop_population,primary_training,38,spatial_block=Europe,-0.06853370272482626
drop_population,primary_training,38,spatial_block=North America,-0.09466102790807282
drop_population,primary_training,38,spatial_block=Oceania,-0.07488812354935702
drop_population,primary_training,38,spatial_block=South America,-0.07833666246878981
drop_population,primary_training,38,income_group=Low-income countries,0.002235000261504444
drop_population,primary_training,38,income_group=Lower-middle-income countries,-0.007395906159351742
drop_population,primary_training,38,income_group=Upper-middle-income countries,-0.011289501309877036
drop_population,primary_training,39,intercept,0.1743399227486471
drop_population,primary_training,39,cum_co2_per_capita,0.010991127482929058
drop_population,primary_training,39,cum_co2_total,0.003744898947836351
drop_population,primary_training,39,abs_latitude,0.0012133126155699368
drop_population,primary_training,39,elevation,-3.724839803555051e-06
drop_population,primary_training,39,continentality,4.649772522691248e-05
drop_population,primary_training,39,station_density,-0.0014504577221535221
drop_population,primary_training,39,climate_zone=B,0.01121413751149938
drop_population,primary_training,39,climate_zone=C,-0.02238749246139105
drop_population,primary_training,39,climate_zone=D,-0.005519154024722412
drop_population,primary_training,39,climate_zone=E,-0.09123235323793563
drop_population,primary_training,39,hemisphere=S,-0.03523378562682115
drop_population,primary_training,39,spatial_block=Asia,-0.0654842886898959
drop_population,primary_training,39,spatial_block=Europe,-0.074502393126262
drop_population,primary_training,39,spatial_block=North America,-0.09933252465611309
drop_population,primary_training,39,spatial_block=Oceania,-0.05658010197943837
drop_population,primary_training,39,spatial_block=South America,-0.06482187373645522
drop_population,primary_training,39,income_group=Low-income countries,0.0020493411545269382
drop_population,primary_training,39,income_group=Lower-middle-income countries,-0.011005312663850651
drop_population,primary_training,39,income_group=Upper-middle-income countries,-0.013670752480013638
drop_population,primary_training,40,intercept,0.16780871024348737
drop_population,primary_training,40,cum_co2_per_capita,0.016542797106118192
drop_population,primary_training,40,cum_co2_total,0.000761783190499041
drop_population,primary_training,40,abs_latitude,0.0011749971754502868
drop_population,primary_training,40,elevation,-3.4035353844218997e-07
drop_population,primary_training,40,continentality,4.030824163688611e-05
drop_population,primary_training,40,station_density,-0.0015100874807286787
drop_population,primary_training,40,climate_zone=B,0.0073986944908438325
drop_population,primary_training,40,climate_zone=C,-0.023210112708499157
drop_population,primary_training,40,climate_zone=D,-0.008927335217156992
drop_population,primary_training,40,climate_zone=E,-0.09735241426209937
drop_population,primary_training,40,hemisphere=S,-0.014807145537896083
drop_population,primary_training,40,spatial_block=Asia,-0.05724142462408546
drop_population,primary_training,40,spatial_block=Europe,-0.06760679647326819
drop_population,primary_training,40,spatial_block=North America,-0.09422165680444078
drop_population,primary_training,40,spatial_block=Oceania,-0.07177377118619815
drop_population,primary_training,40,spatial_block=South America,-0.07546059938416526
drop_population,primary_training,40,income_group=Low-income countries,0.002677371769559854
drop_population,primary_training,40,income_group=Lower-middle-income countries,-0.008358600222420359
drop_population,primary_training,40,income_group=Upper-middle-income countries,-0.011514566462812525
drop_population,primary_training,41,intercept,0.16145203011532575
drop_population,primary_training,41,cum_co2_per_capita,0.015565192054969033
drop_population,primary_training,41,cum_co2_total,0.0017228046016489018
drop_population,primary_training,41,abs_latitude,0.001129714390121607
drop_population,primary_training,41,elevation,-3.129561514216908e-06
drop_population,primary_training,41,continentality,3.892623651572586e-05
drop_population,primary_training,41,station_density,-0.0016211702034424275
drop_population,primary_training,41,climate_zone=B,0.008422167090042945
drop_population,primary_training,41,climate_zone=C,-0.018849775603765637
drop_population,primary_training,41,climate_zone=D,-0.003482179248483748
drop_population,primary_training,41,climate_zone=E,-0.09097455699394898
drop_population,primary_training,41,hemisphere=S,-0.03342183895413283
drop_population,primary_training,41,spatial_block=Asia,-0.05176509818086183
drop_population,primary_training,41,spatial_block=Europe,-0.06357614396358294
drop_population,primary_training,41,spatial_block=North America,-0.08907335692678744
drop_population,primary_training,41,spatial_block=Oceania,-0.05063149529121162
drop_population,primary_training,41,spatial_block=South America,-0.05495737172764852
drop_population,primary_training,41,income_group=Low-income countries,0.011051830145946273
drop_population,primary_training,41,income_group=Lower-middle-income countries,-0.005569441726935059
drop_population,primary_training,41,income_group=Upper-middle-income countries,-0.012006638056102045
drop_population,primary_training,42,intercept,0.1629437867087339
drop_population,primary_training,42,cum_co2_per_capita,0.014603219289615194
drop_population,primary_training,42,cum_co2_total,0.002294055877102946
drop_population,primary_training,42,abs_latitude,0.0010523391357631238
drop_population,primary_training,42,elevation,-4.674432710062665e-07
drop_population,primary_training,42,continentality,4.0168892829192474e-05
drop_population,primary_training,42,station_density,-0.0017229138748172564
drop_population,primary_training,42,climate_zone=B,0.006445982075691807
drop_population,primary_training,42,climate_zone=C,-0.022005856884708606
drop_population,primary_training,42,climate_zone=D,-0.006518161332245156
drop_population,primary_training,42,climate_zone=E,-0.09225296260730412
drop_population,primary_training,42,hemisphere=S,-0.023787936288104026
drop_population,primary_training,42,spatial_block=Asia,-0.049153370783524115
drop_population,primary_training,42,spatial_block=Europe,-0.05801022929772375
drop_population,primary_training,42,spatial_block=North America,-0.08663603963650411
drop_population,primary_training,42,spatial_block=Oceania,-0.05595137365847948
drop_population,primary_training,42,spatial_block=South America,-0.06108504573365989
drop_population,primary_training,42,income_group=Low-income countries,0.00756052337540759
drop_population,primary_training,42,income_group=Lower-middle-income countries,-0.008393097563440697
drop_population,primary_training,42,income_group=Upper-middle-income countries,-0.013589010132520203
drop_population,primary_training,43,intercept,0.1660045568192136
drop_population,primary_training,43,cum_co2_per_capita,0.015566322395294674
drop_population,primary_training,43,cum_co2_total,0.0016914352424020895
drop_population,primary_training,43,abs_latitude,0.0010813126711143298
drop_population,primary_training,43,elevation,-1.081378787734936e-06
drop_population,primary_training,43,continentality,4.126560646570564e-05
drop_population,primary_training,43,station_density,-0.001474253646227081
drop_population,primary_training,43,climate_zone=B,0.00673731116519314
drop_population,primary_training,43,climate_zone=C,-0.02560977651412371
drop_population,primary_training,43,climate_zone=D,-0.006498423001339388
drop_population,primary_training,43,climate_zone=E,-0.09262876107427012
drop_population,primary_training,43,hemisphere=S,-0.02569746898228553
drop_population,primary_training,43,spatial_block=Asia,-0.0534227116079921
drop_population,primary_training,43,spatial_block=Europe,-0.06380130017570397
drop_population,primary_training,43,spatial_block=North America,-0.09065897438958102
drop_population,primary_training,43,spatial_block=Oceania,-0.05623170361967782
drop_population,primary_training,43,spatial_block=South America,-0.06268624585115977
drop_population,primary_training,43,income_group=Low-income countries,0.006049024957721556
drop_population,primary_training,43,income_group=Lower-middle-income countries,-0.0074393631222708905
drop_population,primary_training,43,income_group=Upper-middle-income countries,-0.01324806961634691
drop_population,primary_training,44,intercept,0.16393778322365038
drop_population,primary_training,44,cum_co2_per_capita,0.016325191958395786
drop_population,primary_training,44,cum_co2_total,0.0008524781555243609
drop_population,primary_training,44,abs_latitude,0.0010680786712419974
drop_population,primary_training,44,elevation,-3.4743203540577857e-06
drop_population,primary_training,44,continentality,4.281336990146154e-05
drop_population,primary_training,44,station_density,-0.0015777520800029428
drop_population,primary_training,44,climate_zone=B,0.007809809994884035
drop_population,primary_training,44,climate_zone=C,-0.01808385596393919
drop_population,primary_training,44,climate_zone=D,-0.003025093070978082
drop_population,primary_training,44,climate_zone=E,-0.09025453807909947
drop_population,primary_training,44,hemisphere=S,-0.03375565653954314
drop_population,primary_training,44,spatial_block=Asia,-0.05177053259351063
drop_population,primary_training,44,spatial_block=Europe,-0.06316367194962806
drop_population,primary_training,44,spatial_block=North America,-0.08948736197849153
drop_population,primary_training,44,spatial_block=Oceania,-0.05043208115047252
drop_population,primary_training,44,spatial_block=South America,-0.055284090723070896
drop_population,primary_training,44,income_group=Low-income countries,0.011443868432316654
drop_population,primary_training,44,income_group=Lower-middle-income countries,-0.0065129507648122595
drop_population,primary_training,44,income_group=Upper-middle-income countries,-0.012597567594006884
drop_population,primary_training,45,intercept,0.168509001255383
drop_population,primary_training,45,cum_co2_per_capita,0.014881754520726103
drop_population,primary_training,45,cum_co2_total,0.0011034711066041252
drop_population,primary_training,45,abs_latitude,0.0012098405563965393
drop_population,primary_training,45,elevation,4.517363126236558e-07
drop_population,primary_training,45,continentality,4.142930369025845e-05
drop_population,primary_training,45,station_density,-0.0014832493421442347
drop_population,primary_training,45,climate_zone=B,0.006526314329965927
drop_population,primary_training,45,climate_zone=C,-0.0268566901813778
drop_population,primary_training,45,climate_zone=D,-0.012004751091997388
drop_population,primary_training,45,climate_zone=E,-0.10082878086742386
drop_population,primary_training,45,hemisphere=S,-0.02556041062740671
drop_population,primary_training,45,spatial_block=Asia,-0.05447982788436674
drop_population,primary_training,45,spatial_block=Europe,-0.06371161010249776
drop_population,primary_training,45,spatial_block=North America,-0.09145980943001483
drop_population,primary_training,45,spatial_block=Oceania,-0.05669012747043813
drop_population,primary_training,45,spatial_block=South America,-0.06491150169512486
drop_population,primary_training,45,income_group=Low-income countries,0.002370687990043968
drop_population,primary_training,45,income_group=Lower-middle-income countries,-0.011094283382193756
drop_population,primary_training,45,income_group=Upper-middle-income countries,-0.01302935044571292
drop_population,primary_training,46,intercept,0.16910536111024238
drop_population,primary_training,46,cum_co2_per_capita,0.015862685607507743
drop_population,primary_training,46,cum_co2_total,0.0006782166411607368
drop_population,primary_training,46,abs_latitude,0.0012283376111926255
drop_population,primary_training,46,elevation,4.10881193202405e-07
drop_population,primary_training,46,continentality,4.124710696811859e-05
drop_population,primary_training,46,station_density,-0.001389019584141099
drop_population,primary_training,46,climate_zone=B,0.007689847443738042
drop_population,primary_training,46,climate_zone=C,-0.027161465805322728
drop_population,primary_training,46,climate_zone=D,-0.012233832013972015
drop_population,primary_training,46,climate_zone=E,-0.10152915530126995
drop_population,primary_training,46,hemisphere=S,-0.014196559811463921
drop_population,primary_training,46,spatial_block=Asia,-0.057472380331410104
drop_population,primary_training,46,spatial_block=Europe,-0.06644957664431084
drop_population,primary_training,46,spatial_block=North America,-0.09378456618726173
drop_population,primary_training,46,spatial_block=Oceania,-0.07010249072944306
drop_population,primary_training,46,spatial_block=South America,-0.07565170433240158
drop_population,primary_training,46,income_group=Low-income countries,0.0010390485289137525
drop_population,primary_training,46,income_group=Lower-middle-income countries,-0.010149763294184438
drop_population,primary_training,46,income_group=Upper-middle-income countries,-0.012101130128410499
drop_population,primary_training,47,intercept,0.18466107303972834
drop_population,primary_training,47,cum_co2_per_capita,0.009504559772652894
drop_population,primary_training,47,cum_co2_total,0.003018343268834034
drop_population,primary_training,47,abs_latitude,0.0008124312323548411
drop_population,primary_training,47,elevation,-2.615169352627931e-06
drop_population,primary_training,47,continentality,2.9410522282436417e-05
drop_population,primary_training,47,station_density,-0.0013040913150927642
drop_population,primary_training,47,climate_zone=B,0.001620395090563211
drop_population,primary_training,47,climate_zone=C,-0.018974000099732893
drop_population,primary_training,47,climate_zone=D,0.0037029427634416388
drop_population,primary_training,47,climate_zone=E,-0.08135475412057022
drop_population,primary_training,47,hemisphere=S,-0.02432936848661571
drop_population,primary_training,47,spatial_block=Asia,-0.058760690257799696
drop_population,primary_training,47,spatial_block=Europe,-0.06198853314542063
drop_population,primary_training,47,spatial_block=North America,-0.09307459596572992
drop_population,primary_training,47,spatial_block=Oceania,-0.06224765812187987
drop_population,primary_training,47,spatial_block=South America,-0.062150561434577395
drop_population,primary_training,47,income_group=Low-income countries,-0.0016336819926003531
drop_population,primary_training,47,income_group=Lower-middle-income countries,-0.013494760838039138
drop_population,primary_training,47,income_group=Upper-middle-income countries,-0.020548837827655417
drop_population,primary_training,48,intercept,0.1559991373878048
drop_population,primary_training,48,cum_co2_per_capita,0.019352627881710865
drop_population,primary_training,48,cum_co2_total,0.0008747688674775708
drop_population,primary_training,48,abs_latitude,0.0009821245505112184
drop_population,primary_training,48,elevation,-3.2267022155662716e-06
drop_population,primary_training,48,continentality,4.0745352900138233e-05
drop_population,primary_training,48,station_density,-0.0015217951838915392
drop_population,primary_training,48,climate_zone=B,0.006525486989992563
drop_population,primary_training,48,climate_zone=C,-0.020520196658614025
drop_population,primary_training,48,climate_zone=D,-0.006381192954633669
drop_population,primary_training,48,climate_zone=E,-0.09119848020897728
drop_population,primary_training,48,hemisphere=S,-0.02404949892288538
drop_population,primary_training,48,spatial_block=Asia,-0.04936276160340587
drop_population,primary_training,48,spatial_block=Europe,-0.056517065593715984
drop_population,primary_training,48,spatial_block=North America,-0.08566725431292548
drop_population,primary_training,48,spatial_block=Oceania,-0.056927821806732955
drop_population,primary_training,48,spatial_block=South America,-0.057283411870028514
drop_population,primary_training,48,income_group=Low-income countries,0.020079955020868245
drop_population,primary_training,48,income_group=Lower-middle-income countries,-0.00041943921535029155
drop_population,primary_training,48,income_group=Upper-middle-income countries,-0.013526088740961457
drop_population,primary_training,49,intercept,0.17045834922928055
drop_population,primary_training,49,cum_co2_per_capita,0.013028112279385445
drop_population,primary_training,49,cum_co2_total,0.0019368897767496293
drop_population,primary_training,49,abs_latitude,0.0008712487818016209
drop_population,primary_training,49,elevation,-2.1020144928597846e-06
drop_population,primary_training,49,continentality,3.189514800442649e-05
drop_population,primary_training,49,station_density,-0.0013505985888737123
drop_population,primary_training,49,climate_zone=B,0.005670048725354202
drop_population,primary_training,49,climate_zone=C,-0.017285276091025505
drop_population,primary_training,49,climate_zone=D,0.001077703513821233
drop_population,primary_training,49,climate_zone=E,-0.0832690925001051
drop_population,primary_training,49,hemisphere=S,-0.02427230367184489
drop_population,primary_training,49,spatial_block=Asia,-0.052807301382012756
drop_population,primary_training,49,spatial_block=Europe,-0.0568980940684568
drop_population,primary_training,49,spatial_block=North America,-0.08653360926187927
drop_population,primary_training,49,spatial_block=Oceania,-0.05734751423922291
drop_population,primary_training,49,spatial_block=South America,-0.05719982732344391
drop_population,primary_training,49,income_group=Low-income countries,0.012886703127041816
drop_population,primary_training,49,income_group=Lower-middle-income countries,-0.006739243491370783
drop_population,primary_training,49,income_group=Upper-middle-income countries,-0.017849215104862818
drop_population,primary_training,50,intercept,0.17401831150289068
drop_population,primary_training,50,cum_co2_per_capita,0.005196544571585479
drop_population,primary_training,50,cum_co2_total,0.005004223903344349
drop_population,primary_training,50,abs_latitude,0.0012652751708702263
drop_population,primary_training,50,elevation,-8.792873109570905e-07
drop_population,primary_training,50,continentality,3.957001994429432e-05
drop_population,primary_training,50,station_density,-0.001621912866669159
drop_population,primary_training,50,climate_zone=B,0.001739005633017692
drop_population,primary_training,50,climate_zone=C,-0.028061726691748997
drop_population,primary_training,50,climate_zone=D,-0.012091189819321557
drop_population,primary_training,50,climate_zone=E,-0.09823368961987747
drop_population,primary_training,50,hemisphere=S,-0.02710750062723169
drop_population,primary_training,50,spatial_block=Asia,-0.04715770838766788
drop_population,primary_training,50,spatial_block=Europe,-0.05802494357205859
drop_population,primary_training,50,spatial_block=North America,-0.08941480887032593
drop_population,primary_training,50,spatial_block=Oceania,-0.05329952306452205
drop_population,primary_training,50,spatial_block=South America,-0.05883852115243705
drop_population,primary_training,50,income_group=Low-income countries,-0.002215454908773452
drop_population,primary_training,50,income_group=Lower-middle-income countries,-0.00879523064536275
drop_population,primary_training,50,income_group=Upper-middle-income countries,-0.016110550409175257
drop_population,primary_training,51,intercept,0.1750102307555071
drop_population,primary_training,51,cum_co2_per_capita,0.0045034798822480605
drop_population,primary_training,51,cum_co2_total,0.006170762773895051
drop_population,primary_training,51,abs_latitude,0.00135710791517852
drop_population,primary_training,51,elevation,3.9625519268026614e-07
drop_population,primary_training,51,continentality,3.6341709004284275e-05
drop_population,primary_training,51,station_density,-0.0021872158536180766
drop_population,primary_training,51,climate_zone=B,-0.005674109683263962
drop_population,primary_training,51,climate_zone=C,-0.03515932978384699
drop_population,primary_training,51,climate_zone=D,-0.021513417100942074
drop_population,primary_training,51,climate_zone=E,-0.1085951220621411
drop_population,primary_training,51,hemisphere=S,-0.029685015935516677
drop_population,primary_training,51,spatial_block=Asia,-0.04186798646459642
drop_population,primary_training,51,spatial_block=Europe,-0.055255884563298954
drop_population,primary_training,51,spatial_block=North America,-0.09089853382078468
drop_population,primary_training,51,spatial_block=Oceania,-0.05203839245225335
drop_population,primary_training,51,spatial_block=South America,-0.05691008027161814
drop_population,primary_training,51,income_group=Low-income countries,-0.002608645056585388
drop_population,primary_training,51,income_group=Lower-middle-income countries,-0.005938488905864296
drop_population,primary_training,51,income_group=Upper-middle-income countries,-0.01640311837616977
drop_population,primary_training,52,intercept,0.17524862482396833
drop_population,primary_training,52,cum_co2_per_capita,0.009586168989221199
drop_population,primary_training,52,cum_co2_total,0.0033906752631366888
drop_population,primary_training,52,abs_latitude,0.0011241066319337793
drop_population,primary_training,52,elevation,-1.8061157543153025e-07
drop_population,primary_training,52,continentality,3.7937836052121176e-05
drop_population,primary_training,52,station_density,-0.0020628633709757027
drop_population,primary_training,52,climate_zone=B,-0.0004835410380209291
drop_population,primary_training,52,climate_zone=C,-0.02905203635996521
drop_population,primary_training,52,climate_zone=D,-0.014561200401310136
drop_population,primary_training,52,climate_zone=E,-0.10125457117024404
drop_population,primary_training,52,hemisphere=S,-0.026259123490914558
drop_population,primary_training,52,spatial_block=Asia,-0.04400058961632533
drop_population,primary_training,52,spatial_block=Europe,-0.055075211155331524
drop_population,primary_training,52,spatial_block=North America,-0.0901280019399362
drop_population,primary_training,52,spatial_block=Oceania,-0.05510801827188167
drop_population,primary_training,52,spatial_block=South America,-0.06055898380145656
drop_population,primary_training,52,income_group=Low-income countries,-0.0007745431384385328
drop_population,primary_training,52,income_group=Lower-middle-income countries,-0.008736684588457723
drop_population,primary_training,52,income_group=Upper-middle-income countries,-0.015256804763519278
drop_population,primary_training,53,intercept,0.202600678525473
drop_population,primary_training,53,cum_co2_per_capita,-0.008561150158902303
drop_population,primary_training,53,cum_co2_total,0.00933777502796897
drop_population,primary_training,53,abs_latitude,0.00109537479371868
drop_population,primary_training,53,elevation,-4.0748742681832666e-06
drop_population,primary_training,53,continentality,2.1025659252691638e-05
drop_population,primary_training,53,station_density,-0.001918904303331087
drop_population,primary_training,53,climate_zone=B,-0.0026450382988353355
drop_population,primary_training,53,climate_zone=C,-0.02452353096808158
drop_population,primary_training,53,climate_zone=D,-0.00048302835408153643
drop_population,primary_training,53,climate_zone=E,-0.08465755084935493
drop_population,primary_training,53,hemisphere=S,-0.02534018354405291
drop_population,primary_training,53,spatial_block=Asia,-0.038544756076655855
drop_population,primary_training,53,spatial_block=Europe,-0.06033414987584137
drop_population,primary_training,53,spatial_block=North America,-0.09469024693556775
drop_population,primary_training,53,spatial_block=Oceania,-0.06129013183562482
drop_population,primary_training,53,spatial_block=South America,-0.06003403486248962
drop_population,primary_training,53,income_group=Low-income countries,-0.01842582200409345
drop_population,primary_training,53,income_group=Lower-middle-income countries,-0.019066628982562228
drop_population,primary_training,53,income_group=Upper-middle-income countries,-0.022977671318347923
drop_population,primary_training,54,intercept,0.1576524369966724
drop_population,primary_training,54,cum_co2_per_capita,0.01732458146495134
drop_population,primary_training,54,cum_co2_total,0.0021224026182621236
drop_population,primary_training,54,abs_latitude,0.0008738069341458539
drop_population,primary_training,54,elevation,-2.812101068450056e-06
drop_population,primary_training,54,continentality,3.776083690092562e-05
drop_population,primary_training,54,station_density,-0.001469719101501197
drop_population,primary_training,54,climate_zone=B,0.006283284816500852
drop_population,primary_training,54,climate_zone=C,-0.018658319004024287
drop_population,primary_training,54,climate_zone=D,-0.001717566566816316
drop_population,primary_training,54,climate_zone=E,-0.0850557688267066
drop_population,primary_training,54,hemisphere=S,-0.024139287030323087
drop_population,primary_training,54,spatial_block=Asia,-0.05118335951347841
drop_population,primary_training,54,spatial_block=Europe,-0.05444258485525237
drop_population,primary_training,54,spatial_block=North America,-0.08470575541172169
drop_population,primary_training,54,spatial_block=Oceania,-0.05630370285752058
drop_population,primary_training,54,spatial_block=South America,-0.05588208812622266
drop_population,primary_training,54,income_group=Low-income countries,0.020149533095433898
drop_population,primary_training,54,income_group=Lower-middle-income countries,-9.270614607950925e-05
drop_population,primary_training,54,income_group=Upper-middle-income countries,-0.015471994146665054
drop_population,primary_training,55,intercept,0.1749076766764928
drop_population,primary_training,55,cum_co2_per_capita,0.005393211911611671
drop_population,primary_training,55,cum_co2_total,0.005517026633362119
drop_population,primary_training,55,abs_latitude,0.0012525857682053941
drop_population,primary_training,55,elevation,-1.538130416409302e-06
drop_population,primary_training,55,continentality,3.980019791811628e-05
drop_population,primary_training,55,station_density,-0.0018630340587650867
drop_population,primary_training,55,climate_zone=B,0.0008784412056666891
drop_population,primary_training,55,climate_zone=C,-0.027905897641821303
drop_population,primary_training,55,climate_zone=D,-0.01298764262250625
drop_population,primary_training,55,climate_zone=E,-0.09851924830141051
drop_population,primary_training,55,hemisphere=S,-0.029857508617936894
drop_population,primary_training,55,spatial_block=Asia,-0.04838825737427847
drop_population,primary_training,55,spatial_block=Europe,-0.05931064474484336
drop_population,primary_training,55,spatial_block=North America,-0.09144356025570466
drop_population,primary_training,55,spatial_block=Oceania,-0.05353653311322995
drop_population,primary_training,55,spatial_block=South America,-0.05848031941087399
drop_population,primary_training,55,income_group=Low-income countries,-0.003708927576935496
drop_population,primary_training,55,income_group=Lower-middle-income countries,-0.007954052548700548
drop_population,primary_training,55,income_group=Upper-middle-income countries,-0.016130632071812163
drop_population,primary_training,56,intercept,0.16898746527398667
drop_population,primary_training,56,cum_co2_per_capita,0.010614164958933343
drop_population,primary_training,56,cum_co2_total,0.004678538298555986
drop_population,primary_training,56,abs_latitude,0.0013011934467047335
drop_population,primary_training,56,elevation,8.709538376245616e-07
drop_population,primary_training,56,continentality,3.999505991095735e-05
drop_population,primary_training,56,station_density,-0.002241636050522097
drop_population,primary_training,56,climate_zone=B,-0.0002841030567669138
drop_population,primary_training,56,climate_zone=C,-0.02674734205954522
drop_population,primary_training,56,climate_zone=D,-0.014271432458782169
drop_population,primary_training,56,climate_zone=E,-0.10174399790940994
drop_population,primary_training,56,hemisphere=S,-0.031239962638207053
drop_population,primary_training,56,spatial_block=Asia,-0.052493364011976164
drop_population,primary_training,56,spatial_block=Europe,-0.0656173656232047
drop_population,primary_training,56,spatial_block=North America,-0.09273273319750991
drop_population,primary_training,56,spatial_block=Oceania,-0.1035491034482937
drop_population,primary_training,56,spatial_block=South America,-0.060494305902269695
drop_population,primary_training,56,income_group=Low-income countries,0.001167635913344543
drop_population,primary_training,56,income_group=Lower-middle-income countries,-0.00950236744645805
drop_population,primary_training,56,income_group=Upper-middle-income countries,-0.01655870901715475
drop_population,primary_training,57,intercept,0.16962077004351692
drop_population,primary_training,57,cum_co2_per_capita,0.007765683964975768
drop_population,primary_training,57,cum_co2_total,0.003169825609014588
drop_population,primary_training,57,abs_latitude,0.001048438733759213
drop_population,primary_training,57,elevation,-3.6061553348456085e-06
drop_population,primary_training,57,continentality,3.015541405980539e-05
drop_population,primary_training,57,station_density,-0.0009335962663785624
drop_population,primary_training,57,climate_zone=B,-0.0033533858844512748
drop_population,primary_training,57,climate_zone=C,-0.016100260434383024
drop_population,primary_training,57,climate_zone=D,0.004612164382330281
drop_population,primary_training,57,climate_zone=E,-0.0796132455368061
drop_population,primary_training,57,hemisphere=S,-0.024900762972800524
drop_population,primary_training,57,spatial_block=Asia,-0.06444523918022123
drop_population,primary_training,57,spatial_block=Europe,-0.059720917043636204
drop_population,primary_training,57,spatial_block=North America,-0.0883649477785249
drop_population,primary_training,57,spatial_block=Oceania,-0.056382677536940116
drop_population,primary_training,57,spatial_block=South America,-0.05623306116418626
drop_population,primary_training,57,income_group=Low-income countries,0.015180975177832816
drop_population,primary_training,57,income_group=Lower-middle-income countries,-3.7511582819341142e-06
drop_population,primary_training,57,income_group=Upper-middle-income countries,-0.01155835420108854
drop_population,primary_training,58,intercept,0.1539546195403815
drop_population,primary_training,58,cum_co2_per_capita,0.018884751820618235
drop_population,primary_training,58,cum_co2_total,0.0014093291373445586
drop_population,primary_training,58,abs_latitude,0.0011272266604179905
drop_population,primary_training,58,elevation,-3.498924693150622e-06
drop_population,primary_training,58,continentality,3.620073340215001e-05
drop_population,primary_training,58,station_density,-0.0013780753252362078
drop_population,primary_training,58,climate_zone=B,0.00964607676919582
drop_population,primary_training,58,climate_zone=C,-0.01980292053856983
drop_population,primary_training,58,climate_zone=D,-0.006770611021125145
drop_population,primary_training,58,climate_zone=E,-0.0933785309244999
drop_population,primary_training,58,hemisphere=S,-0.026053955909158683
drop_population,primary_training,58,spatial_block=Asia,-0.050836704727607006
drop_population,primary_training,58,spatial_block=Europe,-0.06123483125102948
drop_population,primary_training,58,spatial_block=North America,-0.08803473252048796
drop_population,primary_training,58,spatial_block=Oceania,-0.05910896831777554
drop_population,primary_training,58,spatial_block=South America,-0.05738474296558141
drop_population,primary_training,58,income_group=Low-income countries,0.022344648911373825
drop_population,primary_training,58,income_group=Lower-middle-income countries,0.0032977122225057443
drop_population,primary_training,58,income_group=Upper-middle-income countries,-0.013449038935002986
drop_population,primary_training,59,intercept,0.15485970485400885
drop_population,primary_training,59,cum_co2_per_capita,0.017232616676837433
drop_population,primary_training,59,cum_co2_total,0.0034507945994263476
drop_population,primary_training,59,abs_latitude,0.0011889452107611614
drop_population,primary_training,59,elevation,-1.0272033428695117e-06
drop_population,primary_training,59,continentality,3.3098563599516104e-05
drop_population,primary_training,59,station_density,-0.0016299484956142944
drop_population,primary_training,59,climate_zone=B,0.010739744696898874
drop_population,primary_training,59,climate_zone=C,-0.02307363451536099
drop_population,primary_training,59,climate_zone=D,-0.008795649250096217
drop_population,primary_training,59,climate_zone=E,-0.09563548569242686
drop_population,primary_training,59,hemisphere=S,-0.02669915753531619
drop_population,primary_training,59,spatial_block=Asia,-0.049636190832291906
drop_population,primary_training,59,spatial_block=Europe,-0.06409057767213248
drop_population,primary_training,59,spatial_block=North America,-0.09009624447467747
drop_population,primary_training,59,spatial_block=Oceania,-0.05966924186349019
drop_population,primary_training,59,spatial_block=South America,-0.060807049558876544
drop_population,primary_training,59,income_group=Low-income countries,0.0180262598897805
drop_population,primary_training,59,income_group=Lower-middle-income countries,-0.0010698078853578349
drop_population,primary_training,59,income_group=Upper-middle-income countries,-0.013972919498486204
drop_population,primary_training,60,intercept,0.17494786926310663
drop_population,primary_training,60,cum_co2_per_capita,0.012093430006728294
drop_population,primary_training,60,cum_co2_total,0.002468579813408833
drop_population,primary_training,60,abs_latitude,0.0010539726292396261
drop_population,primary_training,60,elevation,-1.1101450730364911e-06
drop_population,primary_training,60,continentality,3.876180234236709e-05
drop_population,primary_training,60,station_density,-0.0019209737267925754
drop_population,primary_training,60,climate_zone=B,0.006075676276731652
drop_population,primary_training,60,climate_zone=C,-0.0207812298824362
drop_population,primary_training,60,climate_zone=D,-0.0018847152277278998
drop_population,primary_training,60,climate_zone=E,-0.08961540207929597
drop_population,primary_training,60,hemisphere=S,-0.025970519003301103
drop_population,primary_training,60,spatial_block=Asia,-0.05193987816720432
drop_population,primary_training,60,spatial_block=Europe,-0.06634817375381481
drop_population,primary_training,60,spatial_block=North America,-0.09148849907935644
drop_population,primary_training,60,spatial_block=Oceania,-0.05982076459359342
drop_population,primary_training,60,spatial_block=South America,-0.06305580253728385
drop_population,primary_training,60,income_group=Low-income countries,-0.000347043450610819
drop_population,primary_training,60,income_group=Lower-middle-income countries,-0.01384979917344249
drop_population,primary_training,60,income_group=Upper-middle-income countries,-0.017545711844707663
drop_population,primary_training,61,intercept,0.15485970485400885
drop_population,primary_training,61,cum_co2_per_capita,0.017232616676837433
drop_population,primary_training,61,cum_co2_total,0.0034507945994263476
drop_population,primary_training,61,abs_latitude,0.0011889452107611614
drop_population,primary_training,61,elevation,-1.0272033428695117e-06
drop_population,primary_training,61,continentality,3.3098563599516104e-05
drop_population,primary_training,61,station_density,-0.0016299484956142944
drop_population,primary_training,61,climate_zone=B,0.010739744696898874
drop_population,primary_training,61,climate_zone=C,-0.02307363451536099
drop_population,primary_training,61,climate_zone=D,-0.008795649250096217
drop_population,primary_training,61,climate_zone=E,-0.09563548569242686
drop_population,primary_training,61,hemisphere=S,-0.02669915753531619
drop_population,primary_training,61,spatial_block=Asia,-0.049636190832291906
drop_population,primary_training,61,spatial_block=Europe,-0.06409057767213248
drop_population,primary_training,61,spatial_block=North America,-0.09009624447467747
drop_population,primary_training,61,spatial_block=Oceania,-0.05966924186349019
drop_population,primary_training,61,spatial_block=South America,-0.060807049558876544
drop_population,primary_training,61,income_group=Low-income countries,0.0180262598897805
drop_population,primary_training,61,income_group=Lower-middle-income countries,-0.0010698078853578349
drop_population,primary_training,61,income_group=Upper-middle-income countries,-0.013972919498486204
drop_population,primary_training,62,intercept,0.19447170953304113
drop_population,primary_training,62,cum_co2_per_capita,0.006490336349662586
drop_population,primary_training,62,cum_co2_total,0.0038178740061560767
drop_population,primary_training,62,abs_latitude,0.0004188214121630586
drop_population,primary_training,62,elevation,-5.507939445056883e-06
drop_population,primary_training,62,continentality,1.3928960169611364e-05
drop_population,primary_training,62,station_density,-0.0011228660052337023
drop_population,primary_training,62,climate_zone=B,0.005605533705805057
drop_population,primary_training,62,climate_zone=C,-0.009167220698283298
drop_population,primary_training,62,climate_zone=D,0.018090279981096927
drop_population,primary_training,62,climate_zone=E,-0.062313164976334455
drop_population,primary_training,62,hemisphere=S,-0.020922708431582893
drop_population,primary_training,62,spatial_block=Asia,-0.0622383795964571
drop_population,primary_training,62,spatial_block=Europe,-0.05729348182526286
drop_population,primary_training,62,spatial_block=North America,-0.09189530936128032
drop_population,primary_training,62,spatial_block=Oceania,-0.0670764456190397
drop_population,primary_training,62,spatial_block=South America,-0.06081177672799271
drop_population,primary_training,62,income_group=Low-income countries,0.0011338988011492643
drop_population,primary_training,62,income_group=Lower-middle-income countries,-0.014249283838709045
drop_population,primary_training,62,income_group=Upper-middle-income countries,-0.023544237814882886
drop_population,primary_training,63,intercept,0.1753101215595633
drop_population,primary_training,63,cum_co2_per_capita,0.009470917787166397
drop_population,primary_training,63,cum_co2_total,0.0033521544844042905
drop_population,primary_training,63,abs_latitude,0.0011347225152245467
drop_population,primary_training,63,elevation,-1.793350474774124e-07
drop_population,primary_training,63,continentality,3.797268131180671e-05
drop_population,primary_training,63,station_density,-0.0020526913757504075
drop_population,primary_training,63,climate_zone=B,-0.0003743016286221783
drop_population,primary_training,63,climate_zone=C,-0.029013960358759555
drop_population,primary_training,63,climate_zone=D,-0.014500102829737058
drop_population,primary_training,63,climate_zone=E,-0.10142875006818096
drop_population,primary_training,63,hemisphere=S,-0.02628792076949477
drop_population,primary_training,63,spatial_block=Asia,-0.044226503933328755
drop_population,primary_training,63,spatial_block=Europe,-0.05527372597583056
drop_population,primary_training,63,spatial_block=North America,-0.09006210655673678
drop_population,primary_training,63,spatial_block=Oceania,-0.055072526318534924
drop_population,primary_training,63,spatial_block=South America,-0.06042995856823632
drop_population,primary_training,63,income_group=Low-income countries,-0.0008522333562521332
drop_population,primary_training,63,income_group=Lower-middle-income countries,-0.008764153817669026
drop_population,primary_training,63,income_group=Upper-middle-income countries,-0.015369977655141063
drop_population,primary_training,64,intercept,0.15485970485400885
drop_population,primary_training,64,cum_co2_per_capita,0.017232616676837433
drop_population,primary_training,64,cum_co2_total,0.0034507945994263476
drop_population,primary_training,64,abs_latitude,0.0011889452107611614
drop_population,primary_training,64,elevation,-1.0272033428695117e-06
drop_population,primary_training,64,continentality,3.3098563599516104e-05
drop_population,primary_training,64,station_density,-0.0016299484956142944
drop_population,primary_training,64,climate_zone=B,0.010739744696898874
drop_population,primary_training,64,climate_zone=C,-0.02307363451536099
drop_population,primary_training,64,climate_zone=D,-0.008795649250096217
drop_population,primary_training,64,climate_zone=E,-0.09563548569242686
drop_population,primary_training,64,hemisphere=S,-0.02669915753531619
drop_population,primary_training,64,spatial_block=Asia,-0.049636190832291906
drop_population,primary_training,64,spatial_block=Europe,-0.06409057767213248
drop_population,primary_training,64,spatial_block=North America,-0.09009624447467747
drop_population,primary_training,64,spatial_block=Oceania,-0.05966924186349019
drop_population,primary_training,64,spatial_block=South America,-0.060807049558876544
drop_population,primary_training,64,income_group=Low-income countries,0.0180262598897805
drop_population,primary_training,64,income_group=Lower-middle-income countries,-0.0010698078853578349
drop_population,primary_training,64,income_group=Upper-middle-income countries,-0.013972919498486204
drop_population,primary_training,65,intercept,0.17117388643565423
drop_population,primary_training,65,cum_co2_per_capita,0.01112790069577622
drop_population,primary_training,65,cum_co2_total,0.003478170558412426
drop_population,primary_training,65,abs_latitude,0.0011781714191827853
drop_population,primary_training,65,elevation,2.504316052621132e-07
drop_population,primary_training,65,continentality,4.029520160661644e-05
drop_population,primary_training,65,station_density,-0.0023195760030157663
drop_population,primary_training,65,climate_zone=B,0.0019332799708163964
drop_population,primary_training,65,climate_zone=C,-0.024627478391788873
drop_population,primary_training,65,climate_zone=D,-0.011489731854342784
drop_population,primary_training,65,climate_zone=E,-0.09896074849856222
drop_population,primary_training,65,hemisphere=S,-0.030736081184208165
drop_population,primary_training,65,spatial_block=Asia,-0.05082213135317878
drop_population,primary_training,65,spatial_block=Europe,-0.0612914125243678
drop_population,primary_training,65,spatial_block=North America,-0.09095587568874501
drop_population,primary_training,65,spatial_block=Oceania,-0.054581638886313844
drop_population,primary_training,65,spatial_block=South America,-0.05945651281199117
drop_population,primary_training,65,income_group=Low-income countries,0.0015241512417695422
drop_population,primary_training,65,income_group=Lower-middle-income countries,-0.008557546344228053
drop_population,primary_training,65,income_group=Upper-middle-income countries,-0.015701569643318463
drop_population,primary_training,66,intercept,0.16945607794063805
drop_population,primary_training,66,cum_co2_per_capita,0.013685037495469352
drop_population,primary_training,66,cum_co2_total,0.0021539879334995958
drop_population,primary_training,66,abs_latitude,0.0009634582411077339
drop_population,primary_training,66,elevation,-1.0073900697854534e-06
drop_population,primary_training,66,continentality,3.586181133517014e-05
drop_population,primary_training,66,station_density,-0.0015520211562702715
drop_population,primary_training,66,climate_zone=B,0.006298818121345923
drop_population,primary_training,66,climate_zone=C,-0.021263765860891872
drop_population,primary_training,66,climate_zone=D,-0.003411463436686983
drop_population,primary_training,66,climate_zone=E,-0.08834062694666772
drop_population,primary_training,66,hemisphere=S,-0.025204793600955545
drop_population,primary_training,66,spatial_block=Asia,-0.052196518897980555
drop_population,primary_training,66,spatial_block=Europe,-0.05951221982559497
drop_population,primary_training,66,spatial_block=North America,-0.08898887374578489
drop_population,primary_training,66,spatial_block=Oceania,-0.056988133846566556
drop_population,primary_training,66,spatial_block=South America,-0.060845611467574
drop_population,primary_training,66,income_group=Low-income countries,0.006966836949730913
drop_population,primary_training,66,income_group=Lower-middle-income countries,-0.0075387722320370155
drop_population,primary_training,66,income_group=Upper-middle-income countries,-0.015279840838133883
drop_population,primary_training,67,intercept,0.1712988789798462
drop_population,primary_training,67,cum_co2_per_capita,0.008030371277341722
drop_population,primary_training,67,cum_co2_total,0.00420575764323281
drop_population,primary_training,67,abs_latitude,0.0011963040137123828
drop_population,primary_training,67,elevation,-8.8202143852974e-07
drop_population,primary_training,67,continentality,4.076798110438339e-05
drop_population,primary_training,67,station_density,-0.0015084301697763339
drop_population,primary_training,67,climate_zone=B,0.003449384338980516
drop_population,primary_training,67,climate_zone=C,-0.02634617992810248
drop_population,primary_training,67,climate_zone=D,-0.009921269796731991
drop_population,primary_training,67,climate_zone=E,-0.09559178497239329
drop_population,primary_training,67,hemisphere=S,-0.026893054366077435
drop_population,primary_training,67,spatial_block=Asia,-0.04952214456882002
drop_population,primary_training,67,spatial_block=Europe,-0.05926247151100723
drop_population,primary_training,67,spatial_block=North America,-0.08951280981901177
drop_population,primary_training,67,spatial_block=Oceania,-0.053892585707479776
drop_population,primary_training,67,spatial_block=South America,-0.059817222816337515
drop_population,primary_training,67,income_group=Low-income countries,0.00018026883077821296
drop_population,primary_training,67,income_group=Lower-middle-income countries,-0.008698299016339265
drop_population,primary_training,67,income_group=Upper-middle-income countries,-0.01561400605461292
drop_population,primary_training,68,intercept,0.16806934881962307
drop_population,primary_training,68,cum_co2_per_capita,0.008435730216225887
drop_population,primary_training,68,cum_co2_total,0.001908024417921035
drop_population,primary_training,68,abs_latitude,0.0014125316461093245
drop_population,primary_training,68,elevation,-4.351890761332073e-06
drop_population,primary_training,68,continentality,4.873961883181997e-05
drop_population,primary_training,68,station_density,-0.001133440549126303
drop_population,primary_training,68,climate_zone=B,-0.0041988567900884755
drop_population,primary_training,68,climate_zone=C,-0.022672535016277494
drop_population,primary_training,68,climate_zone=D,-0.005694056315386536
drop_population,primary_training,68,climate_zone=E,-0.09548972417140976
drop_population,primary_training,68,hemisphere=S,-0.027445887475309804
drop_population,primary_training,68,spatial_block=Asia,-0.0627365417899843
drop_population,primary_training,68,spatial_block=Europe,-0.06644120508075861
drop_population,primary_training,68,spatial_block=North America,-0.0914734640750832
drop_population,primary_training,68,spatial_block=Oceania,-0.05486648644129177
drop_population,primary_training,68,spatial_block=South America,-0.05894097361147271
drop_population,primary_training,68,income_group=Low-income countries,0.003947655869293402
drop_population,primary_training,68,income_group=Lower-middle-income countries,-0.002802754123115625
drop_population,primary_training,68,income_group=Upper-middle-income countries,-0.009379627029909389
drop_population,primary_training,69,intercept,0.1738437173912777
drop_population,primary_training,69,cum_co2_per_capita,0.010411105676350759
drop_population,primary_training,69,cum_co2_total,0.003273456594386325
drop_population,primary_training,69,abs_latitude,0.0010087128337056953
drop_population,primary_training,69,elevation,-3.185892542204637e-06
drop_population,primary_training,69,continentality,3.499837353898537e-05
drop_population,primary_training,69,station_density,-0.001250082188336689
drop_population,primary_training,69,climate_zone=B,-0.0021571933080051435
drop_population,primary_training,69,climate_zone=C,-0.021045380113691285
drop_population,primary_training,69,climate_zone=D,-0.00010062659497521789
drop_population,primary_training,69,climate_zone=E,-0.08556798301812642
drop_population,primary_training,69,hemisphere=S,-0.025020982823091474
drop_population,primary_training,69,spatial_block=Asia,-0.06087190504922792
drop_population,primary_training,69,spatial_block=Europe,-0.06299827389937564
drop_population,primary_training,69,spatial_block=North America,-0.09233008356155367
drop_population,primary_training,69,spatial_block=Oceania,-0.059955642102120836
drop_population,primary_training,69,spatial_block=South America,-0.06079326148130031
drop_population,primary_training,69,income_group=Low-income countries,0.004962791302326816
drop_population,primary_training,69,income_group=Lower-middle-income countries,-0.006790168982682057
drop_population,primary_training,69,income_group=Upper-middle-income countries,-0.015413872768070295
drop_population,primary_training,70,intercept,0.16718488268170775
drop_population,primary_training,70,cum_co2_per_capita,0.014557819241559558
drop_population,primary_training,70,cum_co2_total,0.0016683287634193843
drop_population,primary_training,70,abs_latitude,0.001188018467513736
drop_population,primary_training,70,elevation,4.009757296794087e-07
drop_population,primary_training,70,continentality,4.309238505496025e-05
drop_population,primary_training,70,station_density,-0.0025361015478672496
drop_population,primary_training,70,climate_zone=B,0.005711803697325332
drop_population,primary_training,70,climate_zone=C,-0.021403024914779738
drop_population,primary_training,70,climate_zone=D,-0.008350904559978264
drop_population,primary_training,70,climate_zone=E,-0.0988411240372643
drop_population,primary_training,70,hemisphere=S,-0.03158935752535592
drop_population,primary_training,70,spatial_block=Asia,-0.05693306920164633
drop_population,primary_training,70,spatial_block=Europe,-0.06343355010995484
drop_population,primary_training,70,spatial_block=North America,-0.08925509158823809
drop_population,primary_training,70,spatial_block=Oceania,-0.05435161356948759
drop_population,primary_training,70,spatial_block=South America,-0.05807033979447062
drop_population,primary_training,70,income_group=Low-income countries,0.004990557810529035
drop_population,primary_training,70,income_group=Lower-middle-income countries,-0.007247007441511249
drop_population,primary_training,70,income_group=Upper-middle-income countries,-0.015939709034943857
drop_population,primary_training,71,intercept,0.16066004699180136
drop_population,primary_training,71,cum_co2_per_capita,0.011401902945513409
drop_population,primary_training,71,cum_co2_total,0.00236818687878142
drop_population,primary_training,71,abs_latitude,0.001233774018560409
drop_population,primary_training,71,elevation,-3.2491097128115724e-06
drop_population,primary_training,71,continentality,4.493505206494425e-05
drop_population,primary_training,71,station_density,-0.001300590550284666
drop_population,primary_training,71,climate_zone=B,-0.0005219192721787206
drop_population,primary_training,71,climate_zone=C,-0.021005034889946515
drop_population,primary_training,71,climate_zone=D,-0.0035565423045088285
drop_population,primary_training,71,climate_zone=E,-0.09054928655176046
drop_population,primary_training,71,hemisphere=S,-0.026513235484818976
drop_population,primary_training,71,spatial_block=Asia,-0.058012086285212726
drop_population,primary_training,71,spatial_block=Europe,-0.06094322708421317
drop_population,primary_training,71,spatial_block=North America,-0.0878123322650999
drop_population,primary_training,71,spatial_block=Oceania,-0.05330916499690392
drop_population,primary_training,71,spatial_block=South America,-0.05728515692710862
drop_population,primary_training,71,income_group=Low-income countries,0.013166848876547633
drop_population,primary_training,71,income_group=Lower-middle-income countries,0.00020844353442825574
drop_population,primary_training,71,income_group=Upper-middle-income countries,-0.009229388494323296
drop_population,primary_training,72,intercept,0.15163660249200991
drop_population,primary_training,72,cum_co2_per_capita,0.014819711819781823
drop_population,primary_training,72,cum_co2_total,0.002893401622380958
drop_population,primary_training,72,abs_latitude,0.0013028333058333437
drop_population,primary_training,72,elevation,-5.159286714680381e-06
drop_population,primary_training,72,continentality,4.144503178096061e-05
drop_population,primary_training,72,station_density,-0.0011943291688944124
drop_population,primary_training,72,climate_zone=B,0.006697153753815456
drop_population,primary_training,72,climate_zone=C,-0.01892585757531813
drop_population,primary_training,72,climate_zone=D,-0.0023407848681205384
drop_population,primary_training,72,climate_zone=E,-0.08983725939049578
drop_population,primary_training,72,hemisphere=S,-0.02834461097316031
drop_population,primary_training,72,spatial_block=Asia,-0.058633079598933546
drop_population,primary_training,72,spatial_block=Europe,-0.06655947155738282
drop_population,primary_training,72,spatial_block=North America,-0.0898442222855037
drop_population,primary_training,72,spatial_block=Oceania,-0.057102157849088
drop_population,primary_training,72,spatial_block=South America,-0.05697191852111703
drop_population,primary_training,72,income_group=Low-income countries,0.02348954655497193
drop_population,primary_training,72,income_group=Lower-middle-income countries,0.006339156892533943
drop_population,primary_training,72,income_group=Upper-middle-income countries,-0.00921012695829655
drop_population,primary_training,73,intercept,0.17312926048690241
drop_population,primary_training,73,cum_co2_per_capita,0.012238414305886007
drop_population,primary_training,73,cum_co2_total,0.0026555520438940345
drop_population,primary_training,73,abs_latitude,0.0010602743456925114
drop_population,primary_training,73,elevation,-1.1122084877744747e-06
drop_population,primary_training,73,continentality,3.825254577656398e-05
drop_population,primary_training,73,station_density,-0.0018259094719645836
drop_population,primary_training,73,climate_zone=B,0.005545732718268064
drop_population,primary_training,73,climate_zone=C,-0.02219138715617342
drop_population,primary_training,73,climate_zone=D,-0.0028276879633950293
drop_population,primary_training,73,climate_zone=E,-0.09019549104355536
drop_population,primary_training,73,hemisphere=S,-0.02577329030392047
drop_population,primary_training,73,spatial_block=Asia,-0.05132494183572416
drop_population,primary_training,73,spatial_block=Europe,-0.06509366409121795
drop_population,primary_training,73,spatial_block=North America,-0.09109061600861881
drop_population,primary_training,73,spatial_block=Oceania,-0.0589835354670087
drop_population,primary_training,73,spatial_block=South America,-0.06244116156183681
drop_population,primary_training,73,income_group=Low-income countries,0.0012502218335042957
drop_population,primary_training,73,income_group=Lower-middle-income countries,-0.011991590329629386
drop_population,primary_training,73,income_group=Upper-middle-income countries,-0.016929621871432526
drop_population,primary_training,74,intercept,0.16502192237775842
drop_population,primary_training,74,cum_co2_per_capita,0.011978685793543513
drop_population,primary_training,74,cum_co2_total,0.004487578219778124
drop_population,primary_training,74,abs_latitude,0.0010952906067637606
drop_population,primary_training,74,elevation,-4.79945478385078e-07
drop_population,primary_training,74,continentality,4.088369955617132e-05
drop_population,primary_training,74,station_density,-0.0016909108661122844
drop_population,primary_training,74,climate_zone=B,0.003728079648821924
drop_population,primary_training,74,climate_zone=C,-0.02564631354353344
drop_population,primary_training,74,climate_zone=D,-0.009354337957363946
drop_population,primary_training,74,climate_zone=E,-0.09297824386071869
drop_population,primary_training,74,hemisphere=S,-0.026372255472048037
drop_population,primary_training,74,spatial_block=Asia,-0.05129172277754931
drop_population,primary_training,74,spatial_block=Europe,-0.06001468736056789
drop_population,primary_training,74,spatial_block=North America,-0.09000706703970397
drop_population,primary_training,74,spatial_block=Oceania,-0.055725769619454295
drop_population,primary_training,74,spatial_block=South America,-0.061722318894067714
drop_population,primary_training,74,income_group=Low-income countries,0.00472610078284658
drop_population,primary_training,74,income_group=Lower-middle-income countries,-0.007450829790648786
drop_population,primary_training,74,income_group=Upper-middle-income countries,-0.014428851024520722
drop_population,primary_training,75,intercept,0.15371837957649406
drop_population,primary_training,75,cum_co2_per_capita,0.019857225682592263
drop_population,primary_training,75,cum_co2_total,0.0018599442318369625
drop_population,primary_training,75,abs_latitude,0.0010625738115062158
drop_population,primary_training,75,elevation,-3.889204771791789e-06
drop_population,primary_training,75,continentality,3.749455203729318e-05
drop_population,primary_training,75,station_density,-0.001494351302269914
drop_population,primary_training,75,climate_zone=B,0.010853094327593727
drop_population,primary_training,75,climate_zone=C,-0.020068305478473915
drop_population,primary_training,75,climate_zone=D,-0.006198905413908079
drop_population,primary_training,75,climate_zone=E,-0.09281655444224937
drop_population,primary_training,75,hemisphere=S,-0.025715751708240128
drop_population,primary_training,75,spatial_block=Asia,-0.05011498424545365
drop_population,primary_training,75,spatial_block=Europe,-0.06088700609920119
drop_population,primary_training,75,spatial_block=North America,-0.08834145718625698
drop_population,primary_training,75,spatial_block=Oceania,-0.06045900134547885
drop_population,primary_training,75,spatial_block=South America,-0.05786545770671246
drop_population,primary_training,75,income_group=Low-income countries,0.02116021827050222
drop_population,primary_training,75,income_group=Lower-middle-income countries,0.0019482186577943015
drop_population,primary_training,75,income_group=Upper-middle-income countries,-0.01537615095335061
drop_population,primary_training,76,intercept,0.16965815758107092
drop_population,primary_training,76,cum_co2_per_capita,0.01365468129793224
drop_population,primary_training,76,cum_co2_total,0.0020915181507679547
drop_population,primary_training,76,abs_latitude,0.0010628605001172145
drop_population,primary_training,76,elevation,-4.076157483077906e-07
drop_population,primary_training,76,continentality,4.150777783415251e-05
drop_population,primary_training,76,station_density,-0.0018422341221045239
drop_population,primary_training,76,climate_zone=B,0.005937376821276218
drop_population,primary_training,76,climate_zone=C,-0.022850448783040652
drop_population,primary_training,76,climate_zone=D,-0.007134278601577795
drop_population,primary_training,76,climate_zone=E,-0.09399555590968123
drop_population,primary_training,76,hemisphere=S,-0.026162914580488042
drop_population,primary_training,76,spatial_block=Asia,-0.0530655178502458
drop_population,primary_training,76,spatial_block=Europe,-0.060877816197656455
drop_population,primary_training,76,spatial_block=North America,-0.08972190281387842
drop_population,primary_training,76,spatial_block=Oceania,-0.0566610784694153
drop_population,primary_training,76,spatial_block=South America,-0.06218676441881491
drop_population,primary_training,76,income_group=Low-income countries,0.0028919034865109985
drop_population,primary_training,76,income_group=Lower-middle-income countries,-0.010226137177733869
drop_population,primary_training,76,income_group=Upper-middle-income countries,-0.015200062936851196
drop_population,primary_training,77,intercept,0.1821678274677694
drop_population,primary_training,77,cum_co2_per_capita,0.00693476696437335
drop_population,primary_training,77,cum_co2_total,0.005173114736006196
drop_population,primary_training,77,abs_latitude,0.0009462358002105266
drop_population,primary_training,77,elevation,-6.884490663626617e-08
drop_population,primary_training,77,continentality,2.7824086538626254e-05
drop_population,primary_training,77,station_density,-0.0014642087100956976
drop_population,primary_training,77,climate_zone=B,0.002455666152857095
drop_population,primary_training,77,climate_zone=C,-0.023110743983147566
drop_population,primary_training,77,climate_zone=D,-0.002485290683651836
drop_population,primary_training,77,climate_zone=E,-0.08594771893172881
drop_population,primary_training,77,hemisphere=S,-0.025210717240396373
drop_population,primary_training,77,spatial_block=Asia,-0.05772715243986196
drop_population,primary_training,77,spatial_block=Europe,-0.06178094751025188
drop_population,primary_training,77,spatial_block=North America,-0.09342798740875347
drop_population,primary_training,77,spatial_block=Oceania,-0.059939442784283634
drop_population,primary_training,77,spatial_block=South America,-0.0642613844916728
drop_population,primary_training,77,income_group=Low-income countries,-0.003674732873061982
drop_population,primary_training,77,income_group=Lower-middle-income countries,-0.014922261189824369
drop_population,primary_training,77,income_group=Upper-middle-income countries,-0.01852597801111638
drop_population,primary_training,78,intercept,0.17060377019176032
drop_population,primary_training,78,cum_co2_per_capita,0.009184915874144875
drop_population,primary_training,78,cum_co2_total,0.004897573717454671
drop_population,primary_training,78,abs_latitude,0.0012298810629494084
drop_population,primary_training,78,elevation,4.451000747249253e-07
drop_population,primary_training,78,continentality,3.856878702168639e-05
drop_population,primary_training,78,station_density,-0.0022875680134644173
drop_population,primary_training,78,climate_zone=B,-0.0031205279745074315
drop_population,primary_training,78,climate_zone=C,-0.03119283063573473
drop_population,primary_training,78,climate_zone=D,-0.017828538257803565
drop_population,primary_training,78,climate_zone=E,-0.10435590510654787
drop_population,primary_training,78,hemisphere=S,-0.03000050791428552
drop_population,primary_training,78,spatial_block=Asia,-0.04473657679448416
drop_population,primary_training,78,spatial_block=Europe,-0.056522805598302944
drop_population,primary_training,78,spatial_block=North America,-0.09055237852689611
drop_population,primary_training,78,spatial_block=Oceania,-0.05308161800189412
drop_population,primary_training,78,spatial_block=South America,-0.05765365353766642
drop_population,primary_training,78,income_group=Low-income countries,0.0014214221801664693
drop_population,primary_training,78,income_group=Lower-middle-income countries,-0.005090606266426914
drop_population,primary_training,78,income_group=Upper-middle-income countries,-0.015954369669635406
drop_population,primary_training,79,intercept,0.15054613032622194
drop_population,primary_training,79,cum_co2_per_capita,0.02114913238389962
drop_population,primary_training,79,cum_co2_total,0.0019901794538274386
drop_population,primary_training,79,abs_latitude,0.0008934339236980093
drop_population,primary_training,79,elevation,-4.625705654665568e-06
drop_population,primary_training,79,continentality,3.7258215766279546e-05
drop_population,primary_training,79,station_density,-0.001573854148717507
drop_population,primary_training,79,climate_zone=B,0.012999475129402586
drop_population,primary_training,79,climate_zone=C,-0.017217657891419415
drop_population,primary_training,79,climate_zone=D,0.00020347649472418213
drop_population,primary_training,79,climate_zone=E,-0.08890936829390826
drop_population,primary_training,79,hemisphere=S,-0.02503559774111626
drop_population,primary_training,79,spatial_block=Asia,-0.04854285260397788
drop_population,primary_training,79,spatial_block=Europe,-0.05411835070797708
drop_population,primary_training,79,spatial_block=North America,-0.0869641864056535
drop_population,primary_training,79,spatial_block=Oceania,-0.05957537634674378
drop_population,primary_training,79,spatial_block=South America,-0.057617767825758365
drop_population,primary_training,79,income_group=Low-income countries,0.0250817948039526
drop_population,primary_training,79,income_group=Lower-middle-income countries,0.00476902247046825
drop_population,primary_training,79,income_group=Upper-middle-income countries,-0.013103439298779693
drop_population,primary_training,80,intercept,0.18940976089228945
drop_population,primary_training,80,cum_co2_per_capita,0.008831539353454675
drop_population,primary_training,80,cum_co2_total,0.002079864642005291
drop_population,primary_training,80,abs_latitude,0.0007788650005718565
drop_population,primary_training,80,elevation,-2.618675516363009e-06
drop_population,primary_training,80,continentality,2.7549636934812577e-05
drop_population,primary_training,80,station_density,-0.0013230306537767556
drop_population,primary_training,80,climate_zone=B,0.00297630354326652
drop_population,primary_training,80,climate_zone=C,-0.015825927548411875
drop_population,primary_training,80,climate_zone=D,0.0037817319406946597
drop_population,primary_training,80,climate_zone=E,-0.08022482693867165
drop_population,primary_training,80,hemisphere=S,-0.02434161502430732
drop_population,primary_training,80,spatial_block=Asia,-0.059231221284087886
drop_population,primary_training,80,spatial_block=Europe,-0.06178081016753967
drop_population,primary_training,80,spatial_block=North America,-0.09329981815645588
drop_population,primary_training,80,spatial_block=Oceania,-0.06283283088805525
drop_population,primary_training,80,spatial_block=South America,-0.06321087917385126
drop_population,primary_training,80,income_group=Low-income countries,-0.0033857130517455096
drop_population,primary_training,80,income_group=Lower-middle-income countries,-0.015971207754944487
drop_population,primary_training,80,income_group=Upper-middle-income countries,-0.01995673464581759
drop_population,primary_training,81,intercept,0.16806934881962307
drop_population,primary_training,81,cum_co2_per_capita,0.008435730216225887
drop_population,primary_training,81,cum_co2_total,0.001908024417921035
drop_population,primary_training,81,abs_latitude,0.0014125316461093245
drop_population,primary_training,81,elevation,-4.351890761332073e-06
drop_population,primary_training,81,continentality,4.873961883181997e-05
drop_population,primary_training,81,station_density,-0.001133440549126303
drop_population,primary_training,81,climate_zone=B,-0.0041988567900884755
drop_population,primary_training,81,climate_zone=C,-0.022672535016277494
drop_population,primary_training,81,climate_zone=D,-0.005694056315386536
drop_population,primary_training,81,climate_zone=E,-0.09548972417140976
drop_population,primary_training,81,hemisphere=S,-0.027445887475309804
drop_population,primary_training,81,spatial_block=Asia,-0.0627365417899843
drop_population,primary_training,81,spatial_block=Europe,-0.06644120508075861
drop_population,primary_training,81,spatial_block=North America,-0.0914734640750832
drop_population,primary_training,81,spatial_block=Oceania,-0.05486648644129177
drop_population,primary_training,81,spatial_block=South America,-0.05894097361147271
drop_population,primary_training,81,income_group=Low-income countries,0.003947655869293402
drop_population,primary_training,81,income_group=Lower-middle-income countries,-0.002802754123115625
drop_population,primary_training,81,income_group=Upper-middle-income countries,-0.009379627029909389
drop_population,primary_training,82,intercept,0.1881993613701335
drop_population,primary_training,82,cum_co2_per_capita,0.01025964570356277
drop_population,primary_training,82,cum_co2_total,0.001623662439817219
drop_population,primary_training,82,abs_latitude,0.0007594391855129171
drop_population,primary_training,82,elevation,-2.8564856579651657e-06
drop_population,primary_training,82,continentality,2.9659272683495096e-05
drop_population,primary_training,82,station_density,-0.0012462295994464208
drop_population,primary_training,82,climate_zone=B,0.0030895751705249095
drop_population,primary_training,82,climate_zone=C,-0.017334241698076645
drop_population,primary_training,82,climate_zone=D,0.004143889721940346
drop_population,primary_training,82,climate_zone=E,-0.08164723494935203
drop_population,primary_training,82,hemisphere=S,-0.024060346577061995
drop_population,primary_training,82,spatial_block=Asia,-0.06001588707294115
drop_population,primary_training,82,spatial_block=Europe,-0.060775880971101946
drop_population,primary_training,82,spatial_block=North America,-0.09274086407592186
drop_population,primary_training,82,spatial_block=Oceania,-0.062473750372908435
drop_population,primary_training,82,spatial_block=South America,-0.06215757903910981
drop_population,primary_training,82,income_group=Low-income countries,-0.0029719036412643673
drop_population,primary_training,82,income_group=Lower-middle-income countries,-0.015154505412777306
drop_population,primary_training,82,income_group=Upper-middle-income countries,-0.02141479866858612
drop_population,primary_training,83,intercept,0.17388387031728922
drop_population,primary_training,83,cum_co2_per_capita,0.011023602582791794
drop_population,primary_training,83,cum_co2_total,0.0025385869642689267
drop_population,primary_training,83,abs_latitude,0.0011965584351531823
drop_population,primary_training,83,elevation,2.1590041273545254e-07
drop_population,primary_training,83,continentality,3.9345662729391294e-05
drop_population,primary_training,83,station_density,-0.0022525129822077977
drop_population,primary_training,83,climate_zone=B,-0.0003268299890794132
drop_population,primary_training,83,climate_zone=C,-0.027541661136329616
drop_population,primary_training,83,climate_zone=D,-0.014383423281016557
drop_population,primary_training,83,climate_zone=E,-0.1035915824318423
drop_population,primary_training,83,hemisphere=S,-0.03030447336244582
drop_population,primary_training,83,spatial_block=Asia,-0.047038048732856844
drop_population,primary_training,83,spatial_block=Europe,-0.05821766432231231
drop_population,primary_training,83,spatial_block=North America,-0.09040421902337357
drop_population,primary_training,83,spatial_block=Oceania,-0.05357601825692707
drop_population,primary_training,83,spatial_block=South America,-0.05780795387420947
drop_population,primary_training,83,income_group=Low-income countries,0.000863956817603742
drop_population,primary_training,83,income_group=Lower-middle-income countries,-0.007033196312254877
drop_population,primary_training,83,income_group=Upper-middle-income countries,-0.016327167271440467
drop_population,primary_training,84,intercept,0.16696718131746374
drop_population,primary_training,84,cum_co2_per_capita,0.010737582260596202
drop_population,primary_training,84,cum_co2_total,0.0033027034162450668
drop_population,primary_training,84,abs_latitude,0.001257880780857137
drop_population,primary_training,84,elevation,-1.8744208425993652e-06
drop_population,primary_training,84,continentality,4.611463789515812e-05
drop_population,primary_training,84,station_density,-0.0015015599468421457
drop_population,primary_training,84,climate_zone=B,0.0010172321419918357
drop_population,primary_training,84,climate_zone=C,-0.024358371685837387
drop_population,primary_training,84,climate_zone=D,-0.00859199713741612
drop_population,primary_training,84,climate_zone=E,-0.0949054254548072
drop_population,primary_training,84,hemisphere=S,-0.027613160412047248
drop_population,primary_training,84,spatial_block=Asia,-0.058525778446822926
drop_population,primary_training,84,spatial_block=Europe,-0.06504304010043807
drop_population,primary_training,84,spatial_block=North America,-0.09200800706574022
drop_population,primary_training,84,spatial_block=Oceania,-0.05568124998218124
drop_population,primary_training,84,spatial_block=South America,-0.06229780365761738
drop_population,primary_training,84,income_group=Low-income countries,0.0028642307790017058
drop_population,primary_training,84,income_group=Lower-middle-income countries,-0.007315083110131225
drop_population,primary_training,84,income_group=Upper-middle-income countries,-0.011646200267778739
drop_population,primary_training,85,intercept,0.17017717735453725
drop_population,primary_training,85,cum_co2_per_capita,0.01202169200827024
drop_population,primary_training,85,cum_co2_total,0.0038993461225023873
drop_population,primary_training,85,abs_latitude,0.0009426333192638428
drop_population,primary_training,85,elevation,-9.096497336324624e-07
drop_population,primary_training,85,continentality,4.23938577825776e-05
drop_population,primary_training,85,station_density,-0.0018298899938920838
drop_population,primary_training,85,climate_zone=B,0.006813036426083891
drop_population,primary_training,85,climate_zone=C,-0.021401793060359938
drop_population,primary_training,85,climate_zone=D,-0.0022170940958641137
drop_population,primary_training,85,climate_zone=E,-0.08922465427541688
drop_population,primary_training,85,hemisphere=S,-0.02641105634950113
drop_population,primary_training,85,spatial_block=Asia,-0.0516280625630373
drop_population,primary_training,85,spatial_block=Europe,-0.05789939294490947
drop_population,primary_training,85,spatial_block=North America,-0.08995648705506884
drop_population,primary_training,85,spatial_block=Oceania,-0.05656061182007923
drop_population,primary_training,85,spatial_block=South America,-0.06239397532722601
drop_population,primary_training,85,income_group=Low-income countries,0.0010665818915936813
drop_population,primary_training,85,income_group=Lower-middle-income countries,-0.011330706521269267
drop_population,primary_training,85,income_group=Upper-middle-income countries,-0.01648440863095137
drop_population,primary_training,86,intercept,0.16610547347825233
drop_population,primary_training,86,cum_co2_per_capita,0.012710579142384004
drop_population,primary_training,86,cum_co2_total,0.004730257484701933
drop_population,primary_training,86,abs_latitude,0.0008161416631220605
drop_population,primary_training,86,elevation,-2.450191023898079e-06
drop_population,primary_training,86,continentality,4.565966448419569e-05
drop_population,primary_training,86,station_density,-0.0020079841950697017
drop_population,primary_training,86,climate_zone=B,0.008788284558361639
drop_population,primary_training,86,climate_zone=C,-0.021158950481356447
drop_population,primary_training,86,climate_zone=D,0.00753449279844605
drop_population,primary_training,86,climate_zone=E,-0.08108467863604286
drop_population,primary_training,86,hemisphere=S,-0.025361650180156937
drop_population,primary_training,86,spatial_block=Asia,-0.05165636766586807
drop_population,primary_training,86,spatial_block=Europe,-0.057297820317098576
drop_population,primary_training,86,spatial_block=North America,-0.08861557581785844
drop_population,primary_training,86,spatial_block=Oceania,-0.05554888955037033
drop_population,primary_training,86,spatial_block=South America,-0.06140308568052587
drop_population,primary_training,86,income_group=Low-income countries,0.003332266597715711
drop_population,primary_training,86,income_group=Lower-middle-income countries,-0.008795230339222923
drop_population,primary_training,86,income_group=Upper-middle-income countries,-0.015487996427401623
drop_population,primary_training,87,intercept,0.16182176600297624
drop_population,primary_training,87,cum_co2_per_capita,0.014479455238097563
drop_population,primary_training,87,cum_co2_total,0.004112867138966315
drop_population,primary_training,87,abs_latitude,0.0007441944791940857
drop_population,primary_training,87,elevation,-1.6907501817989687e-06
drop_population,primary_training,87,continentality,4.636061070195259e-05
drop_population,primary_training,87,station_density,-0.0015237360341598275
drop_population,primary_training,87,climate_zone=B,0.00959608865864027
drop_population,primary_training,87,climate_zone=C,-0.019190052654792678
drop_population,primary_training,87,climate_zone=D,0.0009213822837990385
drop_population,primary_training,87,climate_zone=E,-0.07928526560998254
drop_population,primary_training,87,hemisphere=S,-0.026248290061765697
drop_population,primary_training,87,spatial_block=Asia,-0.05133451402210869
drop_population,primary_training,87,spatial_block=Europe,-0.05362782603928467
drop_population,primary_training,87,spatial_block=North America,-0.08778339540065115
drop_population,primary_training,87,spatial_block=Oceania,-0.05275288717454032
drop_population,primary_training,87,spatial_block=South America,-0.06205120788956152
drop_population,primary_training,87,income_group=Low-income countries,0.007417890977172893
drop_population,primary_training,87,income_group=Lower-middle-income countries,-0.005961629004115407
drop_population,primary_training,87,income_group=Upper-middle-income countries,-0.01204750483526908
drop_population,primary_training,88,intercept,0.16897633261635125
drop_population,primary_training,88,cum_co2_per_capita,0.01222597283661786
drop_population,primary_training,88,cum_co2_total,0.003360935855473733
drop_population,primary_training,88,abs_latitude,0.0009766568582011042
drop_population,primary_training,88,elevation,-1.5219377610413558e-06
drop_population,primary_training,88,continentality,4.146574380564634e-05
drop_population,primary_training,88,station_density,-0.0020408057769649647
drop_population,primary_training,88,climate_zone=B,0.006895749545240661
drop_population,primary_training,88,climate_zone=C,-0.02169626576553218
drop_population,primary_training,88,climate_zone=D,-0.00024623538076291244
drop_population,primary_training,88,climate_zone=E,-0.08376798158821949
drop_population,primary_training,88,hemisphere=S,-0.025595786313759708
drop_population,primary_training,88,spatial_block=Asia,-0.051121624563963304
drop_population,primary_training,88,spatial_block=Europe,-0.06358034661766622
drop_population,primary_training,88,spatial_block=North America,-0.08916492198632624
drop_population,primary_training,88,spatial_block=Oceania,-0.056339099165844085
drop_population,primary_training,88,spatial_block=South America,-0.0617949523740737
drop_population,primary_training,88,income_group=Low-income countries,0.003367453037082352
drop_population,primary_training,88,income_group=Lower-middle-income countries,-0.009103303285282457
drop_population,primary_training,88,income_group=Upper-middle-income countries,-0.01415652850806732
drop_population,primary_training,89,intercept,0.1652988440831156
drop_population,primary_training,89,cum_co2_per_capita,0.014648348379556583
drop_population,primary_training,89,cum_co2_total,0.004253706332236565
drop_population,primary_training,89,abs_latitude,0.0006904305089083957
drop_population,primary_training,89,elevation,-2.0844906205395113e-06
drop_population,primary_training,89,continentality,4.6926600497054375e-05
drop_population,primary_training,89,station_density,-0.0016297783181533337
drop_population,primary_training,89,climate_zone=B,0.009998430877775953
drop_population,primary_training,89,climate_zone=C,-0.020659521005773937
drop_population,primary_training,89,climate_zone=D,0.009760870390294791
drop_population,primary_training,89,climate_zone=E,-0.08451329709507645
drop_population,primary_training,89,hemisphere=S,-0.025611558771932816
drop_population,primary_training,89,spatial_block=Asia,-0.051876768593002436
drop_population,primary_training,89,spatial_block=Europe,-0.049095808502700976
drop_population,primary_training,89,spatial_block=North America,-0.08845171285454222
drop_population,primary_training,89,spatial_block=Oceania,-0.054399682925680024
drop_population,primary_training,89,spatial_block=South America,-0.06135585714339606
drop_population,primary_training,89,income_group=Low-income countries,0.004039036105349087
drop_population,primary_training,89,income_group=Lower-middle-income countries,-0.008631762846760172
drop_population,primary_training,89,income_group=Upper-middle-income countries,-0.016656140963999963
drop_population,primary_training,90,intercept,0.16389781317327007
drop_population,primary_training,90,cum_co2_per_capita,0.014393854301961507
drop_population,primary_training,90,cum_co2_total,0.003470517777295923
drop_population,primary_training,90,abs_latitude,0.00075797274848046
drop_population,primary_training,90,elevation,-2.1965380152202536e-06
drop_population,primary_training,90,continentality,4.4366029948890246e-05
drop_population,primary_training,90,station_density,-0.001816355078547841
drop_population,primary_training,90,climate_zone=B,0.009551855804394051
drop_population,primary_training,90,climate_zone=C,-0.018804327288030206
drop_population,primary_training,90,climate_zone=D,0.0066121757500193735
drop_population,primary_training,90,climate_zone=E,-0.08567684576242612
drop_population,primary_training,90,hemisphere=S,-0.025484046101164642
drop_population,primary_training,90,spatial_block=Asia,-0.050227506009776046
drop_population,primary_training,90,spatial_block=Europe,-0.04837366763339958
drop_population,primary_training,90,spatial_block=North America,-0.08787252449006787
drop_population,primary_training,90,spatial_block=Oceania,-0.05389524327459085
drop_population,primary_training,90,spatial_block=South America,-0.061825493013194746
drop_population,primary_training,90,income_group=Low-income countries,0.007532555183144563
drop_population,primary_training,90,income_group=Lower-middle-income countries,-0.005891463685290893
drop_population,primary_training,90,income_group=Upper-middle-income countries,-0.011510150111301094
drop_population,primary_training,91,intercept,0.1652713803531497
drop_population,primary_training,91,cum_co2_per_capita,0.014635189908055507
drop_population,primary_training,91,cum_co2_total,0.004280140504399942
drop_population,primary_training,91,abs_latitude,0.0006901087409340844
drop_population,primary_training,91,elevation,-2.07988838288373e-06
drop_population,primary_training,91,continentality,4.693032419635889e-05
drop_population,primary_training,91,station_density,-0.001634014580222644
drop_population,primary_training,91,climate_zone=B,0.00999167696095741
drop_population,primary_training,91,climate_zone=C,-0.020648115717325315
drop_population,primary_training,91,climate_zone=D,0.009697531138812063
drop_population,primary_training,91,climate_zone=E,-0.08457838108064832
drop_population,primary_training,91,hemisphere=S,-0.025617716810488855
drop_population,primary_training,91,spatial_block=Asia,-0.051875503197357904
drop_population,primary_training,91,spatial_block=Europe,-0.0490051455911538
drop_population,primary_training,91,spatial_block=North America,-0.08845138698730151
drop_population,primary_training,91,spatial_block=Oceania,-0.054414992535177474
drop_population,primary_training,91,spatial_block=South America,-0.06136467941367985
drop_population,primary_training,91,income_group=Low-income countries,0.004032089797829972
drop_population,primary_training,91,income_group=Lower-middle-income countries,-0.008639585914139773
drop_population,primary_training,91,income_group=Upper-middle-income countries,-0.016666296201067302
drop_population,primary_training,92,intercept,0.155797401252501
drop_population,primary_training,92,cum_co2_per_capita,0.01719504031048837
drop_population,primary_training,92,cum_co2_total,0.0034307300540552883
drop_population,primary_training,92,abs_latitude,0.0011504939741273255
drop_population,primary_training,92,elevation,-1.2536466207173686e-06
drop_population,primary_training,92,continentality,3.327561414274885e-05
drop_population,primary_training,92,station_density,-0.0017346010294311174
drop_population,primary_training,92,climate_zone=B,0.011080829539700987
drop_population,primary_training,92,climate_zone=C,-0.021771198999550552
drop_population,primary_training,92,climate_zone=D,-0.009259603401267866
drop_population,primary_training,92,climate_zone=E,-0.09612568116384174
drop_population,primary_training,92,hemisphere=S,-0.026708931728922556
drop_population,primary_training,92,spatial_block=Asia,-0.04884528799010304
drop_population,primary_training,92,spatial_block=Europe,-0.06187002537821012
drop_population,primary_training,92,spatial_block=North America,-0.08988228539359736
drop_population,primary_training,92,spatial_block=Oceania,-0.0601249338992108
drop_population,primary_training,92,spatial_block=South America,-0.060826300280022484
drop_population,primary_training,92,income_group=Low-income countries,0.017493743332852654
drop_population,primary_training,92,income_group=Lower-middle-income countries,-0.0015336934310429464
drop_population,primary_training,92,income_group=Upper-middle-income countries,-0.014297745632631299
drop_population,primary_training,93,intercept,0.1665524109750176
drop_population,primary_training,93,cum_co2_per_capita,0.01283267865371045
drop_population,primary_training,93,cum_co2_total,0.004452051268649579
drop_population,primary_training,93,abs_latitude,0.0008171823247290472
drop_population,primary_training,93,elevation,-2.550485199188553e-06
drop_population,primary_training,93,continentality,4.5291547325477926e-05
drop_population,primary_training,93,station_density,-0.001985721198071691
drop_population,primary_training,93,climate_zone=B,0.008871389678048418
drop_population,primary_training,93,climate_zone=C,-0.020914983537237173
drop_population,primary_training,93,climate_zone=D,0.007311317000591826
drop_population,primary_training,93,climate_zone=E,-0.07984516150382515
drop_population,primary_training,93,hemisphere=S,-0.025283344389512803
drop_population,primary_training,93,spatial_block=Asia,-0.051467113123025744
drop_population,primary_training,93,spatial_block=Europe,-0.05873340284941584
drop_population,primary_training,93,spatial_block=North America,-0.0886046988832063
drop_population,primary_training,93,spatial_block=Oceania,-0.05567119537090337
drop_population,primary_training,93,spatial_block=South America,-0.061365571425946966
drop_population,primary_training,93,income_group=Low-income countries,0.0034702347019917182
drop_population,primary_training,93,income_group=Lower-middle-income countries,-0.008767409743067585
drop_population,primary_training,93,income_group=Upper-middle-income countries,-0.015386918454921588
drop_population,primary_training,94,intercept,0.1680399628121989
drop_population,primary_training,94,cum_co2_per_capita,0.011198604268878492
drop_population,primary_training,94,cum_co2_total,0.004285776405909369
drop_population,primary_training,94,abs_latitude,0.0008351128417985305
drop_population,primary_training,94,elevation,-6.522747551388849e-07
drop_population,primary_training,94,continentality,4.1581770786703365e-05
drop_population,primary_training,94,station_density,-0.001987684668273495
drop_population,primary_training,94,climate_zone=B,0.008906291351948047
drop_population,primary_training,94,climate_zone=C,-0.01874312483262563
drop_population,primary_training,94,climate_zone=D,-0.0018242870319080161
drop_population,primary_training,94,climate_zone=E,-0.07561417550715636
drop_population,primary_training,94,hemisphere=S,-0.0264196993209323
drop_population,primary_training,94,spatial_block=Asia,-0.05011229270603979
drop_population,primary_training,94,spatial_block=Europe,-0.06102267055539301
drop_population,primary_training,94,spatial_block=North America,-0.08782069694451039
drop_population,primary_training,94,spatial_block=Oceania,-0.0535136021476965
drop_population,primary_training,94,spatial_block=South America,-0.06242021541756841
drop_population,primary_training,94,income_group=Low-income countries,0.0037829190204264665
drop_population,primary_training,94,income_group=Lower-middle-income countries,-0.00854990560716317
drop_population,primary_training,94,income_group=Upper-middle-income countries,-0.012066104778202514
drop_population,primary_training,95,intercept,0.1668380050669735
drop_population,primary_training,95,cum_co2_per_capita,0.013193210014703144
drop_population,primary_training,95,cum_co2_total,0.003133371597998461
drop_population,primary_training,95,abs_latitude,0.0008373619060799661
drop_population,primary_training,95,elevation,2.5829834745513284e-07
drop_population,primary_training,95,continentality,4.2331062371705204e-05
drop_population,primary_training,95,station_density,-0.0014871828097315605
drop_population,primary_training,95,climate_zone=B,0.008397208372089883
drop_population,primary_training,95,climate_zone=C,-0.019033148274989833
drop_population,primary_training,95,climate_zone=D,-0.00757100954760942
drop_population,primary_training,95,climate_zone=E,-0.0795760626948398
drop_population,primary_training,95,hemisphere=S,-0.02723328679983146
drop_population,primary_training,95,spatial_block=Asia,-0.050697305059407165
drop_population,primary_training,95,spatial_block=Europe,-0.05898641943495396
drop_population,primary_training,95,spatial_block=North America,-0.08814976308811945
drop_population,primary_training,95,spatial_block=Oceania,-0.05237281150804775
drop_population,primary_training,95,spatial_block=South America,-0.06276118302256002
drop_population,primary_training,95,income_group=Low-income countries,0.005062664144448033
drop_population,primary_training,95,income_group=Lower-middle-income countries,-0.008030273914969967
drop_population,primary_training,95,income_group=Upper-middle-income countries,-0.01195708769331137
drop_population,primary_training,96,intercept,0.16675004387364567
drop_population,primary_training,96,cum_co2_per_capita,0.013515584753275427
drop_population,primary_training,96,cum_co2_total,0.002894773138471529
drop_population,primary_training,96,abs_latitude,0.0008405254853391174
drop_population,primary_training,96,elevation,3.144203112862383e-07
drop_population,primary_training,96,continentality,4.2219105810809215e-05
drop_population,primary_training,96,station_density,-0.0015321653802287216
drop_population,primary_training,96,climate_zone=B,0.008176897265649248
drop_population,primary_training,96,climate_zone=C,-0.01874977565981556
drop_population,primary_training,96,climate_zone=D,-0.008672927851207794
drop_population,primary_training,96,climate_zone=E,-0.08025444018559595
drop_population,primary_training,96,hemisphere=S,-0.027271967404803223
drop_population,primary_training,96,spatial_block=Asia,-0.05039769760784071
drop_population,primary_training,96,spatial_block=Europe,-0.05876222248002445
drop_population,primary_training,96,spatial_block=North America,-0.08808455671681105
drop_population,primary_training,96,spatial_block=Oceania,-0.05252100569171466
drop_population,primary_training,96,spatial_block=South America,-0.0628004780444851
drop_population,primary_training,96,income_group=Low-income countries,0.005425411965738772
drop_population,primary_training,96,income_group=Lower-middle-income countries,-0.007783621815030872
drop_population,primary_training,96,income_group=Upper-middle-income countries,-0.011651685729737358
drop_population,primary_training,97,intercept,0.16325209071777483
drop_population,primary_training,97,cum_co2_per_capita,0.015012542877369575
drop_population,primary_training,97,cum_co2_total,0.0022425126274982824
drop_population,primary_training,97,abs_latitude,0.0009537472607044153
drop_population,primary_training,97,elevation,-1.806937061889453e-06
drop_population,primary_training,97,continentality,4.2523513090540154e-05
drop_population,primary_training,97,station_density,-0.001918313071860019
drop_population,primary_training,97,climate_zone=B,0.006699440905031363
drop_population,primary_training,97,climate_zone=C,-0.023740855698479696
drop_population,primary_training,97,climate_zone=D,0.0014783323890055595
drop_population,primary_training,97,climate_zone=E,-0.08076471809518264
drop_population,primary_training,97,hemisphere=S,-0.02369084909620613
drop_population,primary_training,97,spatial_block=Asia,-0.04876383485069747
drop_population,primary_training,97,spatial_block=Europe,-0.06431017634468536
drop_population,primary_training,97,spatial_block=North America,-0.08629799120861727
drop_population,primary_training,97,spatial_block=Oceania,-0.054467529191014774
drop_population,primary_training,97,spatial_block=South America,-0.05946743357417569
drop_population,primary_training,97,income_group=Low-income countries,0.00857857950082975
drop_population,primary_training,97,income_group=Lower-middle-income countries,-0.0054116167194066525
drop_population,primary_training,97,income_group=Upper-middle-income countries,-0.013201858793920013
drop_population,primary_training,98,intercept,0.16589506637340015
drop_population,primary_training,98,cum_co2_per_capita,0.013968089612194954
drop_population,primary_training,98,cum_co2_total,0.003431405512183497
drop_population,primary_training,98,abs_latitude,0.0008662315206077075
drop_population,primary_training,98,elevation,-1.6614286020272695e-06
drop_population,primary_training,98,continentality,4.379476860398081e-05
drop_population,primary_training,98,station_density,-0.0019854071623790666
drop_population,primary_training,98,climate_zone=B,0.007632763140215136
drop_population,primary_training,98,climate_zone=C,-0.020362626496683852
drop_population,primary_training,98,climate_zone=D,0.00014904369212974532
drop_population,primary_training,98,climate_zone=E,-0.07872426507879426
drop_population,primary_training,98,hemisphere=S,-0.025776163064310957
drop_population,primary_training,98,spatial_block=Asia,-0.05073283596160388
drop_population,primary_training,98,spatial_block=Europe,-0.06322037862005296
drop_population,primary_training,98,spatial_block=North America,-0.08856153427017419
drop_population,primary_training,98,spatial_block=Oceania,-0.05564319136920618
drop_population,primary_training,98,spatial_block=South America,-0.061829058827179255
drop_population,primary_training,98,income_group=Low-income countries,0.005282921952106252
drop_population,primary_training,98,income_group=Lower-middle-income countries,-0.007681827937330243
drop_population,primary_training,98,income_group=Upper-middle-income countries,-0.013679010229758926
drop_population,primary_training,99,intercept,0.16379704960622052
drop_population,primary_training,99,cum_co2_per_capita,0.011874278836761828
drop_population,primary_training,99,cum_co2_total,0.005827637530325315
drop_population,primary_training,99,abs_latitude,0.0010460488508316117
drop_population,primary_training,99,elevation,-1.6641919370823544e-06
drop_population,primary_training,99,continentality,3.7705889802796005e-05
drop_population,primary_training,99,station_density,-0.0018374543645713498
drop_population,primary_training,99,climate_zone=B,0.011730979350749859
drop_population,primary_training,99,climate_zone=C,-0.022211733420318375
drop_population,primary_training,99,climate_zone=D,-0.0014141501781302888
drop_population,primary_training,99,climate_zone=E,-0.09007662859017945
drop_population,primary_training,99,hemisphere=S,-0.02875490333932378
drop_population,primary_training,99,spatial_block=Asia,-0.059250491208674774
drop_population,primary_training,99,spatial_block=Europe,-0.06059742170967762
drop_population,primary_training,99,spatial_block=North America,-0.0948592571260286
drop_population,primary_training,99,spatial_block=Oceania,-0.058014735933559464
drop_population,primary_training,99,spatial_block=South America,-0.06667597755715421
drop_population,primary_training,99,income_group=Low-income countries,0.006040738918204254
drop_population,primary_training,99,income_group=Lower-middle-income countries,-0.004719202039644262
drop_population,primary_training,99,income_group=Upper-middle-income countries,-0.009179222346627285
drop_population,primary_training,100,intercept,0.15848315116215372
drop_population,primary_training,100,cum_co2_per_capita,0.016587396865152603
drop_population,primary_training,100,cum_co2_total,0.003567711642667649
drop_population,primary_training,100,abs_latitude,0.0006250243778524631
drop_population,primary_training,100,elevation,-2.7138723657406325e-06
drop_population,primary_training,100,continentality,4.7550853171328376e-05
drop_population,primary_training,100,station_density,-0.0014445082349517652
drop_population,primary_training,100,climate_zone=B,0.011528520897722164
drop_population,primary_training,100,climate_zone=C,-0.020136823585783795
drop_population,primary_training,100,climate_zone=D,0.016551092503310872
drop_population,primary_training,100,climate_zone=E,-0.08189652010339879
drop_population,primary_training,100,hemisphere=S,-0.02487231160790175
drop_population,primary_training,100,spatial_block=Asia,-0.0515061112594565
drop_population,primary_training,100,spatial_block=Europe,-0.04419134596239364
drop_population,primary_training,100,spatial_block=North America,-0.08695063742936063
drop_population,primary_training,100,spatial_block=Oceania,-0.05114326202612075
drop_population,primary_training,100,spatial_block=South America,-0.060993740576238645
drop_population,primary_training,100,income_group=Low-income countries,0.011049061953764943
drop_population,primary_training,100,income_group=Lower-middle-income countries,-0.0027591928755744425
drop_population,primary_training,100,income_group=Upper-middle-income countries,-0.01060282737966858
drop_population,primary_training,101,intercept,0.1683192278218427
drop_population,primary_training,101,cum_co2_per_capita,0.012868445142369999
drop_population,primary_training,101,cum_co2_total,0.002903933923340369
drop_population,primary_training,101,abs_latitude,0.0010642452637554757
drop_population,primary_training,101,elevation,-6.296829141629899e-07
drop_population,primary_training,101,continentality,4.107686048068601e-05
drop_population,primary_training,101,station_density,-0.0016966102777799625
drop_population,primary_training,101,climate_zone=B,0.005475457146156863
drop_population,primary_training,101,climate_zone=C,-0.023135901183411495
drop_population,primary_training,101,climate_zone=D,-0.0071294906901602315
drop_population,primary_training,101,hemisphere=S,-0.026278752495488656
drop_population,primary_training,101,spatial_block=Asia,-0.05221873034883121
drop_population,primary_training,101,spatial_block=Europe,-0.06076538582413299
drop_population,primary_training,101,spatial_block=North America,-0.09000707685422306
drop_population,primary_training,101,spatial_block=Oceania,-0.05627460382140187
drop_population,primary_training,101,spatial_block=South America,-0.06223792297587286
drop_population,primary_training,101,income_group=Low-income countries,0.0036192603777797177
drop_population,primary_training,101,income_group=Lower-middle-income countries,-0.009361469618728635
drop_population,primary_training,101,income_group=Upper-middle-income countries,-0.014529819083070215
drop_population,primary_training,102,intercept,0.1678107661238445
drop_population,primary_training,102,cum_co2_per_capita,0.013109240398944224
drop_population,primary_training,102,cum_co2_total,0.0028790401688092017
drop_population,primary_training,102,abs_latitude,0.0011113018178519427
drop_population,primary_training,102,elevation,-2.6459331507191873e-07
drop_population,primary_training,102,continentality,4.057616825013575e-05
drop_population,primary_training,102,station_density,-0.0016900677142730866
drop_population,primary_training,102,climate_zone=B,0.004552509740829294
drop_population,primary_training,102,climate_zone=C,-0.023830510853600502
drop_population,primary_training,102,climate_zone=D,-0.009987192503713428
drop_population,primary_training,102,climate_zone=E,-0.09639761149089733
drop_population,primary_training,102,hemisphere=S,-0.026453689535999313
drop_population,primary_training,102,spatial_block=Asia,-0.05252734570813741
drop_population,primary_training,102,spatial_block=Europe,-0.05997729899231016
drop_population,primary_training,102,spatial_block=North America,-0.09037962232797371
drop_population,primary_training,102,spatial_block=Oceania,-0.05676978982116784
drop_population,primary_training,102,spatial_block=South America,-0.06243689723041769
drop_population,primary_training,102,income_group=Low-income countries,0.0038550125975114705
drop_population,primary_training,102,income_group=Lower-middle-income countries,-0.00937473358060149
drop_population,primary_training,102,income_group=Upper-middle-income countries,-0.014697505467316007
drop_population,primary_training,103,intercept,0.16603019466406757
drop_population,primary_training,103,cum_co2_per_capita,0.016408687222820174
drop_population,primary_training,103,cum_co2_total,0.0028241641543466857
drop_population,primary_training,103,abs_latitude,0.0007846823203483816
drop_population,primary_training,103,elevation,-2.4410505637777403e-06
drop_population,primary_training,103,continentality,4.579927100359707e-05
drop_population,primary_training,103,station_density,-0.0018291535730149328
drop_population,primary_training,103,climate_zone=B,0.009581983041523232
drop_population,primary_training,103,climate_zone=C,-0.02329406407555397
drop_population,primary_training,103,climate_zone=D,0.006978095337175555
drop_population,primary_training,103,climate_zone=E,-0.0816937178722657
drop_population,primary_training,103,hemisphere=S,-0.024611115241780748
drop_population,primary_training,103,spatial_block=Asia,-0.05152203480685625
drop_population,primary_training,103,spatial_block=Europe,-0.06019312311933289
drop_population,primary_training,103,spatial_block=North America,-0.08880962532458792
drop_population,primary_training,103,spatial_block=Oceania,-0.056217314739778076
drop_population,primary_training,103,spatial_block=South America,-0.06128919415762198
drop_population,primary_training,103,income_group=Low-income countries,0.0044108259125878796
drop_population,primary_training,103,income_group=Lower-middle-income countries,-0.008455292203358692
drop_population,primary_training,103,income_group=Upper-middle-income countries,-0.01687298523482177
drop_population,primary_training,104,intercept,0.16581073684530756
drop_population,primary_training,104,cum_co2_per_capita,0.013084335460183448
drop_population,primary_training,104,cum_co2_total,0.0033752242029516724
drop_population,primary_training,104,abs_latitude,0.0008203414875981747
drop_population,primary_training,104,elevation,-7.427891763240017e-08
drop_population,primary_training,104,continentality,4.226827036318479e-05
drop_population,primary_training,104,station_density,-0.0015530784224713466
drop_population,primary_training,104,climate_zone=B,0.008805146551084426
drop_population,primary_training,104,climate_zone=C,-0.018660037299975788
drop_population,primary_training,104,climate_zone=D,-0.005975004859965592
drop_population,primary_training,104,climate_zone=E,-0.07794026086131656
drop_population,primary_training,104,hemisphere=S,-0.026972665069028966
drop_population,primary_training,104,spatial_block=Asia,-0.05048575227844863
drop_population,primary_training,104,spatial_block=Europe,-0.05865390394421248
drop_population,primary_training,104,spatial_block=North America,-0.08783908660460753
drop_population,primary_training,104,spatial_block=Oceania,-0.05221411341707029
drop_population,primary_training,104,spatial_block=South America,-0.06269256054723284
drop_population,primary_training,104,income_group=Low-income countries,0.006000062441267607
drop_population,primary_training,104,income_group=Lower-middle-income countries,-0.007216266630295086
drop_population,primary_training,104,income_group=Upper-middle-income countries,-0.011069080763080517
drop_population,primary_training,105,intercept,0.16581073684530756
drop_population,primary_training,105,cum_co2_per_capita,0.013084335460183448
drop_population,primary_training,105,cum_co2_total,0.0033752242029516724
drop_population,primary_training,105,abs_latitude,0.0008203414875981747
drop_population,primary_training,105,elevation,-7.427891763240017e-08
drop_population,primary_training,105,continentality,4.226827036318479e-05
drop_population,primary_training,105,station_density,-0.0015530784224713466
drop_population,primary_training,105,climate_zone=B,0.008805146551084426
drop_population,primary_training,105,climate_zone=C,-0.018660037299975788
drop_population,primary_training,105,climate_zone=D,-0.005975004859965592
drop_population,primary_training,105,climate_zone=E,-0.07794026086131656
drop_population,primary_training,105,hemisphere=S,-0.026972665069028966
drop_population,primary_training,105,spatial_block=Asia,-0.05048575227844863
drop_population,primary_training,105,spatial_block=Europe,-0.05865390394421248
drop_population,primary_training,105,spatial_block=North America,-0.08783908660460753
drop_population,primary_training,105,spatial_block=Oceania,-0.05221411341707029
drop_population,primary_training,105,spatial_block=South America,-0.06269256054723284
drop_population,primary_training,105,income_group=Low-income countries,0.006000062441267607
drop_population,primary_training,105,income_group=Lower-middle-income countries,-0.007216266630295086
drop_population,primary_training,105,income_group=Upper-middle-income countries,-0.011069080763080517
drop_population,primary_training,106,intercept,0.17094565709601456
drop_population,primary_training,106,cum_co2_per_capita,0.012034940127131672
drop_population,primary_training,106,cum_co2_total,0.0037056631929957835
drop_population,primary_training,106,abs_latitude,0.0009279133333862335
drop_population,primary_training,106,elevation,-9.107881771298783e-07
drop_population,primary_training,106,continentality,4.231240943254864e-05
drop_population,primary_training,106,station_density,-0.0018129529748754855
drop_population,primary_training,106,climate_zone=B,0.00708184120293011
drop_population,primary_training,106,climate_zone=C,-0.021232005862032735
drop_population,primary_training,106,climate_zone=D,-0.001337885273135832
drop_population,primary_training,106,climate_zone=E,-0.08929879071138137
drop_population,primary_training,106,hemisphere=S,-0.026378395130406334
drop_population,primary_training,106,spatial_block=Asia,-0.05148836308903924
drop_population,primary_training,106,spatial_block=Europe,-0.05725230434382398
drop_population,primary_training,106,spatial_block=North America,-0.08988728053640777
drop_population,primary_training,106,spatial_block=Oceania,-0.05642122397935702
drop_population,primary_training,106,spatial_block=South America,-0.06231043409311495
drop_population,primary_training,106,income_group=Low-income countries,0.0007325672973318208
drop_population,primary_training,106,income_group=Lower-middle-income countries,-0.011565189627948318
drop_population,primary_training,106,income_group=Upper-middle-income countries,-0.01668396779454794
drop_population,primary_training,107,intercept,0.16366788248473316
drop_population,primary_training,107,cum_co2_per_capita,0.013763614189285584
drop_population,primary_training,107,cum_co2_total,0.004313248777361417
drop_population,primary_training,107,abs_latitude,0.0007949620311883689
drop_population,primary_training,107,elevation,-2.835482912256845e-06
drop_population,primary_training,107,continentality,4.487283744753948e-05
drop_population,primary_training,107,station_density,-0.0018186466942205718
drop_population,primary_training,107,climate_zone=B,0.009147000775060431
drop_population,primary_training,107,climate_zone=C,-0.019399389331668994
drop_population,primary_training,107,climate_zone=D,0.005131854951984115
drop_population,primary_training,107,climate_zone=E,-0.08612760877385497
drop_population,primary_training,107,hemisphere=S,-0.025325565381157676
drop_population,primary_training,107,spatial_block=Asia,-0.05098675464367419
drop_population,primary_training,107,spatial_block=Europe,-0.050174504589116674
drop_population,primary_training,107,spatial_block=North America,-0.08850895181430081
drop_population,primary_training,107,spatial_block=Oceania,-0.055481199659777256
drop_population,primary_training,107,spatial_block=South America,-0.06183946560604611
drop_population,primary_training,107,income_group=Low-income countries,0.00654689001591022
drop_population,primary_training,107,income_group=Lower-middle-income countries,-0.006903316302242612
drop_population,primary_training,107,income_group=Upper-middle-income countries,-0.013176415392593465
drop_population,primary_training,108,intercept,0.1698332547706814
drop_population,primary_training,108,cum_co2_per_capita,0.013683767277206216
drop_population,primary_training,108,cum_co2_total,0.003374993863131514
drop_population,primary_training,108,abs_latitude,0.0008334677524921357
drop_population,primary_training,108,elevation,-1.4829754863798295e-06
drop_population,primary_training,108,continentality,4.5087843255994834e-05
drop_population,primary_training,108,station_density,-0.0017672751428312087
drop_population,primary_training,108,climate_zone=B,0.007969875901831503
drop_population,primary_training,108,climate_zone=C,-0.021089383779264604
drop_population,primary_training,108,climate_zone=D,0.0016377839908314
drop_population,primary_training,108,climate_zone=E,-0.0880401165720669
drop_population,primary_training,108,hemisphere=S,-0.026108175120119283
drop_population,primary_training,108,spatial_block=Asia,-0.05154174732149002
drop_population,primary_training,108,spatial_block=Europe,-0.0549830184912628
drop_population,primary_training,108,spatial_block=North America,-0.08930941253339818
drop_population,primary_training,108,spatial_block=Oceania,-0.056097344750082156
drop_population,primary_training,108,spatial_block=South America,-0.061636049673432836
drop_population,primary_training,108,income_group=Low-income countries,0.001186732996690337
drop_population,primary_training,108,income_group=Lower-middle-income countries,-0.010980147773803009
drop_population,primary_training,108,income_group=Upper-middle-income countries,-0.0178044822634877
drop_population,primary_training,109,intercept,0.1687102063055056
drop_population,primary_training,109,cum_co2_per_capita,0.012152829372428803
drop_population,primary_training,109,cum_co2_total,0.0035709861250537026
drop_population,primary_training,109,abs_latitude,0.000985994312558501
drop_population,primary_training,109,elevation,-1.3511489999535184e-06
drop_population,primary_training,109,continentality,4.1537071526454666e-05
drop_population,primary_training,109,station_density,-0.0019595055364104055
drop_population,primary_training,109,climate_zone=B,0.006769422058271086
drop_population,primary_training,109,climate_zone=C,-0.022327815975762298
drop_population,primary_training,109,climate_zone=D,-0.00023543161030087985
drop_population,primary_training,109,climate_zone=E,-0.08461558777061585
drop_population,primary_training,109,hemisphere=S,-0.025681334247441647
drop_population,primary_training,109,spatial_block=Asia,-0.05162697153784967
drop_population,primary_training,109,spatial_block=Europe,-0.06336426694881576
drop_population,primary_training,109,spatial_block=North America,-0.08939086624274167
drop_population,primary_training,109,spatial_block=Oceania,-0.05625646411296949
drop_population,primary_training,109,spatial_block=South America,-0.0618461720775646
drop_population,primary_training,109,income_group=Low-income countries,0.003137016778198195
drop_population,primary_training,109,income_group=Lower-middle-income countries,-0.009343129554925219
drop_population,primary_training,109,income_group=Upper-middle-income countries,-0.014625372789711343
drop_population,primary_training,110,intercept,0.16834472290102867
drop_population,primary_training,110,cum_co2_per_capita,0.013546115743717961
drop_population,primary_training,110,cum_co2_total,0.002570446646387929
drop_population,primary_training,110,abs_latitude,0.000961298816723156
drop_population,primary_training,110,elevation,-5.758188347026513e-07
drop_population,primary_training,110,continentality,4.0513576754332596e-05
drop_population,primary_training,110,station_density,-0.001939067785700782
drop_population,primary_training,110,climate_zone=B,0.006477530674507901
drop_population,primary_training,110,climate_zone=C,-0.020937033337448414
drop_population,primary_training,110,climate_zone=D,-0.004920527459623365
drop_population,primary_training,110,climate_zone=E,-0.08654211019198127
drop_population,primary_training,110,hemisphere=S,-0.02611246959219254
drop_population,primary_training,110,spatial_block=Asia,-0.050540844029771596
drop_population,primary_training,110,spatial_block=Europe,-0.061030782836354214
drop_population,primary_training,110,spatial_block=North America,-0.08899569958166811
drop_population,primary_training,110,spatial_block=Oceania,-0.055806328941369235
drop_population,primary_training,110,spatial_block=South America,-0.062198342320171865
drop_population,primary_training,110,income_group=Low-income countries,0.004832002405178408
drop_population,primary_training,110,income_group=Lower-middle-income countries,-0.008332978635115375
drop_population,primary_training,110,income_group=Upper-middle-income countries,-0.013238604996762606
drop_population,primary_training,111,intercept,0.1618954230396444
drop_population,primary_training,111,cum_co2_per_capita,0.01335494894001842
drop_population,primary_training,111,cum_co2_total,0.004927825785450665
drop_population,primary_training,111,abs_latitude,0.0007341032785539205
drop_population,primary_training,111,elevation,-2.190785585868694e-06
drop_population,primary_training,111,continentality,4.5750482710073574e-05
drop_population,primary_training,111,station_density,-0.0019230119942305166
drop_population,primary_training,111,climate_zone=B,0.009868768131679672
drop_population,primary_training,111,climate_zone=C,-0.018721295725642406
drop_population,primary_training,111,climate_zone=D,0.004355268411870211
drop_population,primary_training,111,climate_zone=E,-0.07479431963775277
drop_population,primary_training,111,hemisphere=S,-0.02572918506659757
drop_population,primary_training,111,spatial_block=Asia,-0.0506967231327522
drop_population,primary_training,111,spatial_block=Europe,-0.05619274821523079
drop_population,primary_training,111,spatial_block=North America,-0.08738532716256173
drop_population,primary_training,111,spatial_block=Oceania,-0.05343418985823889
drop_population,primary_training,111,spatial_block=South America,-0.06190040493676745
drop_population,primary_training,111,income_group=Low-income countries,0.007208862834499499
drop_population,primary_training,111,income_group=Lower-middle-income countries,-0.005802357661983048
drop_population,primary_training,111,income_group=Upper-middle-income countries,-0.011574219076596292
drop_population,primary_training,112,intercept,0.16698146691922358
drop_population,primary_training,112,cum_co2_per_capita,0.014298582696889751
drop_population,primary_training,112,cum_co2_total,0.0019001140812979767
drop_population,primary_training,112,abs_latitude,0.0010204453502807645
drop_population,primary_training,112,elevation,-8.822318309411213e-07
drop_population,primary_training,112,continentality,4.247398150490043e-05
drop_population,primary_training,112,station_density,-0.001492967796633398
drop_population,primary_training,112,climate_zone=B,0.0059554473389888075
drop_population,primary_training,112,climate_zone=C,-0.025475091946387994
drop_population,primary_training,112,climate_zone=D,-0.005503456347645811
drop_population,primary_training,112,climate_zone=E,-0.09046337542127422
drop_population,primary_training,112,hemisphere=S,-0.02429787067887885
drop_population,primary_training,112,spatial_block=Asia,-0.05023506188837961
drop_population,primary_training,112,spatial_block=Europe,-0.060245083866622175
drop_population,primary_training,112,spatial_block=North America,-0.08802162146107126
drop_population,primary_training,112,spatial_block=Oceania,-0.05427501454497564
drop_population,primary_training,112,spatial_block=South America,-0.06134129366616298
drop_population,primary_training,112,income_group=Low-income countries,0.0048439129186996195
drop_population,primary_training,112,income_group=Lower-middle-income countries,-0.009462268216010147
drop_population,primary_training,112,income_group=Upper-middle-income countries,-0.014068221195980462
drop_population,primary_training,113,intercept,0.15875555190889704
drop_population,primary_training,113,cum_co2_per_capita,0.01612095582290566
drop_population,primary_training,113,cum_co2_total,0.00393197945408033
drop_population,primary_training,113,abs_latitude,0.0006261363402587395
drop_population,primary_training,113,elevation,-2.6381844121462358e-06
drop_population,primary_training,113,continentality,4.679462735081736e-05
drop_population,primary_training,113,station_density,-0.001638447624812946
drop_population,primary_training,113,climate_zone=B,0.011173892046894866
drop_population,primary_training,113,climate_zone=C,-0.018790126349802597
drop_population,primary_training,113,climate_zone=D,0.013700803652649841
drop_population,primary_training,113,climate_zone=E,-0.08363345533376672
drop_population,primary_training,113,hemisphere=S,-0.0250901158542139
drop_population,primary_training,113,spatial_block=Asia,-0.050691502261817824
drop_population,primary_training,113,spatial_block=Europe,-0.042305670654791516
drop_population,primary_training,113,spatial_block=North America,-0.08701404084900043
drop_population,primary_training,113,spatial_block=Oceania,-0.052019027638127276
drop_population,primary_training,113,spatial_block=South America,-0.061466355930789515
drop_population,primary_training,113,income_group=Low-income countries,0.010884730991337398
drop_population,primary_training,113,income_group=Lower-middle-income countries,-0.00310999743180826
drop_population,primary_training,113,income_group=Upper-middle-income countries,-0.010248232802185125
drop_population,primary_training,114,intercept,0.1735504636135032
drop_population,primary_training,114,cum_co2_per_capita,0.012120904015160973
drop_population,primary_training,114,cum_co2_total,0.0037311622188345487
drop_population,primary_training,114,abs_latitude,0.00032148814207585155
drop_population,primary_training,114,elevation,-4.884198469662674e-06
drop_population,primary_training,114,continentality,3.395111327689578e-05
drop_population,primary_training,114,station_density,-0.0010974971885908992
drop_population,primary_training,114,climate_zone=B,0.01118955013925713
drop_population,primary_training,114,climate_zone=C,-0.009619768149612748
drop_population,primary_training,114,climate_zone=D,0.01692272523593179
drop_population,primary_training,114,climate_zone=E,-0.0546931284359028
drop_population,primary_training,114,hemisphere=S,-0.02351238088425524
drop_population,primary_training,114,spatial_block=Asia,-0.05357436610171149
drop_population,primary_training,114,spatial_block=Europe,-0.05391017212968215
drop_population,primary_training,114,spatial_block=North America,-0.0854300400200864
drop_population,primary_training,114,spatial_block=Oceania,-0.05641297990206849
drop_population,primary_training,114,spatial_block=South America,-0.055033653907531614
drop_population,primary_training,114,income_group=Low-income countries,0.010401429456919582
drop_population,primary_training,114,income_group=Lower-middle-income countries,-0.0049890481040369234
drop_population,primary_training,114,income_group=Upper-middle-income countries,-0.021743978474556523
drop_population,primary_training,115,intercept,0.16114549406978643
drop_population,primary_training,115,cum_co2_per_capita,0.01561677557695574
drop_population,primary_training,115,cum_co2_total,0.003886023653947163
drop_population,primary_training,115,abs_latitude,0.0006525970940239558
drop_population,primary_training,115,elevation,-2.411184405135134e-06
drop_population,primary_training,115,continentality,4.626005377514027e-05
drop_population,primary_training,115,station_density,-0.00163906517475104
drop_population,primary_training,115,climate_zone=B,0.010766037023522445
drop_population,primary_training,115,climate_zone=C,-0.01919891341354318
drop_population,primary_training,115,climate_zone=D,0.012394005605317015
drop_population,primary_training,115,climate_zone=E,-0.08377692595893256
drop_population,primary_training,115,hemisphere=S,-0.02524049565161148
drop_population,primary_training,115,spatial_block=Asia,-0.05087680915652027
drop_population,primary_training,115,spatial_block=Europe,-0.044855522626091646
drop_population,primary_training,115,spatial_block=North America,-0.08750742037949226
drop_population,primary_training,115,spatial_block=Oceania,-0.05282295113047475
drop_population,primary_training,115,spatial_block=South America,-0.06150595601165723
drop_population,primary_training,115,income_group=Low-income countries,0.00885882107220998
drop_population,primary_training,115,income_group=Lower-middle-income countries,-0.00482317622316366
drop_population,primary_training,115,income_group=Upper-middle-income countries,-0.011986332039022355
drop_population,primary_training,116,intercept,0.16071220769763842
drop_population,primary_training,116,cum_co2_per_capita,0.01547254362735452
drop_population,primary_training,116,cum_co2_total,0.003988950306603054
drop_population,primary_training,116,abs_latitude,0.0006901367856285589
drop_population,primary_training,116,elevation,-3.119867384774503e-06
drop_population,primary_training,116,continentality,4.725740924462073e-05
drop_population,primary_training,116,station_density,-0.0015709419596647404
drop_population,primary_training,116,climate_zone=B,0.010709090006595022
drop_population,primary_training,116,climate_zone=C,-0.020345046135647218
drop_population,primary_training,116,climate_zone=D,0.013110489725602924
drop_population,primary_training,116,climate_zone=E,-0.08314911965894066
drop_population,primary_training,116,hemisphere=S,-0.02486872752088965
drop_population,primary_training,116,spatial_block=Asia,-0.051699564659622554
drop_population,primary_training,116,spatial_block=Europe,-0.04729439670528398
drop_population,primary_training,116,spatial_block=North America,-0.08766402898856175
drop_population,primary_training,116,spatial_block=Oceania,-0.05319381952624237
drop_population,primary_training,116,spatial_block=South America,-0.06105876214697604
drop_population,primary_training,116,income_group=Low-income countries,0.00868515841430828
drop_population,primary_training,116,income_group=Lower-middle-income countries,-0.004784554333020175
drop_population,primary_training,116,income_group=Upper-middle-income countries,-0.01260581670061145
drop_population,primary_training,117,intercept,0.16472270919422227
drop_population,primary_training,117,cum_co2_per_capita,0.014285479508427193
drop_population,primary_training,117,cum_co2_total,0.004245646516982201
drop_population,primary_training,117,abs_latitude,0.0008665361410758909
drop_population,primary_training,117,elevation,-1.8302416356559622e-06
drop_population,primary_training,117,continentality,4.619565727689484e-05
drop_population,primary_training,117,station_density,-0.0015833088623893395
drop_population,primary_training,117,climate_zone=B,0.007643816906500006
drop_population,primary_training,117,climate_zone=C,-0.02324894318582926
drop_population,primary_training,117,climate_zone=D,0.004271979686299261
drop_population,primary_training,117,climate_zone=E,-0.08597164675188627
drop_population,primary_training,117,hemisphere=S,-0.025764797989589677
drop_population,primary_training,117,spatial_block=Asia,-0.053200184568302576
drop_population,primary_training,117,spatial_block=Europe,-0.05754344070985449
drop_population,primary_training,117,spatial_block=North America,-0.0896176537360962
drop_population,primary_training,117,spatial_block=Oceania,-0.055700954820732
drop_population,primary_training,117,spatial_block=South America,-0.06156522211756894
drop_population,primary_training,117,income_group=Low-income countries,0.0038400846050164867
drop_population,primary_training,117,income_group=Lower-middle-income countries,-0.00895940800268087
drop_population,primary_training,117,income_group=Upper-middle-income countries,-0.01697851588409036
drop_population,primary_training,118,intercept,0.1594778877601274
drop_population,primary_training,118,cum_co2_per_capita,0.01781303855412736
drop_population,primary_training,118,cum_co2_total,0.0009240977902431771
drop_population,primary_training,118,abs_latitude,0.0009037182820763537
drop_population,primary_training,118,elevation,-4.308226584828068e-07
drop_population,primary_training,118,continentality,4.482616645240009e-05
drop_population,primary_training,118,station_density,-0.001329499261185888
drop_population,primary_training,118,climate_zone=B,0.00342223877238403
drop_population,primary_training,118,climate_zone=C,-0.027919889925548797
drop_population,primary_training,118,climate_zone=D,-0.006077689340626173
drop_population,primary_training,118,climate_zone=E,-0.08965999745659092
drop_population,primary_training,118,hemisphere=S,-0.020468993670531992
drop_population,primary_training,118,spatial_block=Asia,-0.04389054552421269
drop_population,primary_training,118,spatial_block=Europe,-0.053324028163514156
drop_population,primary_training,118,spatial_block=North America,-0.08230561979369015
drop_population,primary_training,118,spatial_block=Oceania,-0.05106900210760814
drop_population,primary_training,118,spatial_block=South America,-0.05805269637301187
drop_population,primary_training,118,income_group=Low-income countries,0.010799798809407749
drop_population,primary_training,118,income_group=Lower-middle-income countries,-0.00786290433871847
drop_population,primary_training,118,income_group=Upper-middle-income countries,-0.014360173565028278
drop_population,primary_training,119,intercept,0.16704739949626915
drop_population,primary_training,119,cum_co2_per_capita,0.012728963774453438
drop_population,primary_training,119,cum_co2_total,0.0037546779679948983
drop_population,primary_training,119,abs_latitude,0.0007528797219868949
drop_population,primary_training,119,elevation,-2.9559560985413885e-07
drop_population,primary_training,119,continentality,4.2651021701429684e-05
drop_population,primary_training,119,station_density,-0.0018814972659652919
drop_population,primary_training,119,climate_zone=B,0.009362633566069225
drop_population,primary_training,119,climate_zone=C,-0.01741364492851003
drop_population,primary_training,119,climate_zone=D,-0.0033535540223359576
drop_population,primary_training,119,climate_zone=E,-0.07349409303174725
drop_population,primary_training,119,hemisphere=S,-0.026815245283951336
drop_population,primary_training,119,spatial_block=Asia,-0.049504561897301805
drop_population,primary_training,119,spatial_block=Europe,-0.059815804927510936
drop_population,primary_training,119,spatial_block=North America,-0.08737451076764456
drop_population,primary_training,119,spatial_block=Oceania,-0.052735228011313535
drop_population,primary_training,119,spatial_block=South America,-0.06255854112355173
drop_population,primary_training,119,income_group=Low-income countries,0.004862546963840085
drop_population,primary_training,119,income_group=Lower-middle-income countries,-0.007867352270644544
drop_population,primary_training,119,income_group=Upper-middle-income countries,-0.011741557272172708
drop_population,primary_training,120,intercept,0.16817743872658408
drop_population,primary_training,120,cum_co2_per_capita,0.01368671283286063
drop_population,primary_training,120,cum_co2_total,0.002985921488424122
drop_population,primary_training,120,abs_latitude,0.0009437178557328053
drop_population,primary_training,120,elevation,-2.195064321969836e-06
drop_population,primary_training,120,continentality,4.426102777251892e-05
drop_population,primary_training,120,station_density,-0.002063059199758706
drop_population,primary_training,120,climate_zone=B,0.0067838780093384
drop_population,primary_training,120,climate_zone=C,-0.02198514370765368
drop_population,primary_training,120,climate_zone=D,0.0024361976089449567
drop_population,primary_training,120,climate_zone=E,-0.08248033452471333
drop_population,primary_training,120,hemisphere=S,-0.025393818744531973
drop_population,primary_training,120,spatial_block=Asia,-0.0512643376488211
drop_population,primary_training,120,spatial_block=Europe,-0.0650558317216163
drop_population,primary_training,120,spatial_block=North America,-0.08925716258935697
drop_population,primary_training,120,spatial_block=Oceania,-0.05690902490259121
drop_population,primary_training,120,spatial_block=South America,-0.06135155557042062
drop_population,primary_training,120,income_group=Low-income countries,0.003370087164944783
drop_population,primary_training,120,income_group=Lower-middle-income countries,-0.008960612653751488
drop_population,primary_training,120,income_group=Upper-middle-income countries,-0.015328423915190518
drop_population,primary_training,121,intercept,0.16108370955121332
drop_population,primary_training,121,cum_co2_per_capita,0.014813312796574218
drop_population,primary_training,121,cum_co2_total,0.0046874241566536344
drop_population,primary_training,121,abs_latitude,0.0007183943189702496
drop_population,primary_training,121,elevation,-2.633235032972887e-06
drop_population,primary_training,121,continentality,4.613817229229796e-05
drop_population,primary_training,121,station_density,-0.0017553616051884438
drop_population,primary_training,121,climate_zone=B,0.009565998837462666
drop_population,primary_training,121,climate_zone=C,-0.019069545548023942
drop_population,primary_training,121,climate_zone=D,0.0080690398077834
drop_population,primary_training,121,climate_zone=E,-0.08329122138031653
drop_population,primary_training,121,hemisphere=S,-0.025483088791309387
drop_population,primary_training,121,spatial_block=Asia,-0.051062198222598554
drop_population,primary_training,121,spatial_block=Europe,-0.049116456755788136
drop_population,primary_training,121,spatial_block=North America,-0.08837284810382533
drop_population,primary_training,121,spatial_block=Oceania,-0.05474997300926188
drop_population,primary_training,121,spatial_block=South America,-0.06203874521064847
drop_population,primary_training,121,income_group=Low-income countries,0.007902847169910174
drop_population,primary_training,121,income_group=Lower-middle-income countries,-0.005955590636440771
drop_population,primary_training,121,income_group=Upper-middle-income countries,-0.012856193510248332
drop_population,primary_training,122,intercept,0.17023527727469095
drop_population,primary_training,122,cum_co2_per_capita,0.011277174688145404
drop_population,primary_training,122,cum_co2_total,0.0036406825636245517
drop_population,primary_training,122,abs_latitude,0.001043550335448926
drop_population,primary_training,122,elevation,-8.635578780352396e-07
drop_population,primary_training,122,continentality,4.018901793997831e-05
drop_population,primary_training,122,station_density,-0.002135906241427547
drop_population,primary_training,122,climate_zone=B,0.005881616753932976
drop_population,primary_training,122,climate_zone=C,-0.022325271869894765
drop_population,primary_training,122,climate_zone=D,-0.003929358385939478
drop_population,primary_training,122,climate_zone=E,-0.08883120173580941
drop_population,primary_training,122,hemisphere=S,-0.025941062832654203
drop_population,primary_training,122,spatial_block=Asia,-0.0513063021328418
drop_population,primary_training,122,spatial_block=Europe,-0.06225501753080049
drop_population,primary_training,122,spatial_block=North America,-0.08958638419567509
drop_population,primary_training,122,spatial_block=Oceania,-0.056894183604695184
drop_population,primary_training,122,spatial_block=South America,-0.06212388891711193
drop_population,primary_training,122,income_group=Low-income countries,0.0020507637336213873
drop_population,primary_training,122,income_group=Lower-middle-income countries,-0.010189033015483533
drop_population,primary_training,122,income_group=Upper-middle-income countries,-0.014673299955302957
drop_population,primary_training,123,intercept,0.1694659099606575
drop_population,primary_training,123,cum_co2_per_capita,0.014436455077256136
drop_population,primary_training,123,cum_co2_total,0.00280115627381038
drop_population,primary_training,123,abs_latitude,0.0009471944136740459
drop_population,primary_training,123,elevation,2.7122794400704505e-06
drop_population,primary_training,123,continentality,4.094689198496801e-05
drop_population,primary_training,123,station_density,-0.0016929730962333821
drop_population,primary_training,123,climate_zone=B,0.005483422291182879
drop_population,primary_training,123,climate_zone=C,-0.022026885410675268
drop_population,primary_training,123,climate_zone=D,-0.00571148444840327
drop_population,primary_training,123,climate_zone=E,-0.08959797369775044
drop_population,primary_training,123,hemisphere=S,-0.028113251437842785
drop_population,primary_training,123,spatial_block=Asia,-0.052770007111489714
drop_population,primary_training,123,spatial_block=Europe,-0.06159285668332635
drop_population,primary_training,123,spatial_block=North America,-0.1049923507098809
drop_population,primary_training,123,spatial_block=Oceania,-0.05503133204163923
drop_population,primary_training,123,spatial_block=South America,-0.06331594179851496
drop_population,primary_training,123,income_group=Low-income countries,0.0015605529360865887
drop_population,primary_training,123,income_group=Lower-middle-income countries,-0.011708166635055018
drop_population,primary_training,123,income_group=Upper-middle-income countries,-0.01713448356125942
drop_population,primary_training,124,intercept,0.17580081260351366
drop_population,primary_training,124,cum_co2_per_capita,0.011636197232519513
drop_population,primary_training,124,cum_co2_total,0.0005454685345405092
drop_population,primary_training,124,abs_latitude,0.001025457686314322
drop_population,primary_training,124,elevation,-4.957299695959934e-07
drop_population,primary_training,124,continentality,3.895984357250721e-05
drop_population,primary_training,124,station_density,-0.0015589514023051855
drop_population,primary_training,124,climate_zone=B,0.005736819660463998
drop_population,primary_training,124,climate_zone=C,-0.02450381197700755
drop_population,primary_training,124,climate_zone=D,-0.013662298549031992
drop_population,primary_training,124,climate_zone=E,-0.09910697377825183
drop_population,primary_training,124,hemisphere=S,-0.02573110366203672
drop_population,primary_training,124,spatial_block=Asia,-0.048543937831314755
drop_population,primary_training,124,spatial_block=Europe,-0.05069845628129825
drop_population,primary_training,124,spatial_block=North America,-0.09696531493175273
drop_population,primary_training,124,spatial_block=Oceania,-0.05222697330083086
drop_population,primary_training,124,spatial_block=South America,-0.061744397225913156
drop_population,primary_training,124,income_group=Low-income countries,0.001667333288621717
drop_population,primary_training,124,income_group=Lower-middle-income countries,-0.00909434447497561
drop_population,primary_training,124,income_group=Upper-middle-income countries,-0.011085832407977617
drop_population,primary_training,125,intercept,0.1709524738015056
drop_population,primary_training,125,cum_co2_per_capita,0.012306942490825304
drop_population,primary_training,125,cum_co2_total,0.0024036745718746476
drop_population,primary_training,125,abs_latitude,0.00106322572840565
drop_population,primary_training,125,elevation,4.6574667788910286e-07
drop_population,primary_training,125,continentality,3.9934899676615095e-05
drop_population,primary_training,125,station_density,-0.0016756309156364107
drop_population,primary_training,125,climate_zone=B,0.0047888339678000946
drop_population,primary_training,125,climate_zone=C,-0.025433155673586883
drop_population,primary_training,125,climate_zone=D,-0.009738433904621679
drop_population,primary_training,125,climate_zone=E,-0.09578085872254055
drop_population,primary_training,125,hemisphere=S,-0.026485766216467522
drop_population,primary_training,125,spatial_block=Asia,-0.05106800145156917
drop_population,primary_training,125,spatial_block=Europe,-0.057575009343996536
drop_population,primary_training,125,spatial_block=North America,-0.07893619114960829
drop_population,primary_training,125,spatial_block=Oceania,-0.054192056536896564
drop_population,primary_training,125,spatial_block=South America,-0.06120830437188329
drop_population,primary_training,125,income_group=Low-income countries,0.0021600667601499052
drop_population,primary_training,125,income_group=Lower-middle-income countries,-0.009196727821099886
drop_population,primary_training,125,income_group=Upper-middle-income countries,-0.015077371197607662
drop_population,primary_training,126,intercept,0.16219178542832013
drop_population,primary_training,126,cum_co2_per_capita,0.014956898263997336
drop_population,primary_training,126,cum_co2_total,0.004178156703221604
drop_population,primary_training,126,abs_latitude,0.0008936623901897588
drop_population,primary_training,126,elevation,3.555611446366113e-06
drop_population,primary_training,126,continentality,4.028404200685363e-05
drop_population,primary_training,126,station_density,-0.001727580415224405
drop_population,primary_training,126,climate_zone=B,0.006488252810137372
drop_population,primary_training,126,climate_zone=C,-0.019453426568825764
drop_population,primary_training,126,climate_zone=D,-0.004438772852096903
drop_population,primary_training,126,climate_zone=E,-0.08443107769241505
drop_population,primary_training,126,hemisphere=S,-0.028931454083565556
drop_population,primary_training,126,spatial_block=Asia,-0.05329703052764378
drop_population,primary_training,126,spatial_block=Europe,-0.06037467349372969
drop_population,primary_training,126,spatial_block=North America,-0.09336132478069889
drop_population,primary_training,126,spatial_block=Oceania,-0.05372683662441808
drop_population,primary_training,126,spatial_block=South America,-0.06332263501920926
drop_population,primary_training,126,income_group=Low-income countries,0.006573952484583632
drop_population,primary_training,126,income_group=Lower-middle-income countries,-0.008227715735667577
drop_population,primary_training,126,income_group=Upper-middle-income countries,-0.014269897953098517
drop_population,primary_training,127,intercept,0.1666993846732207
drop_population,primary_training,127,cum_co2_per_capita,0.01516863944114263
drop_population,primary_training,127,cum_co2_total,0.003409054428701682
drop_population,primary_training,127,abs_latitude,0.0009446725099714838
drop_population,primary_training,127,elevation,2.7062807495003993e-06
drop_population,primary_training,127,continentality,4.142479136444134e-05
drop_population,primary_training,127,station_density,-0.0017331778008980367
drop_population,primary_training,127,climate_zone=B,0.005241075756571929
drop_population,primary_training,127,climate_zone=C,-0.021653334568387028
drop_population,primary_training,127,climate_zone=D,-0.005717249308310279
drop_population,primary_training,127,climate_zone=E,-0.08865353607005746
drop_population,primary_training,127,hemisphere=S,-0.028222262925192407
drop_population,primary_training,127,spatial_block=Asia,-0.053435938100327866
drop_population,primary_training,127,spatial_block=Europe,-0.06284731564766054
drop_population,primary_training,127,spatial_block=North America,-0.10267565576970507
drop_population,primary_training,127,spatial_block=Oceania,-0.05602608585148307
drop_population,primary_training,127,spatial_block=South America,-0.06360465044362251
drop_population,primary_training,127,income_group=Low-income countries,0.0028470010278405125
drop_population,primary_training,127,income_group=Lower-middle-income countries,-0.01124040123436912
drop_population,primary_training,127,income_group=Upper-middle-income countries,-0.017486151606507728
drop_population,primary_training,128,intercept,0.17032233777466627
drop_population,primary_training,128,cum_co2_per_capita,0.008339033217758387
drop_population,primary_training,128,cum_co2_total,0.003910313558265547
drop_population,primary_training,128,abs_latitude,0.000874401354310215
drop_population,primary_training,128,elevation,3.5457136185595706e-06
drop_population,primary_training,128,continentality,3.813773453410888e-05
drop_population,primary_training,128,station_density,-0.001463531746580857
drop_population,primary_training,128,climate_zone=B,0.010745155234044172
drop_population,primary_training,128,climate_zone=C,-0.016028392814963464
drop_population,primary_training,128,climate_zone=D,-0.002087655385456351
drop_population,primary_training,128,climate_zone=E,-0.08068354286884057
drop_population,primary_training,128,hemisphere=S,-0.029345459372517535
drop_population,primary_training,128,spatial_block=Asia,-0.05122197684547281
drop_population,primary_training,128,spatial_block=Europe,-0.052967385522553576
drop_population,primary_training,128,spatial_block=North America,-0.061003650729964984
drop_population,primary_training,128,spatial_block=Oceania,-0.047626077628980384
drop_population,primary_training,128,spatial_block=South America,-0.06237950661586027
drop_population,primary_training,128,income_group=Low-income countries,0.0024291249506755543
drop_population,primary_training,128,income_group=Lower-middle-income countries,-0.009020675478119917
drop_population,primary_training,128,income_group=Upper-middle-income countries,-0.010553877578305093
drop_population,primary_training,129,intercept,0.16472938230521514
drop_population,primary_training,129,cum_co2_per_capita,0.009950698162957688
drop_population,primary_training,129,cum_co2_total,0.003970066578654339
drop_population,primary_training,129,abs_latitude,0.0008980767414110238
drop_population,primary_training,129,elevation,2.9383089393673995e-06
drop_population,primary_training,129,continentality,3.830876627002996e-05
drop_population,primary_training,129,station_density,-0.0014367596389319095
drop_population,primary_training,129,climate_zone=B,0.010461457954719592
drop_population,primary_training,129,climate_zone=C,-0.015909369198875034
drop_population,primary_training,129,climate_zone=D,-0.0018553100467127422
drop_population,primary_training,129,climate_zone=E,-0.0802942245929061
drop_population,primary_training,129,hemisphere=S,-0.02895385157981234
drop_population,primary_training,129,spatial_block=Asia,-0.051521464980207536
drop_population,primary_training,129,spatial_block=Europe,-0.05355133320574578
drop_population,primary_training,129,spatial_block=North America,-0.0655637876471766
drop_population,primary_training,129,spatial_block=Oceania,-0.048088155641078795
drop_population,primary_training,129,spatial_block=South America,-0.06205114288202823
drop_population,primary_training,129,income_group=Low-income countries,0.007056117084399519
drop_population,primary_training,129,income_group=Lower-middle-income countries,-0.005662430409649966
drop_population,primary_training,129,income_group=Upper-middle-income countries,-0.0087131418967307
drop_population,primary_training,130,intercept,0.16675980616924124
drop_population,primary_training,130,cum_co2_per_capita,0.015143625710552569
drop_population,primary_training,130,cum_co2_total,0.0034394908329512513
drop_population,primary_training,130,abs_latitude,0.0009441434429797045
drop_population,primary_training,130,elevation,2.764201449159424e-06
drop_population,primary_training,130,continentality,4.140187465641093e-05
drop_population,primary_training,130,station_density,-0.0017319996592369713
drop_population,primary_training,130,climate_zone=B,0.0051861950144084425
drop_population,primary_training,130,climate_zone=C,-0.02172765405622085
drop_population,primary_training,130,climate_zone=D,-0.005785699909540335
drop_population,primary_training,130,climate_zone=E,-0.0886649807790457
drop_population,primary_training,130,hemisphere=S,-0.02836693101180051
drop_population,primary_training,130,spatial_block=Asia,-0.0534976041969999
drop_population,primary_training,130,spatial_block=Europe,-0.0628692012484939
drop_population,primary_training,130,spatial_block=North America,-0.10276153121373292
drop_population,primary_training,130,spatial_block=Oceania,-0.05590044933322136
drop_population,primary_training,130,spatial_block=South America,-0.06338741646861992
drop_population,primary_training,130,income_group=Low-income countries,0.0027895164166395
drop_population,primary_training,130,income_group=Lower-middle-income countries,-0.011272561712693831
drop_population,primary_training,130,income_group=Upper-middle-income countries,-0.017481859061295978
drop_population,primary_training,131,intercept,0.16886536316693632
drop_population,primary_training,131,cum_co2_per_capita,0.008838918992176762
drop_population,primary_training,131,cum_co2_total,0.003849638826206547
drop_population,primary_training,131,abs_latitude,0.0008710760148204656
drop_population,primary_training,131,elevation,3.0935202577960016e-06
drop_population,primary_training,131,continentality,3.803975971151438e-05
drop_population,primary_training,131,station_density,-0.0014752739108026092
drop_population,primary_training,131,climate_zone=B,0.010513751574035583
drop_population,primary_training,131,climate_zone=C,-0.0164060708840857
drop_population,primary_training,131,climate_zone=D,-0.0028822079945073345
drop_population,primary_training,131,climate_zone=E,-0.08105104804307457
drop_population,primary_training,131,hemisphere=S,-0.029139933773661066
drop_population,primary_training,131,spatial_block=Asia,-0.05101577961885285
drop_population,primary_training,131,spatial_block=Europe,-0.05201797267642794
drop_population,primary_training,131,spatial_block=North America,-0.055636889205386016
drop_population,primary_training,131,spatial_block=Oceania,-0.04739972421390539
drop_population,primary_training,131,spatial_block=South America,-0.06218847594784428
drop_population,primary_training,131,income_group=Low-income countries,0.004100478604229616
drop_population,primary_training,131,income_group=Lower-middle-income countries,-0.0078033171809509605
drop_population,primary_training,131,income_group=Upper-middle-income countries,-0.008803515294900565
drop_population,primary_training,132,intercept,0.16558194216986197
drop_population,primary_training,132,cum_co2_per_capita,0.015566525363435356
drop_population,primary_training,132,cum_co2_total,0.003304067279818674
drop_population,primary_training,132,abs_latitude,0.0009550928383712045
drop_population,primary_training,132,elevation,2.8598112856703333e-06
drop_population,primary_training,132,continentality,4.115626915471466e-05
drop_population,primary_training,132,station_density,-0.0017238926687554819
drop_population,primary_training,132,climate_zone=B,0.004851113551972937
drop_population,primary_training,132,climate_zone=C,-0.02232358143558611
drop_population,primary_training,132,climate_zone=D,-0.0065151547824835706
drop_population,primary_training,132,climate_zone=E,-0.08964120241949662
drop_population,primary_training,132,hemisphere=S,-0.028290295807818118
drop_population,primary_training,132,spatial_block=Asia,-0.05326150966357958
drop_population,primary_training,132,spatial_block=Europe,-0.06224158790228958
drop_population,primary_training,132,spatial_block=North America,-0.10042618388774674
drop_population,primary_training,132,spatial_block=Oceania,-0.05557826133043468
drop_population,primary_training,132,spatial_block=South America,-0.06292609025638062
drop_population,primary_training,132,income_group=Low-income countries,0.003947723171648612
drop_population,primary_training,132,income_group=Lower-middle-income countries,-0.010064141677902304
drop_population,primary_training,132,income_group=Upper-middle-income countries,-0.017180351901420757
drop_population,primary_training,133,intercept,0.16235630957038208
drop_population,primary_training,133,cum_co2_per_capita,0.010320259548572285
drop_population,primary_training,133,cum_co2_total,0.004382674369156108
drop_population,primary_training,133,abs_latitude,0.0008970822721505841
drop_population,primary_training,133,elevation,3.026094039211072e-06
drop_population,primary_training,133,continentality,3.8191817868293524e-05
drop_population,primary_training,133,station_density,-0.00145363705796498
drop_population,primary_training,133,climate_zone=B,0.010343818707909208
drop_population,primary_training,133,climate_zone=C,-0.0158113204738215
drop_population,primary_training,133,climate_zone=D,-0.0021689553020448928
drop_population,primary_training,133,climate_zone=E,-0.07970662577351494
drop_population,primary_training,133,hemisphere=S,-0.028964341478973376
drop_population,primary_training,133,spatial_block=Asia,-0.05179834043787967
drop_population,primary_training,133,spatial_block=Europe,-0.05354793423859425
drop_population,primary_training,133,spatial_block=North America,-0.061872739760983834
drop_population,primary_training,133,spatial_block=Oceania,-0.04815612635593155
drop_population,primary_training,133,spatial_block=South America,-0.06232860921896224
drop_population,primary_training,133,income_group=Low-income countries,0.008602238878392563
drop_population,primary_training,133,income_group=Lower-middle-income countries,-0.004708825604718694
drop_population,primary_training,133,income_group=Upper-middle-income countries,-0.00789632122701715
drop_population,primary_training,134,intercept,0.1736184078848286
drop_population,primary_training,134,cum_co2_per_capita,0.00768339940845309
drop_population,primary_training,134,cum_co2_total,0.0038390760102416256
drop_population,primary_training,134,abs_latitude,0.0008450643840949658
drop_population,primary_training,134,elevation,4.1042947467432486e-06
drop_population,primary_training,134,continentality,3.80072435468852e-05
drop_population,primary_training,134,station_density,-0.0014610262669442489
drop_population,primary_training,134,climate_zone=B,0.01081106224668353
drop_population,primary_training,134,climate_zone=C,-0.016236229279015923
drop_population,primary_training,134,climate_zone=D,-0.0023279918374557573
drop_population,primary_training,134,climate_zone=E,-0.08076083526879466
drop_population,primary_training,134,hemisphere=S,-0.029903875790672812
drop_population,primary_training,134,spatial_block=Asia,-0.051110389391128136
drop_population,primary_training,134,spatial_block=Europe,-0.0524979958635299
drop_population,primary_training,134,spatial_block=North America,-0.057886029129214554
drop_population,primary_training,134,spatial_block=Oceania,-0.0470376475171267
drop_population,primary_training,134,spatial_block=South America,-0.06210493829140524
drop_population,primary_training,134,income_group=Low-income countries,-0.00021644408993885095
drop_population,primary_training,134,income_group=Lower-middle-income countries,-0.01097797569359181
drop_population,primary_training,134,income_group=Upper-middle-income countries,-0.011685225474443454
drop_population,primary_training,135,intercept,0.17031401318780676
drop_population,primary_training,135,cum_co2_per_capita,0.01244195338773312
drop_population,primary_training,135,cum_co2_total,0.002726846777193401
drop_population,primary_training,135,abs_latitude,0.0010513787828375853
drop_population,primary_training,135,elevation,-5.095457699697877e-07
drop_population,primary_training,135,continentality,4.110035599659027e-05
drop_population,primary_training,135,station_density,-0.0017445005741190496
drop_population,primary_training,135,climate_zone=B,0.005613594330670841
drop_population,primary_training,135,climate_zone=C,-0.023268063212690402
drop_population,primary_training,135,climate_zone=D,-0.0073253722806252706
drop_population,primary_training,135,climate_zone=E,-0.09305695907530381
drop_population,primary_training,135,hemisphere=S,-0.025912079746427945
drop_population,primary_training,135,spatial_block=Asia,-0.05155532230167268
drop_population,primary_training,135,spatial_block=Europe,-0.059855057293147614
drop_population,primary_training,135,spatial_block=North America,-0.08672327345857084
drop_population,primary_training,135,spatial_block=Oceania,-0.05637819718542703
drop_population,primary_training,135,spatial_block=South America,-0.06271483369423907
drop_population,primary_training,135,income_group=Low-income countries,0.0020298055762722872
drop_population,primary_training,135,income_group=Lower-middle-income countries,-0.01023099541068368
drop_population,primary_training,135,income_group=Upper-middle-income countries,-0.015638817302349534
drop_population,primary_training,136,intercept,0.17235547793179407
drop_population,primary_training,136,cum_co2_per_capita,0.011794575854549164
drop_population,primary_training,136,cum_co2_total,0.0010770255522859734
drop_population,primary_training,136,abs_latitude,0.0009573397072547337
drop_population,primary_training,136,elevation,8.823355684706593e-07
drop_population,primary_training,136,continentality,3.7029719194236934e-05
drop_population,primary_training,136,station_density,-0.0015250278216702247
drop_population,primary_training,136,climate_zone=B,0.00748284621581626
drop_population,primary_training,136,climate_zone=C,-0.020463054127707138
drop_population,primary_training,136,climate_zone=D,-0.01137126764801271
drop_population,primary_training,136,climate_zone=E,-0.09283341467364709
drop_population,primary_training,136,hemisphere=S,-0.026715779126945303
drop_population,primary_training,136,spatial_block=Asia,-0.04880516353940933
drop_population,primary_training,136,spatial_block=Europe,-0.05071503207013128
drop_population,primary_training,136,spatial_block=North America,-0.09147930001368565
drop_population,primary_training,136,spatial_block=Oceania,-0.050954813392492006
drop_population,primary_training,136,spatial_block=South America,-0.06253753178511628
drop_population,primary_training,136,income_group=Low-income countries,0.0047685977859836665
drop_population,primary_training,136,income_group=Lower-middle-income countries,-0.0075687455203659855
drop_population,primary_training,136,income_group=Upper-middle-income countries,-0.008761653370814224
drop_population,primary_training,137,intercept,0.16995847690921492
drop_population,primary_training,137,cum_co2_per_capita,0.014075870831612608
drop_population,primary_training,137,cum_co2_total,0.0016865759353182008
drop_population,primary_training,137,abs_latitude,0.0012232106382054017
drop_population,primary_training,137,elevation,8.453590068513981e-09
drop_population,primary_training,137,continentality,4.238111590558898e-05
drop_population,primary_training,137,station_density,-0.001967996034908419
drop_population,primary_training,137,climate_zone=B,0.004422656998174753
drop_population,primary_training,137,climate_zone=C,-0.021028413919288617
drop_population,primary_training,137,climate_zone=D,-0.007950863405454247
drop_population,primary_training,137,climate_zone=E,-0.09770614551683607
drop_population,primary_training,137,hemisphere=S,-0.03152613711639897
drop_population,primary_training,137,spatial_block=Asia,-0.05633139957137815
drop_population,primary_training,137,spatial_block=Europe,-0.06828757338370445
drop_population,primary_training,137,spatial_block=North America,-0.09221583820506239
drop_population,primary_training,137,spatial_block=Oceania,-0.10644388555617802
drop_population,primary_training,137,spatial_block=South America,-0.060356934103651005
drop_population,primary_training,137,income_group=Low-income countries,0.0027262205185848163
drop_population,primary_training,137,income_group=Lower-middle-income countries,-0.01056112904420816
drop_population,primary_training,137,income_group=Upper-middle-income countries,-0.01688607461944381
drop_population,primary_training,138,intercept,0.17128067237510902
drop_population,primary_training,138,cum_co2_per_capita,0.01245021077544418
drop_population,primary_training,138,cum_co2_total,0.002334394514979708
drop_population,primary_training,138,abs_latitude,0.0011500177643227751
drop_population,primary_training,138,elevation,-3.1816586742731217e-07
drop_population,primary_training,138,continentality,4.0788446261568724e-05
drop_population,primary_training,138,station_density,-0.0016645271751827037
drop_population,primary_training,138,climate_zone=B,0.004729528244579206
drop_population,primary_training,138,climate_zone=C,-0.023100431710256546
drop_population,primary_training,138,climate_zone=D,-0.008051634404950755
drop_population,primary_training,138,climate_zone=E,-0.09544094708108408
drop_population,primary_training,138,hemisphere=S,-0.026688716908017298
drop_population,primary_training,138,spatial_block=Asia,-0.05323330217799448
drop_population,primary_training,138,spatial_block=Europe,-0.06405424069812146
drop_population,primary_training,138,spatial_block=North America,-0.09127661748439865
drop_population,primary_training,138,spatial_block=Oceania,-0.03342233546561769
drop_population,primary_training,138,spatial_block=South America,-0.06299515734664515
drop_population,primary_training,138,income_group=Low-income countries,0.0012467061988843222
drop_population,primary_training,138,income_group=Lower-middle-income countries,-0.011906858941303741
drop_population,primary_training,138,income_group=Upper-middle-income countries,-0.015553412479106875
drop_population,primary_training,139,intercept,0.16995847690921492
drop_population,primary_training,139,cum_co2_per_capita,0.014075870831612608
drop_population,primary_training,139,cum_co2_total,0.0016865759353182008
drop_population,primary_training,139,abs_latitude,0.0012232106382054017
drop_population,primary_training,139,elevation,8.453590068513981e-09
drop_population,primary_training,139,continentality,4.238111590558898e-05
drop_population,primary_training,139,station_density,-0.001967996034908419
drop_population,primary_training,139,climate_zone=B,0.004422656998174753
drop_population,primary_training,139,climate_zone=C,-0.021028413919288617
drop_population,primary_training,139,climate_zone=D,-0.007950863405454247
drop_population,primary_training,139,climate_zone=E,-0.09770614551683607
drop_population,primary_training,139,hemisphere=S,-0.03152613711639897
drop_population,primary_training,139,spatial_block=Asia,-0.05633139957137815
drop_population,primary_training,139,spatial_block=Europe,-0.06828757338370445
drop_population,primary_training,139,spatial_block=North America,-0.09221583820506239
drop_population,primary_training,139,spatial_block=Oceania,-0.10644388555617802
drop_population,primary_training,139,spatial_block=South America,-0.060356934103651005
drop_population,primary_training,139,income_group=Low-income countries,0.0027262205185848163
drop_population,primary_training,139,income_group=Lower-middle-income countries,-0.01056112904420816
drop_population,primary_training,139,income_group=Upper-middle-income countries,-0.01688607461944381
drop_population,primary_training,140,intercept,0.1717934564177758
drop_population,primary_training,140,cum_co2_per_capita,0.01137579536743118
drop_population,primary_training,140,cum_co2_total,0.002362323619176092
drop_population,primary_training,140,abs_latitude,0.0013524326418504473
drop_population,primary_training,140,elevation,-1.298344519407086e-06
drop_population,primary_training,140,continentality,4.2276961472507127e-05
drop_population,primary_training,140,station_density,-0.0020228942989336533
drop_population,primary_training,140,climate_zone=B,0.003478905487527006
drop_population,primary_training,140,climate_zone=C,-0.02867917457681128
drop_population,primary_training,140,climate_zone=D,-0.014249642032746227
drop_population,primary_training,140,climate_zone=E,-0.10610294248666455
drop_population,primary_training,140,hemisphere=S,-0.023735471088435364
drop_population,primary_training,140,spatial_block=Asia,-0.05264814556349713
drop_population,primary_training,140,spatial_block=Europe,-0.06428523540664995
drop_population,primary_training,140,spatial_block=North America,-0.0905532811099902
drop_population,primary_training,140,spatial_block=Oceania,-0.060197990292680754
drop_population,primary_training,140,spatial_block=South America,-0.05371826649433398
drop_population,primary_training,140,income_group=Low-income countries,-0.0015959199438642495
drop_population,primary_training,140,income_group=Lower-middle-income countries,-0.012777841915784684
drop_population,primary_training,140,income_group=Upper-middle-income countries,-0.01737321840717804
drop_population,primary_training,141,intercept,0.1708168582252615
drop_population,primary_training,141,cum_co2_per_capita,0.010374098162193326
drop_population,primary_training,141,cum_co2_total,0.0030919388678016745
drop_population,primary_training,141,abs_latitude,0.00131346523146296
drop_population,primary_training,141,elevation,-7.364687350214489e-07
drop_population,primary_training,141,continentality,4.1452418209849206e-05
drop_population,primary_training,141,station_density,-0.0020278791165362605
drop_population,primary_training,141,climate_zone=B,0.005541920945573902
drop_population,primary_training,141,climate_zone=C,-0.02862379117449821
drop_population,primary_training,141,climate_zone=D,-0.013535491725793334
drop_population,primary_training,141,climate_zone=E,-0.10382982280655033
drop_population,primary_training,141,hemisphere=S,-0.0231226088849133
drop_population,primary_training,141,spatial_block=Asia,-0.052353176078981614
drop_population,primary_training,141,spatial_block=Europe,-0.06200701858707862
drop_population,primary_training,141,spatial_block=North America,-0.08937855407636543
drop_population,primary_training,141,spatial_block=Oceania,-0.058903954438471864
drop_population,primary_training,141,spatial_block=South America,-0.05117326423404493
drop_population,primary_training,141,income_group=Low-income countries,-0.0016177232628356863
drop_population,primary_training,141,income_group=Lower-middle-income countries,-0.012558571170046093
drop_population,primary_training,141,income_group=Upper-middle-income countries,-0.016582924298929116
drop_population,primary_training,142,intercept,0.17261404963378904
drop_population,primary_training,142,cum_co2_per_capita,0.009169871619740342
drop_population,primary_training,142,cum_co2_total,0.003227197397102851
drop_population,primary_training,142,abs_latitude,0.0013586018903244935
drop_population,primary_training,142,elevation,-9.298479796356036e-07
drop_population,primary_training,142,continentality,4.1414277167727965e-05
drop_population,primary_training,142,station_density,-0.0020331286754875643
drop_population,primary_training,142,climate_zone=B,0.005722937062548479
drop_population,primary_training,142,climate_zone=C,-0.028056301371421708
drop_population,primary_training,142,climate_zone=D,-0.013127813408121405
drop_population,primary_training,142,climate_zone=E,-0.10421325023383868
drop_population,primary_training,142,hemisphere=S,-0.023223621172322552
drop_population,primary_training,142,spatial_block=Asia,-0.05275236671540418
drop_population,primary_training,142,spatial_block=Europe,-0.06346381268859515
drop_population,primary_training,142,spatial_block=North America,-0.08960640102795836
drop_population,primary_training,142,spatial_block=Oceania,-0.059559011902418114
drop_population,primary_training,142,spatial_block=South America,-0.0991710620597449
drop_population,primary_training,142,income_group=Low-income countries,-0.003342377135999694
drop_population,primary_training,142,income_group=Lower-middle-income countries,-0.013888729813138165
drop_population,primary_training,142,income_group=Upper-middle-income countries,-0.017609468511055763
drop_population,primary_training,143,intercept,0.17044772286863696
drop_population,primary_training,143,cum_co2_per_capita,0.007154593822778548
drop_population,primary_training,143,cum_co2_total,0.004190947192733275
drop_population,primary_training,143,abs_latitude,0.0012968289825985198
drop_population,primary_training,143,elevation,-1.9963761325996336e-06
drop_population,primary_training,143,continentality,4.145736448459894e-05
drop_population,primary_training,143,station_density,-0.00186440475111223
drop_population,primary_training,143,climate_zone=B,0.009094866028116906
drop_population,primary_training,143,climate_zone=C,-0.024851355286223564
drop_population,primary_training,143,climate_zone=D,-0.008653037803027102
drop_population,primary_training,143,climate_zone=E,-0.097018344571408
drop_population,primary_training,143,hemisphere=S,-0.020610099990635105
drop_population,primary_training,143,spatial_block=Asia,-0.0519862032832281
drop_population,primary_training,143,spatial_block=Europe,-0.06107336531609032
drop_population,primary_training,143,spatial_block=North America,-0.08756108228118316
drop_population,primary_training,143,spatial_block=Oceania,-0.059616795861188294
drop_population,primary_training,143,spatial_block=South America,-0.03973126250022696
drop_population,primary_training,143,income_group=Low-income countries,-0.002165613712986893
drop_population,primary_training,143,income_group=Lower-middle-income countries,-0.01308630101022345
drop_population,primary_training,143,income_group=Upper-middle-income countries,-0.015718809210066416
drop_population,primary_training,144,intercept,0.1692983346656614
drop_population,primary_training,144,cum_co2_per_capita,0.016794982752434674
drop_population,primary_training,144,cum_co2_total,0.001087012822868825
drop_population,primary_training,144,abs_latitude,0.0011457233998905286
drop_population,primary_training,144,elevation,2.200814052197792e-06
drop_population,primary_training,144,continentality,4.1666032311964353e-05
drop_population,primary_training,144,station_density,-0.0020593884575161054
drop_population,primary_training,144,climate_zone=B,0.001918635705406176
drop_population,primary_training,144,climate_zone=C,-0.02773632928299233
drop_population,primary_training,144,climate_zone=D,-0.014364830824207564
drop_population,primary_training,144,climate_zone=E,-0.10422043120797751
drop_population,primary_training,144,hemisphere=S,-0.027905191540255034
drop_population,primary_training,144,spatial_block=Asia,-0.05208787478683642
drop_population,primary_training,144,spatial_block=Europe,-0.0622181130730799
drop_population,primary_training,144,spatial_block=North America,-0.08935268236369588
drop_population,primary_training,144,spatial_block=Oceania,-0.05682017501307911
drop_population,primary_training,144,spatial_block=South America,-0.0782266993024105
drop_population,primary_training,144,income_group=Low-income countries,0.0020515111323497755
drop_population,primary_training,144,income_group=Lower-middle-income countries,-0.010057048660219777
drop_population,primary_training,144,income_group=Upper-middle-income countries,-0.01845770711623441
drop_population,primary_training,145,intercept,0.16926656089211636
drop_population,primary_training,145,cum_co2_per_capita,0.015546915444308187
drop_population,primary_training,145,cum_co2_total,0.0014070768892027541
drop_population,primary_training,145,abs_latitude,0.0011924197020562715
drop_population,primary_training,145,elevation,9.57371232912297e-07
drop_population,primary_training,145,continentality,4.1350922547065666e-05
drop_population,primary_training,145,station_density,-0.0019650792948307932
drop_population,primary_training,145,climate_zone=B,0.0022342407129974343
drop_population,primary_training,145,climate_zone=C,-0.027659558034868845
drop_population,primary_training,145,climate_zone=D,-0.01373675695845017
drop_population,primary_training,145,climate_zone=E,-0.10361599160299535
drop_population,primary_training,145,hemisphere=S,-0.028462477304353105
drop_population,primary_training,145,spatial_block=Asia,-0.05281375714713316
drop_population,primary_training,145,spatial_block=Europe,-0.06301047036876078
drop_population,primary_training,145,spatial_block=North America,-0.09129611201690756
drop_population,primary_training,145,spatial_block=Oceania,-0.05623604737311177
drop_population,primary_training,145,spatial_block=South America,-0.07456531022626166
drop_population,primary_training,145,income_group=Low-income countries,0.002768047553619027
drop_population,primary_training,145,income_group=Lower-middle-income countries,-0.009418275025781237
drop_population,primary_training,145,income_group=Upper-middle-income countries,-0.01668212299186156
drop_population,primary_training,146,intercept,0.1717934564177758
drop_population,primary_training,146,cum_co2_per_capita,0.01137579536743118
drop_population,primary_training,146,cum_co2_total,0.002362323619176092
drop_population,primary_training,146,abs_latitude,0.0013524326418504473
drop_population,primary_training,146,elevation,-1.298344519407086e-06
drop_population,primary_training,146,continentality,4.2276961472507127e-05
drop_population,primary_training,146,station_density,-0.0020228942989336533
drop_population,primary_training,146,climate_zone=B,0.003478905487527006
drop_population,primary_training,146,climate_zone=C,-0.02867917457681128
drop_population,primary_training,146,climate_zone=D,-0.014249642032746227
drop_population,primary_training,146,climate_zone=E,-0.10610294248666455
drop_population,primary_training,146,hemisphere=S,-0.023735471088435364
drop_population,primary_training,146,spatial_block=Asia,-0.05264814556349713
drop_population,primary_training,146,spatial_block=Europe,-0.06428523540664995
drop_population,primary_training,146,spatial_block=North America,-0.0905532811099902
drop_population,primary_training,146,spatial_block=Oceania,-0.060197990292680754
drop_population,primary_training,146,spatial_block=South America,-0.05371826649433398
drop_population,primary_training,146,income_group=Low-income countries,-0.0015959199438642495
drop_population,primary_training,146,income_group=Lower-middle-income countries,-0.012777841915784684
drop_population,primary_training,146,income_group=Upper-middle-income countries,-0.01737321840717804
drop_population,primary_training,147,intercept,0.17181893247146277
drop_population,primary_training,147,cum_co2_per_capita,0.014309099283562691
drop_population,primary_training,147,cum_co2_total,0.0015989814186506402
drop_population,primary_training,147,abs_latitude,0.0012208405484435754
drop_population,primary_training,147,elevation,1.276641658673295e-07
drop_population,primary_training,147,continentality,4.115198128166992e-05
drop_population,primary_training,147,station_density,-0.001994174138049733
drop_population,primary_training,147,climate_zone=B,0.0024951148347300027
drop_population,primary_training,147,climate_zone=C,-0.027154697376577
drop_population,primary_training,147,climate_zone=D,-0.013022186423111141
drop_population,primary_training,147,climate_zone=E,-0.1036017799948409
drop_population,primary_training,147,hemisphere=S,-0.027868519912302662
drop_population,primary_training,147,spatial_block=Asia,-0.0529840522042118
drop_population,primary_training,147,spatial_block=Europe,-0.06444233658033682
drop_population,primary_training,147,spatial_block=North America,-0.09181781860999756
drop_population,primary_training,147,spatial_block=Oceania,-0.05782029101186328
drop_population,primary_training,147,spatial_block=South America,-0.07321962280851103
drop_population,primary_training,147,income_group=Low-income countries,0.0006956692881274579
drop_population,primary_training,147,income_group=Lower-middle-income countries,-0.011383829209277429
drop_population,primary_training,147,income_group=Upper-middle-income countries,-0.0177013425242653
drop_population,primary_training,148,intercept,0.17075739681789634
drop_population,primary_training,148,cum_co2_per_capita,0.012832386644742552
drop_population,primary_training,148,cum_co2_total,0.0025839999111720233
drop_population,primary_training,148,abs_latitude,0.0011863890510854938
drop_population,primary_training,148,elevation,1.2231008048102492e-06
drop_population,primary_training,148,continentality,4.039212013916705e-05
drop_population,primary_training,148,station_density,-0.0020315153806733308
drop_population,primary_training,148,climate_zone=B,0.003115747808517916
drop_population,primary_training,148,climate_zone=C,-0.027771865984129222
drop_population,primary_training,148,climate_zone=D,-0.013175534596437647
drop_population,primary_training,148,climate_zone=E,-0.10193497857902815
drop_population,primary_training,148,hemisphere=S,-0.025864929608211577
drop_population,primary_training,148,spatial_block=Asia,-0.0519287623077216
drop_population,primary_training,148,spatial_block=Europe,-0.06116486607519864
drop_population,primary_training,148,spatial_block=North America,-0.0901001019258317
drop_population,primary_training,148,spatial_block=Oceania,-0.05712972301833167
drop_population,primary_training,148,spatial_block=South America,-0.07528471331323046
drop_population,primary_training,148,income_group=Low-income countries,0.00012691822705950442
drop_population,primary_training,148,income_group=Lower-middle-income countries,-0.011328717409030051
drop_population,primary_training,148,income_group=Upper-middle-income countries,-0.017134218005276515
drop_population,primary_training,149,intercept,0.168283347636552
drop_population,primary_training,149,cum_co2_per_capita,0.013423969669862005
drop_population,primary_training,149,cum_co2_total,0.00235056597420971
drop_population,primary_training,149,abs_latitude,0.0012605217180346434
drop_population,primary_training,149,elevation,-2.2508335952953896e-07
drop_population,primary_training,149,continentality,4.2447520783365754e-05
drop_population,primary_training,149,station_density,-0.0019348368522242357
drop_population,primary_training,149,climate_zone=B,0.0033424517528783974
drop_population,primary_training,149,climate_zone=C,-0.030394392428794322
drop_population,primary_training,149,climate_zone=D,-0.015515034711208424
drop_population,primary_training,149,climate_zone=E,-0.10505439851815201
drop_population,primary_training,149,hemisphere=S,-0.025547308945398268
drop_population,primary_training,149,spatial_block=Asia,-0.05276621345349241
drop_population,primary_training,149,spatial_block=Europe,-0.061364565661341575
drop_population,primary_training,149,spatial_block=North America,-0.09051747029620599
drop_population,primary_training,149,spatial_block=Oceania,-0.056554569560948245
drop_population,primary_training,149,spatial_block=South America,-0.062192097746307184
drop_population,primary_training,149,income_group=Low-income countries,0.001575202074523949
drop_population,primary_training,149,income_group=Lower-middle-income countries,-0.0099436083434114
drop_population,primary_training,149,income_group=Upper-middle-income countries,-0.014881052851821473
drop_population,primary_training,150,intercept,0.17043942752739874
drop_population,primary_training,150,cum_co2_per_capita,0.012657777892699765
drop_population,primary_training,150,cum_co2_total,0.002455568041464823
drop_population,primary_training,150,abs_latitude,0.0011987462770321584
drop_population,primary_training,150,elevation,8.37542777687516e-07
drop_population,primary_training,150,continentality,4.048545376339641e-05
drop_population,primary_training,150,station_density,-0.0020535524474550237
drop_population,primary_training,150,climate_zone=B,0.0036901818843717775
drop_population,primary_training,150,climate_zone=C,-0.02713043355027282
drop_population,primary_training,150,climate_zone=D,-0.01258850253232575
drop_population,primary_training,150,climate_zone=E,-0.10184774090344097
drop_population,primary_training,150,hemisphere=S,-0.024477910530989525
drop_population,primary_training,150,spatial_block=Asia,-0.05139278966501911
drop_population,primary_training,150,spatial_block=Europe,-0.06095113000319205
drop_population,primary_training,150,spatial_block=North America,-0.08951810064386714
drop_population,primary_training,150,spatial_block=Oceania,-0.05822949478835029
drop_population,primary_training,150,spatial_block=South America,-0.07785285049536318
drop_population,primary_training,150,income_group=Low-income countries,0.00022842819233980012
drop_population,primary_training,150,income_group=Lower-middle-income countries,-0.011290671218526645
drop_population,primary_training,150,income_group=Upper-middle-income countries,-0.01729795811646661
drop_population,full_sample,-1,intercept,0.1683192278218491
drop_population,full_sample,-1,cum_co2_per_capita,0.01286844514236707
drop_population,full_sample,-1,cum_co2_total,0.0029039339233404063
drop_population,full_sample,-1,abs_latitude,0.0010642452637555431
drop_population,full_sample,-1,elevation,-6.296829141636685e-07
drop_population,full_sample,-1,continentality,4.10768604806862e-05
drop_population,full_sample,-1,station_density,-0.0016966102777799996
drop_population,full_sample,-1,climate_zone=B,0.005475457146156774
drop_population,full_sample,-1,climate_zone=C,-0.023135901183411425
drop_population,full_sample,-1,climate_zone=D,-0.00712949069016034
drop_population,full_sample,-1,climate_zone=E,-0.09245680988584237
drop_population,full_sample,-1,hemisphere=S,-0.026278752495488774
drop_population,full_sample,-1,spatial_block=Asia,-0.052218730348831226
drop_population,full_sample,-1,spatial_block=Europe,-0.06076538582413301
drop_population,full_sample,-1,spatial_block=North America,-0.09000707685422314
drop_population,full_sample,-1,spatial_block=Oceania,-0.05627460382140187
drop_population,full_sample,-1,spatial_block=South America,-0.062237922975872925
drop_population,full_sample,-1,income_group=Low-income countries,0.0036192603777795863
drop_population,full_sample,-1,income_group=Lower-middle-income countries,-0.009361469618728822
drop_population,full_sample,-1,income_group=Upper-middle-income countries,-0.014529819083070227
