held_out,candidate,legacy_train,corrected_train
DZA,DZA,False,False
DZA,AGO,True,True
DZA,BEN,True,True
DZA,BWA,True,True
DZA,BFA,True,True
DZA,BDI,True,True
DZA,CMR,True,True
DZA,CAF,True,True
DZA,TCD,False,False
DZA,COG,True,True
DZA,COD,True,True
DZA,CIV,True,True
DZA,DJI,True,True
DZA,EGY,True,True
DZA,GNQ,True,True
DZA,ERI,True,True
DZA,ETH,True,True
DZA,GAB,True,True
DZA,GHA,True,True
DZA,GIN,True,True
DZA,GNB,True,True
DZA,KEN,True,True
DZA,LSO,True,True
DZA,LBR,True,True
DZA,LBY,False,False
DZA,MDG,True,True
DZA,MWI,True,True
DZA,MLI,False,False
DZA,MRT,False,False
DZA,MAR,False,False
DZA,MOZ,True,True
DZA,NAM,True,True
DZA,NER,False,False
DZA,NGA,True,True
DZA,RWA,True,True
DZA,SEN,True,True
DZA,SLE,True,True
DZA,SOM,True,True
DZA,ZAF,True,True
DZA,SDN,True,True
DZA,SWZ,True,True
DZA,TZA,True,True
DZA,TGO,True,True
DZA,TUN,False,False
DZA,UGA,True,True
DZA,ZMB,True,True
DZA,ZWE,True,True
DZA,AFG,True,True
DZA,ARM,True,True
DZA,AZE,True,True
DZA,BGD,True,True
DZA,MMR,True,True
DZA,KHM,True,True
DZA,CHN,True,True
DZA,GEO,True,True
DZA,IND,True,True
DZA,IDN,True,True
DZA,IRN,True,True
DZA,IRQ,True,True
DZA,ISR,True,True
DZA,JPN,True,True
DZA,JOR,True,True
DZA,KAZ,True,True
DZA,LAO,True,True
DZA,LBN,True,True
DZA,MYS,True,True
DZA,MNG,True,True
DZA,NPL,True,True
DZA,OMN,True,True
DZA,PAK,True,True
DZA,PHL,True,True
DZA,QAT,True,True
DZA,SAU,True,True
DZA,KOR,True,True
DZA,LKA,True,True
DZA,SYR,True,True
DZA,TWN,True,True
DZA,TJK,True,True
DZA,THA,True,True
DZA,TUR,True,True
DZA,TKM,True,True
DZA,ARE,True,True
DZA,UZB,True,True
DZA,VNM,True,True
DZA,YEM,True,True
DZA,ALB,True,True
DZA,AUT,True,True
DZA,BLR,True,True
DZA,BEL,True,True
DZA,BIH,True,True
DZA,BGR,True,True
DZA,HRV,True,True
DZA,CYP,True,True
DZA,CZE,True,True
DZA,DNK,True,True
DZA,EST,True,True
DZA,FIN,True,True
DZA,FRA,True,False
DZA,DEU,True,True
DZA,GRC,True,True
DZA,HUN,True,True
DZA,ISL,True,True
DZA,IRL,True,True
DZA,ITA,False,False
DZA,LVA,True,True
DZA,LTU,True,True
DZA,MKD,True,True
DZA,MDA,True,True
DZA,MNE,True,True
DZA,NLD,True,True
DZA,NOR,True,True
DZA,POL,True,True
DZA,PRT,True,True
DZA,ROU,True,True
DZA,RUS,True,True
DZA,SRB,True,True
DZA,SVK,True,True
DZA,SVN,True,True
DZA,ESP,False,False
DZA,SWE,True,True
DZA,CHE,True,True
DZA,UKR,True,True
DZA,GBR,True,True
DZA,BHS,True,True
DZA,CAN,True,True
DZA,CRI,True,True
DZA,CUB,True,True
DZA,DOM,True,True
DZA,SLV,True,True
DZA,GTM,True,True
DZA,HTI,True,True
DZA,HND,True,True
DZA,JAM,True,True
DZA,MEX,True,True
DZA,NIC,True,True
DZA,PAN,True,True
DZA,USA,True,True
DZA,AUS,True,True
DZA,NZL,True,True
DZA,PNG,True,True
DZA,ARG,True,True
DZA,BOL,True,True
DZA,BRA,True,True
DZA,CHL,True,True
DZA,COL,True,True
DZA,ECU,True,True
DZA,PRY,True,True
DZA,PER,True,True
DZA,SUR,True,True
DZA,URY,True,True
DZA,VEN,True,True
AGO,DZA,True,True
AGO,AGO,False,False
AGO,BEN,True,True
AGO,BWA,False,False
AGO,BFA,True,True
AGO,BDI,True,True
AGO,CMR,True,True
AGO,CAF,True,True
AGO,TCD,True,True
AGO,COG,False,False
AGO,COD,False,False
AGO,CIV,True,True
AGO,DJI,True,True
AGO,EGY,True,True
AGO,GNQ,True,True
AGO,ERI,True,True
AGO,ETH,True,True
AGO,GAB,False,False
AGO,GHA,True,True
AGO,GIN,True,True
AGO,GNB,True,True
AGO,KEN,True,True
AGO,LSO,True,True
AGO,LBR,True,True
AGO,LBY,True,True
AGO,MDG,True,True
AGO,MWI,True,True
AGO,MLI,True,True
AGO,MRT,True,True
AGO,MAR,True,True
AGO,MOZ,True,True
AGO,NAM,False,False
AGO,NER,True,True
AGO,NGA,True,True
AGO,RWA,True,True
AGO,SEN,True,True
AGO,SLE,True,True
AGO,SOM,True,True
AGO,ZAF,True,True
AGO,SDN,True,True
AGO,SWZ,True,True
AGO,TZA,True,True
AGO,TGO,True,True
AGO,TUN,True,True
AGO,UGA,True,True
AGO,ZMB,False,False
AGO,ZWE,False,False
AGO,AFG,True,True
AGO,ARM,True,True
AGO,AZE,True,True
AGO,BGD,True,True
AGO,MMR,True,True
AGO,KHM,True,True
AGO,CHN,True,True
AGO,GEO,True,True
AGO,IND,True,True
AGO,IDN,True,True
AGO,IRN,True,True
AGO,IRQ,True,True
AGO,ISR,True,True
AGO,JPN,True,True
AGO,JOR,True,True
AGO,KAZ,True,True
AGO,LAO,True,True
AGO,LBN,True,True
AGO,MYS,True,True
AGO,MNG,True,True
AGO,NPL,True,True
AGO,OMN,True,True
AGO,PAK,True,True
AGO,PHL,True,True
AGO,QAT,True,True
AGO,SAU,True,True
AGO,KOR,True,True
AGO,LKA,True,True
AGO,SYR,True,True
AGO,TWN,True,True
AGO,TJK,True,True
AGO,THA,True,True
AGO,TUR,True,True
AGO,TKM,True,True
AGO,ARE,True,True
AGO,UZB,True,True
AGO,VNM,True,True
AGO,YEM,True,True
AGO,ALB,True,True
AGO,AUT,True,True
AGO,BLR,True,True
AGO,BEL,True,True
AGO,BIH,True,True
AGO,BGR,True,True
AGO,HRV,True,True
AGO,CYP,True,True
AGO,CZE,True,True
AGO,DNK,True,True
AGO,EST,True,True
AGO,FIN,True,True
AGO,FRA,True,True
AGO,DEU,True,True
AGO,GRC,True,True
AGO,HUN,True,True
AGO,ISL,True,True
AGO,IRL,True,True
AGO,ITA,True,True
AGO,LVA,True,True
AGO,LTU,True,True
AGO,MKD,True,True
AGO,MDA,True,True
AGO,MNE,True,True
AGO,NLD,True,True
AGO,NOR,True,True
AGO,POL,True,True
AGO,PRT,True,True
AGO,ROU,True,True
AGO,RUS,True,True
AGO,SRB,True,True
AGO,SVK,True,True
AGO,SVN,True,True
AGO,ESP,True,True
AGO,SWE,True,True
AGO,CHE,True,True
AGO,UKR,True,True
AGO,GBR,True,True
AGO,BHS,True,True
AGO,CAN,True,True
AGO,CRI,True,True
AGO,CUB,True,True
AGO,DOM,True,True
AGO,SLV,True,True
AGO,GTM,True,True
AGO,HTI,True,True
AGO,HND,True,True
AGO,JAM,True,True
AGO,MEX,True,True
AGO,NIC,True,True
AGO,PAN,True,True
AGO,USA,True,True
AGO,AUS,True,True
AGO,NZL,True,True
AGO,PNG,True,True
AGO,ARG,True,True
AGO,BOL,True,True
AGO,BRA,True,True
AGO,CHL,True,True
AGO,COL,True,True
AGO,ECU,True,True
AGO,PRY,True,True
AGO,PER,True,True
AGO,SUR,True,True
AGO,URY,True,True
AGO,VEN,True,True
BEN,DZA,True,True
BEN,AGO,True,True
BEN,BEN,False,False
BEN,BWA,True,True
BEN,BFA,False,False
BEN,BDI,True,True
BEN,CMR,True,True
BEN,CAF,True,True
BEN,TCD,True,True
BEN,COG,True,True
BEN,COD,True,True
BEN,CIV,True,False
BEN,DJI,True,True
BEN,EGY,True,True
BEN,GNQ,True,True
BEN,ERI,True,True
BEN,ETH,True,True
BEN,GAB,True,True
BEN,GHA,False,False
BEN,GIN,True,True
BEN,GNB,True,True
BEN,KEN,True,True
BEN,LSO,True,True
BEN,LBR,True,True
BEN,LBY,True,True
BEN,MDG,True,True
BEN,MWI,True,True
BEN,MLI,False,False
BEN,MRT,True,True
BEN,MAR,True,True
BEN,MOZ,True,True
BEN,NAM,True,True
BEN,NER,False,False
BEN,NGA,False,False
BEN,RWA,True,True
BEN,SEN,True,True
BEN,SLE,True,True
BEN,SOM,True,True
BEN,ZAF,True,True
BEN,SDN,True,True
BEN,SWZ,True,True
BEN,TZA,True,True
BEN,TGO,False,False
BEN,TUN,True,True
BEN,UGA,True,True
BEN,ZMB,True,True
BEN,ZWE,True,True
BEN,AFG,True,True
BEN,ARM,True,True
BEN,AZE,True,True
BEN,BGD,True,True
BEN,MMR,True,True
BEN,KHM,True,True
BEN,CHN,True,True
BEN,GEO,True,True
BEN,IND,True,True
BEN,IDN,True,True
BEN,IRN,True,True
BEN,IRQ,True,True
BEN,ISR,True,True
BEN,JPN,True,True
BEN,JOR,True,True
BEN,KAZ,True,True
BEN,LAO,True,True
BEN,LBN,True,True
BEN,MYS,True,True
BEN,MNG,True,True
BEN,NPL,True,True
BEN,OMN,True,True
BEN,PAK,True,True
BEN,PHL,True,True
BEN,QAT,True,True
BEN,SAU,True,True
BEN,KOR,True,True
BEN,LKA,True,True
BEN,SYR,True,True
BEN,TWN,True,True
BEN,TJK,True,True
BEN,THA,True,True
BEN,TUR,True,True
BEN,TKM,True,True
BEN,ARE,True,True
BEN,UZB,True,True
BEN,VNM,True,True
BEN,YEM,True,True
BEN,ALB,True,True
BEN,AUT,True,True
BEN,BLR,True,True
BEN,BEL,True,True
BEN,BIH,True,True
BEN,BGR,True,True
BEN,HRV,True,True
BEN,CYP,True,True
BEN,CZE,True,True
BEN,DNK,True,True
BEN,EST,True,True
BEN,FIN,True,True
BEN,FRA,True,True
BEN,DEU,True,True
BEN,GRC,True,True
BEN,HUN,True,True
BEN,ISL,True,True
BEN,IRL,True,True
BEN,ITA,True,True
BEN,LVA,True,True
BEN,LTU,True,True
BEN,MKD,True,True
BEN,MDA,True,True
BEN,MNE,True,True
BEN,NLD,True,True
BEN,NOR,True,True
BEN,POL,True,True
BEN,PRT,True,True
BEN,ROU,True,True
BEN,RUS,True,True
BEN,SRB,True,True
BEN,SVK,True,True
BEN,SVN,True,True
BEN,ESP,True,True
BEN,SWE,True,True
BEN,CHE,True,True
BEN,UKR,True,True
BEN,GBR,True,True
BEN,BHS,True,True
BEN,CAN,True,True
BEN,CRI,True,True
BEN,CUB,True,True
BEN,DOM,True,True
BEN,SLV,True,True
BEN,GTM,True,True
BEN,HTI,True,True
BEN,HND,True,True
BEN,JAM,True,True
BEN,MEX,True,True
BEN,NIC,True,True
BEN,PAN,True,True
BEN,USA,True,True
BEN,AUS,True,True
BEN,NZL,True,True
BEN,PNG,True,True
BEN,ARG,True,True
BEN,BOL,True,True
BEN,BRA,True,True
BEN,CHL,True,True
BEN,COL,True,True
BEN,ECU,True,True
BEN,PRY,True,True
BEN,PER,True,True
BEN,SUR,True,True
BEN,URY,True,True
BEN,VEN,True,True
BWA,DZA,True,True
BWA,AGO,False,False
BWA,BEN,True,True
BWA,BWA,False,False
BWA,BFA,True,True
BWA,BDI,True,True
BWA,CMR,True,True
BWA,CAF,True,True
BWA,TCD,True,True
BWA,COG,True,True
BWA,COD,True,True
BWA,CIV,True,True
BWA,DJI,True,True
BWA,EGY,True,True
BWA,GNQ,True,True
BWA,ERI,True,True
BWA,ETH,True,True
BWA,GAB,True,True
BWA,GHA,True,True
BWA,GIN,True,True
BWA,GNB,True,True
BWA,KEN,True,True
BWA,LSO,False,False
BWA,LBR,True,True
BWA,LBY,True,True
BWA,MDG,True,True
BWA,MWI,True,True
BWA,MLI,True,True
BWA,MRT,True,True
BWA,MAR,True,True
BWA,MOZ,False,False
BWA,NAM,False,False
BWA,NER,True,True
BWA,NGA,True,True
BWA,RWA,True,True
BWA,SEN,True,True
BWA,SLE,True,True
BWA,SOM,True,True
BWA,ZAF,False,False
BWA,SDN,True,True
BWA,SWZ,True,False
BWA,TZA,True,True
BWA,TGO,True,True
BWA,TUN,True,True
BWA,UGA,True,True
BWA,ZMB,False,False
BWA,ZWE,False,False
BWA,AFG,True,True
BWA,ARM,True,True
BWA,AZE,True,True
BWA,BGD,True,True
BWA,MMR,True,True
BWA,KHM,True,True
BWA,CHN,True,True
BWA,GEO,True,True
BWA,IND,True,True
BWA,IDN,True,True
BWA,IRN,True,True
BWA,IRQ,True,True
BWA,ISR,True,True
BWA,JPN,True,True
BWA,JOR,True,True
BWA,KAZ,True,True
BWA,LAO,True,True
BWA,LBN,True,True
BWA,MYS,True,True
BWA,MNG,True,True
BWA,NPL,True,True
BWA,OMN,True,True
BWA,PAK,True,True
BWA,PHL,True,True
BWA,QAT,True,True
BWA,SAU,True,True
BWA,KOR,True,True
BWA,LKA,True,True
BWA,SYR,True,True
BWA,TWN,True,True
BWA,TJK,True,True
BWA,THA,True,True
BWA,TUR,True,True
BWA,TKM,True,True
BWA,ARE,True,True
BWA,UZB,True,True
BWA,VNM,True,True
BWA,YEM,True,True
BWA,ALB,True,True
BWA,AUT,True,True
BWA,BLR,True,True
BWA,BEL,True,True
BWA,BIH,True,True
BWA,BGR,True,True
BWA,HRV,True,True
BWA,CYP,True,True
BWA,CZE,True,True
BWA,DNK,True,True
BWA,EST,True,True
BWA,FIN,True,True
BWA,FRA,True,True
BWA,DEU,True,True
BWA,GRC,True,True
BWA,HUN,True,True
BWA,ISL,True,True
BWA,IRL,True,True
BWA,ITA,True,True
BWA,LVA,True,True
BWA,LTU,True,True
BWA,MKD,True,True
BWA,MDA,True,True
BWA,MNE,True,True
BWA,NLD,True,True
BWA,NOR,True,True
BWA,POL,True,True
BWA,PRT,True,True
BWA,ROU,True,True
BWA,RUS,True,True
BWA,SRB,True,True
BWA,SVK,True,True
BWA,SVN,True,True
BWA,ESP,True,True
BWA,SWE,True,True
BWA,CHE,True,True
BWA,UKR,True,True
BWA,GBR,True,True
BWA,BHS,True,True
BWA,CAN,True,True
BWA,CRI,True,True
BWA,CUB,True,True
BWA,DOM,True,True
BWA,SLV,True,True
BWA,GTM,True,True
BWA,HTI,True,True
BWA,HND,True,True
BWA,JAM,True,True
BWA,MEX,True,True
BWA,NIC,True,True
BWA,PAN,True,True
BWA,USA,True,True
BWA,AUS,True,True
BWA,NZL,True,True
BWA,PNG,True,True
BWA,ARG,True,True
BWA,BOL,True,True
BWA,BRA,True,True
BWA,CHL,True,True
BWA,COL,True,True
BWA,ECU,True,True
BWA,PRY,True,True
BWA,PER,True,True
BWA,SUR,True,True
BWA,URY,True,True
BWA,VEN,True,True
BFA,DZA,True,True
BFA,AGO,True,True
BFA,BEN,False,False
BFA,BWA,True,True
BFA,BFA,False,False
BFA,BDI,True,True
BFA,CMR,True,True
BFA,CAF,True,True
BFA,TCD,True,True
BFA,COG,True,True
BFA,COD,True,True
BFA,CIV,False,False
BFA,DJI,True,True
BFA,EGY,True,True
BFA,GNQ,True,True
BFA,ERI,True,True
BFA,ETH,True,True
BFA,GAB,True,True
BFA,GHA,False,False
BFA,GIN,False,False
BFA,GNB,True,True
BFA,KEN,True,True
BFA,LSO,True,True
BFA,LBR,True,False
BFA,LBY,True,True
BFA,MDG,True,True
BFA,MWI,True,True
BFA,MLI,False,False
BFA,MRT,False,False
BFA,MAR,True,True
BFA,MOZ,True,True
BFA,NAM,True,True
BFA,NER,False,False
BFA,NGA,False,False
BFA,RWA,True,True
BFA,SEN,True,True
BFA,SLE,True,True
BFA,SOM,True,True
BFA,ZAF,True,True
BFA,SDN,True,True
BFA,SWZ,True,True
BFA,TZA,True,True
BFA,TGO,False,False
BFA,TUN,True,True
BFA,UGA,True,True
BFA,ZMB,True,True
BFA,ZWE,True,True
BFA,AFG,True,True
BFA,ARM,True,True
BFA,AZE,True,True
BFA,BGD,True,True
BFA,MMR,True,True
BFA,KHM,True,True
BFA,CHN,True,True
BFA,GEO,True,True
BFA,IND,True,True
BFA,IDN,True,True
BFA,IRN,True,True
BFA,IRQ,True,True
BFA,ISR,True,True
BFA,JPN,True,True
BFA,JOR,True,True
BFA,KAZ,True,True
BFA,LAO,True,True
BFA,LBN,True,True
BFA,MYS,True,True
BFA,MNG,True,True
BFA,NPL,True,True
BFA,OMN,True,True
BFA,PAK,True,True
BFA,PHL,True,True
BFA,QAT,True,True
BFA,SAU,True,True
BFA,KOR,True,True
BFA,LKA,True,True
BFA,SYR,True,True
BFA,TWN,True,True
BFA,TJK,True,True
BFA,THA,True,True
BFA,TUR,True,True
BFA,TKM,True,True
BFA,ARE,True,True
BFA,UZB,True,True
BFA,VNM,True,True
BFA,YEM,True,True
BFA,ALB,True,True
BFA,AUT,True,True
BFA,BLR,True,True
BFA,BEL,True,True
BFA,BIH,True,True
BFA,BGR,True,True
BFA,HRV,True,True
BFA,CYP,True,True
BFA,CZE,True,True
BFA,DNK,True,True
BFA,EST,True,True
BFA,FIN,True,True
BFA,FRA,True,True
BFA,DEU,True,True
BFA,GRC,True,True
BFA,HUN,True,True
BFA,ISL,True,True
BFA,IRL,True,True
BFA,ITA,True,True
BFA,LVA,True,True
BFA,LTU,True,True
BFA,MKD,True,True
BFA,MDA,True,True
BFA,MNE,True,True
BFA,NLD,True,True
BFA,NOR,True,True
BFA,POL,True,True
BFA,PRT,True,True
BFA,ROU,True,True
BFA,RUS,True,True
BFA,SRB,True,True
BFA,SVK,True,True
BFA,SVN,True,True
BFA,ESP,True,True
BFA,SWE,True,True
BFA,CHE,True,True
BFA,UKR,True,True
BFA,GBR,True,True
BFA,BHS,True,True
BFA,CAN,True,True
BFA,CRI,True,True
BFA,CUB,True,True
BFA,DOM,True,True
BFA,SLV,True,True
BFA,GTM,True,True
BFA,HTI,True,True
BFA,HND,True,True
BFA,JAM,True,True
BFA,MEX,True,True
BFA,NIC,True,True
BFA,PAN,True,True
BFA,USA,True,True
BFA,AUS,True,True
BFA,NZL,True,True
BFA,PNG,True,True
BFA,ARG,True,True
BFA,BOL,True,True
BFA,BRA,True,True
BFA,CHL,True,True
BFA,COL,True,True
BFA,ECU,True,True
BFA,PRY,True,True
BFA,PER,True,True
BFA,SUR,True,True
BFA,URY,True,True
BFA,VEN,True,True
BDI,DZA,True,True
BDI,AGO,True,True
BDI,BEN,True,True
BDI,BWA,True,True
BDI,BFA,True,True
BDI,BDI,False,False
BDI,CMR,True,True
BDI,CAF,True,True
BDI,TCD,True,True
BDI,COG,True,True
BDI,COD,False,False
BDI,CIV,True,True
BDI,DJI,True,True
BDI,EGY,True,True
BDI,GNQ,True,True
BDI,ERI,True,True
BDI,ETH,True,True
BDI,GAB,True,True
BDI,GHA,True,True
BDI,GIN,True,True
BDI,GNB,True,True
BDI,KEN,True,False
BDI,LSO,True,True
BDI,LBR,True,True
BDI,LBY,True,True
BDI,MDG,True,True
BDI,MWI,True,True
BDI,MLI,True,True
BDI,MRT,True,True
BDI,MAR,True,True
BDI,MOZ,True,True
BDI,NAM,True,True
BDI,NER,True,True
BDI,NGA,True,True
BDI,RWA,False,False
BDI,SEN,True,True
BDI,SLE,True,True
BDI,SOM,True,True
BDI,ZAF,True,True
BDI,SDN,True,True
BDI,SWZ,True,True
BDI,TZA,False,False
BDI,TGO,True,True
BDI,TUN,True,True
BDI,UGA,False,False
BDI,ZMB,False,False
BDI,ZWE,True,True
BDI,AFG,True,True
BDI,ARM,True,True
BDI,AZE,True,True
BDI,BGD,True,True
BDI,MMR,True,True
BDI,KHM,True,True
BDI,CHN,True,True
BDI,GEO,True,True
BDI,IND,True,True
BDI,IDN,True,True
BDI,IRN,True,True
BDI,IRQ,True,True
BDI,ISR,True,True
BDI,JPN,True,True
BDI,JOR,True,True
BDI,KAZ,True,True
BDI,LAO,True,True
BDI,LBN,True,True
BDI,MYS,True,True
BDI,MNG,True,True
BDI,NPL,True,True
BDI,OMN,True,True
BDI,PAK,True,True
BDI,PHL,True,True
BDI,QAT,True,True
BDI,SAU,True,True
BDI,KOR,True,True
BDI,LKA,True,True
BDI,SYR,True,True
BDI,TWN,True,True
BDI,TJK,True,True
BDI,THA,True,True
BDI,TUR,True,True
BDI,TKM,True,True
BDI,ARE,True,True
BDI,UZB,True,True
BDI,VNM,True,True
BDI,YEM,True,True
BDI,ALB,True,True
BDI,AUT,True,True
BDI,BLR,True,True
BDI,BEL,True,True
BDI,BIH,True,True
BDI,BGR,True,True
BDI,HRV,True,True
BDI,CYP,True,True
BDI,CZE,True,True
BDI,DNK,True,True
BDI,EST,True,True
BDI,FIN,True,True
BDI,FRA,True,True
BDI,DEU,True,True
BDI,GRC,True,True
BDI,HUN,True,True
BDI,ISL,True,True
BDI,IRL,True,True
BDI,ITA,True,True
BDI,LVA,True,True
BDI,LTU,True,True
BDI,MKD,True,True
BDI,MDA,True,True
BDI,MNE,True,True
BDI,NLD,True,True
BDI,NOR,True,True
BDI,POL,True,True
BDI,PRT,True,True
BDI,ROU,True,True
BDI,RUS,True,True
BDI,SRB,True,True
BDI,SVK,True,True
BDI,SVN,True,True
BDI,ESP,True,True
BDI,SWE,True,True
BDI,CHE,True,True
BDI,UKR,True,True
BDI,GBR,True,True
BDI,BHS,True,True
BDI,CAN,True,True
BDI,CRI,True,True
BDI,CUB,True,True
BDI,DOM,True,True
BDI,SLV,True,True
BDI,GTM,True,True
BDI,HTI,True,True
BDI,HND,True,True
BDI,JAM,True,True
BDI,MEX,True,True
BDI,NIC,True,True
BDI,PAN,True,True
BDI,USA,True,True
BDI,AUS,True,True
BDI,NZL,True,True
BDI,PNG,True,True
BDI,ARG,True,True
BDI,BOL,True,True
BDI,BRA,True,True
BDI,CHL,True,True
BDI,COL,True,True
BDI,ECU,True,True
BDI,PRY,True,True
BDI,PER,True,True
BDI,SUR,True,True
BDI,URY,True,True
BDI,VEN,True,True
CMR,DZA,True,True
CMR,AGO,True,True
CMR,BEN,True,True
CMR,BWA,True,True
CMR,BFA,True,True
CMR,BDI,True,True
CMR,CMR,False,False
CMR,CAF,False,False
CMR,TCD,False,False
CMR,COG,False,False
CMR,COD,False,False
CMR,CIV,True,True
CMR,DJI,True,True
CMR,EGY,True,True
CMR,GNQ,False,False
CMR,ERI,True,True
CMR,ETH,True,True
CMR,GAB,False,False
CMR,GHA,True,True
CMR,GIN,True,True
CMR,GNB,True,True
CMR,KEN,True,True
CMR,LSO,True,True
CMR,LBR,True,True
CMR,LBY,True,True
CMR,MDG,True,True
CMR,MWI,True,True
CMR,MLI,True,True
CMR,MRT,True,True
CMR,MAR,True,True
CMR,MOZ,True,True
CMR,NAM,True,True
CMR,NER,False,False
CMR,NGA,False,False
CMR,RWA,True,True
CMR,SEN,True,True
CMR,SLE,True,True
CMR,SOM,True,True
CMR,ZAF,True,True
CMR,SDN,True,True
CMR,SWZ,True,True
CMR,TZA,True,True
CMR,TGO,True,True
CMR,TUN,True,True
CMR,UGA,True,True
CMR,ZMB,True,True
CMR,ZWE,True,True
CMR,AFG,True,True
CMR,ARM,True,True
CMR,AZE,True,True
CMR,BGD,True,True
CMR,MMR,True,True
CMR,KHM,True,True
CMR,CHN,True,True
CMR,GEO,True,True
CMR,IND,True,True
CMR,IDN,True,True
CMR,IRN,True,True
CMR,IRQ,True,True
CMR,ISR,True,True
CMR,JPN,True,True
CMR,JOR,True,True
CMR,KAZ,True,True
CMR,LAO,True,True
CMR,LBN,True,True
CMR,MYS,True,True
CMR,MNG,True,True
CMR,NPL,True,True
CMR,OMN,True,True
CMR,PAK,True,True
CMR,PHL,True,True
CMR,QAT,True,True
CMR,SAU,True,True
CMR,KOR,True,True
CMR,LKA,True,True
CMR,SYR,True,True
CMR,TWN,True,True
CMR,TJK,True,True
CMR,THA,True,True
CMR,TUR,True,True
CMR,TKM,True,True
CMR,ARE,True,True
CMR,UZB,True,True
CMR,VNM,True,True
CMR,YEM,True,True
CMR,ALB,True,True
CMR,AUT,True,True
CMR,BLR,True,True
CMR,BEL,True,True
CMR,BIH,True,True
CMR,BGR,True,True
CMR,HRV,True,True
CMR,CYP,True,True
CMR,CZE,True,True
CMR,DNK,True,True
CMR,EST,True,True
CMR,FIN,True,True
CMR,FRA,True,True
CMR,DEU,True,True
CMR,GRC,True,True
CMR,HUN,True,True
CMR,ISL,True,True
CMR,IRL,True,True
CMR,ITA,True,True
CMR,LVA,True,True
CMR,LTU,True,True
CMR,MKD,True,True
CMR,MDA,True,True
CMR,MNE,True,True
CMR,NLD,True,True
CMR,NOR,True,True
CMR,POL,True,True
CMR,PRT,True,True
CMR,ROU,True,True
CMR,RUS,True,True
CMR,SRB,True,True
CMR,SVK,True,True
CMR,SVN,True,True
CMR,ESP,True,True
CMR,SWE,True,True
CMR,CHE,True,True
CMR,UKR,True,True
CMR,GBR,True,True
CMR,BHS,True,True
CMR,CAN,True,True
CMR,CRI,True,True
CMR,CUB,True,True
CMR,DOM,True,True
CMR,SLV,True,True
CMR,GTM,True,True
CMR,HTI,True,True
CMR,HND,True,True
CMR,JAM,True,True
CMR,MEX,True,True
CMR,NIC,True,True
CMR,PAN,True,True
CMR,USA,True,True
CMR,AUS,True,True
CMR,NZL,True,True
CMR,PNG,True,True
CMR,ARG,True,True
CMR,BOL,True,True
CMR,BRA,True,True
CMR,CHL,True,True
CMR,COL,True,True
CMR,ECU,True,True
CMR,PRY,True,True
CMR,PER,True,True
CMR,SUR,True,True
CMR,URY,True,True
CMR,VEN,True,True
CAF,DZA,True,True
CAF,AGO,True,True
CAF,BEN,True,True
CAF,BWA,True,True
CAF,BFA,True,True
CAF,BDI,True,True
CAF,CMR,False,False
CAF,CAF,False,False
CAF,TCD,False,False
CAF,COG,False,False
CAF,COD,False,False
CAF,CIV,True,True
CAF,DJI,True,True
CAF,EGY,True,True
CAF,GNQ,True,False
CAF,ERI,True,True
CAF,ETH,True,True
CAF,GAB,False,False
CAF,GHA,True,True
CAF,GIN,True,True
CAF,GNB,True,True
CAF,KEN,True,True
CAF,LSO,True,True
CAF,LBR,True,True
CAF,LBY,True,True
CAF,MDG,True,True
CAF,MWI,True,True
CAF,MLI,True,True
CAF,MRT,True,True
CAF,MAR,True,True
CAF,MOZ,True,True
CAF,NAM,True,True
CAF,NER,True,True
CAF,NGA,False,False
CAF,RWA,True,True
CAF,SEN,True,True
CAF,SLE,True,True
CAF,SOM,True,True
CAF,ZAF,True,True
CAF,SDN,False,False
CAF,SWZ,True,True
CAF,TZA,True,True
CAF,TGO,True,True
CAF,TUN,True,True
CAF,UGA,True,False
CAF,ZMB,True,True
CAF,ZWE,True,True
CAF,AFG,True,True
CAF,ARM,True,True
CAF,AZE,True,True
CAF,BGD,True,True
CAF,MMR,True,True
CAF,KHM,True,True
CAF,CHN,True,True
CAF,GEO,True,True
CAF,IND,True,True
CAF,IDN,True,True
CAF,IRN,True,True
CAF,IRQ,True,True
CAF,ISR,True,True
CAF,JPN,True,True
CAF,JOR,True,True
CAF,KAZ,True,True
CAF,LAO,True,True
CAF,LBN,True,True
CAF,MYS,True,True
CAF,MNG,True,True
CAF,NPL,True,True
CAF,OMN,True,True
CAF,PAK,True,True
CAF,PHL,True,True
CAF,QAT,True,True
CAF,SAU,True,True
CAF,KOR,True,True
CAF,LKA,True,True
CAF,SYR,True,True
CAF,TWN,True,True
CAF,TJK,True,True
CAF,THA,True,True
CAF,TUR,True,True
CAF,TKM,True,True
CAF,ARE,True,True
CAF,UZB,True,True
CAF,VNM,True,True
CAF,YEM,True,True
CAF,ALB,True,True
CAF,AUT,True,True
CAF,BLR,True,True
CAF,BEL,True,True
CAF,BIH,True,True
CAF,BGR,True,True
CAF,HRV,True,True
CAF,CYP,True,True
CAF,CZE,True,True
CAF,DNK,True,True
CAF,EST,True,True
CAF,FIN,True,True
CAF,FRA,True,True
CAF,DEU,True,True
CAF,GRC,True,True
CAF,HUN,True,True
CAF,ISL,True,True
CAF,IRL,True,True
CAF,ITA,True,True
CAF,LVA,True,True
CAF,LTU,True,True
CAF,MKD,True,True
CAF,MDA,True,True
CAF,MNE,True,True
CAF,NLD,True,True
CAF,NOR,True,True
CAF,POL,True,True
CAF,PRT,True,True
CAF,ROU,True,True
CAF,RUS,True,True
CAF,SRB,True,True
CAF,SVK,True,True
CAF,SVN,True,True
CAF,ESP,True,True
CAF,SWE,True,True
CAF,CHE,True,True
CAF,UKR,True,True
CAF,GBR,True,True
CAF,BHS,True,True
CAF,CAN,True,True
CAF,CRI,True,True
CAF,CUB,True,True
CAF,DOM,True,True
CAF,SLV,True,True
CAF,GTM,True,True
CAF,HTI,True,True
CAF,HND,True,True
CAF,JAM,True,True
CAF,MEX,True,True
CAF,NIC,True,True
CAF,PAN,True,True
CAF,USA,True,True
CAF,AUS,True,True
CAF,NZL,True,True
CAF,PNG,True,True
CAF,ARG,True,True
CAF,BOL,True,True
CAF,BRA,True,True
CAF,CHL,True,True
CAF,COL,True,True
CAF,ECU,True,True
CAF,PRY,True,True
CAF,PER,True,True
CAF,SUR,True,True
CAF,URY,True,True
CAF,VEN,True,True
TCD,DZA,False,False
TCD,AGO,True,True
TCD,BEN,True,True
TCD,BWA,True,True
TCD,BFA,True,True
TCD,BDI,True,True
TCD,CMR,False,False
TCD,CAF,False,False
TCD,TCD,False,False
TCD,COG,False,False
TCD,COD,False,False
TCD,CIV,True,True
TCD,DJI,True,True
TCD,EGY,False,False
TCD,GNQ,True,True
TCD,ERI,True,True
TCD,ETH,True,True
TCD,GAB,True,True
TCD,GHA,True,True
TCD,GIN,True,True
TCD,GNB,True,True
TCD,KEN,True,True
TCD,LSO,True,True
TCD,LBR,True,True
TCD,LBY,False,False
TCD,MDG,True,True
TCD,MWI,True,True
TCD,MLI,True,True
TCD,MRT,True,True
TCD,MAR,True,True
TCD,MOZ,True,True
TCD,NAM,True,True
TCD,NER,False,False
TCD,NGA,False,False
TCD,RWA,True,True
TCD,SEN,True,True
TCD,SLE,True,True
TCD,SOM,True,True
TCD,ZAF,True,True
TCD,SDN,False,False
TCD,SWZ,True,True
TCD,TZA,True,True
TCD,TGO,True,True
TCD,TUN,True,True
TCD,UGA,True,True
TCD,ZMB,True,True
TCD,ZWE,True,True
TCD,AFG,True,True
TCD,ARM,True,True
TCD,AZE,True,True
TCD,BGD,True,True
TCD,MMR,True,True
TCD,KHM,True,True
TCD,CHN,True,True
TCD,GEO,True,True
TCD,IND,True,True
TCD,IDN,True,True
TCD,IRN,True,True
TCD,IRQ,True,True
TCD,ISR,True,True
TCD,JPN,True,True
TCD,JOR,True,True
TCD,KAZ,True,True
TCD,LAO,True,True
TCD,LBN,True,True
TCD,MYS,True,True
TCD,MNG,True,True
TCD,NPL,True,True
TCD,OMN,True,True
TCD,PAK,True,True
TCD,PHL,True,True
TCD,QAT,True,True
TCD,SAU,True,True
TCD,KOR,True,True
TCD,LKA,True,True
TCD,SYR,True,True
TCD,TWN,True,True
TCD,TJK,True,True
TCD,THA,True,True
TCD,TUR,True,True
TCD,TKM,True,True
TCD,ARE,True,True
TCD,UZB,True,True
TCD,VNM,True,True
TCD,YEM,True,True
TCD,ALB,True,True
TCD,AUT,True,True
TCD,BLR,True,True
TCD,BEL,True,True
TCD,BIH,True,True
TCD,BGR,True,True
TCD,HRV,True,True
TCD,CYP,True,True
TCD,CZE,True,True
TCD,DNK,True,True
TCD,EST,True,True
TCD,FIN,True,True
TCD,FRA,True,True
TCD,DEU,True,True
TCD,GRC,True,True
TCD,HUN,True,True
TCD,ISL,True,True
TCD,IRL,True,True
TCD,ITA,True,True
TCD,LVA,True,True
TCD,LTU,True,True
TCD,MKD,True,True
TCD,MDA,True,True
TCD,MNE,True,True
TCD,NLD,True,True
TCD,NOR,True,True
TCD,POL,True,True
TCD,PRT,True,True
TCD,ROU,True,True
TCD,RUS,True,True
TCD,SRB,True,True
TCD,SVK,True,True
TCD,SVN,True,True
TCD,ESP,True,True
TCD,SWE,True,True
TCD,CHE,True,True
TCD,UKR,True,True
TCD,GBR,True,True
TCD,BHS,True,True
TCD,CAN,True,True
TCD,CRI,True,True
TCD,CUB,True,True
TCD,DOM,True,True
TCD,SLV,True,True
TCD,GTM,True,True
TCD,HTI,True,True
TCD,HND,True,True
TCD,JAM,True,True
TCD,MEX,True,True
TCD,NIC,True,True
TCD,PAN,True,True
TCD,USA,True,True
TCD,AUS,True,True
TCD,NZL,True,True
TCD,PNG,True,True
TCD,ARG,True,True
TCD,BOL,True,True
TCD,BRA,True,True
TCD,CHL,True,True
TCD,COL,True,True
TCD,ECU,True,True
TCD,PRY,True,True
TCD,PER,True,True
TCD,SUR,True,True
TCD,URY,True,True
TCD,VEN,True,True
COG,DZA,True,True
COG,AGO,False,False
COG,BEN,True,True
COG,BWA,True,True
COG,BFA,True,True
COG,BDI,True,True
COG,CMR,False,False
COG,CAF,False,False
COG,TCD,False,False
COG,COG,False,False
COG,COD,False,False
COG,CIV,True,True
COG,DJI,True,True
COG,EGY,True,True
COG,GNQ,False,False
COG,ERI,True,True
COG,ETH,True,True
COG,GAB,False,False
COG,GHA,True,True
COG,GIN,True,True
COG,GNB,True,True
COG,KEN,True,True
COG,LSO,True,True
COG,LBR,True,True
COG,LBY,True,True
COG,MDG,True,True
COG,MWI,True,True
COG,MLI,True,True
COG,MRT,True,True
COG,MAR,True,True
COG,MOZ,True,True
COG,NAM,True,True
COG,NER,True,True
COG,NGA,True,True
COG,RWA,True,True
COG,SEN,True,True
COG,SLE,True,True
COG,SOM,True,True
COG,ZAF,True,True
COG,SDN,True,True
COG,SWZ,True,True
COG,TZA,True,True
COG,TGO,True,True
COG,TUN,True,True
COG,UGA,True,True
COG,ZMB,True,True
COG,ZWE,True,True
COG,AFG,True,True
COG,ARM,True,True
COG,AZE,True,True
COG,BGD,True,True
COG,MMR,True,True
COG,KHM,True,True
COG,CHN,True,True
COG,GEO,True,True
COG,IND,True,True
COG,IDN,True,True
COG,IRN,True,True
COG,IRQ,True,True
COG,ISR,True,True
COG,JPN,True,True
COG,JOR,True,True
COG,KAZ,True,True
COG,LAO,True,True
COG,LBN,True,True
COG,MYS,True,True
COG,MNG,True,True
COG,NPL,True,True
COG,OMN,True,True
COG,PAK,True,True
COG,PHL,True,True
COG,QAT,True,True
COG,SAU,True,True
COG,KOR,True,True
COG,LKA,True,True
COG,SYR,True,True
COG,TWN,True,True
COG,TJK,True,True
COG,THA,True,True
COG,TUR,True,True
COG,TKM,True,True
COG,ARE,True,True
COG,UZB,True,True
COG,VNM,True,True
COG,YEM,True,True
COG,ALB,True,True
COG,AUT,True,True
COG,BLR,True,True
COG,BEL,True,True
COG,BIH,True,True
COG,BGR,True,True
COG,HRV,True,True
COG,CYP,True,True
COG,CZE,True,True
COG,DNK,True,True
COG,EST,True,True
COG,FIN,True,True
COG,FRA,True,True
COG,DEU,True,True
COG,GRC,True,True
COG,HUN,True,True
COG,ISL,True,True
COG,IRL,True,True
COG,ITA,True,True
COG,LVA,True,True
COG,LTU,True,True
COG,MKD,True,True
COG,MDA,True,True
COG,MNE,True,True
COG,NLD,True,True
COG,NOR,True,True
COG,POL,True,True
COG,PRT,True,True
COG,ROU,True,True
COG,RUS,True,True
COG,SRB,True,True
COG,SVK,True,True
COG,SVN,True,True
COG,ESP,True,True
COG,SWE,True,True
COG,CHE,True,True
COG,UKR,True,True
COG,GBR,True,True
COG,BHS,True,True
COG,CAN,True,True
COG,CRI,True,True
COG,CUB,True,True
COG,DOM,True,True
COG,SLV,True,True
COG,GTM,True,True
COG,HTI,True,True
COG,HND,True,True
COG,JAM,True,True
COG,MEX,True,True
COG,NIC,True,True
COG,PAN,True,True
COG,USA,True,True
COG,AUS,True,True
COG,NZL,True,True
COG,PNG,True,True
COG,ARG,True,True
COG,BOL,True,True
COG,BRA,True,True
COG,CHL,True,True
COG,COL,True,True
COG,ECU,True,True
COG,PRY,True,True
COG,PER,True,True
COG,SUR,True,True
COG,URY,True,True
COG,VEN,True,True
COD,DZA,True,True
COD,AGO,False,False
COD,BEN,True,True
COD,BWA,True,True
COD,BFA,True,True
COD,BDI,False,False
COD,CMR,False,False
COD,CAF,False,False
COD,TCD,False,False
COD,COG,False,False
COD,COD,False,False
COD,CIV,True,True
COD,DJI,True,True
COD,EGY,True,True
COD,GNQ,True,True
COD,ERI,True,True
COD,ETH,True,False
COD,GAB,False,False
COD,GHA,True,True
COD,GIN,True,True
COD,GNB,True,True
COD,KEN,False,False
COD,LSO,True,True
COD,LBR,True,True
COD,LBY,True,True
COD,MDG,True,True
COD,MWI,False,False
COD,MLI,True,True
COD,MRT,True,True
COD,MAR,True,True
COD,MOZ,False,False
COD,NAM,True,True
COD,NER,True,True
COD,NGA,True,True
COD,RWA,False,False
COD,SEN,True,True
COD,SLE,True,True
COD,SOM,True,True
COD,ZAF,True,True
COD,SDN,True,False
COD,SWZ,True,True
COD,TZA,False,False
COD,TGO,True,True
COD,TUN,True,True
COD,UGA,False,False
COD,ZMB,False,False
COD,ZWE,False,False
COD,AFG,True,True
COD,ARM,True,True
COD,AZE,True,True
COD,BGD,True,True
COD,MMR,True,True
COD,KHM,True,True
COD,CHN,True,True
COD,GEO,True,True
COD,IND,True,True
COD,IDN,True,True
COD,IRN,True,True
COD,IRQ,True,True
COD,ISR,True,True
COD,JPN,True,True
COD,JOR,True,True
COD,KAZ,True,True
COD,LAO,True,True
COD,LBN,True,True
COD,MYS,True,True
COD,MNG,True,True
COD,NPL,True,True
COD,OMN,True,True
COD,PAK,True,True
COD,PHL,True,True
COD,QAT,True,True
COD,SAU,True,True
COD,KOR,True,True
COD,LKA,True,True
COD,SYR,True,True
COD,TWN,True,True
COD,TJK,True,True
COD,THA,True,True
COD,TUR,True,True
COD,TKM,True,True
COD,ARE,True,True
COD,UZB,True,True
COD,VNM,True,True
COD,YEM,True,True
COD,ALB,True,True
COD,AUT,True,True
COD,BLR,True,True
COD,BEL,True,True
COD,BIH,True,True
COD,BGR,True,True
COD,HRV,True,True
COD,CYP,True,True
COD,CZE,True,True
COD,DNK,True,True
COD,EST,True,True
COD,FIN,True,True
COD,FRA,True,True
COD,DEU,True,True
COD,GRC,True,True
COD,HUN,True,True
COD,ISL,True,True
COD,IRL,True,True
COD,ITA,True,True
COD,LVA,True,True
COD,LTU,True,True
COD,MKD,True,True
COD,MDA,True,True
COD,MNE,True,True
COD,NLD,True,True
COD,NOR,True,True
COD,POL,True,True
COD,PRT,True,True
COD,ROU,True,True
COD,RUS,True,True
COD,SRB,True,True
COD,SVK,True,True
COD,SVN,True,True
COD,ESP,True,True
COD,SWE,True,True
COD,CHE,True,True
COD,UKR,True,True
COD,GBR,True,True
COD,BHS,True,True
COD,CAN,True,True
COD,CRI,True,True
COD,CUB,True,True
COD,DOM,True,True
COD,SLV,True,True
COD,GTM,True,True
COD,HTI,True,True
COD,HND,True,True
COD,JAM,True,True
COD,MEX,True,True
COD,NIC,True,True
COD,PAN,True,True
COD,USA,True,True
COD,AUS,True,True
COD,NZL,True,True
COD,PNG,True,True
COD,ARG,True,True
COD,BOL,True,True
COD,BRA,True,True
COD,CHL,True,True
COD,COL,True,True
COD,ECU,True,True
COD,PRY,True,True
COD,PER,True,True
COD,SUR,True,True
COD,URY,True,True
COD,VEN,True,True
CIV,DZA,True,True
CIV,AGO,True,True
CIV,BEN,True,False
CIV,BWA,True,True
CIV,BFA,False,False
CIV,BDI,True,True
CIV,CMR,True,True
CIV,CAF,True,True
CIV,TCD,True,True
CIV,COG,True,True
CIV,COD,True,True
CIV,CIV,False,False
CIV,DJI,True,True
CIV,EGY,True,True
CIV,GNQ,True,True
CIV,ERI,True,True
CIV,ETH,True,True
CIV,GAB,True,True
CIV,GHA,False,False
CIV,GIN,False,False
CIV,GNB,True,True
CIV,KEN,True,True
CIV,LSO,True,True
CIV,LBR,False,False
CIV,LBY,True,True
CIV,MDG,True,True
CIV,MWI,True,True
CIV,MLI,False,False
CIV,MRT,True,True
CIV,MAR,True,True
CIV,MOZ,True,True
CIV,NAM,True,True
CIV,NER,True,True
CIV,NGA,True,True
CIV,RWA,True,True
CIV,SEN,True,False
CIV,SLE,False,False
CIV,SOM,True,True
CIV,ZAF,True,True
CIV,SDN,True,True
CIV,SWZ,True,True
CIV,TZA,True,True
CIV,TGO,False,False
CIV,TUN,True,True
CIV,UGA,True,True
CIV,ZMB,True,True
CIV,ZWE,True,True
CIV,AFG,True,True
CIV,ARM,True,True
CIV,AZE,True,True
CIV,BGD,True,True
CIV,MMR,True,True
CIV,KHM,True,True
CIV,CHN,True,True
CIV,GEO,True,True
CIV,IND,True,True
CIV,IDN,True,True
CIV,IRN,True,True
CIV,IRQ,True,True
CIV,ISR,True,True
CIV,JPN,True,True
CIV,JOR,True,True
CIV,KAZ,True,True
CIV,LAO,True,True
CIV,LBN,True,True
CIV,MYS,True,True
CIV,MNG,True,True
CIV,NPL,True,True
CIV,OMN,True,True
CIV,PAK,True,True
CIV,PHL,True,True
CIV,QAT,True,True
CIV,SAU,True,True
CIV,KOR,True,True
CIV,LKA,True,True
CIV,SYR,True,True
CIV,TWN,True,True
CIV,TJK,True,True
CIV,THA,True,True
CIV,TUR,True,True
CIV,TKM,True,True
CIV,ARE,True,True
CIV,UZB,True,True
CIV,VNM,True,True
CIV,YEM,True,True
CIV,ALB,True,True
CIV,AUT,True,True
CIV,BLR,True,True
CIV,BEL,True,True
CIV,BIH,True,True
CIV,BGR,True,True
CIV,HRV,True,True
CIV,CYP,True,True
CIV,CZE,True,True
CIV,DNK,True,True
CIV,EST,True,True
CIV,FIN,True,True
CIV,FRA,True,True
CIV,DEU,True,True
CIV,GRC,True,True
CIV,HUN,True,True
CIV,ISL,True,True
CIV,IRL,True,True
CIV,ITA,True,True
CIV,LVA,True,True
CIV,LTU,True,True
CIV,MKD,True,True
CIV,MDA,True,True
CIV,MNE,True,True
CIV,NLD,True,True
CIV,NOR,True,True
CIV,POL,True,True
CIV,PRT,True,True
CIV,ROU,True,True
CIV,RUS,True,True
CIV,SRB,True,True
CIV,SVK,True,True
CIV,SVN,True,True
CIV,ESP,True,True
CIV,SWE,True,True
CIV,CHE,True,True
CIV,UKR,True,True
CIV,GBR,True,True
CIV,BHS,True,True
CIV,CAN,True,True
CIV,CRI,True,True
CIV,CUB,True,True
CIV,DOM,True,True
CIV,SLV,True,True
CIV,GTM,True,True
CIV,HTI,True,True
CIV,HND,True,True
CIV,JAM,True,True
CIV,MEX,True,True
CIV,NIC,True,True
CIV,PAN,True,True
CIV,USA,True,True
CIV,AUS,True,True
CIV,NZL,True,True
CIV,PNG,True,True
CIV,ARG,True,True
CIV,BOL,True,True
CIV,BRA,True,True
CIV,CHL,True,True
CIV,COL,True,True
CIV,ECU,True,True
CIV,PRY,True,True
CIV,PER,True,True
CIV,SUR,True,True
CIV,URY,True,True
CIV,VEN,True,True
DJI,DZA,True,True
DJI,AGO,True,True
DJI,BEN,True,True
DJI,BWA,True,True
DJI,BFA,True,True
DJI,BDI,True,True
DJI,CMR,True,True
DJI,CAF,True,True
DJI,TCD,True,True
DJI,COG,True,True
DJI,COD,True,True
DJI,CIV,True,True
DJI,DJI,False,False
DJI,EGY,True,True
DJI,GNQ,True,True
DJI,ERI,False,False
DJI,ETH,False,False
DJI,GAB,True,True
DJI,GHA,True,True
DJI,GIN,True,True
DJI,GNB,True,True
DJI,KEN,True,True
DJI,LSO,True,True
DJI,LBR,True,True
DJI,LBY,True,True
DJI,MDG,True,True
DJI,MWI,True,True
DJI,MLI,True,True
DJI,MRT,True,True
DJI,MAR,True,True
DJI,MOZ,True,True
DJI,NAM,True,True
DJI,NER,True,True
DJI,NGA,True,True
DJI,RWA,True,True
DJI,SEN,True,True
DJI,SLE,True,True
DJI,SOM,False,False
DJI,ZAF,True,True
DJI,SDN,True,True
DJI,SWZ,True,True
DJI,TZA,True,True
DJI,TGO,True,True
DJI,TUN,True,True
DJI,UGA,True,True
DJI,ZMB,True,True
DJI,ZWE,True,True
DJI,AFG,True,True
DJI,ARM,True,True
DJI,AZE,True,True
DJI,BGD,True,True
DJI,MMR,True,True
DJI,KHM,True,True
DJI,CHN,True,True
DJI,GEO,True,True
DJI,IND,True,True
DJI,IDN,True,True
DJI,IRN,True,True
DJI,IRQ,True,True
DJI,ISR,True,True
DJI,JPN,True,True
DJI,JOR,True,True
DJI,KAZ,True,True
DJI,LAO,True,True
DJI,LBN,True,True
DJI,MYS,True,True
DJI,MNG,True,True
DJI,NPL,True,True
DJI,OMN,True,True
DJI,PAK,True,True
DJI,PHL,True,True
DJI,QAT,True,True
DJI,SAU,True,False
DJI,KOR,True,True
DJI,LKA,True,True
DJI,SYR,True,True
DJI,TWN,True,True
DJI,TJK,True,True
DJI,THA,True,True
DJI,TUR,True,True
DJI,TKM,True,True
DJI,ARE,True,True
DJI,UZB,True,True
DJI,VNM,True,True
DJI,YEM,False,False
DJI,ALB,True,True
DJI,AUT,True,True
DJI,BLR,True,True
DJI,BEL,True,True
DJI,BIH,True,True
DJI,BGR,True,True
DJI,HRV,True,True
DJI,CYP,True,True
DJI,CZE,True,True
DJI,DNK,True,True
DJI,EST,True,True
DJI,FIN,True,True
DJI,FRA,True,True
DJI,DEU,True,True
DJI,GRC,True,True
DJI,HUN,True,True
DJI,ISL,True,True
DJI,IRL,True,True
DJI,ITA,True,True
DJI,LVA,True,True
DJI,LTU,True,True
DJI,MKD,True,True
DJI,MDA,True,True
DJI,MNE,True,True
DJI,NLD,True,True
DJI,NOR,True,True
DJI,POL,True,True
DJI,PRT,True,True
DJI,ROU,True,True
DJI,RUS,True,True
DJI,SRB,True,True
DJI,SVK,True,True
DJI,SVN,True,True
DJI,ESP,True,True
DJI,SWE,True,True
DJI,CHE,True,True
DJI,UKR,True,True
DJI,GBR,True,True
DJI,BHS,True,True
DJI,CAN,True,True
DJI,CRI,True,True
DJI,CUB,True,True
DJI,DOM,True,True
DJI,SLV,True,True
DJI,GTM,True,True
DJI,HTI,True,True
DJI,HND,True,True
DJI,JAM,True,True
DJI,MEX,True,True
DJI,NIC,True,True
DJI,PAN,True,True
DJI,USA,True,True
DJI,AUS,True,True
DJI,NZL,True,True
DJI,PNG,True,True
DJI,ARG,True,True
DJI,BOL,True,True
DJI,BRA,True,True
DJI,CHL,True,True
DJI,COL,True,True
DJI,ECU,True,True
DJI,PRY,True,True
DJI,PER,True,True
DJI,SUR,True,True
DJI,URY,True,True
DJI,VEN,True,True
EGY,DZA,True,True
EGY,AGO,True,True
EGY,BEN,True,True
EGY,BWA,True,True
EGY,BFA,True,True
EGY,BDI,True,True
EGY,CMR,True,True
EGY,CAF,True,True
EGY,TCD,False,False
EGY,COG,True,True
EGY,COD,True,True
EGY,CIV,True,True
EGY,DJI,True,True
EGY,EGY,False,False
EGY,GNQ,True,True
EGY,ERI,True,False
EGY,ETH,True,True
EGY,GAB,True,True
EGY,GHA,True,True
EGY,GIN,True,True
EGY,GNB,True,True
EGY,KEN,True,True
EGY,LSO,True,True
EGY,LBR,True,True
EGY,LBY,False,False
EGY,MDG,True,True
EGY,MWI,True,True
EGY,MLI,True,True
EGY,MRT,True,True
EGY,MAR,True,True
EGY,MOZ,True,True
EGY,NAM,True,True
EGY,NER,True,True
EGY,NGA,True,True
EGY,RWA,True,True
EGY,SEN,True,True
EGY,SLE,True,True
EGY,SOM,True,True
EGY,ZAF,True,True
EGY,SDN,False,False
EGY,SWZ,True,True
EGY,TZA,True,True
EGY,TGO,True,True
EGY,TUN,True,True
EGY,UGA,True,True
EGY,ZMB,True,True
EGY,ZWE,True,True
EGY,AFG,True,True
EGY,ARM,True,True
EGY,AZE,True,True
EGY,BGD,True,True
EGY,MMR,True,True
EGY,KHM,True,True
EGY,CHN,True,True
EGY,GEO,True,True
EGY,IND,True,True
EGY,IDN,True,True
EGY,IRN,True,True
EGY,IRQ,True,False
EGY,ISR,False,False
EGY,JPN,True,True
EGY,JOR,False,False
EGY,KAZ,True,True
EGY,LAO,True,True
EGY,LBN,False,False
EGY,MYS,True,True
EGY,MNG,True,True
EGY,NPL,True,True
EGY,OMN,True,True
EGY,PAK,True,True
EGY,PHL,True,True
EGY,QAT,True,True
EGY,SAU,False,False
EGY,KOR,True,True
EGY,LKA,True,True
EGY,SYR,False,False
EGY,TWN,True,True
EGY,TJK,True,True
EGY,THA,True,True
EGY,TUR,True,False
EGY,TKM,True,True
EGY,ARE,True,True
EGY,UZB,True,True
EGY,VNM,True,True
EGY,YEM,True,True
EGY,ALB,True,True
EGY,AUT,True,True
EGY,BLR,True,True
EGY,BEL,True,True
EGY,BIH,True,True
EGY,BGR,True,True
EGY,HRV,True,True
EGY,CYP,False,False
EGY,CZE,True,True
EGY,DNK,True,True
EGY,EST,True,True
EGY,FIN,True,True
EGY,FRA,True,True
EGY,DEU,True,True
EGY,GRC,False,False
EGY,HUN,True,True
EGY,ISL,True,True
EGY,IRL,True,True
EGY,ITA,True,True
EGY,LVA,True,True
EGY,LTU,True,True
EGY,MKD,True,True
EGY,MDA,True,True
EGY,MNE,True,True
EGY,NLD,True,True
EGY,NOR,True,True
EGY,POL,True,True
EGY,PRT,True,True
EGY,ROU,True,True
EGY,RUS,True,True
EGY,SRB,True,True
EGY,SVK,True,True
EGY,SVN,True,True
EGY,ESP,True,True
EGY,SWE,True,True
EGY,CHE,True,True
EGY,UKR,True,True
EGY,GBR,True,True
EGY,BHS,True,True
EGY,CAN,True,True
EGY,CRI,True,True
EGY,CUB,True,True
EGY,DOM,True,True
EGY,SLV,True,True
EGY,GTM,True,True
EGY,HTI,True,True
EGY,HND,True,True
EGY,JAM,True,True
EGY,MEX,True,True
EGY,NIC,True,True
EGY,PAN,True,True
EGY,USA,True,True
EGY,AUS,True,True
EGY,NZL,True,True
EGY,PNG,True,True
EGY,ARG,True,True
EGY,BOL,True,True
EGY,BRA,True,True
EGY,CHL,True,True
EGY,COL,True,True
EGY,ECU,True,True
EGY,PRY,True,True
EGY,PER,True,True
EGY,SUR,True,True
EGY,URY,True,True
EGY,VEN,True,True
GNQ,DZA,True,True
GNQ,AGO,True,True
GNQ,BEN,True,True
GNQ,BWA,True,True
GNQ,BFA,True,True
GNQ,BDI,True,True
GNQ,CMR,False,False
GNQ,CAF,True,False
GNQ,TCD,True,True
GNQ,COG,False,False
GNQ,COD,True,True
GNQ,CIV,True,True
GNQ,DJI,True,True
GNQ,EGY,True,True
GNQ,GNQ,False,False
GNQ,ERI,True,True
GNQ,ETH,True,True
GNQ,GAB,False,False
GNQ,GHA,True,True
GNQ,GIN,True,True
GNQ,GNB,True,True
GNQ,KEN,True,True
GNQ,LSO,True,True
GNQ,LBR,True,True
GNQ,LBY,True,True
GNQ,MDG,True,True
GNQ,MWI,True,True
GNQ,MLI,True,True
GNQ,MRT,True,True
GNQ,MAR,True,True
GNQ,MOZ,True,True
GNQ,NAM,True,True
GNQ,NER,True,True
GNQ,NGA,False,False
GNQ,RWA,True,True
GNQ,SEN,True,True
GNQ,SLE,True,True
GNQ,SOM,True,True
GNQ,ZAF,True,True
GNQ,SDN,True,True
GNQ,SWZ,True,True
GNQ,TZA,True,True
GNQ,TGO,True,True
GNQ,TUN,True,True
GNQ,UGA,True,True
GNQ,ZMB,True,True
GNQ,ZWE,True,True
GNQ,AFG,True,True
GNQ,ARM,True,True
GNQ,AZE,True,True
GNQ,BGD,True,True
GNQ,MMR,True,True
GNQ,KHM,True,True
GNQ,CHN,True,True
GNQ,GEO,True,True
GNQ,IND,True,True
GNQ,IDN,True,True
GNQ,IRN,True,True
GNQ,IRQ,True,True
GNQ,ISR,True,True
GNQ,JPN,True,True
GNQ,JOR,True,True
GNQ,KAZ,True,True
GNQ,LAO,True,True
GNQ,LBN,True,True
GNQ,MYS,True,True
GNQ,MNG,True,True
GNQ,NPL,True,True
GNQ,OMN,True,True
GNQ,PAK,True,True
GNQ,PHL,True,True
GNQ,QAT,True,True
GNQ,SAU,True,True
GNQ,KOR,True,True
GNQ,LKA,True,True
GNQ,SYR,True,True
GNQ,TWN,True,True
GNQ,TJK,True,True
GNQ,THA,True,True
GNQ,TUR,True,True
GNQ,TKM,True,True
GNQ,ARE,True,True
GNQ,UZB,True,True
GNQ,VNM,True,True
GNQ,YEM,True,True
GNQ,ALB,True,True
GNQ,AUT,True,True
GNQ,BLR,True,True
GNQ,BEL,True,True
GNQ,BIH,True,True
GNQ,BGR,True,True
GNQ,HRV,True,True
GNQ,CYP,True,True
GNQ,CZE,True,True
GNQ,DNK,True,True
GNQ,EST,True,True
GNQ,FIN,True,True
GNQ,FRA,True,True
GNQ,DEU,True,True
GNQ,GRC,True,True
GNQ,HUN,True,True
GNQ,ISL,True,True
GNQ,IRL,True,True
GNQ,ITA,True,True
GNQ,LVA,True,True
GNQ,LTU,True,True
GNQ,MKD,True,True
GNQ,MDA,True,True
GNQ,MNE,True,True
GNQ,NLD,True,True
GNQ,NOR,True,True
GNQ,POL,True,True
GNQ,PRT,True,True
GNQ,ROU,True,True
GNQ,RUS,True,True
GNQ,SRB,True,True
GNQ,SVK,True,True
GNQ,SVN,True,True
GNQ,ESP,True,True
GNQ,SWE,True,True
GNQ,CHE,True,True
GNQ,UKR,True,True
GNQ,GBR,True,True
GNQ,BHS,True,True
GNQ,CAN,True,True
GNQ,CRI,True,True
GNQ,CUB,True,True
GNQ,DOM,True,True
GNQ,SLV,True,True
GNQ,GTM,True,True
GNQ,HTI,True,True
GNQ,HND,True,True
GNQ,JAM,True,True
GNQ,MEX,True,True
GNQ,NIC,True,True
GNQ,PAN,True,True
GNQ,USA,True,True
GNQ,AUS,True,True
GNQ,NZL,True,True
GNQ,PNG,True,True
GNQ,ARG,True,True
GNQ,BOL,True,True
GNQ,BRA,True,True
GNQ,CHL,True,True
GNQ,COL,True,True
GNQ,ECU,True,True
GNQ,PRY,True,True
GNQ,PER,True,True
GNQ,SUR,True,True
GNQ,URY,True,True
GNQ,VEN,True,True
ERI,DZA,True,True
ERI,AGO,True,True
ERI,BEN,True,True
ERI,BWA,True,True
ERI,BFA,True,True
ERI,BDI,True,True
ERI,CMR,True,True
ERI,CAF,True,True
ERI,TCD,True,True
ERI,COG,True,True
ERI,COD,True,True
ERI,CIV,True,True
ERI,DJI,False,False
ERI,EGY,True,False
ERI,GNQ,True,True
ERI,ERI,False,False
ERI,ETH,False,False
ERI,GAB,True,True
ERI,GHA,True,True
ERI,GIN,True,True
ERI,GNB,True,True
ERI,KEN,True,True
ERI,LSO,True,True
ERI,LBR,True,True
ERI,LBY,True,True
ERI,MDG,True,True
ERI,MWI,True,True
ERI,MLI,True,True
ERI,MRT,True,True
ERI,MAR,True,True
ERI,MOZ,True,True
ERI,NAM,True,True
ERI,NER,True,True
ERI,NGA,True,True
ERI,RWA,True,True
ERI,SEN,True,True
ERI,SLE,True,True
ERI,SOM,False,False
ERI,ZAF,True,True
ERI,SDN,False,False
ERI,SWZ,True,True
ERI,TZA,True,True
ERI,TGO,True,True
ERI,TUN,True,True
ERI,UGA,True,True
ERI,ZMB,True,True
ERI,ZWE,True,True
ERI,AFG,True,True
ERI,ARM,True,True
ERI,AZE,True,True
ERI,BGD,True,True
ERI,MMR,True,True
ERI,KHM,True,True
ERI,CHN,True,True
ERI,GEO,True,True
ERI,IND,True,True
ERI,IDN,True,True
ERI,IRN,True,True
ERI,IRQ,True,True
ERI,ISR,True,True
ERI,JPN,True,True
ERI,JOR,True,True
ERI,KAZ,True,True
ERI,LAO,True,True
ERI,LBN,True,True
ERI,MYS,True,True
ERI,MNG,True,True
ERI,NPL,True,True
ERI,OMN,True,True
ERI,PAK,True,True
ERI,PHL,True,True
ERI,QAT,True,True
ERI,SAU,False,False
ERI,KOR,True,True
ERI,LKA,True,True
ERI,SYR,True,True
ERI,TWN,True,True
ERI,TJK,True,True
ERI,THA,True,True
ERI,TUR,True,True
ERI,TKM,True,True
ERI,ARE,True,True
ERI,UZB,True,True
ERI,VNM,True,True
ERI,YEM,False,False
ERI,ALB,True,True
ERI,AUT,True,True
ERI,BLR,True,True
ERI,BEL,True,True
ERI,BIH,True,True
ERI,BGR,True,True
ERI,HRV,True,True
ERI,CYP,True,True
ERI,CZE,True,True
ERI,DNK,True,True
ERI,EST,True,True
ERI,FIN,True,True
ERI,FRA,True,True
ERI,DEU,True,True
ERI,GRC,True,True
ERI,HUN,True,True
ERI,ISL,True,True
ERI,IRL,True,True
ERI,ITA,True,True
ERI,LVA,True,True
ERI,LTU,True,True
ERI,MKD,True,True
ERI,MDA,True,True
ERI,MNE,True,True
ERI,NLD,True,True
ERI,NOR,True,True
ERI,POL,True,True
ERI,PRT,True,True
ERI,ROU,True,True
ERI,RUS,True,True
ERI,SRB,True,True
ERI,SVK,True,True
ERI,SVN,True,True
ERI,ESP,True,True
ERI,SWE,True,True
ERI,CHE,True,True
ERI,UKR,True,True
ERI,GBR,True,True
ERI,BHS,True,True
ERI,CAN,True,True
ERI,CRI,True,True
ERI,CUB,True,True
ERI,DOM,True,True
ERI,SLV,True,True
ERI,GTM,True,True
ERI,HTI,True,True
ERI,HND,True,True
ERI,JAM,True,True
ERI,MEX,True,True
ERI,NIC,True,True
ERI,PAN,True,True
ERI,USA,True,True
ERI,AUS,True,True
ERI,NZL,True,True
ERI,PNG,True,True
ERI,ARG,True,True
ERI,BOL,True,True
ERI,BRA,True,True
ERI,CHL,True,True
ERI,COL,True,True
ERI,ECU,True,True
ERI,PRY,True,True
ERI,PER,True,True
ERI,SUR,True,True
ERI,URY,True,True
ERI,VEN,True,True
ETH,DZA,True,True
ETH,AGO,True,True
ETH,BEN,True,True
ETH,BWA,True,True
ETH,BFA,True,True
ETH,BDI,True,True
ETH,CMR,True,True
ETH,CAF,True,True
ETH,TCD,True,True
ETH,COG,True,True
ETH,COD,True,False
ETH,CIV,True,True
ETH,DJI,False,False
ETH,EGY,True,True
ETH,GNQ,True,True
ETH,ERI,False,False
ETH,ETH,False,False
ETH,GAB,True,True
ETH,GHA,True,True
ETH,GIN,True,True
ETH,GNB,True,True
ETH,KEN,False,False
ETH,LSO,True,True
ETH,LBR,True,True
ETH,LBY,True,True
ETH,MDG,True,True
ETH,MWI,True,True
ETH,MLI,True,True
ETH,MRT,True,True
ETH,MAR,True,True
ETH,MOZ,True,True
ETH,NAM,True,True
ETH,NER,True,True
ETH,NGA,True,True
ETH,RWA,True,True
ETH,SEN,True,True
ETH,SLE,True,True
ETH,SOM,False,False
ETH,ZAF,True,True
ETH,SDN,False,False
ETH,SWZ,True,True
ETH,TZA,True,True
ETH,TGO,True,True
ETH,TUN,True,True
ETH,UGA,False,False
ETH,ZMB,True,True
ETH,ZWE,True,True
ETH,AFG,True,True
ETH,ARM,True,True
ETH,AZE,True,True
ETH,BGD,True,True
ETH,MMR,True,True
ETH,KHM,True,True
ETH,CHN,True,True
ETH,GEO,True,True
ETH,IND,True,True
ETH,IDN,True,True
ETH,IRN,True,True
ETH,IRQ,True,True
ETH,ISR,True,True
ETH,JPN,True,True
ETH,JOR,True,True
ETH,KAZ,True,True
ETH,LAO,True,True
ETH,LBN,True,True
ETH,MYS,True,True
ETH,MNG,True,True
ETH,NPL,True,True
ETH,OMN,True,True
ETH,PAK,True,True
ETH,PHL,True,True
ETH,QAT,True,True
ETH,SAU,False,False
ETH,KOR,True,True
ETH,LKA,True,True
ETH,SYR,True,True
ETH,TWN,True,True
ETH,TJK,True,True
ETH,THA,True,True
ETH,TUR,True,True
ETH,TKM,True,True
ETH,ARE,True,True
ETH,UZB,True,True
ETH,VNM,True,True
ETH,YEM,False,False
ETH,ALB,True,True
ETH,AUT,True,True
ETH,BLR,True,True
ETH,BEL,True,True
ETH,BIH,True,True
ETH,BGR,True,True
ETH,HRV,True,True
ETH,CYP,True,True
ETH,CZE,True,True
ETH,DNK,True,True
ETH,EST,True,True
ETH,FIN,True,True
ETH,FRA,True,True
ETH,DEU,True,True
ETH,GRC,True,True
ETH,HUN,True,True
ETH,ISL,True,True
ETH,IRL,True,True
ETH,ITA,True,True
ETH,LVA,True,True
ETH,LTU,True,True
ETH,MKD,True,True
ETH,MDA,True,True
ETH,MNE,True,True
ETH,NLD,True,True
ETH,NOR,True,True
ETH,POL,True,True
ETH,PRT,True,True
ETH,ROU,True,True
ETH,RUS,True,True
ETH,SRB,True,True
ETH,SVK,True,True
ETH,SVN,True,True
ETH,ESP,True,True
ETH,SWE,True,True
ETH,CHE,True,True
ETH,UKR,True,True
ETH,GBR,True,True
ETH,BHS,True,True
ETH,CAN,True,True
ETH,CRI,True,True
ETH,CUB,True,True
ETH,DOM,True,True
ETH,SLV,True,True
ETH,GTM,True,True
ETH,HTI,True,True
ETH,HND,True,True
ETH,JAM,True,True
ETH,MEX,True,True
ETH,NIC,True,True
ETH,PAN,True,True
ETH,USA,True,True
ETH,AUS,True,True
ETH,NZL,True,True
ETH,PNG,True,True
ETH,ARG,True,True
ETH,BOL,True,True
ETH,BRA,True,True
ETH,CHL,True,True
ETH,COL,True,True
ETH,ECU,True,True
ETH,PRY,True,True
ETH,PER,True,True
ETH,SUR,True,True
ETH,URY,True,True
ETH,VEN,True,True
GAB,DZA,True,True
GAB,AGO,False,False
GAB,BEN,True,True
GAB,BWA,True,True
GAB,BFA,True,True
GAB,BDI,True,True
GAB,CMR,False,False
GAB,CAF,False,False
GAB,TCD,True,True
GAB,COG,False,False
GAB,COD,False,False
GAB,CIV,True,True
GAB,DJI,True,True
GAB,EGY,True,True
GAB,GNQ,False,False
GAB,ERI,True,True
GAB,ETH,True,True
GAB,GAB,False,False
GAB,GHA,True,True
GAB,GIN,True,True
GAB,GNB,True,True
GAB,KEN,True,True
GAB,LSO,True,True
GAB,LBR,True,True
GAB,LBY,True,True
GAB,MDG,True,True
GAB,MWI,True,True
GAB,MLI,True,True
GAB,MRT,True,True
GAB,MAR,True,True
GAB,MOZ,True,True
GAB,NAM,True,True
GAB,NER,True,True
GAB,NGA,False,False
GAB,RWA,True,True
GAB,SEN,True,True
GAB,SLE,True,True
GAB,SOM,True,True
GAB,ZAF,True,True
GAB,SDN,True,True
GAB,SWZ,True,True
GAB,TZA,True,True
GAB,TGO,True,True
GAB,TUN,True,True
GAB,UGA,True,True
GAB,ZMB,True,True
GAB,ZWE,True,True
GAB,AFG,True,True
GAB,ARM,True,True
GAB,AZE,True,True
GAB,BGD,True,True
GAB,MMR,True,True
GAB,KHM,True,True
GAB,CHN,True,True
GAB,GEO,True,True
GAB,IND,True,True
GAB,IDN,True,True
GAB,IRN,True,True
GAB,IRQ,True,True
GAB,ISR,True,True
GAB,JPN,True,True
GAB,JOR,True,True
GAB,KAZ,True,True
GAB,LAO,True,True
GAB,LBN,True,True
GAB,MYS,True,True
GAB,MNG,True,True
GAB,NPL,True,True
GAB,OMN,True,True
GAB,PAK,True,True
GAB,PHL,True,True
GAB,QAT,True,True
GAB,SAU,True,True
GAB,KOR,True,True
GAB,LKA,True,True
GAB,SYR,True,True
GAB,TWN,True,True
GAB,TJK,True,True
GAB,THA,True,True
GAB,TUR,True,True
GAB,TKM,True,True
GAB,ARE,True,True
GAB,UZB,True,True
GAB,VNM,True,True
GAB,YEM,True,True
GAB,ALB,True,True
GAB,AUT,True,True
GAB,BLR,True,True
GAB,BEL,True,True
GAB,BIH,True,True
GAB,BGR,True,True
GAB,HRV,True,True
GAB,CYP,True,True
GAB,CZE,True,True
GAB,DNK,True,True
GAB,EST,True,True
GAB,FIN,True,True
GAB,FRA,True,True
GAB,DEU,True,True
GAB,GRC,True,True
GAB,HUN,True,True
GAB,ISL,True,True
GAB,IRL,True,True
GAB,ITA,True,True
GAB,LVA,True,True
GAB,LTU,True,True
GAB,MKD,True,True
GAB,MDA,True,True
GAB,MNE,True,True
GAB,NLD,True,True
GAB,NOR,True,True
GAB,POL,True,True
GAB,PRT,True,True
GAB,ROU,True,True
GAB,RUS,True,True
GAB,SRB,True,True
GAB,SVK,True,True
GAB,SVN,True,True
GAB,ESP,True,True
GAB,SWE,True,True
GAB,CHE,True,True
GAB,UKR,True,True
GAB,GBR,True,True
GAB,BHS,True,True
GAB,CAN,True,True
GAB,CRI,True,True
GAB,CUB,True,True
GAB,DOM,True,True
GAB,SLV,True,True
GAB,GTM,True,True
GAB,HTI,True,True
GAB,HND,True,True
GAB,JAM,True,True
GAB,MEX,True,True
GAB,NIC,True,True
GAB,PAN,True,True
GAB,USA,True,True
GAB,AUS,True,True
GAB,NZL,True,True
GAB,PNG,True,True
GAB,ARG,True,True
GAB,BOL,True,True
GAB,BRA,True,True
GAB,CHL,True,True
GAB,COL,True,True
GAB,ECU,True,True
GAB,PRY,True,True
GAB,PER,True,True
GAB,SUR,True,True
GAB,URY,True,True
GAB,VEN,True,True
GHA,DZA,True,True
GHA,AGO,True,True
GHA,BEN,False,False
GHA,BWA,True,True
GHA,BFA,False,False
GHA,BDI,True,True
GHA,CMR,True,True
GHA,CAF,True,True
GHA,TCD,True,True
GHA,COG,True,True
GHA,COD,True,True
GHA,CIV,False,False
GHA,DJI,True,True
GHA,EGY,True,True
GHA,GNQ,True,True
GHA,ERI,True,True
GHA,ETH,True,True
GHA,GAB,True,True
GHA,GHA,False,False
GHA,GIN,True,True
GHA,GNB,True,True
GHA,KEN,True,True
GHA,LSO,True,True
GHA,LBR,True,False
GHA,LBY,True,True
GHA,MDG,True,True
GHA,MWI,True,True
GHA,MLI,False,False
GHA,MRT,True,True
GHA,MAR,True,True
GHA,MOZ,True,True
GHA,NAM,True,True
GHA,NER,False,False
GHA,NGA,False,False
GHA,RWA,True,True
GHA,SEN,True,True
GHA,SLE,True,True
GHA,SOM,True,True
GHA,ZAF,True,True
GHA,SDN,True,True
GHA,SWZ,True,True
GHA,TZA,True,True
GHA,TGO,False,False
GHA,TUN,True,True
GHA,UGA,True,True
GHA,ZMB,True,True
GHA,ZWE,True,True
GHA,AFG,True,True
GHA,ARM,True,True
GHA,AZE,True,True
GHA,BGD,True,True
GHA,MMR,True,True
GHA,KHM,True,True
GHA,CHN,True,True
GHA,GEO,True,True
GHA,IND,True,True
GHA,IDN,True,True
GHA,IRN,True,True
GHA,IRQ,True,True
GHA,ISR,True,True
GHA,JPN,True,True
GHA,JOR,True,True
GHA,KAZ,True,True
GHA,LAO,True,True
GHA,LBN,True,True
GHA,MYS,True,True
GHA,MNG,True,True
GHA,NPL,True,True
GHA,OMN,True,True
GHA,PAK,True,True
GHA,PHL,True,True
GHA,QAT,True,True
GHA,SAU,True,True
GHA,KOR,True,True
GHA,LKA,True,True
GHA,SYR,True,True
GHA,TWN,True,True
GHA,TJK,True,True
GHA,THA,True,True
GHA,TUR,True,True
GHA,TKM,True,True
GHA,ARE,True,True
GHA,UZB,True,True
GHA,VNM,True,True
GHA,YEM,True,True
GHA,ALB,True,True
GHA,AUT,True,True
GHA,BLR,True,True
GHA,BEL,True,True
GHA,BIH,True,True
GHA,BGR,True,True
GHA,HRV,True,True
GHA,CYP,True,True
GHA,CZE,True,True
GHA,DNK,True,True
GHA,EST,True,True
GHA,FIN,True,True
GHA,FRA,True,True
GHA,DEU,True,True
GHA,GRC,True,True
GHA,HUN,True,True
GHA,ISL,True,True
GHA,IRL,True,True
GHA,ITA,True,True
GHA,LVA,True,True
GHA,LTU,True,True
GHA,MKD,True,True
GHA,MDA,True,True
GHA,MNE,True,True
GHA,NLD,True,True
GHA,NOR,True,True
GHA,POL,True,True
GHA,PRT,True,True
GHA,ROU,True,True
GHA,RUS,True,True
GHA,SRB,True,True
GHA,SVK,True,True
GHA,SVN,True,True
GHA,ESP,True,True
GHA,SWE,True,True
GHA,CHE,True,True
GHA,UKR,True,True
GHA,GBR,True,True
GHA,BHS,True,True
GHA,CAN,True,True
GHA,CRI,True,True
GHA,CUB,True,True
GHA,DOM,True,True
GHA,SLV,True,True
GHA,GTM,True,True
GHA,HTI,True,True
GHA,HND,True,True
GHA,JAM,True,True
GHA,MEX,True,True
GHA,NIC,True,True
GHA,PAN,True,True
GHA,USA,True,True
GHA,AUS,True,True
GHA,NZL,True,True
GHA,PNG,True,True
GHA,ARG,True,True
GHA,BOL,True,True
GHA,BRA,True,True
GHA,CHL,True,True
GHA,COL,True,True
GHA,ECU,True,True
GHA,PRY,True,True
GHA,PER,True,True
GHA,SUR,True,True
GHA,URY,True,True
GHA,VEN,True,True
GIN,DZA,True,True
GIN,AGO,True,True
GIN,BEN,True,True
GIN,BWA,True,True
GIN,BFA,False,False
GIN,BDI,True,True
GIN,CMR,True,True
GIN,CAF,True,True
GIN,TCD,True,True
GIN,COG,True,True
GIN,COD,True,True
GIN,CIV,False,False
GIN,DJI,True,True
GIN,EGY,True,True
GIN,GNQ,True,True
GIN,ERI,True,True
GIN,ETH,True,True
GIN,GAB,True,True
GIN,GHA,True,True
GIN,GIN,False,False
GIN,GNB,False,False
GIN,KEN,True,True
GIN,LSO,True,True
GIN,LBR,False,False
GIN,LBY,True,True
GIN,MDG,True,True
GIN,MWI,True,True
GIN,MLI,False,False
GIN,MRT,False,False
GIN,MAR,True,True
GIN,MOZ,True,True
GIN,NAM,True,True
GIN,NER,True,True
GIN,NGA,True,True
GIN,RWA,True,True
GIN,SEN,False,False
GIN,SLE,False,False
GIN,SOM,True,True
GIN,ZAF,True,True
GIN,SDN,True,True
GIN,SWZ,True,True
GIN,TZA,True,True
GIN,TGO,True,True
GIN,TUN,True,True
GIN,UGA,True,True
GIN,ZMB,True,True
GIN,ZWE,True,True
GIN,AFG,True,True
GIN,ARM,True,True
GIN,AZE,True,True
GIN,BGD,True,True
GIN,MMR,True,True
GIN,KHM,True,True
GIN,CHN,True,True
GIN,GEO,True,True
GIN,IND,True,True
GIN,IDN,True,True
GIN,IRN,True,True
GIN,IRQ,True,True
GIN,ISR,True,True
GIN,JPN,True,True
GIN,JOR,True,True
GIN,KAZ,True,True
GIN,LAO,True,True
GIN,LBN,True,True
GIN,MYS,True,True
GIN,MNG,True,True
GIN,NPL,True,True
GIN,OMN,True,True
GIN,PAK,True,True
GIN,PHL,True,True
GIN,QAT,True,True
GIN,SAU,True,True
GIN,KOR,True,True
GIN,LKA,True,True
GIN,SYR,True,True
GIN,TWN,True,True
GIN,TJK,True,True
GIN,THA,True,True
GIN,TUR,True,True
GIN,TKM,True,True
GIN,ARE,True,True
GIN,UZB,True,True
GIN,VNM,True,True
GIN,YEM,True,True
GIN,ALB,True,True
GIN,AUT,True,True
GIN,BLR,True,True
GIN,BEL,True,True
GIN,BIH,True,True
GIN,BGR,True,True
GIN,HRV,True,True
GIN,CYP,True,True
GIN,CZE,True,True
GIN,DNK,True,True
GIN,EST,True,True
GIN,FIN,True,True
GIN,FRA,True,True
GIN,DEU,True,True
GIN,GRC,True,True
GIN,HUN,True,True
GIN,ISL,True,True
GIN,IRL,True,True
GIN,ITA,True,True
GIN,LVA,True,True
GIN,LTU,True,True
GIN,MKD,True,True
GIN,MDA,True,True
GIN,MNE,True,True
GIN,NLD,True,True
GIN,NOR,True,True
GIN,POL,True,True
GIN,PRT,True,True
GIN,ROU,True,True
GIN,RUS,True,True
GIN,SRB,True,True
GIN,SVK,True,True
GIN,SVN,True,True
GIN,ESP,True,True
GIN,SWE,True,True
GIN,CHE,True,True
GIN,UKR,True,True
GIN,GBR,True,True
GIN,BHS,True,True
GIN,CAN,True,True
GIN,CRI,True,True
GIN,CUB,True,True
GIN,DOM,True,True
GIN,SLV,True,True
GIN,GTM,True,True
GIN,HTI,True,True
GIN,HND,True,True
GIN,JAM,True,True
GIN,MEX,True,True
GIN,NIC,True,True
GIN,PAN,True,True
GIN,USA,True,True
GIN,AUS,True,True
GIN,NZL,True,True
GIN,PNG,True,True
GIN,ARG,True,True
GIN,BOL,True,True
GIN,BRA,True,True
GIN,CHL,True,True
GIN,COL,True,True
GIN,ECU,True,True
GIN,PRY,True,True
GIN,PER,True,True
GIN,SUR,True,True
GIN,URY,True,True
GIN,VEN,True,True
GNB,DZA,True,True
GNB,AGO,True,True
GNB,BEN,True,True
GNB,BWA,True,True
GNB,BFA,True,True
GNB,BDI,True,True
GNB,CMR,True,True
GNB,CAF,True,True
GNB,TCD,True,True
GNB,COG,True,True
GNB,COD,True,True
GNB,CIV,True,True
GNB,DJI,True,True
GNB,EGY,True,True
GNB,GNQ,True,True
GNB,ERI,True,True
GNB,ETH,True,True
GNB,GAB,True,True
GNB,GHA,True,True
GNB,GIN,False,False
GNB,GNB,False,False
GNB,KEN,True,True
GNB,LSO,True,True
GNB,LBR,True,True
GNB,LBY,True,True
GNB,MDG,True,True
GNB,MWI,True,True
GNB,MLI,False,False
GNB,MRT,False,False
GNB,MAR,True,True
GNB,MOZ,True,True
GNB,NAM,True,True
GNB,NER,True,True
GNB,NGA,True,True
GNB,RWA,True,True
GNB,SEN,False,False
GNB,SLE,False,False
GNB,SOM,True,True
GNB,ZAF,True,True
GNB,SDN,True,True
GNB,SWZ,True,True
GNB,TZA,True,True
GNB,TGO,True,True
GNB,TUN,True,True
GNB,UGA,True,True
GNB,ZMB,True,True
GNB,ZWE,True,True
GNB,AFG,True,True
GNB,ARM,True,True
GNB,AZE,True,True
GNB,BGD,True,True
GNB,MMR,True,True
GNB,KHM,True,True
GNB,CHN,True,True
GNB,GEO,True,True
GNB,IND,True,True
GNB,IDN,True,True
GNB,IRN,True,True
GNB,IRQ,True,True
GNB,ISR,True,True
GNB,JPN,True,True
GNB,JOR,True,True
GNB,KAZ,True,True
GNB,LAO,True,True
GNB,LBN,True,True
GNB,MYS,True,True
GNB,MNG,True,True
GNB,NPL,True,True
GNB,OMN,True,True
GNB,PAK,True,True
GNB,PHL,True,True
GNB,QAT,True,True
GNB,SAU,True,True
GNB,KOR,True,True
GNB,LKA,True,True
GNB,SYR,True,True
GNB,TWN,True,True
GNB,TJK,True,True
GNB,THA,True,True
GNB,TUR,True,True
GNB,TKM,True,True
GNB,ARE,True,True
GNB,UZB,True,True
GNB,VNM,True,True
GNB,YEM,True,True
GNB,ALB,True,True
GNB,AUT,True,True
GNB,BLR,True,True
GNB,BEL,True,True
GNB,BIH,True,True
GNB,BGR,True,True
GNB,HRV,True,True
GNB,CYP,True,True
GNB,CZE,True,True
GNB,DNK,True,True
GNB,EST,True,True
GNB,FIN,True,True
GNB,FRA,True,True
GNB,DEU,True,True
GNB,GRC,True,True
GNB,HUN,True,True
GNB,ISL,True,True
GNB,IRL,True,True
GNB,ITA,True,True
GNB,LVA,True,True
GNB,LTU,True,True
GNB,MKD,True,True
GNB,MDA,True,True
GNB,MNE,True,True
GNB,NLD,True,True
GNB,NOR,True,True
GNB,POL,True,True
GNB,PRT,True,True
GNB,ROU,True,True
GNB,RUS,True,True
GNB,SRB,True,True
GNB,SVK,True,True
GNB,SVN,True,True
GNB,ESP,True,True
GNB,SWE,True,True
GNB,CHE,True,True
GNB,UKR,True,True
GNB,GBR,True,True
GNB,BHS,True,True
GNB,CAN,True,True
GNB,CRI,True,True
GNB,CUB,True,True
GNB,DOM,True,True
GNB,SLV,True,True
GNB,GTM,True,True
GNB,HTI,True,True
GNB,HND,True,True
GNB,JAM,True,True
GNB,MEX,True,True
GNB,NIC,True,True
GNB,PAN,True,True
GNB,USA,True,True
GNB,AUS,True,True
GNB,NZL,True,True
GNB,PNG,True,True
GNB,ARG,True,True
GNB,BOL,True,True
GNB,BRA,True,True
GNB,CHL,True,True
GNB,COL,True,True
GNB,ECU,True,True
GNB,PRY,True,True
GNB,PER,True,True
GNB,SUR,True,True
GNB,URY,True,True
GNB,VEN,True,True
KEN,DZA,True,True
KEN,AGO,True,True
KEN,BEN,True,True
KEN,BWA,True,True
KEN,BFA,True,True
KEN,BDI,True,False
KEN,CMR,True,True
KEN,CAF,True,True
KEN,TCD,True,True
KEN,COG,True,True
KEN,COD,False,False
KEN,CIV,True,True
KEN,DJI,True,True
KEN,EGY,True,True
KEN,GNQ,True,True
KEN,ERI,True,True
KEN,ETH,False,False
KEN,GAB,True,True
KEN,GHA,True,True
KEN,GIN,True,True
KEN,GNB,True,True
KEN,KEN,False,False
KEN,LSO,True,True
KEN,LBR,True,True
KEN,LBY,True,True
KEN,MDG,True,True
KEN,MWI,True,True
KEN,MLI,True,True
KEN,MRT,True,True
KEN,MAR,True,True
KEN,MOZ,True,True
KEN,NAM,True,True
KEN,NER,True,True
KEN,NGA,True,True
KEN,RWA,False,False
KEN,SEN,True,True
KEN,SLE,True,True
KEN,SOM,False,False
KEN,ZAF,True,True
KEN,SDN,True,False
KEN,SWZ,True,True
KEN,TZA,False,False
KEN,TGO,True,True
KEN,TUN,True,True
KEN,UGA,False,False
KEN,ZMB,True,True
KEN,ZWE,True,True
KEN,AFG,True,True
KEN,ARM,True,True
KEN,AZE,True,True
KEN,BGD,True,True
KEN,MMR,True,True
KEN,KHM,True,True
KEN,CHN,True,True
KEN,GEO,True,True
KEN,IND,True,True
KEN,IDN,True,True
KEN,IRN,True,True
KEN,IRQ,True,True
KEN,ISR,True,True
KEN,JPN,True,True
KEN,JOR,True,True
KEN,KAZ,True,True
KEN,LAO,True,True
KEN,LBN,True,True
KEN,MYS,True,True
KEN,MNG,True,True
KEN,NPL,True,True
KEN,OMN,True,True
KEN,PAK,True,True
KEN,PHL,True,True
KEN,QAT,True,True
KEN,SAU,True,True
KEN,KOR,True,True
KEN,LKA,True,True
KEN,SYR,True,True
KEN,TWN,True,True
KEN,TJK,True,True
KEN,THA,True,True
KEN,TUR,True,True
KEN,TKM,True,True
KEN,ARE,True,True
KEN,UZB,True,True
KEN,VNM,True,True
KEN,YEM,True,True
KEN,ALB,True,True
KEN,AUT,True,True
KEN,BLR,True,True
KEN,BEL,True,True
KEN,BIH,True,True
KEN,BGR,True,True
KEN,HRV,True,True
KEN,CYP,True,True
KEN,CZE,True,True
KEN,DNK,True,True
KEN,EST,True,True
KEN,FIN,True,True
KEN,FRA,True,True
KEN,DEU,True,True
KEN,GRC,True,True
KEN,HUN,True,True
KEN,ISL,True,True
KEN,IRL,True,True
KEN,ITA,True,True
KEN,LVA,True,True
KEN,LTU,True,True
KEN,MKD,True,True
KEN,MDA,True,True
KEN,MNE,True,True
KEN,NLD,True,True
KEN,NOR,True,True
KEN,POL,True,True
KEN,PRT,True,True
KEN,ROU,True,True
KEN,RUS,True,True
KEN,SRB,True,True
KEN,SVK,True,True
KEN,SVN,True,True
KEN,ESP,True,True
KEN,SWE,True,True
KEN,CHE,True,True
KEN,UKR,True,True
KEN,GBR,True,True
KEN,BHS,True,True
KEN,CAN,True,True
KEN,CRI,True,True
KEN,CUB,True,True
KEN,DOM,True,True
KEN,SLV,True,True
KEN,GTM,True,True
KEN,HTI,True,True
KEN,HND,True,True
KEN,JAM,True,True
KEN,MEX,True,True
KEN,NIC,True,True
KEN,PAN,True,True
KEN,USA,True,True
KEN,AUS,True,True
KEN,NZL,True,True
KEN,PNG,True,True
KEN,ARG,True,True
KEN,BOL,True,True
KEN,BRA,True,True
KEN,CHL,True,True
KEN,COL,True,True
KEN,ECU,True,True
KEN,PRY,True,True
KEN,PER,True,True
KEN,SUR,True,True
KEN,URY,True,True
KEN,VEN,True,True
LSO,DZA,True,True
LSO,AGO,True,True
LSO,BEN,True,True
LSO,BWA,False,False
LSO,BFA,True,True
LSO,BDI,True,True
LSO,CMR,True,True
LSO,CAF,True,True
LSO,TCD,True,True
LSO,COG,True,True
LSO,COD,True,True
LSO,CIV,True,True
LSO,DJI,True,True
LSO,EGY,True,True
LSO,GNQ,True,True
LSO,ERI,True,True
LSO,ETH,True,True
LSO,GAB,True,True
LSO,GHA,True,True
LSO,GIN,True,True
LSO,GNB,True,True
LSO,KEN,True,True
LSO,LSO,False,False
LSO,LBR,True,True
LSO,LBY,True,True
LSO,MDG,True,True
LSO,MWI,True,True
LSO,MLI,True,True
LSO,MRT,True,True
LSO,MAR,True,True
LSO,MOZ,True,False
LSO,NAM,True,True
LSO,NER,True,True
LSO,NGA,True,True
LSO,RWA,True,True
LSO,SEN,True,True
LSO,SLE,True,True
LSO,SOM,True,True
LSO,ZAF,False,False
LSO,SDN,True,True
LSO,SWZ,False,False
LSO,TZA,True,True
LSO,TGO,True,True
LSO,TUN,True,True
LSO,UGA,True,True
LSO,ZMB,True,True
LSO,ZWE,True,True
LSO,AFG,True,True
LSO,ARM,True,True
LSO,AZE,True,True
LSO,BGD,True,True
LSO,MMR,True,True
LSO,KHM,True,True
LSO,CHN,True,True
LSO,GEO,True,True
LSO,IND,True,True
LSO,IDN,True,True
LSO,IRN,True,True
LSO,IRQ,True,True
LSO,ISR,True,True
LSO,JPN,True,True
LSO,JOR,True,True
LSO,KAZ,True,True
LSO,LAO,True,True
LSO,LBN,True,True
LSO,MYS,True,True
LSO,MNG,True,True
LSO,NPL,True,True
LSO,OMN,True,True
LSO,PAK,True,True
LSO,PHL,True,True
LSO,QAT,True,True
LSO,SAU,True,True
LSO,KOR,True,True
LSO,LKA,True,True
LSO,SYR,True,True
LSO,TWN,True,True
LSO,TJK,True,True
LSO,THA,True,True
LSO,TUR,True,True
LSO,TKM,True,True
LSO,ARE,True,True
LSO,UZB,True,True
LSO,VNM,True,True
LSO,YEM,True,True
LSO,ALB,True,True
LSO,AUT,True,True
LSO,BLR,True,True
LSO,BEL,True,True
LSO,BIH,True,True
LSO,BGR,True,True
LSO,HRV,True,True
LSO,CYP,True,True
LSO,CZE,True,True
LSO,DNK,True,True
LSO,EST,True,True
LSO,FIN,True,True
LSO,FRA,True,True
LSO,DEU,True,True
LSO,GRC,True,True
LSO,HUN,True,True
LSO,ISL,True,True
LSO,IRL,True,True
LSO,ITA,True,True
LSO,LVA,True,True
LSO,LTU,True,True
LSO,MKD,True,True
LSO,MDA,True,True
LSO,MNE,True,True
LSO,NLD,True,True
LSO,NOR,True,True
LSO,POL,True,True
LSO,PRT,True,True
LSO,ROU,True,True
LSO,RUS,True,True
LSO,SRB,True,True
LSO,SVK,True,True
LSO,SVN,True,True
LSO,ESP,True,True
LSO,SWE,True,True
LSO,CHE,True,True
LSO,UKR,True,True
LSO,GBR,True,True
LSO,BHS,True,True
LSO,CAN,True,True
LSO,CRI,True,True
LSO,CUB,True,True
LSO,DOM,True,True
LSO,SLV,True,True
LSO,GTM,True,True
LSO,HTI,True,True
LSO,HND,True,True
LSO,JAM,True,True
LSO,MEX,True,True
LSO,NIC,True,True
LSO,PAN,True,True
LSO,USA,True,True
LSO,AUS,True,True
LSO,NZL,True,True
LSO,PNG,True,True
LSO,ARG,True,True
LSO,BOL,True,True
LSO,BRA,True,True
LSO,CHL,True,True
LSO,COL,True,True
LSO,ECU,True,True
LSO,PRY,True,True
LSO,PER,True,True
LSO,SUR,True,True
LSO,URY,True,True
LSO,VEN,True,True
LBR,DZA,True,True
LBR,AGO,True,True
LBR,BEN,True,True
LBR,BWA,True,True
LBR,BFA,True,False
LBR,BDI,True,True
LBR,CMR,True,True
LBR,CAF,True,True
LBR,TCD,True,True
LBR,COG,True,True
LBR,COD,True,True
LBR,CIV,False,False
LBR,DJI,True,True
LBR,EGY,True,True
LBR,GNQ,True,True
LBR,ERI,True,True
LBR,ETH,True,True
LBR,GAB,True,True
LBR,GHA,True,False
LBR,GIN,False,False
LBR,GNB,True,True
LBR,KEN,True,True
LBR,LSO,True,True
LBR,LBR,False,False
LBR,LBY,True,True
LBR,MDG,True,True
LBR,MWI,True,True
LBR,MLI,False,False
LBR,MRT,True,True
LBR,MAR,True,True
LBR,MOZ,True,True
LBR,NAM,True,True
LBR,NER,True,True
LBR,NGA,True,True
LBR,RWA,True,True
LBR,SEN,True,False
LBR,SLE,False,False
LBR,SOM,True,True
LBR,ZAF,True,True
LBR,SDN,True,True
LBR,SWZ,True,True
LBR,TZA,True,True
LBR,TGO,True,True
LBR,TUN,True,True
LBR,UGA,True,True
LBR,ZMB,True,True
LBR,ZWE,True,True
LBR,AFG,True,True
LBR,ARM,True,True
LBR,AZE,True,True
LBR,BGD,True,True
LBR,MMR,True,True
LBR,KHM,True,True
LBR,CHN,True,True
LBR,GEO,True,True
LBR,IND,True,True
LBR,IDN,True,True
LBR,IRN,True,True
LBR,IRQ,True,True
LBR,ISR,True,True
LBR,JPN,True,True
LBR,JOR,True,True
LBR,KAZ,True,True
LBR,LAO,True,True
LBR,LBN,True,True
LBR,MYS,True,True
LBR,MNG,True,True
LBR,NPL,True,True
LBR,OMN,True,True
LBR,PAK,True,True
LBR,PHL,True,True
LBR,QAT,True,True
LBR,SAU,True,True
LBR,KOR,True,True
LBR,LKA,True,True
LBR,SYR,True,True
LBR,TWN,True,True
LBR,TJK,True,True
LBR,THA,True,True
LBR,TUR,True,True
LBR,TKM,True,True
LBR,ARE,True,True
LBR,UZB,True,True
LBR,VNM,True,True
LBR,YEM,True,True
LBR,ALB,True,True
LBR,AUT,True,True
LBR,BLR,True,True
LBR,BEL,True,True
LBR,BIH,True,True
LBR,BGR,True,True
LBR,HRV,True,True
LBR,CYP,True,True
LBR,CZE,True,True
LBR,DNK,True,True
LBR,EST,True,True
LBR,FIN,True,True
LBR,FRA,True,True
LBR,DEU,True,True
LBR,GRC,True,True
LBR,HUN,True,True
LBR,ISL,True,True
LBR,IRL,True,True
LBR,ITA,True,True
LBR,LVA,True,True
LBR,LTU,True,True
LBR,MKD,True,True
LBR,MDA,True,True
LBR,MNE,True,True
LBR,NLD,True,True
LBR,NOR,True,True
LBR,POL,True,True
LBR,PRT,True,True
LBR,ROU,True,True
LBR,RUS,True,True
LBR,SRB,True,True
LBR,SVK,True,True
LBR,SVN,True,True
LBR,ESP,True,True
LBR,SWE,True,True
LBR,CHE,True,True
LBR,UKR,True,True
LBR,GBR,True,True
LBR,BHS,True,True
LBR,CAN,True,True
LBR,CRI,True,True
LBR,CUB,True,True
LBR,DOM,True,True
LBR,SLV,True,True
LBR,GTM,True,True
LBR,HTI,True,True
LBR,HND,True,True
LBR,JAM,True,True
LBR,MEX,True,True
LBR,NIC,True,True
LBR,PAN,True,True
LBR,USA,True,True
LBR,AUS,True,True
LBR,NZL,True,True
LBR,PNG,True,True
LBR,ARG,True,True
LBR,BOL,True,True
LBR,BRA,True,True
LBR,CHL,True,True
LBR,COL,True,True
LBR,ECU,True,True
LBR,PRY,True,True
LBR,PER,True,True
LBR,SUR,True,True
LBR,URY,True,True
LBR,VEN,True,True
LBY,DZA,False,False
LBY,AGO,True,True
LBY,BEN,True,True
LBY,BWA,True,True
LBY,BFA,True,True
LBY,BDI,True,True
LBY,CMR,True,True
LBY,CAF,True,True
LBY,TCD,False,False
LBY,COG,True,True
LBY,COD,True,True
LBY,CIV,True,True
LBY,DJI,True,True
LBY,EGY,False,False
LBY,GNQ,True,True
LBY,ERI,True,True
LBY,ETH,True,True
LBY,GAB,True,True
LBY,GHA,True,True
LBY,GIN,True,True
LBY,GNB,True,True
LBY,KEN,True,True
LBY,LSO,True,True
LBY,LBR,True,True
LBY,LBY,False,False
LBY,MDG,True,True
LBY,MWI,True,True
LBY,MLI,True,True
LBY,MRT,True,True
LBY,MAR,True,True
LBY,MOZ,True,True
LBY,NAM,True,True
LBY,NER,False,False
LBY,NGA,True,True
LBY,RWA,True,True
LBY,SEN,True,True
LBY,SLE,True,True
LBY,SOM,True,True
LBY,ZAF,True,True
LBY,SDN,False,False
LBY,SWZ,True,True
LBY,TZA,True,True
LBY,TGO,True,True
LBY,TUN,False,False
LBY,UGA,True,True
LBY,ZMB,True,True
LBY,ZWE,True,True
LBY,AFG,True,True
LBY,ARM,True,True
LBY,AZE,True,True
LBY,BGD,True,True
LBY,MMR,True,True
LBY,KHM,True,True
LBY,CHN,True,True
LBY,GEO,True,True
LBY,IND,True,True
LBY,IDN,True,True
LBY,IRN,True,True
LBY,IRQ,True,True
LBY,ISR,True,True
LBY,JPN,True,True
LBY,JOR,True,True
LBY,KAZ,True,True
LBY,LAO,True,True
LBY,LBN,True,True
LBY,MYS,True,True
LBY,MNG,True,True
LBY,NPL,True,True
LBY,OMN,True,True
LBY,PAK,True,True
LBY,PHL,True,True
LBY,QAT,True,True
LBY,SAU,True,True
LBY,KOR,True,True
LBY,LKA,True,True
LBY,SYR,True,True
LBY,TWN,True,True
LBY,TJK,True,True
LBY,THA,True,True
LBY,TUR,True,True
LBY,TKM,True,True
LBY,ARE,True,True
LBY,UZB,True,True
LBY,VNM,True,True
LBY,YEM,True,True
LBY,ALB,True,True
LBY,AUT,True,True
LBY,BLR,True,True
LBY,BEL,True,True
LBY,BIH,True,True
LBY,BGR,True,True
LBY,HRV,True,True
LBY,CYP,True,True
LBY,CZE,True,True
LBY,DNK,True,True
LBY,EST,True,True
LBY,FIN,True,True
LBY,FRA,True,True
LBY,DEU,True,True
LBY,GRC,False,False
LBY,HUN,True,True
LBY,ISL,True,True
LBY,IRL,True,True
LBY,ITA,False,False
LBY,LVA,True,True
LBY,LTU,True,True
LBY,MKD,True,True
LBY,MDA,True,True
LBY,MNE,True,True
LBY,NLD,True,True
LBY,NOR,True,True
LBY,POL,True,True
LBY,PRT,True,True
LBY,ROU,True,True
LBY,RUS,True,True
LBY,SRB,True,True
LBY,SVK,True,True
LBY,SVN,True,True
LBY,ESP,True,True
LBY,SWE,True,True
LBY,CHE,True,True
LBY,UKR,True,True
LBY,GBR,True,True
LBY,BHS,True,True
LBY,CAN,True,True
LBY,CRI,True,True
LBY,CUB,True,True
LBY,DOM,True,True
LBY,SLV,True,True
LBY,GTM,True,True
LBY,HTI,True,True
LBY,HND,True,True
LBY,JAM,True,True
LBY,MEX,True,True
LBY,NIC,True,True
LBY,PAN,True,True
LBY,USA,True,True
LBY,AUS,True,True
LBY,NZL,True,True
LBY,PNG,True,True
LBY,ARG,True,True
LBY,BOL,True,True
LBY,BRA,True,True
LBY,CHL,True,True
LBY,COL,True,True
LBY,ECU,True,True
LBY,PRY,True,True
LBY,PER,True,True
LBY,SUR,True,True
LBY,URY,True,True
LBY,VEN,True,True
MDG,DZA,True,True
MDG,AGO,True,True
MDG,BEN,True,True
MDG,BWA,True,True
MDG,BFA,True,True
MDG,BDI,True,True
MDG,CMR,True,True
MDG,CAF,True,True
MDG,TCD,True,True
MDG,COG,True,True
MDG,COD,True,True
MDG,CIV,True,True
MDG,DJI,True,True
MDG,EGY,True,True
MDG,GNQ,True,True
MDG,ERI,True,True
MDG,ETH,True,True
MDG,GAB,True,True
MDG,GHA,True,True
MDG,GIN,True,True
MDG,GNB,True,True
MDG,KEN,True,True
MDG,LSO,True,True
MDG,LBR,True,True
MDG,LBY,True,True
MDG,MDG,False,False
MDG,MWI,True,True
MDG,MLI,True,True
MDG,MRT,True,True
MDG,MAR,True,True
MDG,MOZ,False,False
MDG,NAM,True,True
MDG,NER,True,True
MDG,NGA,True,True
MDG,RWA,True,True
MDG,SEN,True,True
MDG,SLE,True,True
MDG,SOM,True,True
MDG,ZAF,True,True
MDG,SDN,True,True
MDG,SWZ,True,True
MDG,TZA,True,True
MDG,TGO,True,True
MDG,TUN,True,True
MDG,UGA,True,True
MDG,ZMB,True,True
MDG,ZWE,True,True
MDG,AFG,True,True
MDG,ARM,True,True
MDG,AZE,True,True
MDG,BGD,True,True
MDG,MMR,True,True
MDG,KHM,True,True
MDG,CHN,True,True
MDG,GEO,True,True
MDG,IND,True,True
MDG,IDN,True,True
MDG,IRN,True,True
MDG,IRQ,True,True
MDG,ISR,True,True
MDG,JPN,True,True
MDG,JOR,True,True
MDG,KAZ,True,True
MDG,LAO,True,True
MDG,LBN,True,True
MDG,MYS,True,True
MDG,MNG,True,True
MDG,NPL,True,True
MDG,OMN,True,True
MDG,PAK,True,True
MDG,PHL,True,True
MDG,QAT,True,True
MDG,SAU,True,True
MDG,KOR,True,True
MDG,LKA,True,True
MDG,SYR,True,True
MDG,TWN,True,True
MDG,TJK,True,True
MDG,THA,True,True
MDG,TUR,True,True
MDG,TKM,True,True
MDG,ARE,True,True
MDG,UZB,True,True
MDG,VNM,True,True
MDG,YEM,True,True
MDG,ALB,True,True
MDG,AUT,True,True
MDG,BLR,True,True
MDG,BEL,True,True
MDG,BIH,True,True
MDG,BGR,True,True
MDG,HRV,True,True
MDG,CYP,True,True
MDG,CZE,True,True
MDG,DNK,True,True
MDG,EST,True,True
MDG,FIN,True,True
MDG,FRA,True,True
MDG,DEU,True,True
MDG,GRC,True,True
MDG,HUN,True,True
MDG,ISL,True,True
MDG,IRL,True,True
MDG,ITA,True,True
MDG,LVA,True,True
MDG,LTU,True,True
MDG,MKD,True,True
MDG,MDA,True,True
MDG,MNE,True,True
MDG,NLD,True,True
MDG,NOR,True,True
MDG,POL,True,True
MDG,PRT,True,True
MDG,ROU,True,True
MDG,RUS,True,True
MDG,SRB,True,True
MDG,SVK,True,True
MDG,SVN,True,True
MDG,ESP,True,True
MDG,SWE,True,True
MDG,CHE,True,True
MDG,UKR,True,True
MDG,GBR,True,True
MDG,BHS,True,True
MDG,CAN,True,True
MDG,CRI,True,True
MDG,CUB,True,True
MDG,DOM,True,True
MDG,SLV,True,True
MDG,GTM,True,True
MDG,HTI,True,True
MDG,HND,True,True
MDG,JAM,True,True
MDG,MEX,True,True
MDG,NIC,True,True
MDG,PAN,True,True
MDG,USA,True,True
MDG,AUS,True,True
MDG,NZL,True,True
MDG,PNG,True,True
MDG,ARG,True,True
MDG,BOL,True,True
MDG,BRA,True,True
MDG,CHL,True,True
MDG,COL,True,True
MDG,ECU,True,True
MDG,PRY,True,True
MDG,PER,True,True
MDG,SUR,True,True
MDG,URY,True,True
MDG,VEN,True,True
MWI,DZA,True,True
MWI,AGO,True,True
MWI,BEN,True,True
MWI,BWA,True,True
MWI,BFA,True,True
MWI,BDI,True,True
MWI,CMR,True,True
MWI,CAF,True,True
MWI,TCD,True,True
MWI,COG,True,True
MWI,COD,False,False
MWI,CIV,True,True
MWI,DJI,True,True
MWI,EGY,True,True
MWI,GNQ,True,True
MWI,ERI,True,True
MWI,ETH,True,True
MWI,GAB,True,True
MWI,GHA,True,True
MWI,GIN,True,True
MWI,GNB,True,True
MWI,KEN,True,True
MWI,LSO,True,True
MWI,LBR,True,True
MWI,LBY,True,True
MWI,MDG,True,True
MWI,MWI,False,False
MWI,MLI,True,True
MWI,MRT,True,True
MWI,MAR,True,True
MWI,MOZ,False,False
MWI,NAM,True,True
MWI,NER,True,True
MWI,NGA,True,True
MWI,RWA,True,True
MWI,SEN,True,True
MWI,SLE,True,True
MWI,SOM,True,True
MWI,ZAF,True,True
MWI,SDN,True,True
MWI,SWZ,True,True
MWI,TZA,False,False
MWI,TGO,True,True
MWI,TUN,True,True
MWI,UGA,True,True
MWI,ZMB,False,False
MWI,ZWE,False,False
MWI,AFG,True,True
MWI,ARM,True,True
MWI,AZE,True,True
MWI,BGD,True,True
MWI,MMR,True,True
MWI,KHM,True,True
MWI,CHN,True,True
MWI,GEO,True,True
MWI,IND,True,True
MWI,IDN,True,True
MWI,IRN,True,True
MWI,IRQ,True,True
MWI,ISR,True,True
MWI,JPN,True,True
MWI,JOR,True,True
MWI,KAZ,True,True
MWI,LAO,True,True
MWI,LBN,True,True
MWI,MYS,True,True
MWI,MNG,True,True
MWI,NPL,True,True
MWI,OMN,True,True
MWI,PAK,True,True
MWI,PHL,True,True
MWI,QAT,True,True
MWI,SAU,True,True
MWI,KOR,True,True
MWI,LKA,True,True
MWI,SYR,True,True
MWI,TWN,True,True
MWI,TJK,True,True
MWI,THA,True,True
MWI,TUR,True,True
MWI,TKM,True,True
MWI,ARE,True,True
MWI,UZB,True,True
MWI,VNM,True,True
MWI,YEM,True,True
MWI,ALB,True,True
MWI,AUT,True,True
MWI,BLR,True,True
MWI,BEL,True,True
MWI,BIH,True,True
MWI,BGR,True,True
MWI,HRV,True,True
MWI,CYP,True,True
MWI,CZE,True,True
MWI,DNK,True,True
MWI,EST,True,True
MWI,FIN,True,True
MWI,FRA,True,True
MWI,DEU,True,True
MWI,GRC,True,True
MWI,HUN,True,True
MWI,ISL,True,True
MWI,IRL,True,True
MWI,ITA,True,True
MWI,LVA,True,True
MWI,LTU,True,True
MWI,MKD,True,True
MWI,MDA,True,True
MWI,MNE,True,True
MWI,NLD,True,True
MWI,NOR,True,True
MWI,POL,True,True
MWI,PRT,True,True
MWI,ROU,True,True
MWI,RUS,True,True
MWI,SRB,True,True
MWI,SVK,True,True
MWI,SVN,True,True
MWI,ESP,True,True
MWI,SWE,True,True
MWI,CHE,True,True
MWI,UKR,True,True
MWI,GBR,True,True
MWI,BHS,True,True
MWI,CAN,True,True
MWI,CRI,True,True
MWI,CUB,True,True
MWI,DOM,True,True
MWI,SLV,True,True
MWI,GTM,True,True
MWI,HTI,True,True
MWI,HND,True,True
MWI,JAM,True,True
MWI,MEX,True,True
MWI,NIC,True,True
MWI,PAN,True,True
MWI,USA,True,True
MWI,AUS,True,True
MWI,NZL,True,True
MWI,PNG,True,True
MWI,ARG,True,True
MWI,BOL,True,True
MWI,BRA,True,True
MWI,CHL,True,True
MWI,COL,True,True
MWI,ECU,True,True
MWI,PRY,True,True
MWI,PER,True,True
MWI,SUR,True,True
MWI,URY,True,True
MWI,VEN,True,True
MLI,DZA,False,False
MLI,AGO,True,True
MLI,BEN,False,False
MLI,BWA,True,True
MLI,BFA,False,False
MLI,BDI,True,True
MLI,CMR,True,True
MLI,CAF,True,True
MLI,TCD,True,True
MLI,COG,True,True
MLI,COD,True,True
MLI,CIV,False,False
MLI,DJI,True,True
MLI,EGY,True,True
MLI,GNQ,True,True
MLI,ERI,True,True
MLI,ETH,True,True
MLI,GAB,True,True
MLI,GHA,False,False
MLI,GIN,False,False
MLI,GNB,False,False
MLI,KEN,True,True
MLI,LSO,True,True
MLI,LBR,False,False
MLI,LBY,True,True
MLI,MDG,True,True
MLI,MWI,True,True
MLI,MLI,False,False
MLI,MRT,False,False
MLI,MAR,True,False
MLI,MOZ,True,True
MLI,NAM,True,True
MLI,NER,False,False
MLI,NGA,False,False
MLI,RWA,True,True
MLI,SEN,False,False
MLI,SLE,False,False
MLI,SOM,True,True
MLI,ZAF,True,True
MLI,SDN,True,True
MLI,SWZ,True,True
MLI,TZA,True,True
MLI,TGO,True,False
MLI,TUN,True,True
MLI,UGA,True,True
MLI,ZMB,True,True
MLI,ZWE,True,True
MLI,AFG,True,True
MLI,ARM,True,True
MLI,AZE,True,True
MLI,BGD,True,True
MLI,MMR,True,True
MLI,KHM,True,True
MLI,CHN,True,True
MLI,GEO,True,True
MLI,IND,True,True
MLI,IDN,True,True
MLI,IRN,True,True
MLI,IRQ,True,True
MLI,ISR,True,True
MLI,JPN,True,True
MLI,JOR,True,True
MLI,KAZ,True,True
MLI,LAO,True,True
MLI,LBN,True,True
MLI,MYS,True,True
MLI,MNG,True,True
MLI,NPL,True,True
MLI,OMN,True,True
MLI,PAK,True,True
MLI,PHL,True,True
MLI,QAT,True,True
MLI,SAU,True,True
MLI,KOR,True,True
MLI,LKA,True,True
MLI,SYR,True,True
MLI,TWN,True,True
MLI,TJK,True,True
MLI,THA,True,True
MLI,TUR,True,True
MLI,TKM,True,True
MLI,ARE,True,True
MLI,UZB,True,True
MLI,VNM,True,True
MLI,YEM,True,True
MLI,ALB,True,True
MLI,AUT,True,True
MLI,BLR,True,True
MLI,BEL,True,True
MLI,BIH,True,True
MLI,BGR,True,True
MLI,HRV,True,True
MLI,CYP,True,True
MLI,CZE,True,True
MLI,DNK,True,True
MLI,EST,True,True
MLI,FIN,True,True
MLI,FRA,True,True
MLI,DEU,True,True
MLI,GRC,True,True
MLI,HUN,True,True
MLI,ISL,True,True
MLI,IRL,True,True
MLI,ITA,True,True
MLI,LVA,True,True
MLI,LTU,True,True
MLI,MKD,True,True
MLI,MDA,True,True
MLI,MNE,True,True
MLI,NLD,True,True
MLI,NOR,True,True
MLI,POL,True,True
MLI,PRT,True,True
MLI,ROU,True,True
MLI,RUS,True,True
MLI,SRB,True,True
MLI,SVK,True,True
MLI,SVN,True,True
MLI,ESP,True,True
MLI,SWE,True,True
MLI,CHE,True,True
MLI,UKR,True,True
MLI,GBR,True,True
MLI,BHS,True,True
MLI,CAN,True,True
MLI,CRI,True,True
MLI,CUB,True,True
MLI,DOM,True,True
MLI,SLV,True,True
MLI,GTM,True,True
MLI,HTI,True,True
MLI,HND,True,True
MLI,JAM,True,True
MLI,MEX,True,True
MLI,NIC,True,True
MLI,PAN,True,True
MLI,USA,True,True
MLI,AUS,True,True
MLI,NZL,True,True
MLI,PNG,True,True
MLI,ARG,True,True
MLI,BOL,True,True
MLI,BRA,True,True
MLI,CHL,True,True
MLI,COL,True,True
MLI,ECU,True,True
MLI,PRY,True,True
MLI,PER,True,True
MLI,SUR,True,True
MLI,URY,True,True
MLI,VEN,True,True
MRT,DZA,False,False
MRT,AGO,True,True
MRT,BEN,True,True
MRT,BWA,True,True
MRT,BFA,False,False
MRT,BDI,True,True
MRT,CMR,True,True
MRT,CAF,True,True
MRT,TCD,True,True
MRT,COG,True,True
MRT,COD,True,True
MRT,CIV,True,True
MRT,DJI,True,True
MRT,EGY,True,True
MRT,GNQ,True,True
MRT,ERI,True,True
MRT,ETH,True,True
MRT,GAB,True,True
MRT,GHA,True,True
MRT,GIN,False,False
MRT,GNB,False,False
MRT,KEN,True,True
MRT,LSO,True,True
MRT,LBR,True,True
MRT,LBY,True,True
MRT,MDG,True,True
MRT,MWI,True,True
MRT,MLI,False,False
MRT,MRT,False,False
MRT,MAR,False,False
MRT,MOZ,True,True
MRT,NAM,True,True
MRT,NER,True,True
MRT,NGA,True,True
MRT,RWA,True,True
MRT,SEN,False,False
MRT,SLE,True,True
MRT,SOM,True,True
MRT,ZAF,True,True
MRT,SDN,True,True
MRT,SWZ,True,True
MRT,TZA,True,True
MRT,TGO,True,True
MRT,TUN,True,True
MRT,UGA,True,True
MRT,ZMB,True,True
MRT,ZWE,True,True
MRT,AFG,True,True
MRT,ARM,True,True
MRT,AZE,True,True
MRT,BGD,True,True
MRT,MMR,True,True
MRT,KHM,True,True
MRT,CHN,True,True
MRT,GEO,True,True
MRT,IND,True,True
MRT,IDN,True,True
MRT,IRN,True,True
MRT,IRQ,True,True
MRT,ISR,True,True
MRT,JPN,True,True
MRT,JOR,True,True
MRT,KAZ,True,True
MRT,LAO,True,True
MRT,LBN,True,True
MRT,MYS,True,True
MRT,MNG,True,True
MRT,NPL,True,True
MRT,OMN,True,True
MRT,PAK,True,True
MRT,PHL,True,True
MRT,QAT,True,True
MRT,SAU,True,True
MRT,KOR,True,True
MRT,LKA,True,True
MRT,SYR,True,True
MRT,TWN,True,True
MRT,TJK,True,True
MRT,THA,True,True
MRT,TUR,True,True
MRT,TKM,True,True
MRT,ARE,True,True
MRT,UZB,True,True
MRT,VNM,True,True
MRT,YEM,True,True
MRT,ALB,True,True
MRT,AUT,True,True
MRT,BLR,True,True
MRT,BEL,True,True
MRT,BIH,True,True
MRT,BGR,True,True
MRT,HRV,True,True
MRT,CYP,True,True
MRT,CZE,True,True
MRT,DNK,True,True
MRT,EST,True,True
MRT,FIN,True,True
MRT,FRA,True,True
MRT,DEU,True,True
MRT,GRC,True,True
MRT,HUN,True,True
MRT,ISL,True,True
MRT,IRL,True,True
MRT,ITA,True,True
MRT,LVA,True,True
MRT,LTU,True,True
MRT,MKD,True,True
MRT,MDA,True,True
MRT,MNE,True,True
MRT,NLD,True,True
MRT,NOR,True,True
MRT,POL,True,True
MRT,PRT,True,True
MRT,ROU,True,True
MRT,RUS,True,True
MRT,SRB,True,True
MRT,SVK,True,True
MRT,SVN,True,True
MRT,ESP,True,False
MRT,SWE,True,True
MRT,CHE,True,True
MRT,UKR,True,True
MRT,GBR,True,True
MRT,BHS,True,True
MRT,CAN,True,True
MRT,CRI,True,True
MRT,CUB,True,True
MRT,DOM,True,True
MRT,SLV,True,True
MRT,GTM,True,True
MRT,HTI,True,True
MRT,HND,True,True
MRT,JAM,True,True
MRT,MEX,True,True
MRT,NIC,True,True
MRT,PAN,True,True
MRT,USA,True,True
MRT,AUS,True,True
MRT,NZL,True,True
MRT,PNG,True,True
MRT,ARG,True,True
MRT,BOL,True,True
MRT,BRA,True,True
MRT,CHL,True,True
MRT,COL,True,True
MRT,ECU,True,True
MRT,PRY,True,True
MRT,PER,True,True
MRT,SUR,True,True
MRT,URY,True,True
MRT,VEN,True,True
MAR,DZA,False,False
MAR,AGO,True,True
MAR,BEN,True,True
MAR,BWA,True,True
MAR,BFA,True,True
MAR,BDI,True,True
MAR,CMR,True,True
MAR,CAF,True,True
MAR,TCD,True,True
MAR,COG,True,True
MAR,COD,True,True
MAR,CIV,True,True
MAR,DJI,True,True
MAR,EGY,True,True
MAR,GNQ,True,True
MAR,ERI,True,True
MAR,ETH,True,True
MAR,GAB,True,True
MAR,GHA,True,True
MAR,GIN,True,True
MAR,GNB,True,True
MAR,KEN,True,True
MAR,LSO,True,True
MAR,LBR,True,True
MAR,LBY,True,True
MAR,MDG,True,True
MAR,MWI,True,True
MAR,MLI,True,False
MAR,MRT,False,False
MAR,MAR,False,False
MAR,MOZ,True,True
MAR,NAM,True,True
MAR,NER,True,True
MAR,NGA,True,True
MAR,RWA,True,True
MAR,SEN,True,True
MAR,SLE,True,True
MAR,SOM,True,True
MAR,ZAF,True,True
MAR,SDN,True,True
MAR,SWZ,True,True
MAR,TZA,True,True
MAR,TGO,True,True
MAR,TUN,True,True
MAR,UGA,True,True
MAR,ZMB,True,True
MAR,ZWE,True,True
MAR,AFG,True,True
MAR,ARM,True,True
MAR,AZE,True,True
MAR,BGD,True,True
MAR,MMR,True,True
MAR,KHM,True,True
MAR,CHN,True,True
MAR,GEO,True,True
MAR,IND,True,True
MAR,IDN,True,True
MAR,IRN,True,True
MAR,IRQ,True,True
MAR,ISR,True,True
MAR,JPN,True,True
MAR,JOR,True,True
MAR,KAZ,True,True
MAR,LAO,True,True
MAR,LBN,True,True
MAR,MYS,True,True
MAR,MNG,True,True
MAR,NPL,True,True
MAR,OMN,True,True
MAR,PAK,True,True
MAR,PHL,True,True
MAR,QAT,True,True
MAR,SAU,True,True
MAR,KOR,True,True
MAR,LKA,True,True
MAR,SYR,True,True
MAR,TWN,True,True
MAR,TJK,True,True
MAR,THA,True,True
MAR,TUR,True,True
MAR,TKM,True,True
MAR,ARE,True,True
MAR,UZB,True,True
MAR,VNM,True,True
MAR,YEM,True,True
MAR,ALB,True,True
MAR,AUT,True,True
MAR,BLR,True,True
MAR,BEL,True,True
MAR,BIH,True,True
MAR,BGR,True,True
MAR,HRV,True,True
MAR,CYP,True,True
MAR,CZE,True,True
MAR,DNK,True,True
MAR,EST,True,True
MAR,FIN,True,True
MAR,FRA,True,True
MAR,DEU,True,True
MAR,GRC,True,True
MAR,HUN,True,True
MAR,ISL,True,True
MAR,IRL,True,True
MAR,ITA,True,True
MAR,LVA,True,True
MAR,LTU,True,True
MAR,MKD,True,True
MAR,MDA,True,True
MAR,MNE,True,True
MAR,NLD,True,True
MAR,NOR,True,True
MAR,POL,True,True
MAR,PRT,False,False
MAR,ROU,True,True
MAR,RUS,True,True
MAR,SRB,True,True
MAR,SVK,True,True
MAR,SVN,True,True
MAR,ESP,False,False
MAR,SWE,True,True
MAR,CHE,True,True
MAR,UKR,True,True
MAR,GBR,True,True
MAR,BHS,True,True
MAR,CAN,True,True
MAR,CRI,True,True
MAR,CUB,True,True
MAR,DOM,True,True
MAR,SLV,True,True
MAR,GTM,True,True
MAR,HTI,True,True
MAR,HND,True,True
MAR,JAM,True,True
MAR,MEX,True,True
MAR,NIC,True,True
MAR,PAN,True,True
MAR,USA,True,True
MAR,AUS,True,True
MAR,NZL,True,True
MAR,PNG,True,True
MAR,ARG,True,True
MAR,BOL,True,True
MAR,BRA,True,True
MAR,CHL,True,True
MAR,COL,True,True
MAR,ECU,True,True
MAR,PRY,True,True
MAR,PER,True,True
MAR,SUR,True,True
MAR,URY,True,True
MAR,VEN,True,True
MOZ,DZA,True,True
MOZ,AGO,True,True
MOZ,BEN,True,True
MOZ,BWA,False,False
MOZ,BFA,True,True
MOZ,BDI,True,True
MOZ,CMR,True,True
MOZ,CAF,True,True
MOZ,TCD,True,True
MOZ,COG,True,True
MOZ,COD,False,False
MOZ,CIV,True,True
MOZ,DJI,True,True
MOZ,EGY,True,True
MOZ,GNQ,True,True
MOZ,ERI,True,True
MOZ,ETH,True,True
MOZ,GAB,True,True
MOZ,GHA,True,True
MOZ,GIN,True,True
MOZ,GNB,True,True
MOZ,KEN,True,True
MOZ,LSO,True,False
MOZ,LBR,True,True
MOZ,LBY,True,True
MOZ,MDG,False,False
MOZ,MWI,False,False
MOZ,MLI,True,True
MOZ,MRT,True,True
MOZ,MAR,True,True
MOZ,MOZ,False,False
MOZ,NAM,True,True
MOZ,NER,True,True
MOZ,NGA,True,True
MOZ,RWA,True,True
MOZ,SEN,True,True
MOZ,SLE,True,True
MOZ,SOM,True,True
MOZ,ZAF,False,False
MOZ,SDN,True,True
MOZ,SWZ,False,False
MOZ,TZA,False,False
MOZ,TGO,True,True
MOZ,TUN,True,True
MOZ,UGA,True,True
MOZ,ZMB,False,False
MOZ,ZWE,False,False
MOZ,AFG,True,True
MOZ,ARM,True,True
MOZ,AZE,True,True
MOZ,BGD,True,True
MOZ,MMR,True,True
MOZ,KHM,True,True
MOZ,CHN,True,True
MOZ,GEO,True,True
MOZ,IND,True,True
MOZ,IDN,True,True
MOZ,IRN,True,True
MOZ,IRQ,True,True
MOZ,ISR,True,True
MOZ,JPN,True,True
MOZ,JOR,True,True
MOZ,KAZ,True,True
MOZ,LAO,True,True
MOZ,LBN,True,True
MOZ,MYS,True,True
MOZ,MNG,True,True
MOZ,NPL,True,True
MOZ,OMN,True,True
MOZ,PAK,True,True
MOZ,PHL,True,True
MOZ,QAT,True,True
MOZ,SAU,True,True
MOZ,KOR,True,True
MOZ,LKA,True,True
MOZ,SYR,True,True
MOZ,TWN,True,True
MOZ,TJK,True,True
MOZ,THA,True,True
MOZ,TUR,True,True
MOZ,TKM,True,True
MOZ,ARE,True,True
MOZ,UZB,True,True
MOZ,VNM,True,True
MOZ,YEM,True,True
MOZ,ALB,True,True
MOZ,AUT,True,True
MOZ,BLR,True,True
MOZ,BEL,True,True
MOZ,BIH,True,True
MOZ,BGR,True,True
MOZ,HRV,True,True
MOZ,CYP,True,True
MOZ,CZE,True,True
MOZ,DNK,True,True
MOZ,EST,True,True
MOZ,FIN,True,True
MOZ,FRA,True,True
MOZ,DEU,True,True
MOZ,GRC,True,True
MOZ,HUN,True,True
MOZ,ISL,True,True
MOZ,IRL,True,True
MOZ,ITA,True,True
MOZ,LVA,True,True
MOZ,LTU,True,True
MOZ,MKD,True,True
MOZ,MDA,True,True
MOZ,MNE,True,True
MOZ,NLD,True,True
MOZ,NOR,True,True
MOZ,POL,True,True
MOZ,PRT,True,True
MOZ,ROU,True,True
MOZ,RUS,True,True
MOZ,SRB,True,True
MOZ,SVK,True,True
MOZ,SVN,True,True
MOZ,ESP,True,True
MOZ,SWE,True,True
MOZ,CHE,True,True
MOZ,UKR,True,True
MOZ,GBR,True,True
MOZ,BHS,True,True
MOZ,CAN,True,True
MOZ,CRI,True,True
MOZ,CUB,True,True
MOZ,DOM,True,True
MOZ,SLV,True,True
MOZ,GTM,True,True
MOZ,HTI,True,True
MOZ,HND,True,True
MOZ,JAM,True,True
MOZ,MEX,True,True
MOZ,NIC,True,True
MOZ,PAN,True,True
MOZ,USA,True,True
MOZ,AUS,True,True
MOZ,NZL,True,True
MOZ,PNG,True,True
MOZ,ARG,True,True
MOZ,BOL,True,True
MOZ,BRA,True,True
MOZ,CHL,True,True
MOZ,COL,True,True
MOZ,ECU,True,True
MOZ,PRY,True,True
MOZ,PER,True,True
MOZ,SUR,True,True
MOZ,URY,True,True
MOZ,VEN,True,True
NAM,DZA,True,True
NAM,AGO,False,False
NAM,BEN,True,True
NAM,BWA,False,False
NAM,BFA,True,True
NAM,BDI,True,True
NAM,CMR,True,True
NAM,CAF,True,True
NAM,TCD,True,True
NAM,COG,True,True
NAM,COD,True,True
NAM,CIV,True,True
NAM,DJI,True,True
NAM,EGY,True,True
NAM,GNQ,True,True
NAM,ERI,True,True
NAM,ETH,True,True
NAM,GAB,True,True
NAM,GHA,True,True
NAM,GIN,True,True
NAM,GNB,True,True
NAM,KEN,True,True
NAM,LSO,True,True
NAM,LBR,True,True
NAM,LBY,True,True
NAM,MDG,True,True
NAM,MWI,True,True
NAM,MLI,True,True
NAM,MRT,True,True
NAM,MAR,True,True
NAM,MOZ,True,True
NAM,NAM,False,False
NAM,NER,True,True
NAM,NGA,True,True
NAM,RWA,True,True
NAM,SEN,True,True
NAM,SLE,True,True
NAM,SOM,True,True
NAM,ZAF,False,False
NAM,SDN,True,True
NAM,SWZ,True,True
NAM,TZA,True,True
NAM,TGO,True,True
NAM,TUN,True,True
NAM,UGA,True,True
NAM,ZMB,False,False
NAM,ZWE,False,False
NAM,AFG,True,True
NAM,ARM,True,True
NAM,AZE,True,True
NAM,BGD,True,True
NAM,MMR,True,True
NAM,KHM,True,True
NAM,CHN,True,True
NAM,GEO,True,True
NAM,IND,True,True
NAM,IDN,True,True
NAM,IRN,True,True
NAM,IRQ,True,True
NAM,ISR,True,True
NAM,JPN,True,True
NAM,JOR,True,True
NAM,KAZ,True,True
NAM,LAO,True,True
NAM,LBN,True,True
NAM,MYS,True,True
NAM,MNG,True,True
NAM,NPL,True,True
NAM,OMN,True,True
NAM,PAK,True,True
NAM,PHL,True,True
NAM,QAT,True,True
NAM,SAU,True,True
NAM,KOR,True,True
NAM,LKA,True,True
NAM,SYR,True,True
NAM,TWN,True,True
NAM,TJK,True,True
NAM,THA,True,True
NAM,TUR,True,True
NAM,TKM,True,True
NAM,ARE,True,True
NAM,UZB,True,True
NAM,VNM,True,True
NAM,YEM,True,True
NAM,ALB,True,True
NAM,AUT,True,True
NAM,BLR,True,True
NAM,BEL,True,True
NAM,BIH,True,True
NAM,BGR,True,True
NAM,HRV,True,True
NAM,CYP,True,True
NAM,CZE,True,True
NAM,DNK,True,True
NAM,EST,True,True
NAM,FIN,True,True
NAM,FRA,True,True
NAM,DEU,True,True
NAM,GRC,True,True
NAM,HUN,True,True
NAM,ISL,True,True
NAM,IRL,True,True
NAM,ITA,True,True
NAM,LVA,True,True
NAM,LTU,True,True
NAM,MKD,True,True
NAM,MDA,True,True
NAM,MNE,True,True
NAM,NLD,True,True
NAM,NOR,True,True
NAM,POL,True,True
NAM,PRT,True,True
NAM,ROU,True,True
NAM,RUS,True,True
NAM,SRB,True,True
NAM,SVK,True,True
NAM,SVN,True,True
NAM,ESP,True,True
NAM,SWE,True,True
NAM,CHE,True,True
NAM,UKR,True,True
NAM,GBR,True,True
NAM,BHS,True,True
NAM,CAN,True,True
NAM,CRI,True,True
NAM,CUB,True,True
NAM,DOM,True,True
NAM,SLV,True,True
NAM,GTM,True,True
NAM,HTI,True,True
NAM,HND,True,True
NAM,JAM,True,True
NAM,MEX,True,True
NAM,NIC,True,True
NAM,PAN,True,True
NAM,USA,True,True
NAM,AUS,True,True
NAM,NZL,True,True
NAM,PNG,True,True
NAM,ARG,True,True
NAM,BOL,True,True
NAM,BRA,True,True
NAM,CHL,True,True
NAM,COL,True,True
NAM,ECU,True,True
NAM,PRY,True,True
NAM,PER,True,True
NAM,SUR,True,True
NAM,URY,True,True
NAM,VEN,True,True
NER,DZA,False,False
NER,AGO,True,True
NER,BEN,False,False
NER,BWA,True,True
NER,BFA,False,False
NER,BDI,True,True
NER,CMR,False,False
NER,CAF,True,True
NER,TCD,False,False
NER,COG,True,True
NER,COD,True,True
NER,CIV,True,True
NER,DJI,True,True
NER,EGY,True,True
NER,GNQ,True,True
NER,ERI,True,True
NER,ETH,True,True
NER,GAB,True,True
NER,GHA,False,False
NER,GIN,True,True
NER,GNB,True,True
NER,KEN,True,True
NER,LSO,True,True
NER,LBR,True,True
NER,LBY,False,False
NER,MDG,True,True
NER,MWI,True,True
NER,MLI,False,False
NER,MRT,True,True
NER,MAR,True,True
NER,MOZ,True,True
NER,NAM,True,True
NER,NER,False,False
NER,NGA,False,False
NER,RWA,True,True
NER,SEN,True,True
NER,SLE,True,True
NER,SOM,True,True
NER,ZAF,True,True
NER,SDN,True,True
NER,SWZ,True,True
NER,TZA,True,True
NER,TGO,False,False
NER,TUN,True,True
NER,UGA,True,True
NER,ZMB,True,True
NER,ZWE,True,True
NER,AFG,True,True
NER,ARM,True,True
NER,AZE,True,True
NER,BGD,True,True
NER,MMR,True,True
NER,KHM,True,True
NER,CHN,True,True
NER,GEO,True,True
NER,IND,True,True
NER,IDN,True,True
NER,IRN,True,True
NER,IRQ,True,True
NER,ISR,True,True
NER,JPN,True,True
NER,JOR,True,True
NER,KAZ,True,True
NER,LAO,True,True
NER,LBN,True,True
NER,MYS,True,True
NER,MNG,True,True
NER,NPL,True,True
NER,OMN,True,True
NER,PAK,True,True
NER,PHL,True,True
NER,QAT,True,True
NER,SAU,True,True
NER,KOR,True,True
NER,LKA,True,True
NER,SYR,True,True
NER,TWN,True,True
NER,TJK,True,True
NER,THA,True,True
NER,TUR,True,True
NER,TKM,True,True
NER,ARE,True,True
NER,UZB,True,True
NER,VNM,True,True
NER,YEM,True,True
NER,ALB,True,True
NER,AUT,True,True
NER,BLR,True,True
NER,BEL,True,True
NER,BIH,True,True
NER,BGR,True,True
NER,HRV,True,True
NER,CYP,True,True
NER,CZE,True,True
NER,DNK,True,True
NER,EST,True,True
NER,FIN,True,True
NER,FRA,True,True
NER,DEU,True,True
NER,GRC,True,True
NER,HUN,True,True
NER,ISL,True,True
NER,IRL,True,True
NER,ITA,True,True
NER,LVA,True,True
NER,LTU,True,True
NER,MKD,True,True
NER,MDA,True,True
NER,MNE,True,True
NER,NLD,True,True
NER,NOR,True,True
NER,POL,True,True
NER,PRT,True,True
NER,ROU,True,True
NER,RUS,True,True
NER,SRB,True,True
NER,SVK,True,True
NER,SVN,True,True
NER,ESP,True,True
NER,SWE,True,True
NER,CHE,True,True
NER,UKR,True,True
NER,GBR,True,True
NER,BHS,True,True
NER,CAN,True,True
NER,CRI,True,True
NER,CUB,True,True
NER,DOM,True,True
NER,SLV,True,True
NER,GTM,True,True
NER,HTI,True,True
NER,HND,True,True
NER,JAM,True,True
NER,MEX,True,True
NER,NIC,True,True
NER,PAN,True,True
NER,USA,True,True
NER,AUS,True,True
NER,NZL,True,True
NER,PNG,True,True
NER,ARG,True,True
NER,BOL,True,True
NER,BRA,True,True
NER,CHL,True,True
NER,COL,True,True
NER,ECU,True,True
NER,PRY,True,True
NER,PER,True,True
NER,SUR,True,True
NER,URY,True,True
NER,VEN,True,True
NGA,DZA,True,True
NGA,AGO,True,True
NGA,BEN,False,False
NGA,BWA,True,True
NGA,BFA,False,False
NGA,BDI,True,True
NGA,CMR,False,False
NGA,CAF,False,False
NGA,TCD,False,False
NGA,COG,True,True
NGA,COD,True,True
NGA,CIV,True,True
NGA,DJI,True,True
NGA,EGY,True,True
NGA,GNQ,False,False
NGA,ERI,True,True
NGA,ETH,True,True
NGA,GAB,False,False
NGA,GHA,False,False
NGA,GIN,True,True
NGA,GNB,True,True
NGA,KEN,True,True
NGA,LSO,True,True
NGA,LBR,True,True
NGA,LBY,True,True
NGA,MDG,True,True
NGA,MWI,True,True
NGA,MLI,False,False
NGA,MRT,True,True
NGA,MAR,True,True
NGA,MOZ,True,True
NGA,NAM,True,True
NGA,NER,False,False
NGA,NGA,False,False
NGA,RWA,True,True
NGA,SEN,True,True
NGA,SLE,True,True
NGA,SOM,True,True
NGA,ZAF,True,True
NGA,SDN,True,True
NGA,SWZ,True,True
NGA,TZA,True,True
NGA,TGO,False,False
NGA,TUN,True,True
NGA,UGA,True,True
NGA,ZMB,True,True
NGA,ZWE,True,True
NGA,AFG,True,True
NGA,ARM,True,True
NGA,AZE,True,True
NGA,BGD,True,True
NGA,MMR,True,True
NGA,KHM,True,True
NGA,CHN,True,True
NGA,GEO,True,True
NGA,IND,True,True
NGA,IDN,True,True
NGA,IRN,True,True
NGA,IRQ,True,True
NGA,ISR,True,True
NGA,JPN,True,True
NGA,JOR,True,True
NGA,KAZ,True,True
NGA,LAO,True,True
NGA,LBN,True,True
NGA,MYS,True,True
NGA,MNG,True,True
NGA,NPL,True,True
NGA,OMN,True,True
NGA,PAK,True,True
NGA,PHL,True,True
NGA,QAT,True,True
NGA,SAU,True,True
NGA,KOR,True,True
NGA,LKA,True,True
NGA,SYR,True,True
NGA,TWN,True,True
NGA,TJK,True,True
NGA,THA,True,True
NGA,TUR,True,True
NGA,TKM,True,True
NGA,ARE,True,True
NGA,UZB,True,True
NGA,VNM,True,True
NGA,YEM,True,True
NGA,ALB,True,True
NGA,AUT,True,True
NGA,BLR,True,True
NGA,BEL,True,True
NGA,BIH,True,True
NGA,BGR,True,True
NGA,HRV,True,True
NGA,CYP,True,True
NGA,CZE,True,True
NGA,DNK,True,True
NGA,EST,True,True
NGA,FIN,True,True
NGA,FRA,True,True
NGA,DEU,True,True
NGA,GRC,True,True
NGA,HUN,True,True
NGA,ISL,True,True
NGA,IRL,True,True
NGA,ITA,True,True
NGA,LVA,True,True
NGA,LTU,True,True
NGA,MKD,True,True
NGA,MDA,True,True
NGA,MNE,True,True
NGA,NLD,True,True
NGA,NOR,True,True
NGA,POL,True,True
NGA,PRT,True,True
NGA,ROU,True,True
NGA,RUS,True,True
NGA,SRB,True,True
NGA,SVK,True,True
NGA,SVN,True,True
NGA,ESP,True,True
NGA,SWE,True,True
NGA,CHE,True,True
NGA,UKR,True,True
NGA,GBR,True,True
NGA,BHS,True,True
NGA,CAN,True,True
NGA,CRI,True,True
NGA,CUB,True,True
NGA,DOM,True,True
NGA,SLV,True,True
NGA,GTM,True,True
NGA,HTI,True,True
NGA,HND,True,True
NGA,JAM,True,True
NGA,MEX,True,True
NGA,NIC,True,True
NGA,PAN,True,True
NGA,USA,True,True
NGA,AUS,True,True
NGA,NZL,True,True
NGA,PNG,True,True
NGA,ARG,True,True
NGA,BOL,True,True
NGA,BRA,True,True
NGA,CHL,True,True
NGA,COL,True,True
NGA,ECU,True,True
NGA,PRY,True,True
NGA,PER,True,True
NGA,SUR,True,True
NGA,URY,True,True
NGA,VEN,True,True
RWA,DZA,True,True
RWA,AGO,True,True
RWA,BEN,True,True
RWA,BWA,True,True
RWA,BFA,True,True
RWA,BDI,False,False
RWA,CMR,True,True
RWA,CAF,True,True
RWA,TCD,True,True
RWA,COG,True,True
RWA,COD,False,False
RWA,CIV,True,True
RWA,DJI,True,True
RWA,EGY,True,True
RWA,GNQ,True,True
RWA,ERI,True,True
RWA,ETH,True,True
RWA,GAB,True,True
RWA,GHA,True,True
RWA,GIN,True,True
RWA,GNB,True,True
RWA,KEN,False,False
RWA,LSO,True,True
RWA,LBR,True,True
RWA,LBY,True,True
RWA,MDG,True,True
RWA,MWI,True,True
RWA,MLI,True,True
RWA,MRT,True,True
RWA,MAR,True,True
RWA,MOZ,True,True
RWA,NAM,True,True
RWA,NER,True,True
RWA,NGA,True,True
RWA,RWA,False,False
RWA,SEN,True,True
RWA,SLE,True,True
RWA,SOM,True,True
RWA,ZAF,True,True
RWA,SDN,True,True
RWA,SWZ,True,True
RWA,TZA,False,False
RWA,TGO,True,True
RWA,TUN,True,True
RWA,UGA,False,False
RWA,ZMB,True,True
RWA,ZWE,True,True
RWA,AFG,True,True
RWA,ARM,True,True
RWA,AZE,True,True
RWA,BGD,True,True
RWA,MMR,True,True
RWA,KHM,True,True
RWA,CHN,True,True
RWA,GEO,True,True
RWA,IND,True,True
RWA,IDN,True,True
RWA,IRN,True,True
RWA,IRQ,True,True
RWA,ISR,True,True
RWA,JPN,True,True
RWA,JOR,True,True
RWA,KAZ,True,True
RWA,LAO,True,True
RWA,LBN,True,True
RWA,MYS,True,True
RWA,MNG,True,True
RWA,NPL,True,True
RWA,OMN,True,True
RWA,PAK,True,True
RWA,PHL,True,True
RWA,QAT,True,True
RWA,SAU,True,True
RWA,KOR,True,True
RWA,LKA,True,True
RWA,SYR,True,True
RWA,TWN,True,True
RWA,TJK,True,True
RWA,THA,True,True
RWA,TUR,True,True
RWA,TKM,True,True
RWA,ARE,True,True
RWA,UZB,True,True
RWA,VNM,True,True
RWA,YEM,True,True
RWA,ALB,True,True
RWA,AUT,True,True
RWA,BLR,True,True
RWA,BEL,True,True
RWA,BIH,True,True
RWA,BGR,True,True
RWA,HRV,True,True
RWA,CYP,True,True
RWA,CZE,True,True
RWA,DNK,True,True
RWA,EST,True,True
RWA,FIN,True,True
RWA,FRA,True,True
RWA,DEU,True,True
RWA,GRC,True,True
RWA,HUN,True,True
RWA,ISL,True,True
RWA,IRL,True,True
RWA,ITA,True,True
RWA,LVA,True,True
RWA,LTU,True,True
RWA,MKD,True,True
RWA,MDA,True,True
RWA,MNE,True,True
RWA,NLD,True,True
RWA,NOR,True,True
RWA,POL,True,True
RWA,PRT,True,True
RWA,ROU,True,True
RWA,RUS,True,True
RWA,SRB,True,True
RWA,SVK,True,True
RWA,SVN,True,True
RWA,ESP,True,True
RWA,SWE,True,True
RWA,CHE,True,True
RWA,UKR,True,True
RWA,GBR,True,True
RWA,BHS,True,True
RWA,CAN,True,True
RWA,CRI,True,True
RWA,CUB,True,True
RWA,DOM,True,True
RWA,SLV,True,True
RWA,GTM,True,True
RWA,HTI,True,True
RWA,HND,True,True
RWA,JAM,True,True
RWA,MEX,True,True
RWA,NIC,True,True
RWA,PAN,True,True
RWA,USA,True,True
RWA,AUS,True,True
RWA,NZL,True,True
RWA,PNG,True,True
RWA,ARG,True,True
RWA,BOL,True,True
RWA,BRA,True,True
RWA,CHL,True,True
RWA,COL,True,True
RWA,ECU,True,True
RWA,PRY,True,True
RWA,PER,True,True
RWA,SUR,True,True
RWA,URY,True,True
RWA,VEN,True,True
SEN,DZA,True,True
SEN,AGO,True,True
SEN,BEN,True,True
SEN,BWA,True,True
SEN,BFA,True,True
SEN,BDI,True,True
SEN,CMR,True,True
SEN,CAF,True,True
SEN,TCD,True,True
SEN,COG,True,True
SEN,COD,True,True
SEN,CIV,True,False
SEN,DJI,True,True
SEN,EGY,True,True
SEN,GNQ,True,True
SEN,ERI,True,True
SEN,ETH,True,True
SEN,GAB,True,True
SEN,GHA,True,True
SEN,GIN,False,False
SEN,GNB,False,False
SEN,KEN,True,True
SEN,LSO,True,True
SEN,LBR,True,False
SEN,LBY,True,True
SEN,MDG,True,True
SEN,MWI,True,True
SEN,MLI,False,False
SEN,MRT,False,False
SEN,MAR,True,True
SEN,MOZ,True,True
SEN,NAM,True,True
SEN,NER,True,True
SEN,NGA,True,True
SEN,RWA,True,True
SEN,SEN,False,False
SEN,SLE,False,False
SEN,SOM,True,True
SEN,ZAF,True,True
SEN,SDN,True,True
SEN,SWZ,True,True
SEN,TZA,True,True
SEN,TGO,True,True
SEN,TUN,True,True
SEN,UGA,True,True
SEN,ZMB,True,True
SEN,ZWE,True,True
SEN,AFG,True,True
SEN,ARM,True,True
SEN,AZE,True,True
SEN,BGD,True,True
SEN,MMR,True,True
SEN,KHM,True,True
SEN,CHN,True,True
SEN,GEO,True,True
SEN,IND,True,True
SEN,IDN,True,True
SEN,IRN,True,True
SEN,IRQ,True,True
SEN,ISR,True,True
SEN,JPN,True,True
SEN,JOR,True,True
SEN,KAZ,True,True
SEN,LAO,True,True
SEN,LBN,True,True
SEN,MYS,True,True
SEN,MNG,True,True
SEN,NPL,True,True
SEN,OMN,True,True
SEN,PAK,True,True
SEN,PHL,True,True
SEN,QAT,True,True
SEN,SAU,True,True
SEN,KOR,True,True
SEN,LKA,True,True
SEN,SYR,True,True
SEN,TWN,True,True
SEN,TJK,True,True
SEN,THA,True,True
SEN,TUR,True,True
SEN,TKM,True,True
SEN,ARE,True,True
SEN,UZB,True,True
SEN,VNM,True,True
SEN,YEM,True,True
SEN,ALB,True,True
SEN,AUT,True,True
SEN,BLR,True,True
SEN,BEL,True,True
SEN,BIH,True,True
SEN,BGR,True,True
SEN,HRV,True,True
SEN,CYP,True,True
SEN,CZE,True,True
SEN,DNK,True,True
SEN,EST,True,True
SEN,FIN,True,True
SEN,FRA,True,True
SEN,DEU,True,True
SEN,GRC,True,True
SEN,HUN,True,True
SEN,ISL,True,True
SEN,IRL,True,True
SEN,ITA,True,True
SEN,LVA,True,True
SEN,LTU,True,True
SEN,MKD,True,True
SEN,MDA,True,True
SEN,MNE,True,True
SEN,NLD,True,True
SEN,NOR,True,True
SEN,POL,True,True
SEN,PRT,True,True
SEN,ROU,True,True
SEN,RUS,True,True
SEN,SRB,True,True
SEN,SVK,True,True
SEN,SVN,True,True
SEN,ESP,True,True
SEN,SWE,True,True
SEN,CHE,True,True
SEN,UKR,True,True
SEN,GBR,True,True
SEN,BHS,True,True
SEN,CAN,True,True
SEN,CRI,True,True
SEN,CUB,True,True
SEN,DOM,True,True
SEN,SLV,True,True
SEN,GTM,True,True
SEN,HTI,True,True
SEN,HND,True,True
SEN,JAM,True,True
SEN,MEX,True,True
SEN,NIC,True,True
SEN,PAN,True,True
SEN,USA,True,True
SEN,AUS,True,True
SEN,NZL,True,True
SEN,PNG,True,True
SEN,ARG,True,True
SEN,BOL,True,True
SEN,BRA,True,True
SEN,CHL,True,True
SEN,COL,True,True
SEN,ECU,True,True
SEN,PRY,True,True
SEN,PER,True,True
SEN,SUR,True,True
SEN,URY,True,True
SEN,VEN,True,True
SLE,DZA,True,True
SLE,AGO,True,True
SLE,BEN,True,True
SLE,BWA,True,True
SLE,BFA,True,True
SLE,BDI,True,True
SLE,CMR,True,True
SLE,CAF,True,True
SLE,TCD,True,True
SLE,COG,True,True
SLE,COD,True,True
SLE,CIV,False,False
SLE,DJI,True,True
SLE,EGY,True,True
SLE,GNQ,True,True
SLE,ERI,True,True
SLE,ETH,True,True
SLE,GAB,True,True
SLE,GHA,True,True
SLE,GIN,False,False
SLE,GNB,False,False
SLE,KEN,True,True
SLE,LSO,True,True
SLE,LBR,False,False
SLE,LBY,True,True
SLE,MDG,True,True
SLE,MWI,True,True
SLE,MLI,False,False
SLE,MRT,True,True
SLE,MAR,True,True
SLE,MOZ,True,True
SLE,NAM,True,True
SLE,NER,True,True
SLE,NGA,True,True
SLE,RWA,True,True
SLE,SEN,False,False
SLE,SLE,False,False
SLE,SOM,True,True
SLE,ZAF,True,True
SLE,SDN,True,True
SLE,SWZ,True,True
SLE,TZA,True,True
SLE,TGO,True,True
SLE,TUN,True,True
SLE,UGA,True,True
SLE,ZMB,True,True
SLE,ZWE,True,True
SLE,AFG,True,True
SLE,ARM,True,True
SLE,AZE,True,True
SLE,BGD,True,True
SLE,MMR,True,True
SLE,KHM,True,True
SLE,CHN,True,True
SLE,GEO,True,True
SLE,IND,True,True
SLE,IDN,True,True
SLE,IRN,True,True
SLE,IRQ,True,True
SLE,ISR,True,True
SLE,JPN,True,True
SLE,JOR,True,True
SLE,KAZ,True,True
SLE,LAO,True,True
SLE,LBN,True,True
SLE,MYS,True,True
SLE,MNG,True,True
SLE,NPL,True,True
SLE,OMN,True,True
SLE,PAK,True,True
SLE,PHL,True,True
SLE,QAT,True,True
SLE,SAU,True,True
SLE,KOR,True,True
SLE,LKA,True,True
SLE,SYR,True,True
SLE,TWN,True,True
SLE,TJK,True,True
SLE,THA,True,True
SLE,TUR,True,True
SLE,TKM,True,True
SLE,ARE,True,True
SLE,UZB,True,True
SLE,VNM,True,True
SLE,YEM,True,True
SLE,ALB,True,True
SLE,AUT,True,True
SLE,BLR,True,True
SLE,BEL,True,True
SLE,BIH,True,True
SLE,BGR,True,True
SLE,HRV,True,True
SLE,CYP,True,True
SLE,CZE,True,True
SLE,DNK,True,True
SLE,EST,True,True
SLE,FIN,True,True
SLE,FRA,True,True
SLE,DEU,True,True
SLE,GRC,True,True
SLE,HUN,True,True
SLE,ISL,True,True
SLE,IRL,True,True
SLE,ITA,True,True
SLE,LVA,True,True
SLE,LTU,True,True
SLE,MKD,True,True
SLE,MDA,True,True
SLE,MNE,True,True
SLE,NLD,True,True
SLE,NOR,True,True
SLE,POL,True,True
SLE,PRT,True,True
SLE,ROU,True,True
SLE,RUS,True,True
SLE,SRB,True,True
SLE,SVK,True,True
SLE,SVN,True,True
SLE,ESP,True,True
SLE,SWE,True,True
SLE,CHE,True,True
SLE,UKR,True,True
SLE,GBR,True,True
SLE,BHS,True,True
SLE,CAN,True,True
SLE,CRI,True,True
SLE,CUB,True,True
SLE,DOM,True,True
SLE,SLV,True,True
SLE,GTM,True,True
SLE,HTI,True,True
SLE,HND,True,True
SLE,JAM,True,True
SLE,MEX,True,True
SLE,NIC,True,True
SLE,PAN,True,True
SLE,USA,True,True
SLE,AUS,True,True
SLE,NZL,True,True
SLE,PNG,True,True
SLE,ARG,True,True
SLE,BOL,True,True
SLE,BRA,True,True
SLE,CHL,True,True
SLE,COL,True,True
SLE,ECU,True,True
SLE,PRY,True,True
SLE,PER,True,True
SLE,SUR,True,True
SLE,URY,True,True
SLE,VEN,True,True
SOM,DZA,True,True
SOM,AGO,True,True
SOM,BEN,True,True
SOM,BWA,True,True
SOM,BFA,True,True
SOM,BDI,True,True
SOM,CMR,True,True
SOM,CAF,True,True
SOM,TCD,True,True
SOM,COG,True,True
SOM,COD,True,True
SOM,CIV,True,True
SOM,DJI,False,False
SOM,EGY,True,True
SOM,GNQ,True,True
SOM,ERI,False,False
SOM,ETH,False,False
SOM,GAB,True,True
SOM,GHA,True,True
SOM,GIN,True,True
SOM,GNB,True,True
SOM,KEN,False,False
SOM,LSO,True,True
SOM,LBR,True,True
SOM,LBY,True,True
SOM,MDG,True,True
SOM,MWI,True,True
SOM,MLI,True,True
SOM,MRT,True,True
SOM,MAR,True,True
SOM,MOZ,True,True
SOM,NAM,True,True
SOM,NER,True,True
SOM,NGA,True,True
SOM,RWA,True,True
SOM,SEN,True,True
SOM,SLE,True,True
SOM,SOM,False,False
SOM,ZAF,True,True
SOM,SDN,True,True
SOM,SWZ,True,True
SOM,TZA,False,False
SOM,TGO,True,True
SOM,TUN,True,True
SOM,UGA,True,True
SOM,ZMB,True,True
SOM,ZWE,True,True
SOM,AFG,True,True
SOM,ARM,True,True
SOM,AZE,True,True
SOM,BGD,True,True
SOM,MMR,True,True
SOM,KHM,True,True
SOM,CHN,True,True
SOM,GEO,True,True
SOM,IND,True,True
SOM,IDN,True,True
SOM,IRN,True,True
SOM,IRQ,True,True
SOM,ISR,True,True
SOM,JPN,True,True
SOM,JOR,True,True
SOM,KAZ,True,True
SOM,LAO,True,True
SOM,LBN,True,True
SOM,MYS,True,True
SOM,MNG,True,True
SOM,NPL,True,True
SOM,OMN,True,True
SOM,PAK,True,True
SOM,PHL,True,True
SOM,QAT,True,True
SOM,SAU,True,False
SOM,KOR,True,True
SOM,LKA,True,True
SOM,SYR,True,True
SOM,TWN,True,True
SOM,TJK,True,True
SOM,THA,True,True
SOM,TUR,True,True
SOM,TKM,True,True
SOM,ARE,True,True
SOM,UZB,True,True
SOM,VNM,True,True
SOM,YEM,False,False
SOM,ALB,True,True
SOM,AUT,True,True
SOM,BLR,True,True
SOM,BEL,True,True
SOM,BIH,True,True
SOM,BGR,True,True
SOM,HRV,True,True
SOM,CYP,True,True
SOM,CZE,True,True
SOM,DNK,True,True
SOM,EST,True,True
SOM,FIN,True,True
SOM,FRA,True,True
SOM,DEU,True,True
SOM,GRC,True,True
SOM,HUN,True,True
SOM,ISL,True,True
SOM,IRL,True,True
SOM,ITA,True,True
SOM,LVA,True,True
SOM,LTU,True,True
SOM,MKD,True,True
SOM,MDA,True,True
SOM,MNE,True,True
SOM,NLD,True,True
SOM,NOR,True,True
SOM,POL,True,True
SOM,PRT,True,True
SOM,ROU,True,True
SOM,RUS,True,True
SOM,SRB,True,True
SOM,SVK,True,True
SOM,SVN,True,True
SOM,ESP,True,True
SOM,SWE,True,True
SOM,CHE,True,True
SOM,UKR,True,True
SOM,GBR,True,True
SOM,BHS,True,True
SOM,CAN,True,True
SOM,CRI,True,True
SOM,CUB,True,True
SOM,DOM,True,True
SOM,SLV,True,True
SOM,GTM,True,True
SOM,HTI,True,True
SOM,HND,True,True
SOM,JAM,True,True
SOM,MEX,True,True
SOM,NIC,True,True
SOM,PAN,True,True
SOM,USA,True,True
SOM,AUS,True,True
SOM,NZL,True,True
SOM,PNG,True,True
SOM,ARG,True,True
SOM,BOL,True,True
SOM,BRA,True,True
SOM,CHL,True,True
SOM,COL,True,True
SOM,ECU,True,True
SOM,PRY,True,True
SOM,PER,True,True
SOM,SUR,True,True
SOM,URY,True,True
SOM,VEN,True,True
ZAF,DZA,True,True
ZAF,AGO,True,True
ZAF,BEN,True,True
ZAF,BWA,False,False
ZAF,BFA,True,True
ZAF,BDI,True,True
ZAF,CMR,True,True
ZAF,CAF,True,True
ZAF,TCD,True,True
ZAF,COG,True,True
ZAF,COD,True,True
ZAF,CIV,True,True
ZAF,DJI,True,True
ZAF,EGY,True,True
ZAF,GNQ,True,True
ZAF,ERI,True,True
ZAF,ETH,True,True
ZAF,GAB,True,True
ZAF,GHA,True,True
ZAF,GIN,True,True
ZAF,GNB,True,True
ZAF,KEN,True,True
ZAF,LSO,False,False
ZAF,LBR,True,True
ZAF,LBY,True,True
ZAF,MDG,True,True
ZAF,MWI,True,True
ZAF,MLI,True,True
ZAF,MRT,True,True
ZAF,MAR,True,True
ZAF,MOZ,False,False
ZAF,NAM,False,False
ZAF,NER,True,True
ZAF,NGA,True,True
ZAF,RWA,True,True
ZAF,SEN,True,True
ZAF,SLE,True,True
ZAF,SOM,True,True
ZAF,ZAF,False,False
ZAF,SDN,True,True
ZAF,SWZ,False,False
ZAF,TZA,True,True
ZAF,TGO,True,True
ZAF,TUN,True,True
ZAF,UGA,True,True
ZAF,ZMB,True,True
ZAF,ZWE,False,False
ZAF,AFG,True,True
ZAF,ARM,True,True
ZAF,AZE,True,True
ZAF,BGD,True,True
ZAF,MMR,True,True
ZAF,KHM,True,True
ZAF,CHN,True,True
ZAF,GEO,True,True
ZAF,IND,True,True
ZAF,IDN,True,True
ZAF,IRN,True,True
ZAF,IRQ,True,True
ZAF,ISR,True,True
ZAF,JPN,True,True
ZAF,JOR,True,True
ZAF,KAZ,True,True
ZAF,LAO,True,True
ZAF,LBN,True,True
ZAF,MYS,True,True
ZAF,MNG,True,True
ZAF,NPL,True,True
ZAF,OMN,True,True
ZAF,PAK,True,True
ZAF,PHL,True,True
ZAF,QAT,True,True
ZAF,SAU,True,True
ZAF,KOR,True,True
ZAF,LKA,True,True
ZAF,SYR,True,True
ZAF,TWN,True,True
ZAF,TJK,True,True
ZAF,THA,True,True
ZAF,TUR,True,True
ZAF,TKM,True,True
ZAF,ARE,True,True
ZAF,UZB,True,True
ZAF,VNM,True,True
ZAF,YEM,True,True
ZAF,ALB,True,True
ZAF,AUT,True,True
ZAF,BLR,True,True
ZAF,BEL,True,True
ZAF,BIH,True,True
ZAF,BGR,True,True
ZAF,HRV,True,True
ZAF,CYP,True,True
ZAF,CZE,True,True
ZAF,DNK,True,True
ZAF,EST,True,True
ZAF,FIN,True,True
ZAF,FRA,True,True
ZAF,DEU,True,True
ZAF,GRC,True,True
ZAF,HUN,True,True
ZAF,ISL,True,True
ZAF,IRL,True,True
ZAF,ITA,True,True
ZAF,LVA,True,True
ZAF,LTU,True,True
ZAF,MKD,True,True
ZAF,MDA,True,True
ZAF,MNE,True,True
ZAF,NLD,True,True
ZAF,NOR,True,True
ZAF,POL,True,True
ZAF,PRT,True,True
ZAF,ROU,True,True
ZAF,RUS,True,True
ZAF,SRB,True,True
ZAF,SVK,True,True
ZAF,SVN,True,True
ZAF,ESP,True,True
ZAF,SWE,True,True
ZAF,CHE,True,True
ZAF,UKR,True,True
ZAF,GBR,True,True
ZAF,BHS,True,True
ZAF,CAN,True,True
ZAF,CRI,True,True
ZAF,CUB,True,True
ZAF,DOM,True,True
ZAF,SLV,True,True
ZAF,GTM,True,True
ZAF,HTI,True,True
ZAF,HND,True,True
ZAF,JAM,True,True
ZAF,MEX,True,True
ZAF,NIC,True,True
ZAF,PAN,True,True
ZAF,USA,True,True
ZAF,AUS,True,True
ZAF,NZL,True,True
ZAF,PNG,True,True
ZAF,ARG,True,True
ZAF,BOL,True,True
ZAF,BRA,True,True
ZAF,CHL,True,True
ZAF,COL,True,True
ZAF,ECU,True,True
ZAF,PRY,True,True
ZAF,PER,True,True
ZAF,SUR,True,True
ZAF,URY,True,True
ZAF,VEN,True,True
SDN,DZA,True,True
SDN,AGO,True,True
SDN,BEN,True,True
SDN,BWA,True,True
SDN,BFA,True,True
SDN,BDI,True,True
SDN,CMR,True,True
SDN,CAF,False,False
SDN,TCD,False,False
SDN,COG,True,True
SDN,COD,True,False
SDN,CIV,True,True
SDN,DJI,True,True
SDN,EGY,False,False
SDN,GNQ,True,True
SDN,ERI,False,False
SDN,ETH,False,False
SDN,GAB,True,True
SDN,GHA,True,True
SDN,GIN,True,True
SDN,GNB,True,True
SDN,KEN,True,False
SDN,LSO,True,True
SDN,LBR,True,True
SDN,LBY,False,False
SDN,MDG,True,True
SDN,MWI,True,True
SDN,MLI,True,True
SDN,MRT,True,True
SDN,MAR,True,True
SDN,MOZ,True,True
SDN,NAM,True,True
SDN,NER,True,True
SDN,NGA,True,True
SDN,RWA,True,True
SDN,SEN,True,True
SDN,SLE,True,True
SDN,SOM,True,True
SDN,ZAF,True,True
SDN,SDN,False,False
SDN,SWZ,True,True
SDN,TZA,True,True
SDN,TGO,True,True
SDN,TUN,True,True
SDN,UGA,True,True
SDN,ZMB,True,True
SDN,ZWE,True,True
SDN,AFG,True,True
SDN,ARM,True,True
SDN,AZE,True,True
SDN,BGD,True,True
SDN,MMR,True,True
SDN,KHM,True,True
SDN,CHN,True,True
SDN,GEO,True,True
SDN,IND,True,True
SDN,IDN,True,True
SDN,IRN,True,True
SDN,IRQ,True,True
SDN,ISR,True,True
SDN,JPN,True,True
SDN,JOR,True,True
SDN,KAZ,True,True
SDN,LAO,True,True
SDN,LBN,True,True
SDN,MYS,True,True
SDN,MNG,True,True
SDN,NPL,True,True
SDN,OMN,True,True
SDN,PAK,True,True
SDN,PHL,True,True
SDN,QAT,True,True
SDN,SAU,False,False
SDN,KOR,True,True
SDN,LKA,True,True
SDN,SYR,True,True
SDN,TWN,True,True
SDN,TJK,True,True
SDN,THA,True,True
SDN,TUR,True,True
SDN,TKM,True,True
SDN,ARE,True,True
SDN,UZB,True,True
SDN,VNM,True,True
SDN,YEM,True,False
SDN,ALB,True,True
SDN,AUT,True,True
SDN,BLR,True,True
SDN,BEL,True,True
SDN,BIH,True,True
SDN,BGR,True,True
SDN,HRV,True,True
SDN,CYP,True,True
SDN,CZE,True,True
SDN,DNK,True,True
SDN,EST,True,True
SDN,FIN,True,True
SDN,FRA,True,True
SDN,DEU,True,True
SDN,GRC,True,True
SDN,HUN,True,True
SDN,ISL,True,True
SDN,IRL,True,True
SDN,ITA,True,True
SDN,LVA,True,True
SDN,LTU,True,True
SDN,MKD,True,True
SDN,MDA,True,True
SDN,MNE,True,True
SDN,NLD,True,True
SDN,NOR,True,True
SDN,POL,True,True
SDN,PRT,True,True
SDN,ROU,True,True
SDN,RUS,True,True
SDN,SRB,True,True
SDN,SVK,True,True
SDN,SVN,True,True
SDN,ESP,True,True
SDN,SWE,True,True
SDN,CHE,True,True
SDN,UKR,True,True
SDN,GBR,True,True
SDN,BHS,True,True
SDN,CAN,True,True
SDN,CRI,True,True
SDN,CUB,True,True
SDN,DOM,True,True
SDN,SLV,True,True
SDN,GTM,True,True
SDN,HTI,True,True
SDN,HND,True,True
SDN,JAM,True,True
SDN,MEX,True,True
SDN,NIC,True,True
SDN,PAN,True,True
SDN,USA,True,True
SDN,AUS,True,True
SDN,NZL,True,True
SDN,PNG,True,True
SDN,ARG,True,True
SDN,BOL,True,True
SDN,BRA,True,True
SDN,CHL,True,True
SDN,COL,True,True
SDN,ECU,True,True
SDN,PRY,True,True
SDN,PER,True,True
SDN,SUR,True,True
SDN,URY,True,True
SDN,VEN,True,True
SWZ,DZA,True,True
SWZ,AGO,True,True
SWZ,BEN,True,True
SWZ,BWA,True,False
SWZ,BFA,True,True
SWZ,BDI,True,True
SWZ,CMR,True,True
SWZ,CAF,True,True
SWZ,TCD,True,True
SWZ,COG,True,True
SWZ,COD,True,True
SWZ,CIV,True,True
SWZ,DJI,True,True
SWZ,EGY,True,True
SWZ,GNQ,True,True
SWZ,ERI,True,True
SWZ,ETH,True,True
SWZ,GAB,True,True
SWZ,GHA,True,True
SWZ,GIN,True,True
SWZ,GNB,True,True
SWZ,KEN,True,True
SWZ,LSO,False,False
SWZ,LBR,True,True
SWZ,LBY,True,True
SWZ,MDG,True,True
SWZ,MWI,True,True
SWZ,MLI,True,True
SWZ,MRT,True,True
SWZ,MAR,True,True
SWZ,MOZ,False,False
SWZ,NAM,True,True
SWZ,NER,True,True
SWZ,NGA,True,True
SWZ,RWA,True,True
SWZ,SEN,True,True
SWZ,SLE,True,True
SWZ,SOM,True,True
SWZ,ZAF,False,False
SWZ,SDN,True,True
SWZ,SWZ,False,False
SWZ,TZA,True,True
SWZ,TGO,True,True
SWZ,TUN,True,True
SWZ,UGA,True,True
SWZ,ZMB,True,True
SWZ,ZWE,True,False
SWZ,AFG,True,True
SWZ,ARM,True,True
SWZ,AZE,True,True
SWZ,BGD,True,True
SWZ,MMR,True,True
SWZ,KHM,True,True
SWZ,CHN,True,True
SWZ,GEO,True,True
SWZ,IND,True,True
SWZ,IDN,True,True
SWZ,IRN,True,True
SWZ,IRQ,True,True
SWZ,ISR,True,True
SWZ,JPN,True,True
SWZ,JOR,True,True
SWZ,KAZ,True,True
SWZ,LAO,True,True
SWZ,LBN,True,True
SWZ,MYS,True,True
SWZ,MNG,True,True
SWZ,NPL,True,True
SWZ,OMN,True,True
SWZ,PAK,True,True
SWZ,PHL,True,True
SWZ,QAT,True,True
SWZ,SAU,True,True
SWZ,KOR,True,True
SWZ,LKA,True,True
SWZ,SYR,True,True
SWZ,TWN,True,True
SWZ,TJK,True,True
SWZ,THA,True,True
SWZ,TUR,True,True
SWZ,TKM,True,True
SWZ,ARE,True,True
SWZ,UZB,True,True
SWZ,VNM,True,True
SWZ,YEM,True,True
SWZ,ALB,True,True
SWZ,AUT,True,True
SWZ,BLR,True,True
SWZ,BEL,True,True
SWZ,BIH,True,True
SWZ,BGR,True,True
SWZ,HRV,True,True
SWZ,CYP,True,True
SWZ,CZE,True,True
SWZ,DNK,True,True
SWZ,EST,True,True
SWZ,FIN,True,True
SWZ,FRA,True,True
SWZ,DEU,True,True
SWZ,GRC,True,True
SWZ,HUN,True,True
SWZ,ISL,True,True
SWZ,IRL,True,True
SWZ,ITA,True,True
SWZ,LVA,True,True
SWZ,LTU,True,True
SWZ,MKD,True,True
SWZ,MDA,True,True
SWZ,MNE,True,True
SWZ,NLD,True,True
SWZ,NOR,True,True
SWZ,POL,True,True
SWZ,PRT,True,True
SWZ,ROU,True,True
SWZ,RUS,True,True
SWZ,SRB,True,True
SWZ,SVK,True,True
SWZ,SVN,True,True
SWZ,ESP,True,True
SWZ,SWE,True,True
SWZ,CHE,True,True
SWZ,UKR,True,True
SWZ,GBR,True,True
SWZ,BHS,True,True
SWZ,CAN,True,True
SWZ,CRI,True,True
SWZ,CUB,True,True
SWZ,DOM,True,True
SWZ,SLV,True,True
SWZ,GTM,True,True
SWZ,HTI,True,True
SWZ,HND,True,True
SWZ,JAM,True,True
SWZ,MEX,True,True
SWZ,NIC,True,True
SWZ,PAN,True,True
SWZ,USA,True,True
SWZ,AUS,True,True
SWZ,NZL,True,True
SWZ,PNG,True,True
SWZ,ARG,True,True
SWZ,BOL,True,True
SWZ,BRA,True,True
SWZ,CHL,True,True
SWZ,COL,True,True
SWZ,ECU,True,True
SWZ,PRY,True,True
SWZ,PER,True,True
SWZ,SUR,True,True
SWZ,URY,True,True
SWZ,VEN,True,True
TZA,DZA,True,True
TZA,AGO,True,True
TZA,BEN,True,True
TZA,BWA,True,True
TZA,BFA,True,True
TZA,BDI,False,False
TZA,CMR,True,True
TZA,CAF,True,True
TZA,TCD,True,True
TZA,COG,True,True
TZA,COD,False,False
TZA,CIV,True,True
TZA,DJI,True,True
TZA,EGY,True,True
TZA,GNQ,True,True
TZA,ERI,True,True
TZA,ETH,True,True
TZA,GAB,True,True
TZA,GHA,True,True
TZA,GIN,True,True
TZA,GNB,True,True
TZA,KEN,False,False
TZA,LSO,True,True
TZA,LBR,True,True
TZA,LBY,True,True
TZA,MDG,True,True
TZA,MWI,False,False
TZA,MLI,True,True
TZA,MRT,True,True
TZA,MAR,True,True
TZA,MOZ,False,False
TZA,NAM,True,True
TZA,NER,True,True
TZA,NGA,True,True
TZA,RWA,False,False
TZA,SEN,True,True
TZA,SLE,True,True
TZA,SOM,False,False
TZA,ZAF,True,True
TZA,SDN,True,True
TZA,SWZ,True,True
TZA,TZA,False,False
TZA,TGO,True,True
TZA,TUN,True,True
TZA,UGA,False,False
TZA,ZMB,False,False
TZA,ZWE,True,True
TZA,AFG,True,True
TZA,ARM,True,True
TZA,AZE,True,True
TZA,BGD,True,True
TZA,MMR,True,True
TZA,KHM,True,True
TZA,CHN,True,True
TZA,GEO,True,True
TZA,IND,True,True
TZA,IDN,True,True
TZA,IRN,True,True
TZA,IRQ,True,True
TZA,ISR,True,True
TZA,JPN,True,True
TZA,JOR,True,True
TZA,KAZ,True,True
TZA,LAO,True,True
TZA,LBN,True,True
TZA,MYS,True,True
TZA,MNG,True,True
TZA,NPL,True,True
TZA,OMN,True,True
TZA,PAK,True,True
TZA,PHL,True,True
TZA,QAT,True,True
TZA,SAU,True,True
TZA,KOR,True,True
TZA,LKA,True,True
TZA,SYR,True,True
TZA,TWN,True,True
TZA,TJK,True,True
TZA,THA,True,True
TZA,TUR,True,True
TZA,TKM,True,True
TZA,ARE,True,True
TZA,UZB,True,True
TZA,VNM,True,True
TZA,YEM,True,True
TZA,ALB,True,True
TZA,AUT,True,True
TZA,BLR,True,True
TZA,BEL,True,True
TZA,BIH,True,True
TZA,BGR,True,True
TZA,HRV,True,True
TZA,CYP,True,True
TZA,CZE,True,True
TZA,DNK,True,True
TZA,EST,True,True
TZA,FIN,True,True
TZA,FRA,True,True
TZA,DEU,True,True
TZA,GRC,True,True
TZA,HUN,True,True
TZA,ISL,True,True
TZA,IRL,True,True
TZA,ITA,True,True
TZA,LVA,True,True
TZA,LTU,True,True
TZA,MKD,True,True
TZA,MDA,True,True
TZA,MNE,True,True
TZA,NLD,True,True
TZA,NOR,True,True
TZA,POL,True,True
TZA,PRT,True,True
TZA,ROU,True,True
TZA,RUS,True,True
TZA,SRB,True,True
TZA,SVK,True,True
TZA,SVN,True,True
TZA,ESP,True,True
TZA,SWE,True,True
TZA,CHE,True,True
TZA,UKR,True,True
TZA,GBR,True,True
TZA,BHS,True,True
TZA,CAN,True,True
TZA,CRI,True,True
TZA,CUB,True,True
TZA,DOM,True,True
TZA,SLV,True,True
TZA,GTM,True,True
TZA,HTI,True,True
TZA,HND,True,True
TZA,JAM,True,True
TZA,MEX,True,True
TZA,NIC,True,True
TZA,PAN,True,True
TZA,USA,True,True
TZA,AUS,True,True
TZA,NZL,True,True
TZA,PNG,True,True
TZA,ARG,True,True
TZA,BOL,True,True
TZA,BRA,True,True
TZA,CHL,True,True
TZA,COL,True,True
TZA,ECU,True,True
TZA,PRY,True,True
TZA,PER,True,True
TZA,SUR,True,True
TZA,URY,True,True
TZA,VEN,True,True
TGO,DZA,True,True
TGO,AGO,True,True
TGO,BEN,False,False
TGO,BWA,True,True
TGO,BFA,False,False
TGO,BDI,True,True
TGO,CMR,True,True
TGO,CAF,True,True
TGO,TCD,True,True
TGO,COG,True,True
TGO,COD,True,True
TGO,CIV,False,False
TGO,DJI,True,True
TGO,EGY,True,True
TGO,GNQ,True,True
TGO,ERI,True,True
TGO,ETH,True,True
TGO,GAB,True,True
TGO,GHA,False,False
TGO,GIN,True,True
TGO,GNB,True,True
TGO,KEN,True,True
TGO,LSO,True,True
TGO,LBR,True,True
TGO,LBY,True,True
TGO,MDG,True,True
TGO,MWI,True,True
TGO,MLI,True,False
TGO,MRT,True,True
TGO,MAR,True,True
TGO,MOZ,True,True
TGO,NAM,True,True
TGO,NER,False,False
TGO,NGA,False,False
TGO,RWA,True,True
TGO,SEN,True,True
TGO,SLE,True,True
TGO,SOM,True,True
TGO,ZAF,True,True
TGO,SDN,True,True
TGO,SWZ,True,True
TGO,TZA,True,True
TGO,TGO,False,False
TGO,TUN,True,True
TGO,UGA,True,True
TGO,ZMB,True,True
TGO,ZWE,True,True
TGO,AFG,True,True
TGO,ARM,True,True
TGO,AZE,True,True
TGO,BGD,True,True
TGO,MMR,True,True
TGO,KHM,True,True
TGO,CHN,True,True
TGO,GEO,True,True
TGO,IND,True,True
TGO,IDN,True,True
TGO,IRN,True,True
TGO,IRQ,True,True
TGO,ISR,True,True
TGO,JPN,True,True
TGO,JOR,True,True
TGO,KAZ,True,True
TGO,LAO,True,True
TGO,LBN,True,True
TGO,MYS,True,True
TGO,MNG,True,True
TGO,NPL,True,True
TGO,OMN,True,True
TGO,PAK,True,True
TGO,PHL,True,True
TGO,QAT,True,True
TGO,SAU,True,True
TGO,KOR,True,True
TGO,LKA,True,True
TGO,SYR,True,True
TGO,TWN,True,True
TGO,TJK,True,True
TGO,THA,True,True
TGO,TUR,True,True
TGO,TKM,True,True
TGO,ARE,True,True
TGO,UZB,True,True
TGO,VNM,True,True
TGO,YEM,True,True
TGO,ALB,True,True
TGO,AUT,True,True
TGO,BLR,True,True
TGO,BEL,True,True
TGO,BIH,True,True
TGO,BGR,True,True
TGO,HRV,True,True
TGO,CYP,True,True
TGO,CZE,True,True
TGO,DNK,True,True
TGO,EST,True,True
TGO,FIN,True,True
TGO,FRA,True,True
TGO,DEU,True,True
TGO,GRC,True,True
TGO,HUN,True,True
TGO,ISL,True,True
TGO,IRL,True,True
TGO,ITA,True,True
TGO,LVA,True,True
TGO,LTU,True,True
TGO,MKD,True,True
TGO,MDA,True,True
TGO,MNE,True,True
TGO,NLD,True,True
TGO,NOR,True,True
TGO,POL,True,True
TGO,PRT,True,True
TGO,ROU,True,True
TGO,RUS,True,True
TGO,SRB,True,True
TGO,SVK,True,True
TGO,SVN,True,True
TGO,ESP,True,True
TGO,SWE,True,True
TGO,CHE,True,True
TGO,UKR,True,True
TGO,GBR,True,True
TGO,BHS,True,True
TGO,CAN,True,True
TGO,CRI,True,True
TGO,CUB,True,True
TGO,DOM,True,True
TGO,SLV,True,True
TGO,GTM,True,True
TGO,HTI,True,True
TGO,HND,True,True
TGO,JAM,True,True
TGO,MEX,True,True
TGO,NIC,True,True
TGO,PAN,True,True
TGO,USA,True,True
TGO,AUS,True,True
TGO,NZL,True,True
TGO,PNG,True,True
TGO,ARG,True,True
TGO,BOL,True,True
TGO,BRA,True,True
TGO,CHL,True,True
TGO,COL,True,True
TGO,ECU,True,True
TGO,PRY,True,True
TGO,PER,True,True
TGO,SUR,True,True
TGO,URY,True,True
TGO,VEN,True,True
TUN,DZA,False,False
TUN,AGO,True,True
TUN,BEN,True,True
TUN,BWA,True,True
TUN,BFA,True,True
TUN,BDI,True,True
TUN,CMR,True,True
TUN,CAF,True,True
TUN,TCD,True,True
TUN,COG,True,True
TUN,COD,True,True
TUN,CIV,True,True
TUN,DJI,True,True
TUN,EGY,True,True
TUN,GNQ,True,True
TUN,ERI,True,True
TUN,ETH,True,True
TUN,GAB,True,True
TUN,GHA,True,True
TUN,GIN,True,True
TUN,GNB,True,True
TUN,KEN,True,True
TUN,LSO,True,True
TUN,LBR,True,True
TUN,LBY,False,False
TUN,MDG,True,True
TUN,MWI,True,True
TUN,MLI,True,True
TUN,MRT,True,True
TUN,MAR,True,True
TUN,MOZ,True,True
TUN,NAM,True,True
TUN,NER,True,True
TUN,NGA,True,True
TUN,RWA,True,True
TUN,SEN,True,True
TUN,SLE,True,True
TUN,SOM,True,True
TUN,ZAF,True,True
TUN,SDN,True,True
TUN,SWZ,True,True
TUN,TZA,True,True
TUN,TGO,True,True
TUN,TUN,False,False
TUN,UGA,True,True
TUN,ZMB,True,True
TUN,ZWE,True,True
TUN,AFG,True,True
TUN,ARM,True,True
TUN,AZE,True,True
TUN,BGD,True,True
TUN,MMR,True,True
TUN,KHM,True,True
TUN,CHN,True,True
TUN,GEO,True,True
TUN,IND,True,True
TUN,IDN,True,True
TUN,IRN,True,True
TUN,IRQ,True,True
TUN,ISR,True,True
TUN,JPN,True,True
TUN,JOR,True,True
TUN,KAZ,True,True
TUN,LAO,True,True
TUN,LBN,True,True
TUN,MYS,True,True
TUN,MNG,True,True
TUN,NPL,True,True
TUN,OMN,True,True
TUN,PAK,True,True
TUN,PHL,True,True
TUN,QAT,True,True
TUN,SAU,True,True
TUN,KOR,True,True
TUN,LKA,True,True
TUN,SYR,True,True
TUN,TWN,True,True
TUN,TJK,True,True
TUN,THA,True,True
TUN,TUR,True,True
TUN,TKM,True,True
TUN,ARE,True,True
TUN,UZB,True,True
TUN,VNM,True,True
TUN,YEM,True,True
TUN,ALB,True,True
TUN,AUT,True,True
TUN,BLR,True,True
TUN,BEL,True,True
TUN,BIH,True,True
TUN,BGR,True,True
TUN,HRV,True,True
TUN,CYP,True,True
TUN,CZE,True,True
TUN,DNK,True,True
TUN,EST,True,True
TUN,FIN,True,True
TUN,FRA,True,False
TUN,DEU,True,True
TUN,GRC,True,True
TUN,HUN,True,True
TUN,ISL,True,True
TUN,IRL,True,True
TUN,ITA,False,False
TUN,LVA,True,True
TUN,LTU,True,True
TUN,MKD,True,True
TUN,MDA,True,True
TUN,MNE,True,True
TUN,NLD,True,True
TUN,NOR,True,True
TUN,POL,True,True
TUN,PRT,True,True
TUN,ROU,True,True
TUN,RUS,True,True
TUN,SRB,True,True
TUN,SVK,True,True
TUN,SVN,True,True
TUN,ESP,True,False
TUN,SWE,True,True
TUN,CHE,True,True
TUN,UKR,True,True
TUN,GBR,True,True
TUN,BHS,True,True
TUN,CAN,True,True
TUN,CRI,True,True
TUN,CUB,True,True
TUN,DOM,True,True
TUN,SLV,True,True
TUN,GTM,True,True
TUN,HTI,True,True
TUN,HND,True,True
TUN,JAM,True,True
TUN,MEX,True,True
TUN,NIC,True,True
TUN,PAN,True,True
TUN,USA,True,True
TUN,AUS,True,True
TUN,NZL,True,True
TUN,PNG,True,True
TUN,ARG,True,True
TUN,BOL,True,True
TUN,BRA,True,True
TUN,CHL,True,True
TUN,COL,True,True
TUN,ECU,True,True
TUN,PRY,True,True
TUN,PER,True,True
TUN,SUR,True,True
TUN,URY,True,True
TUN,VEN,True,True
UGA,DZA,True,True
UGA,AGO,True,True
UGA,BEN,True,True
UGA,BWA,True,True
UGA,BFA,True,True
UGA,BDI,False,False
UGA,CMR,True,True
UGA,CAF,True,False
UGA,TCD,True,True
UGA,COG,True,True
UGA,COD,False,False
UGA,CIV,True,True
UGA,DJI,True,True
UGA,EGY,True,True
UGA,GNQ,True,True
UGA,ERI,True,True
UGA,ETH,False,False
UGA,GAB,True,True
UGA,GHA,True,True
UGA,GIN,True,True
UGA,GNB,True,True
UGA,KEN,False,False
UGA,LSO,True,True
UGA,LBR,True,True
UGA,LBY,True,True
UGA,MDG,True,True
UGA,MWI,True,True
UGA,MLI,True,True
UGA,MRT,True,True
UGA,MAR,True,True
UGA,MOZ,True,True
UGA,NAM,True,True
UGA,NER,True,True
UGA,NGA,True,True
UGA,RWA,False,False
UGA,SEN,True,True
UGA,SLE,True,True
UGA,SOM,True,True
UGA,ZAF,True,True
UGA,SDN,True,True
UGA,SWZ,True,True
UGA,TZA,False,False
UGA,TGO,True,True
UGA,TUN,True,True
UGA,UGA,False,False
UGA,ZMB,True,True
UGA,ZWE,True,True
UGA,AFG,True,True
UGA,ARM,True,True
UGA,AZE,True,True
UGA,BGD,True,True
UGA,MMR,True,True
UGA,KHM,True,True
UGA,CHN,True,True
UGA,GEO,True,True
UGA,IND,True,True
UGA,IDN,True,True
UGA,IRN,True,True
UGA,IRQ,True,True
UGA,ISR,True,True
UGA,JPN,True,True
UGA,JOR,True,True
UGA,KAZ,True,True
UGA,LAO,True,True
UGA,LBN,True,True
UGA,MYS,True,True
UGA,MNG,True,True
UGA,NPL,True,True
UGA,OMN,True,True
UGA,PAK,True,True
UGA,PHL,True,True
UGA,QAT,True,True
UGA,SAU,True,True
UGA,KOR,True,True
UGA,LKA,True,True
UGA,SYR,True,True
UGA,TWN,True,True
UGA,TJK,True,True
UGA,THA,True,True
UGA,TUR,True,True
UGA,TKM,True,True
UGA,ARE,True,True
UGA,UZB,True,True
UGA,VNM,True,True
UGA,YEM,True,True
UGA,ALB,True,True
UGA,AUT,True,True
UGA,BLR,True,True
UGA,BEL,True,True
UGA,BIH,True,True
UGA,BGR,True,True
UGA,HRV,True,True
UGA,CYP,True,True
UGA,CZE,True,True
UGA,DNK,True,True
UGA,EST,True,True
UGA,FIN,True,True
UGA,FRA,True,True
UGA,DEU,True,True
UGA,GRC,True,True
UGA,HUN,True,True
UGA,ISL,True,True
UGA,IRL,True,True
UGA,ITA,True,True
UGA,LVA,True,True
UGA,LTU,True,True
UGA,MKD,True,True
UGA,MDA,True,True
UGA,MNE,True,True
UGA,NLD,True,True
UGA,NOR,True,True
UGA,POL,True,True
UGA,PRT,True,True
UGA,ROU,True,True
UGA,RUS,True,True
UGA,SRB,True,True
UGA,SVK,True,True
UGA,SVN,True,True
UGA,ESP,True,True
UGA,SWE,True,True
UGA,CHE,True,True
UGA,UKR,True,True
UGA,GBR,True,True
UGA,BHS,True,True
UGA,CAN,True,True
UGA,CRI,True,True
UGA,CUB,True,True
UGA,DOM,True,True
UGA,SLV,True,True
UGA,GTM,True,True
UGA,HTI,True,True
UGA,HND,True,True
UGA,JAM,True,True
UGA,MEX,True,True
UGA,NIC,True,True
UGA,PAN,True,True
UGA,USA,True,True
UGA,AUS,True,True
UGA,NZL,True,True
UGA,PNG,True,True
UGA,ARG,True,True
UGA,BOL,True,True
UGA,BRA,True,True
UGA,CHL,True,True
UGA,COL,True,True
UGA,ECU,True,True
UGA,PRY,True,True
UGA,PER,True,True
UGA,SUR,True,True
UGA,URY,True,True
UGA,VEN,True,True
ZMB,DZA,True,True
ZMB,AGO,False,False
ZMB,BEN,True,True
ZMB,BWA,False,False
ZMB,BFA,True,True
ZMB,BDI,False,False
ZMB,CMR,True,True
ZMB,CAF,True,True
ZMB,TCD,True,True
ZMB,COG,True,True
ZMB,COD,False,False
ZMB,CIV,True,True
ZMB,DJI,True,True
ZMB,EGY,True,True
ZMB,GNQ,True,True
ZMB,ERI,True,True
ZMB,ETH,True,True
ZMB,GAB,True,True
ZMB,GHA,True,True
ZMB,GIN,True,True
ZMB,GNB,True,True
ZMB,KEN,True,True
ZMB,LSO,True,True
ZMB,LBR,True,True
ZMB,LBY,True,True
ZMB,MDG,True,True
ZMB,MWI,False,False
ZMB,MLI,True,True
ZMB,MRT,True,True
ZMB,MAR,True,True
ZMB,MOZ,False,False
ZMB,NAM,False,False
ZMB,NER,True,True
ZMB,NGA,True,True
ZMB,RWA,True,True
ZMB,SEN,True,True
ZMB,SLE,True,True
ZMB,SOM,True,True
ZMB,ZAF,True,True
ZMB,SDN,True,True
ZMB,SWZ,True,True
ZMB,TZA,False,False
ZMB,TGO,True,True
ZMB,TUN,True,True
ZMB,UGA,True,True
ZMB,ZMB,False,False
ZMB,ZWE,False,False
ZMB,AFG,True,True
ZMB,ARM,True,True
ZMB,AZE,True,True
ZMB,BGD,True,True
ZMB,MMR,True,True
ZMB,KHM,True,True
ZMB,CHN,True,True
ZMB,GEO,True,True
ZMB,IND,True,True
ZMB,IDN,True,True
ZMB,IRN,True,True
ZMB,IRQ,True,True
ZMB,ISR,True,True
ZMB,JPN,True,True
ZMB,JOR,True,True
ZMB,KAZ,True,True
ZMB,LAO,True,True
ZMB,LBN,True,True
ZMB,MYS,True,True
ZMB,MNG,True,True
ZMB,NPL,True,True
ZMB,OMN,True,True
ZMB,PAK,True,True
ZMB,PHL,True,True
ZMB,QAT,True,True
ZMB,SAU,True,True
ZMB,KOR,True,True
ZMB,LKA,True,True
ZMB,SYR,True,True
ZMB,TWN,True,True
ZMB,TJK,True,True
ZMB,THA,True,True
ZMB,TUR,True,True
ZMB,TKM,True,True
ZMB,ARE,True,True
ZMB,UZB,True,True
ZMB,VNM,True,True
ZMB,YEM,True,True
ZMB,ALB,True,True
ZMB,AUT,True,True
ZMB,BLR,True,True
ZMB,BEL,True,True
ZMB,BIH,True,True
ZMB,BGR,True,True
ZMB,HRV,True,True
ZMB,CYP,True,True
ZMB,CZE,True,True
ZMB,DNK,True,True
ZMB,EST,True,True
ZMB,FIN,True,True
ZMB,FRA,True,True
ZMB,DEU,True,True
ZMB,GRC,True,True
ZMB,HUN,True,True
ZMB,ISL,True,True
ZMB,IRL,True,True
ZMB,ITA,True,True
ZMB,LVA,True,True
ZMB,LTU,True,True
ZMB,MKD,True,True
ZMB,MDA,True,True
ZMB,MNE,True,True
ZMB,NLD,True,True
ZMB,NOR,True,True
ZMB,POL,True,True
ZMB,PRT,True,True
ZMB,ROU,True,True
ZMB,RUS,True,True
ZMB,SRB,True,True
ZMB,SVK,True,True
ZMB,SVN,True,True
ZMB,ESP,True,True
ZMB,SWE,True,True
ZMB,CHE,True,True
ZMB,UKR,True,True
ZMB,GBR,True,True
ZMB,BHS,True,True
ZMB,CAN,True,True
ZMB,CRI,True,True
ZMB,CUB,True,True
ZMB,DOM,True,True
ZMB,SLV,True,True
ZMB,GTM,True,True
ZMB,HTI,True,True
ZMB,HND,True,True
ZMB,JAM,True,True
ZMB,MEX,True,True
ZMB,NIC,True,True
ZMB,PAN,True,True
ZMB,USA,True,True
ZMB,AUS,True,True
ZMB,NZL,True,True
ZMB,PNG,True,True
ZMB,ARG,True,True
ZMB,BOL,True,True
ZMB,BRA,True,True
ZMB,CHL,True,True
ZMB,COL,True,True
ZMB,ECU,True,True
ZMB,PRY,True,True
ZMB,PER,True,True
ZMB,SUR,True,True
ZMB,URY,True,True
ZMB,VEN,True,True
ZWE,DZA,True,True
ZWE,AGO,False,False
ZWE,BEN,True,True
ZWE,BWA,False,False
ZWE,BFA,True,True
ZWE,BDI,True,True
ZWE,CMR,True,True
ZWE,CAF,True,True
ZWE,TCD,True,True
ZWE,COG,True,True
ZWE,COD,False,False
ZWE,CIV,True,True
ZWE,DJI,True,True
ZWE,EGY,True,True
ZWE,GNQ,True,True
ZWE,ERI,True,True
ZWE,ETH,True,True
ZWE,GAB,True,True
ZWE,GHA,True,True
ZWE,GIN,True,True
ZWE,GNB,True,True
ZWE,KEN,True,True
ZWE,LSO,True,True
ZWE,LBR,True,True
ZWE,LBY,True,True
ZWE,MDG,True,True
ZWE,MWI,False,False
ZWE,MLI,True,True
ZWE,MRT,True,True
ZWE,MAR,True,True
ZWE,MOZ,False,False
ZWE,NAM,False,False
ZWE,NER,True,True
ZWE,NGA,True,True
ZWE,RWA,True,True
ZWE,SEN,True,True
ZWE,SLE,True,True
ZWE,SOM,True,True
ZWE,ZAF,False,False
ZWE,SDN,True,True
ZWE,SWZ,True,False
ZWE,TZA,True,True
ZWE,TGO,True,True
ZWE,TUN,True,True
ZWE,UGA,True,True
ZWE,ZMB,False,False
ZWE,ZWE,False,False
ZWE,AFG,True,True
ZWE,ARM,True,True
ZWE,AZE,True,True
ZWE,BGD,True,True
ZWE,MMR,True,True
ZWE,KHM,True,True
ZWE,CHN,True,True
ZWE,GEO,True,True
ZWE,IND,True,True
ZWE,IDN,True,True
ZWE,IRN,True,True
ZWE,IRQ,True,True
ZWE,ISR,True,True
ZWE,JPN,True,True
ZWE,JOR,True,True
ZWE,KAZ,True,True
ZWE,LAO,True,True
ZWE,LBN,True,True
ZWE,MYS,True,True
ZWE,MNG,True,True
ZWE,NPL,True,True
ZWE,OMN,True,True
ZWE,PAK,True,True
ZWE,PHL,True,True
ZWE,QAT,True,True
ZWE,SAU,True,True
ZWE,KOR,True,True
ZWE,LKA,True,True
ZWE,SYR,True,True
ZWE,TWN,True,True
ZWE,TJK,True,True
ZWE,THA,True,True
ZWE,TUR,True,True
ZWE,TKM,True,True
ZWE,ARE,True,True
ZWE,UZB,True,True
ZWE,VNM,True,True
ZWE,YEM,True,True
ZWE,ALB,True,True
ZWE,AUT,True,True
ZWE,BLR,True,True
ZWE,BEL,True,True
ZWE,BIH,True,True
ZWE,BGR,True,True
ZWE,HRV,True,True
ZWE,CYP,True,True
ZWE,CZE,True,True
ZWE,DNK,True,True
ZWE,EST,True,True
ZWE,FIN,True,True
ZWE,FRA,True,True
ZWE,DEU,True,True
ZWE,GRC,True,True
ZWE,HUN,True,True
ZWE,ISL,True,True
ZWE,IRL,True,True
ZWE,ITA,True,True
ZWE,LVA,True,True
ZWE,LTU,True,True
ZWE,MKD,True,True
ZWE,MDA,True,True
ZWE,MNE,True,True
ZWE,NLD,True,True
ZWE,NOR,True,True
ZWE,POL,True,True
ZWE,PRT,True,True
ZWE,ROU,True,True
ZWE,RUS,True,True
ZWE,SRB,True,True
ZWE,SVK,True,True
ZWE,SVN,True,True
ZWE,ESP,True,True
ZWE,SWE,True,True
ZWE,CHE,True,True
ZWE,UKR,True,True
ZWE,GBR,True,True
ZWE,BHS,True,True
ZWE,CAN,True,True
ZWE,CRI,True,True
ZWE,CUB,True,True
ZWE,DOM,True,True
ZWE,SLV,True,True
ZWE,GTM,True,True
ZWE,HTI,True,True
ZWE,HND,True,True
ZWE,JAM,True,True
ZWE,MEX,True,True
ZWE,NIC,True,True
ZWE,PAN,True,True
ZWE,USA,True,True
ZWE,AUS,True,True
ZWE,NZL,True,True
ZWE,PNG,True,True
ZWE,ARG,True,True
ZWE,BOL,True,True
ZWE,BRA,True,True
ZWE,CHL,True,True
ZWE,COL,True,True
ZWE,ECU,True,True
ZWE,PRY,True,True
ZWE,PER,True,True
ZWE,SUR,True,True
ZWE,URY,True,True
ZWE,VEN,True,True
AFG,DZA,True,True
AFG,AGO,True,True
AFG,BEN,True,True
AFG,BWA,True,True
AFG,BFA,True,True
AFG,BDI,True,True
AFG,CMR,True,True
AFG,CAF,True,True
AFG,TCD,True,True
AFG,COG,True,True
AFG,COD,True,True
AFG,CIV,True,True
AFG,DJI,True,True
AFG,EGY,True,True
AFG,GNQ,True,True
AFG,ERI,True,True
AFG,ETH,True,True
AFG,GAB,True,True
AFG,GHA,True,True
AFG,GIN,True,True
AFG,GNB,True,True
AFG,KEN,True,True
AFG,LSO,True,True
AFG,LBR,True,True
AFG,LBY,True,True
AFG,MDG,True,True
AFG,MWI,True,True
AFG,MLI,True,True
AFG,MRT,True,True
AFG,MAR,True,True
AFG,MOZ,True,True
AFG,NAM,True,True
AFG,NER,True,True
AFG,NGA,True,True
AFG,RWA,True,True
AFG,SEN,True,True
AFG,SLE,True,True
AFG,SOM,True,True
AFG,ZAF,True,True
AFG,SDN,True,True
AFG,SWZ,True,True
AFG,TZA,True,True
AFG,TGO,True,True
AFG,TUN,True,True
AFG,UGA,True,True
AFG,ZMB,True,True
AFG,ZWE,True,True
AFG,AFG,False,False
AFG,ARM,True,True
AFG,AZE,True,True
AFG,BGD,True,True
AFG,MMR,True,True
AFG,KHM,True,True
AFG,CHN,False,False
AFG,GEO,True,True
AFG,IND,False,False
AFG,IDN,True,True
AFG,IRN,False,False
AFG,IRQ,True,True
AFG,ISR,True,True
AFG,JPN,True,True
AFG,JOR,True,True
AFG,KAZ,False,False
AFG,LAO,True,True
AFG,LBN,True,True
AFG,MYS,True,True
AFG,MNG,True,True
AFG,NPL,True,True
AFG,OMN,True,True
AFG,PAK,False,False
AFG,PHL,True,True
AFG,QAT,True,True
AFG,SAU,True,True
AFG,KOR,True,True
AFG,LKA,True,True
AFG,SYR,True,True
AFG,TWN,True,True
AFG,TJK,False,False
AFG,THA,True,True
AFG,TUR,True,True
AFG,TKM,False,False
AFG,ARE,True,True
AFG,UZB,False,False
AFG,VNM,True,True
AFG,YEM,True,True
AFG,ALB,True,True
AFG,AUT,True,True
AFG,BLR,True,True
AFG,BEL,True,True
AFG,BIH,True,True
AFG,BGR,True,True
AFG,HRV,True,True
AFG,CYP,True,True
AFG,CZE,True,True
AFG,DNK,True,True
AFG,EST,True,True
AFG,FIN,True,True
AFG,FRA,True,True
AFG,DEU,True,True
AFG,GRC,True,True
AFG,HUN,True,True
AFG,ISL,True,True
AFG,IRL,True,True
AFG,ITA,True,True
AFG,LVA,True,True
AFG,LTU,True,True
AFG,MKD,True,True
AFG,MDA,True,True
AFG,MNE,True,True
AFG,NLD,True,True
AFG,NOR,True,True
AFG,POL,True,True
AFG,PRT,True,True
AFG,ROU,True,True
AFG,RUS,True,True
AFG,SRB,True,True
AFG,SVK,True,True
AFG,SVN,True,True
AFG,ESP,True,True
AFG,SWE,True,True
AFG,CHE,True,True
AFG,UKR,True,True
AFG,GBR,True,True
AFG,BHS,True,True
AFG,CAN,True,True
AFG,CRI,True,True
AFG,CUB,True,True
AFG,DOM,True,True
AFG,SLV,True,True
AFG,GTM,True,True
AFG,HTI,True,True
AFG,HND,True,True
AFG,JAM,True,True
AFG,MEX,True,True
AFG,NIC,True,True
AFG,PAN,True,True
AFG,USA,True,True
AFG,AUS,True,True
AFG,NZL,True,True
AFG,PNG,True,True
AFG,ARG,True,True
AFG,BOL,True,True
AFG,BRA,True,True
AFG,CHL,True,True
AFG,COL,True,True
AFG,ECU,True,True
AFG,PRY,True,True
AFG,PER,True,True
AFG,SUR,True,True
AFG,URY,True,True
AFG,VEN,True,True
ARM,DZA,True,True
ARM,AGO,True,True
ARM,BEN,True,True
ARM,BWA,True,True
ARM,BFA,True,True
ARM,BDI,True,True
ARM,CMR,True,True
ARM,CAF,True,True
ARM,TCD,True,True
ARM,COG,True,True
ARM,COD,True,True
ARM,CIV,True,True
ARM,DJI,True,True
ARM,EGY,True,True
ARM,GNQ,True,True
ARM,ERI,True,True
ARM,ETH,True,True
ARM,GAB,True,True
ARM,GHA,True,True
ARM,GIN,True,True
ARM,GNB,True,True
ARM,KEN,True,True
ARM,LSO,True,True
ARM,LBR,True,True
ARM,LBY,True,True
ARM,MDG,True,True
ARM,MWI,True,True
ARM,MLI,True,True
ARM,MRT,True,True
ARM,MAR,True,True
ARM,MOZ,True,True
ARM,NAM,True,True
ARM,NER,True,True
ARM,NGA,True,True
ARM,RWA,True,True
ARM,SEN,True,True
ARM,SLE,True,True
ARM,SOM,True,True
ARM,ZAF,True,True
ARM,SDN,True,True
ARM,SWZ,True,True
ARM,TZA,True,True
ARM,TGO,True,True
ARM,TUN,True,True
ARM,UGA,True,True
ARM,ZMB,True,True
ARM,ZWE,True,True
ARM,AFG,True,True
ARM,ARM,False,False
ARM,AZE,False,False
ARM,BGD,True,True
ARM,MMR,True,True
ARM,KHM,True,True
ARM,CHN,True,True
ARM,GEO,False,False
ARM,IND,True,True
ARM,IDN,True,True
ARM,IRN,False,False
ARM,IRQ,False,False
ARM,ISR,True,True
ARM,JPN,True,True
ARM,JOR,True,True
ARM,KAZ,True,True
ARM,LAO,True,True
ARM,LBN,True,True
ARM,MYS,True,True
ARM,MNG,True,True
ARM,NPL,True,True
ARM,OMN,True,True
ARM,PAK,True,True
ARM,PHL,True,True
ARM,QAT,True,True
ARM,SAU,True,True
ARM,KOR,True,True
ARM,LKA,True,True
ARM,SYR,False,False
ARM,TWN,True,True
ARM,TJK,True,True
ARM,THA,True,True
ARM,TUR,False,False
ARM,TKM,True,True
ARM,ARE,True,True
ARM,UZB,True,True
ARM,VNM,True,True
ARM,YEM,True,True
ARM,ALB,True,True
ARM,AUT,True,True
ARM,BLR,True,True
ARM,BEL,True,True
ARM,BIH,True,True
ARM,BGR,True,True
ARM,HRV,True,True
ARM,CYP,True,True
ARM,CZE,True,True
ARM,DNK,True,True
ARM,EST,True,True
ARM,FIN,True,True
ARM,FRA,True,True
ARM,DEU,True,True
ARM,GRC,True,True
ARM,HUN,True,True
ARM,ISL,True,True
ARM,IRL,True,True
ARM,ITA,True,True
ARM,LVA,True,True
ARM,LTU,True,True
ARM,MKD,True,True
ARM,MDA,True,True
ARM,MNE,True,True
ARM,NLD,True,True
ARM,NOR,True,True
ARM,POL,True,True
ARM,PRT,True,True
ARM,ROU,True,True
ARM,RUS,False,False
ARM,SRB,True,True
ARM,SVK,True,True
ARM,SVN,True,True
ARM,ESP,True,True
ARM,SWE,True,True
ARM,CHE,True,True
ARM,UKR,True,True
ARM,GBR,True,True
ARM,BHS,True,True
ARM,CAN,True,True
ARM,CRI,True,True
ARM,CUB,True,True
ARM,DOM,True,True
ARM,SLV,True,True
ARM,GTM,True,True
ARM,HTI,True,True
ARM,HND,True,True
ARM,JAM,True,True
ARM,MEX,True,True
ARM,NIC,True,True
ARM,PAN,True,True
ARM,USA,True,True
ARM,AUS,True,True
ARM,NZL,True,True
ARM,PNG,True,True
ARM,ARG,True,True
ARM,BOL,True,True
ARM,BRA,True,True
ARM,CHL,True,True
ARM,COL,True,True
ARM,ECU,True,True
ARM,PRY,True,True
ARM,PER,True,True
ARM,SUR,True,True
ARM,URY,True,True
ARM,VEN,True,True
AZE,DZA,True,True
AZE,AGO,True,True
AZE,BEN,True,True
AZE,BWA,True,True
AZE,BFA,True,True
AZE,BDI,True,True
AZE,CMR,True,True
AZE,CAF,True,True
AZE,TCD,True,True
AZE,COG,True,True
AZE,COD,True,True
AZE,CIV,True,True
AZE,DJI,True,True
AZE,EGY,True,True
AZE,GNQ,True,True
AZE,ERI,True,True
AZE,ETH,True,True
AZE,GAB,True,True
AZE,GHA,True,True
AZE,GIN,True,True
AZE,GNB,True,True
AZE,KEN,True,True
AZE,LSO,True,True
AZE,LBR,True,True
AZE,LBY,True,True
AZE,MDG,True,True
AZE,MWI,True,True
AZE,MLI,True,True
AZE,MRT,True,True
AZE,MAR,True,True
AZE,MOZ,True,True
AZE,NAM,True,True
AZE,NER,True,True
AZE,NGA,True,True
AZE,RWA,True,True
AZE,SEN,True,True
AZE,SLE,True,True
AZE,SOM,True,True
AZE,ZAF,True,True
AZE,SDN,True,True
AZE,SWZ,True,True
AZE,TZA,True,True
AZE,TGO,True,True
AZE,TUN,True,True
AZE,UGA,True,True
AZE,ZMB,True,True
AZE,ZWE,True,True
AZE,AFG,True,True
AZE,ARM,False,False
AZE,AZE,False,False
AZE,BGD,True,True
AZE,MMR,True,True
AZE,KHM,True,True
AZE,CHN,True,True
AZE,GEO,False,False
AZE,IND,True,True
AZE,IDN,True,True
AZE,IRN,False,False
AZE,IRQ,False,False
AZE,ISR,True,True
AZE,JPN,True,True
AZE,JOR,True,True
AZE,KAZ,False,False
AZE,LAO,True,True
AZE,LBN,True,True
AZE,MYS,True,True
AZE,MNG,True,True
AZE,NPL,True,True
AZE,OMN,True,True
AZE,PAK,True,True
AZE,PHL,True,True
AZE,QAT,True,True
AZE,SAU,True,True
AZE,KOR,True,True
AZE,LKA,True,True
AZE,SYR,True,False
AZE,TWN,True,True
AZE,TJK,True,True
AZE,THA,True,True
AZE,TUR,False,False
AZE,TKM,False,False
AZE,ARE,True,True
AZE,UZB,True,False
AZE,VNM,True,True
AZE,YEM,True,True
AZE,ALB,True,True
AZE,AUT,True,True
AZE,BLR,True,True
AZE,BEL,True,True
AZE,BIH,True,True
AZE,BGR,True,True
AZE,HRV,True,True
AZE,CYP,True,True
AZE,CZE,True,True
AZE,DNK,True,True
AZE,EST,True,True
AZE,FIN,True,True
AZE,FRA,True,True
AZE,DEU,True,True
AZE,GRC,True,True
AZE,HUN,True,True
AZE,ISL,True,True
AZE,IRL,True,True
AZE,ITA,True,True
AZE,LVA,True,True
AZE,LTU,True,True
AZE,MKD,True,True
AZE,MDA,True,True
AZE,MNE,True,True
AZE,NLD,True,True
AZE,NOR,True,True
AZE,POL,True,True
AZE,PRT,True,True
AZE,ROU,True,True
AZE,RUS,False,False
AZE,SRB,True,True
AZE,SVK,True,True
AZE,SVN,True,True
AZE,ESP,True,True
AZE,SWE,True,True
AZE,CHE,True,True
AZE,UKR,True,True
AZE,GBR,True,True
AZE,BHS,True,True
AZE,CAN,True,True
AZE,CRI,True,True
AZE,CUB,True,True
AZE,DOM,True,True
AZE,SLV,True,True
AZE,GTM,True,True
AZE,HTI,True,True
AZE,HND,True,True
AZE,JAM,True,True
AZE,MEX,True,True
AZE,NIC,True,True
AZE,PAN,True,True
AZE,USA,True,True
AZE,AUS,True,True
AZE,NZL,True,True
AZE,PNG,True,True
AZE,ARG,True,True
AZE,BOL,True,True
AZE,BRA,True,True
AZE,CHL,True,True
AZE,COL,True,True
AZE,ECU,True,True
AZE,PRY,True,True
AZE,PER,True,True
AZE,SUR,True,True
AZE,URY,True,True
AZE,VEN,True,True
BGD,DZA,True,True
BGD,AGO,True,True
BGD,BEN,True,True
BGD,BWA,True,True
BGD,BFA,True,True
BGD,BDI,True,True
BGD,CMR,True,True
BGD,CAF,True,True
BGD,TCD,True,True
BGD,COG,True,True
BGD,COD,True,True
BGD,CIV,True,True
BGD,DJI,True,True
BGD,EGY,True,True
BGD,GNQ,True,True
BGD,ERI,True,True
BGD,ETH,True,True
BGD,GAB,True,True
BGD,GHA,True,True
BGD,GIN,True,True
BGD,GNB,True,True
BGD,KEN,True,True
BGD,LSO,True,True
BGD,LBR,True,True
BGD,LBY,True,True
BGD,MDG,True,True
BGD,MWI,True,True
BGD,MLI,True,True
BGD,MRT,True,True
BGD,MAR,True,True
BGD,MOZ,True,True
BGD,NAM,True,True
BGD,NER,True,True
BGD,NGA,True,True
BGD,RWA,True,True
BGD,SEN,True,True
BGD,SLE,True,True
BGD,SOM,True,True
BGD,ZAF,True,True
BGD,SDN,True,True
BGD,SWZ,True,True
BGD,TZA,True,True
BGD,TGO,True,True
BGD,TUN,True,True
BGD,UGA,True,True
BGD,ZMB,True,True
BGD,ZWE,True,True
BGD,AFG,True,True
BGD,ARM,True,True
BGD,AZE,True,True
BGD,BGD,False,False
BGD,MMR,False,False
BGD,KHM,True,True
BGD,CHN,False,False
BGD,GEO,True,True
BGD,IND,False,False
BGD,IDN,True,True
BGD,IRN,True,True
BGD,IRQ,True,True
BGD,ISR,True,True
BGD,JPN,True,True
BGD,JOR,True,True
BGD,KAZ,True,True
BGD,LAO,True,True
BGD,LBN,True,True
BGD,MYS,True,True
BGD,MNG,True,True
BGD,NPL,False,False
BGD,OMN,True,True
BGD,PAK,True,True
BGD,PHL,True,True
BGD,QAT,True,True
BGD,SAU,True,True
BGD,KOR,True,True
BGD,LKA,True,True
BGD,SYR,True,True
BGD,TWN,True,True
BGD,TJK,True,True
BGD,THA,True,True
BGD,TUR,True,True
BGD,TKM,True,True
BGD,ARE,True,True
BGD,UZB,True,True
BGD,VNM,True,True
BGD,YEM,True,True
BGD,ALB,True,True
BGD,AUT,True,True
BGD,BLR,True,True
BGD,BEL,True,True
BGD,BIH,True,True
BGD,BGR,True,True
BGD,HRV,True,True
BGD,CYP,True,True
BGD,CZE,True,True
BGD,DNK,True,True
BGD,EST,True,True
BGD,FIN,True,True
BGD,FRA,True,True
BGD,DEU,True,True
BGD,GRC,True,True
BGD,HUN,True,True
BGD,ISL,True,True
BGD,IRL,True,True
BGD,ITA,True,True
BGD,LVA,True,True
BGD,LTU,True,True
BGD,MKD,True,True
BGD,MDA,True,True
BGD,MNE,True,True
BGD,NLD,True,True
BGD,NOR,True,True
BGD,POL,True,True
BGD,PRT,True,True
BGD,ROU,True,True
BGD,RUS,True,True
BGD,SRB,True,True
BGD,SVK,True,True
BGD,SVN,True,True
BGD,ESP,True,True
BGD,SWE,True,True
BGD,CHE,True,True
BGD,UKR,True,True
BGD,GBR,True,True
BGD,BHS,True,True
BGD,CAN,True,True
BGD,CRI,True,True
BGD,CUB,True,True
BGD,DOM,True,True
BGD,SLV,True,True
BGD,GTM,True,True
BGD,HTI,True,True
BGD,HND,True,True
BGD,JAM,True,True
BGD,MEX,True,True
BGD,NIC,True,True
BGD,PAN,True,True
BGD,USA,True,True
BGD,AUS,True,True
BGD,NZL,True,True
BGD,PNG,True,True
BGD,ARG,True,True
BGD,BOL,True,True
BGD,BRA,True,True
BGD,CHL,True,True
BGD,COL,True,True
BGD,ECU,True,True
BGD,PRY,True,True
BGD,PER,True,True
BGD,SUR,True,True
BGD,URY,True,True
BGD,VEN,True,True
MMR,DZA,True,True
MMR,AGO,True,True
MMR,BEN,True,True
MMR,BWA,True,True
MMR,BFA,True,True
MMR,BDI,True,True
MMR,CMR,True,True
MMR,CAF,True,True
MMR,TCD,True,True
MMR,COG,True,True
MMR,COD,True,True
MMR,CIV,True,True
MMR,DJI,True,True
MMR,EGY,True,True
MMR,GNQ,True,True
MMR,ERI,True,True
MMR,ETH,True,True
MMR,GAB,True,True
MMR,GHA,True,True
MMR,GIN,True,True
MMR,GNB,True,True
MMR,KEN,True,True
MMR,LSO,True,True
MMR,LBR,True,True
MMR,LBY,True,True
MMR,MDG,True,True
MMR,MWI,True,True
MMR,MLI,True,True
MMR,MRT,True,True
MMR,MAR,True,True
MMR,MOZ,True,True
MMR,NAM,True,True
MMR,NER,True,True
MMR,NGA,True,True
MMR,RWA,True,True
MMR,SEN,True,True
MMR,SLE,True,True
MMR,SOM,True,True
MMR,ZAF,True,True
MMR,SDN,True,True
MMR,SWZ,True,True
MMR,TZA,True,True
MMR,TGO,True,True
MMR,TUN,True,True
MMR,UGA,True,True
MMR,ZMB,True,True
MMR,ZWE,True,True
MMR,AFG,True,True
MMR,ARM,True,True
MMR,AZE,True,True
MMR,BGD,False,False
MMR,MMR,False,False
MMR,KHM,False,False
MMR,CHN,False,False
MMR,GEO,True,True
MMR,IND,False,False
MMR,IDN,True,False
MMR,IRN,True,True
MMR,IRQ,True,True
MMR,ISR,True,True
MMR,JPN,True,True
MMR,JOR,True,True
MMR,KAZ,True,True
MMR,LAO,False,False
MMR,LBN,True,True
MMR,MYS,True,False
MMR,MNG,True,True
MMR,NPL,True,True
MMR,OMN,True,True
MMR,PAK,True,True
MMR,PHL,True,True
MMR,QAT,True,True
MMR,SAU,True,True
MMR,KOR,True,True
MMR,LKA,True,True
MMR,SYR,True,True
MMR,TWN,True,True
MMR,TJK,True,True
MMR,THA,False,False
MMR,TUR,True,True
MMR,TKM,True,True
MMR,ARE,True,True
MMR,UZB,True,True
MMR,VNM,False,False
MMR,YEM,True,True
MMR,ALB,True,True
MMR,AUT,True,True
MMR,BLR,True,True
MMR,BEL,True,True
MMR,BIH,True,True
MMR,BGR,True,True
MMR,HRV,True,True
MMR,CYP,True,True
MMR,CZE,True,True
MMR,DNK,True,True
MMR,EST,True,True
MMR,FIN,True,True
MMR,FRA,True,True
MMR,DEU,True,True
MMR,GRC,True,True
MMR,HUN,True,True
MMR,ISL,True,True
MMR,IRL,True,True
MMR,ITA,True,True
MMR,LVA,True,True
MMR,LTU,True,True
MMR,MKD,True,True
MMR,MDA,True,True
MMR,MNE,True,True
MMR,NLD,True,True
MMR,NOR,True,True
MMR,POL,True,True
MMR,PRT,True,True
MMR,ROU,True,True
MMR,RUS,True,True
MMR,SRB,True,True
MMR,SVK,True,True
MMR,SVN,True,True
MMR,ESP,True,True
MMR,SWE,True,True
MMR,CHE,True,True
MMR,UKR,True,True
MMR,GBR,True,True
MMR,BHS,True,True
MMR,CAN,True,True
MMR,CRI,True,True
MMR,CUB,True,True
MMR,DOM,True,True
MMR,SLV,True,True
MMR,GTM,True,True
MMR,HTI,True,True
MMR,HND,True,True
MMR,JAM,True,True
MMR,MEX,True,True
MMR,NIC,True,True
MMR,PAN,True,True
MMR,USA,True,True
MMR,AUS,True,True
MMR,NZL,True,True
MMR,PNG,True,True
MMR,ARG,True,True
MMR,BOL,True,True
MMR,BRA,True,True
MMR,CHL,True,True
MMR,COL,True,True
MMR,ECU,True,True
MMR,PRY,True,True
MMR,PER,True,True
MMR,SUR,True,True
MMR,URY,True,True
MMR,VEN,True,True
KHM,DZA,True,True
KHM,AGO,True,True
KHM,BEN,True,True
KHM,BWA,True,True
KHM,BFA,True,True
KHM,BDI,True,True
KHM,CMR,True,True
KHM,CAF,True,True
KHM,TCD,True,True
KHM,COG,True,True
KHM,COD,True,True
KHM,CIV,True,True
KHM,DJI,True,True
KHM,EGY,True,True
KHM,GNQ,True,True
KHM,ERI,True,True
KHM,ETH,True,True
KHM,GAB,True,True
KHM,GHA,True,True
KHM,GIN,True,True
KHM,GNB,True,True
KHM,KEN,True,True
KHM,LSO,True,True
KHM,LBR,True,True
KHM,LBY,True,True
KHM,MDG,True,True
KHM,MWI,True,True
KHM,MLI,True,True
KHM,MRT,True,True
KHM,MAR,True,True
KHM,MOZ,True,True
KHM,NAM,True,True
KHM,NER,True,True
KHM,NGA,True,True
KHM,RWA,True,True
KHM,SEN,True,True
KHM,SLE,True,True
KHM,SOM,True,True
KHM,ZAF,True,True
KHM,SDN,True,True
KHM,SWZ,True,True
KHM,TZA,True,True
KHM,TGO,True,True
KHM,TUN,True,True
KHM,UGA,True,True
KHM,ZMB,True,True
KHM,ZWE,True,True
KHM,AFG,True,True
KHM,ARM,True,True
KHM,AZE,True,True
KHM,BGD,True,True
KHM,MMR,False,False
KHM,KHM,False,False
KHM,CHN,True,False
KHM,GEO,True,True
KHM,IND,True,True
KHM,IDN,True,True
KHM,IRN,True,True
KHM,IRQ,True,True
KHM,ISR,True,True
KHM,JPN,True,True
KHM,JOR,True,True
KHM,KAZ,True,True
KHM,LAO,False,False
KHM,LBN,True,True
KHM,MYS,True,False
KHM,MNG,True,True
KHM,NPL,True,True
KHM,OMN,True,True
KHM,PAK,True,True
KHM,PHL,True,True
KHM,QAT,True,True
KHM,SAU,True,True
KHM,KOR,True,True
KHM,LKA,True,True
KHM,SYR,True,True
KHM,TWN,True,True
KHM,TJK,True,True
KHM,THA,False,False
KHM,TUR,True,True
KHM,TKM,True,True
KHM,ARE,True,True
KHM,UZB,True,True
KHM,VNM,False,False
KHM,YEM,True,True
KHM,ALB,True,True
KHM,AUT,True,True
KHM,BLR,True,True
KHM,BEL,True,True
KHM,BIH,True,True
KHM,BGR,True,True
KHM,HRV,True,True
KHM,CYP,True,True
KHM,CZE,True,True
KHM,DNK,True,True
KHM,EST,True,True
KHM,FIN,True,True
KHM,FRA,True,True
KHM,DEU,True,True
KHM,GRC,True,True
KHM,HUN,True,True
KHM,ISL,True,True
KHM,IRL,True,True
KHM,ITA,True,True
KHM,LVA,True,True
KHM,LTU,True,True
KHM,MKD,True,True
KHM,MDA,True,True
KHM,MNE,True,True
KHM,NLD,True,True
KHM,NOR,True,True
KHM,POL,True,True
KHM,PRT,True,True
KHM,ROU,True,True
KHM,RUS,True,True
KHM,SRB,True,True
KHM,SVK,True,True
KHM,SVN,True,True
KHM,ESP,True,True
KHM,SWE,True,True
KHM,CHE,True,True
KHM,UKR,True,True
KHM,GBR,True,True
KHM,BHS,True,True
KHM,CAN,True,True
KHM,CRI,True,True
KHM,CUB,True,True
KHM,DOM,True,True
KHM,SLV,True,True
KHM,GTM,True,True
KHM,HTI,True,True
KHM,HND,True,True
KHM,JAM,True,True
KHM,MEX,True,True
KHM,NIC,True,True
KHM,PAN,True,True
KHM,USA,True,True
KHM,AUS,True,True
KHM,NZL,True,True
KHM,PNG,True,True
KHM,ARG,True,True
KHM,BOL,True,True
KHM,BRA,True,True
KHM,CHL,True,True
KHM,COL,True,True
KHM,ECU,True,True
KHM,PRY,True,True
KHM,PER,True,True
KHM,SUR,True,True
KHM,URY,True,True
KHM,VEN,True,True
CHN,DZA,True,True
CHN,AGO,True,True
CHN,BEN,True,True
CHN,BWA,True,True
CHN,BFA,True,True
CHN,BDI,True,True
CHN,CMR,True,True
CHN,CAF,True,True
CHN,TCD,True,True
CHN,COG,True,True
CHN,COD,True,True
CHN,CIV,True,True
CHN,DJI,True,True
CHN,EGY,True,True
CHN,GNQ,True,True
CHN,ERI,True,True
CHN,ETH,True,True
CHN,GAB,True,True
CHN,GHA,True,True
CHN,GIN,True,True
CHN,GNB,True,True
CHN,KEN,True,True
CHN,LSO,True,True
CHN,LBR,True,True
CHN,LBY,True,True
CHN,MDG,True,True
CHN,MWI,True,True
CHN,MLI,True,True
CHN,MRT,True,True
CHN,MAR,True,True
CHN,MOZ,True,True
CHN,NAM,True,True
CHN,NER,True,True
CHN,NGA,True,True
CHN,RWA,True,True
CHN,SEN,True,True
CHN,SLE,True,True
CHN,SOM,True,True
CHN,ZAF,True,True
CHN,SDN,True,True
CHN,SWZ,True,True
CHN,TZA,True,True
CHN,TGO,True,True
CHN,TUN,True,True
CHN,UGA,True,True
CHN,ZMB,True,True
CHN,ZWE,True,True
CHN,AFG,False,False
CHN,ARM,True,True
CHN,AZE,True,True
CHN,BGD,False,False
CHN,MMR,False,False
CHN,KHM,True,False
CHN,CHN,False,False
CHN,GEO,True,True
CHN,IND,False,False
CHN,IDN,True,True
CHN,IRN,True,True
CHN,IRQ,True,True
CHN,ISR,True,True
CHN,JPN,False,False
CHN,JOR,True,True
CHN,KAZ,False,False
CHN,LAO,False,False
CHN,LBN,True,True
CHN,MYS,True,True
CHN,MNG,False,False
CHN,NPL,False,False
CHN,OMN,True,True
CHN,PAK,False,False
CHN,PHL,True,False
CHN,QAT,True,True
CHN,SAU,True,True
CHN,KOR,False,False
CHN,LKA,True,True
CHN,SYR,True,True
CHN,TWN,False,False
CHN,TJK,False,False
CHN,THA,False,False
CHN,TUR,True,True
CHN,TKM,True,True
CHN,ARE,True,True
CHN,UZB,False,False
CHN,VNM,False,False
CHN,YEM,True,True
CHN,ALB,True,True
CHN,AUT,True,True
CHN,BLR,True,True
CHN,BEL,True,True
CHN,BIH,True,True
CHN,BGR,True,True
CHN,HRV,True,True
CHN,CYP,True,True
CHN,CZE,True,True
CHN,DNK,True,True
CHN,EST,True,True
CHN,FIN,True,True
CHN,FRA,True,True
CHN,DEU,True,True
CHN,GRC,True,True
CHN,HUN,True,True
CHN,ISL,True,True
CHN,IRL,True,True
CHN,ITA,True,True
CHN,LVA,True,True
CHN,LTU,True,True
CHN,MKD,True,True
CHN,MDA,True,True
CHN,MNE,True,True
CHN,NLD,True,True
CHN,NOR,True,True
CHN,POL,True,True
CHN,PRT,True,True
CHN,ROU,True,True
CHN,RUS,False,False
CHN,SRB,True,True
CHN,SVK,True,True
CHN,SVN,True,True
CHN,ESP,True,True
CHN,SWE,True,True
CHN,CHE,True,True
CHN,UKR,True,True
CHN,GBR,True,True
CHN,BHS,True,True
CHN,CAN,True,True
CHN,CRI,True,True
CHN,CUB,True,True
CHN,DOM,True,True
CHN,SLV,True,True
CHN,GTM,True,True
CHN,HTI,True,True
CHN,HND,True,True
CHN,JAM,True,True
CHN,MEX,True,True
CHN,NIC,True,True
CHN,PAN,True,True
CHN,USA,True,True
CHN,AUS,True,True
CHN,NZL,True,True
CHN,PNG,True,True
CHN,ARG,True,True
CHN,BOL,True,True
CHN,BRA,True,True
CHN,CHL,True,True
CHN,COL,True,True
CHN,ECU,True,True
CHN,PRY,True,True
CHN,PER,True,True
CHN,SUR,True,True
CHN,URY,True,True
CHN,VEN,True,True
GEO,DZA,True,True
GEO,AGO,True,True
GEO,BEN,True,True
GEO,BWA,True,True
GEO,BFA,True,True
GEO,BDI,True,True
GEO,CMR,True,True
GEO,CAF,True,True
GEO,TCD,True,True
GEO,COG,True,True
GEO,COD,True,True
GEO,CIV,True,True
GEO,DJI,True,True
GEO,EGY,True,True
GEO,GNQ,True,True
GEO,ERI,True,True
GEO,ETH,True,True
GEO,GAB,True,True
GEO,GHA,True,True
GEO,GIN,True,True
GEO,GNB,True,True
GEO,KEN,True,True
GEO,LSO,True,True
GEO,LBR,True,True
GEO,LBY,True,True
GEO,MDG,True,True
GEO,MWI,True,True
GEO,MLI,True,True
GEO,MRT,True,True
GEO,MAR,True,True
GEO,MOZ,True,True
GEO,NAM,True,True
GEO,NER,True,True
GEO,NGA,True,True
GEO,RWA,True,True
GEO,SEN,True,True
GEO,SLE,True,True
GEO,SOM,True,True
GEO,ZAF,True,True
GEO,SDN,True,True
GEO,SWZ,True,True
GEO,TZA,True,True
GEO,TGO,True,True
GEO,TUN,True,True
GEO,UGA,True,True
GEO,ZMB,True,True
GEO,ZWE,True,True
GEO,AFG,True,True
GEO,ARM,False,False
GEO,AZE,False,False
GEO,BGD,True,True
GEO,MMR,True,True
GEO,KHM,True,True
GEO,CHN,True,True
GEO,GEO,False,False
GEO,IND,True,True
GEO,IDN,True,True
GEO,IRN,False,False
GEO,IRQ,True,False
GEO,ISR,True,True
GEO,JPN,True,True
GEO,JOR,True,True
GEO,KAZ,True,False
GEO,LAO,True,True
GEO,LBN,True,True
GEO,MYS,True,True
GEO,MNG,True,True
GEO,NPL,True,True
GEO,OMN,True,True
GEO,PAK,True,True
GEO,PHL,True,True
GEO,QAT,True,True
GEO,SAU,True,True
GEO,KOR,True,True
GEO,LKA,True,True
GEO,SYR,True,False
GEO,TWN,True,True
GEO,TJK,True,True
GEO,THA,True,True
GEO,TUR,False,False
GEO,TKM,True,False
GEO,ARE,True,True
GEO,UZB,True,True
GEO,VNM,True,True
GEO,YEM,True,True
GEO,ALB,True,True
GEO,AUT,True,True
GEO,BLR,True,True
GEO,BEL,True,True
GEO,BIH,True,True
GEO,BGR,True,True
GEO,HRV,True,True
GEO,CYP,True,True
GEO,CZE,True,True
GEO,DNK,True,True
GEO,EST,True,True
GEO,FIN,True,True
GEO,FRA,True,True
GEO,DEU,True,True
GEO,GRC,True,True
GEO,HUN,True,True
GEO,ISL,True,True
GEO,IRL,True,True
GEO,ITA,True,True
GEO,LVA,True,True
GEO,LTU,True,True
GEO,MKD,True,True
GEO,MDA,True,True
GEO,MNE,True,True
GEO,NLD,True,True
GEO,NOR,True,True
GEO,POL,True,True
GEO,PRT,True,True
GEO,ROU,True,True
GEO,RUS,False,False
GEO,SRB,True,True
GEO,SVK,True,True
GEO,SVN,True,True
GEO,ESP,True,True
GEO,SWE,True,True
GEO,CHE,True,True
GEO,UKR,True,False
GEO,GBR,True,True
GEO,BHS,True,True
GEO,CAN,True,True
GEO,CRI,True,True
GEO,CUB,True,True
GEO,DOM,True,True
GEO,SLV,True,True
GEO,GTM,True,True
GEO,HTI,True,True
GEO,HND,True,True
GEO,JAM,True,True
GEO,MEX,True,True
GEO,NIC,True,True
GEO,PAN,True,True
GEO,USA,True,True
GEO,AUS,True,True
GEO,NZL,True,True
GEO,PNG,True,True
GEO,ARG,True,True
GEO,BOL,True,True
GEO,BRA,True,True
GEO,CHL,True,True
GEO,COL,True,True
GEO,ECU,True,True
GEO,PRY,True,True
GEO,PER,True,True
GEO,SUR,True,True
GEO,URY,True,True
GEO,VEN,True,True
IND,DZA,True,True
IND,AGO,True,True
IND,BEN,True,True
IND,BWA,True,True
IND,BFA,True,True
IND,BDI,True,True
IND,CMR,True,True
IND,CAF,True,True
IND,TCD,True,True
IND,COG,True,True
IND,COD,True,True
IND,CIV,True,True
IND,DJI,True,True
IND,EGY,True,True
IND,GNQ,True,True
IND,ERI,True,True
IND,ETH,True,True
IND,GAB,True,True
IND,GHA,True,True
IND,GIN,True,True
IND,GNB,True,True
IND,KEN,True,True
IND,LSO,True,True
IND,LBR,True,True
IND,LBY,True,True
IND,MDG,True,True
IND,MWI,True,True
IND,MLI,True,True
IND,MRT,True,True
IND,MAR,True,True
IND,MOZ,True,True
IND,NAM,True,True
IND,NER,True,True
IND,NGA,True,True
IND,RWA,True,True
IND,SEN,True,True
IND,SLE,True,True
IND,SOM,True,True
IND,ZAF,True,True
IND,SDN,True,True
IND,SWZ,True,True
IND,TZA,True,True
IND,TGO,True,True
IND,TUN,True,True
IND,UGA,True,True
IND,ZMB,True,True
IND,ZWE,True,True
IND,AFG,False,False
IND,ARM,True,True
IND,AZE,True,True
IND,BGD,False,False
IND,MMR,False,False
IND,KHM,True,True
IND,CHN,False,False
IND,GEO,True,True
IND,IND,False,False
IND,IDN,False,False
IND,IRN,True,True
IND,IRQ,True,True
IND,ISR,True,True
IND,JPN,True,True
IND,JOR,True,True
IND,KAZ,True,True
IND,LAO,True,True
IND,LBN,True,True
IND,MYS,True,True
IND,MNG,True,True
IND,NPL,False,False
IND,OMN,True,True
IND,PAK,False,False
IND,PHL,True,True
IND,QAT,True,True
IND,SAU,True,True
IND,KOR,True,True
IND,LKA,False,False
IND,SYR,True,True
IND,TWN,True,True
IND,TJK,False,False
IND,THA,False,False
IND,TUR,True,True
IND,TKM,True,True
IND,ARE,True,True
IND,UZB,True,True
IND,VNM,True,True
IND,YEM,True,True
IND,ALB,True,True
IND,AUT,True,True
IND,BLR,True,True
IND,BEL,True,True
IND,BIH,True,True
IND,BGR,True,True
IND,HRV,True,True
IND,CYP,True,True
IND,CZE,True,True
IND,DNK,True,True
IND,EST,True,True
IND,FIN,True,True
IND,FRA,True,True
IND,DEU,True,True
IND,GRC,True,True
IND,HUN,True,True
IND,ISL,True,True
IND,IRL,True,True
IND,ITA,True,True
IND,LVA,True,True
IND,LTU,True,True
IND,MKD,True,True
IND,MDA,True,True
IND,MNE,True,True
IND,NLD,True,True
IND,NOR,True,True
IND,POL,True,True
IND,PRT,True,True
IND,ROU,True,True
IND,RUS,True,True
IND,SRB,True,True
IND,SVK,True,True
IND,SVN,True,True
IND,ESP,True,True
IND,SWE,True,True
IND,CHE,True,True
IND,UKR,True,True
IND,GBR,True,True
IND,BHS,True,True
IND,CAN,True,True
IND,CRI,True,True
IND,CUB,True,True
IND,DOM,True,True
IND,SLV,True,True
IND,GTM,True,True
IND,HTI,True,True
IND,HND,True,True
IND,JAM,True,True
IND,MEX,True,True
IND,NIC,True,True
IND,PAN,True,True
IND,USA,True,True
IND,AUS,True,True
IND,NZL,True,True
IND,PNG,True,True
IND,ARG,True,True
IND,BOL,True,True
IND,BRA,True,True
IND,CHL,True,True
IND,COL,True,True
IND,ECU,True,True
IND,PRY,True,True
IND,PER,True,True
IND,SUR,True,True
IND,URY,True,True
IND,VEN,True,True
IDN,DZA,True,True
IDN,AGO,True,True
IDN,BEN,True,True
IDN,BWA,True,True
IDN,BFA,True,True
IDN,BDI,True,True
IDN,CMR,True,True
IDN,CAF,True,True
IDN,TCD,True,True
IDN,COG,True,True
IDN,COD,True,True
IDN,CIV,True,True
IDN,DJI,True,True
IDN,EGY,True,True
IDN,GNQ,True,True
IDN,ERI,True,True
IDN,ETH,True,True
IDN,GAB,True,True
IDN,GHA,True,True
IDN,GIN,True,True
IDN,GNB,True,True
IDN,KEN,True,True
IDN,LSO,True,True
IDN,LBR,True,True
IDN,LBY,True,True
IDN,MDG,True,True
IDN,MWI,True,True
IDN,MLI,True,True
IDN,MRT,True,True
IDN,MAR,True,True
IDN,MOZ,True,True
IDN,NAM,True,True
IDN,NER,True,True
IDN,NGA,True,True
IDN,RWA,True,True
IDN,SEN,True,True
IDN,SLE,True,True
IDN,SOM,True,True
IDN,ZAF,True,True
IDN,SDN,True,True
IDN,SWZ,True,True
IDN,TZA,True,True
IDN,TGO,True,True
IDN,TUN,True,True
IDN,UGA,True,True
IDN,ZMB,True,True
IDN,ZWE,True,True
IDN,AFG,True,True
IDN,ARM,True,True
IDN,AZE,True,True
IDN,BGD,True,True
IDN,MMR,True,False
IDN,KHM,True,True
IDN,CHN,True,True
IDN,GEO,True,True
IDN,IND,False,False
IDN,IDN,False,False
IDN,IRN,True,True
IDN,IRQ,True,True
IDN,ISR,True,True
IDN,JPN,True,True
IDN,JOR,True,True
IDN,KAZ,True,True
IDN,LAO,True,True
IDN,LBN,True,True
IDN,MYS,False,False
IDN,MNG,True,True
IDN,NPL,True,True
IDN,OMN,True,True
IDN,PAK,True,True
IDN,PHL,False,False
IDN,QAT,True,True
IDN,SAU,True,True
IDN,KOR,True,True
IDN,LKA,True,True
IDN,SYR,True,True
IDN,TWN,True,True
IDN,TJK,True,True
IDN,THA,False,False
IDN,TUR,True,True
IDN,TKM,True,True
IDN,ARE,True,True
IDN,UZB,True,True
IDN,VNM,False,False
IDN,YEM,True,True
IDN,ALB,True,True
IDN,AUT,True,True
IDN,BLR,True,True
IDN,BEL,True,True
IDN,BIH,True,True
IDN,BGR,True,True
IDN,HRV,True,True
IDN,CYP,True,True
IDN,CZE,True,True
IDN,DNK,True,True
IDN,EST,True,True
IDN,FIN,True,True
IDN,FRA,True,True
IDN,DEU,True,True
IDN,GRC,True,True
IDN,HUN,True,True
IDN,ISL,True,True
IDN,IRL,True,True
IDN,ITA,True,True
IDN,LVA,True,True
IDN,LTU,True,True
IDN,MKD,True,True
IDN,MDA,True,True
IDN,MNE,True,True
IDN,NLD,True,True
IDN,NOR,True,True
IDN,POL,True,True
IDN,PRT,True,True
IDN,ROU,True,True
IDN,RUS,True,True
IDN,SRB,True,True
IDN,SVK,True,True
IDN,SVN,True,True
IDN,ESP,True,True
IDN,SWE,True,True
IDN,CHE,True,True
IDN,UKR,True,True
IDN,GBR,True,True
IDN,BHS,True,True
IDN,CAN,True,True
IDN,CRI,True,True
IDN,CUB,True,True
IDN,DOM,True,True
IDN,SLV,True,True
IDN,GTM,True,True
IDN,HTI,True,True
IDN,HND,True,True
IDN,JAM,True,True
IDN,MEX,True,True
IDN,NIC,True,True
IDN,PAN,True,True
IDN,USA,True,True
IDN,AUS,False,False
IDN,NZL,True,True
IDN,PNG,False,False
IDN,ARG,True,True
IDN,BOL,True,True
IDN,BRA,True,True
IDN,CHL,True,True
IDN,COL,True,True
IDN,ECU,True,True
IDN,PRY,True,True
IDN,PER,True,True
IDN,SUR,True,True
IDN,URY,True,True
IDN,VEN,True,True
IRN,DZA,True,True
IRN,AGO,True,True
IRN,BEN,True,True
IRN,BWA,True,True
IRN,BFA,True,True
IRN,BDI,True,True
IRN,CMR,True,True
IRN,CAF,True,True
IRN,TCD,True,True
IRN,COG,True,True
IRN,COD,True,True
IRN,CIV,True,True
IRN,DJI,True,True
IRN,EGY,True,True
IRN,GNQ,True,True
IRN,ERI,True,True
IRN,ETH,True,True
IRN,GAB,True,True
IRN,GHA,True,True
IRN,GIN,True,True
IRN,GNB,True,True
IRN,KEN,True,True
IRN,LSO,True,True
IRN,LBR,True,True
IRN,LBY,True,True
IRN,MDG,True,True
IRN,MWI,True,True
IRN,MLI,True,True
IRN,MRT,True,True
IRN,MAR,True,True
IRN,MOZ,True,True
IRN,NAM,True,True
IRN,NER,True,True
IRN,NGA,True,True
IRN,RWA,True,True
IRN,SEN,True,True
IRN,SLE,True,True
IRN,SOM,True,True
IRN,ZAF,True,True
IRN,SDN,True,True
IRN,SWZ,True,True
IRN,TZA,True,True
IRN,TGO,True,True
IRN,TUN,True,True
IRN,UGA,True,True
IRN,ZMB,True,True
IRN,ZWE,True,True
IRN,AFG,False,False
IRN,ARM,False,False
IRN,AZE,False,False
IRN,BGD,True,True
IRN,MMR,True,True
IRN,KHM,True,True
IRN,CHN,True,True
IRN,GEO,False,False
IRN,IND,True,True
IRN,IDN,True,True
IRN,IRN,False,False
IRN,IRQ,False,False
IRN,ISR,True,True
IRN,JPN,True,True
IRN,JOR,True,True
IRN,KAZ,False,False
IRN,LAO,True,True
IRN,LBN,True,True
IRN,MYS,True,True
IRN,MNG,True,True
IRN,NPL,True,True
IRN,OMN,False,False
IRN,PAK,False,False
IRN,PHL,True,True
IRN,QAT,False,False
IRN,SAU,False,False
IRN,KOR,True,True
IRN,LKA,True,True
IRN,SYR,False,False
IRN,TWN,True,True
IRN,TJK,True,True
IRN,THA,True,True
IRN,TUR,False,False
IRN,TKM,False,False
IRN,ARE,False,False
IRN,UZB,False,False
IRN,VNM,True,True
IRN,YEM,True,True
IRN,ALB,True,True
IRN,AUT,True,True
IRN,BLR,True,True
IRN,BEL,True,True
IRN,BIH,True,True
IRN,BGR,True,True
IRN,HRV,True,True
IRN,CYP,True,True
IRN,CZE,True,True
IRN,DNK,True,True
IRN,EST,True,True
IRN,FIN,True,True
IRN,FRA,True,True
IRN,DEU,True,True
IRN,GRC,True,True
IRN,HUN,True,True
IRN,ISL,True,True
IRN,IRL,True,True
IRN,ITA,True,True
IRN,LVA,True,True
IRN,LTU,True,True
IRN,MKD,True,True
IRN,MDA,True,True
IRN,MNE,True,True
IRN,NLD,True,True
IRN,NOR,True,True
IRN,POL,True,True
IRN,PRT,True,True
IRN,ROU,True,True
IRN,RUS,False,False
IRN,SRB,True,True
IRN,SVK,True,True
IRN,SVN,True,True
IRN,ESP,True,True
IRN,SWE,True,True
IRN,CHE,True,True
IRN,UKR,True,True
IRN,GBR,True,True
IRN,BHS,True,True
IRN,CAN,True,True
IRN,CRI,True,True
IRN,CUB,True,True
IRN,DOM,True,True
IRN,SLV,True,True
IRN,GTM,True,True
IRN,HTI,True,True
IRN,HND,True,True
IRN,JAM,True,True
IRN,MEX,True,True
IRN,NIC,True,True
IRN,PAN,True,True
IRN,USA,True,True
IRN,AUS,True,True
IRN,NZL,True,True
IRN,PNG,True,True
IRN,ARG,True,True
IRN,BOL,True,True
IRN,BRA,True,True
IRN,CHL,True,True
IRN,COL,True,True
IRN,ECU,True,True
IRN,PRY,True,True
IRN,PER,True,True
IRN,SUR,True,True
IRN,URY,True,True
IRN,VEN,True,True
IRQ,DZA,True,True
IRQ,AGO,True,True
IRQ,BEN,True,True
IRQ,BWA,True,True
IRQ,BFA,True,True
IRQ,BDI,True,True
IRQ,CMR,True,True
IRQ,CAF,True,True
IRQ,TCD,True,True
IRQ,COG,True,True
IRQ,COD,True,True
IRQ,CIV,True,True
IRQ,DJI,True,True
IRQ,EGY,True,False
IRQ,GNQ,True,True
IRQ,ERI,True,True
IRQ,ETH,True,True
IRQ,GAB,True,True
IRQ,GHA,True,True
IRQ,GIN,True,True
IRQ,GNB,True,True
IRQ,KEN,True,True
IRQ,LSO,True,True
IRQ,LBR,True,True
IRQ,LBY,True,True
IRQ,MDG,True,True
IRQ,MWI,True,True
IRQ,MLI,True,True
IRQ,MRT,True,True
IRQ,MAR,True,True
IRQ,MOZ,True,True
IRQ,NAM,True,True
IRQ,NER,True,True
IRQ,NGA,True,True
IRQ,RWA,True,True
IRQ,SEN,True,True
IRQ,SLE,True,True
IRQ,SOM,True,True
IRQ,ZAF,True,True
IRQ,SDN,True,True
IRQ,SWZ,True,True
IRQ,TZA,True,True
IRQ,TGO,True,True
IRQ,TUN,True,True
IRQ,UGA,True,True
IRQ,ZMB,True,True
IRQ,ZWE,True,True
IRQ,AFG,True,True
IRQ,ARM,False,False
IRQ,AZE,False,False
IRQ,BGD,True,True
IRQ,MMR,True,True
IRQ,KHM,True,True
IRQ,CHN,True,True
IRQ,GEO,True,False
IRQ,IND,True,True
IRQ,IDN,True,True
IRQ,IRN,False,False
IRQ,IRQ,False,False
IRQ,ISR,False,False
IRQ,JPN,True,True
IRQ,JOR,False,False
IRQ,KAZ,True,True
IRQ,LAO,True,True
IRQ,LBN,False,False
IRQ,MYS,True,True
IRQ,MNG,True,True
IRQ,NPL,True,True
IRQ,OMN,True,True
IRQ,PAK,True,True
IRQ,PHL,True,True
IRQ,QAT,True,False
IRQ,SAU,False,False
IRQ,KOR,True,True
IRQ,LKA,True,True
IRQ,SYR,False,False
IRQ,TWN,True,True
IRQ,TJK,True,True
IRQ,THA,True,True
IRQ,TUR,False,False
IRQ,TKM,True,True
IRQ,ARE,True,True
IRQ,UZB,True,True
IRQ,VNM,True,True
IRQ,YEM,True,True
IRQ,ALB,True,True
IRQ,AUT,True,True
IRQ,BLR,True,True
IRQ,BEL,True,True
IRQ,BIH,True,True
IRQ,BGR,True,True
IRQ,HRV,True,True
IRQ,CYP,True,False
IRQ,CZE,True,True
IRQ,DNK,True,True
IRQ,EST,True,True
IRQ,FIN,True,True
IRQ,FRA,True,True
IRQ,DEU,True,True
IRQ,GRC,True,True
IRQ,HUN,True,True
IRQ,ISL,True,True
IRQ,IRL,True,True
IRQ,ITA,True,True
IRQ,LVA,True,True
IRQ,LTU,True,True
IRQ,MKD,True,True
IRQ,MDA,True,True
IRQ,MNE,True,True
IRQ,NLD,True,True
IRQ,NOR,True,True
IRQ,POL,True,True
IRQ,PRT,True,True
IRQ,ROU,True,True
IRQ,RUS,True,False
IRQ,SRB,True,True
IRQ,SVK,True,True
IRQ,SVN,True,True
IRQ,ESP,True,True
IRQ,SWE,True,True
IRQ,CHE,True,True
IRQ,UKR,True,True
IRQ,GBR,True,True
IRQ,BHS,True,True
IRQ,CAN,True,True
IRQ,CRI,True,True
IRQ,CUB,True,True
IRQ,DOM,True,True
IRQ,SLV,True,True
IRQ,GTM,True,True
IRQ,HTI,True,True
IRQ,HND,True,True
IRQ,JAM,True,True
IRQ,MEX,True,True
IRQ,NIC,True,True
IRQ,PAN,True,True
IRQ,USA,True,True
IRQ,AUS,True,True
IRQ,NZL,True,True
IRQ,PNG,True,True
IRQ,ARG,True,True
IRQ,BOL,True,True
IRQ,BRA,True,True
IRQ,CHL,True,True
IRQ,COL,True,True
IRQ,ECU,True,True
IRQ,PRY,True,True
IRQ,PER,True,True
IRQ,SUR,True,True
IRQ,URY,True,True
IRQ,VEN,True,True
ISR,DZA,True,True
ISR,AGO,True,True
ISR,BEN,True,True
ISR,BWA,True,True
ISR,BFA,True,True
ISR,BDI,True,True
ISR,CMR,True,True
ISR,CAF,True,True
ISR,TCD,True,True
ISR,COG,True,True
ISR,COD,True,True
ISR,CIV,True,True
ISR,DJI,True,True
ISR,EGY,False,False
ISR,GNQ,True,True
ISR,ERI,True,True
ISR,ETH,True,True
ISR,GAB,True,True
ISR,GHA,True,True
ISR,GIN,True,True
ISR,GNB,True,True
ISR,KEN,True,True
ISR,LSO,True,True
ISR,LBR,True,True
ISR,LBY,True,True
ISR,MDG,True,True
ISR,MWI,True,True
ISR,MLI,True,True
ISR,MRT,True,True
ISR,MAR,True,True
ISR,MOZ,True,True
ISR,NAM,True,True
ISR,NER,True,True
ISR,NGA,True,True
ISR,RWA,True,True
ISR,SEN,True,True
ISR,SLE,True,True
ISR,SOM,True,True
ISR,ZAF,True,True
ISR,SDN,True,True
ISR,SWZ,True,True
ISR,TZA,True,True
ISR,TGO,True,True
ISR,TUN,True,True
ISR,UGA,True,True
ISR,ZMB,True,True
ISR,ZWE,True,True
ISR,AFG,True,True
ISR,ARM,True,True
ISR,AZE,True,True
ISR,BGD,True,True
ISR,MMR,True,True
ISR,KHM,True,True
ISR,CHN,True,True
ISR,GEO,True,True
ISR,IND,True,True
ISR,IDN,True,True
ISR,IRN,True,True
ISR,IRQ,False,False
ISR,ISR,False,False
ISR,JPN,True,True
ISR,JOR,False,False
ISR,KAZ,True,True
ISR,LAO,True,True
ISR,LBN,False,False
ISR,MYS,True,True
ISR,MNG,True,True
ISR,NPL,True,True
ISR,OMN,True,True
ISR,PAK,True,True
ISR,PHL,True,True
ISR,QAT,True,True
ISR,SAU,False,False
ISR,KOR,True,True
ISR,LKA,True,True
ISR,SYR,False,False
ISR,TWN,True,True
ISR,TJK,True,True
ISR,THA,True,True
ISR,TUR,True,False
ISR,TKM,True,True
ISR,ARE,True,True
ISR,UZB,True,True
ISR,VNM,True,True
ISR,YEM,True,True
ISR,ALB,True,True
ISR,AUT,True,True
ISR,BLR,True,True
ISR,BEL,True,True
ISR,BIH,True,True
ISR,BGR,True,True
ISR,HRV,True,True
ISR,CYP,False,False
ISR,CZE,True,True
ISR,DNK,True,True
ISR,EST,True,True
ISR,FIN,True,True
ISR,FRA,True,True
ISR,DEU,True,True
ISR,GRC,True,True
ISR,HUN,True,True
ISR,ISL,True,True
ISR,IRL,True,True
ISR,ITA,True,True
ISR,LVA,True,True
ISR,LTU,True,True
ISR,MKD,True,True
ISR,MDA,True,True
ISR,MNE,True,True
ISR,NLD,True,True
ISR,NOR,True,True
ISR,POL,True,True
ISR,PRT,True,True
ISR,ROU,True,True
ISR,RUS,True,True
ISR,SRB,True,True
ISR,SVK,True,True
ISR,SVN,True,True
ISR,ESP,True,True
ISR,SWE,True,True
ISR,CHE,True,True
ISR,UKR,True,True
ISR,GBR,True,True
ISR,BHS,True,True
ISR,CAN,True,True
ISR,CRI,True,True
ISR,CUB,True,True
ISR,DOM,True,True
ISR,SLV,True,True
ISR,GTM,True,True
ISR,HTI,True,True
ISR,HND,True,True
ISR,JAM,True,True
ISR,MEX,True,True
ISR,NIC,True,True
ISR,PAN,True,True
ISR,USA,True,True
ISR,AUS,True,True
ISR,NZL,True,True
ISR,PNG,True,True
ISR,ARG,True,True
ISR,BOL,True,True
ISR,BRA,True,True
ISR,CHL,True,True
ISR,COL,True,True
ISR,ECU,True,True
ISR,PRY,True,True
ISR,PER,True,True
ISR,SUR,True,True
ISR,URY,True,True
ISR,VEN,True,True
JPN,DZA,True,True
JPN,AGO,True,True
JPN,BEN,True,True
JPN,BWA,True,True
JPN,BFA,True,True
JPN,BDI,True,True
JPN,CMR,True,True
JPN,CAF,True,True
JPN,TCD,True,True
JPN,COG,True,True
JPN,COD,True,True
JPN,CIV,True,True
JPN,DJI,True,True
JPN,EGY,True,True
JPN,GNQ,True,True
JPN,ERI,True,True
JPN,ETH,True,True
JPN,GAB,True,True
JPN,GHA,True,True
JPN,GIN,True,True
JPN,GNB,True,True
JPN,KEN,True,True
JPN,LSO,True,True
JPN,LBR,True,True
JPN,LBY,True,True
JPN,MDG,True,True
JPN,MWI,True,True
JPN,MLI,True,True
JPN,MRT,True,True
JPN,MAR,True,True
JPN,MOZ,True,True
JPN,NAM,True,True
JPN,NER,True,True
JPN,NGA,True,True
JPN,RWA,True,True
JPN,SEN,True,True
JPN,SLE,True,True
JPN,SOM,True,True
JPN,ZAF,True,True
JPN,SDN,True,True
JPN,SWZ,True,True
JPN,TZA,True,True
JPN,TGO,True,True
JPN,TUN,True,True
JPN,UGA,True,True
JPN,ZMB,True,True
JPN,ZWE,True,True
JPN,AFG,True,True
JPN,ARM,True,True
JPN,AZE,True,True
JPN,BGD,True,True
JPN,MMR,True,True
JPN,KHM,True,True
JPN,CHN,False,False
JPN,GEO,True,True
JPN,IND,True,True
JPN,IDN,True,True
JPN,IRN,True,True
JPN,IRQ,True,True
JPN,ISR,True,True
JPN,JPN,False,False
JPN,JOR,True,True
JPN,KAZ,True,True
JPN,LAO,True,True
JPN,LBN,True,True
JPN,MYS,True,True
JPN,MNG,True,True
JPN,NPL,True,True
JPN,OMN,True,True
JPN,PAK,True,True
JPN,PHL,True,False
JPN,QAT,True,True
JPN,SAU,True,True
JPN,KOR,False,False
JPN,LKA,True,True
JPN,SYR,True,True
JPN,TWN,False,False
JPN,TJK,True,True
JPN,THA,True,True
JPN,TUR,True,True
JPN,TKM,True,True
JPN,ARE,True,True
JPN,UZB,True,True
JPN,VNM,True,True
JPN,YEM,True,True
JPN,ALB,True,True
JPN,AUT,True,True
JPN,BLR,True,True
JPN,BEL,True,True
JPN,BIH,True,True
JPN,BGR,True,True
JPN,HRV,True,True
JPN,CYP,True,True
JPN,CZE,True,True
JPN,DNK,True,True
JPN,EST,True,True
JPN,FIN,True,True
JPN,FRA,True,True
JPN,DEU,True,True
JPN,GRC,True,True
JPN,HUN,True,True
JPN,ISL,True,True
JPN,IRL,True,True
JPN,ITA,True,True
JPN,LVA,True,True
JPN,LTU,True,True
JPN,MKD,True,True
JPN,MDA,True,True
JPN,MNE,True,True
JPN,NLD,True,True
JPN,NOR,True,True
JPN,POL,True,True
JPN,PRT,True,True
JPN,ROU,True,True
JPN,RUS,False,False
JPN,SRB,True,True
JPN,SVK,True,True
JPN,SVN,True,True
JPN,ESP,True,True
JPN,SWE,True,True
JPN,CHE,True,True
JPN,UKR,True,True
JPN,GBR,True,True
JPN,BHS,True,True
JPN,CAN,True,True
JPN,CRI,True,True
JPN,CUB,True,True
JPN,DOM,True,True
JPN,SLV,True,True
JPN,GTM,True,True
JPN,HTI,True,True
JPN,HND,True,True
JPN,JAM,True,True
JPN,MEX,True,True
JPN,NIC,True,True
JPN,PAN,True,True
JPN,USA,True,True
JPN,AUS,True,True
JPN,NZL,True,True
JPN,PNG,True,True
JPN,ARG,True,True
JPN,BOL,True,True
JPN,BRA,True,True
JPN,CHL,True,True
JPN,COL,True,True
JPN,ECU,True,True
JPN,PRY,True,True
JPN,PER,True,True
JPN,SUR,True,True
JPN,URY,True,True
JPN,VEN,True,True
JOR,DZA,True,True
JOR,AGO,True,True
JOR,BEN,True,True
JOR,BWA,True,True
JOR,BFA,True,True
JOR,BDI,True,True
JOR,CMR,True,True
JOR,CAF,True,True
JOR,TCD,True,True
JOR,COG,True,True
JOR,COD,True,True
JOR,CIV,True,True
JOR,DJI,True,True
JOR,EGY,False,False
JOR,GNQ,True,True
JOR,ERI,True,True
JOR,ETH,True,True
JOR,GAB,True,True
JOR,GHA,True,True
JOR,GIN,True,True
JOR,GNB,True,True
JOR,KEN,True,True
JOR,LSO,True,True
JOR,LBR,True,True
JOR,LBY,True,True
JOR,MDG,True,True
JOR,MWI,True,True
JOR,MLI,True,True
JOR,MRT,True,True
JOR,MAR,True,True
JOR,MOZ,True,True
JOR,NAM,True,True
JOR,NER,True,True
JOR,NGA,True,True
JOR,RWA,True,True
JOR,SEN,True,True
JOR,SLE,True,True
JOR,SOM,True,True
JOR,ZAF,True,True
JOR,SDN,True,True
JOR,SWZ,True,True
JOR,TZA,True,True
JOR,TGO,True,True
JOR,TUN,True,True
JOR,UGA,True,True
JOR,ZMB,True,True
JOR,ZWE,True,True
JOR,AFG,True,True
JOR,ARM,True,True
JOR,AZE,True,True
JOR,BGD,True,True
JOR,MMR,True,True
JOR,KHM,True,True
JOR,CHN,True,True
JOR,GEO,True,True
JOR,IND,True,True
JOR,IDN,True,True
JOR,IRN,True,True
JOR,IRQ,False,False
JOR,ISR,False,False
JOR,JPN,True,True
JOR,JOR,False,False
JOR,KAZ,True,True
JOR,LAO,True,True
JOR,LBN,False,False
JOR,MYS,True,True
JOR,MNG,True,True
JOR,NPL,True,True
JOR,OMN,True,True
JOR,PAK,True,True
JOR,PHL,True,True
JOR,QAT,True,True
JOR,SAU,False,False
JOR,KOR,True,True
JOR,LKA,True,True
JOR,SYR,False,False
JOR,TWN,True,True
JOR,TJK,True,True
JOR,THA,True,True
JOR,TUR,False,False
JOR,TKM,True,True
JOR,ARE,True,True
JOR,UZB,True,True
JOR,VNM,True,True
JOR,YEM,True,True
JOR,ALB,True,True
JOR,AUT,True,True
JOR,BLR,True,True
JOR,BEL,True,True
JOR,BIH,True,True
JOR,BGR,True,True
JOR,HRV,True,True
JOR,CYP,False,False
JOR,CZE,True,True
JOR,DNK,True,True
JOR,EST,True,True
JOR,FIN,True,True
JOR,FRA,True,True
JOR,DEU,True,True
JOR,GRC,True,True
JOR,HUN,True,True
JOR,ISL,True,True
JOR,IRL,True,True
JOR,ITA,True,True
JOR,LVA,True,True
JOR,LTU,True,True
JOR,MKD,True,True
JOR,MDA,True,True
JOR,MNE,True,True
JOR,NLD,True,True
JOR,NOR,True,True
JOR,POL,True,True
JOR,PRT,True,True
JOR,ROU,True,True
JOR,RUS,True,True
JOR,SRB,True,True
JOR,SVK,True,True
JOR,SVN,True,True
JOR,ESP,True,True
JOR,SWE,True,True
JOR,CHE,True,True
JOR,UKR,True,True
JOR,GBR,True,True
JOR,BHS,True,True
JOR,CAN,True,True
JOR,CRI,True,True
JOR,CUB,True,True
JOR,DOM,True,True
JOR,SLV,True,True
JOR,GTM,True,True
JOR,HTI,True,True
JOR,HND,True,True
JOR,JAM,True,True
JOR,MEX,True,True
JOR,NIC,True,True
JOR,PAN,True,True
JOR,USA,True,True
JOR,AUS,True,True
JOR,NZL,True,True
JOR,PNG,True,True
JOR,ARG,True,True
JOR,BOL,True,True
JOR,BRA,True,True
JOR,CHL,True,True
JOR,COL,True,True
JOR,ECU,True,True
JOR,PRY,True,True
JOR,PER,True,True
JOR,SUR,True,True
JOR,URY,True,True
JOR,VEN,True,True
KAZ,DZA,True,True
KAZ,AGO,True,True
KAZ,BEN,True,True
KAZ,BWA,True,True
KAZ,BFA,True,True
KAZ,BDI,True,True
KAZ,CMR,True,True
KAZ,CAF,True,True
KAZ,TCD,True,True
KAZ,COG,True,True
KAZ,COD,True,True
KAZ,CIV,True,True
KAZ,DJI,True,True
KAZ,EGY,True,True
KAZ,GNQ,True,True
KAZ,ERI,True,True
KAZ,ETH,True,True
KAZ,GAB,True,True
KAZ,GHA,True,True
KAZ,GIN,True,True
KAZ,GNB,True,True
KAZ,KEN,True,True
KAZ,LSO,True,True
KAZ,LBR,True,True
KAZ,LBY,True,True
KAZ,MDG,True,True
KAZ,MWI,True,True
KAZ,MLI,True,True
KAZ,MRT,True,True
KAZ,MAR,True,True
KAZ,MOZ,True,True
KAZ,NAM,True,True
KAZ,NER,True,True
KAZ,NGA,True,True
KAZ,RWA,True,True
KAZ,SEN,True,True
KAZ,SLE,True,True
KAZ,SOM,True,True
KAZ,ZAF,True,True
KAZ,SDN,True,True
KAZ,SWZ,True,True
KAZ,TZA,True,True
KAZ,TGO,True,True
KAZ,TUN,True,True
KAZ,UGA,True,True
KAZ,ZMB,True,True
KAZ,ZWE,True,True
KAZ,AFG,False,False
KAZ,ARM,True,True
KAZ,AZE,False,False
KAZ,BGD,True,True
KAZ,MMR,True,True
KAZ,KHM,True,True
KAZ,CHN,False,False
KAZ,GEO,True,False
KAZ,IND,True,True
KAZ,IDN,True,True
KAZ,IRN,False,False
KAZ,IRQ,True,True
KAZ,ISR,True,True
KAZ,JPN,True,True
KAZ,JOR,True,True
KAZ,KAZ,False,False
KAZ,LAO,True,True
KAZ,LBN,True,True
KAZ,MYS,True,True
KAZ,MNG,False,False
KAZ,NPL,True,True
KAZ,OMN,True,True
KAZ,PAK,True,True
KAZ,PHL,True,True
KAZ,QAT,True,True
KAZ,SAU,True,True
KAZ,KOR,True,True
KAZ,LKA,True,True
KAZ,SYR,True,True
KAZ,TWN,True,True
KAZ,TJK,False,False
KAZ,THA,True,True
KAZ,TUR,True,True
KAZ,TKM,False,False
KAZ,ARE,True,True
KAZ,UZB,False,False
KAZ,VNM,True,True
KAZ,YEM,True,True
KAZ,ALB,True,True
KAZ,AUT,True,True
KAZ,BLR,True,True
KAZ,BEL,True,True
KAZ,BIH,True,True
KAZ,BGR,True,True
KAZ,HRV,True,True
KAZ,CYP,True,True
KAZ,CZE,True,True
KAZ,DNK,True,True
KAZ,EST,True,True
KAZ,FIN,True,True
KAZ,FRA,True,True
KAZ,DEU,True,True
KAZ,GRC,True,True
KAZ,HUN,True,True
KAZ,ISL,True,True
KAZ,IRL,True,True
KAZ,ITA,True,True
KAZ,LVA,True,True
KAZ,LTU,True,True
KAZ,MKD,True,True
KAZ,MDA,True,True
KAZ,MNE,True,True
KAZ,NLD,True,True
KAZ,NOR,True,True
KAZ,POL,True,True
KAZ,PRT,True,True
KAZ,ROU,True,True
KAZ,RUS,False,False
KAZ,SRB,True,True
KAZ,SVK,True,True
KAZ,SVN,True,True
KAZ,ESP,True,True
KAZ,SWE,True,True
KAZ,CHE,True,True
KAZ,UKR,True,False
KAZ,GBR,True,True
KAZ,BHS,True,True
KAZ,CAN,True,True
KAZ,CRI,True,True
KAZ,CUB,True,True
KAZ,DOM,True,True
KAZ,SLV,True,True
KAZ,GTM,True,True
KAZ,HTI,True,True
KAZ,HND,True,True
KAZ,JAM,True,True
KAZ,MEX,True,True
KAZ,NIC,True,True
KAZ,PAN,True,True
KAZ,USA,True,True
KAZ,AUS,True,True
KAZ,NZL,True,True
KAZ,PNG,True,True
KAZ,ARG,True,True
KAZ,BOL,True,True
KAZ,BRA,True,True
KAZ,CHL,True,True
KAZ,COL,True,True
KAZ,ECU,True,True
KAZ,PRY,True,True
KAZ,PER,True,True
KAZ,SUR,True,True
KAZ,URY,True,True
KAZ,VEN,True,True
LAO,DZA,True,True
LAO,AGO,True,True
LAO,BEN,True,True
LAO,BWA,True,True
LAO,BFA,True,True
LAO,BDI,True,True
LAO,CMR,True,True
LAO,CAF,True,True
LAO,TCD,True,True
LAO,COG,True,True
LAO,COD,True,True
LAO,CIV,True,True
LAO,DJI,True,True
LAO,EGY,True,True
LAO,GNQ,True,True
LAO,ERI,True,True
LAO,ETH,True,True
LAO,GAB,True,True
LAO,GHA,True,True
LAO,GIN,True,True
LAO,GNB,True,True
LAO,KEN,True,True
LAO,LSO,True,True
LAO,LBR,True,True
LAO,LBY,True,True
LAO,MDG,True,True
LAO,MWI,True,True
LAO,MLI,True,True
LAO,MRT,True,True
LAO,MAR,True,True
LAO,MOZ,True,True
LAO,NAM,True,True
LAO,NER,True,True
LAO,NGA,True,True
LAO,RWA,True,True
LAO,SEN,True,True
LAO,SLE,True,True
LAO,SOM,True,True
LAO,ZAF,True,True
LAO,SDN,True,True
LAO,SWZ,True,True
LAO,TZA,True,True
LAO,TGO,True,True
LAO,TUN,True,True
LAO,UGA,True,True
LAO,ZMB,True,True
LAO,ZWE,True,True
LAO,AFG,True,True
LAO,ARM,True,True
LAO,AZE,True,True
LAO,BGD,True,True
LAO,MMR,False,False
LAO,KHM,False,False
LAO,CHN,False,False
LAO,GEO,True,True
LAO,IND,True,True
LAO,IDN,True,True
LAO,IRN,True,True
LAO,IRQ,True,True
LAO,ISR,True,True
LAO,JPN,True,True
LAO,JOR,True,True
LAO,KAZ,True,True
LAO,LAO,False,False
LAO,LBN,True,True
LAO,MYS,True,True
LAO,MNG,True,True
LAO,NPL,True,True
LAO,OMN,True,True
LAO,PAK,True,True
LAO,PHL,True,True
LAO,QAT,True,True
LAO,SAU,True,True
LAO,KOR,True,True
LAO,LKA,True,True
LAO,SYR,True,True
LAO,TWN,True,True
LAO,TJK,True,True
LAO,THA,False,False
LAO,TUR,True,True
LAO,TKM,True,True
LAO,ARE,True,True
LAO,UZB,True,True
LAO,VNM,False,False
LAO,YEM,True,True
LAO,ALB,True,True
LAO,AUT,True,True
LAO,BLR,True,True
LAO,BEL,True,True
LAO,BIH,True,True
LAO,BGR,True,True
LAO,HRV,True,True
LAO,CYP,True,True
LAO,CZE,True,True
LAO,DNK,True,True
LAO,EST,True,True
LAO,FIN,True,True
LAO,FRA,True,True
LAO,DEU,True,True
LAO,GRC,True,True
LAO,HUN,True,True
LAO,ISL,True,True
LAO,IRL,True,True
LAO,ITA,True,True
LAO,LVA,True,True
LAO,LTU,True,True
LAO,MKD,True,True
LAO,MDA,True,True
LAO,MNE,True,True
LAO,NLD,True,True
LAO,NOR,True,True
LAO,POL,True,True
LAO,PRT,True,True
LAO,ROU,True,True
LAO,RUS,True,True
LAO,SRB,True,True
LAO,SVK,True,True
LAO,SVN,True,True
LAO,ESP,True,True
LAO,SWE,True,True
LAO,CHE,True,True
LAO,UKR,True,True
LAO,GBR,True,True
LAO,BHS,True,True
LAO,CAN,True,True
LAO,CRI,True,True
LAO,CUB,True,True
LAO,DOM,True,True
LAO,SLV,True,True
LAO,GTM,True,True
LAO,HTI,True,True
LAO,HND,True,True
LAO,JAM,True,True
LAO,MEX,True,True
LAO,NIC,True,True
LAO,PAN,True,True
LAO,USA,True,True
LAO,AUS,True,True
LAO,NZL,True,True
LAO,PNG,True,True
LAO,ARG,True,True
LAO,BOL,True,True
LAO,BRA,True,True
LAO,CHL,True,True
LAO,COL,True,True
LAO,ECU,True,True
LAO,PRY,True,True
LAO,PER,True,True
LAO,SUR,True,True
LAO,URY,True,True
LAO,VEN,True,True
LBN,DZA,True,True
LBN,AGO,True,True
LBN,BEN,True,True
LBN,BWA,True,True
LBN,BFA,True,True
LBN,BDI,True,True
LBN,CMR,True,True
LBN,CAF,True,True
LBN,TCD,True,True
LBN,COG,True,True
LBN,COD,True,True
LBN,CIV,True,True
LBN,DJI,True,True
LBN,EGY,False,False
LBN,GNQ,True,True
LBN,ERI,True,True
LBN,ETH,True,True
LBN,GAB,True,True
LBN,GHA,True,True
LBN,GIN,True,True
LBN,GNB,True,True
LBN,KEN,True,True
LBN,LSO,True,True
LBN,LBR,True,True
LBN,LBY,True,True
LBN,MDG,True,True
LBN,MWI,True,True
LBN,MLI,True,True
LBN,MRT,True,True
LBN,MAR,True,True
LBN,MOZ,True,True
LBN,NAM,True,True
LBN,NER,True,True
LBN,NGA,True,True
LBN,RWA,True,True
LBN,SEN,True,True
LBN,SLE,True,True
LBN,SOM,True,True
LBN,ZAF,True,True
LBN,SDN,True,True
LBN,SWZ,True,True
LBN,TZA,True,True
LBN,TGO,True,True
LBN,TUN,True,True
LBN,UGA,True,True
LBN,ZMB,True,True
LBN,ZWE,True,True
LBN,AFG,True,True
LBN,ARM,True,True
LBN,AZE,True,True
LBN,BGD,True,True
LBN,MMR,True,True
LBN,KHM,True,True
LBN,CHN,True,True
LBN,GEO,True,True
LBN,IND,True,True
LBN,IDN,True,True
LBN,IRN,True,True
LBN,IRQ,False,False
LBN,ISR,False,False
LBN,JPN,True,True
LBN,JOR,False,False
LBN,KAZ,True,True
LBN,LAO,True,True
LBN,LBN,False,False
LBN,MYS,True,True
LBN,MNG,True,True
LBN,NPL,True,True
LBN,OMN,True,True
LBN,PAK,True,True
LBN,PHL,True,True
LBN,QAT,True,True
LBN,SAU,False,False
LBN,KOR,True,True
LBN,LKA,True,True
LBN,SYR,False,False
LBN,TWN,True,True
LBN,TJK,True,True
LBN,THA,True,True
LBN,TUR,False,False
LBN,TKM,True,True
LBN,ARE,True,True
LBN,UZB,True,True
LBN,VNM,True,True
LBN,YEM,True,True
LBN,ALB,True,True
LBN,AUT,True,True
LBN,BLR,True,True
LBN,BEL,True,True
LBN,BIH,True,True
LBN,BGR,True,True
LBN,HRV,True,True
LBN,CYP,False,False
LBN,CZE,True,True
LBN,DNK,True,True
LBN,EST,True,True
LBN,FIN,True,True
LBN,FRA,True,True
LBN,DEU,True,True
LBN,GRC,True,True
LBN,HUN,True,True
LBN,ISL,True,True
LBN,IRL,True,True
LBN,ITA,True,True
LBN,LVA,True,True
LBN,LTU,True,True
LBN,MKD,True,True
LBN,MDA,True,True
LBN,MNE,True,True
LBN,NLD,True,True
LBN,NOR,True,True
LBN,POL,True,True
LBN,PRT,True,True
LBN,ROU,True,True
LBN,RUS,True,True
LBN,SRB,True,True
LBN,SVK,True,True
LBN,SVN,True,True
LBN,ESP,True,True
LBN,SWE,True,True
LBN,CHE,True,True
LBN,UKR,True,True
LBN,GBR,True,True
LBN,BHS,True,True
LBN,CAN,True,True
LBN,CRI,True,True
LBN,CUB,True,True
LBN,DOM,True,True
LBN,SLV,True,True
LBN,GTM,True,True
LBN,HTI,True,True
LBN,HND,True,True
LBN,JAM,True,True
LBN,MEX,True,True
LBN,NIC,True,True
LBN,PAN,True,True
LBN,USA,True,True
LBN,AUS,True,True
LBN,NZL,True,True
LBN,PNG,True,True
LBN,ARG,True,True
LBN,BOL,True,True
LBN,BRA,True,True
LBN,CHL,True,True
LBN,COL,True,True
LBN,ECU,True,True
LBN,PRY,True,True
LBN,PER,True,True
LBN,SUR,True,True
LBN,URY,True,True
LBN,VEN,True,True
MYS,DZA,True,True
MYS,AGO,True,True
MYS,BEN,True,True
MYS,BWA,True,True
MYS,BFA,True,True
MYS,BDI,True,True
MYS,CMR,True,True
MYS,CAF,True,True
MYS,TCD,True,True
MYS,COG,True,True
MYS,COD,True,True
MYS,CIV,True,True
MYS,DJI,True,True
MYS,EGY,True,True
MYS,GNQ,True,True
MYS,ERI,True,True
MYS,ETH,True,True
MYS,GAB,True,True
MYS,GHA,True,True
MYS,GIN,True,True
MYS,GNB,True,True
MYS,KEN,True,True
MYS,LSO,True,True
MYS,LBR,True,True
MYS,LBY,True,True
MYS,MDG,True,True
MYS,MWI,True,True
MYS,MLI,True,True
MYS,MRT,True,True
MYS,MAR,True,True
MYS,MOZ,True,True
MYS,NAM,True,True
MYS,NER,True,True
MYS,NGA,True,True
MYS,RWA,True,True
MYS,SEN,True,True
MYS,SLE,True,True
MYS,SOM,True,True
MYS,ZAF,True,True
MYS,SDN,True,True
MYS,SWZ,True,True
MYS,TZA,True,True
MYS,TGO,True,True
MYS,TUN,True,True
MYS,UGA,True,True
MYS,ZMB,True,True
MYS,ZWE,True,True
MYS,AFG,True,True
MYS,ARM,True,True
MYS,AZE,True,True
MYS,BGD,True,True
MYS,MMR,True,False
MYS,KHM,True,False
MYS,CHN,True,True
MYS,GEO,True,True
MYS,IND,True,True
MYS,IDN,False,False
MYS,IRN,True,True
MYS,IRQ,True,True
MYS,ISR,True,True
MYS,JPN,True,True
MYS,JOR,True,True
MYS,KAZ,True,True
MYS,LAO,True,True
MYS,LBN,True,True
MYS,MYS,False,False
MYS,MNG,True,True
MYS,NPL,True,True
MYS,OMN,True,True
MYS,PAK,True,True
MYS,PHL,False,False
MYS,QAT,True,True
MYS,SAU,True,True
MYS,KOR,True,True
MYS,LKA,True,True
MYS,SYR,True,True
MYS,TWN,True,True
MYS,TJK,True,True
MYS,THA,False,False
MYS,TUR,True,True
MYS,TKM,True,True
MYS,ARE,True,True
MYS,UZB,True,True
MYS,VNM,False,False
MYS,YEM,True,True
MYS,ALB,True,True
MYS,AUT,True,True
MYS,BLR,True,True
MYS,BEL,True,True
MYS,BIH,True,True
MYS,BGR,True,True
MYS,HRV,True,True
MYS,CYP,True,True
MYS,CZE,True,True
MYS,DNK,True,True
MYS,EST,True,True
MYS,FIN,True,True
MYS,FRA,True,True
MYS,DEU,True,True
MYS,GRC,True,True
MYS,HUN,True,True
MYS,ISL,True,True
MYS,IRL,True,True
MYS,ITA,True,True
MYS,LVA,True,True
MYS,LTU,True,True
MYS,MKD,True,True
MYS,MDA,True,True
MYS,MNE,True,True
MYS,NLD,True,True
MYS,NOR,True,True
MYS,POL,True,True
MYS,PRT,True,True
MYS,ROU,True,True
MYS,RUS,True,True
MYS,SRB,True,True
MYS,SVK,True,True
MYS,SVN,True,True
MYS,ESP,True,True
MYS,SWE,True,True
MYS,CHE,True,True
MYS,UKR,True,True
MYS,GBR,True,True
MYS,BHS,True,True
MYS,CAN,True,True
MYS,CRI,True,True
MYS,CUB,True,True
MYS,DOM,True,True
MYS,SLV,True,True
MYS,GTM,True,True
MYS,HTI,True,True
MYS,HND,True,True
MYS,JAM,True,True
MYS,MEX,True,True
MYS,NIC,True,True
MYS,PAN,True,True
MYS,USA,True,True
MYS,AUS,True,True
MYS,NZL,True,True
MYS,PNG,True,True
MYS,ARG,True,True
MYS,BOL,True,True
MYS,BRA,True,True
MYS,CHL,True,True
MYS,COL,True,True
MYS,ECU,True,True
MYS,PRY,True,True
MYS,PER,True,True
MYS,SUR,True,True
MYS,URY,True,True
MYS,VEN,True,True
MNG,DZA,True,True
MNG,AGO,True,True
MNG,BEN,True,True
MNG,BWA,True,True
MNG,BFA,True,True
MNG,BDI,True,True
MNG,CMR,True,True
MNG,CAF,True,True
MNG,TCD,True,True
MNG,COG,True,True
MNG,COD,True,True
MNG,CIV,True,True
MNG,DJI,True,True
MNG,EGY,True,True
MNG,GNQ,True,True
MNG,ERI,True,True
MNG,ETH,True,True
MNG,GAB,True,True
MNG,GHA,True,True
MNG,GIN,True,True
MNG,GNB,True,True
MNG,KEN,True,True
MNG,LSO,True,True
MNG,LBR,True,True
MNG,LBY,True,True
MNG,MDG,True,True
MNG,MWI,True,True
MNG,MLI,True,True
MNG,MRT,True,True
MNG,MAR,True,True
MNG,MOZ,True,True
MNG,NAM,True,True
MNG,NER,True,True
MNG,NGA,True,True
MNG,RWA,True,True
MNG,SEN,True,True
MNG,SLE,True,True
MNG,SOM,True,True
MNG,ZAF,True,True
MNG,SDN,True,True
MNG,SWZ,True,True
MNG,TZA,True,True
MNG,TGO,True,True
MNG,TUN,True,True
MNG,UGA,True,True
MNG,ZMB,True,True
MNG,ZWE,True,True
MNG,AFG,True,True
MNG,ARM,True,True
MNG,AZE,True,True
MNG,BGD,True,True
MNG,MMR,True,True
MNG,KHM,True,True
MNG,CHN,False,False
MNG,GEO,True,True
MNG,IND,True,True
MNG,IDN,True,True
MNG,IRN,True,True
MNG,IRQ,True,True
MNG,ISR,True,True
MNG,JPN,True,True
MNG,JOR,True,True
MNG,KAZ,False,False
MNG,LAO,True,True
MNG,LBN,True,True
MNG,MYS,True,True
MNG,MNG,False,False
MNG,NPL,True,True
MNG,OMN,True,True
MNG,PAK,True,True
MNG,PHL,True,True
MNG,QAT,True,True
MNG,SAU,True,True
MNG,KOR,True,True
MNG,LKA,True,True
MNG,SYR,True,True
MNG,TWN,True,True
MNG,TJK,True,True
MNG,THA,True,True
MNG,TUR,True,True
MNG,TKM,True,True
MNG,ARE,True,True
MNG,UZB,True,True
MNG,VNM,True,True
MNG,YEM,True,True
MNG,ALB,True,True
MNG,AUT,True,True
MNG,BLR,True,True
MNG,BEL,True,True
MNG,BIH,True,True
MNG,BGR,True,True
MNG,HRV,True,True
MNG,CYP,True,True
MNG,CZE,True,True
MNG,DNK,True,True
MNG,EST,True,True
MNG,FIN,True,True
MNG,FRA,True,True
MNG,DEU,True,True
MNG,GRC,True,True
MNG,HUN,True,True
MNG,ISL,True,True
MNG,IRL,True,True
MNG,ITA,True,True
MNG,LVA,True,True
MNG,LTU,True,True
MNG,MKD,True,True
MNG,MDA,True,True
MNG,MNE,True,True
MNG,NLD,True,True
MNG,NOR,True,True
MNG,POL,True,True
MNG,PRT,True,True
MNG,ROU,True,True
MNG,RUS,False,False
MNG,SRB,True,True
MNG,SVK,True,True
MNG,SVN,True,True
MNG,ESP,True,True
MNG,SWE,True,True
MNG,CHE,True,True
MNG,UKR,True,True
MNG,GBR,True,True
MNG,BHS,True,True
MNG,CAN,True,True
MNG,CRI,True,True
MNG,CUB,True,True
MNG,DOM,True,True
MNG,SLV,True,True
MNG,GTM,True,True
MNG,HTI,True,True
MNG,HND,True,True
MNG,JAM,True,True
MNG,MEX,True,True
MNG,NIC,True,True
MNG,PAN,True,True
MNG,USA,True,True
MNG,AUS,True,True
MNG,NZL,True,True
MNG,PNG,True,True
MNG,ARG,True,True
MNG,BOL,True,True
MNG,BRA,True,True
MNG,CHL,True,True
MNG,COL,True,True
MNG,ECU,True,True
MNG,PRY,True,True
MNG,PER,True,True
MNG,SUR,True,True
MNG,URY,True,True
MNG,VEN,True,True
NPL,DZA,True,True
NPL,AGO,True,True
NPL,BEN,True,True
NPL,BWA,True,True
NPL,BFA,True,True
NPL,BDI,True,True
NPL,CMR,True,True
NPL,CAF,True,True
NPL,TCD,True,True
NPL,COG,True,True
NPL,COD,True,True
NPL,CIV,True,True
NPL,DJI,True,True
NPL,EGY,True,True
NPL,GNQ,True,True
NPL,ERI,True,True
NPL,ETH,True,True
NPL,GAB,True,True
NPL,GHA,True,True
NPL,GIN,True,True
NPL,GNB,True,True
NPL,KEN,True,True
NPL,LSO,True,True
NPL,LBR,True,True
NPL,LBY,True,True
NPL,MDG,True,True
NPL,MWI,True,True
NPL,MLI,True,True
NPL,MRT,True,True
NPL,MAR,True,True
NPL,MOZ,True,True
NPL,NAM,True,True
NPL,NER,True,True
NPL,NGA,True,True
NPL,RWA,True,True
NPL,SEN,True,True
NPL,SLE,True,True
NPL,SOM,True,True
NPL,ZAF,True,True
NPL,SDN,True,True
NPL,SWZ,True,True
NPL,TZA,True,True
NPL,TGO,True,True
NPL,TUN,True,True
NPL,UGA,True,True
NPL,ZMB,True,True
NPL,ZWE,True,True
NPL,AFG,True,True
NPL,ARM,True,True
NPL,AZE,True,True
NPL,BGD,False,False
NPL,MMR,True,True
NPL,KHM,True,True
NPL,CHN,False,False
NPL,GEO,True,True
NPL,IND,False,False
NPL,IDN,True,True
NPL,IRN,True,True
NPL,IRQ,True,True
NPL,ISR,True,True
NPL,JPN,True,True
NPL,JOR,True,True
NPL,KAZ,True,True
NPL,LAO,True,True
NPL,LBN,True,True
NPL,MYS,True,True
NPL,MNG,True,True
NPL,NPL,False,False
NPL,OMN,True,True
NPL,PAK,True,True
NPL,PHL,True,True
NPL,QAT,True,True
NPL,SAU,True,True
NPL,KOR,True,True
NPL,LKA,True,True
NPL,SYR,True,True
NPL,TWN,True,True
NPL,TJK,True,True
NPL,THA,True,True
NPL,TUR,True,True
NPL,TKM,True,True
NPL,ARE,True,True
NPL,UZB,True,True
NPL,VNM,True,True
NPL,YEM,True,True
NPL,ALB,True,True
NPL,AUT,True,True
NPL,BLR,True,True
NPL,BEL,True,True
NPL,BIH,True,True
NPL,BGR,True,True
NPL,HRV,True,True
NPL,CYP,True,True
NPL,CZE,True,True
NPL,DNK,True,True
NPL,EST,True,True
NPL,FIN,True,True
NPL,FRA,True,True
NPL,DEU,True,True
NPL,GRC,True,True
NPL,HUN,True,True
NPL,ISL,True,True
NPL,IRL,True,True
NPL,ITA,True,True
NPL,LVA,True,True
NPL,LTU,True,True
NPL,MKD,True,True
NPL,MDA,True,True
NPL,MNE,True,True
NPL,NLD,True,True
NPL,NOR,True,True
NPL,POL,True,True
NPL,PRT,True,True
NPL,ROU,True,True
NPL,RUS,True,True
NPL,SRB,True,True
NPL,SVK,True,True
NPL,SVN,True,True
NPL,ESP,True,True
NPL,SWE,True,True
NPL,CHE,True,True
NPL,UKR,True,True
NPL,GBR,True,True
NPL,BHS,True,True
NPL,CAN,True,True
NPL,CRI,True,True
NPL,CUB,True,True
NPL,DOM,True,True
NPL,SLV,True,True
NPL,GTM,True,True
NPL,HTI,True,True
NPL,HND,True,True
NPL,JAM,True,True
NPL,MEX,True,True
NPL,NIC,True,True
NPL,PAN,True,True
NPL,USA,True,True
NPL,AUS,True,True
NPL,NZL,True,True
NPL,PNG,True,True
NPL,ARG,True,True
NPL,BOL,True,True
NPL,BRA,True,True
NPL,CHL,True,True
NPL,COL,True,True
NPL,ECU,True,True
NPL,PRY,True,True
NPL,PER,True,True
NPL,SUR,True,True
NPL,URY,True,True
NPL,VEN,True,True
OMN,DZA,True,True
OMN,AGO,True,True
OMN,BEN,True,True
OMN,BWA,True,True
OMN,BFA,True,True
OMN,BDI,True,True
OMN,CMR,True,True
OMN,CAF,True,True
OMN,TCD,True,True
OMN,COG,True,True
OMN,COD,True,True
OMN,CIV,True,True
OMN,DJI,True,True
OMN,EGY,True,True
OMN,GNQ,True,True
OMN,ERI,True,True
OMN,ETH,True,True
OMN,GAB,True,True
OMN,GHA,True,True
OMN,GIN,True,True
OMN,GNB,True,True
OMN,KEN,True,True
OMN,LSO,True,True
OMN,LBR,True,True
OMN,LBY,True,True
OMN,MDG,True,True
OMN,MWI,True,True
OMN,MLI,True,True
OMN,MRT,True,True
OMN,MAR,True,True
OMN,MOZ,True,True
OMN,NAM,True,True
OMN,NER,True,True
OMN,NGA,True,True
OMN,RWA,True,True
OMN,SEN,True,True
OMN,SLE,True,True
OMN,SOM,True,True
OMN,ZAF,True,True
OMN,SDN,True,True
OMN,SWZ,True,True
OMN,TZA,True,True
OMN,TGO,True,True
OMN,TUN,True,True
OMN,UGA,True,True
OMN,ZMB,True,True
OMN,ZWE,True,True
OMN,AFG,True,True
OMN,ARM,True,True
OMN,AZE,True,True
OMN,BGD,True,True
OMN,MMR,True,True
OMN,KHM,True,True
OMN,CHN,True,True
OMN,GEO,True,True
OMN,IND,True,True
OMN,IDN,True,True
OMN,IRN,False,False
OMN,IRQ,True,True
OMN,ISR,True,True
OMN,JPN,True,True
OMN,JOR,True,True
OMN,KAZ,True,True
OMN,LAO,True,True
OMN,LBN,True,True
OMN,MYS,True,True
OMN,MNG,True,True
OMN,NPL,True,True
OMN,OMN,False,False
OMN,PAK,False,False
OMN,PHL,True,True
OMN,QAT,False,False
OMN,SAU,False,False
OMN,KOR,True,True
OMN,LKA,True,True
OMN,SYR,True,True
OMN,TWN,True,True
OMN,TJK,True,True
OMN,THA,True,True
OMN,TUR,True,True
OMN,TKM,True,True
OMN,ARE,False,False
OMN,UZB,True,True
OMN,VNM,True,True
OMN,YEM,False,False
OMN,ALB,True,True
OMN,AUT,True,True
OMN,BLR,True,True
OMN,BEL,True,True
OMN,BIH,True,True
OMN,BGR,True,True
OMN,HRV,True,True
OMN,CYP,True,True
OMN,CZE,True,True
OMN,DNK,True,True
OMN,EST,True,True
OMN,FIN,True,True
OMN,FRA,True,True
OMN,DEU,True,True
OMN,GRC,True,True
OMN,HUN,True,True
OMN,ISL,True,True
OMN,IRL,True,True
OMN,ITA,True,True
OMN,LVA,True,True
OMN,LTU,True,True
OMN,MKD,True,True
OMN,MDA,True,True
OMN,MNE,True,True
OMN,NLD,True,True
OMN,NOR,True,True
OMN,POL,True,True
OMN,PRT,True,True
OMN,ROU,True,True
OMN,RUS,True,True
OMN,SRB,True,True
OMN,SVK,True,True
OMN,SVN,True,True
OMN,ESP,True,True
OMN,SWE,True,True
OMN,CHE,True,True
OMN,UKR,True,True
OMN,GBR,True,True
OMN,BHS,True,True
OMN,CAN,True,True
OMN,CRI,True,True
OMN,CUB,True,True
OMN,DOM,True,True
OMN,SLV,True,True
OMN,GTM,True,True
OMN,HTI,True,True
OMN,HND,True,True
OMN,JAM,True,True
OMN,MEX,True,True
OMN,NIC,True,True
OMN,PAN,True,True
OMN,USA,True,True
OMN,AUS,True,True
OMN,NZL,True,True
OMN,PNG,True,True
OMN,ARG,True,True
OMN,BOL,True,True
OMN,BRA,True,True
OMN,CHL,True,True
OMN,COL,True,True
OMN,ECU,True,True
OMN,PRY,True,True
OMN,PER,True,True
OMN,SUR,True,True
OMN,URY,True,True
OMN,VEN,True,True
PAK,DZA,True,True
PAK,AGO,True,True
PAK,BEN,True,True
PAK,BWA,True,True
PAK,BFA,True,True
PAK,BDI,True,True
PAK,CMR,True,True
PAK,CAF,True,True
PAK,TCD,True,True
PAK,COG,True,True
PAK,COD,True,True
PAK,CIV,True,True
PAK,DJI,True,True
PAK,EGY,True,True
PAK,GNQ,True,True
PAK,ERI,True,True
PAK,ETH,True,True
PAK,GAB,True,True
PAK,GHA,True,True
PAK,GIN,True,True
PAK,GNB,True,True
PAK,KEN,True,True
PAK,LSO,True,True
PAK,LBR,True,True
PAK,LBY,True,True
PAK,MDG,True,True
PAK,MWI,True,True
PAK,MLI,True,True
PAK,MRT,True,True
PAK,MAR,True,True
PAK,MOZ,True,True
PAK,NAM,True,True
PAK,NER,True,True
PAK,NGA,True,True
PAK,RWA,True,True
PAK,SEN,True,True
PAK,SLE,True,True
PAK,SOM,True,True
PAK,ZAF,True,True
PAK,SDN,True,True
PAK,SWZ,True,True
PAK,TZA,True,True
PAK,TGO,True,True
PAK,TUN,True,True
PAK,UGA,True,True
PAK,ZMB,True,True
PAK,ZWE,True,True
PAK,AFG,False,False
PAK,ARM,True,True
PAK,AZE,True,True
PAK,BGD,True,True
PAK,MMR,True,True
PAK,KHM,True,True
PAK,CHN,False,False
PAK,GEO,True,True
PAK,IND,False,False
PAK,IDN,True,True
PAK,IRN,False,False
PAK,IRQ,True,True
PAK,ISR,True,True
PAK,JPN,True,True
PAK,JOR,True,True
PAK,KAZ,True,True
PAK,LAO,True,True
PAK,LBN,True,True
PAK,MYS,True,True
PAK,MNG,True,True
PAK,NPL,True,True
PAK,OMN,False,False
PAK,PAK,False,False
PAK,PHL,True,True
PAK,QAT,True,True
PAK,SAU,True,True
PAK,KOR,True,True
PAK,LKA,True,True
PAK,SYR,True,True
PAK,TWN,True,True
PAK,TJK,False,False
PAK,THA,True,True
PAK,TUR,True,True
PAK,TKM,True,False
PAK,ARE,True,False
PAK,UZB,False,False
PAK,VNM,True,True
PAK,YEM,True,True
PAK,ALB,True,True
PAK,AUT,True,True
PAK,BLR,True,True
PAK,BEL,True,True
PAK,BIH,True,True
PAK,BGR,True,True
PAK,HRV,True,True
PAK,CYP,True,True
PAK,CZE,True,True
PAK,DNK,True,True
PAK,EST,True,True
PAK,FIN,True,True
PAK,FRA,True,True
PAK,DEU,True,True
PAK,GRC,True,True
PAK,HUN,True,True
PAK,ISL,True,True
PAK,IRL,True,True
PAK,ITA,True,True
PAK,LVA,True,True
PAK,LTU,True,True
PAK,MKD,True,True
PAK,MDA,True,True
PAK,MNE,True,True
PAK,NLD,True,True
PAK,NOR,True,True
PAK,POL,True,True
PAK,PRT,True,True
PAK,ROU,True,True
PAK,RUS,True,True
PAK,SRB,True,True
PAK,SVK,True,True
PAK,SVN,True,True
PAK,ESP,True,True
PAK,SWE,True,True
PAK,CHE,True,True
PAK,UKR,True,True
PAK,GBR,True,True
PAK,BHS,True,True
PAK,CAN,True,True
PAK,CRI,True,True
PAK,CUB,True,True
PAK,DOM,True,True
PAK,SLV,True,True
PAK,GTM,True,True
PAK,HTI,True,True
PAK,HND,True,True
PAK,JAM,True,True
PAK,MEX,True,True
PAK,NIC,True,True
PAK,PAN,True,True
PAK,USA,True,True
PAK,AUS,True,True
PAK,NZL,True,True
PAK,PNG,True,True
PAK,ARG,True,True
PAK,BOL,True,True
PAK,BRA,True,True
PAK,CHL,True,True
PAK,COL,True,True
PAK,ECU,True,True
PAK,PRY,True,True
PAK,PER,True,True
PAK,SUR,True,True
PAK,URY,True,True
PAK,VEN,True,True
PHL,DZA,True,True
PHL,AGO,True,True
PHL,BEN,True,True
PHL,BWA,True,True
PHL,BFA,True,True
PHL,BDI,True,True
PHL,CMR,True,True
PHL,CAF,True,True
PHL,TCD,True,True
PHL,COG,True,True
PHL,COD,True,True
PHL,CIV,True,True
PHL,DJI,True,True
PHL,EGY,True,True
PHL,GNQ,True,True
PHL,ERI,True,True
PHL,ETH,True,True
PHL,GAB,True,True
PHL,GHA,True,True
PHL,GIN,True,True
PHL,GNB,True,True
PHL,KEN,True,True
PHL,LSO,True,True
PHL,LBR,True,True
PHL,LBY,True,True
PHL,MDG,True,True
PHL,MWI,True,True
PHL,MLI,True,True
PHL,MRT,True,True
PHL,MAR,True,True
PHL,MOZ,True,True
PHL,NAM,True,True
PHL,NER,True,True
PHL,NGA,True,True
PHL,RWA,True,True
PHL,SEN,True,True
PHL,SLE,True,True
PHL,SOM,True,True
PHL,ZAF,True,True
PHL,SDN,True,True
PHL,SWZ,True,True
PHL,TZA,True,True
PHL,TGO,True,True
PHL,TUN,True,True
PHL,UGA,True,True
PHL,ZMB,True,True
PHL,ZWE,True,True
PHL,AFG,True,True
PHL,ARM,True,True
PHL,AZE,True,True
PHL,BGD,True,True
PHL,MMR,True,True
PHL,KHM,True,True
PHL,CHN,True,False
PHL,GEO,True,True
PHL,IND,True,True
PHL,IDN,False,False
PHL,IRN,True,True
PHL,IRQ,True,True
PHL,ISR,True,True
PHL,JPN,True,False
PHL,JOR,True,True
PHL,KAZ,True,True
PHL,LAO,True,True
PHL,LBN,True,True
PHL,MYS,False,False
PHL,MNG,True,True
PHL,NPL,True,True
PHL,OMN,True,True
PHL,PAK,True,True
PHL,PHL,False,False
PHL,QAT,True,True
PHL,SAU,True,True
PHL,KOR,True,True
PHL,LKA,True,True
PHL,SYR,True,True
PHL,TWN,False,False
PHL,TJK,True,True
PHL,THA,True,True
PHL,TUR,True,True
PHL,TKM,True,True
PHL,ARE,True,True
PHL,UZB,True,True
PHL,VNM,True,True
PHL,YEM,True,True
PHL,ALB,True,True
PHL,AUT,True,True
PHL,BLR,True,True
PHL,BEL,True,True
PHL,BIH,True,True
PHL,BGR,True,True
PHL,HRV,True,True
PHL,CYP,True,True
PHL,CZE,True,True
PHL,DNK,True,True
PHL,EST,True,True
PHL,FIN,True,True
PHL,FRA,True,True
PHL,DEU,True,True
PHL,GRC,True,True
PHL,HUN,True,True
PHL,ISL,True,True
PHL,IRL,True,True
PHL,ITA,True,True
PHL,LVA,True,True
PHL,LTU,True,True
PHL,MKD,True,True
PHL,MDA,True,True
PHL,MNE,True,True
PHL,NLD,True,True
PHL,NOR,True,True
PHL,POL,True,True
PHL,PRT,True,True
PHL,ROU,True,True
PHL,RUS,True,True
PHL,SRB,True,True
PHL,SVK,True,True
PHL,SVN,True,True
PHL,ESP,True,True
PHL,SWE,True,True
PHL,CHE,True,True
PHL,UKR,True,True
PHL,GBR,True,True
PHL,BHS,True,True
PHL,CAN,True,True
PHL,CRI,True,True
PHL,CUB,True,True
PHL,DOM,True,True
PHL,SLV,True,True
PHL,GTM,True,True
PHL,HTI,True,True
PHL,HND,True,True
PHL,JAM,True,True
PHL,MEX,True,True
PHL,NIC,True,True
PHL,PAN,True,True
PHL,USA,True,True
PHL,AUS,True,True
PHL,NZL,True,True
PHL,PNG,True,True
PHL,ARG,True,True
PHL,BOL,True,True
PHL,BRA,True,True
PHL,CHL,True,True
PHL,COL,True,True
PHL,ECU,True,True
PHL,PRY,True,True
PHL,PER,True,True
PHL,SUR,True,True
PHL,URY,True,True
PHL,VEN,True,True
QAT,DZA,True,True
QAT,AGO,True,True
QAT,BEN,True,True
QAT,BWA,True,True
QAT,BFA,True,True
QAT,BDI,True,True
QAT,CMR,True,True
QAT,CAF,True,True
QAT,TCD,True,True
QAT,COG,True,True
QAT,COD,True,True
QAT,CIV,True,True
QAT,DJI,True,True
QAT,EGY,True,True
QAT,GNQ,True,True
QAT,ERI,True,True
QAT,ETH,True,True
QAT,GAB,True,True
QAT,GHA,True,True
QAT,GIN,True,True
QAT,GNB,True,True
QAT,KEN,True,True
QAT,LSO,True,True
QAT,LBR,True,True
QAT,LBY,True,True
QAT,MDG,True,True
QAT,MWI,True,True
QAT,MLI,True,True
QAT,MRT,True,True
QAT,MAR,True,True
QAT,MOZ,True,True
QAT,NAM,True,True
QAT,NER,True,True
QAT,NGA,True,True
QAT,RWA,True,True
QAT,SEN,True,True
QAT,SLE,True,True
QAT,SOM,True,True
QAT,ZAF,True,True
QAT,SDN,True,True
QAT,SWZ,True,True
QAT,TZA,True,True
QAT,TGO,True,True
QAT,TUN,True,True
QAT,UGA,True,True
QAT,ZMB,True,True
QAT,ZWE,True,True
QAT,AFG,True,True
QAT,ARM,True,True
QAT,AZE,True,True
QAT,BGD,True,True
QAT,MMR,True,True
QAT,KHM,True,True
QAT,CHN,True,True
QAT,GEO,True,True
QAT,IND,True,True
QAT,IDN,True,True
QAT,IRN,False,False
QAT,IRQ,True,False
QAT,ISR,True,True
QAT,JPN,True,True
QAT,JOR,True,True
QAT,KAZ,True,True
QAT,LAO,True,True
QAT,LBN,True,True
QAT,MYS,True,True
QAT,MNG,True,True
QAT,NPL,True,True
QAT,OMN,False,False
QAT,PAK,True,True
QAT,PHL,True,True
QAT,QAT,False,False
QAT,SAU,False,False
QAT,KOR,True,True
QAT,LKA,True,True
QAT,SYR,True,True
QAT,TWN,True,True
QAT,TJK,True,True
QAT,THA,True,True
QAT,TUR,True,True
QAT,TKM,True,True
QAT,ARE,False,False
QAT,UZB,True,True
QAT,VNM,True,True
QAT,YEM,True,True
QAT,ALB,True,True
QAT,AUT,True,True
QAT,BLR,True,True
QAT,BEL,True,True
QAT,BIH,True,True
QAT,BGR,True,True
QAT,HRV,True,True
QAT,CYP,True,True
QAT,CZE,True,True
QAT,DNK,True,True
QAT,EST,True,True
QAT,FIN,True,True
QAT,FRA,True,True
QAT,DEU,True,True
QAT,GRC,True,True
QAT,HUN,True,True
QAT,ISL,True,True
QAT,IRL,True,True
QAT,ITA,True,True
QAT,LVA,True,True
QAT,LTU,True,True
QAT,MKD,True,True
QAT,MDA,True,True
QAT,MNE,True,True
QAT,NLD,True,True
QAT,NOR,True,True
QAT,POL,True,True
QAT,PRT,True,True
QAT,ROU,True,True
QAT,RUS,True,True
QAT,SRB,True,True
QAT,SVK,True,True
QAT,SVN,True,True
QAT,ESP,True,True
QAT,SWE,True,True
QAT,CHE,True,True
QAT,UKR,True,True
QAT,GBR,True,True
QAT,BHS,True,True
QAT,CAN,True,True
QAT,CRI,True,True
QAT,CUB,True,True
QAT,DOM,True,True
QAT,SLV,True,True
QAT,GTM,True,True
QAT,HTI,True,True
QAT,HND,True,True
QAT,JAM,True,True
QAT,MEX,True,True
QAT,NIC,True,True
QAT,PAN,True,True
QAT,USA,True,True
QAT,AUS,True,True
QAT,NZL,True,True
QAT,PNG,True,True
QAT,ARG,True,True
QAT,BOL,True,True
QAT,BRA,True,True
QAT,CHL,True,True
QAT,COL,True,True
QAT,ECU,True,True
QAT,PRY,True,True
QAT,PER,True,True
QAT,SUR,True,True
QAT,URY,True,True
QAT,VEN,True,True
SAU,DZA,True,True
SAU,AGO,True,True
SAU,BEN,True,True
SAU,BWA,True,True
SAU,BFA,True,True
SAU,BDI,True,True
SAU,CMR,True,True
SAU,CAF,True,True
SAU,TCD,True,True
SAU,COG,True,True
SAU,COD,True,True
SAU,CIV,True,True
SAU,DJI,True,False
SAU,EGY,False,False
SAU,GNQ,True,True
SAU,ERI,False,False
SAU,ETH,False,False
SAU,GAB,True,True
SAU,GHA,True,True
SAU,GIN,True,True
SAU,GNB,True,True
SAU,KEN,True,True
SAU,LSO,True,True
SAU,LBR,True,True
SAU,LBY,True,True
SAU,MDG,True,True
SAU,MWI,True,True
SAU,MLI,True,True
SAU,MRT,True,True
SAU,MAR,True,True
SAU,MOZ,True,True
SAU,NAM,True,True
SAU,NER,True,True
SAU,NGA,True,True
SAU,RWA,True,True
SAU,SEN,True,True
SAU,SLE,True,True
SAU,SOM,True,False
SAU,ZAF,True,True
SAU,SDN,False,False
SAU,SWZ,True,True
SAU,TZA,True,True
SAU,TGO,True,True
SAU,TUN,True,True
SAU,UGA,True,True
SAU,ZMB,True,True
SAU,ZWE,True,True
SAU,AFG,True,True
SAU,ARM,True,True
SAU,AZE,True,True
SAU,BGD,True,True
SAU,MMR,True,True
SAU,KHM,True,True
SAU,CHN,True,True
SAU,GEO,True,True
SAU,IND,True,True
SAU,IDN,True,True
SAU,IRN,False,False
SAU,IRQ,False,False
SAU,ISR,False,False
SAU,JPN,True,True
SAU,JOR,False,False
SAU,KAZ,True,True
SAU,LAO,True,True
SAU,LBN,False,False
SAU,MYS,True,True
SAU,MNG,True,True
SAU,NPL,True,True
SAU,OMN,False,False
SAU,PAK,True,True
SAU,PHL,True,True
SAU,QAT,False,False
SAU,SAU,False,False
SAU,KOR,True,True
SAU,LKA,True,True
SAU,SYR,False,False
SAU,TWN,True,True
SAU,TJK,True,True
SAU,THA,True,True
SAU,TUR,True,False
SAU,TKM,True,True
SAU,ARE,False,False
SAU,UZB,True,True
SAU,VNM,True,True
SAU,YEM,False,False
SAU,ALB,True,True
SAU,AUT,True,True
SAU,BLR,True,True
SAU,BEL,True,True
SAU,BIH,True,True
SAU,BGR,True,True
SAU,HRV,True,True
SAU,CYP,True,False
SAU,CZE,True,True
SAU,DNK,True,True
SAU,EST,True,True
SAU,FIN,True,True
SAU,FRA,True,True
SAU,DEU,True,True
SAU,GRC,True,True
SAU,HUN,True,True
SAU,ISL,True,True
SAU,IRL,True,True
SAU,ITA,True,True
SAU,LVA,True,True
SAU,LTU,True,True
SAU,MKD,True,True
SAU,MDA,True,True
SAU,MNE,True,True
SAU,NLD,True,True
SAU,NOR,True,True
SAU,POL,True,True
SAU,PRT,True,True
SAU,ROU,True,True
SAU,RUS,True,True
SAU,SRB,True,True
SAU,SVK,True,True
SAU,SVN,True,True
SAU,ESP,True,True
SAU,SWE,True,True
SAU,CHE,True,True
SAU,UKR,True,True
SAU,GBR,True,True
SAU,BHS,True,True
SAU,CAN,True,True
SAU,CRI,True,True
SAU,CUB,True,True
SAU,DOM,True,True
SAU,SLV,True,True
SAU,GTM,True,True
SAU,HTI,True,True
SAU,HND,True,True
SAU,JAM,True,True
SAU,MEX,True,True
SAU,NIC,True,True
SAU,PAN,True,True
SAU,USA,True,True
SAU,AUS,True,True
SAU,NZL,True,True
SAU,PNG,True,True
SAU,ARG,True,True
SAU,BOL,True,True
SAU,BRA,True,True
SAU,CHL,True,True
SAU,COL,True,True
SAU,ECU,True,True
SAU,PRY,True,True
SAU,PER,True,True
SAU,SUR,True,True
SAU,URY,True,True
SAU,VEN,True,True
KOR,DZA,True,True
KOR,AGO,True,True
KOR,BEN,True,True
KOR,BWA,True,True
KOR,BFA,True,True
KOR,BDI,True,True
KOR,CMR,True,True
KOR,CAF,True,True
KOR,TCD,True,True
KOR,COG,True,True
KOR,COD,True,True
KOR,CIV,True,True
KOR,DJI,True,True
KOR,EGY,True,True
KOR,GNQ,True,True
KOR,ERI,True,True
KOR,ETH,True,True
KOR,GAB,True,True
KOR,GHA,True,True
KOR,GIN,True,True
KOR,GNB,True,True
KOR,KEN,True,True
KOR,LSO,True,True
KOR,LBR,True,True
KOR,LBY,True,True
KOR,MDG,True,True
KOR,MWI,True,True
KOR,MLI,True,True
KOR,MRT,True,True
KOR,MAR,True,True
KOR,MOZ,True,True
KOR,NAM,True,True
KOR,NER,True,True
KOR,NGA,True,True
KOR,RWA,True,True
KOR,SEN,True,True
KOR,SLE,True,True
KOR,SOM,True,True
KOR,ZAF,True,True
KOR,SDN,True,True
KOR,SWZ,True,True
KOR,TZA,True,True
KOR,TGO,True,True
KOR,TUN,True,True
KOR,UGA,True,True
KOR,ZMB,True,True
KOR,ZWE,True,True
KOR,AFG,True,True
KOR,ARM,True,True
KOR,AZE,True,True
KOR,BGD,True,True
KOR,MMR,True,True
KOR,KHM,True,True
KOR,CHN,False,False
KOR,GEO,True,True
KOR,IND,True,True
KOR,IDN,True,True
KOR,IRN,True,True
KOR,IRQ,True,True
KOR,ISR,True,True
KOR,JPN,False,False
KOR,JOR,True,True
KOR,KAZ,True,True
KOR,LAO,True,True
KOR,LBN,True,True
KOR,MYS,True,True
KOR,MNG,True,True
KOR,NPL,True,True
KOR,OMN,True,True
KOR,PAK,True,True
KOR,PHL,True,True
KOR,QAT,True,True
KOR,SAU,True,True
KOR,KOR,False,False
KOR,LKA,True,True
KOR,SYR,True,True
KOR,TWN,True,True
KOR,TJK,True,True
KOR,THA,True,True
KOR,TUR,True,True
KOR,TKM,True,True
KOR,ARE,True,True
KOR,UZB,True,True
KOR,VNM,True,True
KOR,YEM,True,True
KOR,ALB,True,True
KOR,AUT,True,True
KOR,BLR,True,True
KOR,BEL,True,True
KOR,BIH,True,True
KOR,BGR,True,True
KOR,HRV,True,True
KOR,CYP,True,True
KOR,CZE,True,True
KOR,DNK,True,True
KOR,EST,True,True
KOR,FIN,True,True
KOR,FRA,True,True
KOR,DEU,True,True
KOR,GRC,True,True
KOR,HUN,True,True
KOR,ISL,True,True
KOR,IRL,True,True
KOR,ITA,True,True
KOR,LVA,True,True
KOR,LTU,True,True
KOR,MKD,True,True
KOR,MDA,True,True
KOR,MNE,True,True
KOR,NLD,True,True
KOR,NOR,True,True
KOR,POL,True,True
KOR,PRT,True,True
KOR,ROU,True,True
KOR,RUS,True,False
KOR,SRB,True,True
KOR,SVK,True,True
KOR,SVN,True,True
KOR,ESP,True,True
KOR,SWE,True,True
KOR,CHE,True,True
KOR,UKR,True,True
KOR,GBR,True,True
KOR,BHS,True,True
KOR,CAN,True,True
KOR,CRI,True,True
KOR,CUB,True,True
KOR,DOM,True,True
KOR,SLV,True,True
KOR,GTM,True,True
KOR,HTI,True,True
KOR,HND,True,True
KOR,JAM,True,True
KOR,MEX,True,True
KOR,NIC,True,True
KOR,PAN,True,True
KOR,USA,True,True
KOR,AUS,True,True
KOR,NZL,True,True
KOR,PNG,True,True
KOR,ARG,True,True
KOR,BOL,True,True
KOR,BRA,True,True
KOR,CHL,True,True
KOR,COL,True,True
KOR,ECU,True,True
KOR,PRY,True,True
KOR,PER,True,True
KOR,SUR,True,True
KOR,URY,True,True
KOR,VEN,True,True
LKA,DZA,True,True
LKA,AGO,True,True
LKA,BEN,True,True
LKA,BWA,True,True
LKA,BFA,True,True
LKA,BDI,True,True
LKA,CMR,True,True
LKA,CAF,True,True
LKA,TCD,True,True
LKA,COG,True,True
LKA,COD,True,True
LKA,CIV,True,True
LKA,DJI,True,True
LKA,EGY,True,True
LKA,GNQ,True,True
LKA,ERI,True,True
LKA,ETH,True,True
LKA,GAB,True,True
LKA,GHA,True,True
LKA,GIN,True,True
LKA,GNB,True,True
LKA,KEN,True,True
LKA,LSO,True,True
LKA,LBR,True,True
LKA,LBY,True,True
LKA,MDG,True,True
LKA,MWI,True,True
LKA,MLI,True,True
LKA,MRT,True,True
LKA,MAR,True,True
LKA,MOZ,True,True
LKA,NAM,True,True
LKA,NER,True,True
LKA,NGA,True,True
LKA,RWA,True,True
LKA,SEN,True,True
LKA,SLE,True,True
LKA,SOM,True,True
LKA,ZAF,True,True
LKA,SDN,True,True
LKA,SWZ,True,True
LKA,TZA,True,True
LKA,TGO,True,True
LKA,TUN,True,True
LKA,UGA,True,True
LKA,ZMB,True,True
LKA,ZWE,True,True
LKA,AFG,True,True
LKA,ARM,True,True
LKA,AZE,True,True
LKA,BGD,True,True
LKA,MMR,True,True
LKA,KHM,True,True
LKA,CHN,True,True
LKA,GEO,True,True
LKA,IND,False,False
LKA,IDN,True,True
LKA,IRN,True,True
LKA,IRQ,True,True
LKA,ISR,True,True
LKA,JPN,True,True
LKA,JOR,True,True
LKA,KAZ,True,True
LKA,LAO,True,True
LKA,LBN,True,True
LKA,MYS,True,True
LKA,MNG,True,True
LKA,NPL,True,True
LKA,OMN,True,True
LKA,PAK,True,True
LKA,PHL,True,True
LKA,QAT,True,True
LKA,SAU,True,True
LKA,KOR,True,True
LKA,LKA,False,False
LKA,SYR,True,True
LKA,TWN,True,True
LKA,TJK,True,True
LKA,THA,True,True
LKA,TUR,True,True
LKA,TKM,True,True
LKA,ARE,True,True
LKA,UZB,True,True
LKA,VNM,True,True
LKA,YEM,True,True
LKA,ALB,True,True
LKA,AUT,True,True
LKA,BLR,True,True
LKA,BEL,True,True
LKA,BIH,True,True
LKA,BGR,True,True
LKA,HRV,True,True
LKA,CYP,True,True
LKA,CZE,True,True
LKA,DNK,True,True
LKA,EST,True,True
LKA,FIN,True,True
LKA,FRA,True,True
LKA,DEU,True,True
LKA,GRC,True,True
LKA,HUN,True,True
LKA,ISL,True,True
LKA,IRL,True,True
LKA,ITA,True,True
LKA,LVA,True,True
LKA,LTU,True,True
LKA,MKD,True,True
LKA,MDA,True,True
LKA,MNE,True,True
LKA,NLD,True,True
LKA,NOR,True,True
LKA,POL,True,True
LKA,PRT,True,True
LKA,ROU,True,True
LKA,RUS,True,True
LKA,SRB,True,True
LKA,SVK,True,True
LKA,SVN,True,True
LKA,ESP,True,True
LKA,SWE,True,True
LKA,CHE,True,True
LKA,UKR,True,True
LKA,GBR,True,True
LKA,BHS,True,True
LKA,CAN,True,True
LKA,CRI,True,True
LKA,CUB,True,True
LKA,DOM,True,True
LKA,SLV,True,True
LKA,GTM,True,True
LKA,HTI,True,True
LKA,HND,True,True
LKA,JAM,True,True
LKA,MEX,True,True
LKA,NIC,True,True
LKA,PAN,True,True
LKA,USA,True,True
LKA,AUS,True,True
LKA,NZL,True,True
LKA,PNG,True,True
LKA,ARG,True,True
LKA,BOL,True,True
LKA,BRA,True,True
LKA,CHL,True,True
LKA,COL,True,True
LKA,ECU,True,True
LKA,PRY,True,True
LKA,PER,True,True
LKA,SUR,True,True
LKA,URY,True,True
LKA,VEN,True,True
SYR,DZA,True,True
SYR,AGO,True,True
SYR,BEN,True,True
SYR,BWA,True,True
SYR,BFA,True,True
SYR,BDI,True,True
SYR,CMR,True,True
SYR,CAF,True,True
SYR,TCD,True,True
SYR,COG,True,True
SYR,COD,True,True
SYR,CIV,True,True
SYR,DJI,True,True
SYR,EGY,False,False
SYR,GNQ,True,True
SYR,ERI,True,True
SYR,ETH,True,True
SYR,GAB,True,True
SYR,GHA,True,True
SYR,GIN,True,True
SYR,GNB,True,True
SYR,KEN,True,True
SYR,LSO,True,True
SYR,LBR,True,True
SYR,LBY,True,True
SYR,MDG,True,True
SYR,MWI,True,True
SYR,MLI,True,True
SYR,MRT,True,True
SYR,MAR,True,True
SYR,MOZ,True,True
SYR,NAM,True,True
SYR,NER,True,True
SYR,NGA,True,True
SYR,RWA,True,True
SYR,SEN,True,True
SYR,SLE,True,True
SYR,SOM,True,True
SYR,ZAF,True,True
SYR,SDN,True,True
SYR,SWZ,True,True
SYR,TZA,True,True
SYR,TGO,True,True
SYR,TUN,True,True
SYR,UGA,True,True
SYR,ZMB,True,True
SYR,ZWE,True,True
SYR,AFG,True,True
SYR,ARM,False,False
SYR,AZE,True,False
SYR,BGD,True,True
SYR,MMR,True,True
SYR,KHM,True,True
SYR,CHN,True,True
SYR,GEO,True,False
SYR,IND,True,True
SYR,IDN,True,True
SYR,IRN,False,False
SYR,IRQ,False,False
SYR,ISR,False,False
SYR,JPN,True,True
SYR,JOR,False,False
SYR,KAZ,True,True
SYR,LAO,True,True
SYR,LBN,False,False
SYR,MYS,True,True
SYR,MNG,True,True
SYR,NPL,True,True
SYR,OMN,True,True
SYR,PAK,True,True
SYR,PHL,True,True
SYR,QAT,True,True
SYR,SAU,False,False
SYR,KOR,True,True
SYR,LKA,True,True
SYR,SYR,False,False
SYR,TWN,True,True
SYR,TJK,True,True
SYR,THA,True,True
SYR,TUR,False,False
SYR,TKM,True,True
SYR,ARE,True,True
SYR,UZB,True,True
SYR,VNM,True,True
SYR,YEM,True,True
SYR,ALB,True,True
SYR,AUT,True,True
SYR,BLR,True,True
SYR,BEL,True,True
SYR,BIH,True,True
SYR,BGR,True,True
SYR,HRV,True,True
SYR,CYP,False,False
SYR,CZE,True,True
SYR,DNK,True,True
SYR,EST,True,True
SYR,FIN,True,True
SYR,FRA,True,True
SYR,DEU,True,True
SYR,GRC,True,True
SYR,HUN,True,True
SYR,ISL,True,True
SYR,IRL,True,True
SYR,ITA,True,True
SYR,LVA,True,True
SYR,LTU,True,True
SYR,MKD,True,True
SYR,MDA,True,True
SYR,MNE,True,True
SYR,NLD,True,True
SYR,NOR,True,True
SYR,POL,True,True
SYR,PRT,True,True
SYR,ROU,True,True
SYR,RUS,True,True
SYR,SRB,True,True
SYR,SVK,True,True
SYR,SVN,True,True
SYR,ESP,True,True
SYR,SWE,True,True
SYR,CHE,True,True
SYR,UKR,True,True
SYR,GBR,True,True
SYR,BHS,True,True
SYR,CAN,True,True
SYR,CRI,True,True
SYR,CUB,True,True
SYR,DOM,True,True
SYR,SLV,True,True
SYR,GTM,True,True
SYR,HTI,True,True
SYR,HND,True,True
SYR,JAM,True,True
SYR,MEX,True,True
SYR,NIC,True,True
SYR,PAN,True,True
SYR,USA,True,True
SYR,AUS,True,True
SYR,NZL,True,True
SYR,PNG,True,True
SYR,ARG,True,True
SYR,BOL,True,True
SYR,BRA,True,True
SYR,CHL,True,True
SYR,COL,True,True
SYR,ECU,True,True
SYR,PRY,True,True
SYR,PER,True,True
SYR,SUR,True,True
SYR,URY,True,True
SYR,VEN,True,True
TWN,DZA,True,True
TWN,AGO,True,True
TWN,BEN,True,True
TWN,BWA,True,True
TWN,BFA,True,True
TWN,BDI,True,True
TWN,CMR,True,True
TWN,CAF,True,True
TWN,TCD,True,True
TWN,COG,True,True
TWN,COD,True,True
TWN,CIV,True,True
TWN,DJI,True,True
TWN,EGY,True,True
TWN,GNQ,True,True
TWN,ERI,True,True
TWN,ETH,True,True
TWN,GAB,True,True
TWN,GHA,True,True
TWN,GIN,True,True
TWN,GNB,True,True
TWN,KEN,True,True
TWN,LSO,True,True
TWN,LBR,True,True
TWN,LBY,True,True
TWN,MDG,True,True
TWN,MWI,True,True
TWN,MLI,True,True
TWN,MRT,True,True
TWN,MAR,True,True
TWN,MOZ,True,True
TWN,NAM,True,True
TWN,NER,True,True
TWN,NGA,True,True
TWN,RWA,True,True
TWN,SEN,True,True
TWN,SLE,True,True
TWN,SOM,True,True
TWN,ZAF,True,True
TWN,SDN,True,True
TWN,SWZ,True,True
TWN,TZA,True,True
TWN,TGO,True,True
TWN,TUN,True,True
TWN,UGA,True,True
TWN,ZMB,True,True
TWN,ZWE,True,True
TWN,AFG,True,True
TWN,ARM,True,True
TWN,AZE,True,True
TWN,BGD,True,True
TWN,MMR,True,True
TWN,KHM,True,True
TWN,CHN,False,False
TWN,GEO,True,True
TWN,IND,True,True
TWN,IDN,True,True
TWN,IRN,True,True
TWN,IRQ,True,True
TWN,ISR,True,True
TWN,JPN,False,False
TWN,JOR,True,True
TWN,KAZ,True,True
TWN,LAO,True,True
TWN,LBN,True,True
TWN,MYS,True,True
TWN,MNG,True,True
TWN,NPL,True,True
TWN,OMN,True,True
TWN,PAK,True,True
TWN,PHL,False,False
TWN,QAT,True,True
TWN,SAU,True,True
TWN,KOR,True,True
TWN,LKA,True,True
TWN,SYR,True,True
TWN,TWN,False,False
TWN,TJK,True,True
TWN,THA,True,True
TWN,TUR,True,True
TWN,TKM,True,True
TWN,ARE,True,True
TWN,UZB,True,True
TWN,VNM,True,True
TWN,YEM,True,True
TWN,ALB,True,True
TWN,AUT,True,True
TWN,BLR,True,True
TWN,BEL,True,True
TWN,BIH,True,True
TWN,BGR,True,True
TWN,HRV,True,True
TWN,CYP,True,True
TWN,CZE,True,True
TWN,DNK,True,True
TWN,EST,True,True
TWN,FIN,True,True
TWN,FRA,True,True
TWN,DEU,True,True
TWN,GRC,True,True
TWN,HUN,True,True
TWN,ISL,True,True
TWN,IRL,True,True
TWN,ITA,True,True
TWN,LVA,True,True
TWN,LTU,True,True
TWN,MKD,True,True
TWN,MDA,True,True
TWN,MNE,True,True
TWN,NLD,True,True
TWN,NOR,True,True
TWN,POL,True,True
TWN,PRT,True,True
TWN,ROU,True,True
TWN,RUS,True,True
TWN,SRB,True,True
TWN,SVK,True,True
TWN,SVN,True,True
TWN,ESP,True,True
TWN,SWE,True,True
TWN,CHE,True,True
TWN,UKR,True,True
TWN,GBR,True,True
TWN,BHS,True,True
TWN,CAN,True,True
TWN,CRI,True,True
TWN,CUB,True,True
TWN,DOM,True,True
TWN,SLV,True,True
TWN,GTM,True,True
TWN,HTI,True,True
TWN,HND,True,True
TWN,JAM,True,True
TWN,MEX,True,True
TWN,NIC,True,True
TWN,PAN,True,True
TWN,USA,True,True
TWN,AUS,True,True
TWN,NZL,True,True
TWN,PNG,True,True
TWN,ARG,True,True
TWN,BOL,True,True
TWN,BRA,True,True
TWN,CHL,True,True
TWN,COL,True,True
TWN,ECU,True,True
TWN,PRY,True,True
TWN,PER,True,True
TWN,SUR,True,True
TWN,URY,True,True
TWN,VEN,True,True
TJK,DZA,True,True
TJK,AGO,True,True
TJK,BEN,True,True
TJK,BWA,True,True
TJK,BFA,True,True
TJK,BDI,True,True
TJK,CMR,True,True
TJK,CAF,True,True
TJK,TCD,True,True
TJK,COG,True,True
TJK,COD,True,True
TJK,CIV,True,True
TJK,DJI,True,True
TJK,EGY,True,True
TJK,GNQ,True,True
TJK,ERI,True,True
TJK,ETH,True,True
TJK,GAB,True,True
TJK,GHA,True,True
TJK,GIN,True,True
TJK,GNB,True,True
TJK,KEN,True,True
TJK,LSO,True,True
TJK,LBR,True,True
TJK,LBY,True,True
TJK,MDG,True,True
TJK,MWI,True,True
TJK,MLI,True,True
TJK,MRT,True,True
TJK,MAR,True,True
TJK,MOZ,True,True
TJK,NAM,True,True
TJK,NER,True,True
TJK,NGA,True,True
TJK,RWA,True,True
TJK,SEN,True,True
TJK,SLE,True,True
TJK,SOM,True,True
TJK,ZAF,True,True
TJK,SDN,True,True
TJK,SWZ,True,True
TJK,TZA,True,True
TJK,TGO,True,True
TJK,TUN,True,True
TJK,UGA,True,True
TJK,ZMB,True,True
TJK,ZWE,True,True
TJK,AFG,False,False
TJK,ARM,True,True
TJK,AZE,True,True
TJK,BGD,True,True
TJK,MMR,True,True
TJK,KHM,True,True
TJK,CHN,False,False
TJK,GEO,True,True
TJK,IND,False,False
TJK,IDN,True,True
TJK,IRN,True,True
TJK,IRQ,True,True
TJK,ISR,True,True
TJK,JPN,True,True
TJK,JOR,True,True
TJK,KAZ,False,False
TJK,LAO,True,True
TJK,LBN,True,True
TJK,MYS,True,True
TJK,MNG,True,True
TJK,NPL,True,True
TJK,OMN,True,True
TJK,PAK,False,False
TJK,PHL,True,True
TJK,QAT,True,True
TJK,SAU,True,True
TJK,KOR,True,True
TJK,LKA,True,True
TJK,SYR,True,True
TJK,TWN,True,True
TJK,TJK,False,False
TJK,THA,True,True
TJK,TUR,True,True
TJK,TKM,False,False
TJK,ARE,True,True
TJK,UZB,False,False
TJK,VNM,True,True
TJK,YEM,True,True
TJK,ALB,True,True
TJK,AUT,True,True
TJK,BLR,True,True
TJK,BEL,True,True
TJK,BIH,True,True
TJK,BGR,True,True
TJK,HRV,True,True
TJK,CYP,True,True
TJK,CZE,True,True
TJK,DNK,True,True
TJK,EST,True,True
TJK,FIN,True,True
TJK,FRA,True,True
TJK,DEU,True,True
TJK,GRC,True,True
TJK,HUN,True,True
TJK,ISL,True,True
TJK,IRL,True,True
TJK,ITA,True,True
TJK,LVA,True,True
TJK,LTU,True,True
TJK,MKD,True,True
TJK,MDA,True,True
TJK,MNE,True,True
TJK,NLD,True,True
TJK,NOR,True,True
TJK,POL,True,True
TJK,PRT,True,True
TJK,ROU,True,True
TJK,RUS,True,True
TJK,SRB,True,True
TJK,SVK,True,True
TJK,SVN,True,True
TJK,ESP,True,True
TJK,SWE,True,True
TJK,CHE,True,True
TJK,UKR,True,True
TJK,GBR,True,True
TJK,BHS,True,True
TJK,CAN,True,True
TJK,CRI,True,True
TJK,CUB,True,True
TJK,DOM,True,True
TJK,SLV,True,True
TJK,GTM,True,True
TJK,HTI,True,True
TJK,HND,True,True
TJK,JAM,True,True
TJK,MEX,True,True
TJK,NIC,True,True
TJK,PAN,True,True
TJK,USA,True,True
TJK,AUS,True,True
TJK,NZL,True,True
TJK,PNG,True,True
TJK,ARG,True,True
TJK,BOL,True,True
TJK,BRA,True,True
TJK,CHL,True,True
TJK,COL,True,True
TJK,ECU,True,True
TJK,PRY,True,True
TJK,PER,True,True
TJK,SUR,True,True
TJK,URY,True,True
TJK,VEN,True,True
THA,DZA,True,True
THA,AGO,True,True
THA,BEN,True,True
THA,BWA,True,True
THA,BFA,True,True
THA,BDI,True,True
THA,CMR,True,True
THA,CAF,True,True
THA,TCD,True,True
THA,COG,True,True
THA,COD,True,True
THA,CIV,True,True
THA,DJI,True,True
THA,EGY,True,True
THA,GNQ,True,True
THA,ERI,True,True
THA,ETH,True,True
THA,GAB,True,True
THA,GHA,True,True
THA,GIN,True,True
THA,GNB,True,True
THA,KEN,True,True
THA,LSO,True,True
THA,LBR,True,True
THA,LBY,True,True
THA,MDG,True,True
THA,MWI,True,True
THA,MLI,True,True
THA,MRT,True,True
THA,MAR,True,True
THA,MOZ,True,True
THA,NAM,True,True
THA,NER,True,True
THA,NGA,True,True
THA,RWA,True,True
THA,SEN,True,True
THA,SLE,True,True
THA,SOM,True,True
THA,ZAF,True,True
THA,SDN,True,True
THA,SWZ,True,True
THA,TZA,True,True
THA,TGO,True,True
THA,TUN,True,True
THA,UGA,True,True
THA,ZMB,True,True
THA,ZWE,True,True
THA,AFG,True,True
THA,ARM,True,True
THA,AZE,True,True
THA,BGD,True,True
THA,MMR,False,False
THA,KHM,False,False
THA,CHN,False,False
THA,GEO,True,True
THA,IND,False,False
THA,IDN,False,False
THA,IRN,True,True
THA,IRQ,True,True
THA,ISR,True,True
THA,JPN,True,True
THA,JOR,True,True
THA,KAZ,True,True
THA,LAO,False,False
THA,LBN,True,True
THA,MYS,False,False
THA,MNG,True,True
THA,NPL,True,True
THA,OMN,True,True
THA,PAK,True,True
THA,PHL,True,True
THA,QAT,True,True
THA,SAU,True,True
THA,KOR,True,True
THA,LKA,True,True
THA,SYR,True,True
THA,TWN,True,True
THA,TJK,True,True
THA,THA,False,False
THA,TUR,True,True
THA,TKM,True,True
THA,ARE,True,True
THA,UZB,True,True
THA,VNM,False,False
THA,YEM,True,True
THA,ALB,True,True
THA,AUT,True,True
THA,BLR,True,True
THA,BEL,True,True
THA,BIH,True,True
THA,BGR,True,True
THA,HRV,True,True
THA,CYP,True,True
THA,CZE,True,True
THA,DNK,True,True
THA,EST,True,True
THA,FIN,True,True
THA,FRA,True,True
THA,DEU,True,True
THA,GRC,True,True
THA,HUN,True,True
THA,ISL,True,True
THA,IRL,True,True
THA,ITA,True,True
THA,LVA,True,True
THA,LTU,True,True
THA,MKD,True,True
THA,MDA,True,True
THA,MNE,True,True
THA,NLD,True,True
THA,NOR,True,True
THA,POL,True,True
THA,PRT,True,True
THA,ROU,True,True
THA,RUS,True,True
THA,SRB,True,True
THA,SVK,True,True
THA,SVN,True,True
THA,ESP,True,True
THA,SWE,True,True
THA,CHE,True,True
THA,UKR,True,True
THA,GBR,True,True
THA,BHS,True,True
THA,CAN,True,True
THA,CRI,True,True
THA,CUB,True,True
THA,DOM,True,True
THA,SLV,True,True
THA,GTM,True,True
THA,HTI,True,True
THA,HND,True,True
THA,JAM,True,True
THA,MEX,True,True
THA,NIC,True,True
THA,PAN,True,True
THA,USA,True,True
THA,AUS,True,True
THA,NZL,True,True
THA,PNG,True,True
THA,ARG,True,True
THA,BOL,True,True
THA,BRA,True,True
THA,CHL,True,True
THA,COL,True,True
THA,ECU,True,True
THA,PRY,True,True
THA,PER,True,True
THA,SUR,True,True
THA,URY,True,True
THA,VEN,True,True
TUR,DZA,True,True
TUR,AGO,True,True
TUR,BEN,True,True
TUR,BWA,True,True
TUR,BFA,True,True
TUR,BDI,True,True
TUR,CMR,True,True
TUR,CAF,True,True
TUR,TCD,True,True
TUR,COG,True,True
TUR,COD,True,True
TUR,CIV,True,True
TUR,DJI,True,True
TUR,EGY,True,False
TUR,GNQ,True,True
TUR,ERI,True,True
TUR,ETH,True,True
TUR,GAB,True,True
TUR,GHA,True,True
TUR,GIN,True,True
TUR,GNB,True,True
TUR,KEN,True,True
TUR,LSO,True,True
TUR,LBR,True,True
TUR,LBY,True,True
TUR,MDG,True,True
TUR,MWI,True,True
TUR,MLI,True,True
TUR,MRT,True,True
TUR,MAR,True,True
TUR,MOZ,True,True
TUR,NAM,True,True
TUR,NER,True,True
TUR,NGA,True,True
TUR,RWA,True,True
TUR,SEN,True,True
TUR,SLE,True,True
TUR,SOM,True,True
TUR,ZAF,True,True
TUR,SDN,True,True
TUR,SWZ,True,True
TUR,TZA,True,True
TUR,TGO,True,True
TUR,TUN,True,True
TUR,UGA,True,True
TUR,ZMB,True,True
TUR,ZWE,True,True
TUR,AFG,True,True
TUR,ARM,False,False
TUR,AZE,False,False
TUR,BGD,True,True
TUR,MMR,True,True
TUR,KHM,True,True
TUR,CHN,True,True
TUR,GEO,False,False
TUR,IND,True,True
TUR,IDN,True,True
TUR,IRN,False,False
TUR,IRQ,False,False
TUR,ISR,True,False
TUR,JPN,True,True
TUR,JOR,False,False
TUR,KAZ,True,True
TUR,LAO,True,True
TUR,LBN,False,False
TUR,MYS,True,True
TUR,MNG,True,True
TUR,NPL,True,True
TUR,OMN,True,True
TUR,PAK,True,True
TUR,PHL,True,True
TUR,QAT,True,True
TUR,SAU,True,False
TUR,KOR,True,True
TUR,LKA,True,True
TUR,SYR,False,False
TUR,TWN,True,True
TUR,TJK,True,True
TUR,THA,True,True
TUR,TUR,False,False
TUR,TKM,True,True
TUR,ARE,True,True
TUR,UZB,True,True
TUR,VNM,True,True
TUR,YEM,True,True
TUR,ALB,True,False
TUR,AUT,True,True
TUR,BLR,True,True
TUR,BEL,True,True
TUR,BIH,True,True
TUR,BGR,False,False
TUR,HRV,True,True
TUR,CYP,False,False
TUR,CZE,True,True
TUR,DNK,True,True
TUR,EST,True,True
TUR,FIN,True,True
TUR,FRA,True,True
TUR,DEU,True,True
TUR,GRC,False,False
TUR,HUN,True,True
TUR,ISL,True,True
TUR,IRL,True,True
TUR,ITA,True,True
TUR,LVA,True,True
TUR,LTU,True,True
TUR,MKD,False,False
TUR,MDA,True,False
TUR,MNE,True,True
TUR,NLD,True,True
TUR,NOR,True,True
TUR,POL,True,True
TUR,PRT,True,True
TUR,ROU,False,False
TUR,RUS,False,False
TUR,SRB,False,False
TUR,SVK,True,True
TUR,SVN,True,True
TUR,ESP,True,True
TUR,SWE,True,True
TUR,CHE,True,True
TUR,UKR,False,False
TUR,GBR,True,True
TUR,BHS,True,True
TUR,CAN,True,True
TUR,CRI,True,True
TUR,CUB,True,True
TUR,DOM,True,True
TUR,SLV,True,True
TUR,GTM,True,True
TUR,HTI,True,True
TUR,HND,True,True
TUR,JAM,True,True
TUR,MEX,True,True
TUR,NIC,True,True
TUR,PAN,True,True
TUR,USA,True,True
TUR,AUS,True,True
TUR,NZL,True,True
TUR,PNG,True,True
TUR,ARG,True,True
TUR,BOL,True,True
TUR,BRA,True,True
TUR,CHL,True,True
TUR,COL,True,True
TUR,ECU,True,True
TUR,PRY,True,True
TUR,PER,True,True
TUR,SUR,True,True
TUR,URY,True,True
TUR,VEN,True,True
TKM,DZA,True,True
TKM,AGO,True,True
TKM,BEN,True,True
TKM,BWA,True,True
TKM,BFA,True,True
TKM,BDI,True,True
TKM,CMR,True,True
TKM,CAF,True,True
TKM,TCD,True,True
TKM,COG,True,True
TKM,COD,True,True
TKM,CIV,True,True
TKM,DJI,True,True
TKM,EGY,True,True
TKM,GNQ,True,True
TKM,ERI,True,True
TKM,ETH,True,True
TKM,GAB,True,True
TKM,GHA,True,True
TKM,GIN,True,True
TKM,GNB,True,True
TKM,KEN,True,True
TKM,LSO,True,True
TKM,LBR,True,True
TKM,LBY,True,True
TKM,MDG,True,True
TKM,MWI,True,True
TKM,MLI,True,True
TKM,MRT,True,True
TKM,MAR,True,True
TKM,MOZ,True,True
TKM,NAM,True,True
TKM,NER,True,True
TKM,NGA,True,True
TKM,RWA,True,True
TKM,SEN,True,True
TKM,SLE,True,True
TKM,SOM,True,True
TKM,ZAF,True,True
TKM,SDN,True,True
TKM,SWZ,True,True
TKM,TZA,True,True
TKM,TGO,True,True
TKM,TUN,True,True
TKM,UGA,True,True
TKM,ZMB,True,True
TKM,ZWE,True,True
TKM,AFG,False,False
TKM,ARM,True,True
TKM,AZE,False,False
TKM,BGD,True,True
TKM,MMR,True,True
TKM,KHM,True,True
TKM,CHN,True,True
TKM,GEO,True,False
TKM,IND,True,True
TKM,IDN,True,True
TKM,IRN,False,False
TKM,IRQ,True,True
TKM,ISR,True,True
TKM,JPN,True,True
TKM,JOR,True,True
TKM,KAZ,False,False
TKM,LAO,True,True
TKM,LBN,True,True
TKM,MYS,True,True
TKM,MNG,True,True
TKM,NPL,True,True
TKM,OMN,True,True
TKM,PAK,True,False
TKM,PHL,True,True
TKM,QAT,True,True
TKM,SAU,True,True
TKM,KOR,True,True
TKM,LKA,True,True
TKM,SYR,True,True
TKM,TWN,True,True
TKM,TJK,False,False
TKM,THA,True,True
TKM,TUR,True,True
TKM,TKM,False,False
TKM,ARE,True,True
TKM,UZB,False,False
TKM,VNM,True,True
TKM,YEM,True,True
TKM,ALB,True,True
TKM,AUT,True,True
TKM,BLR,True,True
TKM,BEL,True,True
TKM,BIH,True,True
TKM,BGR,True,True
TKM,HRV,True,True
TKM,CYP,True,True
TKM,CZE,True,True
TKM,DNK,True,True
TKM,EST,True,True
TKM,FIN,True,True
TKM,FRA,True,True
TKM,DEU,True,True
TKM,GRC,True,True
TKM,HUN,True,True
TKM,ISL,True,True
TKM,IRL,True,True
TKM,ITA,True,True
TKM,LVA,True,True
TKM,LTU,True,True
TKM,MKD,True,True
TKM,MDA,True,True
TKM,MNE,True,True
TKM,NLD,True,True
TKM,NOR,True,True
TKM,POL,True,True
TKM,PRT,True,True
TKM,ROU,True,True
TKM,RUS,False,False
TKM,SRB,True,True
TKM,SVK,True,True
TKM,SVN,True,True
TKM,ESP,True,True
TKM,SWE,True,True
TKM,CHE,True,True
TKM,UKR,True,True
TKM,GBR,True,True
TKM,BHS,True,True
TKM,CAN,True,True
TKM,CRI,True,True
TKM,CUB,True,True
TKM,DOM,True,True
TKM,SLV,True,True
TKM,GTM,True,True
TKM,HTI,True,True
TKM,HND,True,True
TKM,JAM,True,True
TKM,MEX,True,True
TKM,NIC,True,True
TKM,PAN,True,True
TKM,USA,True,True
TKM,AUS,True,True
TKM,NZL,True,True
TKM,PNG,True,True
TKM,ARG,True,True
TKM,BOL,True,True
TKM,BRA,True,True
TKM,CHL,True,True
TKM,COL,True,True
TKM,ECU,True,True
TKM,PRY,True,True
TKM,PER,True,True
TKM,SUR,True,True
TKM,URY,True,True
TKM,VEN,True,True
ARE,DZA,True,True
ARE,AGO,True,True
ARE,BEN,True,True
ARE,BWA,True,True
ARE,BFA,True,True
ARE,BDI,True,True
ARE,CMR,True,True
ARE,CAF,True,True
ARE,TCD,True,True
ARE,COG,True,True
ARE,COD,True,True
ARE,CIV,True,True
ARE,DJI,True,True
ARE,EGY,True,True
ARE,GNQ,True,True
ARE,ERI,True,True
ARE,ETH,True,True
ARE,GAB,True,True
ARE,GHA,True,True
ARE,GIN,True,True
ARE,GNB,True,True
ARE,KEN,True,True
ARE,LSO,True,True
ARE,LBR,True,True
ARE,LBY,True,True
ARE,MDG,True,True
ARE,MWI,True,True
ARE,MLI,True,True
ARE,MRT,True,True
ARE,MAR,True,True
ARE,MOZ,True,True
ARE,NAM,True,True
ARE,NER,True,True
ARE,NGA,True,True
ARE,RWA,True,True
ARE,SEN,True,True
ARE,SLE,True,True
ARE,SOM,True,True
ARE,ZAF,True,True
ARE,SDN,True,True
ARE,SWZ,True,True
ARE,TZA,True,True
ARE,TGO,True,True
ARE,TUN,True,True
ARE,UGA,True,True
ARE,ZMB,True,True
ARE,ZWE,True,True
ARE,AFG,True,True
ARE,ARM,True,True
ARE,AZE,True,True
ARE,BGD,True,True
ARE,MMR,True,True
ARE,KHM,True,True
ARE,CHN,True,True
ARE,GEO,True,True
ARE,IND,True,True
ARE,IDN,True,True
ARE,IRN,False,False
ARE,IRQ,True,True
ARE,ISR,True,True
ARE,JPN,True,True
ARE,JOR,True,True
ARE,KAZ,True,True
ARE,LAO,True,True
ARE,LBN,True,True
ARE,MYS,True,True
ARE,MNG,True,True
ARE,NPL,True,True
ARE,OMN,False,False
ARE,PAK,True,False
ARE,PHL,True,True
ARE,QAT,False,False
ARE,SAU,False,False
ARE,KOR,True,True
ARE,LKA,True,True
ARE,SYR,True,True
ARE,TWN,True,True
ARE,TJK,True,True
ARE,THA,True,True
ARE,TUR,True,True
ARE,TKM,True,True
ARE,ARE,False,False
ARE,UZB,True,True
ARE,VNM,True,True
ARE,YEM,True,False
ARE,ALB,True,True
ARE,AUT,True,True
ARE,BLR,True,True
ARE,BEL,True,True
ARE,BIH,True,True
ARE,BGR,True,True
ARE,HRV,True,True
ARE,CYP,True,True
ARE,CZE,True,True
ARE,DNK,True,True
ARE,EST,True,True
ARE,FIN,True,True
ARE,FRA,True,True
ARE,DEU,True,True
ARE,GRC,True,True
ARE,HUN,True,True
ARE,ISL,True,True
ARE,IRL,True,True
ARE,ITA,True,True
ARE,LVA,True,True
ARE,LTU,True,True
ARE,MKD,True,True
ARE,MDA,True,True
ARE,MNE,True,True
ARE,NLD,True,True
ARE,NOR,True,True
ARE,POL,True,True
ARE,PRT,True,True
ARE,ROU,True,True
ARE,RUS,True,True
ARE,SRB,True,True
ARE,SVK,True,True
ARE,SVN,True,True
ARE,ESP,True,True
ARE,SWE,True,True
ARE,CHE,True,True
ARE,UKR,True,True
ARE,GBR,True,True
ARE,BHS,True,True
ARE,CAN,True,True
ARE,CRI,True,True
ARE,CUB,True,True
ARE,DOM,True,True
ARE,SLV,True,True
ARE,GTM,True,True
ARE,HTI,True,True
ARE,HND,True,True
ARE,JAM,True,True
ARE,MEX,True,True
ARE,NIC,True,True
ARE,PAN,True,True
ARE,USA,True,True
ARE,AUS,True,True
ARE,NZL,True,True
ARE,PNG,True,True
ARE,ARG,True,True
ARE,BOL,True,True
ARE,BRA,True,True
ARE,CHL,True,True
ARE,COL,True,True
ARE,ECU,True,True
ARE,PRY,True,True
ARE,PER,True,True
ARE,SUR,True,True
ARE,URY,True,True
ARE,VEN,True,True
UZB,DZA,True,True
UZB,AGO,True,True
UZB,BEN,True,True
UZB,BWA,True,True
UZB,BFA,True,True
UZB,BDI,True,True
UZB,CMR,True,True
UZB,CAF,True,True
UZB,TCD,True,True
UZB,COG,True,True
UZB,COD,True,True
UZB,CIV,True,True
UZB,DJI,True,True
UZB,EGY,True,True
UZB,GNQ,True,True
UZB,ERI,True,True
UZB,ETH,True,True
UZB,GAB,True,True
UZB,GHA,True,True
UZB,GIN,True,True
UZB,GNB,True,True
UZB,KEN,True,True
UZB,LSO,True,True
UZB,LBR,True,True
UZB,LBY,True,True
UZB,MDG,True,True
UZB,MWI,True,True
UZB,MLI,True,True
UZB,MRT,True,True
UZB,MAR,True,True
UZB,MOZ,True,True
UZB,NAM,True,True
UZB,NER,True,True
UZB,NGA,True,True
UZB,RWA,True,True
UZB,SEN,True,True
UZB,SLE,True,True
UZB,SOM,True,True
UZB,ZAF,True,True
UZB,SDN,True,True
UZB,SWZ,True,True
UZB,TZA,True,True
UZB,TGO,True,True
UZB,TUN,True,True
UZB,UGA,True,True
UZB,ZMB,True,True
UZB,ZWE,True,True
UZB,AFG,False,False
UZB,ARM,True,True
UZB,AZE,True,False
UZB,BGD,True,True
UZB,MMR,True,True
UZB,KHM,True,True
UZB,CHN,False,False
UZB,GEO,True,True
UZB,IND,True,True
UZB,IDN,True,True
UZB,IRN,False,False
UZB,IRQ,True,True
UZB,ISR,True,True
UZB,JPN,True,True
UZB,JOR,True,True
UZB,KAZ,False,False
UZB,LAO,True,True
UZB,LBN,True,True
UZB,MYS,True,True
UZB,MNG,True,True
UZB,NPL,True,True
UZB,OMN,True,True
UZB,PAK,False,False
UZB,PHL,True,True
UZB,QAT,True,True
UZB,SAU,True,True
UZB,KOR,True,True
UZB,LKA,True,True
UZB,SYR,True,True
UZB,TWN,True,True
UZB,TJK,False,False
UZB,THA,True,True
UZB,TUR,True,True
UZB,TKM,False,False
UZB,ARE,True,True
UZB,UZB,False,False
UZB,VNM,True,True
UZB,YEM,True,True
UZB,ALB,True,True
UZB,AUT,True,True
UZB,BLR,True,True
UZB,BEL,True,True
UZB,BIH,True,True
UZB,BGR,True,True
UZB,HRV,True,True
UZB,CYP,True,True
UZB,CZE,True,True
UZB,DNK,True,True
UZB,EST,True,True
UZB,FIN,True,True
UZB,FRA,True,True
UZB,DEU,True,True
UZB,GRC,True,True
UZB,HUN,True,True
UZB,ISL,True,True
UZB,IRL,True,True
UZB,ITA,True,True
UZB,LVA,True,True
UZB,LTU,True,True
UZB,MKD,True,True
UZB,MDA,True,True
UZB,MNE,True,True
UZB,NLD,True,True
UZB,NOR,True,True
UZB,POL,True,True
UZB,PRT,True,True
UZB,ROU,True,True
UZB,RUS,True,True
UZB,SRB,True,True
UZB,SVK,True,True
UZB,SVN,True,True
UZB,ESP,True,True
UZB,SWE,True,True
UZB,CHE,True,True
UZB,UKR,True,True
UZB,GBR,True,True
UZB,BHS,True,True
UZB,CAN,True,True
UZB,CRI,True,True
UZB,CUB,True,True
UZB,DOM,True,True
UZB,SLV,True,True
UZB,GTM,True,True
UZB,HTI,True,True
UZB,HND,True,True
UZB,JAM,True,True
UZB,MEX,True,True
UZB,NIC,True,True
UZB,PAN,True,True
UZB,USA,True,True
UZB,AUS,True,True
UZB,NZL,True,True
UZB,PNG,True,True
UZB,ARG,True,True
UZB,BOL,True,True
UZB,BRA,True,True
UZB,CHL,True,True
UZB,COL,True,True
UZB,ECU,True,True
UZB,PRY,True,True
UZB,PER,True,True
UZB,SUR,True,True
UZB,URY,True,True
UZB,VEN,True,True
VNM,DZA,True,True
VNM,AGO,True,True
VNM,BEN,True,True
VNM,BWA,True,True
VNM,BFA,True,True
VNM,BDI,True,True
VNM,CMR,True,True
VNM,CAF,True,True
VNM,TCD,True,True
VNM,COG,True,True
VNM,COD,True,True
VNM,CIV,True,True
VNM,DJI,True,True
VNM,EGY,True,True
VNM,GNQ,True,True
VNM,ERI,True,True
VNM,ETH,True,True
VNM,GAB,True,True
VNM,GHA,True,True
VNM,GIN,True,True
VNM,GNB,True,True
VNM,KEN,True,True
VNM,LSO,True,True
VNM,LBR,True,True
VNM,LBY,True,True
VNM,MDG,True,True
VNM,MWI,True,True
VNM,MLI,True,True
VNM,MRT,True,True
VNM,MAR,True,True
VNM,MOZ,True,True
VNM,NAM,True,True
VNM,NER,True,True
VNM,NGA,True,True
VNM,RWA,True,True
VNM,SEN,True,True
VNM,SLE,True,True
VNM,SOM,True,True
VNM,ZAF,True,True
VNM,SDN,True,True
VNM,SWZ,True,True
VNM,TZA,True,True
VNM,TGO,True,True
VNM,TUN,True,True
VNM,UGA,True,True
VNM,ZMB,True,True
VNM,ZWE,True,True
VNM,AFG,True,True
VNM,ARM,True,True
VNM,AZE,True,True
VNM,BGD,True,True
VNM,MMR,False,False
VNM,KHM,False,False
VNM,CHN,False,False
VNM,GEO,True,True
VNM,IND,True,True
VNM,IDN,False,False
VNM,IRN,True,True
VNM,IRQ,True,True
VNM,ISR,True,True
VNM,JPN,True,True
VNM,JOR,True,True
VNM,KAZ,True,True
VNM,LAO,False,False
VNM,LBN,True,True
VNM,MYS,False,False
VNM,MNG,True,True
VNM,NPL,True,True
VNM,OMN,True,True
VNM,PAK,True,True
VNM,PHL,True,True
VNM,QAT,True,True
VNM,SAU,True,True
VNM,KOR,True,True
VNM,LKA,True,True
VNM,SYR,True,True
VNM,TWN,True,True
VNM,TJK,True,True
VNM,THA,False,False
VNM,TUR,True,True
VNM,TKM,True,True
VNM,ARE,True,True
VNM,UZB,True,True
VNM,VNM,False,False
VNM,YEM,True,True
VNM,ALB,True,True
VNM,AUT,True,True
VNM,BLR,True,True
VNM,BEL,True,True
VNM,BIH,True,True
VNM,BGR,True,True
VNM,HRV,True,True
VNM,CYP,True,True
VNM,CZE,True,True
VNM,DNK,True,True
VNM,EST,True,True
VNM,FIN,True,True
VNM,FRA,True,True
VNM,DEU,True,True
VNM,GRC,True,True
VNM,HUN,True,True
VNM,ISL,True,True
VNM,IRL,True,True
VNM,ITA,True,True
VNM,LVA,True,True
VNM,LTU,True,True
VNM,MKD,True,True
VNM,MDA,True,True
VNM,MNE,True,True
VNM,NLD,True,True
VNM,NOR,True,True
VNM,POL,True,True
VNM,PRT,True,True
VNM,ROU,True,True
VNM,RUS,True,True
VNM,SRB,True,True
VNM,SVK,True,True
VNM,SVN,True,True
VNM,ESP,True,True
VNM,SWE,True,True
VNM,CHE,True,True
VNM,UKR,True,True
VNM,GBR,True,True
VNM,BHS,True,True
VNM,CAN,True,True
VNM,CRI,True,True
VNM,CUB,True,True
VNM,DOM,True,True
VNM,SLV,True,True
VNM,GTM,True,True
VNM,HTI,True,True
VNM,HND,True,True
VNM,JAM,True,True
VNM,MEX,True,True
VNM,NIC,True,True
VNM,PAN,True,True
VNM,USA,True,True
VNM,AUS,True,True
VNM,NZL,True,True
VNM,PNG,True,True
VNM,ARG,True,True
VNM,BOL,True,True
VNM,BRA,True,True
VNM,CHL,True,True
VNM,COL,True,True
VNM,ECU,True,True
VNM,PRY,True,True
VNM,PER,True,True
VNM,SUR,True,True
VNM,URY,True,True
VNM,VEN,True,True
YEM,DZA,True,True
YEM,AGO,True,True
YEM,BEN,True,True
YEM,BWA,True,True
YEM,BFA,True,True
YEM,BDI,True,True
YEM,CMR,True,True
YEM,CAF,True,True
YEM,TCD,True,True
YEM,COG,True,True
YEM,COD,True,True
YEM,CIV,True,True
YEM,DJI,False,False
YEM,EGY,True,True
YEM,GNQ,True,True
YEM,ERI,False,False
YEM,ETH,False,False
YEM,GAB,True,True
YEM,GHA,True,True
YEM,GIN,True,True
YEM,GNB,True,True
YEM,KEN,True,True
YEM,LSO,True,True
YEM,LBR,True,True
YEM,LBY,True,True
YEM,MDG,True,True
YEM,MWI,True,True
YEM,MLI,True,True
YEM,MRT,True,True
YEM,MAR,True,True
YEM,MOZ,True,True
YEM,NAM,True,True
YEM,NER,True,True
YEM,NGA,True,True
YEM,RWA,True,True
YEM,SEN,True,True
YEM,SLE,True,True
YEM,SOM,False,False
YEM,ZAF,True,True
YEM,SDN,True,False
YEM,SWZ,True,True
YEM,TZA,True,True
YEM,TGO,True,True
YEM,TUN,True,True
YEM,UGA,True,True
YEM,ZMB,True,True
YEM,ZWE,True,True
YEM,AFG,True,True
YEM,ARM,True,True
YEM,AZE,True,True
YEM,BGD,True,True
YEM,MMR,True,True
YEM,KHM,True,True
YEM,CHN,True,True
YEM,GEO,True,True
YEM,IND,True,True
YEM,IDN,True,True
YEM,IRN,True,True
YEM,IRQ,True,True
YEM,ISR,True,True
YEM,JPN,True,True
YEM,JOR,True,True
YEM,KAZ,True,True
YEM,LAO,True,True
YEM,LBN,True,True
YEM,MYS,True,True
YEM,MNG,True,True
YEM,NPL,True,True
YEM,OMN,False,False
YEM,PAK,True,True
YEM,PHL,True,True
YEM,QAT,True,True
YEM,SAU,False,False
YEM,KOR,True,True
YEM,LKA,True,True
YEM,SYR,True,True
YEM,TWN,True,True
YEM,TJK,True,True
YEM,THA,True,True
YEM,TUR,True,True
YEM,TKM,True,True
YEM,ARE,True,False
YEM,UZB,True,True
YEM,VNM,True,True
YEM,YEM,False,False
YEM,ALB,True,True
YEM,AUT,True,True
YEM,BLR,True,True
YEM,BEL,True,True
YEM,BIH,True,True
YEM,BGR,True,True
YEM,HRV,True,True
YEM,CYP,True,True
YEM,CZE,True,True
YEM,DNK,True,True
YEM,EST,True,True
YEM,FIN,True,True
YEM,FRA,True,True
YEM,DEU,True,True
YEM,GRC,True,True
YEM,HUN,True,True
YEM,ISL,True,True
YEM,IRL,True,True
YEM,ITA,True,True
YEM,LVA,True,True
YEM,LTU,True,True
YEM,MKD,True,True
YEM,MDA,True,True
YEM,MNE,True,True
YEM,NLD,True,True
YEM,NOR,True,True
YEM,POL,True,True
YEM,PRT,True,True
YEM,ROU,True,True
YEM,RUS,True,True
YEM,SRB,True,True
YEM,SVK,True,True
YEM,SVN,True,True
YEM,ESP,True,True
YEM,SWE,True,True
YEM,CHE,True,True
YEM,UKR,True,True
YEM,GBR,True,True
YEM,BHS,True,True
YEM,CAN,True,True
YEM,CRI,True,True
YEM,CUB,True,True
YEM,DOM,True,True
YEM,SLV,True,True
YEM,GTM,True,True
YEM,HTI,True,True
YEM,HND,True,True
YEM,JAM,True,True
YEM,MEX,True,True
YEM,NIC,True,True
YEM,PAN,True,True
YEM,USA,True,True
YEM,AUS,True,True
YEM,NZL,True,True
YEM,PNG,True,True
YEM,ARG,True,True
YEM,BOL,True,True
YEM,BRA,True,True
YEM,CHL,True,True
YEM,COL,True,True
YEM,ECU,True,True
YEM,PRY,True,True
YEM,PER,True,True
YEM,SUR,True,True
YEM,URY,True,True
YEM,VEN,True,True
ALB,DZA,True,True
ALB,AGO,True,True
ALB,BEN,True,True
ALB,BWA,True,True
ALB,BFA,True,True
ALB,BDI,True,True
ALB,CMR,True,True
ALB,CAF,True,True
ALB,TCD,True,True
ALB,COG,True,True
ALB,COD,True,True
ALB,CIV,True,True
ALB,DJI,True,True
ALB,EGY,True,True
ALB,GNQ,True,True
ALB,ERI,True,True
ALB,ETH,True,True
ALB,GAB,True,True
ALB,GHA,True,True
ALB,GIN,True,True
ALB,GNB,True,True
ALB,KEN,True,True
ALB,LSO,True,True
ALB,LBR,True,True
ALB,LBY,True,True
ALB,MDG,True,True
ALB,MWI,True,True
ALB,MLI,True,True
ALB,MRT,True,True
ALB,MAR,True,True
ALB,MOZ,True,True
ALB,NAM,True,True
ALB,NER,True,True
ALB,NGA,True,True
ALB,RWA,True,True
ALB,SEN,True,True
ALB,SLE,True,True
ALB,SOM,True,True
ALB,ZAF,True,True
ALB,SDN,True,True
ALB,SWZ,True,True
ALB,TZA,True,True
ALB,TGO,True,True
ALB,TUN,True,True
ALB,UGA,True,True
ALB,ZMB,True,True
ALB,ZWE,True,True
ALB,AFG,True,True
ALB,ARM,True,True
ALB,AZE,True,True
ALB,BGD,True,True
ALB,MMR,True,True
ALB,KHM,True,True
ALB,CHN,True,True
ALB,GEO,True,True
ALB,IND,True,True
ALB,IDN,True,True
ALB,IRN,True,True
ALB,IRQ,True,True
ALB,ISR,True,True
ALB,JPN,True,True
ALB,JOR,True,True
ALB,KAZ,True,True
ALB,LAO,True,True
ALB,LBN,True,True
ALB,MYS,True,True
ALB,MNG,True,True
ALB,NPL,True,True
ALB,OMN,True,True
ALB,PAK,True,True
ALB,PHL,True,True
ALB,QAT,True,True
ALB,SAU,True,True
ALB,KOR,True,True
ALB,LKA,True,True
ALB,SYR,True,True
ALB,TWN,True,True
ALB,TJK,True,True
ALB,THA,True,True
ALB,TUR,True,False
ALB,TKM,True,True
ALB,ARE,True,True
ALB,UZB,True,True
ALB,VNM,True,True
ALB,YEM,True,True
ALB,ALB,False,False
ALB,AUT,True,True
ALB,BLR,True,True
ALB,BEL,True,True
ALB,BIH,False,False
ALB,BGR,False,False
ALB,HRV,False,False
ALB,CYP,True,True
ALB,CZE,True,True
ALB,DNK,True,True
ALB,EST,True,True
ALB,FIN,True,True
ALB,FRA,True,True
ALB,DEU,True,True
ALB,GRC,False,False
ALB,HUN,True,False
ALB,ISL,True,True
ALB,IRL,True,True
ALB,ITA,False,False
ALB,LVA,True,True
ALB,LTU,True,True
ALB,MKD,False,False
ALB,MDA,True,True
ALB,MNE,False,False
ALB,NLD,True,True
ALB,NOR,True,True
ALB,POL,True,True
ALB,PRT,True,True
ALB,ROU,False,False
ALB,RUS,True,True
ALB,SRB,False,False
ALB,SVK,True,True
ALB,SVN,True,False
ALB,ESP,True,True
ALB,SWE,True,True
ALB,CHE,True,True
ALB,UKR,True,True
ALB,GBR,True,True
ALB,BHS,True,True
ALB,CAN,True,True
ALB,CRI,True,True
ALB,CUB,True,True
ALB,DOM,True,True
ALB,SLV,True,True
ALB,GTM,True,True
ALB,HTI,True,True
ALB,HND,True,True
ALB,JAM,True,True
ALB,MEX,True,True
ALB,NIC,True,True
ALB,PAN,True,True
ALB,USA,True,True
ALB,AUS,True,True
ALB,NZL,True,True
ALB,PNG,True,True
ALB,ARG,True,True
ALB,BOL,True,True
ALB,BRA,True,True
ALB,CHL,True,True
ALB,COL,True,True
ALB,ECU,True,True
ALB,PRY,True,True
ALB,PER,True,True
ALB,SUR,True,True
ALB,URY,True,True
ALB,VEN,True,True
AUT,DZA,True,True
AUT,AGO,True,True
AUT,BEN,True,True
AUT,BWA,True,True
AUT,BFA,True,True
AUT,BDI,True,True
AUT,CMR,True,True
AUT,CAF,True,True
AUT,TCD,True,True
AUT,COG,True,True
AUT,COD,True,True
AUT,CIV,True,True
AUT,DJI,True,True
AUT,EGY,True,True
AUT,GNQ,True,True
AUT,ERI,True,True
AUT,ETH,True,True
AUT,GAB,True,True
AUT,GHA,True,True
AUT,GIN,True,True
AUT,GNB,True,True
AUT,KEN,True,True
AUT,LSO,True,True
AUT,LBR,True,True
AUT,LBY,True,True
AUT,MDG,True,True
AUT,MWI,True,True
AUT,MLI,True,True
AUT,MRT,True,True
AUT,MAR,True,True
AUT,MOZ,True,True
AUT,NAM,True,True
AUT,NER,True,True
AUT,NGA,True,True
AUT,RWA,True,True
AUT,SEN,True,True
AUT,SLE,True,True
AUT,SOM,True,True
AUT,ZAF,True,True
AUT,SDN,True,True
AUT,SWZ,True,True
AUT,TZA,True,True
AUT,TGO,True,True
AUT,TUN,True,True
AUT,UGA,True,True
AUT,ZMB,True,True
AUT,ZWE,True,True
AUT,AFG,True,True
AUT,ARM,True,True
AUT,AZE,True,True
AUT,BGD,True,True
AUT,MMR,True,True
AUT,KHM,True,True
AUT,CHN,True,True
AUT,GEO,True,True
AUT,IND,True,True
AUT,IDN,True,True
AUT,IRN,True,True
AUT,IRQ,True,True
AUT,ISR,True,True
AUT,JPN,True,True
AUT,JOR,True,True
AUT,KAZ,True,True
AUT,LAO,True,True
AUT,LBN,True,True
AUT,MYS,True,True
AUT,MNG,True,True
AUT,NPL,True,True
AUT,OMN,True,True
AUT,PAK,True,True
AUT,PHL,True,True
AUT,QAT,True,True
AUT,SAU,True,True
AUT,KOR,True,True
AUT,LKA,True,True
AUT,SYR,True,True
AUT,TWN,True,True
AUT,TJK,True,True
AUT,THA,True,True
AUT,TUR,True,True
AUT,TKM,True,True
AUT,ARE,True,True
AUT,UZB,True,True
AUT,VNM,True,True
AUT,YEM,True,True
AUT,ALB,True,True
AUT,AUT,False,False
AUT,BLR,True,True
AUT,BEL,True,False
AUT,BIH,False,False
AUT,BGR,True,True
AUT,HRV,False,False
AUT,CYP,True,True
AUT,CZE,False,False
AUT,DNK,True,True
AUT,EST,True,True
AUT,FIN,True,True
AUT,FRA,False,False
AUT,DEU,False,False
AUT,GRC,True,True
AUT,HUN,False,False
AUT,ISL,True,True
AUT,IRL,True,True
AUT,ITA,False,False
AUT,LVA,True,True
AUT,LTU,True,True
AUT,MKD,True,True
AUT,MDA,True,True
AUT,MNE,True,False
AUT,NLD,True,False
AUT,NOR,True,True
AUT,POL,False,False
AUT,PRT,True,True
AUT,ROU,False,False
AUT,RUS,True,True
AUT,SRB,False,False
AUT,SVK,False,False
AUT,SVN,False,False
AUT,ESP,True,True
AUT,SWE,True,True
AUT,CHE,False,False
AUT,UKR,False,False
AUT,GBR,True,True
AUT,BHS,True,True
AUT,CAN,True,True
AUT,CRI,True,True
AUT,CUB,True,True
AUT,DOM,True,True
AUT,SLV,True,True
AUT,GTM,True,True
AUT,HTI,True,True
AUT,HND,True,True
AUT,JAM,True,True
AUT,MEX,True,True
AUT,NIC,True,True
AUT,PAN,True,True
AUT,USA,True,True
AUT,AUS,True,True
AUT,NZL,True,True
AUT,PNG,True,True
AUT,ARG,True,True
AUT,BOL,True,True
AUT,BRA,True,True
AUT,CHL,True,True
AUT,COL,True,True
AUT,ECU,True,True
AUT,PRY,True,True
AUT,PER,True,True
AUT,SUR,True,True
AUT,URY,True,True
AUT,VEN,True,True
BLR,DZA,True,True
BLR,AGO,True,True
BLR,BEN,True,True
BLR,BWA,True,True
BLR,BFA,True,True
BLR,BDI,True,True
BLR,CMR,True,True
BLR,CAF,True,True
BLR,TCD,True,True
BLR,COG,True,True
BLR,COD,True,True
BLR,CIV,True,True
BLR,DJI,True,True
BLR,EGY,True,True
BLR,GNQ,True,True
BLR,ERI,True,True
BLR,ETH,True,True
BLR,GAB,True,True
BLR,GHA,True,True
BLR,GIN,True,True
BLR,GNB,True,True
BLR,KEN,True,True
BLR,LSO,True,True
BLR,LBR,True,True
BLR,LBY,True,True
BLR,MDG,True,True
BLR,MWI,True,True
BLR,MLI,True,True
BLR,MRT,True,True
BLR,MAR,True,True
BLR,MOZ,True,True
BLR,NAM,True,True
BLR,NER,True,True
BLR,NGA,True,True
BLR,RWA,True,True
BLR,SEN,True,True
BLR,SLE,True,True
BLR,SOM,True,True
BLR,ZAF,True,True
BLR,SDN,True,True
BLR,SWZ,True,True
BLR,TZA,True,True
BLR,TGO,True,True
BLR,TUN,True,True
BLR,UGA,True,True
BLR,ZMB,True,True
BLR,ZWE,True,True
BLR,AFG,True,True
BLR,ARM,True,True
BLR,AZE,True,True
BLR,BGD,True,True
BLR,MMR,True,True
BLR,KHM,True,True
BLR,CHN,True,True
BLR,GEO,True,True
BLR,IND,True,True
BLR,IDN,True,True
BLR,IRN,True,True
BLR,IRQ,True,True
BLR,ISR,True,True
BLR,JPN,True,True
BLR,JOR,True,True
BLR,KAZ,True,True
BLR,LAO,True,True
BLR,LBN,True,True
BLR,MYS,True,True
BLR,MNG,True,True
BLR,NPL,True,True
BLR,OMN,True,True
BLR,PAK,True,True
BLR,PHL,True,True
BLR,QAT,True,True
BLR,SAU,True,True
BLR,KOR,True,True
BLR,LKA,True,True
BLR,SYR,True,True
BLR,TWN,True,True
BLR,TJK,True,True
BLR,THA,True,True
BLR,TUR,True,True
BLR,TKM,True,True
BLR,ARE,True,True
BLR,UZB,True,True
BLR,VNM,True,True
BLR,YEM,True,True
BLR,ALB,True,True
BLR,AUT,True,True
BLR,BLR,False,False
BLR,BEL,True,True
BLR,BIH,True,True
BLR,BGR,True,True
BLR,HRV,True,True
BLR,CYP,True,True
BLR,CZE,False,False
BLR,DNK,True,True
BLR,EST,False,False
BLR,FIN,True,False
BLR,FRA,True,True
BLR,DEU,True,True
BLR,GRC,True,True
BLR,HUN,False,False
BLR,ISL,True,True
BLR,IRL,True,True
BLR,ITA,True,True
BLR,LVA,False,False
BLR,LTU,False,False
BLR,MKD,True,True
BLR,MDA,False,False
BLR,MNE,True,True
BLR,NLD,True,True
BLR,NOR,True,True
BLR,POL,False,False
BLR,PRT,True,True
BLR,ROU,False,False
BLR,RUS,False,False
BLR,SRB,True,True
BLR,SVK,False,False
BLR,SVN,True,True
BLR,ESP,True,True
BLR,SWE,True,False
BLR,CHE,True,True
BLR,UKR,False,False
BLR,GBR,True,True
BLR,BHS,True,True
BLR,CAN,True,True
BLR,CRI,True,True
BLR,CUB,True,True
BLR,DOM,True,True
BLR,SLV,True,True
BLR,GTM,True,True
BLR,HTI,True,True
BLR,HND,True,True
BLR,JAM,True,True
BLR,MEX,True,True
BLR,NIC,True,True
BLR,PAN,True,True
BLR,USA,True,True
BLR,AUS,True,True
BLR,NZL,True,True
BLR,PNG,True,True
BLR,ARG,True,True
BLR,BOL,True,True
BLR,BRA,True,True
BLR,CHL,True,True
BLR,COL,True,True
BLR,ECU,True,True
BLR,PRY,True,True
BLR,PER,True,True
BLR,SUR,True,True
BLR,URY,True,True
BLR,VEN,True,True
BEL,DZA,True,True
BEL,AGO,True,True
BEL,BEN,True,True
BEL,BWA,True,True
BEL,BFA,True,True
BEL,BDI,True,True
BEL,CMR,True,True
BEL,CAF,True,True
BEL,TCD,True,True
BEL,COG,True,True
BEL,COD,True,True
BEL,CIV,True,True
BEL,DJI,True,True
BEL,EGY,True,True
BEL,GNQ,True,True
BEL,ERI,True,True
BEL,ETH,True,True
BEL,GAB,True,True
BEL,GHA,True,True
BEL,GIN,True,True
BEL,GNB,True,True
BEL,KEN,True,True
BEL,LSO,True,True
BEL,LBR,True,True
BEL,LBY,True,True
BEL,MDG,True,True
BEL,MWI,True,True
BEL,MLI,True,True
BEL,MRT,True,True
BEL,MAR,True,True
BEL,MOZ,True,True
BEL,NAM,True,True
BEL,NER,True,True
BEL,NGA,True,True
BEL,RWA,True,True
BEL,SEN,True,True
BEL,SLE,True,True
BEL,SOM,True,True
BEL,ZAF,True,True
BEL,SDN,True,True
BEL,SWZ,True,True
BEL,TZA,True,True
BEL,TGO,True,True
BEL,TUN,True,True
BEL,UGA,True,True
BEL,ZMB,True,True
BEL,ZWE,True,True
BEL,AFG,True,True
BEL,ARM,True,True
BEL,AZE,True,True
BEL,BGD,True,True
BEL,MMR,True,True
BEL,KHM,True,True
BEL,CHN,True,True
BEL,GEO,True,True
BEL,IND,True,True
BEL,IDN,True,True
BEL,IRN,True,True
BEL,IRQ,True,True
BEL,ISR,True,True
BEL,JPN,True,True
BEL,JOR,True,True
BEL,KAZ,True,True
BEL,LAO,True,True
BEL,LBN,True,True
BEL,MYS,True,True
BEL,MNG,True,True
BEL,NPL,True,True
BEL,OMN,True,True
BEL,PAK,True,True
BEL,PHL,True,True
BEL,QAT,True,True
BEL,SAU,True,True
BEL,KOR,True,True
BEL,LKA,True,True
BEL,SYR,True,True
BEL,TWN,True,True
BEL,TJK,True,True
BEL,THA,True,True
BEL,TUR,True,True
BEL,TKM,True,True
BEL,ARE,True,True
BEL,UZB,True,True
BEL,VNM,True,True
BEL,YEM,True,True
BEL,ALB,True,True
BEL,AUT,True,False
BEL,BLR,True,True
BEL,BEL,False,False
BEL,BIH,True,True
BEL,BGR,True,True
BEL,HRV,True,True
BEL,CYP,True,True
BEL,CZE,True,False
BEL,DNK,True,False
BEL,EST,True,True
BEL,FIN,True,True
BEL,FRA,False,False
BEL,DEU,False,False
BEL,GRC,True,True
BEL,HUN,True,True
BEL,ISL,True,True
BEL,IRL,True,True
BEL,ITA,False,False
BEL,LVA,True,True
BEL,LTU,True,True
BEL,MKD,True,True
BEL,MDA,True,True
BEL,MNE,True,True
BEL,NLD,False,False
BEL,NOR,True,True
BEL,POL,True,True
BEL,PRT,True,True
BEL,ROU,True,True
BEL,RUS,True,True
BEL,SRB,True,True
BEL,SVK,True,True
BEL,SVN,True,True
BEL,ESP,True,True
BEL,SWE,True,True
BEL,CHE,False,False
BEL,UKR,True,True
BEL,GBR,False,False
BEL,BHS,True,True
BEL,CAN,True,True
BEL,CRI,True,True
BEL,CUB,True,True
BEL,DOM,True,True
BEL,SLV,True,True
BEL,GTM,True,True
BEL,HTI,True,True
BEL,HND,True,True
BEL,JAM,True,True
BEL,MEX,True,True
BEL,NIC,True,True
BEL,PAN,True,True
BEL,USA,True,True
BEL,AUS,True,True
BEL,NZL,True,True
BEL,PNG,True,True
BEL,ARG,True,True
BEL,BOL,True,True
BEL,BRA,True,True
BEL,CHL,True,True
BEL,COL,True,True
BEL,ECU,True,True
BEL,PRY,True,True
BEL,PER,True,True
BEL,SUR,True,True
BEL,URY,True,True
BEL,VEN,True,True
BIH,DZA,True,True
BIH,AGO,True,True
BIH,BEN,True,True
BIH,BWA,True,True
BIH,BFA,True,True
BIH,BDI,True,True
BIH,CMR,True,True
BIH,CAF,True,True
BIH,TCD,True,True
BIH,COG,True,True
BIH,COD,True,True
BIH,CIV,True,True
BIH,DJI,True,True
BIH,EGY,True,True
BIH,GNQ,True,True
BIH,ERI,True,True
BIH,ETH,True,True
BIH,GAB,True,True
BIH,GHA,True,True
BIH,GIN,True,True
BIH,GNB,True,True
BIH,KEN,True,True
BIH,LSO,True,True
BIH,LBR,True,True
BIH,LBY,True,True
BIH,MDG,True,True
BIH,MWI,True,True
BIH,MLI,True,True
BIH,MRT,True,True
BIH,MAR,True,True
BIH,MOZ,True,True
BIH,NAM,True,True
BIH,NER,True,True
BIH,NGA,True,True
BIH,RWA,True,True
BIH,SEN,True,True
BIH,SLE,True,True
BIH,SOM,True,True
BIH,ZAF,True,True
BIH,SDN,True,True
BIH,SWZ,True,True
BIH,TZA,True,True
BIH,TGO,True,True
BIH,TUN,True,True
BIH,UGA,True,True
BIH,ZMB,True,True
BIH,ZWE,True,True
BIH,AFG,True,True
BIH,ARM,True,True
BIH,AZE,True,True
BIH,BGD,True,True
BIH,MMR,True,True
BIH,KHM,True,True
BIH,CHN,True,True
BIH,GEO,True,True
BIH,IND,True,True
BIH,IDN,True,True
BIH,IRN,True,True
BIH,IRQ,True,True
BIH,ISR,True,True
BIH,JPN,True,True
BIH,JOR,True,True
BIH,KAZ,True,True
BIH,LAO,True,True
BIH,LBN,True,True
BIH,MYS,True,True
BIH,MNG,True,True
BIH,NPL,True,True
BIH,OMN,True,True
BIH,PAK,True,True
BIH,PHL,True,True
BIH,QAT,True,True
BIH,SAU,True,True
BIH,KOR,True,True
BIH,LKA,True,True
BIH,SYR,True,True
BIH,TWN,True,True
BIH,TJK,True,True
BIH,THA,True,True
BIH,TUR,True,True
BIH,TKM,True,True
BIH,ARE,True,True
BIH,UZB,True,True
BIH,VNM,True,True
BIH,YEM,True,True
BIH,ALB,False,False
BIH,AUT,False,False
BIH,BLR,True,True
BIH,BEL,True,True
BIH,BIH,False,False
BIH,BGR,False,False
BIH,HRV,False,False
BIH,CYP,True,True
BIH,CZE,False,False
BIH,DNK,True,True
BIH,EST,True,True
BIH,FIN,True,True
BIH,FRA,True,True
BIH,DEU,True,False
BIH,GRC,False,False
BIH,HUN,False,False
BIH,ISL,True,True
BIH,IRL,True,True
BIH,ITA,False,False
BIH,LVA,True,True
BIH,LTU,True,True
BIH,MKD,False,False
BIH,MDA,True,True
BIH,MNE,False,False
BIH,NLD,True,True
BIH,NOR,True,True
BIH,POL,True,False
BIH,PRT,True,True
BIH,ROU,False,False
BIH,RUS,True,True
BIH,SRB,False,False
BIH,SVK,False,False
BIH,SVN,False,False
BIH,ESP,True,True
BIH,SWE,True,True
BIH,CHE,True,False
BIH,UKR,True,False
BIH,GBR,True,True
BIH,BHS,True,True
BIH,CAN,True,True
BIH,CRI,True,True
BIH,CUB,True,True
BIH,DOM,True,True
BIH,SLV,True,True
BIH,GTM,True,True
BIH,HTI,True,True
BIH,HND,True,True
BIH,JAM,True,True
BIH,MEX,True,True
BIH,NIC,True,True
BIH,PAN,True,True
BIH,USA,True,True
BIH,AUS,True,True
BIH,NZL,True,True
BIH,PNG,True,True
BIH,ARG,True,True
BIH,BOL,True,True
BIH,BRA,True,True
BIH,CHL,True,True
BIH,COL,True,True
BIH,ECU,True,True
BIH,PRY,True,True
BIH,PER,True,True
BIH,SUR,True,True
BIH,URY,True,True
BIH,VEN,True,True
BGR,DZA,True,True
BGR,AGO,True,True
BGR,BEN,True,True
BGR,BWA,True,True
BGR,BFA,True,True
BGR,BDI,True,True
BGR,CMR,True,True
BGR,CAF,True,True
BGR,TCD,True,True
BGR,COG,True,True
BGR,COD,True,True
BGR,CIV,True,True
BGR,DJI,True,True
BGR,EGY,True,True
BGR,GNQ,True,True
BGR,ERI,True,True
BGR,ETH,True,True
BGR,GAB,True,True
BGR,GHA,True,True
BGR,GIN,True,True
BGR,GNB,True,True
BGR,KEN,True,True
BGR,LSO,True,True
BGR,LBR,True,True
BGR,LBY,True,True
BGR,MDG,True,True
BGR,MWI,True,True
BGR,MLI,True,True
BGR,MRT,True,True
BGR,MAR,True,True
BGR,MOZ,True,True
BGR,NAM,True,True
BGR,NER,True,True
BGR,NGA,True,True
BGR,RWA,True,True
BGR,SEN,True,True
BGR,SLE,True,True
BGR,SOM,True,True
BGR,ZAF,True,True
BGR,SDN,True,True
BGR,SWZ,True,True
BGR,TZA,True,True
BGR,TGO,True,True
BGR,TUN,True,True
BGR,UGA,True,True
BGR,ZMB,True,True
BGR,ZWE,True,True
BGR,AFG,True,True
BGR,ARM,True,True
BGR,AZE,True,True
BGR,BGD,True,True
BGR,MMR,True,True
BGR,KHM,True,True
BGR,CHN,True,True
BGR,GEO,True,True
BGR,IND,True,True
BGR,IDN,True,True
BGR,IRN,True,True
BGR,IRQ,True,True
BGR,ISR,True,True
BGR,JPN,True,True
BGR,JOR,True,True
BGR,KAZ,True,True
BGR,LAO,True,True
BGR,LBN,True,True
BGR,MYS,True,True
BGR,MNG,True,True
BGR,NPL,True,True
BGR,OMN,True,True
BGR,PAK,True,True
BGR,PHL,True,True
BGR,QAT,True,True
BGR,SAU,True,True
BGR,KOR,True,True
BGR,LKA,True,True
BGR,SYR,True,True
BGR,TWN,True,True
BGR,TJK,True,True
BGR,THA,True,True
BGR,TUR,False,False
BGR,TKM,True,True
BGR,ARE,True,True
BGR,UZB,True,True
BGR,VNM,True,True
BGR,YEM,True,True
BGR,ALB,False,False
BGR,AUT,True,True
BGR,BLR,True,True
BGR,BEL,True,True
BGR,BIH,False,False
BGR,BGR,False,False
BGR,HRV,False,False
BGR,CYP,True,True
BGR,CZE,True,True
BGR,DNK,True,True
BGR,EST,True,True
BGR,FIN,True,True
BGR,FRA,True,True
BGR,DEU,True,True
BGR,GRC,False,False
BGR,HUN,False,False
BGR,ISL,True,True
BGR,IRL,True,True
BGR,ITA,False,False
BGR,LVA,True,True
BGR,LTU,True,True
BGR,MKD,False,False
BGR,MDA,False,False
BGR,MNE,False,False
BGR,NLD,True,True
BGR,NOR,True,True
BGR,POL,True,True
BGR,PRT,True,True
BGR,ROU,False,False
BGR,RUS,True,True
BGR,SRB,False,False
BGR,SVK,True,False
BGR,SVN,True,True
BGR,ESP,True,True
BGR,SWE,True,True
BGR,CHE,True,True
BGR,UKR,False,False
BGR,GBR,True,True
BGR,BHS,True,True
BGR,CAN,True,True
BGR,CRI,True,True
BGR,CUB,True,True
BGR,DOM,True,True
BGR,SLV,True,True
BGR,GTM,True,True
BGR,HTI,True,True
BGR,HND,True,True
BGR,JAM,True,True
BGR,MEX,True,True
BGR,NIC,True,True
BGR,PAN,True,True
BGR,USA,True,True
BGR,AUS,True,True
BGR,NZL,True,True
BGR,PNG,True,True
BGR,ARG,True,True
BGR,BOL,True,True
BGR,BRA,True,True
BGR,CHL,True,True
BGR,COL,True,True
BGR,ECU,True,True
BGR,PRY,True,True
BGR,PER,True,True
BGR,SUR,True,True
BGR,URY,True,True
BGR,VEN,True,True
HRV,DZA,True,True
HRV,AGO,True,True
HRV,BEN,True,True
HRV,BWA,True,True
HRV,BFA,True,True
HRV,BDI,True,True
HRV,CMR,True,True
HRV,CAF,True,True
HRV,TCD,True,True
HRV,COG,True,True
HRV,COD,True,True
HRV,CIV,True,True
HRV,DJI,True,True
HRV,EGY,True,True
HRV,GNQ,True,True
HRV,ERI,True,True
HRV,ETH,True,True
HRV,GAB,True,True
HRV,GHA,True,True
HRV,GIN,True,True
HRV,GNB,True,True
HRV,KEN,True,True
HRV,LSO,True,True
HRV,LBR,True,True
HRV,LBY,True,True
HRV,MDG,True,True
HRV,MWI,True,True
HRV,MLI,True,True
HRV,MRT,True,True
HRV,MAR,True,True
HRV,MOZ,True,True
HRV,NAM,True,True
HRV,NER,True,True
HRV,NGA,True,True
HRV,RWA,True,True
HRV,SEN,True,True
HRV,SLE,True,True
HRV,SOM,True,True
HRV,ZAF,True,True
HRV,SDN,True,True
HRV,SWZ,True,True
HRV,TZA,True,True
HRV,TGO,True,True
HRV,TUN,True,True
HRV,UGA,True,True
HRV,ZMB,True,True
HRV,ZWE,True,True
HRV,AFG,True,True
HRV,ARM,True,True
HRV,AZE,True,True
HRV,BGD,True,True
HRV,MMR,True,True
HRV,KHM,True,True
HRV,CHN,True,True
HRV,GEO,True,True
HRV,IND,True,True
HRV,IDN,True,True
HRV,IRN,True,True
HRV,IRQ,True,True
HRV,ISR,True,True
HRV,JPN,True,True
HRV,JOR,True,True
HRV,KAZ,True,True
HRV,LAO,True,True
HRV,LBN,True,True
HRV,MYS,True,True
HRV,MNG,True,True
HRV,NPL,True,True
HRV,OMN,True,True
HRV,PAK,True,True
HRV,PHL,True,True
HRV,QAT,True,True
HRV,SAU,True,True
HRV,KOR,True,True
HRV,LKA,True,True
HRV,SYR,True,True
HRV,TWN,True,True
HRV,TJK,True,True
HRV,THA,True,True
HRV,TUR,True,True
HRV,TKM,True,True
HRV,ARE,True,True
HRV,UZB,True,True
HRV,VNM,True,True
HRV,YEM,True,True
HRV,ALB,False,False
HRV,AUT,False,False
HRV,BLR,True,True
HRV,BEL,True,True
HRV,BIH,False,False
HRV,BGR,False,False
HRV,HRV,False,False
HRV,CYP,True,True
HRV,CZE,False,False
HRV,DNK,True,True
HRV,EST,True,True
HRV,FIN,True,True
HRV,FRA,False,False
HRV,DEU,False,False
HRV,GRC,False,False
HRV,HUN,False,False
HRV,ISL,True,True
HRV,IRL,True,True
HRV,ITA,False,False
HRV,LVA,True,True
HRV,LTU,True,True
HRV,MKD,False,False
HRV,MDA,True,True
HRV,MNE,False,False
HRV,NLD,True,True
HRV,NOR,True,True
HRV,POL,False,False
HRV,PRT,True,True
HRV,ROU,False,False
HRV,RUS,True,True
HRV,SRB,False,False
HRV,SVK,False,False
HRV,SVN,False,False
HRV,ESP,True,True
HRV,SWE,True,True
HRV,CHE,False,False
HRV,UKR,False,False
HRV,GBR,True,True
HRV,BHS,True,True
HRV,CAN,True,True
HRV,CRI,True,True
HRV,CUB,True,True
HRV,DOM,True,True
HRV,SLV,True,True
HRV,GTM,True,True
HRV,HTI,True,True
HRV,HND,True,True
HRV,JAM,True,True
HRV,MEX,True,True
HRV,NIC,True,True
HRV,PAN,True,True
HRV,USA,True,True
HRV,AUS,True,True
HRV,NZL,True,True
HRV,PNG,True,True
HRV,ARG,True,True
HRV,BOL,True,True
HRV,BRA,True,True
HRV,CHL,True,True
HRV,COL,True,True
HRV,ECU,True,True
HRV,PRY,True,True
HRV,PER,True,True
HRV,SUR,True,True
HRV,URY,True,True
HRV,VEN,True,True
CYP,DZA,True,True
CYP,AGO,True,True
CYP,BEN,True,True
CYP,BWA,True,True
CYP,BFA,True,True
CYP,BDI,True,True
CYP,CMR,True,True
CYP,CAF,True,True
CYP,TCD,True,True
CYP,COG,True,True
CYP,COD,True,True
CYP,CIV,True,True
CYP,DJI,True,True
CYP,EGY,False,False
CYP,GNQ,True,True
CYP,ERI,True,True
CYP,ETH,True,True
CYP,GAB,True,True
CYP,GHA,True,True
CYP,GIN,True,True
CYP,GNB,True,True
CYP,KEN,True,True
CYP,LSO,True,True
CYP,LBR,True,True
CYP,LBY,True,True
CYP,MDG,True,True
CYP,MWI,True,True
CYP,MLI,True,True
CYP,MRT,True,True
CYP,MAR,True,True
CYP,MOZ,True,True
CYP,NAM,True,True
CYP,NER,True,True
CYP,NGA,True,True
CYP,RWA,True,True
CYP,SEN,True,True
CYP,SLE,True,True
CYP,SOM,True,True
CYP,ZAF,True,True
CYP,SDN,True,True
CYP,SWZ,True,True
CYP,TZA,True,True
CYP,TGO,True,True
CYP,TUN,True,True
CYP,UGA,True,True
CYP,ZMB,True,True
CYP,ZWE,True,True
CYP,AFG,True,True
CYP,ARM,True,True
CYP,AZE,True,True
CYP,BGD,True,True
CYP,MMR,True,True
CYP,KHM,True,True
CYP,CHN,True,True
CYP,GEO,True,True
CYP,IND,True,True
CYP,IDN,True,True
CYP,IRN,True,True
CYP,IRQ,True,False
CYP,ISR,False,False
CYP,JPN,True,True
CYP,JOR,False,False
CYP,KAZ,True,True
CYP,LAO,True,True
CYP,LBN,False,False
CYP,MYS,True,True
CYP,MNG,True,True
CYP,NPL,True,True
CYP,OMN,True,True
CYP,PAK,True,True
CYP,PHL,True,True
CYP,QAT,True,True
CYP,SAU,True,False
CYP,KOR,True,True
CYP,LKA,True,True
CYP,SYR,False,False
CYP,TWN,True,True
CYP,TJK,True,True
CYP,THA,True,True
CYP,TUR,False,False
CYP,TKM,True,True
CYP,ARE,True,True
CYP,UZB,True,True
CYP,VNM,True,True
CYP,YEM,True,True
CYP,ALB,True,True
CYP,AUT,True,True
CYP,BLR,True,True
CYP,BEL,True,True
CYP,BIH,True,True
CYP,BGR,True,True
CYP,HRV,True,True
CYP,CYP,False,False
CYP,CZE,True,True
CYP,DNK,True,True
CYP,EST,True,True
CYP,FIN,True,True
CYP,FRA,True,True
CYP,DEU,True,True
CYP,GRC,True,False
CYP,HUN,True,True
CYP,ISL,True,True
CYP,IRL,True,True
CYP,ITA,True,True
CYP,LVA,True,True
CYP,LTU,True,True
CYP,MKD,True,True
CYP,MDA,True,True
CYP,MNE,True,True
CYP,NLD,True,True
CYP,NOR,True,True
CYP,POL,True,True
CYP,PRT,True,True
CYP,ROU,True,True
CYP,RUS,True,True
CYP,SRB,True,True
CYP,SVK,True,True
CYP,SVN,True,True
CYP,ESP,True,True
CYP,SWE,True,True
CYP,CHE,True,True
CYP,UKR,True,True
CYP,GBR,True,True
CYP,BHS,True,True
CYP,CAN,True,True
CYP,CRI,True,True
CYP,CUB,True,True
CYP,DOM,True,True
CYP,SLV,True,True
CYP,GTM,True,True
CYP,HTI,True,True
CYP,HND,True,True
CYP,JAM,True,True
CYP,MEX,True,True
CYP,NIC,True,True
CYP,PAN,True,True
CYP,USA,True,True
CYP,AUS,True,True
CYP,NZL,True,True
CYP,PNG,True,True
CYP,ARG,True,True
CYP,BOL,True,True
CYP,BRA,True,True
CYP,CHL,True,True
CYP,COL,True,True
CYP,ECU,True,True
CYP,PRY,True,True
CYP,PER,True,True
CYP,SUR,True,True
CYP,URY,True,True
CYP,VEN,True,True
CZE,DZA,True,True
CZE,AGO,True,True
CZE,BEN,True,True
CZE,BWA,True,True
CZE,BFA,True,True
CZE,BDI,True,True
CZE,CMR,True,True
CZE,CAF,True,True
CZE,TCD,True,True
CZE,COG,True,True
CZE,COD,True,True
CZE,CIV,True,True
CZE,DJI,True,True
CZE,EGY,True,True
CZE,GNQ,True,True
CZE,ERI,True,True
CZE,ETH,True,True
CZE,GAB,True,True
CZE,GHA,True,True
CZE,GIN,True,True
CZE,GNB,True,True
CZE,KEN,True,True
CZE,LSO,True,True
CZE,LBR,True,True
CZE,LBY,True,True
CZE,MDG,True,True
CZE,MWI,True,True
CZE,MLI,True,True
CZE,MRT,True,True
CZE,MAR,True,True
CZE,MOZ,True,True
CZE,NAM,True,True
CZE,NER,True,True
CZE,NGA,True,True
CZE,RWA,True,True
CZE,SEN,True,True
CZE,SLE,True,True
CZE,SOM,True,True
CZE,ZAF,True,True
CZE,SDN,True,True
CZE,SWZ,True,True
CZE,TZA,True,True
CZE,TGO,True,True
CZE,TUN,True,True
CZE,UGA,True,True
CZE,ZMB,True,True
CZE,ZWE,True,True
CZE,AFG,True,True
CZE,ARM,True,True
CZE,AZE,True,True
CZE,BGD,True,True
CZE,MMR,True,True
CZE,KHM,True,True
CZE,CHN,True,True
CZE,GEO,True,True
CZE,IND,True,True
CZE,IDN,True,True
CZE,IRN,True,True
CZE,IRQ,True,True
CZE,ISR,True,True
CZE,JPN,True,True
CZE,JOR,True,True
CZE,KAZ,True,True
CZE,LAO,True,True
CZE,LBN,True,True
CZE,MYS,True,True
CZE,MNG,True,True
CZE,NPL,True,True
CZE,OMN,True,True
CZE,PAK,True,True
CZE,PHL,True,True
CZE,QAT,True,True
CZE,SAU,True,True
CZE,KOR,True,True
CZE,LKA,True,True
CZE,SYR,True,True
CZE,TWN,True,True
CZE,TJK,True,True
CZE,THA,True,True
CZE,TUR,True,True
CZE,TKM,True,True
CZE,ARE,True,True
CZE,UZB,True,True
CZE,VNM,True,True
CZE,YEM,True,True
CZE,ALB,True,True
CZE,AUT,False,False
CZE,BLR,False,False
CZE,BEL,True,False
CZE,BIH,False,False
CZE,BGR,True,True
CZE,HRV,False,False
CZE,CYP,True,True
CZE,CZE,False,False
CZE,DNK,False,False
CZE,EST,True,True
CZE,FIN,True,True
CZE,FRA,False,False
CZE,DEU,False,False
CZE,GRC,True,True
CZE,HUN,False,False
CZE,ISL,True,True
CZE,IRL,True,True
CZE,ITA,False,False
CZE,LVA,True,True
CZE,LTU,True,True
CZE,MKD,True,True
CZE,MDA,True,True
CZE,MNE,True,True
CZE,NLD,True,False
CZE,NOR,True,True
CZE,POL,False,False
CZE,PRT,True,True
CZE,ROU,False,False
CZE,RUS,True,False
CZE,SRB,False,False
CZE,SVK,False,False
CZE,SVN,False,False
CZE,ESP,True,True
CZE,SWE,True,False
CZE,CHE,False,False
CZE,UKR,False,False
CZE,GBR,True,True
CZE,BHS,True,True
CZE,CAN,True,True
CZE,CRI,True,True
CZE,CUB,True,True
CZE,DOM,True,True
CZE,SLV,True,True
CZE,GTM,True,True
CZE,HTI,True,True
CZE,HND,True,True
CZE,JAM,True,True
CZE,MEX,True,True
CZE,NIC,True,True
CZE,PAN,True,True
CZE,USA,True,True
CZE,AUS,True,True
CZE,NZL,True,True
CZE,PNG,True,True
CZE,ARG,True,True
CZE,BOL,True,True
CZE,BRA,True,True
CZE,CHL,True,True
CZE,COL,True,True
CZE,ECU,True,True
CZE,PRY,True,True
CZE,PER,True,True
CZE,SUR,True,True
CZE,URY,True,True
CZE,VEN,True,True
DNK,DZA,True,True
DNK,AGO,True,True
DNK,BEN,True,True
DNK,BWA,True,True
DNK,BFA,True,True
DNK,BDI,True,True
DNK,CMR,True,True
DNK,CAF,True,True
DNK,TCD,True,True
DNK,COG,True,True
DNK,COD,True,True
DNK,CIV,True,True
DNK,DJI,True,True
DNK,EGY,True,True
DNK,GNQ,True,True
DNK,ERI,True,True
DNK,ETH,True,True
DNK,GAB,True,True
DNK,GHA,True,True
DNK,GIN,True,True
DNK,GNB,True,True
DNK,KEN,True,True
DNK,LSO,True,True
DNK,LBR,True,True
DNK,LBY,True,True
DNK,MDG,True,True
DNK,MWI,True,True
DNK,MLI,True,True
DNK,MRT,True,True
DNK,MAR,True,True
DNK,MOZ,True,True
DNK,NAM,True,True
DNK,NER,True,True
DNK,NGA,True,True
DNK,RWA,True,True
DNK,SEN,True,True
DNK,SLE,True,True
DNK,SOM,True,True
DNK,ZAF,True,True
DNK,SDN,True,True
DNK,SWZ,True,True
DNK,TZA,True,True
DNK,TGO,True,True
DNK,TUN,True,True
DNK,UGA,True,True
DNK,ZMB,True,True
DNK,ZWE,True,True
DNK,AFG,True,True
DNK,ARM,True,True
DNK,AZE,True,True
DNK,BGD,True,True
DNK,MMR,True,True
DNK,KHM,True,True
DNK,CHN,True,True
DNK,GEO,True,True
DNK,IND,True,True
DNK,IDN,True,True
DNK,IRN,True,True
DNK,IRQ,True,True
DNK,ISR,True,True
DNK,JPN,True,True
DNK,JOR,True,True
DNK,KAZ,True,True
DNK,LAO,True,True
DNK,LBN,True,True
DNK,MYS,True,True
DNK,MNG,True,True
DNK,NPL,True,True
DNK,OMN,True,True
DNK,PAK,True,True
DNK,PHL,True,True
DNK,QAT,True,True
DNK,SAU,True,True
DNK,KOR,True,True
DNK,LKA,True,True
DNK,SYR,True,True
DNK,TWN,True,True
DNK,TJK,True,True
DNK,THA,True,True
DNK,TUR,True,True
DNK,TKM,True,True
DNK,ARE,True,True
DNK,UZB,True,True
DNK,VNM,True,True
DNK,YEM,True,True
DNK,ALB,True,True
DNK,AUT,True,True
DNK,BLR,True,True
DNK,BEL,True,False
DNK,BIH,True,True
DNK,BGR,True,True
DNK,HRV,True,True
DNK,CYP,True,True
DNK,CZE,False,False
DNK,DNK,False,False
DNK,EST,True,False
DNK,FIN,True,True
DNK,FRA,True,True
DNK,DEU,False,False
DNK,GRC,True,True
DNK,HUN,True,True
DNK,ISL,True,True
DNK,IRL,True,True
DNK,ITA,True,True
DNK,LVA,True,False
DNK,LTU,True,False
DNK,MKD,True,True
DNK,MDA,True,True
DNK,MNE,True,True
DNK,NLD,False,False
DNK,NOR,False,False
DNK,POL,False,False
DNK,PRT,True,True
DNK,ROU,True,True
DNK,RUS,False,False
DNK,SRB,True,True
DNK,SVK,True,True
DNK,SVN,True,True
DNK,ESP,True,True
DNK,SWE,False,False
DNK,CHE,True,True
DNK,UKR,True,True
DNK,GBR,True,False
DNK,BHS,True,True
DNK,CAN,True,True
DNK,CRI,True,True
DNK,CUB,True,True
DNK,DOM,True,True
DNK,SLV,True,True
DNK,GTM,True,True
DNK,HTI,True,True
DNK,HND,True,True
DNK,JAM,True,True
DNK,MEX,True,True
DNK,NIC,True,True
DNK,PAN,True,True
DNK,USA,True,True
DNK,AUS,True,True
DNK,NZL,True,True
DNK,PNG,True,True
DNK,ARG,True,True
DNK,BOL,True,True
DNK,BRA,True,True
DNK,CHL,True,True
DNK,COL,True,True
DNK,ECU,True,True
DNK,PRY,True,True
DNK,PER,True,True
DNK,SUR,True,True
DNK,URY,True,True
DNK,VEN,True,True
EST,DZA,True,True
EST,AGO,True,True
EST,BEN,True,True
EST,BWA,True,True
EST,BFA,True,True
EST,BDI,True,True
EST,CMR,True,True
EST,CAF,True,True
EST,TCD,True,True
EST,COG,True,True
EST,COD,True,True
EST,CIV,True,True
EST,DJI,True,True
EST,EGY,True,True
EST,GNQ,True,True
EST,ERI,True,True
EST,ETH,True,True
EST,GAB,True,True
EST,GHA,True,True
EST,GIN,True,True
EST,GNB,True,True
EST,KEN,True,True
EST,LSO,True,True
EST,LBR,True,True
EST,LBY,True,True
EST,MDG,True,True
EST,MWI,True,True
EST,MLI,True,True
EST,MRT,True,True
EST,MAR,True,True
EST,MOZ,True,True
EST,NAM,True,True
EST,NER,True,True
EST,NGA,True,True
EST,RWA,True,True
EST,SEN,True,True
EST,SLE,True,True
EST,SOM,True,True
EST,ZAF,True,True
EST,SDN,True,True
EST,SWZ,True,True
EST,TZA,True,True
EST,TGO,True,True
EST,TUN,True,True
EST,UGA,True,True
EST,ZMB,True,True
EST,ZWE,True,True
EST,AFG,True,True
EST,ARM,True,True
EST,AZE,True,True
EST,BGD,True,True
EST,MMR,True,True
EST,KHM,True,True
EST,CHN,True,True
EST,GEO,True,True
EST,IND,True,True
EST,IDN,True,True
EST,IRN,True,True
EST,IRQ,True,True
EST,ISR,True,True
EST,JPN,True,True
EST,JOR,True,True
EST,KAZ,True,True
EST,LAO,True,True
EST,LBN,True,True
EST,MYS,True,True
EST,MNG,True,True
EST,NPL,True,True
EST,OMN,True,True
EST,PAK,True,True
EST,PHL,True,True
EST,QAT,True,True
EST,SAU,True,True
EST,KOR,True,True
EST,LKA,True,True
EST,SYR,True,True
EST,TWN,True,True
EST,TJK,True,True
EST,THA,True,True
EST,TUR,True,True
EST,TKM,True,True
EST,ARE,True,True
EST,UZB,True,True
EST,VNM,True,True
EST,YEM,True,True
EST,ALB,True,True
EST,AUT,True,True
EST,BLR,False,False
EST,BEL,True,True
EST,BIH,True,True
EST,BGR,True,True
EST,HRV,True,True
EST,CYP,True,True
EST,CZE,True,True
EST,DNK,True,False
EST,EST,False,False
EST,FIN,False,False
EST,FRA,True,True
EST,DEU,True,True
EST,GRC,True,True
EST,HUN,True,True
EST,ISL,True,True
EST,IRL,True,True
EST,ITA,True,True
EST,LVA,False,False
EST,LTU,False,False
EST,MKD,True,True
EST,MDA,True,True
EST,MNE,True,True
EST,NLD,True,True
EST,NOR,True,True
EST,POL,False,False
EST,PRT,True,True
EST,ROU,True,True
EST,RUS,False,False
EST,SRB,True,True
EST,SVK,True,True
EST,SVN,True,True
EST,ESP,True,True
EST,SWE,False,False
EST,CHE,True,True
EST,UKR,True,True
EST,GBR,True,True
EST,BHS,True,True
EST,CAN,True,True
EST,CRI,True,True
EST,CUB,True,True
EST,DOM,True,True
EST,SLV,True,True
EST,GTM,True,True
EST,HTI,True,True
EST,HND,True,True
EST,JAM,True,True
EST,MEX,True,True
EST,NIC,True,True
EST,PAN,True,True
EST,USA,True,True
EST,AUS,True,True
EST,NZL,True,True
EST,PNG,True,True
EST,ARG,True,True
EST,BOL,True,True
EST,BRA,True,True
EST,CHL,True,True
EST,COL,True,True
EST,ECU,True,True
EST,PRY,True,True
EST,PER,True,True
EST,SUR,True,True
EST,URY,True,True
EST,VEN,True,True
FIN,DZA,True,True
FIN,AGO,True,True
FIN,BEN,True,True
FIN,BWA,True,True
FIN,BFA,True,True
FIN,BDI,True,True
FIN,CMR,True,True
FIN,CAF,True,True
FIN,TCD,True,True
FIN,COG,True,True
FIN,COD,True,True
FIN,CIV,True,True
FIN,DJI,True,True
FIN,EGY,True,True
FIN,GNQ,True,True
FIN,ERI,True,True
FIN,ETH,True,True
FIN,GAB,True,True
FIN,GHA,True,True
FIN,GIN,True,True
FIN,GNB,True,True
FIN,KEN,True,True
FIN,LSO,True,True
FIN,LBR,True,True
FIN,LBY,True,True
FIN,MDG,True,True
FIN,MWI,True,True
FIN,MLI,True,True
FIN,MRT,True,True
FIN,MAR,True,True
FIN,MOZ,True,True
FIN,NAM,True,True
FIN,NER,True,True
FIN,NGA,True,True
FIN,RWA,True,True
FIN,SEN,True,True
FIN,SLE,True,True
FIN,SOM,True,True
FIN,ZAF,True,True
FIN,SDN,True,True
FIN,SWZ,True,True
FIN,TZA,True,True
FIN,TGO,True,True
FIN,TUN,True,True
FIN,UGA,True,True
FIN,ZMB,True,True
FIN,ZWE,True,True
FIN,AFG,True,True
FIN,ARM,True,True
FIN,AZE,True,True
FIN,BGD,True,True
FIN,MMR,True,True
FIN,KHM,True,True
FIN,CHN,True,True
FIN,GEO,True,True
FIN,IND,True,True
FIN,IDN,True,True
FIN,IRN,True,True
FIN,IRQ,True,True
FIN,ISR,True,True
FIN,JPN,True,True
FIN,JOR,True,True
FIN,KAZ,True,True
FIN,LAO,True,True
FIN,LBN,True,True
FIN,MYS,True,True
FIN,MNG,True,True
FIN,NPL,True,True
FIN,OMN,True,True
FIN,PAK,True,True
FIN,PHL,True,True
FIN,QAT,True,True
FIN,SAU,True,True
FIN,KOR,True,True
FIN,LKA,True,True
FIN,SYR,True,True
FIN,TWN,True,True
FIN,TJK,True,True
FIN,THA,True,True
FIN,TUR,True,True
FIN,TKM,True,True
FIN,ARE,True,True
FIN,UZB,True,True
FIN,VNM,True,True
FIN,YEM,True,True
FIN,ALB,True,True
FIN,AUT,True,True
FIN,BLR,True,False
FIN,BEL,True,True
FIN,BIH,True,True
FIN,BGR,True,True
FIN,HRV,True,True
FIN,CYP,True,True
FIN,CZE,True,True
FIN,DNK,True,True
FIN,EST,False,False
FIN,FIN,False,False
FIN,FRA,True,True
FIN,DEU,True,True
FIN,GRC,True,True
FIN,HUN,True,True
FIN,ISL,True,True
FIN,IRL,True,True
FIN,ITA,True,True
FIN,LVA,False,False
FIN,LTU,True,False
FIN,MKD,True,True
FIN,MDA,True,True
FIN,MNE,True,True
FIN,NLD,True,True
FIN,NOR,False,False
FIN,POL,True,True
FIN,PRT,True,True
FIN,ROU,True,True
FIN,RUS,False,False
FIN,SRB,True,True
FIN,SVK,True,True
FIN,SVN,True,True
FIN,ESP,True,True
FIN,SWE,False,False
FIN,CHE,True,True
FIN,UKR,True,True
FIN,GBR,True,True
FIN,BHS,True,True
FIN,CAN,True,True
FIN,CRI,True,True
FIN,CUB,True,True
FIN,DOM,True,True
FIN,SLV,True,True
FIN,GTM,True,True
FIN,HTI,True,True
FIN,HND,True,True
FIN,JAM,True,True
FIN,MEX,True,True
FIN,NIC,True,True
FIN,PAN,True,True
FIN,USA,True,True
FIN,AUS,True,True
FIN,NZL,True,True
FIN,PNG,True,True
FIN,ARG,True,True
FIN,BOL,True,True
FIN,BRA,True,True
FIN,CHL,True,True
FIN,COL,True,True
FIN,ECU,True,True
FIN,PRY,True,True
FIN,PER,True,True
FIN,SUR,True,True
FIN,URY,True,True
FIN,VEN,True,True
FRA,DZA,True,False
FRA,AGO,True,True
FRA,BEN,True,True
FRA,BWA,True,True
FRA,BFA,True,True
FRA,BDI,True,True
FRA,CMR,True,True
FRA,CAF,True,True
FRA,TCD,True,True
FRA,COG,True,True
FRA,COD,True,True
FRA,CIV,True,True
FRA,DJI,True,True
FRA,EGY,True,True
FRA,GNQ,True,True
FRA,ERI,True,True
FRA,ETH,True,True
FRA,GAB,True,True
FRA,GHA,True,True
FRA,GIN,True,True
FRA,GNB,True,True
FRA,KEN,True,True
FRA,LSO,True,True
FRA,LBR,True,True
FRA,LBY,True,True
FRA,MDG,True,True
FRA,MWI,True,True
FRA,MLI,True,True
FRA,MRT,True,True
FRA,MAR,True,True
FRA,MOZ,True,True
FRA,NAM,True,True
FRA,NER,True,True
FRA,NGA,True,True
FRA,RWA,True,True
FRA,SEN,True,True
FRA,SLE,True,True
FRA,SOM,True,True
FRA,ZAF,True,True
FRA,SDN,True,True
FRA,SWZ,True,True
FRA,TZA,True,True
FRA,TGO,True,True
FRA,TUN,True,False
FRA,UGA,True,True
FRA,ZMB,True,True
FRA,ZWE,True,True
FRA,AFG,True,True
FRA,ARM,True,True
FRA,AZE,True,True
FRA,BGD,True,True
FRA,MMR,True,True
FRA,KHM,True,True
FRA,CHN,True,True
FRA,GEO,True,True
FRA,IND,True,True
FRA,IDN,True,True
FRA,IRN,True,True
FRA,IRQ,True,True
FRA,ISR,True,True
FRA,JPN,True,True
FRA,JOR,True,True
FRA,KAZ,True,True
FRA,LAO,True,True
FRA,LBN,True,True
FRA,MYS,True,True
FRA,MNG,True,True
FRA,NPL,True,True
FRA,OMN,True,True
FRA,PAK,True,True
FRA,PHL,True,True
FRA,QAT,True,True
FRA,SAU,True,True
FRA,KOR,True,True
FRA,LKA,True,True
FRA,SYR,True,True
FRA,TWN,True,True
FRA,TJK,True,True
FRA,THA,True,True
FRA,TUR,True,True
FRA,TKM,True,True
FRA,ARE,True,True
FRA,UZB,True,True
FRA,VNM,True,True
FRA,YEM,True,True
FRA,ALB,True,True
FRA,AUT,False,False
FRA,BLR,True,True
FRA,BEL,False,False
FRA,BIH,True,True
FRA,BGR,True,True
FRA,HRV,False,False
FRA,CYP,True,True
FRA,CZE,False,False
FRA,DNK,True,True
FRA,EST,True,True
FRA,FIN,True,True
FRA,FRA,False,False
FRA,DEU,False,False
FRA,GRC,True,True
FRA,HUN,True,True
FRA,ISL,True,True
FRA,IRL,False,False
FRA,ITA,False,False
FRA,LVA,True,True
FRA,LTU,True,True
FRA,MKD,True,True
FRA,MDA,True,True
FRA,MNE,True,True
FRA,NLD,False,False
FRA,NOR,True,True
FRA,POL,True,True
FRA,PRT,False,False
FRA,ROU,True,True
FRA,RUS,True,True
FRA,SRB,True,True
FRA,SVK,True,True
FRA,SVN,False,False
FRA,ESP,False,False
FRA,SWE,True,True
FRA,CHE,False,False
FRA,UKR,True,True
FRA,GBR,False,False
FRA,BHS,True,True
FRA,CAN,True,True
FRA,CRI,True,True
FRA,CUB,True,True
FRA,DOM,True,True
FRA,SLV,True,True
FRA,GTM,True,True
FRA,HTI,True,True
FRA,HND,True,True
FRA,JAM,True,True
FRA,MEX,True,True
FRA,NIC,True,True
FRA,PAN,True,True
FRA,USA,True,True
FRA,AUS,True,True
FRA,NZL,True,True
FRA,PNG,True,True
FRA,ARG,True,True
FRA,BOL,True,True
FRA,BRA,True,True
FRA,CHL,True,True
FRA,COL,True,True
FRA,ECU,True,True
FRA,PRY,True,True
FRA,PER,True,True
FRA,SUR,True,True
FRA,URY,True,True
FRA,VEN,True,True
DEU,DZA,True,True
DEU,AGO,True,True
DEU,BEN,True,True
DEU,BWA,True,True
DEU,BFA,True,True
DEU,BDI,True,True
DEU,CMR,True,True
DEU,CAF,True,True
DEU,TCD,True,True
DEU,COG,True,True
DEU,COD,True,True
DEU,CIV,True,True
DEU,DJI,True,True
DEU,EGY,True,True
DEU,GNQ,True,True
DEU,ERI,True,True
DEU,ETH,True,True
DEU,GAB,True,True
DEU,GHA,True,True
DEU,GIN,True,True
DEU,GNB,True,True
DEU,KEN,True,True
DEU,LSO,True,True
DEU,LBR,True,True
DEU,LBY,True,True
DEU,MDG,True,True
DEU,MWI,True,True
DEU,MLI,True,True
DEU,MRT,True,True
DEU,MAR,True,True
DEU,MOZ,True,True
DEU,NAM,True,True
DEU,NER,True,True
DEU,NGA,True,True
DEU,RWA,True,True
DEU,SEN,True,True
DEU,SLE,True,True
DEU,SOM,True,True
DEU,ZAF,True,True
DEU,SDN,True,True
DEU,SWZ,True,True
DEU,TZA,True,True
DEU,TGO,True,True
DEU,TUN,True,True
DEU,UGA,True,True
DEU,ZMB,True,True
DEU,ZWE,True,True
DEU,AFG,True,True
DEU,ARM,True,True
DEU,AZE,True,True
DEU,BGD,True,True
DEU,MMR,True,True
DEU,KHM,True,True
DEU,CHN,True,True
DEU,GEO,True,True
DEU,IND,True,True
DEU,IDN,True,True
DEU,IRN,True,True
DEU,IRQ,True,True
DEU,ISR,True,True
DEU,JPN,True,True
DEU,JOR,True,True
DEU,KAZ,True,True
DEU,LAO,True,True
DEU,LBN,True,True
DEU,MYS,True,True
DEU,MNG,True,True
DEU,NPL,True,True
DEU,OMN,True,True
DEU,PAK,True,True
DEU,PHL,True,True
DEU,QAT,True,True
DEU,SAU,True,True
DEU,KOR,True,True
DEU,LKA,True,True
DEU,SYR,True,True
DEU,TWN,True,True
DEU,TJK,True,True
DEU,THA,True,True
DEU,TUR,True,True
DEU,TKM,True,True
DEU,ARE,True,True
DEU,UZB,True,True
DEU,VNM,True,True
DEU,YEM,True,True
DEU,ALB,True,True
DEU,AUT,False,False
DEU,BLR,True,True
DEU,BEL,False,False
DEU,BIH,True,False
DEU,BGR,True,True
DEU,HRV,False,False
DEU,CYP,True,True
DEU,CZE,False,False
DEU,DNK,False,False
DEU,EST,True,True
DEU,FIN,True,True
DEU,FRA,False,False
DEU,DEU,False,False
DEU,GRC,True,True
DEU,HUN,False,False
DEU,ISL,True,True
DEU,IRL,True,True
DEU,ITA,False,False
DEU,LVA,True,False
DEU,LTU,True,False
DEU,MKD,True,True
DEU,MDA,True,True
DEU,MNE,True,True
DEU,NLD,False,False
DEU,NOR,False,False
DEU,POL,False,False
DEU,PRT,True,True
DEU,ROU,True,True
DEU,RUS,False,False
DEU,SRB,True,False
DEU,SVK,False,False
DEU,SVN,False,False
DEU,ESP,True,True
DEU,SWE,False,False
DEU,CHE,False,False
DEU,UKR,True,True
DEU,GBR,False,False
DEU,BHS,True,True
DEU,CAN,True,True
DEU,CRI,True,True
DEU,CUB,True,True
DEU,DOM,True,True
DEU,SLV,True,True
DEU,GTM,True,True
DEU,HTI,True,True
DEU,HND,True,True
DEU,JAM,True,True
DEU,MEX,True,True
DEU,NIC,True,True
DEU,PAN,True,True
DEU,USA,True,True
DEU,AUS,True,True
DEU,NZL,True,True
DEU,PNG,True,True
DEU,ARG,True,True
DEU,BOL,True,True
DEU,BRA,True,True
DEU,CHL,True,True
DEU,COL,True,True
DEU,ECU,True,True
DEU,PRY,True,True
DEU,PER,True,True
DEU,SUR,True,True
DEU,URY,True,True
DEU,VEN,True,True
GRC,DZA,True,True
GRC,AGO,True,True
GRC,BEN,True,True
GRC,BWA,True,True
GRC,BFA,True,True
GRC,BDI,True,True
GRC,CMR,True,True
GRC,CAF,True,True
GRC,TCD,True,True
GRC,COG,True,True
GRC,COD,True,True
GRC,CIV,True,True
GRC,DJI,True,True
GRC,EGY,False,False
GRC,GNQ,True,True
GRC,ERI,True,True
GRC,ETH,True,True
GRC,GAB,True,True
GRC,GHA,True,True
GRC,GIN,True,True
GRC,GNB,True,True
GRC,KEN,True,True
GRC,LSO,True,True
GRC,LBR,True,True
GRC,LBY,False,False
GRC,MDG,True,True
GRC,MWI,True,True
GRC,MLI,True,True
GRC,MRT,True,True
GRC,MAR,True,True
GRC,MOZ,True,True
GRC,NAM,True,True
GRC,NER,True,True
GRC,NGA,True,True
GRC,RWA,True,True
GRC,SEN,True,True
GRC,SLE,True,True
GRC,SOM,True,True
GRC,ZAF,True,True
GRC,SDN,True,True
GRC,SWZ,True,True
GRC,TZA,True,True
GRC,TGO,True,True
GRC,TUN,True,True
GRC,UGA,True,True
GRC,ZMB,True,True
GRC,ZWE,True,True
GRC,AFG,True,True
GRC,ARM,True,True
GRC,AZE,True,True
GRC,BGD,True,True
GRC,MMR,True,True
GRC,KHM,True,True
GRC,CHN,True,True
GRC,GEO,True,True
GRC,IND,True,True
GRC,IDN,True,True
GRC,IRN,True,True
GRC,IRQ,True,True
GRC,ISR,True,True
GRC,JPN,True,True
GRC,JOR,True,True
GRC,KAZ,True,True
GRC,LAO,True,True
GRC,LBN,True,True
GRC,MYS,True,True
GRC,MNG,True,True
GRC,NPL,True,True
GRC,OMN,True,True
GRC,PAK,True,True
GRC,PHL,True,True
GRC,QAT,True,True
GRC,SAU,True,True
GRC,KOR,True,True
GRC,LKA,True,True
GRC,SYR,True,True
GRC,TWN,True,True
GRC,TJK,True,True
GRC,THA,True,True
GRC,TUR,False,False
GRC,TKM,True,True
GRC,ARE,True,True
GRC,UZB,True,True
GRC,VNM,True,True
GRC,YEM,True,True
GRC,ALB,False,False
GRC,AUT,True,True
GRC,BLR,True,True
GRC,BEL,True,True
GRC,BIH,False,False
GRC,BGR,False,False
GRC,HRV,False,False
GRC,CYP,True,False
GRC,CZE,True,True
GRC,DNK,True,True
GRC,EST,True,True
GRC,FIN,True,True
GRC,FRA,True,True
GRC,DEU,True,True
GRC,GRC,False,False
GRC,HUN,True,True
GRC,ISL,True,True
GRC,IRL,True,True
GRC,ITA,False,False
GRC,LVA,True,True
GRC,LTU,True,True
GRC,MKD,False,False
GRC,MDA,True,False
GRC,MNE,False,False
GRC,NLD,True,True
GRC,NOR,True,True
GRC,POL,True,True
GRC,PRT,True,True
GRC,ROU,False,False
GRC,RUS,True,True
GRC,SRB,False,False
GRC,SVK,True,True
GRC,SVN,True,True
GRC,ESP,True,True
GRC,SWE,True,True
GRC,CHE,True,True
GRC,UKR,True,False
GRC,GBR,True,True
GRC,BHS,True,True
GRC,CAN,True,True
GRC,CRI,True,True
GRC,CUB,True,True
GRC,DOM,True,True
GRC,SLV,True,True
GRC,GTM,True,True
GRC,HTI,True,True
GRC,HND,True,True
GRC,JAM,True,True
GRC,MEX,True,True
GRC,NIC,True,True
GRC,PAN,True,True
GRC,USA,True,True
GRC,AUS,True,True
GRC,NZL,True,True
GRC,PNG,True,True
GRC,ARG,True,True
GRC,BOL,True,True
GRC,BRA,True,True
GRC,CHL,True,True
GRC,COL,True,True
GRC,ECU,True,True
GRC,PRY,True,True
GRC,PER,True,True
GRC,SUR,True,True
GRC,URY,True,True
GRC,VEN,True,True
HUN,DZA,True,True
HUN,AGO,True,True
HUN,BEN,True,True
HUN,BWA,True,True
HUN,BFA,True,True
HUN,BDI,True,True
HUN,CMR,True,True
HUN,CAF,True,True
HUN,TCD,True,True
HUN,COG,True,True
HUN,COD,True,True
HUN,CIV,True,True
HUN,DJI,True,True
HUN,EGY,True,True
HUN,GNQ,True,True
HUN,ERI,True,True
HUN,ETH,True,True
HUN,GAB,True,True
HUN,GHA,True,True
HUN,GIN,True,True
HUN,GNB,True,True
HUN,KEN,True,True
HUN,LSO,True,True
HUN,LBR,True,True
HUN,LBY,True,True
HUN,MDG,True,True
HUN,MWI,True,True
HUN,MLI,True,True
HUN,MRT,True,True
HUN,MAR,True,True
HUN,MOZ,True,True
HUN,NAM,True,True
HUN,NER,True,True
HUN,NGA,True,True
HUN,RWA,True,True
HUN,SEN,True,True
HUN,SLE,True,True
HUN,SOM,True,True
HUN,ZAF,True,True
HUN,SDN,True,True
HUN,SWZ,True,True
HUN,TZA,True,True
HUN,TGO,True,True
HUN,TUN,True,True
HUN,UGA,True,True
HUN,ZMB,True,True
HUN,ZWE,True,True
HUN,AFG,True,True
HUN,ARM,True,True
HUN,AZE,True,True
HUN,BGD,True,True
HUN,MMR,True,True
HUN,KHM,True,True
HUN,CHN,True,True
HUN,GEO,True,True
HUN,IND,True,True
HUN,IDN,True,True
HUN,IRN,True,True
HUN,IRQ,True,True
HUN,ISR,True,True
HUN,JPN,True,True
HUN,JOR,True,True
HUN,KAZ,True,True
HUN,LAO,True,True
HUN,LBN,True,True
HUN,MYS,True,True
HUN,MNG,True,True
HUN,NPL,True,True
HUN,OMN,True,True
HUN,PAK,True,True
HUN,PHL,True,True
HUN,QAT,True,True
HUN,SAU,True,True
HUN,KOR,True,True
HUN,LKA,True,True
HUN,SYR,True,True
HUN,TWN,True,True
HUN,TJK,True,True
HUN,THA,True,True
HUN,TUR,True,True
HUN,TKM,True,True
HUN,ARE,True,True
HUN,UZB,True,True
HUN,VNM,True,True
HUN,YEM,True,True
HUN,ALB,True,False
HUN,AUT,False,False
HUN,BLR,False,False
HUN,BEL,True,True
HUN,BIH,False,False
HUN,BGR,False,False
HUN,HRV,False,False
HUN,CYP,True,True
HUN,CZE,False,False
HUN,DNK,True,True
HUN,EST,True,True
HUN,FIN,True,True
HUN,FRA,True,True
HUN,DEU,False,False
HUN,GRC,True,True
HUN,HUN,False,False
HUN,ISL,True,True
HUN,IRL,True,True
HUN,ITA,False,False
HUN,LVA,True,True
HUN,LTU,True,True
HUN,MKD,True,False
HUN,MDA,False,False
HUN,MNE,False,False
HUN,NLD,True,True
HUN,NOR,True,True
HUN,POL,False,False
HUN,PRT,True,True
HUN,ROU,False,False
HUN,RUS,True,True
HUN,SRB,False,False
HUN,SVK,False,False
HUN,SVN,False,False
HUN,ESP,True,True
HUN,SWE,True,True
HUN,CHE,True,False
HUN,UKR,False,False
HUN,GBR,True,True
HUN,BHS,True,True
HUN,CAN,True,True
HUN,CRI,True,True
HUN,CUB,True,True
HUN,DOM,True,True
HUN,SLV,True,True
HUN,GTM,True,True
HUN,HTI,True,True
HUN,HND,True,True
HUN,JAM,True,True
HUN,MEX,True,True
HUN,NIC,True,True
HUN,PAN,True,True
HUN,USA,True,True
HUN,AUS,True,True
HUN,NZL,True,True
HUN,PNG,True,True
HUN,ARG,True,True
HUN,BOL,True,True
HUN,BRA,True,True
HUN,CHL,True,True
HUN,COL,True,True
HUN,ECU,True,True
HUN,PRY,True,True
HUN,PER,True,True
HUN,SUR,True,True
HUN,URY,True,True
HUN,VEN,True,True
ISL,DZA,True,True
ISL,AGO,True,True
ISL,BEN,True,True
ISL,BWA,True,True
ISL,BFA,True,True
ISL,BDI,True,True
ISL,CMR,True,True
ISL,CAF,True,True
ISL,TCD,True,True
ISL,COG,True,True
ISL,COD,True,True
ISL,CIV,True,True
ISL,DJI,True,True
ISL,EGY,True,True
ISL,GNQ,True,True
ISL,ERI,True,True
ISL,ETH,True,True
ISL,GAB,True,True
ISL,GHA,True,True
ISL,GIN,True,True
ISL,GNB,True,True
ISL,KEN,True,True
ISL,LSO,True,True
ISL,LBR,True,True
ISL,LBY,True,True
ISL,MDG,True,True
ISL,MWI,True,True
ISL,MLI,True,True
ISL,MRT,True,True
ISL,MAR,True,True
ISL,MOZ,True,True
ISL,NAM,True,True
ISL,NER,True,True
ISL,NGA,True,True
ISL,RWA,True,True
ISL,SEN,True,True
ISL,SLE,True,True
ISL,SOM,True,True
ISL,ZAF,True,True
ISL,SDN,True,True
ISL,SWZ,True,True
ISL,TZA,True,True
ISL,TGO,True,True
ISL,TUN,True,True
ISL,UGA,True,True
ISL,ZMB,True,True
ISL,ZWE,True,True
ISL,AFG,True,True
ISL,ARM,True,True
ISL,AZE,True,True
ISL,BGD,True,True
ISL,MMR,True,True
ISL,KHM,True,True
ISL,CHN,True,True
ISL,GEO,True,True
ISL,IND,True,True
ISL,IDN,True,True
ISL,IRN,True,True
ISL,IRQ,True,True
ISL,ISR,True,True
ISL,JPN,True,True
ISL,JOR,True,True
ISL,KAZ,True,True
ISL,LAO,True,True
ISL,LBN,True,True
ISL,MYS,True,True
ISL,MNG,True,True
ISL,NPL,True,True
ISL,OMN,True,True
ISL,PAK,True,True
ISL,PHL,True,True
ISL,QAT,True,True
ISL,SAU,True,True
ISL,KOR,True,True
ISL,LKA,True,True
ISL,SYR,True,True
ISL,TWN,True,True
ISL,TJK,True,True
ISL,THA,True,True
ISL,TUR,True,True
ISL,TKM,True,True
ISL,ARE,True,True
ISL,UZB,True,True
ISL,VNM,True,True
ISL,YEM,True,True
ISL,ALB,True,True
ISL,AUT,True,True
ISL,BLR,True,True
ISL,BEL,True,True
ISL,BIH,True,True
ISL,BGR,True,True
ISL,HRV,True,True
ISL,CYP,True,True
ISL,CZE,True,True
ISL,DNK,True,True
ISL,EST,True,True
ISL,FIN,True,True
ISL,FRA,True,True
ISL,DEU,True,True
ISL,GRC,True,True
ISL,HUN,True,True
ISL,ISL,False,False
ISL,IRL,True,True
ISL,ITA,True,True
ISL,LVA,True,True
ISL,LTU,True,True
ISL,MKD,True,True
ISL,MDA,True,True
ISL,MNE,True,True
ISL,NLD,True,True
ISL,NOR,True,True
ISL,POL,True,True
ISL,PRT,True,True
ISL,ROU,True,True
ISL,RUS,True,True
ISL,SRB,True,True
ISL,SVK,True,True
ISL,SVN,True,True
ISL,ESP,True,True
ISL,SWE,True,True
ISL,CHE,True,True
ISL,UKR,True,True
ISL,GBR,True,True
ISL,BHS,True,True
ISL,CAN,True,True
ISL,CRI,True,True
ISL,CUB,True,True
ISL,DOM,True,True
ISL,SLV,True,True
ISL,GTM,True,True
ISL,HTI,True,True
ISL,HND,True,True
ISL,JAM,True,True
ISL,MEX,True,True
ISL,NIC,True,True
ISL,PAN,True,True
ISL,USA,True,True
ISL,AUS,True,True
ISL,NZL,True,True
ISL,PNG,True,True
ISL,ARG,True,True
ISL,BOL,True,True
ISL,BRA,True,True
ISL,CHL,True,True
ISL,COL,True,True
ISL,ECU,True,True
ISL,PRY,True,True
ISL,PER,True,True
ISL,SUR,True,True
ISL,URY,True,True
ISL,VEN,True,True
IRL,DZA,True,True
IRL,AGO,True,True
IRL,BEN,True,True
IRL,BWA,True,True
IRL,BFA,True,True
IRL,BDI,True,True
IRL,CMR,True,True
IRL,CAF,True,True
IRL,TCD,True,True
IRL,COG,True,True
IRL,COD,True,True
IRL,CIV,True,True
IRL,DJI,True,True
IRL,EGY,True,True
IRL,GNQ,True,True
IRL,ERI,True,True
IRL,ETH,True,True
IRL,GAB,True,True
IRL,GHA,True,True
IRL,GIN,True,True
IRL,GNB,True,True
IRL,KEN,True,True
IRL,LSO,True,True
IRL,LBR,True,True
IRL,LBY,True,True
IRL,MDG,True,True
IRL,MWI,True,True
IRL,MLI,True,True
IRL,MRT,True,True
IRL,MAR,True,True
IRL,MOZ,True,True
IRL,NAM,True,True
IRL,NER,True,True
IRL,NGA,True,True
IRL,RWA,True,True
IRL,SEN,True,True
IRL,SLE,True,True
IRL,SOM,True,True
IRL,ZAF,True,True
IRL,SDN,True,True
IRL,SWZ,True,True
IRL,TZA,True,True
IRL,TGO,True,True
IRL,TUN,True,True
IRL,UGA,True,True
IRL,ZMB,True,True
IRL,ZWE,True,True
IRL,AFG,True,True
IRL,ARM,True,True
IRL,AZE,True,True
IRL,BGD,True,True
IRL,MMR,True,True
IRL,KHM,True,True
IRL,CHN,True,True
IRL,GEO,True,True
IRL,IND,True,True
IRL,IDN,True,True
IRL,IRN,True,True
IRL,IRQ,True,True
IRL,ISR,True,True
IRL,JPN,True,True
IRL,JOR,True,True
IRL,KAZ,True,True
IRL,LAO,True,True
IRL,LBN,True,True
IRL,MYS,True,True
IRL,MNG,True,True
IRL,NPL,True,True
IRL,OMN,True,True
IRL,PAK,True,True
IRL,PHL,True,True
IRL,QAT,True,True
IRL,SAU,True,True
IRL,KOR,True,True
IRL,LKA,True,True
IRL,SYR,True,True
IRL,TWN,True,True
IRL,TJK,True,True
IRL,THA,True,True
IRL,TUR,True,True
IRL,TKM,True,True
IRL,ARE,True,True
IRL,UZB,True,True
IRL,VNM,True,True
IRL,YEM,True,True
IRL,ALB,True,True
IRL,AUT,True,True
IRL,BLR,True,True
IRL,BEL,True,True
IRL,BIH,True,True
IRL,BGR,True,True
IRL,HRV,True,True
IRL,CYP,True,True
IRL,CZE,True,True
IRL,DNK,True,True
IRL,EST,True,True
IRL,FIN,True,True
IRL,FRA,False,False
IRL,DEU,True,True
IRL,GRC,True,True
IRL,HUN,True,True
IRL,ISL,True,True
IRL,IRL,False,False
IRL,ITA,True,True
IRL,LVA,True,True
IRL,LTU,True,True
IRL,MKD,True,True
IRL,MDA,True,True
IRL,MNE,True,True
IRL,NLD,True,True
IRL,NOR,True,True
IRL,POL,True,True
IRL,PRT,True,True
IRL,ROU,True,True
IRL,RUS,True,True
IRL,SRB,True,True
IRL,SVK,True,True
IRL,SVN,True,True
IRL,ESP,True,True
IRL,SWE,True,True
IRL,CHE,True,True
IRL,UKR,True,True
IRL,GBR,False,False
IRL,BHS,True,True
IRL,CAN,True,True
IRL,CRI,True,True
IRL,CUB,True,True
IRL,DOM,True,True
IRL,SLV,True,True
IRL,GTM,True,True
IRL,HTI,True,True
IRL,HND,True,True
IRL,JAM,True,True
IRL,MEX,True,True
IRL,NIC,True,True
IRL,PAN,True,True
IRL,USA,True,True
IRL,AUS,True,True
IRL,NZL,True,True
IRL,PNG,True,True
IRL,ARG,True,True
IRL,BOL,True,True
IRL,BRA,True,True
IRL,CHL,True,True
IRL,COL,True,True
IRL,ECU,True,True
IRL,PRY,True,True
IRL,PER,True,True
IRL,SUR,True,True
IRL,URY,True,True
IRL,VEN,True,True
ITA,DZA,False,False
ITA,AGO,True,True
ITA,BEN,True,True
ITA,BWA,True,True
ITA,BFA,True,True
ITA,BDI,True,True
ITA,CMR,True,True
ITA,CAF,True,True
ITA,TCD,True,True
ITA,COG,True,True
ITA,COD,True,True
ITA,CIV,True,True
ITA,DJI,True,True
ITA,EGY,True,True
ITA,GNQ,True,True
ITA,ERI,True,True
ITA,ETH,True,True
ITA,GAB,True,True
ITA,GHA,True,True
ITA,GIN,True,True
ITA,GNB,True,True
ITA,KEN,True,True
ITA,LSO,True,True
ITA,LBR,True,True
ITA,LBY,False,False
ITA,MDG,True,True
ITA,MWI,True,True
ITA,MLI,True,True
ITA,MRT,True,True
ITA,MAR,True,True
ITA,MOZ,True,True
ITA,NAM,True,True
ITA,NER,True,True
ITA,NGA,True,True
ITA,RWA,True,True
ITA,SEN,True,True
ITA,SLE,True,True
ITA,SOM,True,True
ITA,ZAF,True,True
ITA,SDN,True,True
ITA,SWZ,True,True
ITA,TZA,True,True
ITA,TGO,True,True
ITA,TUN,False,False
ITA,UGA,True,True
ITA,ZMB,True,True
ITA,ZWE,True,True
ITA,AFG,True,True
ITA,ARM,True,True
ITA,AZE,True,True
ITA,BGD,True,True
ITA,MMR,True,True
ITA,KHM,True,True
ITA,CHN,True,True
ITA,GEO,True,True
ITA,IND,True,True
ITA,IDN,True,True
ITA,IRN,True,True
ITA,IRQ,True,True
ITA,ISR,True,True
ITA,JPN,True,True
ITA,JOR,True,True
ITA,KAZ,True,True
ITA,LAO,True,True
ITA,LBN,True,True
ITA,MYS,True,True
ITA,MNG,True,True
ITA,NPL,True,True
ITA,OMN,True,True
ITA,PAK,True,True
ITA,PHL,True,True
ITA,QAT,True,True
ITA,SAU,True,True
ITA,KOR,True,True
ITA,LKA,True,True
ITA,SYR,True,True
ITA,TWN,True,True
ITA,TJK,True,True
ITA,THA,True,True
ITA,TUR,True,True
ITA,TKM,True,True
ITA,ARE,True,True
ITA,UZB,True,True
ITA,VNM,True,True
ITA,YEM,True,True
ITA,ALB,False,False
ITA,AUT,False,False
ITA,BLR,True,True
ITA,BEL,False,False
ITA,BIH,False,False
ITA,BGR,False,False
ITA,HRV,False,False
ITA,CYP,True,True
ITA,CZE,False,False
ITA,DNK,True,True
ITA,EST,True,True
ITA,FIN,True,True
ITA,FRA,False,False
ITA,DEU,False,False
ITA,GRC,False,False
ITA,HUN,False,False
ITA,ISL,True,True
ITA,IRL,True,True
ITA,ITA,False,False
ITA,LVA,True,True
ITA,LTU,True,True
ITA,MKD,False,False
ITA,MDA,True,True
ITA,MNE,False,False
ITA,NLD,True,False
ITA,NOR,True,True
ITA,POL,True,False
ITA,PRT,True,True
ITA,ROU,True,True
ITA,RUS,True,True
ITA,SRB,False,False
ITA,SVK,False,False
ITA,SVN,False,False
ITA,ESP,True,False
ITA,SWE,True,True
ITA,CHE,False,False
ITA,UKR,True,True
ITA,GBR,True,True
ITA,BHS,True,True
ITA,CAN,True,True
ITA,CRI,True,True
ITA,CUB,True,True
ITA,DOM,True,True
ITA,SLV,True,True
ITA,GTM,True,True
ITA,HTI,True,True
ITA,HND,True,True
ITA,JAM,True,True
ITA,MEX,True,True
ITA,NIC,True,True
ITA,PAN,True,True
ITA,USA,True,True
ITA,AUS,True,True
ITA,NZL,True,True
ITA,PNG,True,True
ITA,ARG,True,True
ITA,BOL,True,True
ITA,BRA,True,True
ITA,CHL,True,True
ITA,COL,True,True
ITA,ECU,True,True
ITA,PRY,True,True
ITA,PER,True,True
ITA,SUR,True,True
ITA,URY,True,True
ITA,VEN,True,True
LVA,DZA,True,True
LVA,AGO,True,True
LVA,BEN,True,True
LVA,BWA,True,True
LVA,BFA,True,True
LVA,BDI,True,True
LVA,CMR,True,True
LVA,CAF,True,True
LVA,TCD,True,True
LVA,COG,True,True
LVA,COD,True,True
LVA,CIV,True,True
LVA,DJI,True,True
LVA,EGY,True,True
LVA,GNQ,True,True
LVA,ERI,True,True
LVA,ETH,True,True
LVA,GAB,True,True
LVA,GHA,True,True
LVA,GIN,True,True
LVA,GNB,True,True
LVA,KEN,True,True
LVA,LSO,True,True
LVA,LBR,True,True
LVA,LBY,True,True
LVA,MDG,True,True
LVA,MWI,True,True
LVA,MLI,True,True
LVA,MRT,True,True
LVA,MAR,True,True
LVA,MOZ,True,True
LVA,NAM,True,True
LVA,NER,True,True
LVA,NGA,True,True
LVA,RWA,True,True
LVA,SEN,True,True
LVA,SLE,True,True
LVA,SOM,True,True
LVA,ZAF,True,True
LVA,SDN,True,True
LVA,SWZ,True,True
LVA,TZA,True,True
LVA,TGO,True,True
LVA,TUN,True,True
LVA,UGA,True,True
LVA,ZMB,True,True
LVA,ZWE,True,True
LVA,AFG,True,True
LVA,ARM,True,True
LVA,AZE,True,True
LVA,BGD,True,True
LVA,MMR,True,True
LVA,KHM,True,True
LVA,CHN,True,True
LVA,GEO,True,True
LVA,IND,True,True
LVA,IDN,True,True
LVA,IRN,True,True
LVA,IRQ,True,True
LVA,ISR,True,True
LVA,JPN,True,True
LVA,JOR,True,True
LVA,KAZ,True,True
LVA,LAO,True,True
LVA,LBN,True,True
LVA,MYS,True,True
LVA,MNG,True,True
LVA,NPL,True,True
LVA,OMN,True,True
LVA,PAK,True,True
LVA,PHL,True,True
LVA,QAT,True,True
LVA,SAU,True,True
LVA,KOR,True,True
LVA,LKA,True,True
LVA,SYR,True,True
LVA,TWN,True,True
LVA,TJK,True,True
LVA,THA,True,True
LVA,TUR,True,True
LVA,TKM,True,True
LVA,ARE,True,True
LVA,UZB,True,True
LVA,VNM,True,True
LVA,YEM,True,True
LVA,ALB,True,True
LVA,AUT,True,True
LVA,BLR,False,False
LVA,BEL,True,True
LVA,BIH,True,True
LVA,BGR,True,True
LVA,HRV,True,True
LVA,CYP,True,True
LVA,CZE,True,True
LVA,DNK,True,False
LVA,EST,False,False
LVA,FIN,False,False
LVA,FRA,True,True
LVA,DEU,True,False
LVA,GRC,True,True
LVA,HUN,True,True
LVA,ISL,True,True
LVA,IRL,True,True
LVA,ITA,True,True
LVA,LVA,False,False
LVA,LTU,False,False
LVA,MKD,True,True
LVA,MDA,True,True
LVA,MNE,True,True
LVA,NLD,True,True
LVA,NOR,True,True
LVA,POL,False,False
LVA,PRT,True,True
LVA,ROU,True,True
LVA,RUS,False,False
LVA,SRB,True,True
LVA,SVK,True,True
LVA,SVN,True,True
LVA,ESP,True,True
LVA,SWE,False,False
LVA,CHE,True,True
LVA,UKR,True,False
LVA,GBR,True,True
LVA,BHS,True,True
LVA,CAN,True,True
LVA,CRI,True,True
LVA,CUB,True,True
LVA,DOM,True,True
LVA,SLV,True,True
LVA,GTM,True,True
LVA,HTI,True,True
LVA,HND,True,True
LVA,JAM,True,True
LVA,MEX,True,True
LVA,NIC,True,True
LVA,PAN,True,True
LVA,USA,True,True
LVA,AUS,True,True
LVA,NZL,True,True
LVA,PNG,True,True
LVA,ARG,True,True
LVA,BOL,True,True
LVA,BRA,True,True
LVA,CHL,True,True
LVA,COL,True,True
LVA,ECU,True,True
LVA,PRY,True,True
LVA,PER,True,True
LVA,SUR,True,True
LVA,URY,True,True
LVA,VEN,True,True
LTU,DZA,True,True
LTU,AGO,True,True
LTU,BEN,True,True
LTU,BWA,True,True
LTU,BFA,True,True
LTU,BDI,True,True
LTU,CMR,True,True
LTU,CAF,True,True
LTU,TCD,True,True
LTU,COG,True,True
LTU,COD,True,True
LTU,CIV,True,True
LTU,DJI,True,True
LTU,EGY,True,True
LTU,GNQ,True,True
LTU,ERI,True,True
LTU,ETH,True,True
LTU,GAB,True,True
LTU,GHA,True,True
LTU,GIN,True,True
LTU,GNB,True,True
LTU,KEN,True,True
LTU,LSO,True,True
LTU,LBR,True,True
LTU,LBY,True,True
LTU,MDG,True,True
LTU,MWI,True,True
LTU,MLI,True,True
LTU,MRT,True,True
LTU,MAR,True,True
LTU,MOZ,True,True
LTU,NAM,True,True
LTU,NER,True,True
LTU,NGA,True,True
LTU,RWA,True,True
LTU,SEN,True,True
LTU,SLE,True,True
LTU,SOM,True,True
LTU,ZAF,True,True
LTU,SDN,True,True
LTU,SWZ,True,True
LTU,TZA,True,True
LTU,TGO,True,True
LTU,TUN,True,True
LTU,UGA,True,True
LTU,ZMB,True,True
LTU,ZWE,True,True
LTU,AFG,True,True
LTU,ARM,True,True
LTU,AZE,True,True
LTU,BGD,True,True
LTU,MMR,True,True
LTU,KHM,True,True
LTU,CHN,True,True
LTU,GEO,True,True
LTU,IND,True,True
LTU,IDN,True,True
LTU,IRN,True,True
LTU,IRQ,True,True
LTU,ISR,True,True
LTU,JPN,True,True
LTU,JOR,True,True
LTU,KAZ,True,True
LTU,LAO,True,True
LTU,LBN,True,True
LTU,MYS,True,True
LTU,MNG,True,True
LTU,NPL,True,True
LTU,OMN,True,True
LTU,PAK,True,True
LTU,PHL,True,True
LTU,QAT,True,True
LTU,SAU,True,True
LTU,KOR,True,True
LTU,LKA,True,True
LTU,SYR,True,True
LTU,TWN,True,True
LTU,TJK,True,True
LTU,THA,True,True
LTU,TUR,True,True
LTU,TKM,True,True
LTU,ARE,True,True
LTU,UZB,True,True
LTU,VNM,True,True
LTU,YEM,True,True
LTU,ALB,True,True
LTU,AUT,True,True
LTU,BLR,False,False
LTU,BEL,True,True
LTU,BIH,True,True
LTU,BGR,True,True
LTU,HRV,True,True
LTU,CYP,True,True
LTU,CZE,True,True
LTU,DNK,True,False
LTU,EST,False,False
LTU,FIN,True,False
LTU,FRA,True,True
LTU,DEU,True,False
LTU,GRC,True,True
LTU,HUN,True,True
LTU,ISL,True,True
LTU,IRL,True,True
LTU,ITA,True,True
LTU,LVA,False,False
LTU,LTU,False,False
LTU,MKD,True,True
LTU,MDA,True,True
LTU,MNE,True,True
LTU,NLD,True,True
LTU,NOR,True,True
LTU,POL,False,False
LTU,PRT,True,True
LTU,ROU,True,True
LTU,RUS,False,False
LTU,SRB,True,True
LTU,SVK,True,True
LTU,SVN,True,True
LTU,ESP,True,True
LTU,SWE,False,False
LTU,CHE,True,True
LTU,UKR,False,False
LTU,GBR,True,True
LTU,BHS,True,True
LTU,CAN,True,True
LTU,CRI,True,True
LTU,CUB,True,True
LTU,DOM,True,True
LTU,SLV,True,True
LTU,GTM,True,True
LTU,HTI,True,True
LTU,HND,True,True
LTU,JAM,True,True
LTU,MEX,True,True
LTU,NIC,True,True
LTU,PAN,True,True
LTU,USA,True,True
LTU,AUS,True,True
LTU,NZL,True,True
LTU,PNG,True,True
LTU,ARG,True,True
LTU,BOL,True,True
LTU,BRA,True,True
LTU,CHL,True,True
LTU,COL,True,True
LTU,ECU,True,True
LTU,PRY,True,True
LTU,PER,True,True
LTU,SUR,True,True
LTU,URY,True,True
LTU,VEN,True,True
MKD,DZA,True,True
MKD,AGO,True,True
MKD,BEN,True,True
MKD,BWA,True,True
MKD,BFA,True,True
MKD,BDI,True,True
MKD,CMR,True,True
MKD,CAF,True,True
MKD,TCD,True,True
MKD,COG,True,True
MKD,COD,True,True
MKD,CIV,True,True
MKD,DJI,True,True
MKD,EGY,True,True
MKD,GNQ,True,True
MKD,ERI,True,True
MKD,ETH,True,True
MKD,GAB,True,True
MKD,GHA,True,True
MKD,GIN,True,True
MKD,GNB,True,True
MKD,KEN,True,True
MKD,LSO,True,True
MKD,LBR,True,True
MKD,LBY,True,True
MKD,MDG,True,True
MKD,MWI,True,True
MKD,MLI,True,True
MKD,MRT,True,True
MKD,MAR,True,True
MKD,MOZ,True,True
MKD,NAM,True,True
MKD,NER,True,True
MKD,NGA,True,True
MKD,RWA,True,True
MKD,SEN,True,True
MKD,SLE,True,True
MKD,SOM,True,True
MKD,ZAF,True,True
MKD,SDN,True,True
MKD,SWZ,True,True
MKD,TZA,True,True
MKD,TGO,True,True
MKD,TUN,True,True
MKD,UGA,True,True
MKD,ZMB,True,True
MKD,ZWE,True,True
MKD,AFG,True,True
MKD,ARM,True,True
MKD,AZE,True,True
MKD,BGD,True,True
MKD,MMR,True,True
MKD,KHM,True,True
MKD,CHN,True,True
MKD,GEO,True,True
MKD,IND,True,True
MKD,IDN,True,True
MKD,IRN,True,True
MKD,IRQ,True,True
MKD,ISR,True,True
MKD,JPN,True,True
MKD,JOR,True,True
MKD,KAZ,True,True
MKD,LAO,True,True
MKD,LBN,True,True
MKD,MYS,True,True
MKD,MNG,True,True
MKD,NPL,True,True
MKD,OMN,True,True
MKD,PAK,True,True
MKD,PHL,True,True
MKD,QAT,True,True
MKD,SAU,True,True
MKD,KOR,True,True
MKD,LKA,True,True
MKD,SYR,True,True
MKD,TWN,True,True
MKD,TJK,True,True
MKD,THA,True,True
MKD,TUR,False,False
MKD,TKM,True,True
MKD,ARE,True,True
MKD,UZB,True,True
MKD,VNM,True,True
MKD,YEM,True,True
MKD,ALB,False,False
MKD,AUT,True,True
MKD,BLR,True,True
MKD,BEL,True,True
MKD,BIH,False,False
MKD,BGR,False,False
MKD,HRV,False,False
MKD,CYP,True,True
MKD,CZE,True,True
MKD,DNK,True,True
MKD,EST,True,True
MKD,FIN,True,True
MKD,FRA,True,True
MKD,DEU,True,True
MKD,GRC,False,False
MKD,HUN,True,False
MKD,ISL,True,True
MKD,IRL,True,True
MKD,ITA,False,False
MKD,LVA,True,True
MKD,LTU,True,True
MKD,MKD,False,False
MKD,MDA,True,True
MKD,MNE,False,False
MKD,NLD,True,True
MKD,NOR,True,True
MKD,POL,True,True
MKD,PRT,True,True
MKD,ROU,False,False
MKD,RUS,True,True
MKD,SRB,False,False
MKD,SVK,True,True
MKD,SVN,True,True
MKD,ESP,True,True
MKD,SWE,True,True
MKD,CHE,True,True
MKD,UKR,True,True
MKD,GBR,True,True
MKD,BHS,True,True
MKD,CAN,True,True
MKD,CRI,True,True
MKD,CUB,True,True
MKD,DOM,True,True
MKD,SLV,True,True
MKD,GTM,True,True
MKD,HTI,True,True
MKD,HND,True,True
MKD,JAM,True,True
MKD,MEX,True,True
MKD,NIC,True,True
MKD,PAN,True,True
MKD,USA,True,True
MKD,AUS,True,True
MKD,NZL,True,True
MKD,PNG,True,True
MKD,ARG,True,True
MKD,BOL,True,True
MKD,BRA,True,True
MKD,CHL,True,True
MKD,COL,True,True
MKD,ECU,True,True
MKD,PRY,True,True
MKD,PER,True,True
MKD,SUR,True,True
MKD,URY,True,True
MKD,VEN,True,True
MDA,DZA,True,True
MDA,AGO,True,True
MDA,BEN,True,True
MDA,BWA,True,True
MDA,BFA,True,True
MDA,BDI,True,True
MDA,CMR,True,True
MDA,CAF,True,True
MDA,TCD,True,True
MDA,COG,True,True
MDA,COD,True,True
MDA,CIV,True,True
MDA,DJI,True,True
MDA,EGY,True,True
MDA,GNQ,True,True
MDA,ERI,True,True
MDA,ETH,True,True
MDA,GAB,True,True
MDA,GHA,True,True
MDA,GIN,True,True
MDA,GNB,True,True
MDA,KEN,True,True
MDA,LSO,True,True
MDA,LBR,True,True
MDA,LBY,True,True
MDA,MDG,True,True
MDA,MWI,True,True
MDA,MLI,True,True
MDA,MRT,True,True
MDA,MAR,True,True
MDA,MOZ,True,True
MDA,NAM,True,True
MDA,NER,True,True
MDA,NGA,True,True
MDA,RWA,True,True
MDA,SEN,True,True
MDA,SLE,True,True
MDA,SOM,True,True
MDA,ZAF,True,True
MDA,SDN,True,True
MDA,SWZ,True,True
MDA,TZA,True,True
MDA,TGO,True,True
MDA,TUN,True,True
MDA,UGA,True,True
MDA,ZMB,True,True
MDA,ZWE,True,True
MDA,AFG,True,True
MDA,ARM,True,True
MDA,AZE,True,True
MDA,BGD,True,True
MDA,MMR,True,True
MDA,KHM,True,True
MDA,CHN,True,True
MDA,GEO,True,True
MDA,IND,True,True
MDA,IDN,True,True
MDA,IRN,True,True
MDA,IRQ,True,True
MDA,ISR,True,True
MDA,JPN,True,True
MDA,JOR,True,True
MDA,KAZ,True,True
MDA,LAO,True,True
MDA,LBN,True,True
MDA,MYS,True,True
MDA,MNG,True,True
MDA,NPL,True,True
MDA,OMN,True,True
MDA,PAK,True,True
MDA,PHL,True,True
MDA,QAT,True,True
MDA,SAU,True,True
MDA,KOR,True,True
MDA,LKA,True,True
MDA,SYR,True,True
MDA,TWN,True,True
MDA,TJK,True,True
MDA,THA,True,True
MDA,TUR,True,False
MDA,TKM,True,True
MDA,ARE,True,True
MDA,UZB,True,True
MDA,VNM,True,True
MDA,YEM,True,True
MDA,ALB,True,True
MDA,AUT,True,True
MDA,BLR,False,False
MDA,BEL,True,True
MDA,BIH,True,True
MDA,BGR,False,False
MDA,HRV,True,True
MDA,CYP,True,True
MDA,CZE,True,True
MDA,DNK,True,True
MDA,EST,True,True
MDA,FIN,True,True
MDA,FRA,True,True
MDA,DEU,True,True
MDA,GRC,True,False
MDA,HUN,False,False
MDA,ISL,True,True
MDA,IRL,True,True
MDA,ITA,True,True
MDA,LVA,True,True
MDA,LTU,True,True
MDA,MKD,True,True
MDA,MDA,False,False
MDA,MNE,True,True
MDA,NLD,True,True
MDA,NOR,True,True
MDA,POL,False,False
MDA,PRT,True,True
MDA,ROU,False,False
MDA,RUS,True,False
MDA,SRB,True,False
MDA,SVK,False,False
MDA,SVN,True,True
MDA,ESP,True,True
MDA,SWE,True,True
MDA,CHE,True,True
MDA,UKR,False,False
MDA,GBR,True,True
MDA,BHS,True,True
MDA,CAN,True,True
MDA,CRI,True,True
MDA,CUB,True,True
MDA,DOM,True,True
MDA,SLV,True,True
MDA,GTM,True,True
MDA,HTI,True,True
MDA,HND,True,True
MDA,JAM,True,True
MDA,MEX,True,True
MDA,NIC,True,True
MDA,PAN,True,True
MDA,USA,True,True
MDA,AUS,True,True
MDA,NZL,True,True
MDA,PNG,True,True
MDA,ARG,True,True
MDA,BOL,True,True
MDA,BRA,True,True
MDA,CHL,True,True
MDA,COL,True,True
MDA,ECU,True,True
MDA,PRY,True,True
MDA,PER,True,True
MDA,SUR,True,True
MDA,URY,True,True
MDA,VEN,True,True
MNE,DZA,True,True
MNE,AGO,True,True
MNE,BEN,True,True
MNE,BWA,True,True
MNE,BFA,True,True
MNE,BDI,True,True
MNE,CMR,True,True
MNE,CAF,True,True
MNE,TCD,True,True
MNE,COG,True,True
MNE,COD,True,True
MNE,CIV,True,True
MNE,DJI,True,True
MNE,EGY,True,True
MNE,GNQ,True,True
MNE,ERI,True,True
MNE,ETH,True,True
MNE,GAB,True,True
MNE,GHA,True,True
MNE,GIN,True,True
MNE,GNB,True,True
MNE,KEN,True,True
MNE,LSO,True,True
MNE,LBR,True,True
MNE,LBY,True,True
MNE,MDG,True,True
MNE,MWI,True,True
MNE,MLI,True,True
MNE,MRT,True,True
MNE,MAR,True,True
MNE,MOZ,True,True
MNE,NAM,True,True
MNE,NER,True,True
MNE,NGA,True,True
MNE,RWA,True,True
MNE,SEN,True,True
MNE,SLE,True,True
MNE,SOM,True,True
MNE,ZAF,True,True
MNE,SDN,True,True
MNE,SWZ,True,True
MNE,TZA,True,True
MNE,TGO,True,True
MNE,TUN,True,True
MNE,UGA,True,True
MNE,ZMB,True,True
MNE,ZWE,True,True
MNE,AFG,True,True
MNE,ARM,True,True
MNE,AZE,True,True
MNE,BGD,True,True
MNE,MMR,True,True
MNE,KHM,True,True
MNE,CHN,True,True
MNE,GEO,True,True
MNE,IND,True,True
MNE,IDN,True,True
MNE,IRN,True,True
MNE,IRQ,True,True
MNE,ISR,True,True
MNE,JPN,True,True
MNE,JOR,True,True
MNE,KAZ,True,True
MNE,LAO,True,True
MNE,LBN,True,True
MNE,MYS,True,True
MNE,MNG,True,True
MNE,NPL,True,True
MNE,OMN,True,True
MNE,PAK,True,True
MNE,PHL,True,True
MNE,QAT,True,True
MNE,SAU,True,True
MNE,KOR,True,True
MNE,LKA,True,True
MNE,SYR,True,True
MNE,TWN,True,True
MNE,TJK,True,True
MNE,THA,True,True
MNE,TUR,True,True
MNE,TKM,True,True
MNE,ARE,True,True
MNE,UZB,True,True
MNE,VNM,True,True
MNE,YEM,True,True
MNE,ALB,False,False
MNE,AUT,True,False
MNE,BLR,True,True
MNE,BEL,True,True
MNE,BIH,False,False
MNE,BGR,False,False
MNE,HRV,False,False
MNE,CYP,True,True
MNE,CZE,True,True
MNE,DNK,True,True
MNE,EST,True,True
MNE,FIN,True,True
MNE,FRA,True,True
MNE,DEU,True,True
MNE,GRC,False,False
MNE,HUN,False,False
MNE,ISL,True,True
MNE,IRL,True,True
MNE,ITA,False,False
MNE,LVA,True,True
MNE,LTU,True,True
MNE,MKD,False,False
MNE,MDA,True,True
MNE,MNE,False,False
MNE,NLD,True,True
MNE,NOR,True,True
MNE,POL,True,True
MNE,PRT,True,True
MNE,ROU,False,False
MNE,RUS,True,True
MNE,SRB,False,False
MNE,SVK,True,False
MNE,SVN,False,False
MNE,ESP,True,True
MNE,SWE,True,True
MNE,CHE,True,True
MNE,UKR,True,True
MNE,GBR,True,True
MNE,BHS,True,True
MNE,CAN,True,True
MNE,CRI,True,True
MNE,CUB,True,True
MNE,DOM,True,True
MNE,SLV,True,True
MNE,GTM,True,True
MNE,HTI,True,True
MNE,HND,True,True
MNE,JAM,True,True
MNE,MEX,True,True
MNE,NIC,True,True
MNE,PAN,True,True
MNE,USA,True,True
MNE,AUS,True,True
MNE,NZL,True,True
MNE,PNG,True,True
MNE,ARG,True,True
MNE,BOL,True,True
MNE,BRA,True,True
MNE,CHL,True,True
MNE,COL,True,True
MNE,ECU,True,True
MNE,PRY,True,True
MNE,PER,True,True
MNE,SUR,True,True
MNE,URY,True,True
MNE,VEN,True,True
NLD,DZA,True,True
NLD,AGO,True,True
NLD,BEN,True,True
NLD,BWA,True,True
NLD,BFA,True,True
NLD,BDI,True,True
NLD,CMR,True,True
NLD,CAF,True,True
NLD,TCD,True,True
NLD,COG,True,True
NLD,COD,True,True
NLD,CIV,True,True
NLD,DJI,True,True
NLD,EGY,True,True
NLD,GNQ,True,True
NLD,ERI,True,True
NLD,ETH,True,True
NLD,GAB,True,True
NLD,GHA,True,True
NLD,GIN,True,True
NLD,GNB,True,True
NLD,KEN,True,True
NLD,LSO,True,True
NLD,LBR,True,True
NLD,LBY,True,True
NLD,MDG,True,True
NLD,MWI,True,True
NLD,MLI,True,True
NLD,MRT,True,True
NLD,MAR,True,True
NLD,MOZ,True,True
NLD,NAM,True,True
NLD,NER,True,True
NLD,NGA,True,True
NLD,RWA,True,True
NLD,SEN,True,True
NLD,SLE,True,True
NLD,SOM,True,True
NLD,ZAF,True,True
NLD,SDN,True,True
NLD,SWZ,True,True
NLD,TZA,True,True
NLD,TGO,True,True
NLD,TUN,True,True
NLD,UGA,True,True
NLD,ZMB,True,True
NLD,ZWE,True,True
NLD,AFG,True,True
NLD,ARM,True,True
NLD,AZE,True,True
NLD,BGD,True,True
NLD,MMR,True,True
NLD,KHM,True,True
NLD,CHN,True,True
NLD,GEO,True,True
NLD,IND,True,True
NLD,IDN,True,True
NLD,IRN,True,True
NLD,IRQ,True,True
NLD,ISR,True,True
NLD,JPN,True,True
NLD,JOR,True,True
NLD,KAZ,True,True
NLD,LAO,True,True
NLD,LBN,True,True
NLD,MYS,True,True
NLD,MNG,True,True
NLD,NPL,True,True
NLD,OMN,True,True
NLD,PAK,True,True
NLD,PHL,True,True
NLD,QAT,True,True
NLD,SAU,True,True
NLD,KOR,True,True
NLD,LKA,True,True
NLD,SYR,True,True
NLD,TWN,True,True
NLD,TJK,True,True
NLD,THA,True,True
NLD,TUR,True,True
NLD,TKM,True,True
NLD,ARE,True,True
NLD,UZB,True,True
NLD,VNM,True,True
NLD,YEM,True,True
NLD,ALB,True,True
NLD,AUT,True,False
NLD,BLR,True,True
NLD,BEL,False,False
NLD,BIH,True,True
NLD,BGR,True,True
NLD,HRV,True,True
NLD,CYP,True,True
NLD,CZE,True,False
NLD,DNK,False,False
NLD,EST,True,True
NLD,FIN,True,True
NLD,FRA,False,False
NLD,DEU,False,False
NLD,GRC,True,True
NLD,HUN,True,True
NLD,ISL,True,True
NLD,IRL,True,True
NLD,ITA,True,False
NLD,LVA,True,True
NLD,LTU,True,True
NLD,MKD,True,True
NLD,MDA,True,True
NLD,MNE,True,True
NLD,NLD,False,False
NLD,NOR,True,False
NLD,POL,True,False
NLD,PRT,True,True
NLD,ROU,True,True
NLD,RUS,True,True
NLD,SRB,True,True
NLD,SVK,True,True
NLD,SVN,True,True
NLD,ESP,True,True
NLD,SWE,True,False
NLD,CHE,False,False
NLD,UKR,True,True
NLD,GBR,False,False
NLD,BHS,True,True
NLD,CAN,True,True
NLD,CRI,True,True
NLD,CUB,True,True
NLD,DOM,True,True
NLD,SLV,True,True
NLD,GTM,True,True
NLD,HTI,True,True
NLD,HND,True,True
NLD,JAM,True,True
NLD,MEX,True,True
NLD,NIC,True,True
NLD,PAN,True,True
NLD,USA,True,True
NLD,AUS,True,True
NLD,NZL,True,True
NLD,PNG,True,True
NLD,ARG,True,True
NLD,BOL,True,True
NLD,BRA,True,True
NLD,CHL,True,True
NLD,COL,True,True
NLD,ECU,True,True
NLD,PRY,True,True
NLD,PER,True,True
NLD,SUR,True,True
NLD,URY,True,True
NLD,VEN,True,True
NOR,DZA,True,True
NOR,AGO,True,True
NOR,BEN,True,True
NOR,BWA,True,True
NOR,BFA,True,True
NOR,BDI,True,True
NOR,CMR,True,True
NOR,CAF,True,True
NOR,TCD,True,True
NOR,COG,True,True
NOR,COD,True,True
NOR,CIV,True,True
NOR,DJI,True,True
NOR,EGY,True,True
NOR,GNQ,True,True
NOR,ERI,True,True
NOR,ETH,True,True
NOR,GAB,True,True
NOR,GHA,True,True
NOR,GIN,True,True
NOR,GNB,True,True
NOR,KEN,True,True
NOR,LSO,True,True
NOR,LBR,True,True
NOR,LBY,True,True
NOR,MDG,True,True
NOR,MWI,True,True
NOR,MLI,True,True
NOR,MRT,True,True
NOR,MAR,True,True
NOR,MOZ,True,True
NOR,NAM,True,True
NOR,NER,True,True
NOR,NGA,True,True
NOR,RWA,True,True
NOR,SEN,True,True
NOR,SLE,True,True
NOR,SOM,True,True
NOR,ZAF,True,True
NOR,SDN,True,True
NOR,SWZ,True,True
NOR,TZA,True,True
NOR,TGO,True,True
NOR,TUN,True,True
NOR,UGA,True,True
NOR,ZMB,True,True
NOR,ZWE,True,True
NOR,AFG,True,True
NOR,ARM,True,True
NOR,AZE,True,True
NOR,BGD,True,True
NOR,MMR,True,True
NOR,KHM,True,True
NOR,CHN,True,True
NOR,GEO,True,True
NOR,IND,True,True
NOR,IDN,True,True
NOR,IRN,True,True
NOR,IRQ,True,True
NOR,ISR,True,True
NOR,JPN,True,True
NOR,JOR,True,True
NOR,KAZ,True,True
NOR,LAO,True,True
NOR,LBN,True,True
NOR,MYS,True,True
NOR,MNG,True,True
NOR,NPL,True,True
NOR,OMN,True,True
NOR,PAK,True,True
NOR,PHL,True,True
NOR,QAT,True,True
NOR,SAU,True,True
NOR,KOR,True,True
NOR,LKA,True,True
NOR,SYR,True,True
NOR,TWN,True,True
NOR,TJK,True,True
NOR,THA,True,True
NOR,TUR,True,True
NOR,TKM,True,True
NOR,ARE,True,True
NOR,UZB,True,True
NOR,VNM,True,True
NOR,YEM,True,True
NOR,ALB,True,True
NOR,AUT,True,True
NOR,BLR,True,True
NOR,BEL,True,True
NOR,BIH,True,True
NOR,BGR,True,True
NOR,HRV,True,True
NOR,CYP,True,True
NOR,CZE,True,True
NOR,DNK,False,False
NOR,EST,True,True
NOR,FIN,False,False
NOR,FRA,True,True
NOR,DEU,False,False
NOR,GRC,True,True
NOR,HUN,True,True
NOR,ISL,True,True
NOR,IRL,True,True
NOR,ITA,True,True
NOR,LVA,True,True
NOR,LTU,True,True
NOR,MKD,True,True
NOR,MDA,True,True
NOR,MNE,True,True
NOR,NLD,True,False
NOR,NOR,False,False
NOR,POL,True,True
NOR,PRT,True,True
NOR,ROU,True,True
NOR,RUS,False,False
NOR,SRB,True,True
NOR,SVK,True,True
NOR,SVN,True,True
NOR,ESP,True,True
NOR,SWE,False,False
NOR,CHE,True,True
NOR,UKR,True,True
NOR,GBR,False,False
NOR,BHS,True,True
NOR,CAN,True,True
NOR,CRI,True,True
NOR,CUB,True,True
NOR,DOM,True,True
NOR,SLV,True,True
NOR,GTM,True,True
NOR,HTI,True,True
NOR,HND,True,True
NOR,JAM,True,True
NOR,MEX,True,True
NOR,NIC,True,True
NOR,PAN,True,True
NOR,USA,True,True
NOR,AUS,True,True
NOR,NZL,True,True
NOR,PNG,True,True
NOR,ARG,True,True
NOR,BOL,True,True
NOR,BRA,True,True
NOR,CHL,True,True
NOR,COL,True,True
NOR,ECU,True,True
NOR,PRY,True,True
NOR,PER,True,True
NOR,SUR,True,True
NOR,URY,True,True
NOR,VEN,True,True
POL,DZA,True,True
POL,AGO,True,True
POL,BEN,True,True
POL,BWA,True,True
POL,BFA,True,True
POL,BDI,True,True
POL,CMR,True,True
POL,CAF,True,True
POL,TCD,True,True
POL,COG,True,True
POL,COD,True,True
POL,CIV,True,True
POL,DJI,True,True
POL,EGY,True,True
POL,GNQ,True,True
POL,ERI,True,True
POL,ETH,True,True
POL,GAB,True,True
POL,GHA,True,True
POL,GIN,True,True
POL,GNB,True,True
POL,KEN,True,True
POL,LSO,True,True
POL,LBR,True,True
POL,LBY,True,True
POL,MDG,True,True
POL,MWI,True,True
POL,MLI,True,True
POL,MRT,True,True
POL,MAR,True,True
POL,MOZ,True,True
POL,NAM,True,True
POL,NER,True,True
POL,NGA,True,True
POL,RWA,True,True
POL,SEN,True,True
POL,SLE,True,True
POL,SOM,True,True
POL,ZAF,True,True
POL,SDN,True,True
POL,SWZ,True,True
POL,TZA,True,True
POL,TGO,True,True
POL,TUN,True,True
POL,UGA,True,True
POL,ZMB,True,True
POL,ZWE,True,True
POL,AFG,True,True
POL,ARM,True,True
POL,AZE,True,True
POL,BGD,True,True
POL,MMR,True,True
POL,KHM,True,True
POL,CHN,True,True
POL,GEO,True,True
POL,IND,True,True
POL,IDN,True,True
POL,IRN,True,True
POL,IRQ,True,True
POL,ISR,True,True
POL,JPN,True,True
POL,JOR,True,True
POL,KAZ,True,True
POL,LAO,True,True
POL,LBN,True,True
POL,MYS,True,True
POL,MNG,True,True
POL,NPL,True,True
POL,OMN,True,True
POL,PAK,True,True
POL,PHL,True,True
POL,QAT,True,True
POL,SAU,True,True
POL,KOR,True,True
POL,LKA,True,True
POL,SYR,True,True
POL,TWN,True,True
POL,TJK,True,True
POL,THA,True,True
POL,TUR,True,True
POL,TKM,True,True
POL,ARE,True,True
POL,UZB,True,True
POL,VNM,True,True
POL,YEM,True,True
POL,ALB,True,True
POL,AUT,False,False
POL,BLR,False,False
POL,BEL,True,True
POL,BIH,True,False
POL,BGR,True,True
POL,HRV,False,False
POL,CYP,True,True
POL,CZE,False,False
POL,DNK,False,False
POL,EST,False,False
POL,FIN,True,True
POL,FRA,True,True
POL,DEU,False,False
POL,GRC,True,True
POL,HUN,False,False
POL,ISL,True,True
POL,IRL,True,True
POL,ITA,True,False
POL,LVA,False,False
POL,LTU,False,False
POL,MKD,True,True
POL,MDA,False,False
POL,MNE,True,True
POL,NLD,True,False
POL,NOR,True,True
POL,POL,False,False
POL,PRT,True,True
POL,ROU,False,False
POL,RUS,False,False
POL,SRB,False,False
POL,SVK,False,False
POL,SVN,False,False
POL,ESP,True,True
POL,SWE,False,False
POL,CHE,True,True
POL,UKR,False,False
POL,GBR,True,True
POL,BHS,True,True
POL,CAN,True,True
POL,CRI,True,True
POL,CUB,True,True
POL,DOM,True,True
POL,SLV,True,True
POL,GTM,True,True
POL,HTI,True,True
POL,HND,True,True
POL,JAM,True,True
POL,MEX,True,True
POL,NIC,True,True
POL,PAN,True,True
POL,USA,True,True
POL,AUS,True,True
POL,NZL,True,True
POL,PNG,True,True
POL,ARG,True,True
POL,BOL,True,True
POL,BRA,True,True
POL,CHL,True,True
POL,COL,True,True
POL,ECU,True,True
POL,PRY,True,True
POL,PER,True,True
POL,SUR,True,True
POL,URY,True,True
POL,VEN,True,True
PRT,DZA,True,True
PRT,AGO,True,True
PRT,BEN,True,True
PRT,BWA,True,True
PRT,BFA,True,True
PRT,BDI,True,True
PRT,CMR,True,True
PRT,CAF,True,True
PRT,TCD,True,True
PRT,COG,True,True
PRT,COD,True,True
PRT,CIV,True,True
PRT,DJI,True,True
PRT,EGY,True,True
PRT,GNQ,True,True
PRT,ERI,True,True
PRT,ETH,True,True
PRT,GAB,True,True
PRT,GHA,True,True
PRT,GIN,True,True
PRT,GNB,True,True
PRT,KEN,True,True
PRT,LSO,True,True
PRT,LBR,True,True
PRT,LBY,True,True
PRT,MDG,True,True
PRT,MWI,True,True
PRT,MLI,True,True
PRT,MRT,True,True
PRT,MAR,False,False
PRT,MOZ,True,True
PRT,NAM,True,True
PRT,NER,True,True
PRT,NGA,True,True
PRT,RWA,True,True
PRT,SEN,True,True
PRT,SLE,True,True
PRT,SOM,True,True
PRT,ZAF,True,True
PRT,SDN,True,True
PRT,SWZ,True,True
PRT,TZA,True,True
PRT,TGO,True,True
PRT,TUN,True,True
PRT,UGA,True,True
PRT,ZMB,True,True
PRT,ZWE,True,True
PRT,AFG,True,True
PRT,ARM,True,True
PRT,AZE,True,True
PRT,BGD,True,True
PRT,MMR,True,True
PRT,KHM,True,True
PRT,CHN,True,True
PRT,GEO,True,True
PRT,IND,True,True
PRT,IDN,True,True
PRT,IRN,True,True
PRT,IRQ,True,True
PRT,ISR,True,True
PRT,JPN,True,True
PRT,JOR,True,True
PRT,KAZ,True,True
PRT,LAO,True,True
PRT,LBN,True,True
PRT,MYS,True,True
PRT,MNG,True,True
PRT,NPL,True,True
PRT,OMN,True,True
PRT,PAK,True,True
PRT,PHL,True,True
PRT,QAT,True,True
PRT,SAU,True,True
PRT,KOR,True,True
PRT,LKA,True,True
PRT,SYR,True,True
PRT,TWN,True,True
PRT,TJK,True,True
PRT,THA,True,True
PRT,TUR,True,True
PRT,TKM,True,True
PRT,ARE,True,True
PRT,UZB,True,True
PRT,VNM,True,True
PRT,YEM,True,True
PRT,ALB,True,True
PRT,AUT,True,True
PRT,BLR,True,True
PRT,BEL,True,True
PRT,BIH,True,True
PRT,BGR,True,True
PRT,HRV,True,True
PRT,CYP,True,True
PRT,CZE,True,True
PRT,DNK,True,True
PRT,EST,True,True
PRT,FIN,True,True
PRT,FRA,False,False
PRT,DEU,True,True
PRT,GRC,True,True
PRT,HUN,True,True
PRT,ISL,True,True
PRT,IRL,True,True
PRT,ITA,True,True
PRT,LVA,True,True
PRT,LTU,True,True
PRT,MKD,True,True
PRT,MDA,True,True
PRT,MNE,True,True
PRT,NLD,True,True
PRT,NOR,True,True
PRT,POL,True,True
PRT,PRT,False,False
PRT,ROU,True,True
PRT,RUS,True,True
PRT,SRB,True,True
PRT,SVK,True,True
PRT,SVN,True,True
PRT,ESP,False,False
PRT,SWE,True,True
PRT,CHE,True,True
PRT,UKR,True,True
PRT,GBR,True,True
PRT,BHS,True,True
PRT,CAN,True,True
PRT,CRI,True,True
PRT,CUB,True,True
PRT,DOM,True,True
PRT,SLV,True,True
PRT,GTM,True,True
PRT,HTI,True,True
PRT,HND,True,True
PRT,JAM,True,True
PRT,MEX,True,True
PRT,NIC,True,True
PRT,PAN,True,True
PRT,USA,True,True
PRT,AUS,True,True
PRT,NZL,True,True
PRT,PNG,True,True
PRT,ARG,True,True
PRT,BOL,True,True
PRT,BRA,True,True
PRT,CHL,True,True
PRT,COL,True,True
PRT,ECU,True,True
PRT,PRY,True,True
PRT,PER,True,True
PRT,SUR,True,True
PRT,URY,True,True
PRT,VEN,True,True
ROU,DZA,True,True
ROU,AGO,True,True
ROU,BEN,True,True
ROU,BWA,True,True
ROU,BFA,True,True
ROU,BDI,True,True
ROU,CMR,True,True
ROU,CAF,True,True
ROU,TCD,True,True
ROU,COG,True,True
ROU,COD,True,True
ROU,CIV,True,True
ROU,DJI,True,True
ROU,EGY,True,True
ROU,GNQ,True,True
ROU,ERI,True,True
ROU,ETH,True,True
ROU,GAB,True,True
ROU,GHA,True,True
ROU,GIN,True,True
ROU,GNB,True,True
ROU,KEN,True,True
ROU,LSO,True,True
ROU,LBR,True,True
ROU,LBY,True,True
ROU,MDG,True,True
ROU,MWI,True,True
ROU,MLI,True,True
ROU,MRT,True,True
ROU,MAR,True,True
ROU,MOZ,True,True
ROU,NAM,True,True
ROU,NER,True,True
ROU,NGA,True,True
ROU,RWA,True,True
ROU,SEN,True,True
ROU,SLE,True,True
ROU,SOM,True,True
ROU,ZAF,True,True
ROU,SDN,True,True
ROU,SWZ,True,True
ROU,TZA,True,True
ROU,TGO,True,True
ROU,TUN,True,True
ROU,UGA,True,True
ROU,ZMB,True,True
ROU,ZWE,True,True
ROU,AFG,True,True
ROU,ARM,True,True
ROU,AZE,True,True
ROU,BGD,True,True
ROU,MMR,True,True
ROU,KHM,True,True
ROU,CHN,True,True
ROU,GEO,True,True
ROU,IND,True,True
ROU,IDN,True,True
ROU,IRN,True,True
ROU,IRQ,True,True
ROU,ISR,True,True
ROU,JPN,True,True
ROU,JOR,True,True
ROU,KAZ,True,True
ROU,LAO,True,True
ROU,LBN,True,True
ROU,MYS,True,True
ROU,MNG,True,True
ROU,NPL,True,True
ROU,OMN,True,True
ROU,PAK,True,True
ROU,PHL,True,True
ROU,QAT,True,True
ROU,SAU,True,True
ROU,KOR,True,True
ROU,LKA,True,True
ROU,SYR,True,True
ROU,TWN,True,True
ROU,TJK,True,True
ROU,THA,True,True
ROU,TUR,False,False
ROU,TKM,True,True
ROU,ARE,True,True
ROU,UZB,True,True
ROU,VNM,True,True
ROU,YEM,True,True
ROU,ALB,False,False
ROU,AUT,False,False
ROU,BLR,False,False
ROU,BEL,True,True
ROU,BIH,False,False
ROU,BGR,False,False
ROU,HRV,False,False
ROU,CYP,True,True
ROU,CZE,False,False
ROU,DNK,True,True
ROU,EST,True,True
ROU,FIN,True,True
ROU,FRA,True,True
ROU,DEU,True,True
ROU,GRC,False,False
ROU,HUN,False,False
ROU,ISL,True,True
ROU,IRL,True,True
ROU,ITA,True,True
ROU,LVA,True,True
ROU,LTU,True,True
ROU,MKD,False,False
ROU,MDA,False,False
ROU,MNE,False,False
ROU,NLD,True,True
ROU,NOR,True,True
ROU,POL,False,False
ROU,PRT,True,True
ROU,ROU,False,False
ROU,RUS,True,True
ROU,SRB,False,False
ROU,SVK,False,False
ROU,SVN,False,False
ROU,ESP,True,True
ROU,SWE,True,True
ROU,CHE,True,True
ROU,UKR,False,False
ROU,GBR,True,True
ROU,BHS,True,True
ROU,CAN,True,True
ROU,CRI,True,True
ROU,CUB,True,True
ROU,DOM,True,True
ROU,SLV,True,True
ROU,GTM,True,True
ROU,HTI,True,True
ROU,HND,True,True
ROU,JAM,True,True
ROU,MEX,True,True
ROU,NIC,True,True
ROU,PAN,True,True
ROU,USA,True,True
ROU,AUS,True,True
ROU,NZL,True,True
ROU,PNG,True,True
ROU,ARG,True,True
ROU,BOL,True,True
ROU,BRA,True,True
ROU,CHL,True,True
ROU,COL,True,True
ROU,ECU,True,True
ROU,PRY,True,True
ROU,PER,True,True
ROU,SUR,True,True
ROU,URY,True,True
ROU,VEN,True,True
RUS,DZA,True,True
RUS,AGO,True,True
RUS,BEN,True,True
RUS,BWA,True,True
RUS,BFA,True,True
RUS,BDI,True,True
RUS,CMR,True,True
RUS,CAF,True,True
RUS,TCD,True,True
RUS,COG,True,True
RUS,COD,True,True
RUS,CIV,True,True
RUS,DJI,True,True
RUS,EGY,True,True
RUS,GNQ,True,True
RUS,ERI,True,True
RUS,ETH,True,True
RUS,GAB,True,True
RUS,GHA,True,True
RUS,GIN,True,True
RUS,GNB,True,True
RUS,KEN,True,True
RUS,LSO,True,True
RUS,LBR,True,True
RUS,LBY,True,True
RUS,MDG,True,True
RUS,MWI,True,True
RUS,MLI,True,True
RUS,MRT,True,True
RUS,MAR,True,True
RUS,MOZ,True,True
RUS,NAM,True,True
RUS,NER,True,True
RUS,NGA,True,True
RUS,RWA,True,True
RUS,SEN,True,True
RUS,SLE,True,True
RUS,SOM,True,True
RUS,ZAF,True,True
RUS,SDN,True,True
RUS,SWZ,True,True
RUS,TZA,True,True
RUS,TGO,True,True
RUS,TUN,True,True
RUS,UGA,True,True
RUS,ZMB,True,True
RUS,ZWE,True,True
RUS,AFG,True,True
RUS,ARM,False,False
RUS,AZE,False,False
RUS,BGD,True,True
RUS,MMR,True,True
RUS,KHM,True,True
RUS,CHN,False,False
RUS,GEO,False,False
RUS,IND,True,True
RUS,IDN,True,True
RUS,IRN,False,False
RUS,IRQ,True,False
RUS,ISR,True,True
RUS,JPN,False,False
RUS,JOR,True,True
RUS,KAZ,False,False
RUS,LAO,True,True
RUS,LBN,True,True
RUS,MYS,True,True
RUS,MNG,False,False
RUS,NPL,True,True
RUS,OMN,True,True
RUS,PAK,True,True
RUS,PHL,True,True
RUS,QAT,True,True
RUS,SAU,True,True
RUS,KOR,True,False
RUS,LKA,True,True
RUS,SYR,True,True
RUS,TWN,True,True
RUS,TJK,True,True
RUS,THA,True,True
RUS,TUR,False,False
RUS,TKM,False,False
RUS,ARE,True,True
RUS,UZB,True,True
RUS,VNM,True,True
RUS,YEM,True,True
RUS,ALB,True,True
RUS,AUT,True,True
RUS,BLR,False,False
RUS,BEL,True,True
RUS,BIH,True,True
RUS,BGR,True,True
RUS,HRV,True,True
RUS,CYP,True,True
RUS,CZE,True,False
RUS,DNK,False,False
RUS,EST,False,False
RUS,FIN,False,False
RUS,FRA,True,True
RUS,DEU,False,False
RUS,GRC,True,True
RUS,HUN,True,True
RUS,ISL,True,True
RUS,IRL,True,True
RUS,ITA,True,True
RUS,LVA,False,False
RUS,LTU,False,False
RUS,MKD,True,True
RUS,MDA,True,False
RUS,MNE,True,True
RUS,NLD,True,True
RUS,NOR,False,False
RUS,POL,False,False
RUS,PRT,True,True
RUS,ROU,True,True
RUS,RUS,False,False
RUS,SRB,True,True
RUS,SVK,True,True
RUS,SVN,True,True
RUS,ESP,True,True
RUS,SWE,False,False
RUS,CHE,True,True
RUS,UKR,False,False
RUS,GBR,True,True
RUS,BHS,True,True
RUS,CAN,True,True
RUS,CRI,True,True
RUS,CUB,True,True
RUS,DOM,True,True
RUS,SLV,True,True
RUS,GTM,True,True
RUS,HTI,True,True
RUS,HND,True,True
RUS,JAM,True,True
RUS,MEX,True,True
RUS,NIC,True,True
RUS,PAN,True,True
RUS,USA,False,False
RUS,AUS,True,True
RUS,NZL,True,True
RUS,PNG,True,True
RUS,ARG,True,True
RUS,BOL,True,True
RUS,BRA,True,True
RUS,CHL,True,True
RUS,COL,True,True
RUS,ECU,True,True
RUS,PRY,True,True
RUS,PER,True,True
RUS,SUR,True,True
RUS,URY,True,True
RUS,VEN,True,True
SRB,DZA,True,True
SRB,AGO,True,True
SRB,BEN,True,True
SRB,BWA,True,True
SRB,BFA,True,True
SRB,BDI,True,True
SRB,CMR,True,True
SRB,CAF,True,True
SRB,TCD,True,True
SRB,COG,True,True
SRB,COD,True,True
SRB,CIV,True,True
SRB,DJI,True,True
SRB,EGY,True,True
SRB,GNQ,True,True
SRB,ERI,True,True
SRB,ETH,True,True
SRB,GAB,True,True
SRB,GHA,True,True
SRB,GIN,True,True
SRB,GNB,True,True
SRB,KEN,True,True
SRB,LSO,True,True
SRB,LBR,True,True
SRB,LBY,True,True
SRB,MDG,True,True
SRB,MWI,True,True
SRB,MLI,True,True
SRB,MRT,True,True
SRB,MAR,True,True
SRB,MOZ,True,True
SRB,NAM,True,True
SRB,NER,True,True
SRB,NGA,True,True
SRB,RWA,True,True
SRB,SEN,True,True
SRB,SLE,True,True
SRB,SOM,True,True
SRB,ZAF,True,True
SRB,SDN,True,True
SRB,SWZ,True,True
SRB,TZA,True,True
SRB,TGO,True,True
SRB,TUN,True,True
SRB,UGA,True,True
SRB,ZMB,True,True
SRB,ZWE,True,True
SRB,AFG,True,True
SRB,ARM,True,True
SRB,AZE,True,True
SRB,BGD,True,True
SRB,MMR,True,True
SRB,KHM,True,True
SRB,CHN,True,True
SRB,GEO,True,True
SRB,IND,True,True
SRB,IDN,True,True
SRB,IRN,True,True
SRB,IRQ,True,True
SRB,ISR,True,True
SRB,JPN,True,True
SRB,JOR,True,True
SRB,KAZ,True,True
SRB,LAO,True,True
SRB,LBN,True,True
SRB,MYS,True,True
SRB,MNG,True,True
SRB,NPL,True,True
SRB,OMN,True,True
SRB,PAK,True,True
SRB,PHL,True,True
SRB,QAT,True,True
SRB,SAU,True,True
SRB,KOR,True,True
SRB,LKA,True,True
SRB,SYR,True,True
SRB,TWN,True,True
SRB,TJK,True,True
SRB,THA,True,True
SRB,TUR,False,False
SRB,TKM,True,True
SRB,ARE,True,True
SRB,UZB,True,True
SRB,VNM,True,True
SRB,YEM,True,True
SRB,ALB,False,False
SRB,AUT,False,False
SRB,BLR,True,True
SRB,BEL,True,True
SRB,BIH,False,False
SRB,BGR,False,False
SRB,HRV,False,False
SRB,CYP,True,True
SRB,CZE,False,False
SRB,DNK,True,True
SRB,EST,True,True
SRB,FIN,True,True
SRB,FRA,True,True
SRB,DEU,True,False
SRB,GRC,False,False
SRB,HUN,False,False
SRB,ISL,True,True
SRB,IRL,True,True
SRB,ITA,False,False
SRB,LVA,True,True
SRB,LTU,True,True
SRB,MKD,False,False
SRB,MDA,True,False
SRB,MNE,False,False
SRB,NLD,True,True
SRB,NOR,True,True
SRB,POL,False,False
SRB,PRT,True,True
SRB,ROU,False,False
SRB,RUS,True,True
SRB,SRB,False,False
SRB,SVK,False,False
SRB,SVN,False,False
SRB,ESP,True,True
SRB,SWE,True,True
SRB,CHE,True,True
SRB,UKR,False,False
SRB,GBR,True,True
SRB,BHS,True,True
SRB,CAN,True,True
SRB,CRI,True,True
SRB,CUB,True,True
SRB,DOM,True,True
SRB,SLV,True,True
SRB,GTM,True,True
SRB,HTI,True,True
SRB,HND,True,True
SRB,JAM,True,True
SRB,MEX,True,True
SRB,NIC,True,True
SRB,PAN,True,True
SRB,USA,True,True
SRB,AUS,True,True
SRB,NZL,True,True
SRB,PNG,True,True
SRB,ARG,True,True
SRB,BOL,True,True
SRB,BRA,True,True
SRB,CHL,True,True
SRB,COL,True,True
SRB,ECU,True,True
SRB,PRY,True,True
SRB,PER,True,True
SRB,SUR,True,True
SRB,URY,True,True
SRB,VEN,True,True
SVK,DZA,True,True
SVK,AGO,True,True
SVK,BEN,True,True
SVK,BWA,True,True
SVK,BFA,True,True
SVK,BDI,True,True
SVK,CMR,True,True
SVK,CAF,True,True
SVK,TCD,True,True
SVK,COG,True,True
SVK,COD,True,True
SVK,CIV,True,True
SVK,DJI,True,True
SVK,EGY,True,True
SVK,GNQ,True,True
SVK,ERI,True,True
SVK,ETH,True,True
SVK,GAB,True,True
SVK,GHA,True,True
SVK,GIN,True,True
SVK,GNB,True,True
SVK,KEN,True,True
SVK,LSO,True,True
SVK,LBR,True,True
SVK,LBY,True,True
SVK,MDG,True,True
SVK,MWI,True,True
SVK,MLI,True,True
SVK,MRT,True,True
SVK,MAR,True,True
SVK,MOZ,True,True
SVK,NAM,True,True
SVK,NER,True,True
SVK,NGA,True,True
SVK,RWA,True,True
SVK,SEN,True,True
SVK,SLE,True,True
SVK,SOM,True,True
SVK,ZAF,True,True
SVK,SDN,True,True
SVK,SWZ,True,True
SVK,TZA,True,True
SVK,TGO,True,True
SVK,TUN,True,True
SVK,UGA,True,True
SVK,ZMB,True,True
SVK,ZWE,True,True
SVK,AFG,True,True
SVK,ARM,True,True
SVK,AZE,True,True
SVK,BGD,True,True
SVK,MMR,True,True
SVK,KHM,True,True
SVK,CHN,True,True
SVK,GEO,True,True
SVK,IND,True,True
SVK,IDN,True,True
SVK,IRN,True,True
SVK,IRQ,True,True
SVK,ISR,True,True
SVK,JPN,True,True
SVK,JOR,True,True
SVK,KAZ,True,True
SVK,LAO,True,True
SVK,LBN,True,True
SVK,MYS,True,True
SVK,MNG,True,True
SVK,NPL,True,True
SVK,OMN,True,True
SVK,PAK,True,True
SVK,PHL,True,True
SVK,QAT,True,True
SVK,SAU,True,True
SVK,KOR,True,True
SVK,LKA,True,True
SVK,SYR,True,True
SVK,TWN,True,True
SVK,TJK,True,True
SVK,THA,True,True
SVK,TUR,True,True
SVK,TKM,True,True
SVK,ARE,True,True
SVK,UZB,True,True
SVK,VNM,True,True
SVK,YEM,True,True
SVK,ALB,True,True
SVK,AUT,False,False
SVK,BLR,False,False
SVK,BEL,True,True
SVK,BIH,False,False
SVK,BGR,True,False
SVK,HRV,False,False
SVK,CYP,True,True
SVK,CZE,False,False
SVK,DNK,True,True
SVK,EST,True,True
SVK,FIN,True,True
SVK,FRA,True,True
SVK,DEU,False,False
SVK,GRC,True,True
SVK,HUN,False,False
SVK,ISL,True,True
SVK,IRL,True,True
SVK,ITA,False,False
SVK,LVA,True,True
SVK,LTU,True,True
SVK,MKD,True,True
SVK,MDA,False,False
SVK,MNE,True,False
SVK,NLD,True,True
SVK,NOR,True,True
SVK,POL,False,False
SVK,PRT,True,True
SVK,ROU,False,False
SVK,RUS,True,True
SVK,SRB,False,False
SVK,SVK,False,False
SVK,SVN,False,False
SVK,ESP,True,True
SVK,SWE,True,True
SVK,CHE,True,False
SVK,UKR,False,False
SVK,GBR,True,True
SVK,BHS,True,True
SVK,CAN,True,True
SVK,CRI,True,True
SVK,CUB,True,True
SVK,DOM,True,True
SVK,SLV,True,True
SVK,GTM,True,True
SVK,HTI,True,True
SVK,HND,True,True
SVK,JAM,True,True
SVK,MEX,True,True
SVK,NIC,True,True
SVK,PAN,True,True
SVK,USA,True,True
SVK,AUS,True,True
SVK,NZL,True,True
SVK,PNG,True,True
SVK,ARG,True,True
SVK,BOL,True,True
SVK,BRA,True,True
SVK,CHL,True,True
SVK,COL,True,True
SVK,ECU,True,True
SVK,PRY,True,True
SVK,PER,True,True
SVK,SUR,True,True
SVK,URY,True,True
SVK,VEN,True,True
SVN,DZA,True,True
SVN,AGO,True,True
SVN,BEN,True,True
SVN,BWA,True,True
SVN,BFA,True,True
SVN,BDI,True,True
SVN,CMR,True,True
SVN,CAF,True,True
SVN,TCD,True,True
SVN,COG,True,True
SVN,COD,True,True
SVN,CIV,True,True
SVN,DJI,True,True
SVN,EGY,True,True
SVN,GNQ,True,True
SVN,ERI,True,True
SVN,ETH,True,True
SVN,GAB,True,True
SVN,GHA,True,True
SVN,GIN,True,True
SVN,GNB,True,True
SVN,KEN,True,True
SVN,LSO,True,True
SVN,LBR,True,True
SVN,LBY,True,True
SVN,MDG,True,True
SVN,MWI,True,True
SVN,MLI,True,True
SVN,MRT,True,True
SVN,MAR,True,True
SVN,MOZ,True,True
SVN,NAM,True,True
SVN,NER,True,True
SVN,NGA,True,True
SVN,RWA,True,True
SVN,SEN,True,True
SVN,SLE,True,True
SVN,SOM,True,True
SVN,ZAF,True,True
SVN,SDN,True,True
SVN,SWZ,True,True
SVN,TZA,True,True
SVN,TGO,True,True
SVN,TUN,True,True
SVN,UGA,True,True
SVN,ZMB,True,True
SVN,ZWE,True,True
SVN,AFG,True,True
SVN,ARM,True,True
SVN,AZE,True,True
SVN,BGD,True,True
SVN,MMR,True,True
SVN,KHM,True,True
SVN,CHN,True,True
SVN,GEO,True,True
SVN,IND,True,True
SVN,IDN,True,True
SVN,IRN,True,True
SVN,IRQ,True,True
SVN,ISR,True,True
SVN,JPN,True,True
SVN,JOR,True,True
SVN,KAZ,True,True
SVN,LAO,True,True
SVN,LBN,True,True
SVN,MYS,True,True
SVN,MNG,True,True
SVN,NPL,True,True
SVN,OMN,True,True
SVN,PAK,True,True
SVN,PHL,True,True
SVN,QAT,True,True
SVN,SAU,True,True
SVN,KOR,True,True
SVN,LKA,True,True
SVN,SYR,True,True
SVN,TWN,True,True
SVN,TJK,True,True
SVN,THA,True,True
SVN,TUR,True,True
SVN,TKM,True,True
SVN,ARE,True,True
SVN,UZB,True,True
SVN,VNM,True,True
SVN,YEM,True,True
SVN,ALB,True,False
SVN,AUT,False,False
SVN,BLR,True,True
SVN,BEL,True,True
SVN,BIH,False,False
SVN,BGR,True,True
SVN,HRV,False,False
SVN,CYP,True,True
SVN,CZE,False,False
SVN,DNK,True,True
SVN,EST,True,True
SVN,FIN,True,True
SVN,FRA,False,False
SVN,DEU,False,False
SVN,GRC,True,True
SVN,HUN,False,False
SVN,ISL,True,True
SVN,IRL,True,True
SVN,ITA,False,False
SVN,LVA,True,True
SVN,LTU,True,True
SVN,MKD,True,True
SVN,MDA,True,True
SVN,MNE,False,False
SVN,NLD,True,True
SVN,NOR,True,True
SVN,POL,False,False
SVN,PRT,True,True
SVN,ROU,False,False
SVN,RUS,True,True
SVN,SRB,False,False
SVN,SVK,False,False
SVN,SVN,False,False
SVN,ESP,True,True
SVN,SWE,True,True
SVN,CHE,False,False
SVN,UKR,True,False
SVN,GBR,True,True
SVN,BHS,True,True
SVN,CAN,True,True
SVN,CRI,True,True
SVN,CUB,True,True
SVN,DOM,True,True
SVN,SLV,True,True
SVN,GTM,True,True
SVN,HTI,True,True
SVN,HND,True,True
SVN,JAM,True,True
SVN,MEX,True,True
SVN,NIC,True,True
SVN,PAN,True,True
SVN,USA,True,True
SVN,AUS,True,True
SVN,NZL,True,True
SVN,PNG,True,True
SVN,ARG,True,True
SVN,BOL,True,True
SVN,BRA,True,True
SVN,CHL,True,True
SVN,COL,True,True
SVN,ECU,True,True
SVN,PRY,True,True
SVN,PER,True,True
SVN,SUR,True,True
SVN,URY,True,True
SVN,VEN,True,True
ESP,DZA,False,False
ESP,AGO,True,True
ESP,BEN,True,True
ESP,BWA,True,True
ESP,BFA,True,True
ESP,BDI,True,True
ESP,CMR,True,True
ESP,CAF,True,True
ESP,TCD,True,True
ESP,COG,True,True
ESP,COD,True,True
ESP,CIV,True,True
ESP,DJI,True,True
ESP,EGY,True,True
ESP,GNQ,True,True
ESP,ERI,True,True
ESP,ETH,True,True
ESP,GAB,True,True
ESP,GHA,True,True
ESP,GIN,True,True
ESP,GNB,True,True
ESP,KEN,True,True
ESP,LSO,True,True
ESP,LBR,True,True
ESP,LBY,True,True
ESP,MDG,True,True
ESP,MWI,True,True
ESP,MLI,True,True
ESP,MRT,True,False
ESP,MAR,False,False
ESP,MOZ,True,True
ESP,NAM,True,True
ESP,NER,True,True
ESP,NGA,True,True
ESP,RWA,True,True
ESP,SEN,True,True
ESP,SLE,True,True
ESP,SOM,True,True
ESP,ZAF,True,True
ESP,SDN,True,True
ESP,SWZ,True,True
ESP,TZA,True,True
ESP,TGO,True,True
ESP,TUN,True,False
ESP,UGA,True,True
ESP,ZMB,True,True
ESP,ZWE,True,True
ESP,AFG,True,True
ESP,ARM,True,True
ESP,AZE,True,True
ESP,BGD,True,True
ESP,MMR,True,True
ESP,KHM,True,True
ESP,CHN,True,True
ESP,GEO,True,True
ESP,IND,True,True
ESP,IDN,True,True
ESP,IRN,True,True
ESP,IRQ,True,True
ESP,ISR,True,True
ESP,JPN,True,True
ESP,JOR,True,True
ESP,KAZ,True,True
ESP,LAO,True,True
ESP,LBN,True,True
ESP,MYS,True,True
ESP,MNG,True,True
ESP,NPL,True,True
ESP,OMN,True,True
ESP,PAK,True,True
ESP,PHL,True,True
ESP,QAT,True,True
ESP,SAU,True,True
ESP,KOR,True,True
ESP,LKA,True,True
ESP,SYR,True,True
ESP,TWN,True,True
ESP,TJK,True,True
ESP,THA,True,True
ESP,TUR,True,True
ESP,TKM,True,True
ESP,ARE,True,True
ESP,UZB,True,True
ESP,VNM,True,True
ESP,YEM,True,True
ESP,ALB,True,True
ESP,AUT,True,True
ESP,BLR,True,True
ESP,BEL,True,True
ESP,BIH,True,True
ESP,BGR,True,True
ESP,HRV,True,True
ESP,CYP,True,True
ESP,CZE,True,True
ESP,DNK,True,True
ESP,EST,True,True
ESP,FIN,True,True
ESP,FRA,False,False
ESP,DEU,True,True
ESP,GRC,True,True
ESP,HUN,True,True
ESP,ISL,True,True
ESP,IRL,True,True
ESP,ITA,True,False
ESP,LVA,True,True
ESP,LTU,True,True
ESP,MKD,True,True
ESP,MDA,True,True
ESP,MNE,True,True
ESP,NLD,True,True
ESP,NOR,True,True
ESP,POL,True,True
ESP,PRT,False,False
ESP,ROU,True,True
ESP,RUS,True,True
ESP,SRB,True,True
ESP,SVK,True,True
ESP,SVN,True,True
ESP,ESP,False,False
ESP,SWE,True,True
ESP,CHE,True,False
ESP,UKR,True,True
ESP,GBR,True,True
ESP,BHS,True,True
ESP,CAN,True,True
ESP,CRI,True,True
ESP,CUB,True,True
ESP,DOM,True,True
ESP,SLV,True,True
ESP,GTM,True,True
ESP,HTI,True,True
ESP,HND,True,True
ESP,JAM,True,True
ESP,MEX,True,True
ESP,NIC,True,True
ESP,PAN,True,True
ESP,USA,True,True
ESP,AUS,True,True
ESP,NZL,True,True
ESP,PNG,True,True
ESP,ARG,True,True
ESP,BOL,True,True
ESP,BRA,True,True
ESP,CHL,True,True
ESP,COL,True,True
ESP,ECU,True,True
ESP,PRY,True,True
ESP,PER,True,True
ESP,SUR,True,True
ESP,URY,True,True
ESP,VEN,True,True
SWE,DZA,True,True
SWE,AGO,True,True
SWE,BEN,True,True
SWE,BWA,True,True
SWE,BFA,True,True
SWE,BDI,True,True
SWE,CMR,True,True
SWE,CAF,True,True
SWE,TCD,True,True
SWE,COG,True,True
SWE,COD,True,True
SWE,CIV,True,True
SWE,DJI,True,True
SWE,EGY,True,True
SWE,GNQ,True,True
SWE,ERI,True,True
SWE,ETH,True,True
SWE,GAB,True,True
SWE,GHA,True,True
SWE,GIN,True,True
SWE,GNB,True,True
SWE,KEN,True,True
SWE,LSO,True,True
SWE,LBR,True,True
SWE,LBY,True,True
SWE,MDG,True,True
SWE,MWI,True,True
SWE,MLI,True,True
SWE,MRT,True,True
SWE,MAR,True,True
SWE,MOZ,True,True
SWE,NAM,True,True
SWE,NER,True,True
SWE,NGA,True,True
SWE,RWA,True,True
SWE,SEN,True,True
SWE,SLE,True,True
SWE,SOM,True,True
SWE,ZAF,True,True
SWE,SDN,True,True
SWE,SWZ,True,True
SWE,TZA,True,True
SWE,TGO,True,True
SWE,TUN,True,True
SWE,UGA,True,True
SWE,ZMB,True,True
SWE,ZWE,True,True
SWE,AFG,True,True
SWE,ARM,True,True
SWE,AZE,True,True
SWE,BGD,True,True
SWE,MMR,True,True
SWE,KHM,True,True
SWE,CHN,True,True
SWE,GEO,True,True
SWE,IND,True,True
SWE,IDN,True,True
SWE,IRN,True,True
SWE,IRQ,True,True
SWE,ISR,True,True
SWE,JPN,True,True
SWE,JOR,True,True
SWE,KAZ,True,True
SWE,LAO,True,True
SWE,LBN,True,True
SWE,MYS,True,True
SWE,MNG,True,True
SWE,NPL,True,True
SWE,OMN,True,True
SWE,PAK,True,True
SWE,PHL,True,True
SWE,QAT,True,True
SWE,SAU,True,True
SWE,KOR,True,True
SWE,LKA,True,True
SWE,SYR,True,True
SWE,TWN,True,True
SWE,TJK,True,True
SWE,THA,True,True
SWE,TUR,True,True
SWE,TKM,True,True
SWE,ARE,True,True
SWE,UZB,True,True
SWE,VNM,True,True
SWE,YEM,True,True
SWE,ALB,True,True
SWE,AUT,True,True
SWE,BLR,True,False
SWE,BEL,True,True
SWE,BIH,True,True
SWE,BGR,True,True
SWE,HRV,True,True
SWE,CYP,True,True
SWE,CZE,True,False
SWE,DNK,False,False
SWE,EST,False,False
SWE,FIN,False,False
SWE,FRA,True,True
SWE,DEU,False,False
SWE,GRC,True,True
SWE,HUN,True,True
SWE,ISL,True,True
SWE,IRL,True,True
SWE,ITA,True,True
SWE,LVA,False,False
SWE,LTU,False,False
SWE,MKD,True,True
SWE,MDA,True,True
SWE,MNE,True,True
SWE,NLD,True,False
SWE,NOR,False,False
SWE,POL,False,False
SWE,PRT,True,True
SWE,ROU,True,True
SWE,RUS,False,False
SWE,SRB,True,True
SWE,SVK,True,True
SWE,SVN,True,True
SWE,ESP,True,True
SWE,SWE,False,False
SWE,CHE,True,True
SWE,UKR,True,True
SWE,GBR,True,True
SWE,BHS,True,True
SWE,CAN,True,True
SWE,CRI,True,True
SWE,CUB,True,True
SWE,DOM,True,True
SWE,SLV,True,True
SWE,GTM,True,True
SWE,HTI,True,True
SWE,HND,True,True
SWE,JAM,True,True
SWE,MEX,True,True
SWE,NIC,True,True
SWE,PAN,True,True
SWE,USA,True,True
SWE,AUS,True,True
SWE,NZL,True,True
SWE,PNG,True,True
SWE,ARG,True,True
SWE,BOL,True,True
SWE,BRA,True,True
SWE,CHL,True,True
SWE,COL,True,True
SWE,ECU,True,True
SWE,PRY,True,True
SWE,PER,True,True
SWE,SUR,True,True
SWE,URY,True,True
SWE,VEN,True,True
CHE,DZA,True,True
CHE,AGO,True,True
CHE,BEN,True,True
CHE,BWA,True,True
CHE,BFA,True,True
CHE,BDI,True,True
CHE,CMR,True,True
CHE,CAF,True,True
CHE,TCD,True,True
CHE,COG,True,True
CHE,COD,True,True
CHE,CIV,True,True
CHE,DJI,True,True
CHE,EGY,True,True
CHE,GNQ,True,True
CHE,ERI,True,True
CHE,ETH,True,True
CHE,GAB,True,True
CHE,GHA,True,True
CHE,GIN,True,True
CHE,GNB,True,True
CHE,KEN,True,True
CHE,LSO,True,True
CHE,LBR,True,True
CHE,LBY,True,True
CHE,MDG,True,True
CHE,MWI,True,True
CHE,MLI,True,True
CHE,MRT,True,True
CHE,MAR,True,True
CHE,MOZ,True,True
CHE,NAM,True,True
CHE,NER,True,True
CHE,NGA,True,True
CHE,RWA,True,True
CHE,SEN,True,True
CHE,SLE,True,True
CHE,SOM,True,True
CHE,ZAF,True,True
CHE,SDN,True,True
CHE,SWZ,True,True
CHE,TZA,True,True
CHE,TGO,True,True
CHE,TUN,True,True
CHE,UGA,True,True
CHE,ZMB,True,True
CHE,ZWE,True,True
CHE,AFG,True,True
CHE,ARM,True,True
CHE,AZE,True,True
CHE,BGD,True,True
CHE,MMR,True,True
CHE,KHM,True,True
CHE,CHN,True,True
CHE,GEO,True,True
CHE,IND,True,True
CHE,IDN,True,True
CHE,IRN,True,True
CHE,IRQ,True,True
CHE,ISR,True,True
CHE,JPN,True,True
CHE,JOR,True,True
CHE,KAZ,True,True
CHE,LAO,True,True
CHE,LBN,True,True
CHE,MYS,True,True
CHE,MNG,True,True
CHE,NPL,True,True
CHE,OMN,True,True
CHE,PAK,True,True
CHE,PHL,True,True
CHE,QAT,True,True
CHE,SAU,True,True
CHE,KOR,True,True
CHE,LKA,True,True
CHE,SYR,True,True
CHE,TWN,True,True
CHE,TJK,True,True
CHE,THA,True,True
CHE,TUR,True,True
CHE,TKM,True,True
CHE,ARE,True,True
CHE,UZB,True,True
CHE,VNM,True,True
CHE,YEM,True,True
CHE,ALB,True,True
CHE,AUT,False,False
CHE,BLR,True,True
CHE,BEL,False,False
CHE,BIH,True,False
CHE,BGR,True,True
CHE,HRV,False,False
CHE,CYP,True,True
CHE,CZE,False,False
CHE,DNK,True,True
CHE,EST,True,True
CHE,FIN,True,True
CHE,FRA,False,False
CHE,DEU,False,False
CHE,GRC,True,True
CHE,HUN,True,False
CHE,ISL,True,True
CHE,IRL,True,True
CHE,ITA,False,False
CHE,LVA,True,True
CHE,LTU,True,True
CHE,MKD,True,True
CHE,MDA,True,True
CHE,MNE,True,True
CHE,NLD,False,False
CHE,NOR,True,True
CHE,POL,True,True
CHE,PRT,True,True
CHE,ROU,True,True
CHE,RUS,True,True
CHE,SRB,True,True
CHE,SVK,True,False
CHE,SVN,False,False
CHE,ESP,True,False
CHE,SWE,True,True
CHE,CHE,False,False
CHE,UKR,True,True
CHE,GBR,True,True
CHE,BHS,True,True
CHE,CAN,True,True
CHE,CRI,True,True
CHE,CUB,True,True
CHE,DOM,True,True
CHE,SLV,True,True
CHE,GTM,True,True
CHE,HTI,True,True
CHE,HND,True,True
CHE,JAM,True,True
CHE,MEX,True,True
CHE,NIC,True,True
CHE,PAN,True,True
CHE,USA,True,True
CHE,AUS,True,True
CHE,NZL,True,True
CHE,PNG,True,True
CHE,ARG,True,True
CHE,BOL,True,True
CHE,BRA,True,True
CHE,CHL,True,True
CHE,COL,True,True
CHE,ECU,True,True
CHE,PRY,True,True
CHE,PER,True,True
CHE,SUR,True,True
CHE,URY,True,True
CHE,VEN,True,True
UKR,DZA,True,True
UKR,AGO,True,True
UKR,BEN,True,True
UKR,BWA,True,True
UKR,BFA,True,True
UKR,BDI,True,True
UKR,CMR,True,True
UKR,CAF,True,True
UKR,TCD,True,True
UKR,COG,True,True
UKR,COD,True,True
UKR,CIV,True,True
UKR,DJI,True,True
UKR,EGY,True,True
UKR,GNQ,True,True
UKR,ERI,True,True
UKR,ETH,True,True
UKR,GAB,True,True
UKR,GHA,True,True
UKR,GIN,True,True
UKR,GNB,True,True
UKR,KEN,True,True
UKR,LSO,True,True
UKR,LBR,True,True
UKR,LBY,True,True
UKR,MDG,True,True
UKR,MWI,True,True
UKR,MLI,True,True
UKR,MRT,True,True
UKR,MAR,True,True
UKR,MOZ,True,True
UKR,NAM,True,True
UKR,NER,True,True
UKR,NGA,True,True
UKR,RWA,True,True
UKR,SEN,True,True
UKR,SLE,True,True
UKR,SOM,True,True
UKR,ZAF,True,True
UKR,SDN,True,True
UKR,SWZ,True,True
UKR,TZA,True,True
UKR,TGO,True,True
UKR,TUN,True,True
UKR,UGA,True,True
UKR,ZMB,True,True
UKR,ZWE,True,True
UKR,AFG,True,True
UKR,ARM,True,True
UKR,AZE,True,True
UKR,BGD,True,True
UKR,MMR,True,True
UKR,KHM,True,True
UKR,CHN,True,True
UKR,GEO,True,False
UKR,IND,True,True
UKR,IDN,True,True
UKR,IRN,True,True
UKR,IRQ,True,True
UKR,ISR,True,True
UKR,JPN,True,True
UKR,JOR,True,True
UKR,KAZ,True,False
UKR,LAO,True,True
UKR,LBN,True,True
UKR,MYS,True,True
UKR,MNG,True,True
UKR,NPL,True,True
UKR,OMN,True,True
UKR,PAK,True,True
UKR,PHL,True,True
UKR,QAT,True,True
UKR,SAU,True,True
UKR,KOR,True,True
UKR,LKA,True,True
UKR,SYR,True,True
UKR,TWN,True,True
UKR,TJK,True,True
UKR,THA,True,True
UKR,TUR,False,False
UKR,TKM,True,True
UKR,ARE,True,True
UKR,UZB,True,True
UKR,VNM,True,True
UKR,YEM,True,True
UKR,ALB,True,True
UKR,AUT,False,False
UKR,BLR,False,False
UKR,BEL,True,True
UKR,BIH,True,False
UKR,BGR,False,False
UKR,HRV,False,False
UKR,CYP,True,True
UKR,CZE,False,False
UKR,DNK,True,True
UKR,EST,True,True
UKR,FIN,True,True
UKR,FRA,True,True
UKR,DEU,True,True
UKR,GRC,True,False
UKR,HUN,False,False
UKR,ISL,True,True
UKR,IRL,True,True
UKR,ITA,True,True
UKR,LVA,True,False
UKR,LTU,False,False
UKR,MKD,True,True
UKR,MDA,False,False
UKR,MNE,True,True
UKR,NLD,True,True
UKR,NOR,True,True
UKR,POL,False,False
UKR,PRT,True,True
UKR,ROU,False,False
UKR,RUS,False,False
UKR,SRB,False,False
UKR,SVK,False,False
UKR,SVN,True,False
UKR,ESP,True,True
UKR,SWE,True,True
UKR,CHE,True,True
UKR,UKR,False,False
UKR,GBR,True,True
UKR,BHS,True,True
UKR,CAN,True,True
UKR,CRI,True,True
UKR,CUB,True,True
UKR,DOM,True,True
UKR,SLV,True,True
UKR,GTM,True,True
UKR,HTI,True,True
UKR,HND,True,True
UKR,JAM,True,True
UKR,MEX,True,True
UKR,NIC,True,True
UKR,PAN,True,True
UKR,USA,True,True
UKR,AUS,True,True
UKR,NZL,True,True
UKR,PNG,True,True
UKR,ARG,True,True
UKR,BOL,True,True
UKR,BRA,True,True
UKR,CHL,True,True
UKR,COL,True,True
UKR,ECU,True,True
UKR,PRY,True,True
UKR,PER,True,True
UKR,SUR,True,True
UKR,URY,True,True
UKR,VEN,True,True
GBR,DZA,True,True
GBR,AGO,True,True
GBR,BEN,True,True
GBR,BWA,True,True
GBR,BFA,True,True
GBR,BDI,True,True
GBR,CMR,True,True
GBR,CAF,True,True
GBR,TCD,True,True
GBR,COG,True,True
GBR,COD,True,True
GBR,CIV,True,True
GBR,DJI,True,True
GBR,EGY,True,True
GBR,GNQ,True,True
GBR,ERI,True,True
GBR,ETH,True,True
GBR,GAB,True,True
GBR,GHA,True,True
GBR,GIN,True,True
GBR,GNB,True,True
GBR,KEN,True,True
GBR,LSO,True,True
GBR,LBR,True,True
GBR,LBY,True,True
GBR,MDG,True,True
GBR,MWI,True,True
GBR,MLI,True,True
GBR,MRT,True,True
GBR,MAR,True,True
GBR,MOZ,True,True
GBR,NAM,True,True
GBR,NER,True,True
GBR,NGA,True,True
GBR,RWA,True,True
GBR,SEN,True,True
GBR,SLE,True,True
GBR,SOM,True,True
GBR,ZAF,True,True
GBR,SDN,True,True
GBR,SWZ,True,True
GBR,TZA,True,True
GBR,TGO,True,True
GBR,TUN,True,True
GBR,UGA,True,True
GBR,ZMB,True,True
GBR,ZWE,True,True
GBR,AFG,True,True
GBR,ARM,True,True
GBR,AZE,True,True
GBR,BGD,True,True
GBR,MMR,True,True
GBR,KHM,True,True
GBR,CHN,True,True
GBR,GEO,True,True
GBR,IND,True,True
GBR,IDN,True,True
GBR,IRN,True,True
GBR,IRQ,True,True
GBR,ISR,True,True
GBR,JPN,True,True
GBR,JOR,True,True
GBR,KAZ,True,True
GBR,LAO,True,True
GBR,LBN,True,True
GBR,MYS,True,True
GBR,MNG,True,True
GBR,NPL,True,True
GBR,OMN,True,True
GBR,PAK,True,True
GBR,PHL,True,True
GBR,QAT,True,True
GBR,SAU,True,True
GBR,KOR,True,True
GBR,LKA,True,True
GBR,SYR,True,True
GBR,TWN,True,True
GBR,TJK,True,True
GBR,THA,True,True
GBR,TUR,True,True
GBR,TKM,True,True
GBR,ARE,True,True
GBR,UZB,True,True
GBR,VNM,True,True
GBR,YEM,True,True
GBR,ALB,True,True
GBR,AUT,True,True
GBR,BLR,True,True
GBR,BEL,False,False
GBR,BIH,True,True
GBR,BGR,True,True
GBR,HRV,True,True
GBR,CYP,True,True
GBR,CZE,True,True
GBR,DNK,True,False
GBR,EST,True,True
GBR,FIN,True,True
GBR,FRA,False,False
GBR,DEU,False,False
GBR,GRC,True,True
GBR,HUN,True,True
GBR,ISL,True,True
GBR,IRL,False,False
GBR,ITA,True,True
GBR,LVA,True,True
GBR,LTU,True,True
GBR,MKD,True,True
GBR,MDA,True,True
GBR,MNE,True,True
GBR,NLD,False,False
GBR,NOR,False,False
GBR,POL,True,True
GBR,PRT,True,True
GBR,ROU,True,True
GBR,RUS,True,True
GBR,SRB,True,True
GBR,SVK,True,True
GBR,SVN,True,True
GBR,ESP,True,True
GBR,SWE,True,True
GBR,CHE,True,True
GBR,UKR,True,True
GBR,GBR,False,False
GBR,BHS,True,True
GBR,CAN,True,True
GBR,CRI,True,True
GBR,CUB,True,True
GBR,DOM,True,True
GBR,SLV,True,True
GBR,GTM,True,True
GBR,HTI,True,True
GBR,HND,True,True
GBR,JAM,True,True
GBR,MEX,True,True
GBR,NIC,True,True
GBR,PAN,True,True
GBR,USA,True,True
GBR,AUS,True,True
GBR,NZL,True,True
GBR,PNG,True,True
GBR,ARG,True,True
GBR,BOL,True,True
GBR,BRA,True,True
GBR,CHL,True,True
GBR,COL,True,True
GBR,ECU,True,True
GBR,PRY,True,True
GBR,PER,True,True
GBR,SUR,True,True
GBR,URY,True,True
GBR,VEN,True,True
BHS,DZA,True,True
BHS,AGO,True,True
BHS,BEN,True,True
BHS,BWA,True,True
BHS,BFA,True,True
BHS,BDI,True,True
BHS,CMR,True,True
BHS,CAF,True,True
BHS,TCD,True,True
BHS,COG,True,True
BHS,COD,True,True
BHS,CIV,True,True
BHS,DJI,True,True
BHS,EGY,True,True
BHS,GNQ,True,True
BHS,ERI,True,True
BHS,ETH,True,True
BHS,GAB,True,True
BHS,GHA,True,True
BHS,GIN,True,True
BHS,GNB,True,True
BHS,KEN,True,True
BHS,LSO,True,True
BHS,LBR,True,True
BHS,LBY,True,True
BHS,MDG,True,True
BHS,MWI,True,True
BHS,MLI,True,True
BHS,MRT,True,True
BHS,MAR,True,True
BHS,MOZ,True,True
BHS,NAM,True,True
BHS,NER,True,True
BHS,NGA,True,True
BHS,RWA,True,True
BHS,SEN,True,True
BHS,SLE,True,True
BHS,SOM,True,True
BHS,ZAF,True,True
BHS,SDN,True,True
BHS,SWZ,True,True
BHS,TZA,True,True
BHS,TGO,True,True
BHS,TUN,True,True
BHS,UGA,True,True
BHS,ZMB,True,True
BHS,ZWE,True,True
BHS,AFG,True,True
BHS,ARM,True,True
BHS,AZE,True,True
BHS,BGD,True,True
BHS,MMR,True,True
BHS,KHM,True,True
BHS,CHN,True,True
BHS,GEO,True,True
BHS,IND,True,True
BHS,IDN,True,True
BHS,IRN,True,True
BHS,IRQ,True,True
BHS,ISR,True,True
BHS,JPN,True,True
BHS,JOR,True,True
BHS,KAZ,True,True
BHS,LAO,True,True
BHS,LBN,True,True
BHS,MYS,True,True
BHS,MNG,True,True
BHS,NPL,True,True
BHS,OMN,True,True
BHS,PAK,True,True
BHS,PHL,True,True
BHS,QAT,True,True
BHS,SAU,True,True
BHS,KOR,True,True
BHS,LKA,True,True
BHS,SYR,True,True
BHS,TWN,True,True
BHS,TJK,True,True
BHS,THA,True,True
BHS,TUR,True,True
BHS,TKM,True,True
BHS,ARE,True,True
BHS,UZB,True,True
BHS,VNM,True,True
BHS,YEM,True,True
BHS,ALB,True,True
BHS,AUT,True,True
BHS,BLR,True,True
BHS,BEL,True,True
BHS,BIH,True,True
BHS,BGR,True,True
BHS,HRV,True,True
BHS,CYP,True,True
BHS,CZE,True,True
BHS,DNK,True,True
BHS,EST,True,True
BHS,FIN,True,True
BHS,FRA,True,True
BHS,DEU,True,True
BHS,GRC,True,True
BHS,HUN,True,True
BHS,ISL,True,True
BHS,IRL,True,True
BHS,ITA,True,True
BHS,LVA,True,True
BHS,LTU,True,True
BHS,MKD,True,True
BHS,MDA,True,True
BHS,MNE,True,True
BHS,NLD,True,True
BHS,NOR,True,True
BHS,POL,True,True
BHS,PRT,True,True
BHS,ROU,True,True
BHS,RUS,True,True
BHS,SRB,True,True
BHS,SVK,True,True
BHS,SVN,True,True
BHS,ESP,True,True
BHS,SWE,True,True
BHS,CHE,True,True
BHS,UKR,True,True
BHS,GBR,True,True
BHS,BHS,False,False
BHS,CAN,True,True
BHS,CRI,True,True
BHS,CUB,False,False
BHS,DOM,False,False
BHS,SLV,True,True
BHS,GTM,True,True
BHS,HTI,False,False
BHS,HND,True,True
BHS,JAM,True,False
BHS,MEX,True,True
BHS,NIC,True,True
BHS,PAN,True,True
BHS,USA,False,False
BHS,AUS,True,True
BHS,NZL,True,True
BHS,PNG,True,True
BHS,ARG,True,True
BHS,BOL,True,True
BHS,BRA,True,True
BHS,CHL,True,True
BHS,COL,True,True
BHS,ECU,True,True
BHS,PRY,True,True
BHS,PER,True,True
BHS,SUR,True,True
BHS,URY,True,True
BHS,VEN,True,True
CAN,DZA,True,True
CAN,AGO,True,True
CAN,BEN,True,True
CAN,BWA,True,True
CAN,BFA,True,True
CAN,BDI,True,True
CAN,CMR,True,True
CAN,CAF,True,True
CAN,TCD,True,True
CAN,COG,True,True
CAN,COD,True,True
CAN,CIV,True,True
CAN,DJI,True,True
CAN,EGY,True,True
CAN,GNQ,True,True
CAN,ERI,True,True
CAN,ETH,True,True
CAN,GAB,True,True
CAN,GHA,True,True
CAN,GIN,True,True
CAN,GNB,True,True
CAN,KEN,True,True
CAN,LSO,True,True
CAN,LBR,True,True
CAN,LBY,True,True
CAN,MDG,True,True
CAN,MWI,True,True
CAN,MLI,True,True
CAN,MRT,True,True
CAN,MAR,True,True
CAN,MOZ,True,True
CAN,NAM,True,True
CAN,NER,True,True
CAN,NGA,True,True
CAN,RWA,True,True
CAN,SEN,True,True
CAN,SLE,True,True
CAN,SOM,True,True
CAN,ZAF,True,True
CAN,SDN,True,True
CAN,SWZ,True,True
CAN,TZA,True,True
CAN,TGO,True,True
CAN,TUN,True,True
CAN,UGA,True,True
CAN,ZMB,True,True
CAN,ZWE,True,True
CAN,AFG,True,True
CAN,ARM,True,True
CAN,AZE,True,True
CAN,BGD,True,True
CAN,MMR,True,True
CAN,KHM,True,True
CAN,CHN,True,True
CAN,GEO,True,True
CAN,IND,True,True
CAN,IDN,True,True
CAN,IRN,True,True
CAN,IRQ,True,True
CAN,ISR,True,True
CAN,JPN,True,True
CAN,JOR,True,True
CAN,KAZ,True,True
CAN,LAO,True,True
CAN,LBN,True,True
CAN,MYS,True,True
CAN,MNG,True,True
CAN,NPL,True,True
CAN,OMN,True,True
CAN,PAK,True,True
CAN,PHL,True,True
CAN,QAT,True,True
CAN,SAU,True,True
CAN,KOR,True,True
CAN,LKA,True,True
CAN,SYR,True,True
CAN,TWN,True,True
CAN,TJK,True,True
CAN,THA,True,True
CAN,TUR,True,True
CAN,TKM,True,True
CAN,ARE,True,True
CAN,UZB,True,True
CAN,VNM,True,True
CAN,YEM,True,True
CAN,ALB,True,True
CAN,AUT,True,True
CAN,BLR,True,True
CAN,BEL,True,True
CAN,BIH,True,True
CAN,BGR,True,True
CAN,HRV,True,True
CAN,CYP,True,True
CAN,CZE,True,True
CAN,DNK,True,True
CAN,EST,True,True
CAN,FIN,True,True
CAN,FRA,True,True
CAN,DEU,True,True
CAN,GRC,True,True
CAN,HUN,True,True
CAN,ISL,True,True
CAN,IRL,True,True
CAN,ITA,True,True
CAN,LVA,True,True
CAN,LTU,True,True
CAN,MKD,True,True
CAN,MDA,True,True
CAN,MNE,True,True
CAN,NLD,True,True
CAN,NOR,True,True
CAN,POL,True,True
CAN,PRT,True,True
CAN,ROU,True,True
CAN,RUS,True,True
CAN,SRB,True,True
CAN,SVK,True,True
CAN,SVN,True,True
CAN,ESP,True,True
CAN,SWE,True,True
CAN,CHE,True,True
CAN,UKR,True,True
CAN,GBR,True,True
CAN,BHS,True,True
CAN,CAN,False,False
CAN,CRI,True,True
CAN,CUB,True,True
CAN,DOM,True,True
CAN,SLV,True,True
CAN,GTM,True,True
CAN,HTI,True,True
CAN,HND,True,True
CAN,JAM,True,True
CAN,MEX,True,True
CAN,NIC,True,True
CAN,PAN,True,True
CAN,USA,False,False
CAN,AUS,True,True
CAN,NZL,True,True
CAN,PNG,True,True
CAN,ARG,True,True
CAN,BOL,True,True
CAN,BRA,True,True
CAN,CHL,True,True
CAN,COL,True,True
CAN,ECU,True,True
CAN,PRY,True,True
CAN,PER,True,True
CAN,SUR,True,True
CAN,URY,True,True
CAN,VEN,True,True
CRI,DZA,True,True
CRI,AGO,True,True
CRI,BEN,True,True
CRI,BWA,True,True
CRI,BFA,True,True
CRI,BDI,True,True
CRI,CMR,True,True
CRI,CAF,True,True
CRI,TCD,True,True
CRI,COG,True,True
CRI,COD,True,True
CRI,CIV,True,True
CRI,DJI,True,True
CRI,EGY,True,True
CRI,GNQ,True,True
CRI,ERI,True,True
CRI,ETH,True,True
CRI,GAB,True,True
CRI,GHA,True,True
CRI,GIN,True,True
CRI,GNB,True,True
CRI,KEN,True,True
CRI,LSO,True,True
CRI,LBR,True,True
CRI,LBY,True,True
CRI,MDG,True,True
CRI,MWI,True,True
CRI,MLI,True,True
CRI,MRT,True,True
CRI,MAR,True,True
CRI,MOZ,True,True
CRI,NAM,True,True
CRI,NER,True,True
CRI,NGA,True,True
CRI,RWA,True,True
CRI,SEN,True,True
CRI,SLE,True,True
CRI,SOM,True,True
CRI,ZAF,True,True
CRI,SDN,True,True
CRI,SWZ,True,True
CRI,TZA,True,True
CRI,TGO,True,True
CRI,TUN,True,True
CRI,UGA,True,True
CRI,ZMB,True,True
CRI,ZWE,True,True
CRI,AFG,True,True
CRI,ARM,True,True
CRI,AZE,True,True
CRI,BGD,True,True
CRI,MMR,True,True
CRI,KHM,True,True
CRI,CHN,True,True
CRI,GEO,True,True
CRI,IND,True,True
CRI,IDN,True,True
CRI,IRN,True,True
CRI,IRQ,True,True
CRI,ISR,True,True
CRI,JPN,True,True
CRI,JOR,True,True
CRI,KAZ,True,True
CRI,LAO,True,True
CRI,LBN,True,True
CRI,MYS,True,True
CRI,MNG,True,True
CRI,NPL,True,True
CRI,OMN,True,True
CRI,PAK,True,True
CRI,PHL,True,True
CRI,QAT,True,True
CRI,SAU,True,True
CRI,KOR,True,True
CRI,LKA,True,True
CRI,SYR,True,True
CRI,TWN,True,True
CRI,TJK,True,True
CRI,THA,True,True
CRI,TUR,True,True
CRI,TKM,True,True
CRI,ARE,True,True
CRI,UZB,True,True
CRI,VNM,True,True
CRI,YEM,True,True
CRI,ALB,True,True
CRI,AUT,True,True
CRI,BLR,True,True
CRI,BEL,True,True
CRI,BIH,True,True
CRI,BGR,True,True
CRI,HRV,True,True
CRI,CYP,True,True
CRI,CZE,True,True
CRI,DNK,True,True
CRI,EST,True,True
CRI,FIN,True,True
CRI,FRA,True,True
CRI,DEU,True,True
CRI,GRC,True,True
CRI,HUN,True,True
CRI,ISL,True,True
CRI,IRL,True,True
CRI,ITA,True,True
CRI,LVA,True,True
CRI,LTU,True,True
CRI,MKD,True,True
CRI,MDA,True,True
CRI,MNE,True,True
CRI,NLD,True,True
CRI,NOR,True,True
CRI,POL,True,True
CRI,PRT,True,True
CRI,ROU,True,True
CRI,RUS,True,True
CRI,SRB,True,True
CRI,SVK,True,True
CRI,SVN,True,True
CRI,ESP,True,True
CRI,SWE,True,True
CRI,CHE,True,True
CRI,UKR,True,True
CRI,GBR,True,True
CRI,BHS,True,True
CRI,CAN,True,True
CRI,CRI,False,False
CRI,CUB,True,True
CRI,DOM,True,True
CRI,SLV,False,False
CRI,GTM,True,True
CRI,HTI,True,True
CRI,HND,False,False
CRI,JAM,True,True
CRI,MEX,True,True
CRI,NIC,False,False
CRI,PAN,False,False
CRI,USA,True,True
CRI,AUS,True,True
CRI,NZL,True,True
CRI,PNG,True,True
CRI,ARG,True,True
CRI,BOL,True,True
CRI,BRA,True,True
CRI,CHL,True,True
CRI,COL,True,False
CRI,ECU,True,True
CRI,PRY,True,True
CRI,PER,True,True
CRI,SUR,True,True
CRI,URY,True,True
CRI,VEN,True,True
CUB,DZA,True,True
CUB,AGO,True,True
CUB,BEN,True,True
CUB,BWA,True,True
CUB,BFA,True,True
CUB,BDI,True,True
CUB,CMR,True,True
CUB,CAF,True,True
CUB,TCD,True,True
CUB,COG,True,True
CUB,COD,True,True
CUB,CIV,True,True
CUB,DJI,True,True
CUB,EGY,True,True
CUB,GNQ,True,True
CUB,ERI,True,True
CUB,ETH,True,True
CUB,GAB,True,True
CUB,GHA,True,True
CUB,GIN,True,True
CUB,GNB,True,True
CUB,KEN,True,True
CUB,LSO,True,True
CUB,LBR,True,True
CUB,LBY,True,True
CUB,MDG,True,True
CUB,MWI,True,True
CUB,MLI,True,True
CUB,MRT,True,True
CUB,MAR,True,True
CUB,MOZ,True,True
CUB,NAM,True,True
CUB,NER,True,True
CUB,NGA,True,True
CUB,RWA,True,True
CUB,SEN,True,True
CUB,SLE,True,True
CUB,SOM,True,True
CUB,ZAF,True,True
CUB,SDN,True,True
CUB,SWZ,True,True
CUB,TZA,True,True
CUB,TGO,True,True
CUB,TUN,True,True
CUB,UGA,True,True
CUB,ZMB,True,True
CUB,ZWE,True,True
CUB,AFG,True,True
CUB,ARM,True,True
CUB,AZE,True,True
CUB,BGD,True,True
CUB,MMR,True,True
CUB,KHM,True,True
CUB,CHN,True,True
CUB,GEO,True,True
CUB,IND,True,True
CUB,IDN,True,True
CUB,IRN,True,True
CUB,IRQ,True,True
CUB,ISR,True,True
CUB,JPN,True,True
CUB,JOR,True,True
CUB,KAZ,True,True
CUB,LAO,True,True
CUB,LBN,True,True
CUB,MYS,True,True
CUB,MNG,True,True
CUB,NPL,True,True
CUB,OMN,True,True
CUB,PAK,True,True
CUB,PHL,True,True
CUB,QAT,True,True
CUB,SAU,True,True
CUB,KOR,True,True
CUB,LKA,True,True
CUB,SYR,True,True
CUB,TWN,True,True
CUB,TJK,True,True
CUB,THA,True,True
CUB,TUR,True,True
CUB,TKM,True,True
CUB,ARE,True,True
CUB,UZB,True,True
CUB,VNM,True,True
CUB,YEM,True,True
CUB,ALB,True,True
CUB,AUT,True,True
CUB,BLR,True,True
CUB,BEL,True,True
CUB,BIH,True,True
CUB,BGR,True,True
CUB,HRV,True,True
CUB,CYP,True,True
CUB,CZE,True,True
CUB,DNK,True,True
CUB,EST,True,True
CUB,FIN,True,True
CUB,FRA,True,True
CUB,DEU,True,True
CUB,GRC,True,True
CUB,HUN,True,True
CUB,ISL,True,True
CUB,IRL,True,True
CUB,ITA,True,True
CUB,LVA,True,True
CUB,LTU,True,True
CUB,MKD,True,True
CUB,MDA,True,True
CUB,MNE,True,True
CUB,NLD,True,True
CUB,NOR,True,True
CUB,POL,True,True
CUB,PRT,True,True
CUB,ROU,True,True
CUB,RUS,True,True
CUB,SRB,True,True
CUB,SVK,True,True
CUB,SVN,True,True
CUB,ESP,True,True
CUB,SWE,True,True
CUB,CHE,True,True
CUB,UKR,True,True
CUB,GBR,True,True
CUB,BHS,False,False
CUB,CAN,True,True
CUB,CRI,True,True
CUB,CUB,False,False
CUB,DOM,False,False
CUB,SLV,True,True
CUB,GTM,True,True
CUB,HTI,False,False
CUB,HND,True,False
CUB,JAM,False,False
CUB,MEX,False,False
CUB,NIC,True,True
CUB,PAN,True,True
CUB,USA,False,False
CUB,AUS,True,True
CUB,NZL,True,True
CUB,PNG,True,True
CUB,ARG,True,True
CUB,BOL,True,True
CUB,BRA,True,True
CUB,CHL,True,True
CUB,COL,True,False
CUB,ECU,True,True
CUB,PRY,True,True
CUB,PER,True,True
CUB,SUR,True,True
CUB,URY,True,True
CUB,VEN,True,True
DOM,DZA,True,True
DOM,AGO,True,True
DOM,BEN,True,True
DOM,BWA,True,True
DOM,BFA,True,True
DOM,BDI,True,True
DOM,CMR,True,True
DOM,CAF,True,True
DOM,TCD,True,True
DOM,COG,True,True
DOM,COD,True,True
DOM,CIV,True,True
DOM,DJI,True,True
DOM,EGY,True,True
DOM,GNQ,True,True
DOM,ERI,True,True
DOM,ETH,True,True
DOM,GAB,True,True
DOM,GHA,True,True
DOM,GIN,True,True
DOM,GNB,True,True
DOM,KEN,True,True
DOM,LSO,True,True
DOM,LBR,True,True
DOM,LBY,True,True
DOM,MDG,True,True
DOM,MWI,True,True
DOM,MLI,True,True
DOM,MRT,True,True
DOM,MAR,True,True
DOM,MOZ,True,True
DOM,NAM,True,True
DOM,NER,True,True
DOM,NGA,True,True
DOM,RWA,True,True
DOM,SEN,True,True
DOM,SLE,True,True
DOM,SOM,True,True
DOM,ZAF,True,True
DOM,SDN,True,True
DOM,SWZ,True,True
DOM,TZA,True,True
DOM,TGO,True,True
DOM,TUN,True,True
DOM,UGA,True,True
DOM,ZMB,True,True
DOM,ZWE,True,True
DOM,AFG,True,True
DOM,ARM,True,True
DOM,AZE,True,True
DOM,BGD,True,True
DOM,MMR,True,True
DOM,KHM,True,True
DOM,CHN,True,True
DOM,GEO,True,True
DOM,IND,True,True
DOM,IDN,True,True
DOM,IRN,True,True
DOM,IRQ,True,True
DOM,ISR,True,True
DOM,JPN,True,True
DOM,JOR,True,True
DOM,KAZ,True,True
DOM,LAO,True,True
DOM,LBN,True,True
DOM,MYS,True,True
DOM,MNG,True,True
DOM,NPL,True,True
DOM,OMN,True,True
DOM,PAK,True,True
DOM,PHL,True,True
DOM,QAT,True,True
DOM,SAU,True,True
DOM,KOR,True,True
DOM,LKA,True,True
DOM,SYR,True,True
DOM,TWN,True,True
DOM,TJK,True,True
DOM,THA,True,True
DOM,TUR,True,True
DOM,TKM,True,True
DOM,ARE,True,True
DOM,UZB,True,True
DOM,VNM,True,True
DOM,YEM,True,True
DOM,ALB,True,True
DOM,AUT,True,True
DOM,BLR,True,True
DOM,BEL,True,True
DOM,BIH,True,True
DOM,BGR,True,True
DOM,HRV,True,True
DOM,CYP,True,True
DOM,CZE,True,True
DOM,DNK,True,True
DOM,EST,True,True
DOM,FIN,True,True
DOM,FRA,True,True
DOM,DEU,True,True
DOM,GRC,True,True
DOM,HUN,True,True
DOM,ISL,True,True
DOM,IRL,True,True
DOM,ITA,True,True
DOM,LVA,True,True
DOM,LTU,True,True
DOM,MKD,True,True
DOM,MDA,True,True
DOM,MNE,True,True
DOM,NLD,True,True
DOM,NOR,True,True
DOM,POL,True,True
DOM,PRT,True,True
DOM,ROU,True,True
DOM,RUS,True,True
DOM,SRB,True,True
DOM,SVK,True,True
DOM,SVN,True,True
DOM,ESP,True,True
DOM,SWE,True,True
DOM,CHE,True,True
DOM,UKR,True,True
DOM,GBR,True,True
DOM,BHS,False,False
DOM,CAN,True,True
DOM,CRI,True,True
DOM,CUB,False,False
DOM,DOM,False,False
DOM,SLV,True,True
DOM,GTM,True,True
DOM,HTI,False,False
DOM,HND,True,True
DOM,JAM,True,False
DOM,MEX,True,True
DOM,NIC,True,True
DOM,PAN,True,True
DOM,USA,True,True
DOM,AUS,True,True
DOM,NZL,True,True
DOM,PNG,True,True
DOM,ARG,True,True
DOM,BOL,True,True
DOM,BRA,True,True
DOM,CHL,True,True
DOM,COL,True,True
DOM,ECU,True,True
DOM,PRY,True,True
DOM,PER,True,True
DOM,SUR,True,True
DOM,URY,True,True
DOM,VEN,True,True
SLV,DZA,True,True
SLV,AGO,True,True
SLV,BEN,True,True
SLV,BWA,True,True
SLV,BFA,True,True
SLV,BDI,True,True
SLV,CMR,True,True
SLV,CAF,True,True
SLV,TCD,True,True
SLV,COG,True,True
SLV,COD,True,True
SLV,CIV,True,True
SLV,DJI,True,True
SLV,EGY,True,True
SLV,GNQ,True,True
SLV,ERI,True,True
SLV,ETH,True,True
SLV,GAB,True,True
SLV,GHA,True,True
SLV,GIN,True,True
SLV,GNB,True,True
SLV,KEN,True,True
SLV,LSO,True,True
SLV,LBR,True,True
SLV,LBY,True,True
SLV,MDG,True,True
SLV,MWI,True,True
SLV,MLI,True,True
SLV,MRT,True,True
SLV,MAR,True,True
SLV,MOZ,True,True
SLV,NAM,True,True
SLV,NER,True,True
SLV,NGA,True,True
SLV,RWA,True,True
SLV,SEN,True,True
SLV,SLE,True,True
SLV,SOM,True,True
SLV,ZAF,True,True
SLV,SDN,True,True
SLV,SWZ,True,True
SLV,TZA,True,True
SLV,TGO,True,True
SLV,TUN,True,True
SLV,UGA,True,True
SLV,ZMB,True,True
SLV,ZWE,True,True
SLV,AFG,True,True
SLV,ARM,True,True
SLV,AZE,True,True
SLV,BGD,True,True
SLV,MMR,True,True
SLV,KHM,True,True
SLV,CHN,True,True
SLV,GEO,True,True
SLV,IND,True,True
SLV,IDN,True,True
SLV,IRN,True,True
SLV,IRQ,True,True
SLV,ISR,True,True
SLV,JPN,True,True
SLV,JOR,True,True
SLV,KAZ,True,True
SLV,LAO,True,True
SLV,LBN,True,True
SLV,MYS,True,True
SLV,MNG,True,True
SLV,NPL,True,True
SLV,OMN,True,True
SLV,PAK,True,True
SLV,PHL,True,True
SLV,QAT,True,True
SLV,SAU,True,True
SLV,KOR,True,True
SLV,LKA,True,True
SLV,SYR,True,True
SLV,TWN,True,True
SLV,TJK,True,True
SLV,THA,True,True
SLV,TUR,True,True
SLV,TKM,True,True
SLV,ARE,True,True
SLV,UZB,True,True
SLV,VNM,True,True
SLV,YEM,True,True
SLV,ALB,True,True
SLV,AUT,True,True
SLV,BLR,True,True
SLV,BEL,True,True
SLV,BIH,True,True
SLV,BGR,True,True
SLV,HRV,True,True
SLV,CYP,True,True
SLV,CZE,True,True
SLV,DNK,True,True
SLV,EST,True,True
SLV,FIN,True,True
SLV,FRA,True,True
SLV,DEU,True,True
SLV,GRC,True,True
SLV,HUN,True,True
SLV,ISL,True,True
SLV,IRL,True,True
SLV,ITA,True,True
SLV,LVA,True,True
SLV,LTU,True,True
SLV,MKD,True,True
SLV,MDA,True,True
SLV,MNE,True,True
SLV,NLD,True,True
SLV,NOR,True,True
SLV,POL,True,True
SLV,PRT,True,True
SLV,ROU,True,True
SLV,RUS,True,True
SLV,SRB,True,True
SLV,SVK,True,True
SLV,SVN,True,True
SLV,ESP,True,True
SLV,SWE,True,True
SLV,CHE,True,True
SLV,UKR,True,True
SLV,GBR,True,True
SLV,BHS,True,True
SLV,CAN,True,True
SLV,CRI,False,False
SLV,CUB,True,True
SLV,DOM,True,True
SLV,SLV,False,False
SLV,GTM,False,False
SLV,HTI,True,True
SLV,HND,False,False
SLV,JAM,True,True
SLV,MEX,False,False
SLV,NIC,False,False
SLV,PAN,True,True
SLV,USA,True,True
SLV,AUS,True,True
SLV,NZL,True,True
SLV,PNG,True,True
SLV,ARG,True,True
SLV,BOL,True,True
SLV,BRA,True,True
SLV,CHL,True,True
SLV,COL,True,True
SLV,ECU,True,True
SLV,PRY,True,True
SLV,PER,True,True
SLV,SUR,True,True
SLV,URY,True,True
SLV,VEN,True,True
GTM,DZA,True,True
GTM,AGO,True,True
GTM,BEN,True,True
GTM,BWA,True,True
GTM,BFA,True,True
GTM,BDI,True,True
GTM,CMR,True,True
GTM,CAF,True,True
GTM,TCD,True,True
GTM,COG,True,True
GTM,COD,True,True
GTM,CIV,True,True
GTM,DJI,True,True
GTM,EGY,True,True
GTM,GNQ,True,True
GTM,ERI,True,True
GTM,ETH,True,True
GTM,GAB,True,True
GTM,GHA,True,True
GTM,GIN,True,True
GTM,GNB,True,True
GTM,KEN,True,True
GTM,LSO,True,True
GTM,LBR,True,True
GTM,LBY,True,True
GTM,MDG,True,True
GTM,MWI,True,True
GTM,MLI,True,True
GTM,MRT,True,True
GTM,MAR,True,True
GTM,MOZ,True,True
GTM,NAM,True,True
GTM,NER,True,True
GTM,NGA,True,True
GTM,RWA,True,True
GTM,SEN,True,True
GTM,SLE,True,True
GTM,SOM,True,True
GTM,ZAF,True,True
GTM,SDN,True,True
GTM,SWZ,True,True
GTM,TZA,True,True
GTM,TGO,True,True
GTM,TUN,True,True
GTM,UGA,True,True
GTM,ZMB,True,True
GTM,ZWE,True,True
GTM,AFG,True,True
GTM,ARM,True,True
GTM,AZE,True,True
GTM,BGD,True,True
GTM,MMR,True,True
GTM,KHM,True,True
GTM,CHN,True,True
GTM,GEO,True,True
GTM,IND,True,True
GTM,IDN,True,True
GTM,IRN,True,True
GTM,IRQ,True,True
GTM,ISR,True,True
GTM,JPN,True,True
GTM,JOR,True,True
GTM,KAZ,True,True
GTM,LAO,True,True
GTM,LBN,True,True
GTM,MYS,True,True
GTM,MNG,True,True
GTM,NPL,True,True
GTM,OMN,True,True
GTM,PAK,True,True
GTM,PHL,True,True
GTM,QAT,True,True
GTM,SAU,True,True
GTM,KOR,True,True
GTM,LKA,True,True
GTM,SYR,True,True
GTM,TWN,True,True
GTM,TJK,True,True
GTM,THA,True,True
GTM,TUR,True,True
GTM,TKM,True,True
GTM,ARE,True,True
GTM,UZB,True,True
GTM,VNM,True,True
GTM,YEM,True,True
GTM,ALB,True,True
GTM,AUT,True,True
GTM,BLR,True,True
GTM,BEL,True,True
GTM,BIH,True,True
GTM,BGR,True,True
GTM,HRV,True,True
GTM,CYP,True,True
GTM,CZE,True,True
GTM,DNK,True,True
GTM,EST,True,True
GTM,FIN,True,True
GTM,FRA,True,True
GTM,DEU,True,True
GTM,GRC,True,True
GTM,HUN,True,True
GTM,ISL,True,True
GTM,IRL,True,True
GTM,ITA,True,True
GTM,LVA,True,True
GTM,LTU,True,True
GTM,MKD,True,True
GTM,MDA,True,True
GTM,MNE,True,True
GTM,NLD,True,True
GTM,NOR,True,True
GTM,POL,True,True
GTM,PRT,True,True
GTM,ROU,True,True
GTM,RUS,True,True
GTM,SRB,True,True
GTM,SVK,True,True
GTM,SVN,True,True
GTM,ESP,True,True
GTM,SWE,True,True
GTM,CHE,True,True
GTM,UKR,True,True
GTM,GBR,True,True
GTM,BHS,True,True
GTM,CAN,True,True
GTM,CRI,True,True
GTM,CUB,True,True
GTM,DOM,True,True
GTM,SLV,False,False
GTM,GTM,False,False
GTM,HTI,True,True
GTM,HND,False,False
GTM,JAM,True,True
GTM,MEX,False,False
GTM,NIC,False,False
GTM,PAN,True,True
GTM,USA,True,True
GTM,AUS,True,True
GTM,NZL,True,True
GTM,PNG,True,True
GTM,ARG,True,True
GTM,BOL,True,True
GTM,BRA,True,True
GTM,CHL,True,True
GTM,COL,True,True
GTM,ECU,True,True
GTM,PRY,True,True
GTM,PER,True,True
GTM,SUR,True,True
GTM,URY,True,True
GTM,VEN,True,True
HTI,DZA,True,True
HTI,AGO,True,True
HTI,BEN,True,True
HTI,BWA,True,True
HTI,BFA,True,True
HTI,BDI,True,True
HTI,CMR,True,True
HTI,CAF,True,True
HTI,TCD,True,True
HTI,COG,True,True
HTI,COD,True,True
HTI,CIV,True,True
HTI,DJI,True,True
HTI,EGY,True,True
HTI,GNQ,True,True
HTI,ERI,True,True
HTI,ETH,True,True
HTI,GAB,True,True
HTI,GHA,True,True
HTI,GIN,True,True
HTI,GNB,True,True
HTI,KEN,True,True
HTI,LSO,True,True
HTI,LBR,True,True
HTI,LBY,True,True
HTI,MDG,True,True
HTI,MWI,True,True
HTI,MLI,True,True
HTI,MRT,True,True
HTI,MAR,True,True
HTI,MOZ,True,True
HTI,NAM,True,True
HTI,NER,True,True
HTI,NGA,True,True
HTI,RWA,True,True
HTI,SEN,True,True
HTI,SLE,True,True
HTI,SOM,True,True
HTI,ZAF,True,True
HTI,SDN,True,True
HTI,SWZ,True,True
HTI,TZA,True,True
HTI,TGO,True,True
HTI,TUN,True,True
HTI,UGA,True,True
HTI,ZMB,True,True
HTI,ZWE,True,True
HTI,AFG,True,True
HTI,ARM,True,True
HTI,AZE,True,True
HTI,BGD,True,True
HTI,MMR,True,True
HTI,KHM,True,True
HTI,CHN,True,True
HTI,GEO,True,True
HTI,IND,True,True
HTI,IDN,True,True
HTI,IRN,True,True
HTI,IRQ,True,True
HTI,ISR,True,True
HTI,JPN,True,True
HTI,JOR,True,True
HTI,KAZ,True,True
HTI,LAO,True,True
HTI,LBN,True,True
HTI,MYS,True,True
HTI,MNG,True,True
HTI,NPL,True,True
HTI,OMN,True,True
HTI,PAK,True,True
HTI,PHL,True,True
HTI,QAT,True,True
HTI,SAU,True,True
HTI,KOR,True,True
HTI,LKA,True,True
HTI,SYR,True,True
HTI,TWN,True,True
HTI,TJK,True,True
HTI,THA,True,True
HTI,TUR,True,True
HTI,TKM,True,True
HTI,ARE,True,True
HTI,UZB,True,True
HTI,VNM,True,True
HTI,YEM,True,True
HTI,ALB,True,True
HTI,AUT,True,True
HTI,BLR,True,True
HTI,BEL,True,True
HTI,BIH,True,True
HTI,BGR,True,True
HTI,HRV,True,True
HTI,CYP,True,True
HTI,CZE,True,True
HTI,DNK,True,True
HTI,EST,True,True
HTI,FIN,True,True
HTI,FRA,True,True
HTI,DEU,True,True
HTI,GRC,True,True
HTI,HUN,True,True
HTI,ISL,True,True
HTI,IRL,True,True
HTI,ITA,True,True
HTI,LVA,True,True
HTI,LTU,True,True
HTI,MKD,True,True
HTI,MDA,True,True
HTI,MNE,True,True
HTI,NLD,True,True
HTI,NOR,True,True
HTI,POL,True,True
HTI,PRT,True,True
HTI,ROU,True,True
HTI,RUS,True,True
HTI,SRB,True,True
HTI,SVK,True,True
HTI,SVN,True,True
HTI,ESP,True,True
HTI,SWE,True,True
HTI,CHE,True,True
HTI,UKR,True,True
HTI,GBR,True,True
HTI,BHS,False,False
HTI,CAN,True,True
HTI,CRI,True,True
HTI,CUB,False,False
HTI,DOM,False,False
HTI,SLV,True,True
HTI,GTM,True,True
HTI,HTI,False,False
HTI,HND,True,True
HTI,JAM,False,False
HTI,MEX,True,True
HTI,NIC,True,True
HTI,PAN,True,True
HTI,USA,True,True
HTI,AUS,True,True
HTI,NZL,True,True
HTI,PNG,True,True
HTI,ARG,True,True
HTI,BOL,True,True
HTI,BRA,True,True
HTI,CHL,True,True
HTI,COL,True,False
HTI,ECU,True,True
HTI,PRY,True,True
HTI,PER,True,True
HTI,SUR,True,True
HTI,URY,True,True
HTI,VEN,True,True
HND,DZA,True,True
HND,AGO,True,True
HND,BEN,True,True
HND,BWA,True,True
HND,BFA,True,True
HND,BDI,True,True
HND,CMR,True,True
HND,CAF,True,True
HND,TCD,True,True
HND,COG,True,True
HND,COD,True,True
HND,CIV,True,True
HND,DJI,True,True
HND,EGY,True,True
HND,GNQ,True,True
HND,ERI,True,True
HND,ETH,True,True
HND,GAB,True,True
HND,GHA,True,True
HND,GIN,True,True
HND,GNB,True,True
HND,KEN,True,True
HND,LSO,True,True
HND,LBR,True,True
HND,LBY,True,True
HND,MDG,True,True
HND,MWI,True,True
HND,MLI,True,True
HND,MRT,True,True
HND,MAR,True,True
HND,MOZ,True,True
HND,NAM,True,True
HND,NER,True,True
HND,NGA,True,True
HND,RWA,True,True
HND,SEN,True,True
HND,SLE,True,True
HND,SOM,True,True
HND,ZAF,True,True
HND,SDN,True,True
HND,SWZ,True,True
HND,TZA,True,True
HND,TGO,True,True
HND,TUN,True,True
HND,UGA,True,True
HND,ZMB,True,True
HND,ZWE,True,True
HND,AFG,True,True
HND,ARM,True,True
HND,AZE,True,True
HND,BGD,True,True
HND,MMR,True,True
HND,KHM,True,True
HND,CHN,True,True
HND,GEO,True,True
HND,IND,True,True
HND,IDN,True,True
HND,IRN,True,True
HND,IRQ,True,True
HND,ISR,True,True
HND,JPN,True,True
HND,JOR,True,True
HND,KAZ,True,True
HND,LAO,True,True
HND,LBN,True,True
HND,MYS,True,True
HND,MNG,True,True
HND,NPL,True,True
HND,OMN,True,True
HND,PAK,True,True
HND,PHL,True,True
HND,QAT,True,True
HND,SAU,True,True
HND,KOR,True,True
HND,LKA,True,True
HND,SYR,True,True
HND,TWN,True,True
HND,TJK,True,True
HND,THA,True,True
HND,TUR,True,True
HND,TKM,True,True
HND,ARE,True,True
HND,UZB,True,True
HND,VNM,True,True
HND,YEM,True,True
HND,ALB,True,True
HND,AUT,True,True
HND,BLR,True,True
HND,BEL,True,True
HND,BIH,True,True
HND,BGR,True,True
HND,HRV,True,True
HND,CYP,True,True
HND,CZE,True,True
HND,DNK,True,True
HND,EST,True,True
HND,FIN,True,True
HND,FRA,True,True
HND,DEU,True,True
HND,GRC,True,True
HND,HUN,True,True
HND,ISL,True,True
HND,IRL,True,True
HND,ITA,True,True
HND,LVA,True,True
HND,LTU,True,True
HND,MKD,True,True
HND,MDA,True,True
HND,MNE,True,True
HND,NLD,True,True
HND,NOR,True,True
HND,POL,True,True
HND,PRT,True,True
HND,ROU,True,True
HND,RUS,True,True
HND,SRB,True,True
HND,SVK,True,True
HND,SVN,True,True
HND,ESP,True,True
HND,SWE,True,True
HND,CHE,True,True
HND,UKR,True,True
HND,GBR,True,True
HND,BHS,True,True
HND,CAN,True,True
HND,CRI,False,False
HND,CUB,True,False
HND,DOM,True,True
HND,SLV,False,False
HND,GTM,False,False
HND,HTI,True,True
HND,HND,False,False
HND,JAM,True,False
HND,MEX,False,False
HND,NIC,False,False
HND,PAN,True,True
HND,USA,True,True
HND,AUS,True,True
HND,NZL,True,True
HND,PNG,True,True
HND,ARG,True,True
HND,BOL,True,True
HND,BRA,True,True
HND,CHL,True,True
HND,COL,True,False
HND,ECU,True,True
HND,PRY,True,True
HND,PER,True,True
HND,SUR,True,True
HND,URY,True,True
HND,VEN,True,True
JAM,DZA,True,True
JAM,AGO,True,True
JAM,BEN,True,True
JAM,BWA,True,True
JAM,BFA,True,True
JAM,BDI,True,True
JAM,CMR,True,True
JAM,CAF,True,True
JAM,TCD,True,True
JAM,COG,True,True
JAM,COD,True,True
JAM,CIV,True,True
JAM,DJI,True,True
JAM,EGY,True,True
JAM,GNQ,True,True
JAM,ERI,True,True
JAM,ETH,True,True
JAM,GAB,True,True
JAM,GHA,True,True
JAM,GIN,True,True
JAM,GNB,True,True
JAM,KEN,True,True
JAM,LSO,True,True
JAM,LBR,True,True
JAM,LBY,True,True
JAM,MDG,True,True
JAM,MWI,True,True
JAM,MLI,True,True
JAM,MRT,True,True
JAM,MAR,True,True
JAM,MOZ,True,True
JAM,NAM,True,True
JAM,NER,True,True
JAM,NGA,True,True
JAM,RWA,True,True
JAM,SEN,True,True
JAM,SLE,True,True
JAM,SOM,True,True
JAM,ZAF,True,True
JAM,SDN,True,True
JAM,SWZ,True,True
JAM,TZA,True,True
JAM,TGO,True,True
JAM,TUN,True,True
JAM,UGA,True,True
JAM,ZMB,True,True
JAM,ZWE,True,True
JAM,AFG,True,True
JAM,ARM,True,True
JAM,AZE,True,True
JAM,BGD,True,True
JAM,MMR,True,True
JAM,KHM,True,True
JAM,CHN,True,True
JAM,GEO,True,True
JAM,IND,True,True
JAM,IDN,True,True
JAM,IRN,True,True
JAM,IRQ,True,True
JAM,ISR,True,True
JAM,JPN,True,True
JAM,JOR,True,True
JAM,KAZ,True,True
JAM,LAO,True,True
JAM,LBN,True,True
JAM,MYS,True,True
JAM,MNG,True,True
JAM,NPL,True,True
JAM,OMN,True,True
JAM,PAK,True,True
JAM,PHL,True,True
JAM,QAT,True,True
JAM,SAU,True,True
JAM,KOR,True,True
JAM,LKA,True,True
JAM,SYR,True,True
JAM,TWN,True,True
JAM,TJK,True,True
JAM,THA,True,True
JAM,TUR,True,True
JAM,TKM,True,True
JAM,ARE,True,True
JAM,UZB,True,True
JAM,VNM,True,True
JAM,YEM,True,True
JAM,ALB,True,True
JAM,AUT,True,True
JAM,BLR,True,True
JAM,BEL,True,True
JAM,BIH,True,True
JAM,BGR,True,True
JAM,HRV,True,True
JAM,CYP,True,True
JAM,CZE,True,True
JAM,DNK,True,True
JAM,EST,True,True
JAM,FIN,True,True
JAM,FRA,True,True
JAM,DEU,True,True
JAM,GRC,True,True
JAM,HUN,True,True
JAM,ISL,True,True
JAM,IRL,True,True
JAM,ITA,True,True
JAM,LVA,True,True
JAM,LTU,True,True
JAM,MKD,True,True
JAM,MDA,True,True
JAM,MNE,True,True
JAM,NLD,True,True
JAM,NOR,True,True
JAM,POL,True,True
JAM,PRT,True,True
JAM,ROU,True,True
JAM,RUS,True,True
JAM,SRB,True,True
JAM,SVK,True,True
JAM,SVN,True,True
JAM,ESP,True,True
JAM,SWE,True,True
JAM,CHE,True,True
JAM,UKR,True,True
JAM,GBR,True,True
JAM,BHS,True,False
JAM,CAN,True,True
JAM,CRI,True,True
JAM,CUB,False,False
JAM,DOM,True,False
JAM,SLV,True,True
JAM,GTM,True,True
JAM,HTI,False,False
JAM,HND,True,False
JAM,JAM,False,False
JAM,MEX,True,True
JAM,NIC,True,True
JAM,PAN,True,True
JAM,USA,True,True
JAM,AUS,True,True
JAM,NZL,True,True
JAM,PNG,True,True
JAM,ARG,True,True
JAM,BOL,True,True
JAM,BRA,True,True
JAM,CHL,True,True
JAM,COL,True,False
JAM,ECU,True,True
JAM,PRY,True,True
JAM,PER,True,True
JAM,SUR,True,True
JAM,URY,True,True
JAM,VEN,True,True
MEX,DZA,True,True
MEX,AGO,True,True
MEX,BEN,True,True
MEX,BWA,True,True
MEX,BFA,True,True
MEX,BDI,True,True
MEX,CMR,True,True
MEX,CAF,True,True
MEX,TCD,True,True
MEX,COG,True,True
MEX,COD,True,True
MEX,CIV,True,True
MEX,DJI,True,True
MEX,EGY,True,True
MEX,GNQ,True,True
MEX,ERI,True,True
MEX,ETH,True,True
MEX,GAB,True,True
MEX,GHA,True,True
MEX,GIN,True,True
MEX,GNB,True,True
MEX,KEN,True,True
MEX,LSO,True,True
MEX,LBR,True,True
MEX,LBY,True,True
MEX,MDG,True,True
MEX,MWI,True,True
MEX,MLI,True,True
MEX,MRT,True,True
MEX,MAR,True,True
MEX,MOZ,True,True
MEX,NAM,True,True
MEX,NER,True,True
MEX,NGA,True,True
MEX,RWA,True,True
MEX,SEN,True,True
MEX,SLE,True,True
MEX,SOM,True,True
MEX,ZAF,True,True
MEX,SDN,True,True
MEX,SWZ,True,True
MEX,TZA,True,True
MEX,TGO,True,True
MEX,TUN,True,True
MEX,UGA,True,True
MEX,ZMB,True,True
MEX,ZWE,True,True
MEX,AFG,True,True
MEX,ARM,True,True
MEX,AZE,True,True
MEX,BGD,True,True
MEX,MMR,True,True
MEX,KHM,True,True
MEX,CHN,True,True
MEX,GEO,True,True
MEX,IND,True,True
MEX,IDN,True,True
MEX,IRN,True,True
MEX,IRQ,True,True
MEX,ISR,True,True
MEX,JPN,True,True
MEX,JOR,True,True
MEX,KAZ,True,True
MEX,LAO,True,True
MEX,LBN,True,True
MEX,MYS,True,True
MEX,MNG,True,True
MEX,NPL,True,True
MEX,OMN,True,True
MEX,PAK,True,True
MEX,PHL,True,True
MEX,QAT,True,True
MEX,SAU,True,True
MEX,KOR,True,True
MEX,LKA,True,True
MEX,SYR,True,True
MEX,TWN,True,True
MEX,TJK,True,True
MEX,THA,True,True
MEX,TUR,True,True
MEX,TKM,True,True
MEX,ARE,True,True
MEX,UZB,True,True
MEX,VNM,True,True
MEX,YEM,True,True
MEX,ALB,True,True
MEX,AUT,True,True
MEX,BLR,True,True
MEX,BEL,True,True
MEX,BIH,True,True
MEX,BGR,True,True
MEX,HRV,True,True
MEX,CYP,True,True
MEX,CZE,True,True
MEX,DNK,True,True
MEX,EST,True,True
MEX,FIN,True,True
MEX,FRA,True,True
MEX,DEU,True,True
MEX,GRC,True,True
MEX,HUN,True,True
MEX,ISL,True,True
MEX,IRL,True,True
MEX,ITA,True,True
MEX,LVA,True,True
MEX,LTU,True,True
MEX,MKD,True,True
MEX,MDA,True,True
MEX,MNE,True,True
MEX,NLD,True,True
MEX,NOR,True,True
MEX,POL,True,True
MEX,PRT,True,True
MEX,ROU,True,True
MEX,RUS,True,True
MEX,SRB,True,True
MEX,SVK,True,True
MEX,SVN,True,True
MEX,ESP,True,True
MEX,SWE,True,True
MEX,CHE,True,True
MEX,UKR,True,True
MEX,GBR,True,True
MEX,BHS,True,True
MEX,CAN,True,True
MEX,CRI,True,True
MEX,CUB,False,False
MEX,DOM,True,True
MEX,SLV,False,False
MEX,GTM,False,False
MEX,HTI,True,True
MEX,HND,False,False
MEX,JAM,True,True
MEX,MEX,False,False
MEX,NIC,True,False
MEX,PAN,True,True
MEX,USA,False,False
MEX,AUS,True,True
MEX,NZL,True,True
MEX,PNG,True,True
MEX,ARG,True,True
MEX,BOL,True,True
MEX,BRA,True,True
MEX,CHL,True,True
MEX,COL,True,True
MEX,ECU,True,True
MEX,PRY,True,True
MEX,PER,True,True
MEX,SUR,True,True
MEX,URY,True,True
MEX,VEN,True,True
NIC,DZA,True,True
NIC,AGO,True,True
NIC,BEN,True,True
NIC,BWA,True,True
NIC,BFA,True,True
NIC,BDI,True,True
NIC,CMR,True,True
NIC,CAF,True,True
NIC,TCD,True,True
NIC,COG,True,True
NIC,COD,True,True
NIC,CIV,True,True
NIC,DJI,True,True
NIC,EGY,True,True
NIC,GNQ,True,True
NIC,ERI,True,True
NIC,ETH,True,True
NIC,GAB,True,True
NIC,GHA,True,True
NIC,GIN,True,True
NIC,GNB,True,True
NIC,KEN,True,True
NIC,LSO,True,True
NIC,LBR,True,True
NIC,LBY,True,True
NIC,MDG,True,True
NIC,MWI,True,True
NIC,MLI,True,True
NIC,MRT,True,True
NIC,MAR,True,True
NIC,MOZ,True,True
NIC,NAM,True,True
NIC,NER,True,True
NIC,NGA,True,True
NIC,RWA,True,True
NIC,SEN,True,True
NIC,SLE,True,True
NIC,SOM,True,True
NIC,ZAF,True,True
NIC,SDN,True,True
NIC,SWZ,True,True
NIC,TZA,True,True
NIC,TGO,True,True
NIC,TUN,True,True
NIC,UGA,True,True
NIC,ZMB,True,True
NIC,ZWE,True,True
NIC,AFG,True,True
NIC,ARM,True,True
NIC,AZE,True,True
NIC,BGD,True,True
NIC,MMR,True,True
NIC,KHM,True,True
NIC,CHN,True,True
NIC,GEO,True,True
NIC,IND,True,True
NIC,IDN,True,True
NIC,IRN,True,True
NIC,IRQ,True,True
NIC,ISR,True,True
NIC,JPN,True,True
NIC,JOR,True,True
NIC,KAZ,True,True
NIC,LAO,True,True
NIC,LBN,True,True
NIC,MYS,True,True
NIC,MNG,True,True
NIC,NPL,True,True
NIC,OMN,True,True
NIC,PAK,True,True
NIC,PHL,True,True
NIC,QAT,True,True
NIC,SAU,True,True
NIC,KOR,True,True
NIC,LKA,True,True
NIC,SYR,True,True
NIC,TWN,True,True
NIC,TJK,True,True
NIC,THA,True,True
NIC,TUR,True,True
NIC,TKM,True,True
NIC,ARE,True,True
NIC,UZB,True,True
NIC,VNM,True,True
NIC,YEM,True,True
NIC,ALB,True,True
NIC,AUT,True,True
NIC,BLR,True,True
NIC,BEL,True,True
NIC,BIH,True,True
NIC,BGR,True,True
NIC,HRV,True,True
NIC,CYP,True,True
NIC,CZE,True,True
NIC,DNK,True,True
NIC,EST,True,True
NIC,FIN,True,True
NIC,FRA,True,True
NIC,DEU,True,True
NIC,GRC,True,True
NIC,HUN,True,True
NIC,ISL,True,True
NIC,IRL,True,True
NIC,ITA,True,True
NIC,LVA,True,True
NIC,LTU,True,True
NIC,MKD,True,True
NIC,MDA,True,True
NIC,MNE,True,True
NIC,NLD,True,True
NIC,NOR,True,True
NIC,POL,True,True
NIC,PRT,True,True
NIC,ROU,True,True
NIC,RUS,True,True
NIC,SRB,True,True
NIC,SVK,True,True
NIC,SVN,True,True
NIC,ESP,True,True
NIC,SWE,True,True
NIC,CHE,True,True
NIC,UKR,True,True
NIC,GBR,True,True
NIC,BHS,True,True
NIC,CAN,True,True
NIC,CRI,False,False
NIC,CUB,True,True
NIC,DOM,True,True
NIC,SLV,False,False
NIC,GTM,False,False
NIC,HTI,True,True
NIC,HND,False,False
NIC,JAM,True,True
NIC,MEX,True,False
NIC,NIC,False,False
NIC,PAN,False,False
NIC,USA,True,True
NIC,AUS,True,True
NIC,NZL,True,True
NIC,PNG,True,True
NIC,ARG,True,True
NIC,BOL,True,True
NIC,BRA,True,True
NIC,CHL,True,True
NIC,COL,True,False
NIC,ECU,True,True
NIC,PRY,True,True
NIC,PER,True,True
NIC,SUR,True,True
NIC,URY,True,True
NIC,VEN,True,True
PAN,DZA,True,True
PAN,AGO,True,True
PAN,BEN,True,True
PAN,BWA,True,True
PAN,BFA,True,True
PAN,BDI,True,True
PAN,CMR,True,True
PAN,CAF,True,True
PAN,TCD,True,True
PAN,COG,True,True
PAN,COD,True,True
PAN,CIV,True,True
PAN,DJI,True,True
PAN,EGY,True,True
PAN,GNQ,True,True
PAN,ERI,True,True
PAN,ETH,True,True
PAN,GAB,True,True
PAN,GHA,True,True
PAN,GIN,True,True
PAN,GNB,True,True
PAN,KEN,True,True
PAN,LSO,True,True
PAN,LBR,True,True
PAN,LBY,True,True
PAN,MDG,True,True
PAN,MWI,True,True
PAN,MLI,True,True
PAN,MRT,True,True
PAN,MAR,True,True
PAN,MOZ,True,True
PAN,NAM,True,True
PAN,NER,True,True
PAN,NGA,True,True
PAN,RWA,True,True
PAN,SEN,True,True
PAN,SLE,True,True
PAN,SOM,True,True
PAN,ZAF,True,True
PAN,SDN,True,True
PAN,SWZ,True,True
PAN,TZA,True,True
PAN,TGO,True,True
PAN,TUN,True,True
PAN,UGA,True,True
PAN,ZMB,True,True
PAN,ZWE,True,True
PAN,AFG,True,True
PAN,ARM,True,True
PAN,AZE,True,True
PAN,BGD,True,True
PAN,MMR,True,True
PAN,KHM,True,True
PAN,CHN,True,True
PAN,GEO,True,True
PAN,IND,True,True
PAN,IDN,True,True
PAN,IRN,True,True
PAN,IRQ,True,True
PAN,ISR,True,True
PAN,JPN,True,True
PAN,JOR,True,True
PAN,KAZ,True,True
PAN,LAO,True,True
PAN,LBN,True,True
PAN,MYS,True,True
PAN,MNG,True,True
PAN,NPL,True,True
PAN,OMN,True,True
PAN,PAK,True,True
PAN,PHL,True,True
PAN,QAT,True,True
PAN,SAU,True,True
PAN,KOR,True,True
PAN,LKA,True,True
PAN,SYR,True,True
PAN,TWN,True,True
PAN,TJK,True,True
PAN,THA,True,True
PAN,TUR,True,True
PAN,TKM,True,True
PAN,ARE,True,True
PAN,UZB,True,True
PAN,VNM,True,True
PAN,YEM,True,True
PAN,ALB,True,True
PAN,AUT,True,True
PAN,BLR,True,True
PAN,BEL,True,True
PAN,BIH,True,True
PAN,BGR,True,True
PAN,HRV,True,True
PAN,CYP,True,True
PAN,CZE,True,True
PAN,DNK,True,True
PAN,EST,True,True
PAN,FIN,True,True
PAN,FRA,True,True
PAN,DEU,True,True
PAN,GRC,True,True
PAN,HUN,True,True
PAN,ISL,True,True
PAN,IRL,True,True
PAN,ITA,True,True
PAN,LVA,True,True
PAN,LTU,True,True
PAN,MKD,True,True
PAN,MDA,True,True
PAN,MNE,True,True
PAN,NLD,True,True
PAN,NOR,True,True
PAN,POL,True,True
PAN,PRT,True,True
PAN,ROU,True,True
PAN,RUS,True,True
PAN,SRB,True,True
PAN,SVK,True,True
PAN,SVN,True,True
PAN,ESP,True,True
PAN,SWE,True,True
PAN,CHE,True,True
PAN,UKR,True,True
PAN,GBR,True,True
PAN,BHS,True,True
PAN,CAN,True,True
PAN,CRI,False,False
PAN,CUB,True,True
PAN,DOM,True,True
PAN,SLV,True,True
PAN,GTM,True,True
PAN,HTI,True,True
PAN,HND,True,True
PAN,JAM,True,True
PAN,MEX,True,True
PAN,NIC,False,False
PAN,PAN,False,False
PAN,USA,True,True
PAN,AUS,True,True
PAN,NZL,True,True
PAN,PNG,True,True
PAN,ARG,True,True
PAN,BOL,True,True
PAN,BRA,True,True
PAN,CHL,True,True
PAN,COL,False,False
PAN,ECU,True,True
PAN,PRY,True,True
PAN,PER,True,True
PAN,SUR,True,True
PAN,URY,True,True
PAN,VEN,True,False
USA,DZA,True,True
USA,AGO,True,True
USA,BEN,True,True
USA,BWA,True,True
USA,BFA,True,True
USA,BDI,True,True
USA,CMR,True,True
USA,CAF,True,True
USA,TCD,True,True
USA,COG,True,True
USA,COD,True,True
USA,CIV,True,True
USA,DJI,True,True
USA,EGY,True,True
USA,GNQ,True,True
USA,ERI,True,True
USA,ETH,True,True
USA,GAB,True,True
USA,GHA,True,True
USA,GIN,True,True
USA,GNB,True,True
USA,KEN,True,True
USA,LSO,True,True
USA,LBR,True,True
USA,LBY,True,True
USA,MDG,True,True
USA,MWI,True,True
USA,MLI,True,True
USA,MRT,True,True
USA,MAR,True,True
USA,MOZ,True,True
USA,NAM,True,True
USA,NER,True,True
USA,NGA,True,True
USA,RWA,True,True
USA,SEN,True,True
USA,SLE,True,True
USA,SOM,True,True
USA,ZAF,True,True
USA,SDN,True,True
USA,SWZ,True,True
USA,TZA,True,True
USA,TGO,True,True
USA,TUN,True,True
USA,UGA,True,True
USA,ZMB,True,True
USA,ZWE,True,True
USA,AFG,True,True
USA,ARM,True,True
USA,AZE,True,True
USA,BGD,True,True
USA,MMR,True,True
USA,KHM,True,True
USA,CHN,True,True
USA,GEO,True,True
USA,IND,True,True
USA,IDN,True,True
USA,IRN,True,True
USA,IRQ,True,True
USA,ISR,True,True
USA,JPN,True,True
USA,JOR,True,True
USA,KAZ,True,True
USA,LAO,True,True
USA,LBN,True,True
USA,MYS,True,True
USA,MNG,True,True
USA,NPL,True,True
USA,OMN,True,True
USA,PAK,True,True
USA,PHL,True,True
USA,QAT,True,True
USA,SAU,True,True
USA,KOR,True,True
USA,LKA,True,True
USA,SYR,True,True
USA,TWN,True,True
USA,TJK,True,True
USA,THA,True,True
USA,TUR,True,True
USA,TKM,True,True
USA,ARE,True,True
USA,UZB,True,True
USA,VNM,True,True
USA,YEM,True,True
USA,ALB,True,True
USA,AUT,True,True
USA,BLR,True,True
USA,BEL,True,True
USA,BIH,True,True
USA,BGR,True,True
USA,HRV,True,True
USA,CYP,True,True
USA,CZE,True,True
USA,DNK,True,True
USA,EST,True,True
USA,FIN,True,True
USA,FRA,True,True
USA,DEU,True,True
USA,GRC,True,True
USA,HUN,True,True
USA,ISL,True,True
USA,IRL,True,True
USA,ITA,True,True
USA,LVA,True,True
USA,LTU,True,True
USA,MKD,True,True
USA,MDA,True,True
USA,MNE,True,True
USA,NLD,True,True
USA,NOR,True,True
USA,POL,True,True
USA,PRT,True,True
USA,ROU,True,True
USA,RUS,False,False
USA,SRB,True,True
USA,SVK,True,True
USA,SVN,True,True
USA,ESP,True,True
USA,SWE,True,True
USA,CHE,True,True
USA,UKR,True,True
USA,GBR,True,True
USA,BHS,False,False
USA,CAN,False,False
USA,CRI,True,True
USA,CUB,False,False
USA,DOM,True,True
USA,SLV,True,True
USA,GTM,True,True
USA,HTI,True,True
USA,HND,True,True
USA,JAM,True,True
USA,MEX,False,False
USA,NIC,True,True
USA,PAN,True,True
USA,USA,False,False
USA,AUS,True,True
USA,NZL,True,True
USA,PNG,True,True
USA,ARG,True,True
USA,BOL,True,True
USA,BRA,True,True
USA,CHL,True,True
USA,COL,True,True
USA,ECU,True,True
USA,PRY,True,True
USA,PER,True,True
USA,SUR,True,True
USA,URY,True,True
USA,VEN,True,True
AUS,DZA,True,True
AUS,AGO,True,True
AUS,BEN,True,True
AUS,BWA,True,True
AUS,BFA,True,True
AUS,BDI,True,True
AUS,CMR,True,True
AUS,CAF,True,True
AUS,TCD,True,True
AUS,COG,True,True
AUS,COD,True,True
AUS,CIV,True,True
AUS,DJI,True,True
AUS,EGY,True,True
AUS,GNQ,True,True
AUS,ERI,True,True
AUS,ETH,True,True
AUS,GAB,True,True
AUS,GHA,True,True
AUS,GIN,True,True
AUS,GNB,True,True
AUS,KEN,True,True
AUS,LSO,True,True
AUS,LBR,True,True
AUS,LBY,True,True
AUS,MDG,True,True
AUS,MWI,True,True
AUS,MLI,True,True
AUS,MRT,True,True
AUS,MAR,True,True
AUS,MOZ,True,True
AUS,NAM,True,True
AUS,NER,True,True
AUS,NGA,True,True
AUS,RWA,True,True
AUS,SEN,True,True
AUS,SLE,True,True
AUS,SOM,True,True
AUS,ZAF,True,True
AUS,SDN,True,True
AUS,SWZ,True,True
AUS,TZA,True,True
AUS,TGO,True,True
AUS,TUN,True,True
AUS,UGA,True,True
AUS,ZMB,True,True
AUS,ZWE,True,True
AUS,AFG,True,True
AUS,ARM,True,True
AUS,AZE,True,True
AUS,BGD,True,True
AUS,MMR,True,True
AUS,KHM,True,True
AUS,CHN,True,True
AUS,GEO,True,True
AUS,IND,True,True
AUS,IDN,False,False
AUS,IRN,True,True
AUS,IRQ,True,True
AUS,ISR,True,True
AUS,JPN,True,True
AUS,JOR,True,True
AUS,KAZ,True,True
AUS,LAO,True,True
AUS,LBN,True,True
AUS,MYS,True,True
AUS,MNG,True,True
AUS,NPL,True,True
AUS,OMN,True,True
AUS,PAK,True,True
AUS,PHL,True,True
AUS,QAT,True,True
AUS,SAU,True,True
AUS,KOR,True,True
AUS,LKA,True,True
AUS,SYR,True,True
AUS,TWN,True,True
AUS,TJK,True,True
AUS,THA,True,True
AUS,TUR,True,True
AUS,TKM,True,True
AUS,ARE,True,True
AUS,UZB,True,True
AUS,VNM,True,True
AUS,YEM,True,True
AUS,ALB,True,True
AUS,AUT,True,True
AUS,BLR,True,True
AUS,BEL,True,True
AUS,BIH,True,True
AUS,BGR,True,True
AUS,HRV,True,True
AUS,CYP,True,True
AUS,CZE,True,True
AUS,DNK,True,True
AUS,EST,True,True
AUS,FIN,True,True
AUS,FRA,True,True
AUS,DEU,True,True
AUS,GRC,True,True
AUS,HUN,True,True
AUS,ISL,True,True
AUS,IRL,True,True
AUS,ITA,True,True
AUS,LVA,True,True
AUS,LTU,True,True
AUS,MKD,True,True
AUS,MDA,True,True
AUS,MNE,True,True
AUS,NLD,True,True
AUS,NOR,True,True
AUS,POL,True,True
AUS,PRT,True,True
AUS,ROU,True,True
AUS,RUS,True,True
AUS,SRB,True,True
AUS,SVK,True,True
AUS,SVN,True,True
AUS,ESP,True,True
AUS,SWE,True,True
AUS,CHE,True,True
AUS,UKR,True,True
AUS,GBR,True,True
AUS,BHS,True,True
AUS,CAN,True,True
AUS,CRI,True,True
AUS,CUB,True,True
AUS,DOM,True,True
AUS,SLV,True,True
AUS,GTM,True,True
AUS,HTI,True,True
AUS,HND,True,True
AUS,JAM,True,True
AUS,MEX,True,True
AUS,NIC,True,True
AUS,PAN,True,True
AUS,USA,True,True
AUS,AUS,False,False
AUS,NZL,True,True
AUS,PNG,False,False
AUS,ARG,True,True
AUS,BOL,True,True
AUS,BRA,True,True
AUS,CHL,True,True
AUS,COL,True,True
AUS,ECU,True,True
AUS,PRY,True,True
AUS,PER,True,True
AUS,SUR,True,True
AUS,URY,True,True
AUS,VEN,True,True
NZL,DZA,True,True
NZL,AGO,True,True
NZL,BEN,True,True
NZL,BWA,True,True
NZL,BFA,True,True
NZL,BDI,True,True
NZL,CMR,True,True
NZL,CAF,True,True
NZL,TCD,True,True
NZL,COG,True,True
NZL,COD,True,True
NZL,CIV,True,True
NZL,DJI,True,True
NZL,EGY,True,True
NZL,GNQ,True,True
NZL,ERI,True,True
NZL,ETH,True,True
NZL,GAB,True,True
NZL,GHA,True,True
NZL,GIN,True,True
NZL,GNB,True,True
NZL,KEN,True,True
NZL,LSO,True,True
NZL,LBR,True,True
NZL,LBY,True,True
NZL,MDG,True,True
NZL,MWI,True,True
NZL,MLI,True,True
NZL,MRT,True,True
NZL,MAR,True,True
NZL,MOZ,True,True
NZL,NAM,True,True
NZL,NER,True,True
NZL,NGA,True,True
NZL,RWA,True,True
NZL,SEN,True,True
NZL,SLE,True,True
NZL,SOM,True,True
NZL,ZAF,True,True
NZL,SDN,True,True
NZL,SWZ,True,True
NZL,TZA,True,True
NZL,TGO,True,True
NZL,TUN,True,True
NZL,UGA,True,True
NZL,ZMB,True,True
NZL,ZWE,True,True
NZL,AFG,True,True
NZL,ARM,True,True
NZL,AZE,True,True
NZL,BGD,True,True
NZL,MMR,True,True
NZL,KHM,True,True
NZL,CHN,True,True
NZL,GEO,True,True
NZL,IND,True,True
NZL,IDN,True,True
NZL,IRN,True,True
NZL,IRQ,True,True
NZL,ISR,True,True
NZL,JPN,True,True
NZL,JOR,True,True
NZL,KAZ,True,True
NZL,LAO,True,True
NZL,LBN,True,True
NZL,MYS,True,True
NZL,MNG,True,True
NZL,NPL,True,True
NZL,OMN,True,True
NZL,PAK,True,True
NZL,PHL,True,True
NZL,QAT,True,True
NZL,SAU,True,True
NZL,KOR,True,True
NZL,LKA,True,True
NZL,SYR,True,True
NZL,TWN,True,True
NZL,TJK,True,True
NZL,THA,True,True
NZL,TUR,True,True
NZL,TKM,True,True
NZL,ARE,True,True
NZL,UZB,True,True
NZL,VNM,True,True
NZL,YEM,True,True
NZL,ALB,True,True
NZL,AUT,True,True
NZL,BLR,True,True
NZL,BEL,True,True
NZL,BIH,True,True
NZL,BGR,True,True
NZL,HRV,True,True
NZL,CYP,True,True
NZL,CZE,True,True
NZL,DNK,True,True
NZL,EST,True,True
NZL,FIN,True,True
NZL,FRA,True,True
NZL,DEU,True,True
NZL,GRC,True,True
NZL,HUN,True,True
NZL,ISL,True,True
NZL,IRL,True,True
NZL,ITA,True,True
NZL,LVA,True,True
NZL,LTU,True,True
NZL,MKD,True,True
NZL,MDA,True,True
NZL,MNE,True,True
NZL,NLD,True,True
NZL,NOR,True,True
NZL,POL,True,True
NZL,PRT,True,True
NZL,ROU,True,True
NZL,RUS,True,True
NZL,SRB,True,True
NZL,SVK,True,True
NZL,SVN,True,True
NZL,ESP,True,True
NZL,SWE,True,True
NZL,CHE,True,True
NZL,UKR,True,True
NZL,GBR,True,True
NZL,BHS,True,True
NZL,CAN,True,True
NZL,CRI,True,True
NZL,CUB,True,True
NZL,DOM,True,True
NZL,SLV,True,True
NZL,GTM,True,True
NZL,HTI,True,True
NZL,HND,True,True
NZL,JAM,True,True
NZL,MEX,True,True
NZL,NIC,True,True
NZL,PAN,True,True
NZL,USA,True,True
NZL,AUS,True,True
NZL,NZL,False,False
NZL,PNG,True,True
NZL,ARG,True,True
NZL,BOL,True,True
NZL,BRA,True,True
NZL,CHL,True,True
NZL,COL,True,True
NZL,ECU,True,True
NZL,PRY,True,True
NZL,PER,True,True
NZL,SUR,True,True
NZL,URY,True,True
NZL,VEN,True,True
PNG,DZA,True,True
PNG,AGO,True,True
PNG,BEN,True,True
PNG,BWA,True,True
PNG,BFA,True,True
PNG,BDI,True,True
PNG,CMR,True,True
PNG,CAF,True,True
PNG,TCD,True,True
PNG,COG,True,True
PNG,COD,True,True
PNG,CIV,True,True
PNG,DJI,True,True
PNG,EGY,True,True
PNG,GNQ,True,True
PNG,ERI,True,True
PNG,ETH,True,True
PNG,GAB,True,True
PNG,GHA,True,True
PNG,GIN,True,True
PNG,GNB,True,True
PNG,KEN,True,True
PNG,LSO,True,True
PNG,LBR,True,True
PNG,LBY,True,True
PNG,MDG,True,True
PNG,MWI,True,True
PNG,MLI,True,True
PNG,MRT,True,True
PNG,MAR,True,True
PNG,MOZ,True,True
PNG,NAM,True,True
PNG,NER,True,True
PNG,NGA,True,True
PNG,RWA,True,True
PNG,SEN,True,True
PNG,SLE,True,True
PNG,SOM,True,True
PNG,ZAF,True,True
PNG,SDN,True,True
PNG,SWZ,True,True
PNG,TZA,True,True
PNG,TGO,True,True
PNG,TUN,True,True
PNG,UGA,True,True
PNG,ZMB,True,True
PNG,ZWE,True,True
PNG,AFG,True,True
PNG,ARM,True,True
PNG,AZE,True,True
PNG,BGD,True,True
PNG,MMR,True,True
PNG,KHM,True,True
PNG,CHN,True,True
PNG,GEO,True,True
PNG,IND,True,True
PNG,IDN,False,False
PNG,IRN,True,True
PNG,IRQ,True,True
PNG,ISR,True,True
PNG,JPN,True,True
PNG,JOR,True,True
PNG,KAZ,True,True
PNG,LAO,True,True
PNG,LBN,True,True
PNG,MYS,True,True
PNG,MNG,True,True
PNG,NPL,True,True
PNG,OMN,True,True
PNG,PAK,True,True
PNG,PHL,True,True
PNG,QAT,True,True
PNG,SAU,True,True
PNG,KOR,True,True
PNG,LKA,True,True
PNG,SYR,True,True
PNG,TWN,True,True
PNG,TJK,True,True
PNG,THA,True,True
PNG,TUR,True,True
PNG,TKM,True,True
PNG,ARE,True,True
PNG,UZB,True,True
PNG,VNM,True,True
PNG,YEM,True,True
PNG,ALB,True,True
PNG,AUT,True,True
PNG,BLR,True,True
PNG,BEL,True,True
PNG,BIH,True,True
PNG,BGR,True,True
PNG,HRV,True,True
PNG,CYP,True,True
PNG,CZE,True,True
PNG,DNK,True,True
PNG,EST,True,True
PNG,FIN,True,True
PNG,FRA,True,True
PNG,DEU,True,True
PNG,GRC,True,True
PNG,HUN,True,True
PNG,ISL,True,True
PNG,IRL,True,True
PNG,ITA,True,True
PNG,LVA,True,True
PNG,LTU,True,True
PNG,MKD,True,True
PNG,MDA,True,True
PNG,MNE,True,True
PNG,NLD,True,True
PNG,NOR,True,True
PNG,POL,True,True
PNG,PRT,True,True
PNG,ROU,True,True
PNG,RUS,True,True
PNG,SRB,True,True
PNG,SVK,True,True
PNG,SVN,True,True
PNG,ESP,True,True
PNG,SWE,True,True
PNG,CHE,True,True
PNG,UKR,True,True
PNG,GBR,True,True
PNG,BHS,True,True
PNG,CAN,True,True
PNG,CRI,True,True
PNG,CUB,True,True
PNG,DOM,True,True
PNG,SLV,True,True
PNG,GTM,True,True
PNG,HTI,True,True
PNG,HND,True,True
PNG,JAM,True,True
PNG,MEX,True,True
PNG,NIC,True,True
PNG,PAN,True,True
PNG,USA,True,True
PNG,AUS,False,False
PNG,NZL,True,True
PNG,PNG,False,False
PNG,ARG,True,True
PNG,BOL,True,True
PNG,BRA,True,True
PNG,CHL,True,True
PNG,COL,True,True
PNG,ECU,True,True
PNG,PRY,True,True
PNG,PER,True,True
PNG,SUR,True,True
PNG,URY,True,True
PNG,VEN,True,True
ARG,DZA,True,True
ARG,AGO,True,True
ARG,BEN,True,True
ARG,BWA,True,True
ARG,BFA,True,True
ARG,BDI,True,True
ARG,CMR,True,True
ARG,CAF,True,True
ARG,TCD,True,True
ARG,COG,True,True
ARG,COD,True,True
ARG,CIV,True,True
ARG,DJI,True,True
ARG,EGY,True,True
ARG,GNQ,True,True
ARG,ERI,True,True
ARG,ETH,True,True
ARG,GAB,True,True
ARG,GHA,True,True
ARG,GIN,True,True
ARG,GNB,True,True
ARG,KEN,True,True
ARG,LSO,True,True
ARG,LBR,True,True
ARG,LBY,True,True
ARG,MDG,True,True
ARG,MWI,True,True
ARG,MLI,True,True
ARG,MRT,True,True
ARG,MAR,True,True
ARG,MOZ,True,True
ARG,NAM,True,True
ARG,NER,True,True
ARG,NGA,True,True
ARG,RWA,True,True
ARG,SEN,True,True
ARG,SLE,True,True
ARG,SOM,True,True
ARG,ZAF,True,True
ARG,SDN,True,True
ARG,SWZ,True,True
ARG,TZA,True,True
ARG,TGO,True,True
ARG,TUN,True,True
ARG,UGA,True,True
ARG,ZMB,True,True
ARG,ZWE,True,True
ARG,AFG,True,True
ARG,ARM,True,True
ARG,AZE,True,True
ARG,BGD,True,True
ARG,MMR,True,True
ARG,KHM,True,True
ARG,CHN,True,True
ARG,GEO,True,True
ARG,IND,True,True
ARG,IDN,True,True
ARG,IRN,True,True
ARG,IRQ,True,True
ARG,ISR,True,True
ARG,JPN,True,True
ARG,JOR,True,True
ARG,KAZ,True,True
ARG,LAO,True,True
ARG,LBN,True,True
ARG,MYS,True,True
ARG,MNG,True,True
ARG,NPL,True,True
ARG,OMN,True,True
ARG,PAK,True,True
ARG,PHL,True,True
ARG,QAT,True,True
ARG,SAU,True,True
ARG,KOR,True,True
ARG,LKA,True,True
ARG,SYR,True,True
ARG,TWN,True,True
ARG,TJK,True,True
ARG,THA,True,True
ARG,TUR,True,True
ARG,TKM,True,True
ARG,ARE,True,True
ARG,UZB,True,True
ARG,VNM,True,True
ARG,YEM,True,True
ARG,ALB,True,True
ARG,AUT,True,True
ARG,BLR,True,True
ARG,BEL,True,True
ARG,BIH,True,True
ARG,BGR,True,True
ARG,HRV,True,True
ARG,CYP,True,True
ARG,CZE,True,True
ARG,DNK,True,True
ARG,EST,True,True
ARG,FIN,True,True
ARG,FRA,True,True
ARG,DEU,True,True
ARG,GRC,True,True
ARG,HUN,True,True
ARG,ISL,True,True
ARG,IRL,True,True
ARG,ITA,True,True
ARG,LVA,True,True
ARG,LTU,True,True
ARG,MKD,True,True
ARG,MDA,True,True
ARG,MNE,True,True
ARG,NLD,True,True
ARG,NOR,True,True
ARG,POL,True,True
ARG,PRT,True,True
ARG,ROU,True,True
ARG,RUS,True,True
ARG,SRB,True,True
ARG,SVK,True,True
ARG,SVN,True,True
ARG,ESP,True,True
ARG,SWE,True,True
ARG,CHE,True,True
ARG,UKR,True,True
ARG,GBR,True,True
ARG,BHS,True,True
ARG,CAN,True,True
ARG,CRI,True,True
ARG,CUB,True,True
ARG,DOM,True,True
ARG,SLV,True,True
ARG,GTM,True,True
ARG,HTI,True,True
ARG,HND,True,True
ARG,JAM,True,True
ARG,MEX,True,True
ARG,NIC,True,True
ARG,PAN,True,True
ARG,USA,True,True
ARG,AUS,True,True
ARG,NZL,True,True
ARG,PNG,True,True
ARG,ARG,False,False
ARG,BOL,False,False
ARG,BRA,False,False
ARG,CHL,False,False
ARG,COL,True,True
ARG,ECU,True,True
ARG,PRY,False,False
ARG,PER,True,True
ARG,SUR,True,True
ARG,URY,False,False
ARG,VEN,True,True
BOL,DZA,True,True
BOL,AGO,True,True
BOL,BEN,True,True
BOL,BWA,True,True
BOL,BFA,True,True
BOL,BDI,True,True
BOL,CMR,True,True
BOL,CAF,True,True
BOL,TCD,True,True
BOL,COG,True,True
BOL,COD,True,True
BOL,CIV,True,True
BOL,DJI,True,True
BOL,EGY,True,True
BOL,GNQ,True,True
BOL,ERI,True,True
BOL,ETH,True,True
BOL,GAB,True,True
BOL,GHA,True,True
BOL,GIN,True,True
BOL,GNB,True,True
BOL,KEN,True,True
BOL,LSO,True,True
BOL,LBR,True,True
BOL,LBY,True,True
BOL,MDG,True,True
BOL,MWI,True,True
BOL,MLI,True,True
BOL,MRT,True,True
BOL,MAR,True,True
BOL,MOZ,True,True
BOL,NAM,True,True
BOL,NER,True,True
BOL,NGA,True,True
BOL,RWA,True,True
BOL,SEN,True,True
BOL,SLE,True,True
BOL,SOM,True,True
BOL,ZAF,True,True
BOL,SDN,True,True
BOL,SWZ,True,True
BOL,TZA,True,True
BOL,TGO,True,True
BOL,TUN,True,True
BOL,UGA,True,True
BOL,ZMB,True,True
BOL,ZWE,True,True
BOL,AFG,True,True
BOL,ARM,True,True
BOL,AZE,True,True
BOL,BGD,True,True
BOL,MMR,True,True
BOL,KHM,True,True
BOL,CHN,True,True
BOL,GEO,True,True
BOL,IND,True,True
BOL,IDN,True,True
BOL,IRN,True,True
BOL,IRQ,True,True
BOL,ISR,True,True
BOL,JPN,True,True
BOL,JOR,True,True
BOL,KAZ,True,True
BOL,LAO,True,True
BOL,LBN,True,True
BOL,MYS,True,True
BOL,MNG,True,True
BOL,NPL,True,True
BOL,OMN,True,True
BOL,PAK,True,True
BOL,PHL,True,True
BOL,QAT,True,True
BOL,SAU,True,True
BOL,KOR,True,True
BOL,LKA,True,True
BOL,SYR,True,True
BOL,TWN,True,True
BOL,TJK,True,True
BOL,THA,True,True
BOL,TUR,True,True
BOL,TKM,True,True
BOL,ARE,True,True
BOL,UZB,True,True
BOL,VNM,True,True
BOL,YEM,True,True
BOL,ALB,True,True
BOL,AUT,True,True
BOL,BLR,True,True
BOL,BEL,True,True
BOL,BIH,True,True
BOL,BGR,True,True
BOL,HRV,True,True
BOL,CYP,True,True
BOL,CZE,True,True
BOL,DNK,True,True
BOL,EST,True,True
BOL,FIN,True,True
BOL,FRA,True,True
BOL,DEU,True,True
BOL,GRC,True,True
BOL,HUN,True,True
BOL,ISL,True,True
BOL,IRL,True,True
BOL,ITA,True,True
BOL,LVA,True,True
BOL,LTU,True,True
BOL,MKD,True,True
BOL,MDA,True,True
BOL,MNE,True,True
BOL,NLD,True,True
BOL,NOR,True,True
BOL,POL,True,True
BOL,PRT,True,True
BOL,ROU,True,True
BOL,RUS,True,True
BOL,SRB,True,True
BOL,SVK,True,True
BOL,SVN,True,True
BOL,ESP,True,True
BOL,SWE,True,True
BOL,CHE,True,True
BOL,UKR,True,True
BOL,GBR,True,True
BOL,BHS,True,True
BOL,CAN,True,True
BOL,CRI,True,True
BOL,CUB,True,True
BOL,DOM,True,True
BOL,SLV,True,True
BOL,GTM,True,True
BOL,HTI,True,True
BOL,HND,True,True
BOL,JAM,True,True
BOL,MEX,True,True
BOL,NIC,True,True
BOL,PAN,True,True
BOL,USA,True,True
BOL,AUS,True,True
BOL,NZL,True,True
BOL,PNG,True,True
BOL,ARG,False,False
BOL,BOL,False,False
BOL,BRA,False,False
BOL,CHL,False,False
BOL,COL,True,True
BOL,ECU,True,True
BOL,PRY,False,False
BOL,PER,False,False
BOL,SUR,True,True
BOL,URY,True,True
BOL,VEN,True,True
BRA,DZA,True,True
BRA,AGO,True,True
BRA,BEN,True,True
BRA,BWA,True,True
BRA,BFA,True,True
BRA,BDI,True,True
BRA,CMR,True,True
BRA,CAF,True,True
BRA,TCD,True,True
BRA,COG,True,True
BRA,COD,True,True
BRA,CIV,True,True
BRA,DJI,True,True
BRA,EGY,True,True
BRA,GNQ,True,True
BRA,ERI,True,True
BRA,ETH,True,True
BRA,GAB,True,True
BRA,GHA,True,True
BRA,GIN,True,True
BRA,GNB,True,True
BRA,KEN,True,True
BRA,LSO,True,True
BRA,LBR,True,True
BRA,LBY,True,True
BRA,MDG,True,True
BRA,MWI,True,True
BRA,MLI,True,True
BRA,MRT,True,True
BRA,MAR,True,True
BRA,MOZ,True,True
BRA,NAM,True,True
BRA,NER,True,True
BRA,NGA,True,True
BRA,RWA,True,True
BRA,SEN,True,True
BRA,SLE,True,True
BRA,SOM,True,True
BRA,ZAF,True,True
BRA,SDN,True,True
BRA,SWZ,True,True
BRA,TZA,True,True
BRA,TGO,True,True
BRA,TUN,True,True
BRA,UGA,True,True
BRA,ZMB,True,True
BRA,ZWE,True,True
BRA,AFG,True,True
BRA,ARM,True,True
BRA,AZE,True,True
BRA,BGD,True,True
BRA,MMR,True,True
BRA,KHM,True,True
BRA,CHN,True,True
BRA,GEO,True,True
BRA,IND,True,True
BRA,IDN,True,True
BRA,IRN,True,True
BRA,IRQ,True,True
BRA,ISR,True,True
BRA,JPN,True,True
BRA,JOR,True,True
BRA,KAZ,True,True
BRA,LAO,True,True
BRA,LBN,True,True
BRA,MYS,True,True
BRA,MNG,True,True
BRA,NPL,True,True
BRA,OMN,True,True
BRA,PAK,True,True
BRA,PHL,True,True
BRA,QAT,True,True
BRA,SAU,True,True
BRA,KOR,True,True
BRA,LKA,True,True
BRA,SYR,True,True
BRA,TWN,True,True
BRA,TJK,True,True
BRA,THA,True,True
BRA,TUR,True,True
BRA,TKM,True,True
BRA,ARE,True,True
BRA,UZB,True,True
BRA,VNM,True,True
BRA,YEM,True,True
BRA,ALB,True,True
BRA,AUT,True,True
BRA,BLR,True,True
BRA,BEL,True,True
BRA,BIH,True,True
BRA,BGR,True,True
BRA,HRV,True,True
BRA,CYP,True,True
BRA,CZE,True,True
BRA,DNK,True,True
BRA,EST,True,True
BRA,FIN,True,True
BRA,FRA,True,True
BRA,DEU,True,True
BRA,GRC,True,True
BRA,HUN,True,True
BRA,ISL,True,True
BRA,IRL,True,True
BRA,ITA,True,True
BRA,LVA,True,True
BRA,LTU,True,True
BRA,MKD,True,True
BRA,MDA,True,True
BRA,MNE,True,True
BRA,NLD,True,True
BRA,NOR,True,True
BRA,POL,True,True
BRA,PRT,True,True
BRA,ROU,True,True
BRA,RUS,True,True
BRA,SRB,True,True
BRA,SVK,True,True
BRA,SVN,True,True
BRA,ESP,True,True
BRA,SWE,True,True
BRA,CHE,True,True
BRA,UKR,True,True
BRA,GBR,True,True
BRA,BHS,True,True
BRA,CAN,True,True
BRA,CRI,True,True
BRA,CUB,True,True
BRA,DOM,True,True
BRA,SLV,True,True
BRA,GTM,True,True
BRA,HTI,True,True
BRA,HND,True,True
BRA,JAM,True,True
BRA,MEX,True,True
BRA,NIC,True,True
BRA,PAN,True,True
BRA,USA,True,True
BRA,AUS,True,True
BRA,NZL,True,True
BRA,PNG,True,True
BRA,ARG,False,False
BRA,BOL,False,False
BRA,BRA,False,False
BRA,CHL,True,True
BRA,COL,False,False
BRA,ECU,True,False
BRA,PRY,False,False
BRA,PER,False,False
BRA,SUR,False,False
BRA,URY,False,False
BRA,VEN,False,False
CHL,DZA,True,True
CHL,AGO,True,True
CHL,BEN,True,True
CHL,BWA,True,True
CHL,BFA,True,True
CHL,BDI,True,True
CHL,CMR,True,True
CHL,CAF,True,True
CHL,TCD,True,True
CHL,COG,True,True
CHL,COD,True,True
CHL,CIV,True,True
CHL,DJI,True,True
CHL,EGY,True,True
CHL,GNQ,True,True
CHL,ERI,True,True
CHL,ETH,True,True
CHL,GAB,True,True
CHL,GHA,True,True
CHL,GIN,True,True
CHL,GNB,True,True
CHL,KEN,True,True
CHL,LSO,True,True
CHL,LBR,True,True
CHL,LBY,True,True
CHL,MDG,True,True
CHL,MWI,True,True
CHL,MLI,True,True
CHL,MRT,True,True
CHL,MAR,True,True
CHL,MOZ,True,True
CHL,NAM,True,True
CHL,NER,True,True
CHL,NGA,True,True
CHL,RWA,True,True
CHL,SEN,True,True
CHL,SLE,True,True
CHL,SOM,True,True
CHL,ZAF,True,True
CHL,SDN,True,True
CHL,SWZ,True,True
CHL,TZA,True,True
CHL,TGO,True,True
CHL,TUN,True,True
CHL,UGA,True,True
CHL,ZMB,True,True
CHL,ZWE,True,True
CHL,AFG,True,True
CHL,ARM,True,True
CHL,AZE,True,True
CHL,BGD,True,True
CHL,MMR,True,True
CHL,KHM,True,True
CHL,CHN,True,True
CHL,GEO,True,True
CHL,IND,True,True
CHL,IDN,True,True
CHL,IRN,True,True
CHL,IRQ,True,True
CHL,ISR,True,True
CHL,JPN,True,True
CHL,JOR,True,True
CHL,KAZ,True,True
CHL,LAO,True,True
CHL,LBN,True,True
CHL,MYS,True,True
CHL,MNG,True,True
CHL,NPL,True,True
CHL,OMN,True,True
CHL,PAK,True,True
CHL,PHL,True,True
CHL,QAT,True,True
CHL,SAU,True,True
CHL,KOR,True,True
CHL,LKA,True,True
CHL,SYR,True,True
CHL,TWN,True,True
CHL,TJK,True,True
CHL,THA,True,True
CHL,TUR,True,True
CHL,TKM,True,True
CHL,ARE,True,True
CHL,UZB,True,True
CHL,VNM,True,True
CHL,YEM,True,True
CHL,ALB,True,True
CHL,AUT,True,True
CHL,BLR,True,True
CHL,BEL,True,True
CHL,BIH,True,True
CHL,BGR,True,True
CHL,HRV,True,True
CHL,CYP,True,True
CHL,CZE,True,True
CHL,DNK,True,True
CHL,EST,True,True
CHL,FIN,True,True
CHL,FRA,True,True
CHL,DEU,True,True
CHL,GRC,True,True
CHL,HUN,True,True
CHL,ISL,True,True
CHL,IRL,True,True
CHL,ITA,True,True
CHL,LVA,True,True
CHL,LTU,True,True
CHL,MKD,True,True
CHL,MDA,True,True
CHL,MNE,True,True
CHL,NLD,True,True
CHL,NOR,True,True
CHL,POL,True,True
CHL,PRT,True,True
CHL,ROU,True,True
CHL,RUS,True,True
CHL,SRB,True,True
CHL,SVK,True,True
CHL,SVN,True,True
CHL,ESP,True,True
CHL,SWE,True,True
CHL,CHE,True,True
CHL,UKR,True,True
CHL,GBR,True,True
CHL,BHS,True,True
CHL,CAN,True,True
CHL,CRI,True,True
CHL,CUB,True,True
CHL,DOM,True,True
CHL,SLV,True,True
CHL,GTM,True,True
CHL,HTI,True,True
CHL,HND,True,True
CHL,JAM,True,True
CHL,MEX,True,True
CHL,NIC,True,True
CHL,PAN,True,True
CHL,USA,True,True
CHL,AUS,True,True
CHL,NZL,True,True
CHL,PNG,True,True
CHL,ARG,False,False
CHL,BOL,False,False
CHL,BRA,True,True
CHL,CHL,False,False
CHL,COL,True,True
CHL,ECU,True,True
CHL,PRY,True,False
CHL,PER,False,False
CHL,SUR,True,True
CHL,URY,True,True
CHL,VEN,True,True
COL,DZA,True,True
COL,AGO,True,True
COL,BEN,True,True
COL,BWA,True,True
COL,BFA,True,True
COL,BDI,True,True
COL,CMR,True,True
COL,CAF,True,True
COL,TCD,True,True
COL,COG,True,True
COL,COD,True,True
COL,CIV,True,True
COL,DJI,True,True
COL,EGY,True,True
COL,GNQ,True,True
COL,ERI,True,True
COL,ETH,True,True
COL,GAB,True,True
COL,GHA,True,True
COL,GIN,True,True
COL,GNB,True,True
COL,KEN,True,True
COL,LSO,True,True
COL,LBR,True,True
COL,LBY,True,True
COL,MDG,True,True
COL,MWI,True,True
COL,MLI,True,True
COL,MRT,True,True
COL,MAR,True,True
COL,MOZ,True,True
COL,NAM,True,True
COL,NER,True,True
COL,NGA,True,True
COL,RWA,True,True
COL,SEN,True,True
COL,SLE,True,True
COL,SOM,True,True
COL,ZAF,True,True
COL,SDN,True,True
COL,SWZ,True,True
COL,TZA,True,True
COL,TGO,True,True
COL,TUN,True,True
COL,UGA,True,True
COL,ZMB,True,True
COL,ZWE,True,True
COL,AFG,True,True
COL,ARM,True,True
COL,AZE,True,True
COL,BGD,True,True
COL,MMR,True,True
COL,KHM,True,True
COL,CHN,True,True
COL,GEO,True,True
COL,IND,True,True
COL,IDN,True,True
COL,IRN,True,True
COL,IRQ,True,True
COL,ISR,True,True
COL,JPN,True,True
COL,JOR,True,True
COL,KAZ,True,True
COL,LAO,True,True
COL,LBN,True,True
COL,MYS,True,True
COL,MNG,True,True
COL,NPL,True,True
COL,OMN,True,True
COL,PAK,True,True
COL,PHL,True,True
COL,QAT,True,True
COL,SAU,True,True
COL,KOR,True,True
COL,LKA,True,True
COL,SYR,True,True
COL,TWN,True,True
COL,TJK,True,True
COL,THA,True,True
COL,TUR,True,True
COL,TKM,True,True
COL,ARE,True,True
COL,UZB,True,True
COL,VNM,True,True
COL,YEM,True,True
COL,ALB,True,True
COL,AUT,True,True
COL,BLR,True,True
COL,BEL,True,True
COL,BIH,True,True
COL,BGR,True,True
COL,HRV,True,True
COL,CYP,True,True
COL,CZE,True,True
COL,DNK,True,True
COL,EST,True,True
COL,FIN,True,True
COL,FRA,True,True
COL,DEU,True,True
COL,GRC,True,True
COL,HUN,True,True
COL,ISL,True,True
COL,IRL,True,True
COL,ITA,True,True
COL,LVA,True,True
COL,LTU,True,True
COL,MKD,True,True
COL,MDA,True,True
COL,MNE,True,True
COL,NLD,True,True
COL,NOR,True,True
COL,POL,True,True
COL,PRT,True,True
COL,ROU,True,True
COL,RUS,True,True
COL,SRB,True,True
COL,SVK,True,True
COL,SVN,True,True
COL,ESP,True,True
COL,SWE,True,True
COL,CHE,True,True
COL,UKR,True,True
COL,GBR,True,True
COL,BHS,True,True
COL,CAN,True,True
COL,CRI,True,False
COL,CUB,True,False
COL,DOM,True,True
COL,SLV,True,True
COL,GTM,True,True
COL,HTI,True,False
COL,HND,True,False
COL,JAM,True,False
COL,MEX,True,True
COL,NIC,True,False
COL,PAN,False,False
COL,USA,True,True
COL,AUS,True,True
COL,NZL,True,True
COL,PNG,True,True
COL,ARG,True,True
COL,BOL,True,True
COL,BRA,False,False
COL,CHL,True,True
COL,COL,False,False
COL,ECU,False,False
COL,PRY,True,True
COL,PER,False,False
COL,SUR,True,True
COL,URY,True,True
COL,VEN,False,False
ECU,DZA,True,True
ECU,AGO,True,True
ECU,BEN,True,True
ECU,BWA,True,True
ECU,BFA,True,True
ECU,BDI,True,True
ECU,CMR,True,True
ECU,CAF,True,True
ECU,TCD,True,True
ECU,COG,True,True
ECU,COD,True,True
ECU,CIV,True,True
ECU,DJI,True,True
ECU,EGY,True,True
ECU,GNQ,True,True
ECU,ERI,True,True
ECU,ETH,True,True
ECU,GAB,True,True
ECU,GHA,True,True
ECU,GIN,True,True
ECU,GNB,True,True
ECU,KEN,True,True
ECU,LSO,True,True
ECU,LBR,True,True
ECU,LBY,True,True
ECU,MDG,True,True
ECU,MWI,True,True
ECU,MLI,True,True
ECU,MRT,True,True
ECU,MAR,True,True
ECU,MOZ,True,True
ECU,NAM,True,True
ECU,NER,True,True
ECU,NGA,True,True
ECU,RWA,True,True
ECU,SEN,True,True
ECU,SLE,True,True
ECU,SOM,True,True
ECU,ZAF,True,True
ECU,SDN,True,True
ECU,SWZ,True,True
ECU,TZA,True,True
ECU,TGO,True,True
ECU,TUN,True,True
ECU,UGA,True,True
ECU,ZMB,True,True
ECU,ZWE,True,True
ECU,AFG,True,True
ECU,ARM,True,True
ECU,AZE,True,True
ECU,BGD,True,True
ECU,MMR,True,True
ECU,KHM,True,True
ECU,CHN,True,True
ECU,GEO,True,True
ECU,IND,True,True
ECU,IDN,True,True
ECU,IRN,True,True
ECU,IRQ,True,True
ECU,ISR,True,True
ECU,JPN,True,True
ECU,JOR,True,True
ECU,KAZ,True,True
ECU,LAO,True,True
ECU,LBN,True,True
ECU,MYS,True,True
ECU,MNG,True,True
ECU,NPL,True,True
ECU,OMN,True,True
ECU,PAK,True,True
ECU,PHL,True,True
ECU,QAT,True,True
ECU,SAU,True,True
ECU,KOR,True,True
ECU,LKA,True,True
ECU,SYR,True,True
ECU,TWN,True,True
ECU,TJK,True,True
ECU,THA,True,True
ECU,TUR,True,True
ECU,TKM,True,True
ECU,ARE,True,True
ECU,UZB,True,True
ECU,VNM,True,True
ECU,YEM,True,True
ECU,ALB,True,True
ECU,AUT,True,True
ECU,BLR,True,True
ECU,BEL,True,True
ECU,BIH,True,True
ECU,BGR,True,True
ECU,HRV,True,True
ECU,CYP,True,True
ECU,CZE,True,True
ECU,DNK,True,True
ECU,EST,True,True
ECU,FIN,True,True
ECU,FRA,True,True
ECU,DEU,True,True
ECU,GRC,True,True
ECU,HUN,True,True
ECU,ISL,True,True
ECU,IRL,True,True
ECU,ITA,True,True
ECU,LVA,True,True
ECU,LTU,True,True
ECU,MKD,True,True
ECU,MDA,True,True
ECU,MNE,True,True
ECU,NLD,True,True
ECU,NOR,True,True
ECU,POL,True,True
ECU,PRT,True,True
ECU,ROU,True,True
ECU,RUS,True,True
ECU,SRB,True,True
ECU,SVK,True,True
ECU,SVN,True,True
ECU,ESP,True,True
ECU,SWE,True,True
ECU,CHE,True,True
ECU,UKR,True,True
ECU,GBR,True,True
ECU,BHS,True,True
ECU,CAN,True,True
ECU,CRI,True,True
ECU,CUB,True,True
ECU,DOM,True,True
ECU,SLV,True,True
ECU,GTM,True,True
ECU,HTI,True,True
ECU,HND,True,True
ECU,JAM,True,True
ECU,MEX,True,True
ECU,NIC,True,True
ECU,PAN,True,True
ECU,USA,True,True
ECU,AUS,True,True
ECU,NZL,True,True
ECU,PNG,True,True
ECU,ARG,True,True
ECU,BOL,True,True
ECU,BRA,True,False
ECU,CHL,True,True
ECU,COL,False,False
ECU,ECU,False,False
ECU,PRY,True,True
ECU,PER,False,False
ECU,SUR,True,True
ECU,URY,True,True
ECU,VEN,True,True
PRY,DZA,True,True
PRY,AGO,True,True
PRY,BEN,True,True
PRY,BWA,True,True
PRY,BFA,True,True
PRY,BDI,True,True
PRY,CMR,True,True
PRY,CAF,True,True
PRY,TCD,True,True
PRY,COG,True,True
PRY,COD,True,True
PRY,CIV,True,True
PRY,DJI,True,True
PRY,EGY,True,True
PRY,GNQ,True,True
PRY,ERI,True,True
PRY,ETH,True,True
PRY,GAB,True,True
PRY,GHA,True,True
PRY,GIN,True,True
PRY,GNB,True,True
PRY,KEN,True,True
PRY,LSO,True,True
PRY,LBR,True,True
PRY,LBY,True,True
PRY,MDG,True,True
PRY,MWI,True,True
PRY,MLI,True,True
PRY,MRT,True,True
PRY,MAR,True,True
PRY,MOZ,True,True
PRY,NAM,True,True
PRY,NER,True,True
PRY,NGA,True,True
PRY,RWA,True,True
PRY,SEN,True,True
PRY,SLE,True,True
PRY,SOM,True,True
PRY,ZAF,True,True
PRY,SDN,True,True
PRY,SWZ,True,True
PRY,TZA,True,True
PRY,TGO,True,True
PRY,TUN,True,True
PRY,UGA,True,True
PRY,ZMB,True,True
PRY,ZWE,True,True
PRY,AFG,True,True
PRY,ARM,True,True
PRY,AZE,True,True
PRY,BGD,True,True
PRY,MMR,True,True
PRY,KHM,True,True
PRY,CHN,True,True
PRY,GEO,True,True
PRY,IND,True,True
PRY,IDN,True,True
PRY,IRN,True,True
PRY,IRQ,True,True
PRY,ISR,True,True
PRY,JPN,True,True
PRY,JOR,True,True
PRY,KAZ,True,True
PRY,LAO,True,True
PRY,LBN,True,True
PRY,MYS,True,True
PRY,MNG,True,True
PRY,NPL,True,True
PRY,OMN,True,True
PRY,PAK,True,True
PRY,PHL,True,True
PRY,QAT,True,True
PRY,SAU,True,True
PRY,KOR,True,True
PRY,LKA,True,True
PRY,SYR,True,True
PRY,TWN,True,True
PRY,TJK,True,True
PRY,THA,True,True
PRY,TUR,True,True
PRY,TKM,True,True
PRY,ARE,True,True
PRY,UZB,True,True
PRY,VNM,True,True
PRY,YEM,True,True
PRY,ALB,True,True
PRY,AUT,True,True
PRY,BLR,True,True
PRY,BEL,True,True
PRY,BIH,True,True
PRY,BGR,True,True
PRY,HRV,True,True
PRY,CYP,True,True
PRY,CZE,True,True
PRY,DNK,True,True
PRY,EST,True,True
PRY,FIN,True,True
PRY,FRA,True,True
PRY,DEU,True,True
PRY,GRC,True,True
PRY,HUN,True,True
PRY,ISL,True,True
PRY,IRL,True,True
PRY,ITA,True,True
PRY,LVA,True,True
PRY,LTU,True,True
PRY,MKD,True,True
PRY,MDA,True,True
PRY,MNE,True,True
PRY,NLD,True,True
PRY,NOR,True,True
PRY,POL,True,True
PRY,PRT,True,True
PRY,ROU,True,True
PRY,RUS,True,True
PRY,SRB,True,True
PRY,SVK,True,True
PRY,SVN,True,True
PRY,ESP,True,True
PRY,SWE,True,True
PRY,CHE,True,True
PRY,UKR,True,True
PRY,GBR,True,True
PRY,BHS,True,True
PRY,CAN,True,True
PRY,CRI,True,True
PRY,CUB,True,True
PRY,DOM,True,True
PRY,SLV,True,True
PRY,GTM,True,True
PRY,HTI,True,True
PRY,HND,True,True
PRY,JAM,True,True
PRY,MEX,True,True
PRY,NIC,True,True
PRY,PAN,True,True
PRY,USA,True,True
PRY,AUS,True,True
PRY,NZL,True,True
PRY,PNG,True,True
PRY,ARG,False,False
PRY,BOL,False,False
PRY,BRA,False,False
PRY,CHL,True,False
PRY,COL,True,True
PRY,ECU,True,True
PRY,PRY,False,False
PRY,PER,True,True
PRY,SUR,True,True
PRY,URY,False,False
PRY,VEN,True,True
PER,DZA,True,True
PER,AGO,True,True
PER,BEN,True,True
PER,BWA,True,True
PER,BFA,True,True
PER,BDI,True,True
PER,CMR,True,True
PER,CAF,True,True
PER,TCD,True,True
PER,COG,True,True
PER,COD,True,True
PER,CIV,True,True
PER,DJI,True,True
PER,EGY,True,True
PER,GNQ,True,True
PER,ERI,True,True
PER,ETH,True,True
PER,GAB,True,True
PER,GHA,True,True
PER,GIN,True,True
PER,GNB,True,True
PER,KEN,True,True
PER,LSO,True,True
PER,LBR,True,True
PER,LBY,True,True
PER,MDG,True,True
PER,MWI,True,True
PER,MLI,True,True
PER,MRT,True,True
PER,MAR,True,True
PER,MOZ,True,True
PER,NAM,True,True
PER,NER,True,True
PER,NGA,True,True
PER,RWA,True,True
PER,SEN,True,True
PER,SLE,True,True
PER,SOM,True,True
PER,ZAF,True,True
PER,SDN,True,True
PER,SWZ,True,True
PER,TZA,True,True
PER,TGO,True,True
PER,TUN,True,True
PER,UGA,True,True
PER,ZMB,True,True
PER,ZWE,True,True
PER,AFG,True,True
PER,ARM,True,True
PER,AZE,True,True
PER,BGD,True,True
PER,MMR,True,True
PER,KHM,True,True
PER,CHN,True,True
PER,GEO,True,True
PER,IND,True,True
PER,IDN,True,True
PER,IRN,True,True
PER,IRQ,True,True
PER,ISR,True,True
PER,JPN,True,True
PER,JOR,True,True
PER,KAZ,True,True
PER,LAO,True,True
PER,LBN,True,True
PER,MYS,True,True
PER,MNG,True,True
PER,NPL,True,True
PER,OMN,True,True
PER,PAK,True,True
PER,PHL,True,True
PER,QAT,True,True
PER,SAU,True,True
PER,KOR,True,True
PER,LKA,True,True
PER,SYR,True,True
PER,TWN,True,True
PER,TJK,True,True
PER,THA,True,True
PER,TUR,True,True
PER,TKM,True,True
PER,ARE,True,True
PER,UZB,True,True
PER,VNM,True,True
PER,YEM,True,True
PER,ALB,True,True
PER,AUT,True,True
PER,BLR,True,True
PER,BEL,True,True
PER,BIH,True,True
PER,BGR,True,True
PER,HRV,True,True
PER,CYP,True,True
PER,CZE,True,True
PER,DNK,True,True
PER,EST,True,True
PER,FIN,True,True
PER,FRA,True,True
PER,DEU,True,True
PER,GRC,True,True
PER,HUN,True,True
PER,ISL,True,True
PER,IRL,True,True
PER,ITA,True,True
PER,LVA,True,True
PER,LTU,True,True
PER,MKD,True,True
PER,MDA,True,True
PER,MNE,True,True
PER,NLD,True,True
PER,NOR,True,True
PER,POL,True,True
PER,PRT,True,True
PER,ROU,True,True
PER,RUS,True,True
PER,SRB,True,True
PER,SVK,True,True
PER,SVN,True,True
PER,ESP,True,True
PER,SWE,True,True
PER,CHE,True,True
PER,UKR,True,True
PER,GBR,True,True
PER,BHS,True,True
PER,CAN,True,True
PER,CRI,True,True
PER,CUB,True,True
PER,DOM,True,True
PER,SLV,True,True
PER,GTM,True,True
PER,HTI,True,True
PER,HND,True,True
PER,JAM,True,True
PER,MEX,True,True
PER,NIC,True,True
PER,PAN,True,True
PER,USA,True,True
PER,AUS,True,True
PER,NZL,True,True
PER,PNG,True,True
PER,ARG,True,True
PER,BOL,False,False
PER,BRA,False,False
PER,CHL,False,False
PER,COL,False,False
PER,ECU,False,False
PER,PRY,True,True
PER,PER,False,False
PER,SUR,True,True
PER,URY,True,True
PER,VEN,True,True
SUR,DZA,True,True
SUR,AGO,True,True
SUR,BEN,True,True
SUR,BWA,True,True
SUR,BFA,True,True
SUR,BDI,True,True
SUR,CMR,True,True
SUR,CAF,True,True
SUR,TCD,True,True
SUR,COG,True,True
SUR,COD,True,True
SUR,CIV,True,True
SUR,DJI,True,True
SUR,EGY,True,True
SUR,GNQ,True,True
SUR,ERI,True,True
SUR,ETH,True,True
SUR,GAB,True,True
SUR,GHA,True,True
SUR,GIN,True,True
SUR,GNB,True,True
SUR,KEN,True,True
SUR,LSO,True,True
SUR,LBR,True,True
SUR,LBY,True,True
SUR,MDG,True,True
SUR,MWI,True,True
SUR,MLI,True,True
SUR,MRT,True,True
SUR,MAR,True,True
SUR,MOZ,True,True
SUR,NAM,True,True
SUR,NER,True,True
SUR,NGA,True,True
SUR,RWA,True,True
SUR,SEN,True,True
SUR,SLE,True,True
SUR,SOM,True,True
SUR,ZAF,True,True
SUR,SDN,True,True
SUR,SWZ,True,True
SUR,TZA,True,True
SUR,TGO,True,True
SUR,TUN,True,True
SUR,UGA,True,True
SUR,ZMB,True,True
SUR,ZWE,True,True
SUR,AFG,True,True
SUR,ARM,True,True
SUR,AZE,True,True
SUR,BGD,True,True
SUR,MMR,True,True
SUR,KHM,True,True
SUR,CHN,True,True
SUR,GEO,True,True
SUR,IND,True,True
SUR,IDN,True,True
SUR,IRN,True,True
SUR,IRQ,True,True
SUR,ISR,True,True
SUR,JPN,True,True
SUR,JOR,True,True
SUR,KAZ,True,True
SUR,LAO,True,True
SUR,LBN,True,True
SUR,MYS,True,True
SUR,MNG,True,True
SUR,NPL,True,True
SUR,OMN,True,True
SUR,PAK,True,True
SUR,PHL,True,True
SUR,QAT,True,True
SUR,SAU,True,True
SUR,KOR,True,True
SUR,LKA,True,True
SUR,SYR,True,True
SUR,TWN,True,True
SUR,TJK,True,True
SUR,THA,True,True
SUR,TUR,True,True
SUR,TKM,True,True
SUR,ARE,True,True
SUR,UZB,True,True
SUR,VNM,True,True
SUR,YEM,True,True
SUR,ALB,True,True
SUR,AUT,True,True
SUR,BLR,True,True
SUR,BEL,True,True
SUR,BIH,True,True
SUR,BGR,True,True
SUR,HRV,True,True
SUR,CYP,True,True
SUR,CZE,True,True
SUR,DNK,True,True
SUR,EST,True,True
SUR,FIN,True,True
SUR,FRA,True,True
SUR,DEU,True,True
SUR,GRC,True,True
SUR,HUN,True,True
SUR,ISL,True,True
SUR,IRL,True,True
SUR,ITA,True,True
SUR,LVA,True,True
SUR,LTU,True,True
SUR,MKD,True,True
SUR,MDA,True,True
SUR,MNE,True,True
SUR,NLD,True,True
SUR,NOR,True,True
SUR,POL,True,True
SUR,PRT,True,True
SUR,ROU,True,True
SUR,RUS,True,True
SUR,SRB,True,True
SUR,SVK,True,True
SUR,SVN,True,True
SUR,ESP,True,True
SUR,SWE,True,True
SUR,CHE,True,True
SUR,UKR,True,True
SUR,GBR,True,True
SUR,BHS,True,True
SUR,CAN,True,True
SUR,CRI,True,True
SUR,CUB,True,True
SUR,DOM,True,True
SUR,SLV,True,True
SUR,GTM,True,True
SUR,HTI,True,True
SUR,HND,True,True
SUR,JAM,True,True
SUR,MEX,True,True
SUR,NIC,True,True
SUR,PAN,True,True
SUR,USA,True,True
SUR,AUS,True,True
SUR,NZL,True,True
SUR,PNG,True,True
SUR,ARG,True,True
SUR,BOL,True,True
SUR,BRA,False,False
SUR,CHL,True,True
SUR,COL,True,True
SUR,ECU,True,True
SUR,PRY,True,True
SUR,PER,True,True
SUR,SUR,False,False
SUR,URY,True,True
SUR,VEN,False,False
URY,DZA,True,True
URY,AGO,True,True
URY,BEN,True,True
URY,BWA,True,True
URY,BFA,True,True
URY,BDI,True,True
URY,CMR,True,True
URY,CAF,True,True
URY,TCD,True,True
URY,COG,True,True
URY,COD,True,True
URY,CIV,True,True
URY,DJI,True,True
URY,EGY,True,True
URY,GNQ,True,True
URY,ERI,True,True
URY,ETH,True,True
URY,GAB,True,True
URY,GHA,True,True
URY,GIN,True,True
URY,GNB,True,True
URY,KEN,True,True
URY,LSO,True,True
URY,LBR,True,True
URY,LBY,True,True
URY,MDG,True,True
URY,MWI,True,True
URY,MLI,True,True
URY,MRT,True,True
URY,MAR,True,True
URY,MOZ,True,True
URY,NAM,True,True
URY,NER,True,True
URY,NGA,True,True
URY,RWA,True,True
URY,SEN,True,True
URY,SLE,True,True
URY,SOM,True,True
URY,ZAF,True,True
URY,SDN,True,True
URY,SWZ,True,True
URY,TZA,True,True
URY,TGO,True,True
URY,TUN,True,True
URY,UGA,True,True
URY,ZMB,True,True
URY,ZWE,True,True
URY,AFG,True,True
URY,ARM,True,True
URY,AZE,True,True
URY,BGD,True,True
URY,MMR,True,True
URY,KHM,True,True
URY,CHN,True,True
URY,GEO,True,True
URY,IND,True,True
URY,IDN,True,True
URY,IRN,True,True
URY,IRQ,True,True
URY,ISR,True,True
URY,JPN,True,True
URY,JOR,True,True
URY,KAZ,True,True
URY,LAO,True,True
URY,LBN,True,True
URY,MYS,True,True
URY,MNG,True,True
URY,NPL,True,True
URY,OMN,True,True
URY,PAK,True,True
URY,PHL,True,True
URY,QAT,True,True
URY,SAU,True,True
URY,KOR,True,True
URY,LKA,True,True
URY,SYR,True,True
URY,TWN,True,True
URY,TJK,True,True
URY,THA,True,True
URY,TUR,True,True
URY,TKM,True,True
URY,ARE,True,True
URY,UZB,True,True
URY,VNM,True,True
URY,YEM,True,True
URY,ALB,True,True
URY,AUT,True,True
URY,BLR,True,True
URY,BEL,True,True
URY,BIH,True,True
URY,BGR,True,True
URY,HRV,True,True
URY,CYP,True,True
URY,CZE,True,True
URY,DNK,True,True
URY,EST,True,True
URY,FIN,True,True
URY,FRA,True,True
URY,DEU,True,True
URY,GRC,True,True
URY,HUN,True,True
URY,ISL,True,True
URY,IRL,True,True
URY,ITA,True,True
URY,LVA,True,True
URY,LTU,True,True
URY,MKD,True,True
URY,MDA,True,True
URY,MNE,True,True
URY,NLD,True,True
URY,NOR,True,True
URY,POL,True,True
URY,PRT,True,True
URY,ROU,True,True
URY,RUS,True,True
URY,SRB,True,True
URY,SVK,True,True
URY,SVN,True,True
URY,ESP,True,True
URY,SWE,True,True
URY,CHE,True,True
URY,UKR,True,True
URY,GBR,True,True
URY,BHS,True,True
URY,CAN,True,True
URY,CRI,True,True
URY,CUB,True,True
URY,DOM,True,True
URY,SLV,True,True
URY,GTM,True,True
URY,HTI,True,True
URY,HND,True,True
URY,JAM,True,True
URY,MEX,True,True
URY,NIC,True,True
URY,PAN,True,True
URY,USA,True,True
URY,AUS,True,True
URY,NZL,True,True
URY,PNG,True,True
URY,ARG,False,False
URY,BOL,True,True
URY,BRA,False,False
URY,CHL,True,True
URY,COL,True,True
URY,ECU,True,True
URY,PRY,False,False
URY,PER,True,True
URY,SUR,True,True
URY,URY,False,False
URY,VEN,True,True
VEN,DZA,True,True
VEN,AGO,True,True
VEN,BEN,True,True
VEN,BWA,True,True
VEN,BFA,True,True
VEN,BDI,True,True
VEN,CMR,True,True
VEN,CAF,True,True
VEN,TCD,True,True
VEN,COG,True,True
VEN,COD,True,True
VEN,CIV,True,True
VEN,DJI,True,True
VEN,EGY,True,True
VEN,GNQ,True,True
VEN,ERI,True,True
VEN,ETH,True,True
VEN,GAB,True,True
VEN,GHA,True,True
VEN,GIN,True,True
VEN,GNB,True,True
VEN,KEN,True,True
VEN,LSO,True,True
VEN,LBR,True,True
VEN,LBY,True,True
VEN,MDG,True,True
VEN,MWI,True,True
VEN,MLI,True,True
VEN,MRT,True,True
VEN,MAR,True,True
VEN,MOZ,True,True
VEN,NAM,True,True
VEN,NER,True,True
VEN,NGA,True,True
VEN,RWA,True,True
VEN,SEN,True,True
VEN,SLE,True,True
VEN,SOM,True,True
VEN,ZAF,True,True
VEN,SDN,True,True
VEN,SWZ,True,True
VEN,TZA,True,True
VEN,TGO,True,True
VEN,TUN,True,True
VEN,UGA,True,True
VEN,ZMB,True,True
VEN,ZWE,True,True
VEN,AFG,True,True
VEN,ARM,True,True
VEN,AZE,True,True
VEN,BGD,True,True
VEN,MMR,True,True
VEN,KHM,True,True
VEN,CHN,True,True
VEN,GEO,True,True
VEN,IND,True,True
VEN,IDN,True,True
VEN,IRN,True,True
VEN,IRQ,True,True
VEN,ISR,True,True
VEN,JPN,True,True
VEN,JOR,True,True
VEN,KAZ,True,True
VEN,LAO,True,True
VEN,LBN,True,True
VEN,MYS,True,True
VEN,MNG,True,True
VEN,NPL,True,True
VEN,OMN,True,True
VEN,PAK,True,True
VEN,PHL,True,True
VEN,QAT,True,True
VEN,SAU,True,True
VEN,KOR,True,True
VEN,LKA,True,True
VEN,SYR,True,True
VEN,TWN,True,True
VEN,TJK,True,True
VEN,THA,True,True
VEN,TUR,True,True
VEN,TKM,True,True
VEN,ARE,True,True
VEN,UZB,True,True
VEN,VNM,True,True
VEN,YEM,True,True
VEN,ALB,True,True
VEN,AUT,True,True
VEN,BLR,True,True
VEN,BEL,True,True
VEN,BIH,True,True
VEN,BGR,True,True
VEN,HRV,True,True
VEN,CYP,True,True
VEN,CZE,True,True
VEN,DNK,True,True
VEN,EST,True,True
VEN,FIN,True,True
VEN,FRA,True,True
VEN,DEU,True,True
VEN,GRC,True,True
VEN,HUN,True,True
VEN,ISL,True,True
VEN,IRL,True,True
VEN,ITA,True,True
VEN,LVA,True,True
VEN,LTU,True,True
VEN,MKD,True,True
VEN,MDA,True,True
VEN,MNE,True,True
VEN,NLD,True,True
VEN,NOR,True,True
VEN,POL,True,True
VEN,PRT,True,True
VEN,ROU,True,True
VEN,RUS,True,True
VEN,SRB,True,True
VEN,SVK,True,True
VEN,SVN,True,True
VEN,ESP,True,True
VEN,SWE,True,True
VEN,CHE,True,True
VEN,UKR,True,True
VEN,GBR,True,True
VEN,BHS,True,True
VEN,CAN,True,True
VEN,CRI,True,True
VEN,CUB,True,True
VEN,DOM,True,True
VEN,SLV,True,True
VEN,GTM,True,True
VEN,HTI,True,True
VEN,HND,True,True
VEN,JAM,True,True
VEN,MEX,True,True
VEN,NIC,True,True
VEN,PAN,True,False
VEN,USA,True,True
VEN,AUS,True,True
VEN,NZL,True,True
VEN,PNG,True,True
VEN,ARG,True,True
VEN,BOL,True,True
VEN,BRA,False,False
VEN,CHL,True,True
VEN,COL,False,False
VEN,ECU,True,True
VEN,PRY,True,True
VEN,PER,True,True
VEN,SUR,False,False
VEN,URY,True,True
VEN,VEN,False,False
