representation,model,iso3,column,group,value
primary_total_co2,M0star,DZA,intercept,intercept,1.0
primary_total_co2,M0star,AGO,intercept,intercept,1.0
primary_total_co2,M0star,BEN,intercept,intercept,1.0
primary_total_co2,M0star,BWA,intercept,intercept,1.0
primary_total_co2,M0star,BFA,intercept,intercept,1.0
primary_total_co2,M0star,BDI,intercept,intercept,1.0
primary_total_co2,M0star,CMR,intercept,intercept,1.0
primary_total_co2,M0star,CAF,intercept,intercept,1.0
primary_total_co2,M0star,TCD,intercept,intercept,1.0
primary_total_co2,M0star,COG,intercept,intercept,1.0
primary_total_co2,M0star,COD,intercept,intercept,1.0
primary_total_co2,M0star,CIV,intercept,intercept,1.0
primary_total_co2,M0star,DJI,intercept,intercept,1.0
primary_total_co2,M0star,EGY,intercept,intercept,1.0
primary_total_co2,M0star,GNQ,intercept,intercept,1.0
primary_total_co2,M0star,ERI,intercept,intercept,1.0
primary_total_co2,M0star,ETH,intercept,intercept,1.0
primary_total_co2,M0star,GAB,intercept,intercept,1.0
primary_total_co2,M0star,GHA,intercept,intercept,1.0
primary_total_co2,M0star,GIN,intercept,intercept,1.0
primary_total_co2,M0star,GNB,intercept,intercept,1.0
primary_total_co2,M0star,KEN,intercept,intercept,1.0
primary_total_co2,M0star,LSO,intercept,intercept,1.0
primary_total_co2,M0star,LBR,intercept,intercept,1.0
primary_total_co2,M0star,LBY,intercept,intercept,1.0
primary_total_co2,M0star,MDG,intercept,intercept,1.0
primary_total_co2,M0star,MWI,intercept,intercept,1.0
primary_total_co2,M0star,MLI,intercept,intercept,1.0
primary_total_co2,M0star,MRT,intercept,intercept,1.0
primary_total_co2,M0star,MAR,intercept,intercept,1.0
primary_total_co2,M0star,MOZ,intercept,intercept,1.0
primary_total_co2,M0star,NAM,intercept,intercept,1.0
primary_total_co2,M0star,NER,intercept,intercept,1.0
primary_total_co2,M0star,NGA,intercept,intercept,1.0
primary_total_co2,M0star,RWA,intercept,intercept,1.0
primary_total_co2,M0star,SEN,intercept,intercept,1.0
primary_total_co2,M0star,SLE,intercept,intercept,1.0
primary_total_co2,M0star,SOM,intercept,intercept,1.0
primary_total_co2,M0star,ZAF,intercept,intercept,1.0
primary_total_co2,M0star,SDN,intercept,intercept,1.0
primary_total_co2,M0star,SWZ,intercept,intercept,1.0
primary_total_co2,M0star,TZA,intercept,intercept,1.0
primary_total_co2,M0star,TGO,intercept,intercept,1.0
primary_total_co2,M0star,TUN,intercept,intercept,1.0
primary_total_co2,M0star,UGA,intercept,intercept,1.0
primary_total_co2,M0star,ZMB,intercept,intercept,1.0
primary_total_co2,M0star,ZWE,intercept,intercept,1.0
primary_total_co2,M0star,AFG,intercept,intercept,1.0
primary_total_co2,M0star,ARM,intercept,intercept,1.0
primary_total_co2,M0star,AZE,intercept,intercept,1.0
primary_total_co2,M0star,BGD,intercept,intercept,1.0
primary_total_co2,M0star,MMR,intercept,intercept,1.0
primary_total_co2,M0star,KHM,intercept,intercept,1.0
primary_total_co2,M0star,CHN,intercept,intercept,1.0
primary_total_co2,M0star,GEO,intercept,intercept,1.0
primary_total_co2,M0star,IND,intercept,intercept,1.0
primary_total_co2,M0star,IDN,intercept,intercept,1.0
primary_total_co2,M0star,IRN,intercept,intercept,1.0
primary_total_co2,M0star,IRQ,intercept,intercept,1.0
primary_total_co2,M0star,ISR,intercept,intercept,1.0
primary_total_co2,M0star,JPN,intercept,intercept,1.0
primary_total_co2,M0star,JOR,intercept,intercept,1.0
primary_total_co2,M0star,KAZ,intercept,intercept,1.0
primary_total_co2,M0star,LAO,intercept,intercept,1.0
primary_total_co2,M0star,LBN,intercept,intercept,1.0
primary_total_co2,M0star,MYS,intercept,intercept,1.0
primary_total_co2,M0star,MNG,intercept,intercept,1.0
primary_total_co2,M0star,NPL,intercept,intercept,1.0
primary_total_co2,M0star,OMN,intercept,intercept,1.0
primary_total_co2,M0star,PAK,intercept,intercept,1.0
primary_total_co2,M0star,PHL,intercept,intercept,1.0
primary_total_co2,M0star,QAT,intercept,intercept,1.0
primary_total_co2,M0star,SAU,intercept,intercept,1.0
primary_total_co2,M0star,KOR,intercept,intercept,1.0
primary_total_co2,M0star,LKA,intercept,intercept,1.0
primary_total_co2,M0star,SYR,intercept,intercept,1.0
primary_total_co2,M0star,TWN,intercept,intercept,1.0
primary_total_co2,M0star,TJK,intercept,intercept,1.0
primary_total_co2,M0star,THA,intercept,intercept,1.0
primary_total_co2,M0star,TUR,intercept,intercept,1.0
primary_total_co2,M0star,TKM,intercept,intercept,1.0
primary_total_co2,M0star,ARE,intercept,intercept,1.0
primary_total_co2,M0star,UZB,intercept,intercept,1.0
primary_total_co2,M0star,VNM,intercept,intercept,1.0
primary_total_co2,M0star,YEM,intercept,intercept,1.0
primary_total_co2,M0star,ALB,intercept,intercept,1.0
primary_total_co2,M0star,AUT,intercept,intercept,1.0
primary_total_co2,M0star,BLR,intercept,intercept,1.0
primary_total_co2,M0star,BEL,intercept,intercept,1.0
primary_total_co2,M0star,BIH,intercept,intercept,1.0
primary_total_co2,M0star,BGR,intercept,intercept,1.0
primary_total_co2,M0star,HRV,intercept,intercept,1.0
primary_total_co2,M0star,CYP,intercept,intercept,1.0
primary_total_co2,M0star,CZE,intercept,intercept,1.0
primary_total_co2,M0star,DNK,intercept,intercept,1.0
primary_total_co2,M0star,EST,intercept,intercept,1.0
primary_total_co2,M0star,FIN,intercept,intercept,1.0
primary_total_co2,M0star,FRA,intercept,intercept,1.0
primary_total_co2,M0star,DEU,intercept,intercept,1.0
primary_total_co2,M0star,GRC,intercept,intercept,1.0
primary_total_co2,M0star,HUN,intercept,intercept,1.0
primary_total_co2,M0star,ISL,intercept,intercept,1.0
primary_total_co2,M0star,IRL,intercept,intercept,1.0
primary_total_co2,M0star,ITA,intercept,intercept,1.0
primary_total_co2,M0star,LVA,intercept,intercept,1.0
primary_total_co2,M0star,LTU,intercept,intercept,1.0
primary_total_co2,M0star,MKD,intercept,intercept,1.0
primary_total_co2,M0star,MDA,intercept,intercept,1.0
primary_total_co2,M0star,MNE,intercept,intercept,1.0
primary_total_co2,M0star,NLD,intercept,intercept,1.0
primary_total_co2,M0star,NOR,intercept,intercept,1.0
primary_total_co2,M0star,POL,intercept,intercept,1.0
primary_total_co2,M0star,PRT,intercept,intercept,1.0
primary_total_co2,M0star,ROU,intercept,intercept,1.0
primary_total_co2,M0star,RUS,intercept,intercept,1.0
primary_total_co2,M0star,SRB,intercept,intercept,1.0
primary_total_co2,M0star,SVK,intercept,intercept,1.0
primary_total_co2,M0star,SVN,intercept,intercept,1.0
primary_total_co2,M0star,ESP,intercept,intercept,1.0
primary_total_co2,M0star,SWE,intercept,intercept,1.0
primary_total_co2,M0star,CHE,intercept,intercept,1.0
primary_total_co2,M0star,UKR,intercept,intercept,1.0
primary_total_co2,M0star,GBR,intercept,intercept,1.0
primary_total_co2,M0star,BHS,intercept,intercept,1.0
primary_total_co2,M0star,CAN,intercept,intercept,1.0
primary_total_co2,M0star,CRI,intercept,intercept,1.0
primary_total_co2,M0star,CUB,intercept,intercept,1.0
primary_total_co2,M0star,DOM,intercept,intercept,1.0
primary_total_co2,M0star,SLV,intercept,intercept,1.0
primary_total_co2,M0star,GTM,intercept,intercept,1.0
primary_total_co2,M0star,HTI,intercept,intercept,1.0
primary_total_co2,M0star,HND,intercept,intercept,1.0
primary_total_co2,M0star,JAM,intercept,intercept,1.0
primary_total_co2,M0star,MEX,intercept,intercept,1.0
primary_total_co2,M0star,NIC,intercept,intercept,1.0
primary_total_co2,M0star,PAN,intercept,intercept,1.0
primary_total_co2,M0star,USA,intercept,intercept,1.0
primary_total_co2,M0star,AUS,intercept,intercept,1.0
primary_total_co2,M0star,NZL,intercept,intercept,1.0
primary_total_co2,M0star,PNG,intercept,intercept,1.0
primary_total_co2,M0star,ARG,intercept,intercept,1.0
primary_total_co2,M0star,BOL,intercept,intercept,1.0
primary_total_co2,M0star,BRA,intercept,intercept,1.0
primary_total_co2,M0star,CHL,intercept,intercept,1.0
primary_total_co2,M0star,COL,intercept,intercept,1.0
primary_total_co2,M0star,ECU,intercept,intercept,1.0
primary_total_co2,M0star,PRY,intercept,intercept,1.0
primary_total_co2,M0star,PER,intercept,intercept,1.0
primary_total_co2,M0star,SUR,intercept,intercept,1.0
primary_total_co2,M0star,URY,intercept,intercept,1.0
primary_total_co2,M0star,VEN,intercept,intercept,1.0
primary_total_co2,M0star,DZA,cum_co2_total,emissions,3.54855671520855
primary_total_co2,M0star,AGO,cum_co2_total,emissions,2.6907018714035313
primary_total_co2,M0star,BEN,cum_co2_total,emissions,1.8264182132733642
primary_total_co2,M0star,BWA,cum_co2_total,emissions,2.0356218259759236
primary_total_co2,M0star,BFA,cum_co2_total,emissions,1.5845799676666654
primary_total_co2,M0star,BDI,cum_co2_total,emissions,0.9776321652459995
primary_total_co2,M0star,CMR,cum_co2_total,emissions,2.307607271514734
primary_total_co2,M0star,CAF,cum_co2_total,emissions,0.9566965648946508
primary_total_co2,M0star,TCD,cum_co2_total,emissions,1.3783070348568127
primary_total_co2,M0star,COG,cum_co2_total,emissions,2.056294887076228
primary_total_co2,M0star,COD,cum_co2_total,emissions,2.2801593518115966
primary_total_co2,M0star,CIV,cum_co2_total,emissions,2.4275607571873796
primary_total_co2,M0star,DJI,cum_co2_total,emissions,1.1944865905497057
primary_total_co2,M0star,EGY,cum_co2_total,emissions,3.678648920904521
primary_total_co2,M0star,GNQ,cum_co2_total,emissions,1.9391896628066057
primary_total_co2,M0star,ERI,cum_co2_total,emissions,1.0825340528727136
primary_total_co2,M0star,ETH,cum_co2_total,emissions,2.1956091035167655
primary_total_co2,M0star,GAB,cum_co2_total,emissions,2.3903698034350125
primary_total_co2,M0star,GHA,cum_co2_total,emissions,2.3786504088367857
primary_total_co2,M0star,GIN,cum_co2_total,emissions,1.8144806667210172
primary_total_co2,M0star,GNB,cum_co2_total,emissions,0.7416242575038121
primary_total_co2,M0star,KEN,cum_co2_total,emissions,2.5461945949323432
primary_total_co2,M0star,LSO,cum_co2_total,emissions,1.6691308473733326
primary_total_co2,M0star,LBR,cum_co2_total,emissions,1.6446453471398719
primary_total_co2,M0star,LBY,cum_co2_total,emissions,3.25980715157785
primary_total_co2,M0star,MDG,cum_co2_total,emissions,1.8483677262157812
primary_total_co2,M0star,MWI,cum_co2_total,emissions,1.6091246477062942
primary_total_co2,M0star,MLI,cum_co2_total,emissions,1.5949226627169901
primary_total_co2,M0star,MRT,cum_co2_total,emissions,1.734127472631969
primary_total_co2,M0star,MAR,cum_co2_total,emissions,3.116196164571735
primary_total_co2,M0star,MOZ,cum_co2_total,emissions,2.0994907252143977
primary_total_co2,M0star,NAM,cum_co2_total,emissions,1.6883753223375348
primary_total_co2,M0star,NER,cum_co2_total,emissions,1.5213734807610282
primary_total_co2,M0star,NGA,cum_co2_total,emissions,3.5241928844625754
primary_total_co2,M0star,RWA,cum_co2_total,emissions,1.3317915866149979
primary_total_co2,M0star,SEN,cum_co2_total,emissions,2.234954900632999
primary_total_co2,M0star,SLE,cum_co2_total,emissions,1.46372879165109
primary_total_co2,M0star,SOM,cum_co2_total,emissions,1.4755259150392808
primary_total_co2,M0star,ZAF,cum_co2_total,emissions,4.252521117751636
primary_total_co2,M0star,SDN,cum_co2_total,emissions,2.4983932686707004
primary_total_co2,M0star,SWZ,cum_co2_total,emissions,1.5290837045027095
primary_total_co2,M0star,TZA,cum_co2_total,emissions,2.2303032805755483
primary_total_co2,M0star,TGO,cum_co2_total,emissions,1.7093293331159785
primary_total_co2,M0star,TUN,cum_co2_total,emissions,2.860352382977959
primary_total_co2,M0star,UGA,cum_co2_total,emissions,1.849603658082447
primary_total_co2,M0star,ZMB,cum_co2_total,emissions,2.311622493590024
primary_total_co2,M0star,ZWE,cum_co2_total,emissions,2.8506235704226546
primary_total_co2,M0star,AFG,cum_co2_total,emissions,2.125627632431824
primary_total_co2,M0star,ARM,cum_co2_total,emissions,2.5264194076693554
primary_total_co2,M0star,AZE,cum_co2_total,emissions,3.347929220926045
primary_total_co2,M0star,BGD,cum_co2_total,emissions,2.9989150812680263
primary_total_co2,M0star,MMR,cum_co2_total,emissions,2.622057482903641
primary_total_co2,M0star,KHM,cum_co2_total,emissions,1.8779469516291882
primary_total_co2,M0star,CHN,cum_co2_total,emissions,5.2203453285371095
primary_total_co2,M0star,GEO,cum_co2_total,emissions,2.737348515312523
primary_total_co2,M0star,IND,cum_co2_total,emissions,4.574287333317938
primary_total_co2,M0star,IDN,cum_co2_total,emissions,4.016639414288195
primary_total_co2,M0star,IRN,cum_co2_total,emissions,4.143544597437826
primary_total_co2,M0star,IRQ,cum_co2_total,emissions,3.522151475149211
primary_total_co2,M0star,ISR,cum_co2_total,emissions,3.2915803953637948
primary_total_co2,M0star,JPN,cum_co2_total,emissions,4.759160572052175
primary_total_co2,M0star,JOR,cum_co2_total,emissions,2.724133266493241
primary_total_co2,M0star,KAZ,cum_co2_total,emissions,4.068777843198626
primary_total_co2,M0star,LAO,cum_co2_total,emissions,1.6370391905594046
primary_total_co2,M0star,LBN,cum_co2_total,emissions,2.7404061167711067
primary_total_co2,M0star,MYS,cum_co2_total,emissions,3.6186175385162955
primary_total_co2,M0star,MNG,cum_co2_total,emissions,2.65183022495331
primary_total_co2,M0star,NPL,cum_co2_total,emissions,1.9161959273164775
primary_total_co2,M0star,OMN,cum_co2_total,emissions,2.942814347323048
primary_total_co2,M0star,PAK,cum_co2_total,emissions,3.5591156807001605
primary_total_co2,M0star,PHL,cum_co2_total,emissions,3.3940524017243976
primary_total_co2,M0star,QAT,cum_co2_total,emissions,3.1596195219644674
primary_total_co2,M0star,SAU,cum_co2_total,emissions,4.071106541396464
primary_total_co2,M0star,KOR,cum_co2_total,emissions,4.141193730729231
primary_total_co2,M0star,LKA,cum_co2_total,emissions,2.539406087407612
primary_total_co2,M0star,SYR,cum_co2_total,emissions,3.2307574163343005
primary_total_co2,M0star,TWN,cum_co2_total,emissions,3.8484451212621322
primary_total_co2,M0star,TJK,cum_co2_total,emissions,2.631299656749231
primary_total_co2,M0star,THA,cum_co2_total,emissions,3.722389233958953
primary_total_co2,M0star,TUR,cum_co2_total,emissions,3.9110897682421775
primary_total_co2,M0star,TKM,cum_co2_total,emissions,3.286466799275726
primary_total_co2,M0star,ARE,cum_co2_total,emissions,3.5422220978279344
primary_total_co2,M0star,UZB,cum_co2_total,emissions,3.740226378600022
primary_total_co2,M0star,VNM,cum_co2_total,emissions,3.4003927397934803
primary_total_co2,M0star,YEM,cum_co2_total,emissions,2.7579514489334294
primary_total_co2,M0star,ALB,cum_co2_total,emissions,2.4044163198319484
primary_total_co2,M0star,AUT,cum_co2_total,emissions,3.7028734804303647
primary_total_co2,M0star,BLR,cum_co2_total,emissions,3.65620096329467
primary_total_co2,M0star,BEL,cum_co2_total,emissions,4.074207929148208
primary_total_co2,M0star,BIH,cum_co2_total,emissions,2.9121109437313133
primary_total_co2,M0star,BGR,cum_co2_total,emissions,3.5465947263435624
primary_total_co2,M0star,HRV,cum_co2_total,emissions,2.9948224354771575
primary_total_co2,M0star,CYP,cum_co2_total,emissions,2.385234372629354
primary_total_co2,M0star,CZE,cum_co2_total,emissions,4.051487436992587
primary_total_co2,M0star,DNK,cum_co2_total,emissions,3.584968626410202
primary_total_co2,M0star,EST,cum_co2_total,emissions,3.1815995144469498
primary_total_co2,M0star,FIN,cum_co2_total,emissions,3.4593056201758023
primary_total_co2,M0star,FRA,cum_co2_total,emissions,4.564143069555475
primary_total_co2,M0star,DEU,cum_co2_total,emissions,4.941179214423491
primary_total_co2,M0star,GRC,cum_co2_total,emissions,3.554299773590582
primary_total_co2,M0star,HUN,cum_co2_total,emissions,3.670026516102076
primary_total_co2,M0star,ISL,cum_co2_total,emissions,2.1226581417244548
primary_total_co2,M0star,IRL,cum_co2_total,emissions,3.292088525456098
primary_total_co2,M0star,ITA,cum_co2_total,emissions,4.348362466540707
primary_total_co2,M0star,LVA,cum_co2_total,emissions,2.95546597746838
primary_total_co2,M0star,LTU,cum_co2_total,emissions,3.1659961947467217
primary_total_co2,M0star,MKD,cum_co2_total,emissions,2.66401169742383
primary_total_co2,M0star,MDA,cum_co2_total,emissions,3.114407798967798
primary_total_co2,M0star,MNE,cum_co2_total,emissions,1.9854354562958416
primary_total_co2,M0star,NLD,cum_co2_total,emissions,4.028000561404352
primary_total_co2,M0star,NOR,cum_co2_total,emissions,3.365737632451197
primary_total_co2,M0star,POL,cum_co2_total,emissions,4.408328121536703
primary_total_co2,M0star,PRT,cum_co2_total,emissions,3.3554743166359864
primary_total_co2,M0star,ROU,cum_co2_total,emissions,3.9047562686177564
primary_total_co2,M0star,RUS,cum_co2_total,emissions,5.018431743654664
primary_total_co2,M0star,SRB,cum_co2_total,emissions,3.3883220243247285
primary_total_co2,M0star,SVK,cum_co2_total,emissions,3.563601389660313
primary_total_co2,M0star,SVN,cum_co2_total,emissions,2.8825319374046425
primary_total_co2,M0star,ESP,cum_co2_total,emissions,4.114393849431578
primary_total_co2,M0star,SWE,cum_co2_total,emissions,3.671472300781437
primary_total_co2,M0star,CHE,cum_co2_total,emissions,3.4411607740351156
primary_total_co2,M0star,UKR,cum_co2_total,emissions,4.462410831860048
primary_total_co2,M0star,GBR,cum_co2_total,emissions,4.8813071445534755
primary_total_co2,M0star,BHS,cum_co2_total,emissions,2.184006806706364
primary_total_co2,M0star,CAN,cum_co2_total,emissions,4.470610170539815
primary_total_co2,M0star,CRI,cum_co2_total,emissions,2.3002497365767445
primary_total_co2,M0star,CUB,cum_co2_total,emissions,3.188876758878359
primary_total_co2,M0star,DOM,cum_co2_total,emissions,2.757288960487825
primary_total_co2,M0star,SLV,cum_co2_total,emissions,2.2707766287166797
primary_total_co2,M0star,GTM,cum_co2_total,emissions,2.5052924578225153
primary_total_co2,M0star,HTI,cum_co2_total,emissions,1.7433607934204063
primary_total_co2,M0star,HND,cum_co2_total,emissions,2.2806284433649813
primary_total_co2,M0star,JAM,cum_co2_total,emissions,2.5994441911398924
primary_total_co2,M0star,MEX,cum_co2_total,emissions,4.228494394324438
primary_total_co2,M0star,NIC,cum_co2_total,emissions,2.147224794264175
primary_total_co2,M0star,PAN,cum_co2_total,emissions,2.386646974996053
primary_total_co2,M0star,USA,cum_co2_total,emissions,5.5778831296115685
primary_total_co2,M0star,AUS,cum_co2_total,emissions,4.194557269700958
primary_total_co2,M0star,NZL,cum_co2_total,emissions,3.2133145074380933
primary_total_co2,M0star,PNG,cum_co2_total,emissions,2.105820041248875
primary_total_co2,M0star,ARG,cum_co2_total,emissions,3.853889891627958
primary_total_co2,M0star,BOL,cum_co2_total,emissions,2.59762389436399
primary_total_co2,M0star,BRA,cum_co2_total,emissions,4.106532926741018
primary_total_co2,M0star,CHL,cum_co2_total,emissions,3.382880088098228
primary_total_co2,M0star,COL,cum_co2_total,emissions,3.4449867238971104
primary_total_co2,M0star,ECU,cum_co2_total,emissions,2.975767165739055
primary_total_co2,M0star,PRY,cum_co2_total,emissions,2.1016955327771023
primary_total_co2,M0star,PER,cum_co2_total,emissions,3.1854928583581406
primary_total_co2,M0star,SUR,cum_co2_total,emissions,1.9935508514775335
primary_total_co2,M0star,URY,cum_co2_total,emissions,2.6023638911127747
primary_total_co2,M0star,VEN,cum_co2_total,emissions,3.813967945294808
primary_total_co2,M0star,DZA,abs_latitude,geography,35.206
primary_total_co2,M0star,AGO,abs_latitude,geography,12.32
primary_total_co2,M0star,BEN,abs_latitude,geography,8.571666666666667
primary_total_co2,M0star,BWA,abs_latitude,geography,24.92
primary_total_co2,M0star,BFA,abs_latitude,geography,11.25
primary_total_co2,M0star,BDI,abs_latitude,geography,4.02
primary_total_co2,M0star,CMR,abs_latitude,geography,6.484666666666667
primary_total_co2,M0star,CAF,abs_latitude,geography,4.02
primary_total_co2,M0star,TCD,abs_latitude,geography,8.84
primary_total_co2,M0star,COG,abs_latitude,geography,4.02
primary_total_co2,M0star,COD,abs_latitude,geography,4.717826086956522
primary_total_co2,M0star,CIV,abs_latitude,geography,6.492307692307692
primary_total_co2,M0star,DJI,abs_latitude,geography,12.05
primary_total_co2,M0star,EGY,abs_latitude,geography,29.316842105263156
primary_total_co2,M0star,GNQ,abs_latitude,geography,3.215
primary_total_co2,M0star,ERI,abs_latitude,geography,15.27
primary_total_co2,M0star,ETH,abs_latitude,geography,9.553333333333335
primary_total_co2,M0star,GAB,abs_latitude,geography,0.8
primary_total_co2,M0star,GHA,abs_latitude,geography,6.164444444444444
primary_total_co2,M0star,GIN,abs_latitude,geography,9.2425
primary_total_co2,M0star,GNB,abs_latitude,geography,12.05
primary_total_co2,M0star,KEN,abs_latitude,geography,1.3366666666666667
primary_total_co2,M0star,LSO,abs_latitude,geography,29.74
primary_total_co2,M0star,LBR,abs_latitude,geography,7.23
primary_total_co2,M0star,LBY,abs_latitude,geography,31.827000000000005
primary_total_co2,M0star,MDG,abs_latitude,geography,19.555
primary_total_co2,M0star,MWI,abs_latitude,geography,14.465
primary_total_co2,M0star,MLI,abs_latitude,geography,12.589999999999998
primary_total_co2,M0star,MRT,abs_latitude,geography,18.48
primary_total_co2,M0star,MAR,abs_latitude,geography,33.757
primary_total_co2,M0star,MOZ,abs_latitude,geography,19.420833333333334
primary_total_co2,M0star,NAM,abs_latitude,geography,23.31
primary_total_co2,M0star,NER,abs_latitude,geography,13.660000000000002
primary_total_co2,M0star,NGA,abs_latitude,geography,8.044835164835165
primary_total_co2,M0star,RWA,abs_latitude,geography,2.41
primary_total_co2,M0star,SEN,abs_latitude,geography,14.665
primary_total_co2,M0star,SLE,abs_latitude,geography,8.84
primary_total_co2,M0star,SOM,abs_latitude,geography,4.66
primary_total_co2,M0star,ZAF,abs_latitude,geography,28.1294
primary_total_co2,M0star,SDN,abs_latitude,geography,12.053999999999998
primary_total_co2,M0star,SWZ,abs_latitude,geography,26.52
primary_total_co2,M0star,TZA,abs_latitude,geography,5.726875
primary_total_co2,M0star,TGO,abs_latitude,geography,8.035
primary_total_co2,M0star,TUN,abs_latitude,geography,35.525999999999996
primary_total_co2,M0star,UGA,abs_latitude,geography,1.8733333333333333
primary_total_co2,M0star,ZMB,abs_latitude,geography,13.86
primary_total_co2,M0star,ZWE,abs_latitude,geography,18.94
primary_total_co2,M0star,AFG,abs_latitude,geography,34.158750000000005
primary_total_co2,M0star,ARM,abs_latitude,geography,40.99
primary_total_co2,M0star,AZE,abs_latitude,geography,40.99
primary_total_co2,M0star,BGD,abs_latitude,geography,24.072105263157894
primary_total_co2,M0star,MMR,abs_latitude,geography,18.803
primary_total_co2,M0star,KHM,abs_latitude,geography,12.05
primary_total_co2,M0star,CHN,abs_latitude,geography,33.82457894736842
primary_total_co2,M0star,GEO,abs_latitude,geography,40.99
primary_total_co2,M0star,IND,abs_latitude,geography,22.25485933503836
primary_total_co2,M0star,IDN,abs_latitude,geography,5.857724137931035
primary_total_co2,M0star,IRN,abs_latitude,geography,34.34257575757576
primary_total_co2,M0star,IRQ,abs_latitude,geography,35.365
primary_total_co2,M0star,ISR,abs_latitude,geography,32.06111111111111
primary_total_co2,M0star,JPN,abs_latitude,geography,35.745828571428575
primary_total_co2,M0star,JOR,abs_latitude,geography,32.95
primary_total_co2,M0star,KAZ,abs_latitude,geography,48.915333333333336
primary_total_co2,M0star,LAO,abs_latitude,geography,18.48
primary_total_co2,M0star,LBN,abs_latitude,geography,34.02333333333333
primary_total_co2,M0star,MYS,abs_latitude,geography,3.6174999999999997
primary_total_co2,M0star,MNG,abs_latitude,geography,47.42
primary_total_co2,M0star,NPL,abs_latitude,geography,27.439999999999998
primary_total_co2,M0star,OMN,abs_latitude,geography,16.87
primary_total_co2,M0star,PAK,abs_latitude,geography,30.52915254237288
primary_total_co2,M0star,PHL,abs_latitude,geography,12.598307692307692
primary_total_co2,M0star,QAT,abs_latitude,geography,24.92
primary_total_co2,M0star,SAU,abs_latitude,geography,22.617142857142856
primary_total_co2,M0star,KOR,abs_latitude,geography,37.78
primary_total_co2,M0star,LKA,abs_latitude,geography,7.7666666666666675
primary_total_co2,M0star,SYR,abs_latitude,geography,34.56
primary_total_co2,M0star,TWN,abs_latitude,geography,24.490666666666666
primary_total_co2,M0star,TJK,abs_latitude,geography,40.185
primary_total_co2,M0star,THA,abs_latitude,geography,13.88904761904762
primary_total_co2,M0star,TUR,abs_latitude,geography,38.91117647058824
primary_total_co2,M0star,TKM,abs_latitude,geography,39.38333333333333
primary_total_co2,M0star,ARE,abs_latitude,geography,24.92
primary_total_co2,M0star,UZB,abs_latitude,geography,40.386250000000004
primary_total_co2,M0star,VNM,abs_latitude,geography,14.572666666666667
primary_total_co2,M0star,YEM,abs_latitude,geography,13.66
primary_total_co2,M0star,ALB,abs_latitude,geography,40.99
primary_total_co2,M0star,AUT,abs_latitude,geography,48.064
primary_total_co2,M0star,BLR,abs_latitude,geography,52.84
primary_total_co2,M0star,BEL,abs_latitude,geography,50.63
primary_total_co2,M0star,BIH,abs_latitude,geography,43.878
primary_total_co2,M0star,BGR,abs_latitude,geography,43.050000000000004
primary_total_co2,M0star,HRV,abs_latitude,geography,45.27333333333333
primary_total_co2,M0star,CYP,abs_latitude,geography,34.56
primary_total_co2,M0star,CZE,abs_latitude,geography,49.99
primary_total_co2,M0star,DNK,abs_latitude,geography,56.25
primary_total_co2,M0star,EST,abs_latitude,geography,58.66
primary_total_co2,M0star,FIN,abs_latitude,geography,61.556000000000004
primary_total_co2,M0star,FRA,abs_latitude,geography,46.79361111111112
primary_total_co2,M0star,DEU,abs_latitude,geography,50.89012345679013
primary_total_co2,M0star,GRC,abs_latitude,geography,38.00714285714286
primary_total_co2,M0star,HUN,abs_latitude,geography,47.062222222222225
primary_total_co2,M0star,ISL,abs_latitude,geography,65.09
primary_total_co2,M0star,IRL,abs_latitude,geography,53.040000000000006
primary_total_co2,M0star,ITA,abs_latitude,geography,43.01619047619048
primary_total_co2,M0star,LVA,abs_latitude,geography,56.25
primary_total_co2,M0star,LTU,abs_latitude,geography,55.45
primary_total_co2,M0star,MKD,abs_latitude,geography,42.59
primary_total_co2,M0star,MDA,abs_latitude,geography,47.419999999999995
primary_total_co2,M0star,MNE,abs_latitude,geography,42.59
primary_total_co2,M0star,NLD,abs_latitude,geography,52.239583333333336
primary_total_co2,M0star,NOR,abs_latitude,geography,60.6725
primary_total_co2,M0star,POL,abs_latitude,geography,51.64473684210526
primary_total_co2,M0star,PRT,abs_latitude,geography,40.07
primary_total_co2,M0star,ROU,abs_latitude,geography,46.00320000000001
primary_total_co2,M0star,RUS,abs_latitude,geography,53.74948717948718
primary_total_co2,M0star,SRB,abs_latitude,geography,43.663333333333334
primary_total_co2,M0star,SVK,abs_latitude,geography,48.225
primary_total_co2,M0star,SVN,abs_latitude,geography,45.81
primary_total_co2,M0star,ESP,abs_latitude,geography,39.671200000000006
primary_total_co2,M0star,SWE,abs_latitude,geography,58.662
primary_total_co2,M0star,CHE,abs_latitude,geography,46.775999999999996
primary_total_co2,M0star,UKR,abs_latitude,geography,48.826249999999995
primary_total_co2,M0star,GBR,abs_latitude,geography,52.80411764705883
primary_total_co2,M0star,BHS,abs_latitude,geography,24.92
primary_total_co2,M0star,CAN,abs_latitude,geography,46.77360000000001
primary_total_co2,M0star,CRI,abs_latitude,geography,10.45
primary_total_co2,M0star,CUB,abs_latitude,geography,21.125
primary_total_co2,M0star,DOM,abs_latitude,geography,19.016666666666666
primary_total_co2,M0star,SLV,abs_latitude,geography,13.660000000000002
primary_total_co2,M0star,GTM,abs_latitude,geography,15.270000000000001
primary_total_co2,M0star,HTI,abs_latitude,geography,18.802
primary_total_co2,M0star,HND,abs_latitude,geography,14.947999999999999
primary_total_co2,M0star,JAM,abs_latitude,geography,18.48
primary_total_co2,M0star,MEX,abs_latitude,geography,22.14556701030928
primary_total_co2,M0star,NIC,abs_latitude,geography,12.05
primary_total_co2,M0star,PAN,abs_latitude,geography,8.84
primary_total_co2,M0star,USA,abs_latitude,geography,36.592217898832686
primary_total_co2,M0star,AUS,abs_latitude,geography,32.14857142857143
primary_total_co2,M0star,NZL,abs_latitude,geography,39.562222222222225
primary_total_co2,M0star,PNG,abs_latitude,geography,8.84
primary_total_co2,M0star,ARG,abs_latitude,geography,32.450625
primary_total_co2,M0star,BOL,abs_latitude,geography,18.748333333333335
primary_total_co2,M0star,BRA,abs_latitude,geography,19.28931818181818
primary_total_co2,M0star,CHL,abs_latitude,geography,33.42125
primary_total_co2,M0star,COL,abs_latitude,geography,6.203846153846153
primary_total_co2,M0star,ECU,abs_latitude,geography,1.790769230769231
primary_total_co2,M0star,PRY,abs_latitude,geography,24.92
primary_total_co2,M0star,PER,abs_latitude,geography,10.519545454545455
primary_total_co2,M0star,SUR,abs_latitude,geography,5.63
primary_total_co2,M0star,URY,abs_latitude,geography,32.955
primary_total_co2,M0star,VEN,abs_latitude,geography,10.087250000000001
primary_total_co2,M0star,DZA,elevation,geography,314.5950439453125
primary_total_co2,M0star,AGO,elevation,geography,447.00633748372394
primary_total_co2,M0star,BEN,elevation,geography,170.6803414026896
primary_total_co2,M0star,BWA,elevation,geography,1113.0069580078125
primary_total_co2,M0star,BFA,elevation,geography,328.78623962402344
primary_total_co2,M0star,BDI,elevation,geography,1952.42529296875
primary_total_co2,M0star,CMR,elevation,geography,373.34877624511716
primary_total_co2,M0star,CAF,elevation,geography,362.7322998046875
primary_total_co2,M0star,TCD,elevation,geography,398.74542236328125
primary_total_co2,M0star,COG,elevation,geography,392.1075134277344
primary_total_co2,M0star,COD,elevation,geography,740.5418668000594
primary_total_co2,M0star,CIV,elevation,geography,145.13958637530988
primary_total_co2,M0star,DJI,elevation,geography,955.0897827148438
primary_total_co2,M0star,EGY,elevation,geography,153.40576180345133
primary_total_co2,M0star,GNQ,elevation,geography,173.23263549804688
primary_total_co2,M0star,ERI,elevation,geography,1375.2100830078125
primary_total_co2,M0star,ETH,elevation,geography,1702.080790201823
primary_total_co2,M0star,GAB,elevation,geography,-640.96875
primary_total_co2,M0star,GHA,elevation,geography,63.10153892305162
primary_total_co2,M0star,GIN,elevation,geography,285.3084411621094
primary_total_co2,M0star,GNB,elevation,geography,18.24833106994629
primary_total_co2,M0star,KEN,elevation,geography,1525.0360488891602
primary_total_co2,M0star,LSO,elevation,geography,1859.45947265625
primary_total_co2,M0star,LBR,elevation,geography,250.87191772460938
primary_total_co2,M0star,LBY,elevation,geography,-125.94530410766602
primary_total_co2,M0star,MDG,elevation,geography,-329.610299428304
primary_total_co2,M0star,MWI,elevation,geography,1041.6434326171875
primary_total_co2,M0star,MLI,elevation,geography,325.3349304199219
primary_total_co2,M0star,MRT,elevation,geography,16.04151153564453
primary_total_co2,M0star,MAR,elevation,geography,498.75402641296387
primary_total_co2,M0star,MOZ,elevation,geography,119.55623495578766
primary_total_co2,M0star,NAM,elevation,geography,1778.283447265625
primary_total_co2,M0star,NER,elevation,geography,363.1866963704427
primary_total_co2,M0star,NGA,elevation,geography,194.73254671201602
primary_total_co2,M0star,RWA,elevation,geography,1644.7860107421875
primary_total_co2,M0star,SEN,elevation,geography,-287.7956578731537
primary_total_co2,M0star,SLE,elevation,geography,216.62176513671875
primary_total_co2,M0star,SOM,elevation,geography,34.74064483642578
primary_total_co2,M0star,ZAF,elevation,geography,1144.452760925293
primary_total_co2,M0star,SDN,elevation,geography,447.6297546386719
primary_total_co2,M0star,SWZ,elevation,geography,58.5894775390625
primary_total_co2,M0star,TZA,elevation,geography,890.7327861785889
primary_total_co2,M0star,TGO,elevation,geography,333.53379821777344
primary_total_co2,M0star,TUN,elevation,geography,260.5694213867188
primary_total_co2,M0star,UGA,elevation,geography,1101.8234049479167
primary_total_co2,M0star,ZMB,elevation,geography,1189.5065307617188
primary_total_co2,M0star,ZWE,elevation,geography,1307.260498046875
primary_total_co2,M0star,AFG,elevation,geography,1700.4435272216797
primary_total_co2,M0star,ARM,elevation,geography,1651.8125
primary_total_co2,M0star,AZE,elevation,geography,715.4375
primary_total_co2,M0star,BGD,elevation,geography,10.800667110242342
primary_total_co2,M0star,MMR,elevation,geography,209.8380369782448
primary_total_co2,M0star,KHM,elevation,geography,17.38812828063965
primary_total_co2,M0star,CHN,elevation,geography,452.5437363197929
primary_total_co2,M0star,GEO,elevation,geography,1651.8125
primary_total_co2,M0star,IND,elevation,geography,241.7615375030986
primary_total_co2,M0star,IDN,elevation,geography,119.2868159606539
primary_total_co2,M0star,IRN,elevation,geography,1447.170124689738
primary_total_co2,M0star,IRQ,elevation,geography,289.8549337387085
primary_total_co2,M0star,ISR,elevation,geography,476.33343505859375
primary_total_co2,M0star,JPN,elevation,geography,168.62458624703544
primary_total_co2,M0star,JOR,elevation,geography,941.8968505859375
primary_total_co2,M0star,KAZ,elevation,geography,484.8650632222494
primary_total_co2,M0star,LAO,elevation,geography,466.8389892578125
primary_total_co2,M0star,LBN,elevation,geography,-872.9927164713541
primary_total_co2,M0star,MYS,elevation,geography,61.488870069384575
primary_total_co2,M0star,MNG,elevation,geography,1629.556640625
primary_total_co2,M0star,NPL,elevation,geography,572.1913659232004
primary_total_co2,M0star,OMN,elevation,geography,809.6633911132812
primary_total_co2,M0star,PAK,elevation,geography,270.0815026881331
primary_total_co2,M0star,PHL,elevation,geography,-299.69309522188627
primary_total_co2,M0star,QAT,elevation,geography,12.518510818481445
primary_total_co2,M0star,SAU,elevation,geography,1105.9072004045759
primary_total_co2,M0star,KOR,elevation,geography,3.9714112281799316
primary_total_co2,M0star,LKA,elevation,geography,-320.5574188232422
primary_total_co2,M0star,SYR,elevation,geography,177.92982700892858
primary_total_co2,M0star,TWN,elevation,geography,-341.6999688545863
primary_total_co2,M0star,TJK,elevation,geography,1916.3934326171875
primary_total_co2,M0star,THA,elevation,geography,147.38663546244302
primary_total_co2,M0star,TUR,elevation,geography,758.0135866052964
primary_total_co2,M0star,TKM,elevation,geography,175.64475758870444
primary_total_co2,M0star,ARE,elevation,geography,7.874352931976318
primary_total_co2,M0star,UZB,elevation,geography,816.1821012496948
primary_total_co2,M0star,VNM,elevation,geography,290.3942291418711
primary_total_co2,M0star,YEM,elevation,geography,1076.9956665039062
primary_total_co2,M0star,ALB,elevation,geography,-91.5625
primary_total_co2,M0star,AUT,elevation,geography,997.8897521972656
primary_total_co2,M0star,BLR,elevation,geography,149.20576190948486
primary_total_co2,M0star,BEL,elevation,geography,115.06332070486886
primary_total_co2,M0star,BIH,elevation,geography,304.62919921875
primary_total_co2,M0star,BGR,elevation,geography,180.59325081961495
primary_total_co2,M0star,HRV,elevation,geography,269.5243784586589
primary_total_co2,M0star,CYP,elevation,geography,-110.875
primary_total_co2,M0star,CZE,elevation,geography,264.7006469726563
primary_total_co2,M0star,DNK,elevation,geography,14.889735221862793
primary_total_co2,M0star,EST,elevation,geography,29.868961334228516
primary_total_co2,M0star,FIN,elevation,geography,19.03453540802002
primary_total_co2,M0star,FRA,elevation,geography,122.23891422483656
primary_total_co2,M0star,DEU,elevation,geography,311.64766118850235
primary_total_co2,M0star,GRC,elevation,geography,-92.69817434038434
primary_total_co2,M0star,HUN,elevation,geography,141.55999077690973
primary_total_co2,M0star,ISL,elevation,geography,171.58587646484375
primary_total_co2,M0star,IRL,elevation,geography,229.5601806640625
primary_total_co2,M0star,ITA,elevation,geography,393.7182623545329
primary_total_co2,M0star,LVA,elevation,geography,139.87512969970703
primary_total_co2,M0star,LTU,elevation,geography,100.8182861328125
primary_total_co2,M0star,MKD,elevation,geography,1106.3851318359375
primary_total_co2,M0star,MDA,elevation,geography,155.33504740397134
primary_total_co2,M0star,MNE,elevation,geography,1227.2928466796875
primary_total_co2,M0star,NLD,elevation,geography,28.77057038868467
primary_total_co2,M0star,NOR,elevation,geography,536.0525588989258
primary_total_co2,M0star,POL,elevation,geography,230.46440777025725
primary_total_co2,M0star,PRT,elevation,geography,173.78685869489397
primary_total_co2,M0star,ROU,elevation,geography,379.83351135253906
primary_total_co2,M0star,RUS,elevation,geography,224.93065158860423
primary_total_co2,M0star,SRB,elevation,geography,669.6914189656576
primary_total_co2,M0star,SVK,elevation,geography,205.38938903808594
primary_total_co2,M0star,SVN,elevation,geography,358.90411376953125
primary_total_co2,M0star,ESP,elevation,geography,31.531451950073244
primary_total_co2,M0star,SWE,elevation,geography,29.949632263183595
primary_total_co2,M0star,CHE,elevation,geography,349.16029052734376
primary_total_co2,M0star,UKR,elevation,geography,132.7877142826716
primary_total_co2,M0star,GBR,elevation,geography,102.5040927213781
primary_total_co2,M0star,BHS,elevation,geography,1.6355916261672974
primary_total_co2,M0star,CAN,elevation,geography,361.9892102050781
primary_total_co2,M0star,CRI,elevation,geography,147.4757843017578
primary_total_co2,M0star,CUB,elevation,geography,-601.6696684019906
primary_total_co2,M0star,DOM,elevation,geography,-1174.1369934082031
primary_total_co2,M0star,SLV,elevation,geography,53.99977111816406
primary_total_co2,M0star,GTM,elevation,geography,1338.172607421875
primary_total_co2,M0star,HTI,elevation,geography,-314.93158264160155
primary_total_co2,M0star,HND,elevation,geography,510.82997436523436
primary_total_co2,M0star,JAM,elevation,geography,-1527.6361592610676
primary_total_co2,M0star,MEX,elevation,geography,1081.4254860116034
primary_total_co2,M0star,NIC,elevation,geography,110.783447265625
primary_total_co2,M0star,PAN,elevation,geography,136.88180541992188
primary_total_co2,M0star,USA,elevation,geography,360.4095271300481
primary_total_co2,M0star,AUS,elevation,geography,-465.4354716709682
primary_total_co2,M0star,NZL,elevation,geography,-5.283027860853407
primary_total_co2,M0star,PNG,elevation,geography,39.91184997558594
primary_total_co2,M0star,ARG,elevation,geography,467.42525082826614
primary_total_co2,M0star,BOL,elevation,geography,3352.897745768229
primary_total_co2,M0star,BRA,elevation,geography,417.889818778905
primary_total_co2,M0star,CHL,elevation,geography,357.4125075340271
primary_total_co2,M0star,COL,elevation,geography,933.2442020514072
primary_total_co2,M0star,ECU,elevation,geography,638.521503008329
primary_total_co2,M0star,PRY,elevation,geography,78.58065338134766
primary_total_co2,M0star,PER,elevation,geography,1406.251771981066
primary_total_co2,M0star,SUR,elevation,geography,5.543477535247803
primary_total_co2,M0star,URY,elevation,geography,36.999884843826294
primary_total_co2,M0star,VEN,elevation,geography,218.3050817489624
primary_total_co2,M0star,DZA,continentality,geography,148.41535189827113
primary_total_co2,M0star,AGO,continentality,geography,160.7492019566083
primary_total_co2,M0star,BEN,continentality,geography,259.15676787430976
primary_total_co2,M0star,BWA,continentality,geography,607.1320549029783
primary_total_co2,M0star,BFA,continentality,geography,663.8004651185327
primary_total_co2,M0star,BDI,continentality,geography,1019.9677893297082
primary_total_co2,M0star,CMR,continentality,geography,394.9028883457315
primary_total_co2,M0star,CAF,continentality,geography,969.5623067843129
primary_total_co2,M0star,TCD,continentality,geography,1020.8945842181433
primary_total_co2,M0star,COG,continentality,geography,388.2906643268661
primary_total_co2,M0star,COD,continentality,geography,996.1091986864735
primary_total_co2,M0star,CIV,continentality,geography,167.6921433742753
primary_total_co2,M0star,DJI,continentality,geography,31.093075198477482
primary_total_co2,M0star,EGY,continentality,geography,95.87474525066706
primary_total_co2,M0star,GNQ,continentality,geography,45.269797760188965
primary_total_co2,M0star,ERI,continentality,geography,60.38639204880394
primary_total_co2,M0star,ETH,continentality,geography,493.0399736897681
primary_total_co2,M0star,GAB,continentality,geography,32.622769815760456
primary_total_co2,M0star,GHA,continentality,geography,106.09593382969571
primary_total_co2,M0star,GIN,continentality,geography,234.83934928588695
primary_total_co2,M0star,GNB,continentality,geography,110.84080268526557
primary_total_co2,M0star,KEN,continentality,geography,461.7225404847252
primary_total_co2,M0star,LSO,continentality,geography,274.4548832701292
primary_total_co2,M0star,LBR,continentality,geography,104.43708968138911
primary_total_co2,M0star,LBY,continentality,geography,89.88278489482425
primary_total_co2,M0star,MDG,continentality,geography,82.73136994650416
primary_total_co2,M0star,MWI,continentality,geography,443.73171145000083
primary_total_co2,M0star,MLI,continentality,geography,790.6679792505496
primary_total_co2,M0star,MRT,continentality,geography,102.59076566611054
primary_total_co2,M0star,MAR,continentality,geography,66.70655523715897
primary_total_co2,M0star,MOZ,continentality,geography,121.37622991964236
primary_total_co2,M0star,NAM,continentality,geography,224.80583091201763
primary_total_co2,M0star,NER,continentality,geography,894.9775794916054
primary_total_co2,M0star,NGA,continentality,geography,318.513579715843
primary_total_co2,M0star,RWA,continentality,geography,1072.1697409642793
primary_total_co2,M0star,SEN,continentality,geography,62.13532239964827
primary_total_co2,M0star,SLE,continentality,geography,150.18275311661122
primary_total_co2,M0star,SOM,continentality,geography,64.56544811242864
primary_total_co2,M0star,ZAF,continentality,geography,335.6952888931987
primary_total_co2,M0star,SDN,continentality,geography,841.9292364635133
primary_total_co2,M0star,SWZ,continentality,geography,58.827025394391974
primary_total_co2,M0star,TZA,continentality,geography,432.6313852611501
primary_total_co2,M0star,TGO,continentality,geography,233.37768488566002
primary_total_co2,M0star,TUN,continentality,geography,65.46114059052488
primary_total_co2,M0star,UGA,continentality,geography,954.3105346740564
primary_total_co2,M0star,ZMB,continentality,geography,1010.4273463271114
primary_total_co2,M0star,ZWE,continentality,geography,490.4733890974661
primary_total_co2,M0star,AFG,continentality,geography,980.0251806546243
primary_total_co2,M0star,ARM,continentality,geography,274.3681751312658
primary_total_co2,M0star,AZE,continentality,geography,25.20360155335367
primary_total_co2,M0star,BGD,continentality,geography,167.4501932416387
primary_total_co2,M0star,MMR,continentality,geography,169.36276423745338
primary_total_co2,M0star,KHM,continentality,geography,198.32514565256477
primary_total_co2,M0star,CHN,continentality,geography,460.2465280733392
primary_total_co2,M0star,GEO,continentality,geography,274.3681751312658
primary_total_co2,M0star,IND,continentality,geography,426.4417018320571
primary_total_co2,M0star,IDN,continentality,geography,35.7087662442575
primary_total_co2,M0star,IRN,continentality,geography,245.46141844990464
primary_total_co2,M0star,IRQ,continentality,geography,493.08066829081065
primary_total_co2,M0star,ISR,continentality,geography,40.74969055425075
primary_total_co2,M0star,JPN,continentality,geography,82.64314172622903
primary_total_co2,M0star,JOR,continentality,geography,32.37622746276071
primary_total_co2,M0star,KAZ,continentality,geography,1283.3287869501294
primary_total_co2,M0star,LAO,continentality,geography,277.298802346493
primary_total_co2,M0star,LBN,continentality,geography,59.931174779228634
primary_total_co2,M0star,MYS,continentality,geography,33.43449978139673
primary_total_co2,M0star,MNG,continentality,geography,1247.786939954368
primary_total_co2,M0star,NPL,continentality,geography,675.6541122586723
primary_total_co2,M0star,OMN,continentality,geography,15.503326119087154
primary_total_co2,M0star,PAK,continentality,geography,782.4292145410926
primary_total_co2,M0star,PHL,continentality,geography,31.710189245915206
primary_total_co2,M0star,QAT,continentality,geography,6.479188127362905
primary_total_co2,M0star,SAU,continentality,geography,193.68550798338518
primary_total_co2,M0star,KOR,continentality,geography,0.10270068647604357
primary_total_co2,M0star,LKA,continentality,geography,46.694283573125205
primary_total_co2,M0star,SYR,continentality,geography,93.42535931944471
primary_total_co2,M0star,TWN,continentality,geography,36.42621324316634
primary_total_co2,M0star,TJK,continentality,geography,1250.1800623340782
primary_total_co2,M0star,THA,continentality,geography,141.8254668239137
primary_total_co2,M0star,TUR,continentality,geography,128.00623313826836
primary_total_co2,M0star,TKM,continentality,geography,570.2171184704274
primary_total_co2,M0star,ARE,continentality,geography,10.093384715369945
primary_total_co2,M0star,UZB,continentality,geography,1235.4772603548088
primary_total_co2,M0star,VNM,continentality,geography,62.6329056650239
primary_total_co2,M0star,YEM,continentality,geography,51.31698455455971
primary_total_co2,M0star,ALB,continentality,geography,15.22079556911455
primary_total_co2,M0star,AUT,continentality,geography,307.4168158026393
primary_total_co2,M0star,BLR,continentality,geography,505.97112247230973
primary_total_co2,M0star,BEL,continentality,geography,107.65063529604579
primary_total_co2,M0star,BIH,continentality,geography,117.31795932389403
primary_total_co2,M0star,BGR,continentality,geography,161.43914265156482
primary_total_co2,M0star,HRV,continentality,geography,63.022862766722064
primary_total_co2,M0star,CYP,continentality,geography,5.212894634530487
primary_total_co2,M0star,CZE,continentality,geography,412.2378803838792
primary_total_co2,M0star,DNK,continentality,geography,13.150004152366645
primary_total_co2,M0star,EST,continentality,geography,61.18713473481305
primary_total_co2,M0star,FIN,continentality,geography,16.945009130870062
primary_total_co2,M0star,FRA,continentality,geography,191.58322927483144
primary_total_co2,M0star,DEU,continentality,geography,254.6552396099633
primary_total_co2,M0star,GRC,continentality,geography,37.832746154457865
primary_total_co2,M0star,HUN,continentality,geography,471.3236388126921
primary_total_co2,M0star,ISL,continentality,geography,81.00297872001015
primary_total_co2,M0star,IRL,continentality,geography,38.006117586339364
primary_total_co2,M0star,ITA,continentality,geography,77.31098117304789
primary_total_co2,M0star,LVA,continentality,geography,127.3360239986891
primary_total_co2,M0star,LTU,continentality,geography,128.23898105661175
primary_total_co2,M0star,MKD,continentality,geography,249.1916330178268
primary_total_co2,M0star,MDA,continentality,geography,186.17367904200015
primary_total_co2,M0star,MNE,continentality,geography,82.22403706234513
primary_total_co2,M0star,NLD,continentality,geography,84.12315249217339
primary_total_co2,M0star,NOR,continentality,geography,53.643774822738706
primary_total_co2,M0star,POL,continentality,geography,315.3013901770544
primary_total_co2,M0star,PRT,continentality,geography,52.27557760028044
primary_total_co2,M0star,ROU,continentality,geography,338.7173828268546
primary_total_co2,M0star,RUS,continentality,geography,773.3640644346395
primary_total_co2,M0star,SRB,continentality,geography,266.36523983952844
primary_total_co2,M0star,SVK,continentality,geography,481.3914559398293
primary_total_co2,M0star,SVN,continentality,geography,80.66975858525952
primary_total_co2,M0star,ESP,continentality,geography,122.88312330283075
primary_total_co2,M0star,SWE,continentality,geography,75.43097905999782
primary_total_co2,M0star,CHE,continentality,geography,318.6523818941167
primary_total_co2,M0star,UKR,continentality,geography,290.40284273323937
primary_total_co2,M0star,GBR,continentality,geography,72.04328617417774
primary_total_co2,M0star,BHS,continentality,geography,23.16612848458598
primary_total_co2,M0star,CAN,continentality,geography,476.3700986805195
primary_total_co2,M0star,CRI,continentality,geography,77.36810714506554
primary_total_co2,M0star,CUB,continentality,geography,18.77046674992996
primary_total_co2,M0star,DOM,continentality,geography,22.830820802109027
primary_total_co2,M0star,SLV,continentality,geography,9.472273407052763
primary_total_co2,M0star,GTM,continentality,geography,150.45784284636164
primary_total_co2,M0star,HTI,continentality,geography,6.669859990832684
primary_total_co2,M0star,HND,continentality,geography,65.80876686673079
primary_total_co2,M0star,JAM,continentality,geography,33.33208864969499
primary_total_co2,M0star,MEX,continentality,geography,183.9376302671782
primary_total_co2,M0star,NIC,continentality,geography,64.27621674754454
primary_total_co2,M0star,PAN,continentality,geography,37.38771902554524
primary_total_co2,M0star,USA,continentality,geography,362.91067511348734
primary_total_co2,M0star,AUS,continentality,geography,51.902087485243456
primary_total_co2,M0star,NZL,continentality,geography,27.11518358276313
primary_total_co2,M0star,PNG,continentality,geography,22.920569798684497
primary_total_co2,M0star,ARG,continentality,geography,395.0114435104324
primary_total_co2,M0star,BOL,continentality,geography,383.94310600316356
primary_total_co2,M0star,BRA,continentality,geography,227.37419655911592
primary_total_co2,M0star,CHL,continentality,geography,76.85381942963869
primary_total_co2,M0star,COL,continentality,geography,174.04108407793845
primary_total_co2,M0star,ECU,continentality,geography,111.72413640286271
primary_total_co2,M0star,PRY,continentality,geography,866.639709061554
primary_total_co2,M0star,PER,continentality,geography,143.2232885931093
primary_total_co2,M0star,SUR,continentality,geography,38.772545254957784
primary_total_co2,M0star,URY,continentality,geography,152.09574835188806
primary_total_co2,M0star,VEN,continentality,geography,57.22985427389291
primary_total_co2,M0star,DZA,population,population,7.584491521827347
primary_total_co2,M0star,AGO,population,population,7.417730963507243
primary_total_co2,M0star,BEN,population,population,7.0297420648599935
primary_total_co2,M0star,BWA,population,population,6.330553171680173
primary_total_co2,M0star,BFA,population,population,7.247860654170999
primary_total_co2,M0star,BDI,population,population,7.0186732920103205
primary_total_co2,M0star,CMR,population,population,7.330462050412179
primary_total_co2,M0star,CAF,population,population,6.666744709191047
primary_total_co2,M0star,TCD,population,population,7.136437739865217
primary_total_co2,M0star,COG,population,population,6.686377402658246
primary_total_co2,M0star,COD,population,population,7.879608451720629
primary_total_co2,M0star,CIV,population,population,7.379120064336155
primary_total_co2,M0star,DJI,population,population,5.993362592601758
primary_total_co2,M0star,EGY,population,population,7.979245769996698
primary_total_co2,M0star,GNQ,population,population,6.129116038326742
primary_total_co2,M0star,ERI,population,population,6.4877557098004175
primary_total_co2,M0star,ETH,population,population,7.993166099108892
primary_total_co2,M0star,GAB,population,population,6.281728818193019
primary_total_co2,M0star,GHA,population,population,7.437531664455299
primary_total_co2,M0star,GIN,population,population,7.048902812150967
primary_total_co2,M0star,GNB,population,population,6.229420726493306
primary_total_co2,M0star,KEN,population,population,7.653085044116425
primary_total_co2,M0star,LSO,population,population,6.313130614473341
primary_total_co2,M0star,LBR,population,population,6.650331423244434
primary_total_co2,M0star,LBY,population,population,6.7996600175142055
primary_total_co2,M0star,MDG,population,population,7.382184420928162
primary_total_co2,M0star,MWI,population,population,7.208490158076444
primary_total_co2,M0star,MLI,population,population,7.242034762393436
primary_total_co2,M0star,MRT,population,population,6.572211995805804
primary_total_co2,M0star,MAR,population,population,7.528756997026069
primary_total_co2,M0star,MOZ,population,population,7.3988356940534326
primary_total_co2,M0star,NAM,population,population,6.352665763677737
primary_total_co2,M0star,NER,population,population,7.267638613886829
primary_total_co2,M0star,NGA,population,population,8.257797185848496
primary_total_co2,M0star,RWA,population,population,7.045062323893226
primary_total_co2,M0star,SEN,population,population,7.1370646013058385
primary_total_co2,M0star,SLE,population,population,6.82698502393618
primary_total_co2,M0star,SOM,population,population,7.109565015062865
primary_total_co2,M0star,ZAF,population,population,7.737818887453181
primary_total_co2,M0star,SDN,population,population,7.57732921918915
primary_total_co2,M0star,SWZ,population,population,6.05307844348342
primary_total_co2,M0star,TZA,population,population,7.688634548890629
primary_total_co2,M0star,TGO,population,population,6.83243552351168
primary_total_co2,M0star,TUN,population,population,7.046938402296572
primary_total_co2,M0star,UGA,population,population,7.548230291005571
primary_total_co2,M0star,ZMB,population,population,7.1874925189804255
primary_total_co2,M0star,ZWE,population,population,7.146556255999673
primary_total_co2,M0star,AFG,population,population,7.4999990715847
primary_total_co2,M0star,ARM,population,population,6.465758383514392
primary_total_co2,M0star,AZE,population,population,6.97792548243784
primary_total_co2,M0star,BGD,population,population,8.194603506012374
primary_total_co2,M0star,MMR,population,population,7.701245451312068
primary_total_co2,M0star,KHM,population,population,7.180991592732013
primary_total_co2,M0star,CHN,population,population,9.13956679824072
primary_total_co2,M0star,GEO,population,population,6.580825566717042
primary_total_co2,M0star,IND,population,population,9.11254786492971
primary_total_co2,M0star,IDN,population,population,8.407989603823088
primary_total_co2,M0star,IRN,population,population,7.905335386670902
primary_total_co2,M0star,IRQ,population,population,7.547553035610451
primary_total_co2,M0star,ISR,population,population,6.889266341090212
primary_total_co2,M0star,JPN,population,population,8.106271293816295
primary_total_co2,M0star,JOR,population,population,6.902645258961303
primary_total_co2,M0star,KAZ,population,population,7.244437990304228
primary_total_co2,M0star,LAO,population,population,6.820292448116504
primary_total_co2,M0star,LBN,population,population,6.759172164098234
primary_total_co2,M0star,MYS,population,population,7.479636757705204
primary_total_co2,M0star,MNG,population,population,6.4551323135189955
primary_total_co2,M0star,NPL,population,population,7.440751653256151
primary_total_co2,M0star,OMN,population,population,6.5836424801017275
primary_total_co2,M0star,PAK,population,population,8.32443469719558
primary_total_co2,M0star,PHL,population,population,8.008925064275203
primary_total_co2,M0star,QAT,population,population,6.308062604336738
primary_total_co2,M0star,SAU,population,population,7.4475739017888225
primary_total_co2,M0star,KOR,population,population,7.699587722216534
primary_total_co2,M0star,LKA,population,population,7.32957743876949
primary_total_co2,M0star,SYR,population,population,7.335797199842345
primary_total_co2,M0star,TWN,population,population,7.369528844939075
primary_total_co2,M0star,TJK,population,population,6.914699174948477
primary_total_co2,M0star,THA,population,population,7.844136018099344
primary_total_co2,M0star,TUR,population,population,7.883110593585389
primary_total_co2,M0star,TKM,population,population,6.773738772330727
primary_total_co2,M0star,ARE,population,population,6.893864416474685
primary_total_co2,M0star,UZB,population,population,7.473108202341121
primary_total_co2,M0star,VNM,population,population,7.956999246761118
primary_total_co2,M0star,YEM,population,population,7.467059601294319
primary_total_co2,M0star,ALB,population,population,6.463530328570472
primary_total_co2,M0star,AUT,population,population,6.9284681091597955
primary_total_co2,M0star,BLR,population,population,6.976095564773477
primary_total_co2,M0star,BEL,population,population,7.047674973999279
primary_total_co2,M0star,BIH,population,population,6.557610289495604
primary_total_co2,M0star,BGR,population,population,6.861212005284552
primary_total_co2,M0star,HRV,population,population,6.627611921220393
primary_total_co2,M0star,CYP,population,population,6.073314653726718
primary_total_co2,M0star,CZE,population,population,7.021650812201932
primary_total_co2,M0star,DNK,population,population,6.749375515855583
primary_total_co2,M0star,EST,population,population,6.1198890486396085
primary_total_co2,M0star,FIN,population,population,6.735523610140002
primary_total_co2,M0star,FRA,population,population,7.80880315470863
primary_total_co2,M0star,DEU,population,population,7.908707904870466
primary_total_co2,M0star,GRC,population,population,7.040108989417488
primary_total_co2,M0star,HUN,population,population,6.995167484051263
primary_total_co2,M0star,ISL,population,population,5.510398880382385
primary_total_co2,M0star,IRL,population,population,6.665082251000093
primary_total_co2,M0star,ITA,population,population,7.782858473140336
primary_total_co2,M0star,LVA,population,population,6.303844637867393
primary_total_co2,M0star,LTU,population,population,6.471050874954516
primary_total_co2,M0star,MKD,population,population,6.3039041792595025
primary_total_co2,M0star,MDA,population,population,6.532594004296075
primary_total_co2,M0star,MNE,population,population,5.8015402203172535
primary_total_co2,M0star,NLD,population,population,7.229606749201902
primary_total_co2,M0star,NOR,population,population,6.705874484021341
primary_total_co2,M0star,POL,population,population,7.58273664522853
primary_total_co2,M0star,PRT,population,population,7.019460555719498
primary_total_co2,M0star,ROU,population,population,7.302393989899721
primary_total_co2,M0star,RUS,population,population,8.16018062182119
primary_total_co2,M0star,SRB,population,population,6.861903613273627
primary_total_co2,M0star,SVK,population,population,6.733231140360503
primary_total_co2,M0star,SVN,population,population,6.313118577021262
primary_total_co2,M0star,ESP,population,population,7.670805935803977
primary_total_co2,M0star,SWE,population,population,6.982299280319174
primary_total_co2,M0star,CHE,population,population,6.90801288261355
primary_total_co2,M0star,UKR,population,population,7.663952950304367
primary_total_co2,M0star,GBR,population,population,7.8088142837955985
primary_total_co2,M0star,BHS,population,population,5.578589933656245
primary_total_co2,M0star,CAN,population,population,7.547693756671519
primary_total_co2,M0star,CRI,population,population,6.673587885900976
primary_total_co2,M0star,CUB,population,population,7.0530078360659045
primary_total_co2,M0star,DOM,population,population,7.0083377275197964
primary_total_co2,M0star,SLV,population,population,6.788086667995949
primary_total_co2,M0star,GTM,population,population,7.1871635218758545
primary_total_co2,M0star,HTI,population,population,7.009551383824838
primary_total_co2,M0star,HND,population,population,6.948866390665476
primary_total_co2,M0star,JAM,population,population,6.4446207132917905
primary_total_co2,M0star,MEX,population,population,8.073144673581162
primary_total_co2,M0star,NIC,population,population,6.776980843483045
primary_total_co2,M0star,PAN,population,population,6.582669247010581
primary_total_co2,M0star,USA,population,population,8.505300261635066
primary_total_co2,M0star,AUS,population,population,7.366166432923759
primary_total_co2,M0star,NZL,population,population,6.648736269027635
primary_total_co2,M0star,PNG,population,population,6.919219345920554
primary_total_co2,M0star,ARG,population,population,7.6292306757420185
primary_total_co2,M0star,BOL,population,population,7.02867745479857
primary_total_co2,M0star,BRA,population,population,8.297713009593641
primary_total_co2,M0star,CHL,population,population,7.247654323145674
primary_total_co2,M0star,COL,population,population,7.664186601924754
primary_total_co2,M0star,ECU,population,population,7.198853079953566
primary_total_co2,M0star,PRY,population,population,6.776878859778663
primary_total_co2,M0star,PER,population,population,7.474477170440693
primary_total_co2,M0star,SUR,population,population,5.755130584229435
primary_total_co2,M0star,URY,population,population,6.524439614291172
primary_total_co2,M0star,VEN,population,population,7.475848283355976
primary_total_co2,M0star,DZA,station_density,population,0.0
primary_total_co2,M0star,AGO,station_density,population,0.3333333333333333
primary_total_co2,M0star,BEN,station_density,population,1.3333333333333333
primary_total_co2,M0star,BWA,station_density,population,0.0
primary_total_co2,M0star,BFA,station_density,population,0.0
primary_total_co2,M0star,BDI,station_density,population,2.0
primary_total_co2,M0star,CMR,station_density,population,1.8
primary_total_co2,M0star,CAF,station_density,population,0.0
primary_total_co2,M0star,TCD,station_density,population,0.0
primary_total_co2,M0star,COG,station_density,population,1.0
primary_total_co2,M0star,COD,station_density,population,0.4782608695652174
primary_total_co2,M0star,CIV,station_density,population,1.3846153846153846
primary_total_co2,M0star,DJI,station_density,population,0.0
primary_total_co2,M0star,EGY,station_density,population,3.0526315789473686
primary_total_co2,M0star,GNQ,station_density,population,0.5
primary_total_co2,M0star,ERI,station_density,population,0.0
primary_total_co2,M0star,ETH,station_density,population,0.4444444444444444
primary_total_co2,M0star,GAB,station_density,population,0.0
primary_total_co2,M0star,GHA,station_density,population,2.0
primary_total_co2,M0star,GIN,station_density,population,0.25
primary_total_co2,M0star,GNB,station_density,population,0.0
primary_total_co2,M0star,KEN,station_density,population,0.5
primary_total_co2,M0star,LSO,station_density,population,1.0
primary_total_co2,M0star,LBR,station_density,population,0.0
primary_total_co2,M0star,LBY,station_density,population,0.8
primary_total_co2,M0star,MDG,station_density,population,0.0
primary_total_co2,M0star,MWI,station_density,population,0.0
primary_total_co2,M0star,MLI,station_density,population,0.0
primary_total_co2,M0star,MRT,station_density,population,0.0
primary_total_co2,M0star,MAR,station_density,population,1.4
primary_total_co2,M0star,MOZ,station_density,population,0.3333333333333333
primary_total_co2,M0star,NAM,station_density,population,0.0
primary_total_co2,M0star,NER,station_density,population,0.3333333333333333
primary_total_co2,M0star,NGA,station_density,population,6.978021978021978
primary_total_co2,M0star,RWA,station_density,population,1.0
primary_total_co2,M0star,SEN,station_density,population,0.75
primary_total_co2,M0star,SLE,station_density,population,0.5
primary_total_co2,M0star,SOM,station_density,population,0.0
primary_total_co2,M0star,ZAF,station_density,population,6.42
primary_total_co2,M0star,SDN,station_density,population,0.6
primary_total_co2,M0star,SWZ,station_density,population,2.0
primary_total_co2,M0star,TZA,station_density,population,0.4375
primary_total_co2,M0star,TGO,station_density,population,0.0
primary_total_co2,M0star,TUN,station_density,population,1.2
primary_total_co2,M0star,UGA,station_density,population,0.6666666666666666
primary_total_co2,M0star,ZMB,station_density,population,1.875
primary_total_co2,M0star,ZWE,station_density,population,2.0
primary_total_co2,M0star,AFG,station_density,population,0.5
primary_total_co2,M0star,ARM,station_density,population,3.0
primary_total_co2,M0star,AZE,station_density,population,0.0
primary_total_co2,M0star,BGD,station_density,population,7.947368421052632
primary_total_co2,M0star,MMR,station_density,population,1.1
primary_total_co2,M0star,KHM,station_density,population,0.0
primary_total_co2,M0star,CHN,station_density,population,3.623684210526316
primary_total_co2,M0star,GEO,station_density,population,3.0
primary_total_co2,M0star,IND,station_density,population,7.294117647058823
primary_total_co2,M0star,IDN,station_density,population,12.931034482758621
primary_total_co2,M0star,IRN,station_density,population,1.7727272727272727
primary_total_co2,M0star,IRQ,station_density,population,1.5
primary_total_co2,M0star,ISR,station_density,population,4.444444444444445
primary_total_co2,M0star,JPN,station_density,population,29.954285714285714
primary_total_co2,M0star,JOR,station_density,population,7.0
primary_total_co2,M0star,KAZ,station_density,population,0.26666666666666666
primary_total_co2,M0star,LAO,station_density,population,0.0
primary_total_co2,M0star,LBN,station_density,population,3.6666666666666665
primary_total_co2,M0star,MYS,station_density,population,2.9375
primary_total_co2,M0star,MNG,station_density,population,0.0
primary_total_co2,M0star,NPL,station_density,population,4.142857142857143
primary_total_co2,M0star,OMN,station_density,population,0.0
primary_total_co2,M0star,PAK,station_density,population,6.508474576271187
primary_total_co2,M0star,PHL,station_density,population,9.692307692307692
primary_total_co2,M0star,QAT,station_density,population,0.0
primary_total_co2,M0star,SAU,station_density,population,0.0
primary_total_co2,M0star,KOR,station_density,population,0.0
primary_total_co2,M0star,LKA,station_density,population,2.4444444444444446
primary_total_co2,M0star,SYR,station_density,population,3.0
primary_total_co2,M0star,TWN,station_density,population,9.866666666666667
primary_total_co2,M0star,TJK,station_density,population,1.0
primary_total_co2,M0star,THA,station_density,population,2.5714285714285716
primary_total_co2,M0star,TUR,station_density,population,1.3725490196078431
primary_total_co2,M0star,TKM,station_density,population,0.6666666666666666
primary_total_co2,M0star,ARE,station_density,population,2.0
primary_total_co2,M0star,UZB,station_density,population,0.875
primary_total_co2,M0star,VNM,station_density,population,2.433333333333333
primary_total_co2,M0star,YEM,station_density,population,0.0
primary_total_co2,M0star,ALB,station_density,population,2.0
primary_total_co2,M0star,AUT,station_density,population,0.8
primary_total_co2,M0star,BLR,station_density,population,0.5
primary_total_co2,M0star,BEL,station_density,population,7.857142857142857
primary_total_co2,M0star,BIH,station_density,population,2.4
primary_total_co2,M0star,BGR,station_density,population,1.1428571428571428
primary_total_co2,M0star,HRV,station_density,population,1.3333333333333333
primary_total_co2,M0star,CYP,station_density,population,0.0
primary_total_co2,M0star,CZE,station_density,population,4.8
primary_total_co2,M0star,DNK,station_density,population,1.0
primary_total_co2,M0star,EST,station_density,population,0.0
primary_total_co2,M0star,FIN,station_density,population,0.4
primary_total_co2,M0star,FRA,station_density,population,2.1944444444444446
primary_total_co2,M0star,DEU,station_density,population,9.88888888888889
primary_total_co2,M0star,GRC,station_density,population,0.8571428571428571
primary_total_co2,M0star,HUN,station_density,population,2.3333333333333335
primary_total_co2,M0star,ISL,station_density,population,0.0
primary_total_co2,M0star,IRL,station_density,population,0.0
primary_total_co2,M0star,ITA,station_density,population,3.3333333333333335
primary_total_co2,M0star,LVA,station_density,population,1.0
primary_total_co2,M0star,LTU,station_density,population,1.4
primary_total_co2,M0star,MKD,station_density,population,4.0
primary_total_co2,M0star,MDA,station_density,population,2.0
primary_total_co2,M0star,MNE,station_density,population,0.0
primary_total_co2,M0star,NLD,station_density,population,17.875
primary_total_co2,M0star,NOR,station_density,population,0.0
primary_total_co2,M0star,POL,station_density,population,6.605263157894737
primary_total_co2,M0star,PRT,station_density,population,2.5714285714285716
primary_total_co2,M0star,ROU,station_density,population,2.84
primary_total_co2,M0star,RUS,station_density,population,1.7820512820512822
primary_total_co2,M0star,SRB,station_density,population,2.5
primary_total_co2,M0star,SVK,station_density,population,1.5
primary_total_co2,M0star,SVN,station_density,population,2.0
primary_total_co2,M0star,ESP,station_density,population,3.32
primary_total_co2,M0star,SWE,station_density,population,0.4
primary_total_co2,M0star,CHE,station_density,population,4.0
primary_total_co2,M0star,UKR,station_density,population,0.7916666666666666
primary_total_co2,M0star,GBR,station_density,population,10.647058823529411
primary_total_co2,M0star,BHS,station_density,population,0.0
primary_total_co2,M0star,CAN,station_density,population,1.36
primary_total_co2,M0star,CRI,station_density,population,0.0
primary_total_co2,M0star,CUB,station_density,population,1.5714285714285714
primary_total_co2,M0star,DOM,station_density,population,2.888888888888889
primary_total_co2,M0star,SLV,station_density,population,3.3333333333333335
primary_total_co2,M0star,GTM,station_density,population,8.0
primary_total_co2,M0star,HTI,station_density,population,2.4
primary_total_co2,M0star,HND,station_density,population,2.4
primary_total_co2,M0star,JAM,station_density,population,0.6666666666666666
primary_total_co2,M0star,MEX,station_density,population,5.298969072164948
primary_total_co2,M0star,NIC,station_density,population,1.0
primary_total_co2,M0star,PAN,station_density,population,1.0
primary_total_co2,M0star,USA,station_density,population,5.36964980544747
primary_total_co2,M0star,AUS,station_density,population,0.42857142857142855
primary_total_co2,M0star,NZL,station_density,population,0.8888888888888888
primary_total_co2,M0star,PNG,station_density,population,0.0
primary_total_co2,M0star,ARG,station_density,population,0.4375
primary_total_co2,M0star,BOL,station_density,population,0.0
primary_total_co2,M0star,BRA,station_density,population,9.672727272727272
primary_total_co2,M0star,CHL,station_density,population,0.7916666666666666
primary_total_co2,M0star,COL,station_density,population,3.3333333333333335
primary_total_co2,M0star,ECU,station_density,population,1.1538461538461537
primary_total_co2,M0star,PRY,station_density,population,2.6
primary_total_co2,M0star,PER,station_density,population,0.5
primary_total_co2,M0star,SUR,station_density,population,0.0
primary_total_co2,M0star,URY,station_density,population,0.5
primary_total_co2,M0star,VEN,station_density,population,5.075
primary_total_co2,M0star,DZA,climate_zone=B,geography,0.0
primary_total_co2,M0star,AGO,climate_zone=B,geography,0.0
primary_total_co2,M0star,BEN,climate_zone=B,geography,0.0
primary_total_co2,M0star,BWA,climate_zone=B,geography,1.0
primary_total_co2,M0star,BFA,climate_zone=B,geography,0.0
primary_total_co2,M0star,BDI,climate_zone=B,geography,0.0
primary_total_co2,M0star,CMR,climate_zone=B,geography,0.0
primary_total_co2,M0star,CAF,climate_zone=B,geography,0.0
primary_total_co2,M0star,TCD,climate_zone=B,geography,0.0
primary_total_co2,M0star,COG,climate_zone=B,geography,0.0
primary_total_co2,M0star,COD,climate_zone=B,geography,0.0
primary_total_co2,M0star,CIV,climate_zone=B,geography,0.0
primary_total_co2,M0star,DJI,climate_zone=B,geography,1.0
primary_total_co2,M0star,EGY,climate_zone=B,geography,1.0
primary_total_co2,M0star,GNQ,climate_zone=B,geography,0.0
primary_total_co2,M0star,ERI,climate_zone=B,geography,1.0
primary_total_co2,M0star,ETH,climate_zone=B,geography,0.0
primary_total_co2,M0star,GAB,climate_zone=B,geography,0.0
primary_total_co2,M0star,GHA,climate_zone=B,geography,0.0
primary_total_co2,M0star,GIN,climate_zone=B,geography,0.0
primary_total_co2,M0star,GNB,climate_zone=B,geography,0.0
primary_total_co2,M0star,KEN,climate_zone=B,geography,0.0
primary_total_co2,M0star,LSO,climate_zone=B,geography,0.0
primary_total_co2,M0star,LBR,climate_zone=B,geography,0.0
primary_total_co2,M0star,LBY,climate_zone=B,geography,1.0
primary_total_co2,M0star,MDG,climate_zone=B,geography,0.0
primary_total_co2,M0star,MWI,climate_zone=B,geography,0.0
primary_total_co2,M0star,MLI,climate_zone=B,geography,0.0
primary_total_co2,M0star,MRT,climate_zone=B,geography,1.0
primary_total_co2,M0star,MAR,climate_zone=B,geography,0.0
primary_total_co2,M0star,MOZ,climate_zone=B,geography,0.0
primary_total_co2,M0star,NAM,climate_zone=B,geography,1.0
primary_total_co2,M0star,NER,climate_zone=B,geography,1.0
primary_total_co2,M0star,NGA,climate_zone=B,geography,0.0
primary_total_co2,M0star,RWA,climate_zone=B,geography,0.0
primary_total_co2,M0star,SEN,climate_zone=B,geography,1.0
primary_total_co2,M0star,SLE,climate_zone=B,geography,0.0
primary_total_co2,M0star,SOM,climate_zone=B,geography,1.0
primary_total_co2,M0star,ZAF,climate_zone=B,geography,0.0
primary_total_co2,M0star,SDN,climate_zone=B,geography,1.0
primary_total_co2,M0star,SWZ,climate_zone=B,geography,1.0
primary_total_co2,M0star,TZA,climate_zone=B,geography,0.0
primary_total_co2,M0star,TGO,climate_zone=B,geography,0.0
primary_total_co2,M0star,TUN,climate_zone=B,geography,1.0
primary_total_co2,M0star,UGA,climate_zone=B,geography,0.0
primary_total_co2,M0star,ZMB,climate_zone=B,geography,0.0
primary_total_co2,M0star,ZWE,climate_zone=B,geography,0.0
primary_total_co2,M0star,AFG,climate_zone=B,geography,1.0
primary_total_co2,M0star,ARM,climate_zone=B,geography,0.0
primary_total_co2,M0star,AZE,climate_zone=B,geography,0.0
primary_total_co2,M0star,BGD,climate_zone=B,geography,0.0
primary_total_co2,M0star,MMR,climate_zone=B,geography,0.0
primary_total_co2,M0star,KHM,climate_zone=B,geography,0.0
primary_total_co2,M0star,CHN,climate_zone=B,geography,0.0
primary_total_co2,M0star,GEO,climate_zone=B,geography,0.0
primary_total_co2,M0star,IND,climate_zone=B,geography,0.0
primary_total_co2,M0star,IDN,climate_zone=B,geography,0.0
primary_total_co2,M0star,IRN,climate_zone=B,geography,1.0
primary_total_co2,M0star,IRQ,climate_zone=B,geography,0.0
primary_total_co2,M0star,ISR,climate_zone=B,geography,1.0
primary_total_co2,M0star,JPN,climate_zone=B,geography,0.0
primary_total_co2,M0star,JOR,climate_zone=B,geography,0.0
primary_total_co2,M0star,KAZ,climate_zone=B,geography,1.0
primary_total_co2,M0star,LAO,climate_zone=B,geography,0.0
primary_total_co2,M0star,LBN,climate_zone=B,geography,0.0
primary_total_co2,M0star,MYS,climate_zone=B,geography,0.0
primary_total_co2,M0star,MNG,climate_zone=B,geography,1.0
primary_total_co2,M0star,NPL,climate_zone=B,geography,0.0
primary_total_co2,M0star,OMN,climate_zone=B,geography,1.0
primary_total_co2,M0star,PAK,climate_zone=B,geography,1.0
primary_total_co2,M0star,PHL,climate_zone=B,geography,0.0
primary_total_co2,M0star,QAT,climate_zone=B,geography,1.0
primary_total_co2,M0star,SAU,climate_zone=B,geography,1.0
primary_total_co2,M0star,KOR,climate_zone=B,geography,0.0
primary_total_co2,M0star,LKA,climate_zone=B,geography,0.0
primary_total_co2,M0star,SYR,climate_zone=B,geography,1.0
primary_total_co2,M0star,TWN,climate_zone=B,geography,0.0
primary_total_co2,M0star,TJK,climate_zone=B,geography,0.0
primary_total_co2,M0star,THA,climate_zone=B,geography,0.0
primary_total_co2,M0star,TUR,climate_zone=B,geography,0.0
primary_total_co2,M0star,TKM,climate_zone=B,geography,1.0
primary_total_co2,M0star,ARE,climate_zone=B,geography,1.0
primary_total_co2,M0star,UZB,climate_zone=B,geography,1.0
primary_total_co2,M0star,VNM,climate_zone=B,geography,0.0
primary_total_co2,M0star,YEM,climate_zone=B,geography,1.0
primary_total_co2,M0star,ALB,climate_zone=B,geography,0.0
primary_total_co2,M0star,AUT,climate_zone=B,geography,0.0
primary_total_co2,M0star,BLR,climate_zone=B,geography,0.0
primary_total_co2,M0star,BEL,climate_zone=B,geography,0.0
primary_total_co2,M0star,BIH,climate_zone=B,geography,0.0
primary_total_co2,M0star,BGR,climate_zone=B,geography,0.0
primary_total_co2,M0star,HRV,climate_zone=B,geography,0.0
primary_total_co2,M0star,CYP,climate_zone=B,geography,0.0
primary_total_co2,M0star,CZE,climate_zone=B,geography,0.0
primary_total_co2,M0star,DNK,climate_zone=B,geography,0.0
primary_total_co2,M0star,EST,climate_zone=B,geography,0.0
primary_total_co2,M0star,FIN,climate_zone=B,geography,0.0
primary_total_co2,M0star,FRA,climate_zone=B,geography,0.0
primary_total_co2,M0star,DEU,climate_zone=B,geography,0.0
primary_total_co2,M0star,GRC,climate_zone=B,geography,0.0
primary_total_co2,M0star,HUN,climate_zone=B,geography,0.0
primary_total_co2,M0star,ISL,climate_zone=B,geography,0.0
primary_total_co2,M0star,IRL,climate_zone=B,geography,0.0
primary_total_co2,M0star,ITA,climate_zone=B,geography,0.0
primary_total_co2,M0star,LVA,climate_zone=B,geography,0.0
primary_total_co2,M0star,LTU,climate_zone=B,geography,0.0
primary_total_co2,M0star,MKD,climate_zone=B,geography,0.0
primary_total_co2,M0star,MDA,climate_zone=B,geography,0.0
primary_total_co2,M0star,MNE,climate_zone=B,geography,0.0
primary_total_co2,M0star,NLD,climate_zone=B,geography,0.0
primary_total_co2,M0star,NOR,climate_zone=B,geography,0.0
primary_total_co2,M0star,POL,climate_zone=B,geography,0.0
primary_total_co2,M0star,PRT,climate_zone=B,geography,0.0
primary_total_co2,M0star,ROU,climate_zone=B,geography,0.0
primary_total_co2,M0star,RUS,climate_zone=B,geography,0.0
primary_total_co2,M0star,SRB,climate_zone=B,geography,0.0
primary_total_co2,M0star,SVK,climate_zone=B,geography,0.0
primary_total_co2,M0star,SVN,climate_zone=B,geography,0.0
primary_total_co2,M0star,ESP,climate_zone=B,geography,0.0
primary_total_co2,M0star,SWE,climate_zone=B,geography,0.0
primary_total_co2,M0star,CHE,climate_zone=B,geography,0.0
primary_total_co2,M0star,UKR,climate_zone=B,geography,0.0
primary_total_co2,M0star,GBR,climate_zone=B,geography,0.0
primary_total_co2,M0star,BHS,climate_zone=B,geography,0.0
primary_total_co2,M0star,CAN,climate_zone=B,geography,0.0
primary_total_co2,M0star,CRI,climate_zone=B,geography,0.0
primary_total_co2,M0star,CUB,climate_zone=B,geography,0.0
primary_total_co2,M0star,DOM,climate_zone=B,geography,0.0
primary_total_co2,M0star,SLV,climate_zone=B,geography,0.0
primary_total_co2,M0star,GTM,climate_zone=B,geography,0.0
primary_total_co2,M0star,HTI,climate_zone=B,geography,0.0
primary_total_co2,M0star,HND,climate_zone=B,geography,0.0
primary_total_co2,M0star,JAM,climate_zone=B,geography,0.0
primary_total_co2,M0star,MEX,climate_zone=B,geography,0.0
primary_total_co2,M0star,NIC,climate_zone=B,geography,0.0
primary_total_co2,M0star,PAN,climate_zone=B,geography,0.0
primary_total_co2,M0star,USA,climate_zone=B,geography,0.0
primary_total_co2,M0star,AUS,climate_zone=B,geography,0.0
primary_total_co2,M0star,NZL,climate_zone=B,geography,0.0
primary_total_co2,M0star,PNG,climate_zone=B,geography,0.0
primary_total_co2,M0star,ARG,climate_zone=B,geography,1.0
primary_total_co2,M0star,BOL,climate_zone=B,geography,0.0
primary_total_co2,M0star,BRA,climate_zone=B,geography,0.0
primary_total_co2,M0star,CHL,climate_zone=B,geography,0.0
primary_total_co2,M0star,COL,climate_zone=B,geography,0.0
primary_total_co2,M0star,ECU,climate_zone=B,geography,0.0
primary_total_co2,M0star,PRY,climate_zone=B,geography,0.0
primary_total_co2,M0star,PER,climate_zone=B,geography,1.0
primary_total_co2,M0star,SUR,climate_zone=B,geography,0.0
primary_total_co2,M0star,URY,climate_zone=B,geography,0.0
primary_total_co2,M0star,VEN,climate_zone=B,geography,0.0
primary_total_co2,M0star,DZA,climate_zone=C,geography,1.0
primary_total_co2,M0star,AGO,climate_zone=C,geography,1.0
primary_total_co2,M0star,BEN,climate_zone=C,geography,0.0
primary_total_co2,M0star,BWA,climate_zone=C,geography,0.0
primary_total_co2,M0star,BFA,climate_zone=C,geography,0.0
primary_total_co2,M0star,BDI,climate_zone=C,geography,0.0
primary_total_co2,M0star,CMR,climate_zone=C,geography,0.0
primary_total_co2,M0star,CAF,climate_zone=C,geography,0.0
primary_total_co2,M0star,TCD,climate_zone=C,geography,0.0
primary_total_co2,M0star,COG,climate_zone=C,geography,0.0
primary_total_co2,M0star,COD,climate_zone=C,geography,0.0
primary_total_co2,M0star,CIV,climate_zone=C,geography,0.0
primary_total_co2,M0star,DJI,climate_zone=C,geography,0.0
primary_total_co2,M0star,EGY,climate_zone=C,geography,0.0
primary_total_co2,M0star,GNQ,climate_zone=C,geography,0.0
primary_total_co2,M0star,ERI,climate_zone=C,geography,0.0
primary_total_co2,M0star,ETH,climate_zone=C,geography,0.0
primary_total_co2,M0star,GAB,climate_zone=C,geography,0.0
primary_total_co2,M0star,GHA,climate_zone=C,geography,0.0
primary_total_co2,M0star,GIN,climate_zone=C,geography,0.0
primary_total_co2,M0star,GNB,climate_zone=C,geography,0.0
primary_total_co2,M0star,KEN,climate_zone=C,geography,0.0
primary_total_co2,M0star,LSO,climate_zone=C,geography,1.0
primary_total_co2,M0star,LBR,climate_zone=C,geography,0.0
primary_total_co2,M0star,LBY,climate_zone=C,geography,0.0
primary_total_co2,M0star,MDG,climate_zone=C,geography,0.0
primary_total_co2,M0star,MWI,climate_zone=C,geography,0.0
primary_total_co2,M0star,MLI,climate_zone=C,geography,0.0
primary_total_co2,M0star,MRT,climate_zone=C,geography,0.0
primary_total_co2,M0star,MAR,climate_zone=C,geography,1.0
primary_total_co2,M0star,MOZ,climate_zone=C,geography,0.0
primary_total_co2,M0star,NAM,climate_zone=C,geography,0.0
primary_total_co2,M0star,NER,climate_zone=C,geography,0.0
primary_total_co2,M0star,NGA,climate_zone=C,geography,0.0
primary_total_co2,M0star,RWA,climate_zone=C,geography,0.0
primary_total_co2,M0star,SEN,climate_zone=C,geography,0.0
primary_total_co2,M0star,SLE,climate_zone=C,geography,0.0
primary_total_co2,M0star,SOM,climate_zone=C,geography,0.0
primary_total_co2,M0star,ZAF,climate_zone=C,geography,1.0
primary_total_co2,M0star,SDN,climate_zone=C,geography,0.0
primary_total_co2,M0star,SWZ,climate_zone=C,geography,0.0
primary_total_co2,M0star,TZA,climate_zone=C,geography,0.0
primary_total_co2,M0star,TGO,climate_zone=C,geography,0.0
primary_total_co2,M0star,TUN,climate_zone=C,geography,0.0
primary_total_co2,M0star,UGA,climate_zone=C,geography,0.0
primary_total_co2,M0star,ZMB,climate_zone=C,geography,1.0
primary_total_co2,M0star,ZWE,climate_zone=C,geography,1.0
primary_total_co2,M0star,AFG,climate_zone=C,geography,0.0
primary_total_co2,M0star,ARM,climate_zone=C,geography,0.0
primary_total_co2,M0star,AZE,climate_zone=C,geography,0.0
primary_total_co2,M0star,BGD,climate_zone=C,geography,0.0
primary_total_co2,M0star,MMR,climate_zone=C,geography,0.0
primary_total_co2,M0star,KHM,climate_zone=C,geography,0.0
primary_total_co2,M0star,CHN,climate_zone=C,geography,1.0
primary_total_co2,M0star,GEO,climate_zone=C,geography,0.0
primary_total_co2,M0star,IND,climate_zone=C,geography,0.0
primary_total_co2,M0star,IDN,climate_zone=C,geography,0.0
primary_total_co2,M0star,IRN,climate_zone=C,geography,0.0
primary_total_co2,M0star,IRQ,climate_zone=C,geography,1.0
primary_total_co2,M0star,ISR,climate_zone=C,geography,0.0
primary_total_co2,M0star,JPN,climate_zone=C,geography,1.0
primary_total_co2,M0star,JOR,climate_zone=C,geography,1.0
primary_total_co2,M0star,KAZ,climate_zone=C,geography,0.0
primary_total_co2,M0star,LAO,climate_zone=C,geography,0.0
primary_total_co2,M0star,LBN,climate_zone=C,geography,1.0
primary_total_co2,M0star,MYS,climate_zone=C,geography,0.0
primary_total_co2,M0star,MNG,climate_zone=C,geography,0.0
primary_total_co2,M0star,NPL,climate_zone=C,geography,1.0
primary_total_co2,M0star,OMN,climate_zone=C,geography,0.0
primary_total_co2,M0star,PAK,climate_zone=C,geography,0.0
primary_total_co2,M0star,PHL,climate_zone=C,geography,0.0
primary_total_co2,M0star,QAT,climate_zone=C,geography,0.0
primary_total_co2,M0star,SAU,climate_zone=C,geography,0.0
primary_total_co2,M0star,KOR,climate_zone=C,geography,0.0
primary_total_co2,M0star,LKA,climate_zone=C,geography,0.0
primary_total_co2,M0star,SYR,climate_zone=C,geography,0.0
primary_total_co2,M0star,TWN,climate_zone=C,geography,1.0
primary_total_co2,M0star,TJK,climate_zone=C,geography,0.0
primary_total_co2,M0star,THA,climate_zone=C,geography,0.0
primary_total_co2,M0star,TUR,climate_zone=C,geography,1.0
primary_total_co2,M0star,TKM,climate_zone=C,geography,0.0
primary_total_co2,M0star,ARE,climate_zone=C,geography,0.0
primary_total_co2,M0star,UZB,climate_zone=C,geography,0.0
primary_total_co2,M0star,VNM,climate_zone=C,geography,0.0
primary_total_co2,M0star,YEM,climate_zone=C,geography,0.0
primary_total_co2,M0star,ALB,climate_zone=C,geography,1.0
primary_total_co2,M0star,AUT,climate_zone=C,geography,0.0
primary_total_co2,M0star,BLR,climate_zone=C,geography,0.0
primary_total_co2,M0star,BEL,climate_zone=C,geography,1.0
primary_total_co2,M0star,BIH,climate_zone=C,geography,0.0
primary_total_co2,M0star,BGR,climate_zone=C,geography,0.0
primary_total_co2,M0star,HRV,climate_zone=C,geography,0.0
primary_total_co2,M0star,CYP,climate_zone=C,geography,1.0
primary_total_co2,M0star,CZE,climate_zone=C,geography,0.0
primary_total_co2,M0star,DNK,climate_zone=C,geography,1.0
primary_total_co2,M0star,EST,climate_zone=C,geography,0.0
primary_total_co2,M0star,FIN,climate_zone=C,geography,0.0
primary_total_co2,M0star,FRA,climate_zone=C,geography,1.0
primary_total_co2,M0star,DEU,climate_zone=C,geography,1.0
primary_total_co2,M0star,GRC,climate_zone=C,geography,1.0
primary_total_co2,M0star,HUN,climate_zone=C,geography,0.0
primary_total_co2,M0star,ISL,climate_zone=C,geography,0.0
primary_total_co2,M0star,IRL,climate_zone=C,geography,1.0
primary_total_co2,M0star,ITA,climate_zone=C,geography,1.0
primary_total_co2,M0star,LVA,climate_zone=C,geography,0.0
primary_total_co2,M0star,LTU,climate_zone=C,geography,0.0
primary_total_co2,M0star,MKD,climate_zone=C,geography,0.0
primary_total_co2,M0star,MDA,climate_zone=C,geography,0.0
primary_total_co2,M0star,MNE,climate_zone=C,geography,0.0
primary_total_co2,M0star,NLD,climate_zone=C,geography,1.0
primary_total_co2,M0star,NOR,climate_zone=C,geography,0.0
primary_total_co2,M0star,POL,climate_zone=C,geography,0.0
primary_total_co2,M0star,PRT,climate_zone=C,geography,1.0
primary_total_co2,M0star,ROU,climate_zone=C,geography,0.0
primary_total_co2,M0star,RUS,climate_zone=C,geography,0.0
primary_total_co2,M0star,SRB,climate_zone=C,geography,0.0
primary_total_co2,M0star,SVK,climate_zone=C,geography,0.0
primary_total_co2,M0star,SVN,climate_zone=C,geography,0.0
primary_total_co2,M0star,ESP,climate_zone=C,geography,1.0
primary_total_co2,M0star,SWE,climate_zone=C,geography,0.0
primary_total_co2,M0star,CHE,climate_zone=C,geography,0.0
primary_total_co2,M0star,UKR,climate_zone=C,geography,0.0
primary_total_co2,M0star,GBR,climate_zone=C,geography,1.0
primary_total_co2,M0star,BHS,climate_zone=C,geography,0.0
primary_total_co2,M0star,CAN,climate_zone=C,geography,0.0
primary_total_co2,M0star,CRI,climate_zone=C,geography,0.0
primary_total_co2,M0star,CUB,climate_zone=C,geography,0.0
primary_total_co2,M0star,DOM,climate_zone=C,geography,0.0
primary_total_co2,M0star,SLV,climate_zone=C,geography,0.0
primary_total_co2,M0star,GTM,climate_zone=C,geography,1.0
primary_total_co2,M0star,HTI,climate_zone=C,geography,0.0
primary_total_co2,M0star,HND,climate_zone=C,geography,0.0
primary_total_co2,M0star,JAM,climate_zone=C,geography,0.0
primary_total_co2,M0star,MEX,climate_zone=C,geography,1.0
primary_total_co2,M0star,NIC,climate_zone=C,geography,0.0
primary_total_co2,M0star,PAN,climate_zone=C,geography,0.0
primary_total_co2,M0star,USA,climate_zone=C,geography,1.0
primary_total_co2,M0star,AUS,climate_zone=C,geography,1.0
primary_total_co2,M0star,NZL,climate_zone=C,geography,1.0
primary_total_co2,M0star,PNG,climate_zone=C,geography,0.0
primary_total_co2,M0star,ARG,climate_zone=C,geography,0.0
primary_total_co2,M0star,BOL,climate_zone=C,geography,1.0
primary_total_co2,M0star,BRA,climate_zone=C,geography,1.0
primary_total_co2,M0star,CHL,climate_zone=C,geography,1.0
primary_total_co2,M0star,COL,climate_zone=C,geography,0.0
primary_total_co2,M0star,ECU,climate_zone=C,geography,0.0
primary_total_co2,M0star,PRY,climate_zone=C,geography,0.0
primary_total_co2,M0star,PER,climate_zone=C,geography,0.0
primary_total_co2,M0star,SUR,climate_zone=C,geography,0.0
primary_total_co2,M0star,URY,climate_zone=C,geography,1.0
primary_total_co2,M0star,VEN,climate_zone=C,geography,0.0
primary_total_co2,M0star,DZA,climate_zone=D,geography,0.0
primary_total_co2,M0star,AGO,climate_zone=D,geography,0.0
primary_total_co2,M0star,BEN,climate_zone=D,geography,0.0
primary_total_co2,M0star,BWA,climate_zone=D,geography,0.0
primary_total_co2,M0star,BFA,climate_zone=D,geography,0.0
primary_total_co2,M0star,BDI,climate_zone=D,geography,0.0
primary_total_co2,M0star,CMR,climate_zone=D,geography,0.0
primary_total_co2,M0star,CAF,climate_zone=D,geography,0.0
primary_total_co2,M0star,TCD,climate_zone=D,geography,0.0
primary_total_co2,M0star,COG,climate_zone=D,geography,0.0
primary_total_co2,M0star,COD,climate_zone=D,geography,0.0
primary_total_co2,M0star,CIV,climate_zone=D,geography,0.0
primary_total_co2,M0star,DJI,climate_zone=D,geography,0.0
primary_total_co2,M0star,EGY,climate_zone=D,geography,0.0
primary_total_co2,M0star,GNQ,climate_zone=D,geography,0.0
primary_total_co2,M0star,ERI,climate_zone=D,geography,0.0
primary_total_co2,M0star,ETH,climate_zone=D,geography,0.0
primary_total_co2,M0star,GAB,climate_zone=D,geography,0.0
primary_total_co2,M0star,GHA,climate_zone=D,geography,0.0
primary_total_co2,M0star,GIN,climate_zone=D,geography,0.0
primary_total_co2,M0star,GNB,climate_zone=D,geography,0.0
primary_total_co2,M0star,KEN,climate_zone=D,geography,0.0
primary_total_co2,M0star,LSO,climate_zone=D,geography,0.0
primary_total_co2,M0star,LBR,climate_zone=D,geography,0.0
primary_total_co2,M0star,LBY,climate_zone=D,geography,0.0
primary_total_co2,M0star,MDG,climate_zone=D,geography,0.0
primary_total_co2,M0star,MWI,climate_zone=D,geography,0.0
primary_total_co2,M0star,MLI,climate_zone=D,geography,0.0
primary_total_co2,M0star,MRT,climate_zone=D,geography,0.0
primary_total_co2,M0star,MAR,climate_zone=D,geography,0.0
primary_total_co2,M0star,MOZ,climate_zone=D,geography,0.0
primary_total_co2,M0star,NAM,climate_zone=D,geography,0.0
primary_total_co2,M0star,NER,climate_zone=D,geography,0.0
primary_total_co2,M0star,NGA,climate_zone=D,geography,0.0
primary_total_co2,M0star,RWA,climate_zone=D,geography,0.0
primary_total_co2,M0star,SEN,climate_zone=D,geography,0.0
primary_total_co2,M0star,SLE,climate_zone=D,geography,0.0
primary_total_co2,M0star,SOM,climate_zone=D,geography,0.0
primary_total_co2,M0star,ZAF,climate_zone=D,geography,0.0
primary_total_co2,M0star,SDN,climate_zone=D,geography,0.0
primary_total_co2,M0star,SWZ,climate_zone=D,geography,0.0
primary_total_co2,M0star,TZA,climate_zone=D,geography,0.0
primary_total_co2,M0star,TGO,climate_zone=D,geography,0.0
primary_total_co2,M0star,TUN,climate_zone=D,geography,0.0
primary_total_co2,M0star,UGA,climate_zone=D,geography,0.0
primary_total_co2,M0star,ZMB,climate_zone=D,geography,0.0
primary_total_co2,M0star,ZWE,climate_zone=D,geography,0.0
primary_total_co2,M0star,AFG,climate_zone=D,geography,0.0
primary_total_co2,M0star,ARM,climate_zone=D,geography,1.0
primary_total_co2,M0star,AZE,climate_zone=D,geography,1.0
primary_total_co2,M0star,BGD,climate_zone=D,geography,0.0
primary_total_co2,M0star,MMR,climate_zone=D,geography,0.0
primary_total_co2,M0star,KHM,climate_zone=D,geography,0.0
primary_total_co2,M0star,CHN,climate_zone=D,geography,0.0
primary_total_co2,M0star,GEO,climate_zone=D,geography,1.0
primary_total_co2,M0star,IND,climate_zone=D,geography,0.0
primary_total_co2,M0star,IDN,climate_zone=D,geography,0.0
primary_total_co2,M0star,IRN,climate_zone=D,geography,0.0
primary_total_co2,M0star,IRQ,climate_zone=D,geography,0.0
primary_total_co2,M0star,ISR,climate_zone=D,geography,0.0
primary_total_co2,M0star,JPN,climate_zone=D,geography,0.0
primary_total_co2,M0star,JOR,climate_zone=D,geography,0.0
primary_total_co2,M0star,KAZ,climate_zone=D,geography,0.0
primary_total_co2,M0star,LAO,climate_zone=D,geography,0.0
primary_total_co2,M0star,LBN,climate_zone=D,geography,0.0
primary_total_co2,M0star,MYS,climate_zone=D,geography,0.0
primary_total_co2,M0star,MNG,climate_zone=D,geography,0.0
primary_total_co2,M0star,NPL,climate_zone=D,geography,0.0
primary_total_co2,M0star,OMN,climate_zone=D,geography,0.0
primary_total_co2,M0star,PAK,climate_zone=D,geography,0.0
primary_total_co2,M0star,PHL,climate_zone=D,geography,0.0
primary_total_co2,M0star,QAT,climate_zone=D,geography,0.0
primary_total_co2,M0star,SAU,climate_zone=D,geography,0.0
primary_total_co2,M0star,KOR,climate_zone=D,geography,1.0
primary_total_co2,M0star,LKA,climate_zone=D,geography,0.0
primary_total_co2,M0star,SYR,climate_zone=D,geography,0.0
primary_total_co2,M0star,TWN,climate_zone=D,geography,0.0
primary_total_co2,M0star,TJK,climate_zone=D,geography,1.0
primary_total_co2,M0star,THA,climate_zone=D,geography,0.0
primary_total_co2,M0star,TUR,climate_zone=D,geography,0.0
primary_total_co2,M0star,TKM,climate_zone=D,geography,0.0
primary_total_co2,M0star,ARE,climate_zone=D,geography,0.0
primary_total_co2,M0star,UZB,climate_zone=D,geography,0.0
primary_total_co2,M0star,VNM,climate_zone=D,geography,0.0
primary_total_co2,M0star,YEM,climate_zone=D,geography,0.0
primary_total_co2,M0star,ALB,climate_zone=D,geography,0.0
primary_total_co2,M0star,AUT,climate_zone=D,geography,1.0
primary_total_co2,M0star,BLR,climate_zone=D,geography,1.0
primary_total_co2,M0star,BEL,climate_zone=D,geography,0.0
primary_total_co2,M0star,BIH,climate_zone=D,geography,1.0
primary_total_co2,M0star,BGR,climate_zone=D,geography,1.0
primary_total_co2,M0star,HRV,climate_zone=D,geography,1.0
primary_total_co2,M0star,CYP,climate_zone=D,geography,0.0
primary_total_co2,M0star,CZE,climate_zone=D,geography,1.0
primary_total_co2,M0star,DNK,climate_zone=D,geography,0.0
primary_total_co2,M0star,EST,climate_zone=D,geography,1.0
primary_total_co2,M0star,FIN,climate_zone=D,geography,1.0
primary_total_co2,M0star,FRA,climate_zone=D,geography,0.0
primary_total_co2,M0star,DEU,climate_zone=D,geography,0.0
primary_total_co2,M0star,GRC,climate_zone=D,geography,0.0
primary_total_co2,M0star,HUN,climate_zone=D,geography,1.0
primary_total_co2,M0star,ISL,climate_zone=D,geography,0.0
primary_total_co2,M0star,IRL,climate_zone=D,geography,0.0
primary_total_co2,M0star,ITA,climate_zone=D,geography,0.0
primary_total_co2,M0star,LVA,climate_zone=D,geography,1.0
primary_total_co2,M0star,LTU,climate_zone=D,geography,1.0
primary_total_co2,M0star,MKD,climate_zone=D,geography,1.0
primary_total_co2,M0star,MDA,climate_zone=D,geography,1.0
primary_total_co2,M0star,MNE,climate_zone=D,geography,1.0
primary_total_co2,M0star,NLD,climate_zone=D,geography,0.0
primary_total_co2,M0star,NOR,climate_zone=D,geography,1.0
primary_total_co2,M0star,POL,climate_zone=D,geography,1.0
primary_total_co2,M0star,PRT,climate_zone=D,geography,0.0
primary_total_co2,M0star,ROU,climate_zone=D,geography,1.0
primary_total_co2,M0star,RUS,climate_zone=D,geography,1.0
primary_total_co2,M0star,SRB,climate_zone=D,geography,1.0
primary_total_co2,M0star,SVK,climate_zone=D,geography,1.0
primary_total_co2,M0star,SVN,climate_zone=D,geography,1.0
primary_total_co2,M0star,ESP,climate_zone=D,geography,0.0
primary_total_co2,M0star,SWE,climate_zone=D,geography,1.0
primary_total_co2,M0star,CHE,climate_zone=D,geography,1.0
primary_total_co2,M0star,UKR,climate_zone=D,geography,1.0
primary_total_co2,M0star,GBR,climate_zone=D,geography,0.0
primary_total_co2,M0star,BHS,climate_zone=D,geography,0.0
primary_total_co2,M0star,CAN,climate_zone=D,geography,1.0
primary_total_co2,M0star,CRI,climate_zone=D,geography,0.0
primary_total_co2,M0star,CUB,climate_zone=D,geography,0.0
primary_total_co2,M0star,DOM,climate_zone=D,geography,0.0
primary_total_co2,M0star,SLV,climate_zone=D,geography,0.0
primary_total_co2,M0star,GTM,climate_zone=D,geography,0.0
primary_total_co2,M0star,HTI,climate_zone=D,geography,0.0
primary_total_co2,M0star,HND,climate_zone=D,geography,0.0
primary_total_co2,M0star,JAM,climate_zone=D,geography,0.0
primary_total_co2,M0star,MEX,climate_zone=D,geography,0.0
primary_total_co2,M0star,NIC,climate_zone=D,geography,0.0
primary_total_co2,M0star,PAN,climate_zone=D,geography,0.0
primary_total_co2,M0star,USA,climate_zone=D,geography,0.0
primary_total_co2,M0star,AUS,climate_zone=D,geography,0.0
primary_total_co2,M0star,NZL,climate_zone=D,geography,0.0
primary_total_co2,M0star,PNG,climate_zone=D,geography,0.0
primary_total_co2,M0star,ARG,climate_zone=D,geography,0.0
primary_total_co2,M0star,BOL,climate_zone=D,geography,0.0
primary_total_co2,M0star,BRA,climate_zone=D,geography,0.0
primary_total_co2,M0star,CHL,climate_zone=D,geography,0.0
primary_total_co2,M0star,COL,climate_zone=D,geography,0.0
primary_total_co2,M0star,ECU,climate_zone=D,geography,0.0
primary_total_co2,M0star,PRY,climate_zone=D,geography,0.0
primary_total_co2,M0star,PER,climate_zone=D,geography,0.0
primary_total_co2,M0star,SUR,climate_zone=D,geography,0.0
primary_total_co2,M0star,URY,climate_zone=D,geography,0.0
primary_total_co2,M0star,VEN,climate_zone=D,geography,0.0
primary_total_co2,M0star,DZA,climate_zone=E,geography,0.0
primary_total_co2,M0star,AGO,climate_zone=E,geography,0.0
primary_total_co2,M0star,BEN,climate_zone=E,geography,0.0
primary_total_co2,M0star,BWA,climate_zone=E,geography,0.0
primary_total_co2,M0star,BFA,climate_zone=E,geography,0.0
primary_total_co2,M0star,BDI,climate_zone=E,geography,0.0
primary_total_co2,M0star,CMR,climate_zone=E,geography,0.0
primary_total_co2,M0star,CAF,climate_zone=E,geography,0.0
primary_total_co2,M0star,TCD,climate_zone=E,geography,0.0
primary_total_co2,M0star,COG,climate_zone=E,geography,0.0
primary_total_co2,M0star,COD,climate_zone=E,geography,0.0
primary_total_co2,M0star,CIV,climate_zone=E,geography,0.0
primary_total_co2,M0star,DJI,climate_zone=E,geography,0.0
primary_total_co2,M0star,EGY,climate_zone=E,geography,0.0
primary_total_co2,M0star,GNQ,climate_zone=E,geography,0.0
primary_total_co2,M0star,ERI,climate_zone=E,geography,0.0
primary_total_co2,M0star,ETH,climate_zone=E,geography,0.0
primary_total_co2,M0star,GAB,climate_zone=E,geography,0.0
primary_total_co2,M0star,GHA,climate_zone=E,geography,0.0
primary_total_co2,M0star,GIN,climate_zone=E,geography,0.0
primary_total_co2,M0star,GNB,climate_zone=E,geography,0.0
primary_total_co2,M0star,KEN,climate_zone=E,geography,0.0
primary_total_co2,M0star,LSO,climate_zone=E,geography,0.0
primary_total_co2,M0star,LBR,climate_zone=E,geography,0.0
primary_total_co2,M0star,LBY,climate_zone=E,geography,0.0
primary_total_co2,M0star,MDG,climate_zone=E,geography,0.0
primary_total_co2,M0star,MWI,climate_zone=E,geography,0.0
primary_total_co2,M0star,MLI,climate_zone=E,geography,0.0
primary_total_co2,M0star,MRT,climate_zone=E,geography,0.0
primary_total_co2,M0star,MAR,climate_zone=E,geography,0.0
primary_total_co2,M0star,MOZ,climate_zone=E,geography,0.0
primary_total_co2,M0star,NAM,climate_zone=E,geography,0.0
primary_total_co2,M0star,NER,climate_zone=E,geography,0.0
primary_total_co2,M0star,NGA,climate_zone=E,geography,0.0
primary_total_co2,M0star,RWA,climate_zone=E,geography,0.0
primary_total_co2,M0star,SEN,climate_zone=E,geography,0.0
primary_total_co2,M0star,SLE,climate_zone=E,geography,0.0
primary_total_co2,M0star,SOM,climate_zone=E,geography,0.0
primary_total_co2,M0star,ZAF,climate_zone=E,geography,0.0
primary_total_co2,M0star,SDN,climate_zone=E,geography,0.0
primary_total_co2,M0star,SWZ,climate_zone=E,geography,0.0
primary_total_co2,M0star,TZA,climate_zone=E,geography,0.0
primary_total_co2,M0star,TGO,climate_zone=E,geography,0.0
primary_total_co2,M0star,TUN,climate_zone=E,geography,0.0
primary_total_co2,M0star,UGA,climate_zone=E,geography,0.0
primary_total_co2,M0star,ZMB,climate_zone=E,geography,0.0
primary_total_co2,M0star,ZWE,climate_zone=E,geography,0.0
primary_total_co2,M0star,AFG,climate_zone=E,geography,0.0
primary_total_co2,M0star,ARM,climate_zone=E,geography,0.0
primary_total_co2,M0star,AZE,climate_zone=E,geography,0.0
primary_total_co2,M0star,BGD,climate_zone=E,geography,0.0
primary_total_co2,M0star,MMR,climate_zone=E,geography,0.0
primary_total_co2,M0star,KHM,climate_zone=E,geography,0.0
primary_total_co2,M0star,CHN,climate_zone=E,geography,0.0
primary_total_co2,M0star,GEO,climate_zone=E,geography,0.0
primary_total_co2,M0star,IND,climate_zone=E,geography,0.0
primary_total_co2,M0star,IDN,climate_zone=E,geography,0.0
primary_total_co2,M0star,IRN,climate_zone=E,geography,0.0
primary_total_co2,M0star,IRQ,climate_zone=E,geography,0.0
primary_total_co2,M0star,ISR,climate_zone=E,geography,0.0
primary_total_co2,M0star,JPN,climate_zone=E,geography,0.0
primary_total_co2,M0star,JOR,climate_zone=E,geography,0.0
primary_total_co2,M0star,KAZ,climate_zone=E,geography,0.0
primary_total_co2,M0star,LAO,climate_zone=E,geography,0.0
primary_total_co2,M0star,LBN,climate_zone=E,geography,0.0
primary_total_co2,M0star,MYS,climate_zone=E,geography,0.0
primary_total_co2,M0star,MNG,climate_zone=E,geography,0.0
primary_total_co2,M0star,NPL,climate_zone=E,geography,0.0
primary_total_co2,M0star,OMN,climate_zone=E,geography,0.0
primary_total_co2,M0star,PAK,climate_zone=E,geography,0.0
primary_total_co2,M0star,PHL,climate_zone=E,geography,0.0
primary_total_co2,M0star,QAT,climate_zone=E,geography,0.0
primary_total_co2,M0star,SAU,climate_zone=E,geography,0.0
primary_total_co2,M0star,KOR,climate_zone=E,geography,0.0
primary_total_co2,M0star,LKA,climate_zone=E,geography,0.0
primary_total_co2,M0star,SYR,climate_zone=E,geography,0.0
primary_total_co2,M0star,TWN,climate_zone=E,geography,0.0
primary_total_co2,M0star,TJK,climate_zone=E,geography,0.0
primary_total_co2,M0star,THA,climate_zone=E,geography,0.0
primary_total_co2,M0star,TUR,climate_zone=E,geography,0.0
primary_total_co2,M0star,TKM,climate_zone=E,geography,0.0
primary_total_co2,M0star,ARE,climate_zone=E,geography,0.0
primary_total_co2,M0star,UZB,climate_zone=E,geography,0.0
primary_total_co2,M0star,VNM,climate_zone=E,geography,0.0
primary_total_co2,M0star,YEM,climate_zone=E,geography,0.0
primary_total_co2,M0star,ALB,climate_zone=E,geography,0.0
primary_total_co2,M0star,AUT,climate_zone=E,geography,0.0
primary_total_co2,M0star,BLR,climate_zone=E,geography,0.0
primary_total_co2,M0star,BEL,climate_zone=E,geography,0.0
primary_total_co2,M0star,BIH,climate_zone=E,geography,0.0
primary_total_co2,M0star,BGR,climate_zone=E,geography,0.0
primary_total_co2,M0star,HRV,climate_zone=E,geography,0.0
primary_total_co2,M0star,CYP,climate_zone=E,geography,0.0
primary_total_co2,M0star,CZE,climate_zone=E,geography,0.0
primary_total_co2,M0star,DNK,climate_zone=E,geography,0.0
primary_total_co2,M0star,EST,climate_zone=E,geography,0.0
primary_total_co2,M0star,FIN,climate_zone=E,geography,0.0
primary_total_co2,M0star,FRA,climate_zone=E,geography,0.0
primary_total_co2,M0star,DEU,climate_zone=E,geography,0.0
primary_total_co2,M0star,GRC,climate_zone=E,geography,0.0
primary_total_co2,M0star,HUN,climate_zone=E,geography,0.0
primary_total_co2,M0star,ISL,climate_zone=E,geography,1.0
primary_total_co2,M0star,IRL,climate_zone=E,geography,0.0
primary_total_co2,M0star,ITA,climate_zone=E,geography,0.0
primary_total_co2,M0star,LVA,climate_zone=E,geography,0.0
primary_total_co2,M0star,LTU,climate_zone=E,geography,0.0
primary_total_co2,M0star,MKD,climate_zone=E,geography,0.0
primary_total_co2,M0star,MDA,climate_zone=E,geography,0.0
primary_total_co2,M0star,MNE,climate_zone=E,geography,0.0
primary_total_co2,M0star,NLD,climate_zone=E,geography,0.0
primary_total_co2,M0star,NOR,climate_zone=E,geography,0.0
primary_total_co2,M0star,POL,climate_zone=E,geography,0.0
primary_total_co2,M0star,PRT,climate_zone=E,geography,0.0
primary_total_co2,M0star,ROU,climate_zone=E,geography,0.0
primary_total_co2,M0star,RUS,climate_zone=E,geography,0.0
primary_total_co2,M0star,SRB,climate_zone=E,geography,0.0
primary_total_co2,M0star,SVK,climate_zone=E,geography,0.0
primary_total_co2,M0star,SVN,climate_zone=E,geography,0.0
primary_total_co2,M0star,ESP,climate_zone=E,geography,0.0
primary_total_co2,M0star,SWE,climate_zone=E,geography,0.0
primary_total_co2,M0star,CHE,climate_zone=E,geography,0.0
primary_total_co2,M0star,UKR,climate_zone=E,geography,0.0
primary_total_co2,M0star,GBR,climate_zone=E,geography,0.0
primary_total_co2,M0star,BHS,climate_zone=E,geography,0.0
primary_total_co2,M0star,CAN,climate_zone=E,geography,0.0
primary_total_co2,M0star,CRI,climate_zone=E,geography,0.0
primary_total_co2,M0star,CUB,climate_zone=E,geography,0.0
primary_total_co2,M0star,DOM,climate_zone=E,geography,0.0
primary_total_co2,M0star,SLV,climate_zone=E,geography,0.0
primary_total_co2,M0star,GTM,climate_zone=E,geography,0.0
primary_total_co2,M0star,HTI,climate_zone=E,geography,0.0
primary_total_co2,M0star,HND,climate_zone=E,geography,0.0
primary_total_co2,M0star,JAM,climate_zone=E,geography,0.0
primary_total_co2,M0star,MEX,climate_zone=E,geography,0.0
primary_total_co2,M0star,NIC,climate_zone=E,geography,0.0
primary_total_co2,M0star,PAN,climate_zone=E,geography,0.0
primary_total_co2,M0star,USA,climate_zone=E,geography,0.0
primary_total_co2,M0star,AUS,climate_zone=E,geography,0.0
primary_total_co2,M0star,NZL,climate_zone=E,geography,0.0
primary_total_co2,M0star,PNG,climate_zone=E,geography,0.0
primary_total_co2,M0star,ARG,climate_zone=E,geography,0.0
primary_total_co2,M0star,BOL,climate_zone=E,geography,0.0
primary_total_co2,M0star,BRA,climate_zone=E,geography,0.0
primary_total_co2,M0star,CHL,climate_zone=E,geography,0.0
primary_total_co2,M0star,COL,climate_zone=E,geography,0.0
primary_total_co2,M0star,ECU,climate_zone=E,geography,0.0
primary_total_co2,M0star,PRY,climate_zone=E,geography,0.0
primary_total_co2,M0star,PER,climate_zone=E,geography,0.0
primary_total_co2,M0star,SUR,climate_zone=E,geography,0.0
primary_total_co2,M0star,URY,climate_zone=E,geography,0.0
primary_total_co2,M0star,VEN,climate_zone=E,geography,0.0
primary_total_co2,M0star,DZA,hemisphere=S,geography,0.0
primary_total_co2,M0star,AGO,hemisphere=S,geography,1.0
primary_total_co2,M0star,BEN,hemisphere=S,geography,0.0
primary_total_co2,M0star,BWA,hemisphere=S,geography,1.0
primary_total_co2,M0star,BFA,hemisphere=S,geography,0.0
primary_total_co2,M0star,BDI,hemisphere=S,geography,1.0
primary_total_co2,M0star,CMR,hemisphere=S,geography,0.0
primary_total_co2,M0star,CAF,hemisphere=S,geography,0.0
primary_total_co2,M0star,TCD,hemisphere=S,geography,0.0
primary_total_co2,M0star,COG,hemisphere=S,geography,1.0
primary_total_co2,M0star,COD,hemisphere=S,geography,1.0
primary_total_co2,M0star,CIV,hemisphere=S,geography,0.0
primary_total_co2,M0star,DJI,hemisphere=S,geography,0.0
primary_total_co2,M0star,EGY,hemisphere=S,geography,0.0
primary_total_co2,M0star,GNQ,hemisphere=S,geography,0.0
primary_total_co2,M0star,ERI,hemisphere=S,geography,0.0
primary_total_co2,M0star,ETH,hemisphere=S,geography,0.0
primary_total_co2,M0star,GAB,hemisphere=S,geography,0.0
primary_total_co2,M0star,GHA,hemisphere=S,geography,0.0
primary_total_co2,M0star,GIN,hemisphere=S,geography,0.0
primary_total_co2,M0star,GNB,hemisphere=S,geography,0.0
primary_total_co2,M0star,KEN,hemisphere=S,geography,1.0
primary_total_co2,M0star,LSO,hemisphere=S,geography,1.0
primary_total_co2,M0star,LBR,hemisphere=S,geography,0.0
primary_total_co2,M0star,LBY,hemisphere=S,geography,0.0
primary_total_co2,M0star,MDG,hemisphere=S,geography,1.0
primary_total_co2,M0star,MWI,hemisphere=S,geography,1.0
primary_total_co2,M0star,MLI,hemisphere=S,geography,0.0
primary_total_co2,M0star,MRT,hemisphere=S,geography,0.0
primary_total_co2,M0star,MAR,hemisphere=S,geography,0.0
primary_total_co2,M0star,MOZ,hemisphere=S,geography,1.0
primary_total_co2,M0star,NAM,hemisphere=S,geography,1.0
primary_total_co2,M0star,NER,hemisphere=S,geography,0.0
primary_total_co2,M0star,NGA,hemisphere=S,geography,0.0
primary_total_co2,M0star,RWA,hemisphere=S,geography,1.0
primary_total_co2,M0star,SEN,hemisphere=S,geography,0.0
primary_total_co2,M0star,SLE,hemisphere=S,geography,0.0
primary_total_co2,M0star,SOM,hemisphere=S,geography,0.0
primary_total_co2,M0star,ZAF,hemisphere=S,geography,1.0
primary_total_co2,M0star,SDN,hemisphere=S,geography,0.0
primary_total_co2,M0star,SWZ,hemisphere=S,geography,1.0
primary_total_co2,M0star,TZA,hemisphere=S,geography,1.0
primary_total_co2,M0star,TGO,hemisphere=S,geography,0.0
primary_total_co2,M0star,TUN,hemisphere=S,geography,0.0
primary_total_co2,M0star,UGA,hemisphere=S,geography,0.0
primary_total_co2,M0star,ZMB,hemisphere=S,geography,1.0
primary_total_co2,M0star,ZWE,hemisphere=S,geography,1.0
primary_total_co2,M0star,AFG,hemisphere=S,geography,0.0
primary_total_co2,M0star,ARM,hemisphere=S,geography,0.0
primary_total_co2,M0star,AZE,hemisphere=S,geography,0.0
primary_total_co2,M0star,BGD,hemisphere=S,geography,0.0
primary_total_co2,M0star,MMR,hemisphere=S,geography,0.0
primary_total_co2,M0star,KHM,hemisphere=S,geography,0.0
primary_total_co2,M0star,CHN,hemisphere=S,geography,0.0
primary_total_co2,M0star,GEO,hemisphere=S,geography,0.0
primary_total_co2,M0star,IND,hemisphere=S,geography,0.0
primary_total_co2,M0star,IDN,hemisphere=S,geography,1.0
primary_total_co2,M0star,IRN,hemisphere=S,geography,0.0
primary_total_co2,M0star,IRQ,hemisphere=S,geography,0.0
primary_total_co2,M0star,ISR,hemisphere=S,geography,0.0
primary_total_co2,M0star,JPN,hemisphere=S,geography,0.0
primary_total_co2,M0star,JOR,hemisphere=S,geography,0.0
primary_total_co2,M0star,KAZ,hemisphere=S,geography,0.0
primary_total_co2,M0star,LAO,hemisphere=S,geography,0.0
primary_total_co2,M0star,LBN,hemisphere=S,geography,0.0
primary_total_co2,M0star,MYS,hemisphere=S,geography,0.0
primary_total_co2,M0star,MNG,hemisphere=S,geography,0.0
primary_total_co2,M0star,NPL,hemisphere=S,geography,0.0
primary_total_co2,M0star,OMN,hemisphere=S,geography,0.0
primary_total_co2,M0star,PAK,hemisphere=S,geography,0.0
primary_total_co2,M0star,PHL,hemisphere=S,geography,0.0
primary_total_co2,M0star,QAT,hemisphere=S,geography,0.0
primary_total_co2,M0star,SAU,hemisphere=S,geography,0.0
primary_total_co2,M0star,KOR,hemisphere=S,geography,0.0
primary_total_co2,M0star,LKA,hemisphere=S,geography,0.0
primary_total_co2,M0star,SYR,hemisphere=S,geography,0.0
primary_total_co2,M0star,TWN,hemisphere=S,geography,0.0
primary_total_co2,M0star,TJK,hemisphere=S,geography,0.0
primary_total_co2,M0star,THA,hemisphere=S,geography,0.0
primary_total_co2,M0star,TUR,hemisphere=S,geography,0.0
primary_total_co2,M0star,TKM,hemisphere=S,geography,0.0
primary_total_co2,M0star,ARE,hemisphere=S,geography,0.0
primary_total_co2,M0star,UZB,hemisphere=S,geography,0.0
primary_total_co2,M0star,VNM,hemisphere=S,geography,0.0
primary_total_co2,M0star,YEM,hemisphere=S,geography,0.0
primary_total_co2,M0star,ALB,hemisphere=S,geography,0.0
primary_total_co2,M0star,AUT,hemisphere=S,geography,0.0
primary_total_co2,M0star,BLR,hemisphere=S,geography,0.0
primary_total_co2,M0star,BEL,hemisphere=S,geography,0.0
primary_total_co2,M0star,BIH,hemisphere=S,geography,0.0
primary_total_co2,M0star,BGR,hemisphere=S,geography,0.0
primary_total_co2,M0star,HRV,hemisphere=S,geography,0.0
primary_total_co2,M0star,CYP,hemisphere=S,geography,0.0
primary_total_co2,M0star,CZE,hemisphere=S,geography,0.0
primary_total_co2,M0star,DNK,hemisphere=S,geography,0.0
primary_total_co2,M0star,EST,hemisphere=S,geography,0.0
primary_total_co2,M0star,FIN,hemisphere=S,geography,0.0
primary_total_co2,M0star,FRA,hemisphere=S,geography,0.0
primary_total_co2,M0star,DEU,hemisphere=S,geography,0.0
primary_total_co2,M0star,GRC,hemisphere=S,geography,0.0
primary_total_co2,M0star,HUN,hemisphere=S,geography,0.0
primary_total_co2,M0star,ISL,hemisphere=S,geography,0.0
primary_total_co2,M0star,IRL,hemisphere=S,geography,0.0
primary_total_co2,M0star,ITA,hemisphere=S,geography,0.0
primary_total_co2,M0star,LVA,hemisphere=S,geography,0.0
primary_total_co2,M0star,LTU,hemisphere=S,geography,0.0
primary_total_co2,M0star,MKD,hemisphere=S,geography,0.0
primary_total_co2,M0star,MDA,hemisphere=S,geography,0.0
primary_total_co2,M0star,MNE,hemisphere=S,geography,0.0
primary_total_co2,M0star,NLD,hemisphere=S,geography,0.0
primary_total_co2,M0star,NOR,hemisphere=S,geography,0.0
primary_total_co2,M0star,POL,hemisphere=S,geography,0.0
primary_total_co2,M0star,PRT,hemisphere=S,geography,0.0
primary_total_co2,M0star,ROU,hemisphere=S,geography,0.0
primary_total_co2,M0star,RUS,hemisphere=S,geography,0.0
primary_total_co2,M0star,SRB,hemisphere=S,geography,0.0
primary_total_co2,M0star,SVK,hemisphere=S,geography,0.0
primary_total_co2,M0star,SVN,hemisphere=S,geography,0.0
primary_total_co2,M0star,ESP,hemisphere=S,geography,0.0
primary_total_co2,M0star,SWE,hemisphere=S,geography,0.0
primary_total_co2,M0star,CHE,hemisphere=S,geography,0.0
primary_total_co2,M0star,UKR,hemisphere=S,geography,0.0
primary_total_co2,M0star,GBR,hemisphere=S,geography,0.0
primary_total_co2,M0star,BHS,hemisphere=S,geography,0.0
primary_total_co2,M0star,CAN,hemisphere=S,geography,0.0
primary_total_co2,M0star,CRI,hemisphere=S,geography,0.0
primary_total_co2,M0star,CUB,hemisphere=S,geography,0.0
primary_total_co2,M0star,DOM,hemisphere=S,geography,0.0
primary_total_co2,M0star,SLV,hemisphere=S,geography,0.0
primary_total_co2,M0star,GTM,hemisphere=S,geography,0.0
primary_total_co2,M0star,HTI,hemisphere=S,geography,0.0
primary_total_co2,M0star,HND,hemisphere=S,geography,0.0
primary_total_co2,M0star,JAM,hemisphere=S,geography,0.0
primary_total_co2,M0star,MEX,hemisphere=S,geography,0.0
primary_total_co2,M0star,NIC,hemisphere=S,geography,0.0
primary_total_co2,M0star,PAN,hemisphere=S,geography,0.0
primary_total_co2,M0star,USA,hemisphere=S,geography,0.0
primary_total_co2,M0star,AUS,hemisphere=S,geography,1.0
primary_total_co2,M0star,NZL,hemisphere=S,geography,1.0
primary_total_co2,M0star,PNG,hemisphere=S,geography,1.0
primary_total_co2,M0star,ARG,hemisphere=S,geography,1.0
primary_total_co2,M0star,BOL,hemisphere=S,geography,1.0
primary_total_co2,M0star,BRA,hemisphere=S,geography,1.0
primary_total_co2,M0star,CHL,hemisphere=S,geography,1.0
primary_total_co2,M0star,COL,hemisphere=S,geography,0.0
primary_total_co2,M0star,ECU,hemisphere=S,geography,1.0
primary_total_co2,M0star,PRY,hemisphere=S,geography,1.0
primary_total_co2,M0star,PER,hemisphere=S,geography,1.0
primary_total_co2,M0star,SUR,hemisphere=S,geography,0.0
primary_total_co2,M0star,URY,hemisphere=S,geography,1.0
primary_total_co2,M0star,VEN,hemisphere=S,geography,0.0
primary_total_co2,M0star,DZA,spatial_block=Asia,geography,0.0
primary_total_co2,M0star,AGO,spatial_block=Asia,geography,0.0
primary_total_co2,M0star,BEN,spatial_block=Asia,geography,0.0
primary_total_co2,M0star,BWA,spatial_block=Asia,geography,0.0
primary_total_co2,M0star,BFA,spatial_block=Asia,geography,0.0
primary_total_co2,M0star,BDI,spatial_block=Asia,geography,0.0
primary_total_co2,M0star,CMR,spatial_block=Asia,geography,0.0
primary_total_co2,M0star,CAF,spatial_block=Asia,geography,0.0
primary_total_co2,M0star,TCD,spatial_block=Asia,geography,0.0
primary_total_co2,M0star,COG,spatial_block=Asia,geography,0.0
primary_total_co2,M0star,COD,spatial_block=Asia,geography,0.0
primary_total_co2,M0star,CIV,spatial_block=Asia,geography,0.0
primary_total_co2,M0star,DJI,spatial_block=Asia,geography,0.0
primary_total_co2,M0star,EGY,spatial_block=Asia,geography,0.0
primary_total_co2,M0star,GNQ,spatial_block=Asia,geography,0.0
primary_total_co2,M0star,ERI,spatial_block=Asia,geography,0.0
primary_total_co2,M0star,ETH,spatial_block=Asia,geography,0.0
primary_total_co2,M0star,GAB,spatial_block=Asia,geography,0.0
primary_total_co2,M0star,GHA,spatial_block=Asia,geography,0.0
primary_total_co2,M0star,GIN,spatial_block=Asia,geography,0.0
primary_total_co2,M0star,GNB,spatial_block=Asia,geography,0.0
primary_total_co2,M0star,KEN,spatial_block=Asia,geography,0.0
primary_total_co2,M0star,LSO,spatial_block=Asia,geography,0.0
primary_total_co2,M0star,LBR,spatial_block=Asia,geography,0.0
primary_total_co2,M0star,LBY,spatial_block=Asia,geography,0.0
primary_total_co2,M0star,MDG,spatial_block=Asia,geography,0.0
primary_total_co2,M0star,MWI,spatial_block=Asia,geography,0.0
primary_total_co2,M0star,MLI,spatial_block=Asia,geography,0.0
primary_total_co2,M0star,MRT,spatial_block=Asia,geography,0.0
primary_total_co2,M0star,MAR,spatial_block=Asia,geography,0.0
primary_total_co2,M0star,MOZ,spatial_block=Asia,geography,0.0
primary_total_co2,M0star,NAM,spatial_block=Asia,geography,0.0
primary_total_co2,M0star,NER,spatial_block=Asia,geography,0.0
primary_total_co2,M0star,NGA,spatial_block=Asia,geography,0.0
primary_total_co2,M0star,RWA,spatial_block=Asia,geography,0.0
primary_total_co2,M0star,SEN,spatial_block=Asia,geography,0.0
primary_total_co2,M0star,SLE,spatial_block=Asia,geography,0.0
primary_total_co2,M0star,SOM,spatial_block=Asia,geography,0.0
primary_total_co2,M0star,ZAF,spatial_block=Asia,geography,0.0
primary_total_co2,M0star,SDN,spatial_block=Asia,geography,0.0
primary_total_co2,M0star,SWZ,spatial_block=Asia,geography,0.0
primary_total_co2,M0star,TZA,spatial_block=Asia,geography,0.0
primary_total_co2,M0star,TGO,spatial_block=Asia,geography,0.0
primary_total_co2,M0star,TUN,spatial_block=Asia,geography,0.0
primary_total_co2,M0star,UGA,spatial_block=Asia,geography,0.0
primary_total_co2,M0star,ZMB,spatial_block=Asia,geography,0.0
primary_total_co2,M0star,ZWE,spatial_block=Asia,geography,0.0
primary_total_co2,M0star,AFG,spatial_block=Asia,geography,1.0
primary_total_co2,M0star,ARM,spatial_block=Asia,geography,1.0
primary_total_co2,M0star,AZE,spatial_block=Asia,geography,1.0
primary_total_co2,M0star,BGD,spatial_block=Asia,geography,1.0
primary_total_co2,M0star,MMR,spatial_block=Asia,geography,1.0
primary_total_co2,M0star,KHM,spatial_block=Asia,geography,1.0
primary_total_co2,M0star,CHN,spatial_block=Asia,geography,1.0
primary_total_co2,M0star,GEO,spatial_block=Asia,geography,1.0
primary_total_co2,M0star,IND,spatial_block=Asia,geography,1.0
primary_total_co2,M0star,IDN,spatial_block=Asia,geography,1.0
primary_total_co2,M0star,IRN,spatial_block=Asia,geography,1.0
primary_total_co2,M0star,IRQ,spatial_block=Asia,geography,1.0
primary_total_co2,M0star,ISR,spatial_block=Asia,geography,1.0
primary_total_co2,M0star,JPN,spatial_block=Asia,geography,1.0
primary_total_co2,M0star,JOR,spatial_block=Asia,geography,1.0
primary_total_co2,M0star,KAZ,spatial_block=Asia,geography,1.0
primary_total_co2,M0star,LAO,spatial_block=Asia,geography,1.0
primary_total_co2,M0star,LBN,spatial_block=Asia,geography,1.0
primary_total_co2,M0star,MYS,spatial_block=Asia,geography,1.0
primary_total_co2,M0star,MNG,spatial_block=Asia,geography,1.0
primary_total_co2,M0star,NPL,spatial_block=Asia,geography,1.0
primary_total_co2,M0star,OMN,spatial_block=Asia,geography,1.0
primary_total_co2,M0star,PAK,spatial_block=Asia,geography,1.0
primary_total_co2,M0star,PHL,spatial_block=Asia,geography,1.0
primary_total_co2,M0star,QAT,spatial_block=Asia,geography,1.0
primary_total_co2,M0star,SAU,spatial_block=Asia,geography,1.0
primary_total_co2,M0star,KOR,spatial_block=Asia,geography,1.0
primary_total_co2,M0star,LKA,spatial_block=Asia,geography,1.0
primary_total_co2,M0star,SYR,spatial_block=Asia,geography,1.0
primary_total_co2,M0star,TWN,spatial_block=Asia,geography,1.0
primary_total_co2,M0star,TJK,spatial_block=Asia,geography,1.0
primary_total_co2,M0star,THA,spatial_block=Asia,geography,1.0
primary_total_co2,M0star,TUR,spatial_block=Asia,geography,1.0
primary_total_co2,M0star,TKM,spatial_block=Asia,geography,1.0
primary_total_co2,M0star,ARE,spatial_block=Asia,geography,1.0
primary_total_co2,M0star,UZB,spatial_block=Asia,geography,1.0
primary_total_co2,M0star,VNM,spatial_block=Asia,geography,1.0
primary_total_co2,M0star,YEM,spatial_block=Asia,geography,1.0
primary_total_co2,M0star,ALB,spatial_block=Asia,geography,0.0
primary_total_co2,M0star,AUT,spatial_block=Asia,geography,0.0
primary_total_co2,M0star,BLR,spatial_block=Asia,geography,0.0
primary_total_co2,M0star,BEL,spatial_block=Asia,geography,0.0
primary_total_co2,M0star,BIH,spatial_block=Asia,geography,0.0
primary_total_co2,M0star,BGR,spatial_block=Asia,geography,0.0
primary_total_co2,M0star,HRV,spatial_block=Asia,geography,0.0
primary_total_co2,M0star,CYP,spatial_block=Asia,geography,0.0
primary_total_co2,M0star,CZE,spatial_block=Asia,geography,0.0
primary_total_co2,M0star,DNK,spatial_block=Asia,geography,0.0
primary_total_co2,M0star,EST,spatial_block=Asia,geography,0.0
primary_total_co2,M0star,FIN,spatial_block=Asia,geography,0.0
primary_total_co2,M0star,FRA,spatial_block=Asia,geography,0.0
primary_total_co2,M0star,DEU,spatial_block=Asia,geography,0.0
primary_total_co2,M0star,GRC,spatial_block=Asia,geography,0.0
primary_total_co2,M0star,HUN,spatial_block=Asia,geography,0.0
primary_total_co2,M0star,ISL,spatial_block=Asia,geography,0.0
primary_total_co2,M0star,IRL,spatial_block=Asia,geography,0.0
primary_total_co2,M0star,ITA,spatial_block=Asia,geography,0.0
primary_total_co2,M0star,LVA,spatial_block=Asia,geography,0.0
primary_total_co2,M0star,LTU,spatial_block=Asia,geography,0.0
primary_total_co2,M0star,MKD,spatial_block=Asia,geography,0.0
primary_total_co2,M0star,MDA,spatial_block=Asia,geography,0.0
primary_total_co2,M0star,MNE,spatial_block=Asia,geography,0.0
primary_total_co2,M0star,NLD,spatial_block=Asia,geography,0.0
primary_total_co2,M0star,NOR,spatial_block=Asia,geography,0.0
primary_total_co2,M0star,POL,spatial_block=Asia,geography,0.0
primary_total_co2,M0star,PRT,spatial_block=Asia,geography,0.0
primary_total_co2,M0star,ROU,spatial_block=Asia,geography,0.0
primary_total_co2,M0star,RUS,spatial_block=Asia,geography,0.0
primary_total_co2,M0star,SRB,spatial_block=Asia,geography,0.0
primary_total_co2,M0star,SVK,spatial_block=Asia,geography,0.0
primary_total_co2,M0star,SVN,spatial_block=Asia,geography,0.0
primary_total_co2,M0star,ESP,spatial_block=Asia,geography,0.0
primary_total_co2,M0star,SWE,spatial_block=Asia,geography,0.0
primary_total_co2,M0star,CHE,spatial_block=Asia,geography,0.0
primary_total_co2,M0star,UKR,spatial_block=Asia,geography,0.0
primary_total_co2,M0star,GBR,spatial_block=Asia,geography,0.0
primary_total_co2,M0star,BHS,spatial_block=Asia,geography,0.0
primary_total_co2,M0star,CAN,spatial_block=Asia,geography,0.0
primary_total_co2,M0star,CRI,spatial_block=Asia,geography,0.0
primary_total_co2,M0star,CUB,spatial_block=Asia,geography,0.0
primary_total_co2,M0star,DOM,spatial_block=Asia,geography,0.0
primary_total_co2,M0star,SLV,spatial_block=Asia,geography,0.0
primary_total_co2,M0star,GTM,spatial_block=Asia,geography,0.0
primary_total_co2,M0star,HTI,spatial_block=Asia,geography,0.0
primary_total_co2,M0star,HND,spatial_block=Asia,geography,0.0
primary_total_co2,M0star,JAM,spatial_block=Asia,geography,0.0
primary_total_co2,M0star,MEX,spatial_block=Asia,geography,0.0
primary_total_co2,M0star,NIC,spatial_block=Asia,geography,0.0
primary_total_co2,M0star,PAN,spatial_block=Asia,geography,0.0
primary_total_co2,M0star,USA,spatial_block=Asia,geography,0.0
primary_total_co2,M0star,AUS,spatial_block=Asia,geography,0.0
primary_total_co2,M0star,NZL,spatial_block=Asia,geography,0.0
primary_total_co2,M0star,PNG,spatial_block=Asia,geography,0.0
primary_total_co2,M0star,ARG,spatial_block=Asia,geography,0.0
primary_total_co2,M0star,BOL,spatial_block=Asia,geography,0.0
primary_total_co2,M0star,BRA,spatial_block=Asia,geography,0.0
primary_total_co2,M0star,CHL,spatial_block=Asia,geography,0.0
primary_total_co2,M0star,COL,spatial_block=Asia,geography,0.0
primary_total_co2,M0star,ECU,spatial_block=Asia,geography,0.0
primary_total_co2,M0star,PRY,spatial_block=Asia,geography,0.0
primary_total_co2,M0star,PER,spatial_block=Asia,geography,0.0
primary_total_co2,M0star,SUR,spatial_block=Asia,geography,0.0
primary_total_co2,M0star,URY,spatial_block=Asia,geography,0.0
primary_total_co2,M0star,VEN,spatial_block=Asia,geography,0.0
primary_total_co2,M0star,DZA,spatial_block=Europe,geography,0.0
primary_total_co2,M0star,AGO,spatial_block=Europe,geography,0.0
primary_total_co2,M0star,BEN,spatial_block=Europe,geography,0.0
primary_total_co2,M0star,BWA,spatial_block=Europe,geography,0.0
primary_total_co2,M0star,BFA,spatial_block=Europe,geography,0.0
primary_total_co2,M0star,BDI,spatial_block=Europe,geography,0.0
primary_total_co2,M0star,CMR,spatial_block=Europe,geography,0.0
primary_total_co2,M0star,CAF,spatial_block=Europe,geography,0.0
primary_total_co2,M0star,TCD,spatial_block=Europe,geography,0.0
primary_total_co2,M0star,COG,spatial_block=Europe,geography,0.0
primary_total_co2,M0star,COD,spatial_block=Europe,geography,0.0
primary_total_co2,M0star,CIV,spatial_block=Europe,geography,0.0
primary_total_co2,M0star,DJI,spatial_block=Europe,geography,0.0
primary_total_co2,M0star,EGY,spatial_block=Europe,geography,0.0
primary_total_co2,M0star,GNQ,spatial_block=Europe,geography,0.0
primary_total_co2,M0star,ERI,spatial_block=Europe,geography,0.0
primary_total_co2,M0star,ETH,spatial_block=Europe,geography,0.0
primary_total_co2,M0star,GAB,spatial_block=Europe,geography,0.0
primary_total_co2,M0star,GHA,spatial_block=Europe,geography,0.0
primary_total_co2,M0star,GIN,spatial_block=Europe,geography,0.0
primary_total_co2,M0star,GNB,spatial_block=Europe,geography,0.0
primary_total_co2,M0star,KEN,spatial_block=Europe,geography,0.0
primary_total_co2,M0star,LSO,spatial_block=Europe,geography,0.0
primary_total_co2,M0star,LBR,spatial_block=Europe,geography,0.0
primary_total_co2,M0star,LBY,spatial_block=Europe,geography,0.0
primary_total_co2,M0star,MDG,spatial_block=Europe,geography,0.0
primary_total_co2,M0star,MWI,spatial_block=Europe,geography,0.0
primary_total_co2,M0star,MLI,spatial_block=Europe,geography,0.0
primary_total_co2,M0star,MRT,spatial_block=Europe,geography,0.0
primary_total_co2,M0star,MAR,spatial_block=Europe,geography,0.0
primary_total_co2,M0star,MOZ,spatial_block=Europe,geography,0.0
primary_total_co2,M0star,NAM,spatial_block=Europe,geography,0.0
primary_total_co2,M0star,NER,spatial_block=Europe,geography,0.0
primary_total_co2,M0star,NGA,spatial_block=Europe,geography,0.0
primary_total_co2,M0star,RWA,spatial_block=Europe,geography,0.0
primary_total_co2,M0star,SEN,spatial_block=Europe,geography,0.0
primary_total_co2,M0star,SLE,spatial_block=Europe,geography,0.0
primary_total_co2,M0star,SOM,spatial_block=Europe,geography,0.0
primary_total_co2,M0star,ZAF,spatial_block=Europe,geography,0.0
primary_total_co2,M0star,SDN,spatial_block=Europe,geography,0.0
primary_total_co2,M0star,SWZ,spatial_block=Europe,geography,0.0
primary_total_co2,M0star,TZA,spatial_block=Europe,geography,0.0
primary_total_co2,M0star,TGO,spatial_block=Europe,geography,0.0
primary_total_co2,M0star,TUN,spatial_block=Europe,geography,0.0
primary_total_co2,M0star,UGA,spatial_block=Europe,geography,0.0
primary_total_co2,M0star,ZMB,spatial_block=Europe,geography,0.0
primary_total_co2,M0star,ZWE,spatial_block=Europe,geography,0.0
primary_total_co2,M0star,AFG,spatial_block=Europe,geography,0.0
primary_total_co2,M0star,ARM,spatial_block=Europe,geography,0.0
primary_total_co2,M0star,AZE,spatial_block=Europe,geography,0.0
primary_total_co2,M0star,BGD,spatial_block=Europe,geography,0.0
primary_total_co2,M0star,MMR,spatial_block=Europe,geography,0.0
primary_total_co2,M0star,KHM,spatial_block=Europe,geography,0.0
primary_total_co2,M0star,CHN,spatial_block=Europe,geography,0.0
primary_total_co2,M0star,GEO,spatial_block=Europe,geography,0.0
primary_total_co2,M0star,IND,spatial_block=Europe,geography,0.0
primary_total_co2,M0star,IDN,spatial_block=Europe,geography,0.0
primary_total_co2,M0star,IRN,spatial_block=Europe,geography,0.0
primary_total_co2,M0star,IRQ,spatial_block=Europe,geography,0.0
primary_total_co2,M0star,ISR,spatial_block=Europe,geography,0.0
primary_total_co2,M0star,JPN,spatial_block=Europe,geography,0.0
primary_total_co2,M0star,JOR,spatial_block=Europe,geography,0.0
primary_total_co2,M0star,KAZ,spatial_block=Europe,geography,0.0
primary_total_co2,M0star,LAO,spatial_block=Europe,geography,0.0
primary_total_co2,M0star,LBN,spatial_block=Europe,geography,0.0
primary_total_co2,M0star,MYS,spatial_block=Europe,geography,0.0
primary_total_co2,M0star,MNG,spatial_block=Europe,geography,0.0
primary_total_co2,M0star,NPL,spatial_block=Europe,geography,0.0
primary_total_co2,M0star,OMN,spatial_block=Europe,geography,0.0
primary_total_co2,M0star,PAK,spatial_block=Europe,geography,0.0
primary_total_co2,M0star,PHL,spatial_block=Europe,geography,0.0
primary_total_co2,M0star,QAT,spatial_block=Europe,geography,0.0
primary_total_co2,M0star,SAU,spatial_block=Europe,geography,0.0
primary_total_co2,M0star,KOR,spatial_block=Europe,geography,0.0
primary_total_co2,M0star,LKA,spatial_block=Europe,geography,0.0
primary_total_co2,M0star,SYR,spatial_block=Europe,geography,0.0
primary_total_co2,M0star,TWN,spatial_block=Europe,geography,0.0
primary_total_co2,M0star,TJK,spatial_block=Europe,geography,0.0
primary_total_co2,M0star,THA,spatial_block=Europe,geography,0.0
primary_total_co2,M0star,TUR,spatial_block=Europe,geography,0.0
primary_total_co2,M0star,TKM,spatial_block=Europe,geography,0.0
primary_total_co2,M0star,ARE,spatial_block=Europe,geography,0.0
primary_total_co2,M0star,UZB,spatial_block=Europe,geography,0.0
primary_total_co2,M0star,VNM,spatial_block=Europe,geography,0.0
primary_total_co2,M0star,YEM,spatial_block=Europe,geography,0.0
primary_total_co2,M0star,ALB,spatial_block=Europe,geography,1.0
primary_total_co2,M0star,AUT,spatial_block=Europe,geography,1.0
primary_total_co2,M0star,BLR,spatial_block=Europe,geography,1.0
primary_total_co2,M0star,BEL,spatial_block=Europe,geography,1.0
primary_total_co2,M0star,BIH,spatial_block=Europe,geography,1.0
primary_total_co2,M0star,BGR,spatial_block=Europe,geography,1.0
primary_total_co2,M0star,HRV,spatial_block=Europe,geography,1.0
primary_total_co2,M0star,CYP,spatial_block=Europe,geography,1.0
primary_total_co2,M0star,CZE,spatial_block=Europe,geography,1.0
primary_total_co2,M0star,DNK,spatial_block=Europe,geography,1.0
primary_total_co2,M0star,EST,spatial_block=Europe,geography,1.0
primary_total_co2,M0star,FIN,spatial_block=Europe,geography,1.0
primary_total_co2,M0star,FRA,spatial_block=Europe,geography,1.0
primary_total_co2,M0star,DEU,spatial_block=Europe,geography,1.0
primary_total_co2,M0star,GRC,spatial_block=Europe,geography,1.0
primary_total_co2,M0star,HUN,spatial_block=Europe,geography,1.0
primary_total_co2,M0star,ISL,spatial_block=Europe,geography,1.0
primary_total_co2,M0star,IRL,spatial_block=Europe,geography,1.0
primary_total_co2,M0star,ITA,spatial_block=Europe,geography,1.0
primary_total_co2,M0star,LVA,spatial_block=Europe,geography,1.0
primary_total_co2,M0star,LTU,spatial_block=Europe,geography,1.0
primary_total_co2,M0star,MKD,spatial_block=Europe,geography,1.0
primary_total_co2,M0star,MDA,spatial_block=Europe,geography,1.0
primary_total_co2,M0star,MNE,spatial_block=Europe,geography,1.0
primary_total_co2,M0star,NLD,spatial_block=Europe,geography,1.0
primary_total_co2,M0star,NOR,spatial_block=Europe,geography,1.0
primary_total_co2,M0star,POL,spatial_block=Europe,geography,1.0
primary_total_co2,M0star,PRT,spatial_block=Europe,geography,1.0
primary_total_co2,M0star,ROU,spatial_block=Europe,geography,1.0
primary_total_co2,M0star,RUS,spatial_block=Europe,geography,1.0
primary_total_co2,M0star,SRB,spatial_block=Europe,geography,1.0
primary_total_co2,M0star,SVK,spatial_block=Europe,geography,1.0
primary_total_co2,M0star,SVN,spatial_block=Europe,geography,1.0
primary_total_co2,M0star,ESP,spatial_block=Europe,geography,1.0
primary_total_co2,M0star,SWE,spatial_block=Europe,geography,1.0
primary_total_co2,M0star,CHE,spatial_block=Europe,geography,1.0
primary_total_co2,M0star,UKR,spatial_block=Europe,geography,1.0
primary_total_co2,M0star,GBR,spatial_block=Europe,geography,1.0
primary_total_co2,M0star,BHS,spatial_block=Europe,geography,0.0
primary_total_co2,M0star,CAN,spatial_block=Europe,geography,0.0
primary_total_co2,M0star,CRI,spatial_block=Europe,geography,0.0
primary_total_co2,M0star,CUB,spatial_block=Europe,geography,0.0
primary_total_co2,M0star,DOM,spatial_block=Europe,geography,0.0
primary_total_co2,M0star,SLV,spatial_block=Europe,geography,0.0
primary_total_co2,M0star,GTM,spatial_block=Europe,geography,0.0
primary_total_co2,M0star,HTI,spatial_block=Europe,geography,0.0
primary_total_co2,M0star,HND,spatial_block=Europe,geography,0.0
primary_total_co2,M0star,JAM,spatial_block=Europe,geography,0.0
primary_total_co2,M0star,MEX,spatial_block=Europe,geography,0.0
primary_total_co2,M0star,NIC,spatial_block=Europe,geography,0.0
primary_total_co2,M0star,PAN,spatial_block=Europe,geography,0.0
primary_total_co2,M0star,USA,spatial_block=Europe,geography,0.0
primary_total_co2,M0star,AUS,spatial_block=Europe,geography,0.0
primary_total_co2,M0star,NZL,spatial_block=Europe,geography,0.0
primary_total_co2,M0star,PNG,spatial_block=Europe,geography,0.0
primary_total_co2,M0star,ARG,spatial_block=Europe,geography,0.0
primary_total_co2,M0star,BOL,spatial_block=Europe,geography,0.0
primary_total_co2,M0star,BRA,spatial_block=Europe,geography,0.0
primary_total_co2,M0star,CHL,spatial_block=Europe,geography,0.0
primary_total_co2,M0star,COL,spatial_block=Europe,geography,0.0
primary_total_co2,M0star,ECU,spatial_block=Europe,geography,0.0
primary_total_co2,M0star,PRY,spatial_block=Europe,geography,0.0
primary_total_co2,M0star,PER,spatial_block=Europe,geography,0.0
primary_total_co2,M0star,SUR,spatial_block=Europe,geography,0.0
primary_total_co2,M0star,URY,spatial_block=Europe,geography,0.0
primary_total_co2,M0star,VEN,spatial_block=Europe,geography,0.0
primary_total_co2,M0star,DZA,spatial_block=North America,geography,0.0
primary_total_co2,M0star,AGO,spatial_block=North America,geography,0.0
primary_total_co2,M0star,BEN,spatial_block=North America,geography,0.0
primary_total_co2,M0star,BWA,spatial_block=North America,geography,0.0
primary_total_co2,M0star,BFA,spatial_block=North America,geography,0.0
primary_total_co2,M0star,BDI,spatial_block=North America,geography,0.0
primary_total_co2,M0star,CMR,spatial_block=North America,geography,0.0
primary_total_co2,M0star,CAF,spatial_block=North America,geography,0.0
primary_total_co2,M0star,TCD,spatial_block=North America,geography,0.0
primary_total_co2,M0star,COG,spatial_block=North America,geography,0.0
primary_total_co2,M0star,COD,spatial_block=North America,geography,0.0
primary_total_co2,M0star,CIV,spatial_block=North America,geography,0.0
primary_total_co2,M0star,DJI,spatial_block=North America,geography,0.0
primary_total_co2,M0star,EGY,spatial_block=North America,geography,0.0
primary_total_co2,M0star,GNQ,spatial_block=North America,geography,0.0
primary_total_co2,M0star,ERI,spatial_block=North America,geography,0.0
primary_total_co2,M0star,ETH,spatial_block=North America,geography,0.0
primary_total_co2,M0star,GAB,spatial_block=North America,geography,0.0
primary_total_co2,M0star,GHA,spatial_block=North America,geography,0.0
primary_total_co2,M0star,GIN,spatial_block=North America,geography,0.0
primary_total_co2,M0star,GNB,spatial_block=North America,geography,0.0
primary_total_co2,M0star,KEN,spatial_block=North America,geography,0.0
primary_total_co2,M0star,LSO,spatial_block=North America,geography,0.0
primary_total_co2,M0star,LBR,spatial_block=North America,geography,0.0
primary_total_co2,M0star,LBY,spatial_block=North America,geography,0.0
primary_total_co2,M0star,MDG,spatial_block=North America,geography,0.0
primary_total_co2,M0star,MWI,spatial_block=North America,geography,0.0
primary_total_co2,M0star,MLI,spatial_block=North America,geography,0.0
primary_total_co2,M0star,MRT,spatial_block=North America,geography,0.0
primary_total_co2,M0star,MAR,spatial_block=North America,geography,0.0
primary_total_co2,M0star,MOZ,spatial_block=North America,geography,0.0
primary_total_co2,M0star,NAM,spatial_block=North America,geography,0.0
primary_total_co2,M0star,NER,spatial_block=North America,geography,0.0
primary_total_co2,M0star,NGA,spatial_block=North America,geography,0.0
primary_total_co2,M0star,RWA,spatial_block=North America,geography,0.0
primary_total_co2,M0star,SEN,spatial_block=North America,geography,0.0
primary_total_co2,M0star,SLE,spatial_block=North America,geography,0.0
primary_total_co2,M0star,SOM,spatial_block=North America,geography,0.0
primary_total_co2,M0star,ZAF,spatial_block=North America,geography,0.0
primary_total_co2,M0star,SDN,spatial_block=North America,geography,0.0
primary_total_co2,M0star,SWZ,spatial_block=North America,geography,0.0
primary_total_co2,M0star,TZA,spatial_block=North America,geography,0.0
primary_total_co2,M0star,TGO,spatial_block=North America,geography,0.0
primary_total_co2,M0star,TUN,spatial_block=North America,geography,0.0
primary_total_co2,M0star,UGA,spatial_block=North America,geography,0.0
primary_total_co2,M0star,ZMB,spatial_block=North America,geography,0.0
primary_total_co2,M0star,ZWE,spatial_block=North America,geography,0.0
primary_total_co2,M0star,AFG,spatial_block=North America,geography,0.0
primary_total_co2,M0star,ARM,spatial_block=North America,geography,0.0
primary_total_co2,M0star,AZE,spatial_block=North America,geography,0.0
primary_total_co2,M0star,BGD,spatial_block=North America,geography,0.0
primary_total_co2,M0star,MMR,spatial_block=North America,geography,0.0
primary_total_co2,M0star,KHM,spatial_block=North America,geography,0.0
primary_total_co2,M0star,CHN,spatial_block=North America,geography,0.0
primary_total_co2,M0star,GEO,spatial_block=North America,geography,0.0
primary_total_co2,M0star,IND,spatial_block=North America,geography,0.0
primary_total_co2,M0star,IDN,spatial_block=North America,geography,0.0
primary_total_co2,M0star,IRN,spatial_block=North America,geography,0.0
primary_total_co2,M0star,IRQ,spatial_block=North America,geography,0.0
primary_total_co2,M0star,ISR,spatial_block=North America,geography,0.0
primary_total_co2,M0star,JPN,spatial_block=North America,geography,0.0
primary_total_co2,M0star,JOR,spatial_block=North America,geography,0.0
primary_total_co2,M0star,KAZ,spatial_block=North America,geography,0.0
primary_total_co2,M0star,LAO,spatial_block=North America,geography,0.0
primary_total_co2,M0star,LBN,spatial_block=North America,geography,0.0
primary_total_co2,M0star,MYS,spatial_block=North America,geography,0.0
primary_total_co2,M0star,MNG,spatial_block=North America,geography,0.0
primary_total_co2,M0star,NPL,spatial_block=North America,geography,0.0
primary_total_co2,M0star,OMN,spatial_block=North America,geography,0.0
primary_total_co2,M0star,PAK,spatial_block=North America,geography,0.0
primary_total_co2,M0star,PHL,spatial_block=North America,geography,0.0
primary_total_co2,M0star,QAT,spatial_block=North America,geography,0.0
primary_total_co2,M0star,SAU,spatial_block=North America,geography,0.0
primary_total_co2,M0star,KOR,spatial_block=North America,geography,0.0
primary_total_co2,M0star,LKA,spatial_block=North America,geography,0.0
primary_total_co2,M0star,SYR,spatial_block=North America,geography,0.0
primary_total_co2,M0star,TWN,spatial_block=North America,geography,0.0
primary_total_co2,M0star,TJK,spatial_block=North America,geography,0.0
primary_total_co2,M0star,THA,spatial_block=North America,geography,0.0
primary_total_co2,M0star,TUR,spatial_block=North America,geography,0.0
primary_total_co2,M0star,TKM,spatial_block=North America,geography,0.0
primary_total_co2,M0star,ARE,spatial_block=North America,geography,0.0
primary_total_co2,M0star,UZB,spatial_block=North America,geography,0.0
primary_total_co2,M0star,VNM,spatial_block=North America,geography,0.0
primary_total_co2,M0star,YEM,spatial_block=North America,geography,0.0
primary_total_co2,M0star,ALB,spatial_block=North America,geography,0.0
primary_total_co2,M0star,AUT,spatial_block=North America,geography,0.0
primary_total_co2,M0star,BLR,spatial_block=North America,geography,0.0
primary_total_co2,M0star,BEL,spatial_block=North America,geography,0.0
primary_total_co2,M0star,BIH,spatial_block=North America,geography,0.0
primary_total_co2,M0star,BGR,spatial_block=North America,geography,0.0
primary_total_co2,M0star,HRV,spatial_block=North America,geography,0.0
primary_total_co2,M0star,CYP,spatial_block=North America,geography,0.0
primary_total_co2,M0star,CZE,spatial_block=North America,geography,0.0
primary_total_co2,M0star,DNK,spatial_block=North America,geography,0.0
primary_total_co2,M0star,EST,spatial_block=North America,geography,0.0
primary_total_co2,M0star,FIN,spatial_block=North America,geography,0.0
primary_total_co2,M0star,FRA,spatial_block=North America,geography,0.0
primary_total_co2,M0star,DEU,spatial_block=North America,geography,0.0
primary_total_co2,M0star,GRC,spatial_block=North America,geography,0.0
primary_total_co2,M0star,HUN,spatial_block=North America,geography,0.0
primary_total_co2,M0star,ISL,spatial_block=North America,geography,0.0
primary_total_co2,M0star,IRL,spatial_block=North America,geography,0.0
primary_total_co2,M0star,ITA,spatial_block=North America,geography,0.0
primary_total_co2,M0star,LVA,spatial_block=North America,geography,0.0
primary_total_co2,M0star,LTU,spatial_block=North America,geography,0.0
primary_total_co2,M0star,MKD,spatial_block=North America,geography,0.0
primary_total_co2,M0star,MDA,spatial_block=North America,geography,0.0
primary_total_co2,M0star,MNE,spatial_block=North America,geography,0.0
primary_total_co2,M0star,NLD,spatial_block=North America,geography,0.0
primary_total_co2,M0star,NOR,spatial_block=North America,geography,0.0
primary_total_co2,M0star,POL,spatial_block=North America,geography,0.0
primary_total_co2,M0star,PRT,spatial_block=North America,geography,0.0
primary_total_co2,M0star,ROU,spatial_block=North America,geography,0.0
primary_total_co2,M0star,RUS,spatial_block=North America,geography,0.0
primary_total_co2,M0star,SRB,spatial_block=North America,geography,0.0
primary_total_co2,M0star,SVK,spatial_block=North America,geography,0.0
primary_total_co2,M0star,SVN,spatial_block=North America,geography,0.0
primary_total_co2,M0star,ESP,spatial_block=North America,geography,0.0
primary_total_co2,M0star,SWE,spatial_block=North America,geography,0.0
primary_total_co2,M0star,CHE,spatial_block=North America,geography,0.0
primary_total_co2,M0star,UKR,spatial_block=North America,geography,0.0
primary_total_co2,M0star,GBR,spatial_block=North America,geography,0.0
primary_total_co2,M0star,BHS,spatial_block=North America,geography,1.0
primary_total_co2,M0star,CAN,spatial_block=North America,geography,1.0
primary_total_co2,M0star,CRI,spatial_block=North America,geography,1.0
primary_total_co2,M0star,CUB,spatial_block=North America,geography,1.0
primary_total_co2,M0star,DOM,spatial_block=North America,geography,1.0
primary_total_co2,M0star,SLV,spatial_block=North America,geography,1.0
primary_total_co2,M0star,GTM,spatial_block=North America,geography,1.0
primary_total_co2,M0star,HTI,spatial_block=North America,geography,1.0
primary_total_co2,M0star,HND,spatial_block=North America,geography,1.0
primary_total_co2,M0star,JAM,spatial_block=North America,geography,1.0
primary_total_co2,M0star,MEX,spatial_block=North America,geography,1.0
primary_total_co2,M0star,NIC,spatial_block=North America,geography,1.0
primary_total_co2,M0star,PAN,spatial_block=North America,geography,1.0
primary_total_co2,M0star,USA,spatial_block=North America,geography,1.0
primary_total_co2,M0star,AUS,spatial_block=North America,geography,0.0
primary_total_co2,M0star,NZL,spatial_block=North America,geography,0.0
primary_total_co2,M0star,PNG,spatial_block=North America,geography,0.0
primary_total_co2,M0star,ARG,spatial_block=North America,geography,0.0
primary_total_co2,M0star,BOL,spatial_block=North America,geography,0.0
primary_total_co2,M0star,BRA,spatial_block=North America,geography,0.0
primary_total_co2,M0star,CHL,spatial_block=North America,geography,0.0
primary_total_co2,M0star,COL,spatial_block=North America,geography,0.0
primary_total_co2,M0star,ECU,spatial_block=North America,geography,0.0
primary_total_co2,M0star,PRY,spatial_block=North America,geography,0.0
primary_total_co2,M0star,PER,spatial_block=North America,geography,0.0
primary_total_co2,M0star,SUR,spatial_block=North America,geography,0.0
primary_total_co2,M0star,URY,spatial_block=North America,geography,0.0
primary_total_co2,M0star,VEN,spatial_block=North America,geography,0.0
primary_total_co2,M0star,DZA,spatial_block=Oceania,geography,0.0
primary_total_co2,M0star,AGO,spatial_block=Oceania,geography,0.0
primary_total_co2,M0star,BEN,spatial_block=Oceania,geography,0.0
primary_total_co2,M0star,BWA,spatial_block=Oceania,geography,0.0
primary_total_co2,M0star,BFA,spatial_block=Oceania,geography,0.0
primary_total_co2,M0star,BDI,spatial_block=Oceania,geography,0.0
primary_total_co2,M0star,CMR,spatial_block=Oceania,geography,0.0
primary_total_co2,M0star,CAF,spatial_block=Oceania,geography,0.0
primary_total_co2,M0star,TCD,spatial_block=Oceania,geography,0.0
primary_total_co2,M0star,COG,spatial_block=Oceania,geography,0.0
primary_total_co2,M0star,COD,spatial_block=Oceania,geography,0.0
primary_total_co2,M0star,CIV,spatial_block=Oceania,geography,0.0
primary_total_co2,M0star,DJI,spatial_block=Oceania,geography,0.0
primary_total_co2,M0star,EGY,spatial_block=Oceania,geography,0.0
primary_total_co2,M0star,GNQ,spatial_block=Oceania,geography,0.0
primary_total_co2,M0star,ERI,spatial_block=Oceania,geography,0.0
primary_total_co2,M0star,ETH,spatial_block=Oceania,geography,0.0
primary_total_co2,M0star,GAB,spatial_block=Oceania,geography,0.0
primary_total_co2,M0star,GHA,spatial_block=Oceania,geography,0.0
primary_total_co2,M0star,GIN,spatial_block=Oceania,geography,0.0
primary_total_co2,M0star,GNB,spatial_block=Oceania,geography,0.0
primary_total_co2,M0star,KEN,spatial_block=Oceania,geography,0.0
primary_total_co2,M0star,LSO,spatial_block=Oceania,geography,0.0
primary_total_co2,M0star,LBR,spatial_block=Oceania,geography,0.0
primary_total_co2,M0star,LBY,spatial_block=Oceania,geography,0.0
primary_total_co2,M0star,MDG,spatial_block=Oceania,geography,0.0
primary_total_co2,M0star,MWI,spatial_block=Oceania,geography,0.0
primary_total_co2,M0star,MLI,spatial_block=Oceania,geography,0.0
primary_total_co2,M0star,MRT,spatial_block=Oceania,geography,0.0
primary_total_co2,M0star,MAR,spatial_block=Oceania,geography,0.0
primary_total_co2,M0star,MOZ,spatial_block=Oceania,geography,0.0
primary_total_co2,M0star,NAM,spatial_block=Oceania,geography,0.0
primary_total_co2,M0star,NER,spatial_block=Oceania,geography,0.0
primary_total_co2,M0star,NGA,spatial_block=Oceania,geography,0.0
primary_total_co2,M0star,RWA,spatial_block=Oceania,geography,0.0
primary_total_co2,M0star,SEN,spatial_block=Oceania,geography,0.0
primary_total_co2,M0star,SLE,spatial_block=Oceania,geography,0.0
primary_total_co2,M0star,SOM,spatial_block=Oceania,geography,0.0
primary_total_co2,M0star,ZAF,spatial_block=Oceania,geography,0.0
primary_total_co2,M0star,SDN,spatial_block=Oceania,geography,0.0
primary_total_co2,M0star,SWZ,spatial_block=Oceania,geography,0.0
primary_total_co2,M0star,TZA,spatial_block=Oceania,geography,0.0
primary_total_co2,M0star,TGO,spatial_block=Oceania,geography,0.0
primary_total_co2,M0star,TUN,spatial_block=Oceania,geography,0.0
primary_total_co2,M0star,UGA,spatial_block=Oceania,geography,0.0
primary_total_co2,M0star,ZMB,spatial_block=Oceania,geography,0.0
primary_total_co2,M0star,ZWE,spatial_block=Oceania,geography,0.0
primary_total_co2,M0star,AFG,spatial_block=Oceania,geography,0.0
primary_total_co2,M0star,ARM,spatial_block=Oceania,geography,0.0
primary_total_co2,M0star,AZE,spatial_block=Oceania,geography,0.0
primary_total_co2,M0star,BGD,spatial_block=Oceania,geography,0.0
primary_total_co2,M0star,MMR,spatial_block=Oceania,geography,0.0
primary_total_co2,M0star,KHM,spatial_block=Oceania,geography,0.0
primary_total_co2,M0star,CHN,spatial_block=Oceania,geography,0.0
primary_total_co2,M0star,GEO,spatial_block=Oceania,geography,0.0
primary_total_co2,M0star,IND,spatial_block=Oceania,geography,0.0
primary_total_co2,M0star,IDN,spatial_block=Oceania,geography,0.0
primary_total_co2,M0star,IRN,spatial_block=Oceania,geography,0.0
primary_total_co2,M0star,IRQ,spatial_block=Oceania,geography,0.0
primary_total_co2,M0star,ISR,spatial_block=Oceania,geography,0.0
primary_total_co2,M0star,JPN,spatial_block=Oceania,geography,0.0
primary_total_co2,M0star,JOR,spatial_block=Oceania,geography,0.0
primary_total_co2,M0star,KAZ,spatial_block=Oceania,geography,0.0
primary_total_co2,M0star,LAO,spatial_block=Oceania,geography,0.0
primary_total_co2,M0star,LBN,spatial_block=Oceania,geography,0.0
primary_total_co2,M0star,MYS,spatial_block=Oceania,geography,0.0
primary_total_co2,M0star,MNG,spatial_block=Oceania,geography,0.0
primary_total_co2,M0star,NPL,spatial_block=Oceania,geography,0.0
primary_total_co2,M0star,OMN,spatial_block=Oceania,geography,0.0
primary_total_co2,M0star,PAK,spatial_block=Oceania,geography,0.0
primary_total_co2,M0star,PHL,spatial_block=Oceania,geography,0.0
primary_total_co2,M0star,QAT,spatial_block=Oceania,geography,0.0
primary_total_co2,M0star,SAU,spatial_block=Oceania,geography,0.0
primary_total_co2,M0star,KOR,spatial_block=Oceania,geography,0.0
primary_total_co2,M0star,LKA,spatial_block=Oceania,geography,0.0
primary_total_co2,M0star,SYR,spatial_block=Oceania,geography,0.0
primary_total_co2,M0star,TWN,spatial_block=Oceania,geography,0.0
primary_total_co2,M0star,TJK,spatial_block=Oceania,geography,0.0
primary_total_co2,M0star,THA,spatial_block=Oceania,geography,0.0
primary_total_co2,M0star,TUR,spatial_block=Oceania,geography,0.0
primary_total_co2,M0star,TKM,spatial_block=Oceania,geography,0.0
primary_total_co2,M0star,ARE,spatial_block=Oceania,geography,0.0
primary_total_co2,M0star,UZB,spatial_block=Oceania,geography,0.0
primary_total_co2,M0star,VNM,spatial_block=Oceania,geography,0.0
primary_total_co2,M0star,YEM,spatial_block=Oceania,geography,0.0
primary_total_co2,M0star,ALB,spatial_block=Oceania,geography,0.0
primary_total_co2,M0star,AUT,spatial_block=Oceania,geography,0.0
primary_total_co2,M0star,BLR,spatial_block=Oceania,geography,0.0
primary_total_co2,M0star,BEL,spatial_block=Oceania,geography,0.0
primary_total_co2,M0star,BIH,spatial_block=Oceania,geography,0.0
primary_total_co2,M0star,BGR,spatial_block=Oceania,geography,0.0
primary_total_co2,M0star,HRV,spatial_block=Oceania,geography,0.0
primary_total_co2,M0star,CYP,spatial_block=Oceania,geography,0.0
primary_total_co2,M0star,CZE,spatial_block=Oceania,geography,0.0
primary_total_co2,M0star,DNK,spatial_block=Oceania,geography,0.0
primary_total_co2,M0star,EST,spatial_block=Oceania,geography,0.0
primary_total_co2,M0star,FIN,spatial_block=Oceania,geography,0.0
primary_total_co2,M0star,FRA,spatial_block=Oceania,geography,0.0
primary_total_co2,M0star,DEU,spatial_block=Oceania,geography,0.0
primary_total_co2,M0star,GRC,spatial_block=Oceania,geography,0.0
primary_total_co2,M0star,HUN,spatial_block=Oceania,geography,0.0
primary_total_co2,M0star,ISL,spatial_block=Oceania,geography,0.0
primary_total_co2,M0star,IRL,spatial_block=Oceania,geography,0.0
primary_total_co2,M0star,ITA,spatial_block=Oceania,geography,0.0
primary_total_co2,M0star,LVA,spatial_block=Oceania,geography,0.0
primary_total_co2,M0star,LTU,spatial_block=Oceania,geography,0.0
primary_total_co2,M0star,MKD,spatial_block=Oceania,geography,0.0
primary_total_co2,M0star,MDA,spatial_block=Oceania,geography,0.0
primary_total_co2,M0star,MNE,spatial_block=Oceania,geography,0.0
primary_total_co2,M0star,NLD,spatial_block=Oceania,geography,0.0
primary_total_co2,M0star,NOR,spatial_block=Oceania,geography,0.0
primary_total_co2,M0star,POL,spatial_block=Oceania,geography,0.0
primary_total_co2,M0star,PRT,spatial_block=Oceania,geography,0.0
primary_total_co2,M0star,ROU,spatial_block=Oceania,geography,0.0
primary_total_co2,M0star,RUS,spatial_block=Oceania,geography,0.0
primary_total_co2,M0star,SRB,spatial_block=Oceania,geography,0.0
primary_total_co2,M0star,SVK,spatial_block=Oceania,geography,0.0
primary_total_co2,M0star,SVN,spatial_block=Oceania,geography,0.0
primary_total_co2,M0star,ESP,spatial_block=Oceania,geography,0.0
primary_total_co2,M0star,SWE,spatial_block=Oceania,geography,0.0
primary_total_co2,M0star,CHE,spatial_block=Oceania,geography,0.0
primary_total_co2,M0star,UKR,spatial_block=Oceania,geography,0.0
primary_total_co2,M0star,GBR,spatial_block=Oceania,geography,0.0
primary_total_co2,M0star,BHS,spatial_block=Oceania,geography,0.0
primary_total_co2,M0star,CAN,spatial_block=Oceania,geography,0.0
primary_total_co2,M0star,CRI,spatial_block=Oceania,geography,0.0
primary_total_co2,M0star,CUB,spatial_block=Oceania,geography,0.0
primary_total_co2,M0star,DOM,spatial_block=Oceania,geography,0.0
primary_total_co2,M0star,SLV,spatial_block=Oceania,geography,0.0
primary_total_co2,M0star,GTM,spatial_block=Oceania,geography,0.0
primary_total_co2,M0star,HTI,spatial_block=Oceania,geography,0.0
primary_total_co2,M0star,HND,spatial_block=Oceania,geography,0.0
primary_total_co2,M0star,JAM,spatial_block=Oceania,geography,0.0
primary_total_co2,M0star,MEX,spatial_block=Oceania,geography,0.0
primary_total_co2,M0star,NIC,spatial_block=Oceania,geography,0.0
primary_total_co2,M0star,PAN,spatial_block=Oceania,geography,0.0
primary_total_co2,M0star,USA,spatial_block=Oceania,geography,0.0
primary_total_co2,M0star,AUS,spatial_block=Oceania,geography,1.0
primary_total_co2,M0star,NZL,spatial_block=Oceania,geography,1.0
primary_total_co2,M0star,PNG,spatial_block=Oceania,geography,1.0
primary_total_co2,M0star,ARG,spatial_block=Oceania,geography,0.0
primary_total_co2,M0star,BOL,spatial_block=Oceania,geography,0.0
primary_total_co2,M0star,BRA,spatial_block=Oceania,geography,0.0
primary_total_co2,M0star,CHL,spatial_block=Oceania,geography,0.0
primary_total_co2,M0star,COL,spatial_block=Oceania,geography,0.0
primary_total_co2,M0star,ECU,spatial_block=Oceania,geography,0.0
primary_total_co2,M0star,PRY,spatial_block=Oceania,geography,0.0
primary_total_co2,M0star,PER,spatial_block=Oceania,geography,0.0
primary_total_co2,M0star,SUR,spatial_block=Oceania,geography,0.0
primary_total_co2,M0star,URY,spatial_block=Oceania,geography,0.0
primary_total_co2,M0star,VEN,spatial_block=Oceania,geography,0.0
primary_total_co2,M0star,DZA,spatial_block=South America,geography,0.0
primary_total_co2,M0star,AGO,spatial_block=South America,geography,0.0
primary_total_co2,M0star,BEN,spatial_block=South America,geography,0.0
primary_total_co2,M0star,BWA,spatial_block=South America,geography,0.0
primary_total_co2,M0star,BFA,spatial_block=South America,geography,0.0
primary_total_co2,M0star,BDI,spatial_block=South America,geography,0.0
primary_total_co2,M0star,CMR,spatial_block=South America,geography,0.0
primary_total_co2,M0star,CAF,spatial_block=South America,geography,0.0
primary_total_co2,M0star,TCD,spatial_block=South America,geography,0.0
primary_total_co2,M0star,COG,spatial_block=South America,geography,0.0
primary_total_co2,M0star,COD,spatial_block=South America,geography,0.0
primary_total_co2,M0star,CIV,spatial_block=South America,geography,0.0
primary_total_co2,M0star,DJI,spatial_block=South America,geography,0.0
primary_total_co2,M0star,EGY,spatial_block=South America,geography,0.0
primary_total_co2,M0star,GNQ,spatial_block=South America,geography,0.0
primary_total_co2,M0star,ERI,spatial_block=South America,geography,0.0
primary_total_co2,M0star,ETH,spatial_block=South America,geography,0.0
primary_total_co2,M0star,GAB,spatial_block=South America,geography,0.0
primary_total_co2,M0star,GHA,spatial_block=South America,geography,0.0
primary_total_co2,M0star,GIN,spatial_block=South America,geography,0.0
primary_total_co2,M0star,GNB,spatial_block=South America,geography,0.0
primary_total_co2,M0star,KEN,spatial_block=South America,geography,0.0
primary_total_co2,M0star,LSO,spatial_block=South America,geography,0.0
primary_total_co2,M0star,LBR,spatial_block=South America,geography,0.0
primary_total_co2,M0star,LBY,spatial_block=South America,geography,0.0
primary_total_co2,M0star,MDG,spatial_block=South America,geography,0.0
primary_total_co2,M0star,MWI,spatial_block=South America,geography,0.0
primary_total_co2,M0star,MLI,spatial_block=South America,geography,0.0
primary_total_co2,M0star,MRT,spatial_block=South America,geography,0.0
primary_total_co2,M0star,MAR,spatial_block=South America,geography,0.0
primary_total_co2,M0star,MOZ,spatial_block=South America,geography,0.0
primary_total_co2,M0star,NAM,spatial_block=South America,geography,0.0
primary_total_co2,M0star,NER,spatial_block=South America,geography,0.0
primary_total_co2,M0star,NGA,spatial_block=South America,geography,0.0
primary_total_co2,M0star,RWA,spatial_block=South America,geography,0.0
primary_total_co2,M0star,SEN,spatial_block=South America,geography,0.0
primary_total_co2,M0star,SLE,spatial_block=South America,geography,0.0
primary_total_co2,M0star,SOM,spatial_block=South America,geography,0.0
primary_total_co2,M0star,ZAF,spatial_block=South America,geography,0.0
primary_total_co2,M0star,SDN,spatial_block=South America,geography,0.0
primary_total_co2,M0star,SWZ,spatial_block=South America,geography,0.0
primary_total_co2,M0star,TZA,spatial_block=South America,geography,0.0
primary_total_co2,M0star,TGO,spatial_block=South America,geography,0.0
primary_total_co2,M0star,TUN,spatial_block=South America,geography,0.0
primary_total_co2,M0star,UGA,spatial_block=South America,geography,0.0
primary_total_co2,M0star,ZMB,spatial_block=South America,geography,0.0
primary_total_co2,M0star,ZWE,spatial_block=South America,geography,0.0
primary_total_co2,M0star,AFG,spatial_block=South America,geography,0.0
primary_total_co2,M0star,ARM,spatial_block=South America,geography,0.0
primary_total_co2,M0star,AZE,spatial_block=South America,geography,0.0
primary_total_co2,M0star,BGD,spatial_block=South America,geography,0.0
primary_total_co2,M0star,MMR,spatial_block=South America,geography,0.0
primary_total_co2,M0star,KHM,spatial_block=South America,geography,0.0
primary_total_co2,M0star,CHN,spatial_block=South America,geography,0.0
primary_total_co2,M0star,GEO,spatial_block=South America,geography,0.0
primary_total_co2,M0star,IND,spatial_block=South America,geography,0.0
primary_total_co2,M0star,IDN,spatial_block=South America,geography,0.0
primary_total_co2,M0star,IRN,spatial_block=South America,geography,0.0
primary_total_co2,M0star,IRQ,spatial_block=South America,geography,0.0
primary_total_co2,M0star,ISR,spatial_block=South America,geography,0.0
primary_total_co2,M0star,JPN,spatial_block=South America,geography,0.0
primary_total_co2,M0star,JOR,spatial_block=South America,geography,0.0
primary_total_co2,M0star,KAZ,spatial_block=South America,geography,0.0
primary_total_co2,M0star,LAO,spatial_block=South America,geography,0.0
primary_total_co2,M0star,LBN,spatial_block=South America,geography,0.0
primary_total_co2,M0star,MYS,spatial_block=South America,geography,0.0
primary_total_co2,M0star,MNG,spatial_block=South America,geography,0.0
primary_total_co2,M0star,NPL,spatial_block=South America,geography,0.0
primary_total_co2,M0star,OMN,spatial_block=South America,geography,0.0
primary_total_co2,M0star,PAK,spatial_block=South America,geography,0.0
primary_total_co2,M0star,PHL,spatial_block=South America,geography,0.0
primary_total_co2,M0star,QAT,spatial_block=South America,geography,0.0
primary_total_co2,M0star,SAU,spatial_block=South America,geography,0.0
primary_total_co2,M0star,KOR,spatial_block=South America,geography,0.0
primary_total_co2,M0star,LKA,spatial_block=South America,geography,0.0
primary_total_co2,M0star,SYR,spatial_block=South America,geography,0.0
primary_total_co2,M0star,TWN,spatial_block=South America,geography,0.0
primary_total_co2,M0star,TJK,spatial_block=South America,geography,0.0
primary_total_co2,M0star,THA,spatial_block=South America,geography,0.0
primary_total_co2,M0star,TUR,spatial_block=South America,geography,0.0
primary_total_co2,M0star,TKM,spatial_block=South America,geography,0.0
primary_total_co2,M0star,ARE,spatial_block=South America,geography,0.0
primary_total_co2,M0star,UZB,spatial_block=South America,geography,0.0
primary_total_co2,M0star,VNM,spatial_block=South America,geography,0.0
primary_total_co2,M0star,YEM,spatial_block=South America,geography,0.0
primary_total_co2,M0star,ALB,spatial_block=South America,geography,0.0
primary_total_co2,M0star,AUT,spatial_block=South America,geography,0.0
primary_total_co2,M0star,BLR,spatial_block=South America,geography,0.0
primary_total_co2,M0star,BEL,spatial_block=South America,geography,0.0
primary_total_co2,M0star,BIH,spatial_block=South America,geography,0.0
primary_total_co2,M0star,BGR,spatial_block=South America,geography,0.0
primary_total_co2,M0star,HRV,spatial_block=South America,geography,0.0
primary_total_co2,M0star,CYP,spatial_block=South America,geography,0.0
primary_total_co2,M0star,CZE,spatial_block=South America,geography,0.0
primary_total_co2,M0star,DNK,spatial_block=South America,geography,0.0
primary_total_co2,M0star,EST,spatial_block=South America,geography,0.0
primary_total_co2,M0star,FIN,spatial_block=South America,geography,0.0
primary_total_co2,M0star,FRA,spatial_block=South America,geography,0.0
primary_total_co2,M0star,DEU,spatial_block=South America,geography,0.0
primary_total_co2,M0star,GRC,spatial_block=South America,geography,0.0
primary_total_co2,M0star,HUN,spatial_block=South America,geography,0.0
primary_total_co2,M0star,ISL,spatial_block=South America,geography,0.0
primary_total_co2,M0star,IRL,spatial_block=South America,geography,0.0
primary_total_co2,M0star,ITA,spatial_block=South America,geography,0.0
primary_total_co2,M0star,LVA,spatial_block=South America,geography,0.0
primary_total_co2,M0star,LTU,spatial_block=South America,geography,0.0
primary_total_co2,M0star,MKD,spatial_block=South America,geography,0.0
primary_total_co2,M0star,MDA,spatial_block=South America,geography,0.0
primary_total_co2,M0star,MNE,spatial_block=South America,geography,0.0
primary_total_co2,M0star,NLD,spatial_block=South America,geography,0.0
primary_total_co2,M0star,NOR,spatial_block=South America,geography,0.0
primary_total_co2,M0star,POL,spatial_block=South America,geography,0.0
primary_total_co2,M0star,PRT,spatial_block=South America,geography,0.0
primary_total_co2,M0star,ROU,spatial_block=South America,geography,0.0
primary_total_co2,M0star,RUS,spatial_block=South America,geography,0.0
primary_total_co2,M0star,SRB,spatial_block=South America,geography,0.0
primary_total_co2,M0star,SVK,spatial_block=South America,geography,0.0
primary_total_co2,M0star,SVN,spatial_block=South America,geography,0.0
primary_total_co2,M0star,ESP,spatial_block=South America,geography,0.0
primary_total_co2,M0star,SWE,spatial_block=South America,geography,0.0
primary_total_co2,M0star,CHE,spatial_block=South America,geography,0.0
primary_total_co2,M0star,UKR,spatial_block=South America,geography,0.0
primary_total_co2,M0star,GBR,spatial_block=South America,geography,0.0
primary_total_co2,M0star,BHS,spatial_block=South America,geography,0.0
primary_total_co2,M0star,CAN,spatial_block=South America,geography,0.0
primary_total_co2,M0star,CRI,spatial_block=South America,geography,0.0
primary_total_co2,M0star,CUB,spatial_block=South America,geography,0.0
primary_total_co2,M0star,DOM,spatial_block=South America,geography,0.0
primary_total_co2,M0star,SLV,spatial_block=South America,geography,0.0
primary_total_co2,M0star,GTM,spatial_block=South America,geography,0.0
primary_total_co2,M0star,HTI,spatial_block=South America,geography,0.0
primary_total_co2,M0star,HND,spatial_block=South America,geography,0.0
primary_total_co2,M0star,JAM,spatial_block=South America,geography,0.0
primary_total_co2,M0star,MEX,spatial_block=South America,geography,0.0
primary_total_co2,M0star,NIC,spatial_block=South America,geography,0.0
primary_total_co2,M0star,PAN,spatial_block=South America,geography,0.0
primary_total_co2,M0star,USA,spatial_block=South America,geography,0.0
primary_total_co2,M0star,AUS,spatial_block=South America,geography,0.0
primary_total_co2,M0star,NZL,spatial_block=South America,geography,0.0
primary_total_co2,M0star,PNG,spatial_block=South America,geography,0.0
primary_total_co2,M0star,ARG,spatial_block=South America,geography,1.0
primary_total_co2,M0star,BOL,spatial_block=South America,geography,1.0
primary_total_co2,M0star,BRA,spatial_block=South America,geography,1.0
primary_total_co2,M0star,CHL,spatial_block=South America,geography,1.0
primary_total_co2,M0star,COL,spatial_block=South America,geography,1.0
primary_total_co2,M0star,ECU,spatial_block=South America,geography,1.0
primary_total_co2,M0star,PRY,spatial_block=South America,geography,1.0
primary_total_co2,M0star,PER,spatial_block=South America,geography,1.0
primary_total_co2,M0star,SUR,spatial_block=South America,geography,1.0
primary_total_co2,M0star,URY,spatial_block=South America,geography,1.0
primary_total_co2,M0star,VEN,spatial_block=South America,geography,1.0
primary_total_co2,M0star,DZA,income_group=Low-income countries,socioeconomic,0.0
primary_total_co2,M0star,AGO,income_group=Low-income countries,socioeconomic,0.0
primary_total_co2,M0star,BEN,income_group=Low-income countries,socioeconomic,0.0
primary_total_co2,M0star,BWA,income_group=Low-income countries,socioeconomic,0.0
primary_total_co2,M0star,BFA,income_group=Low-income countries,socioeconomic,1.0
primary_total_co2,M0star,BDI,income_group=Low-income countries,socioeconomic,1.0
primary_total_co2,M0star,CMR,income_group=Low-income countries,socioeconomic,0.0
primary_total_co2,M0star,CAF,income_group=Low-income countries,socioeconomic,1.0
primary_total_co2,M0star,TCD,income_group=Low-income countries,socioeconomic,1.0
primary_total_co2,M0star,COG,income_group=Low-income countries,socioeconomic,0.0
primary_total_co2,M0star,COD,income_group=Low-income countries,socioeconomic,1.0
primary_total_co2,M0star,CIV,income_group=Low-income countries,socioeconomic,0.0
primary_total_co2,M0star,DJI,income_group=Low-income countries,socioeconomic,0.0
primary_total_co2,M0star,EGY,income_group=Low-income countries,socioeconomic,0.0
primary_total_co2,M0star,GNQ,income_group=Low-income countries,socioeconomic,0.0
primary_total_co2,M0star,ERI,income_group=Low-income countries,socioeconomic,1.0
primary_total_co2,M0star,ETH,income_group=Low-income countries,socioeconomic,1.0
primary_total_co2,M0star,GAB,income_group=Low-income countries,socioeconomic,0.0
primary_total_co2,M0star,GHA,income_group=Low-income countries,socioeconomic,0.0
primary_total_co2,M0star,GIN,income_group=Low-income countries,socioeconomic,0.0
primary_total_co2,M0star,GNB,income_group=Low-income countries,socioeconomic,1.0
primary_total_co2,M0star,KEN,income_group=Low-income countries,socioeconomic,0.0
primary_total_co2,M0star,LSO,income_group=Low-income countries,socioeconomic,0.0
primary_total_co2,M0star,LBR,income_group=Low-income countries,socioeconomic,1.0
primary_total_co2,M0star,LBY,income_group=Low-income countries,socioeconomic,0.0
primary_total_co2,M0star,MDG,income_group=Low-income countries,socioeconomic,1.0
primary_total_co2,M0star,MWI,income_group=Low-income countries,socioeconomic,1.0
primary_total_co2,M0star,MLI,income_group=Low-income countries,socioeconomic,1.0
primary_total_co2,M0star,MRT,income_group=Low-income countries,socioeconomic,0.0
primary_total_co2,M0star,MAR,income_group=Low-income countries,socioeconomic,0.0
primary_total_co2,M0star,MOZ,income_group=Low-income countries,socioeconomic,1.0
primary_total_co2,M0star,NAM,income_group=Low-income countries,socioeconomic,0.0
primary_total_co2,M0star,NER,income_group=Low-income countries,socioeconomic,1.0
primary_total_co2,M0star,NGA,income_group=Low-income countries,socioeconomic,0.0
primary_total_co2,M0star,RWA,income_group=Low-income countries,socioeconomic,1.0
primary_total_co2,M0star,SEN,income_group=Low-income countries,socioeconomic,0.0
primary_total_co2,M0star,SLE,income_group=Low-income countries,socioeconomic,1.0
primary_total_co2,M0star,SOM,income_group=Low-income countries,socioeconomic,1.0
primary_total_co2,M0star,ZAF,income_group=Low-income countries,socioeconomic,0.0
primary_total_co2,M0star,SDN,income_group=Low-income countries,socioeconomic,1.0
primary_total_co2,M0star,SWZ,income_group=Low-income countries,socioeconomic,0.0
primary_total_co2,M0star,TZA,income_group=Low-income countries,socioeconomic,0.0
primary_total_co2,M0star,TGO,income_group=Low-income countries,socioeconomic,1.0
primary_total_co2,M0star,TUN,income_group=Low-income countries,socioeconomic,0.0
primary_total_co2,M0star,UGA,income_group=Low-income countries,socioeconomic,1.0
primary_total_co2,M0star,ZMB,income_group=Low-income countries,socioeconomic,0.0
primary_total_co2,M0star,ZWE,income_group=Low-income countries,socioeconomic,0.0
primary_total_co2,M0star,AFG,income_group=Low-income countries,socioeconomic,1.0
primary_total_co2,M0star,ARM,income_group=Low-income countries,socioeconomic,0.0
primary_total_co2,M0star,AZE,income_group=Low-income countries,socioeconomic,0.0
primary_total_co2,M0star,BGD,income_group=Low-income countries,socioeconomic,0.0
primary_total_co2,M0star,MMR,income_group=Low-income countries,socioeconomic,0.0
primary_total_co2,M0star,KHM,income_group=Low-income countries,socioeconomic,0.0
primary_total_co2,M0star,CHN,income_group=Low-income countries,socioeconomic,0.0
primary_total_co2,M0star,GEO,income_group=Low-income countries,socioeconomic,0.0
primary_total_co2,M0star,IND,income_group=Low-income countries,socioeconomic,0.0
primary_total_co2,M0star,IDN,income_group=Low-income countries,socioeconomic,0.0
primary_total_co2,M0star,IRN,income_group=Low-income countries,socioeconomic,0.0
primary_total_co2,M0star,IRQ,income_group=Low-income countries,socioeconomic,0.0
primary_total_co2,M0star,ISR,income_group=Low-income countries,socioeconomic,0.0
primary_total_co2,M0star,JPN,income_group=Low-income countries,socioeconomic,0.0
primary_total_co2,M0star,JOR,income_group=Low-income countries,socioeconomic,0.0
primary_total_co2,M0star,KAZ,income_group=Low-income countries,socioeconomic,0.0
primary_total_co2,M0star,LAO,income_group=Low-income countries,socioeconomic,0.0
primary_total_co2,M0star,LBN,income_group=Low-income countries,socioeconomic,0.0
primary_total_co2,M0star,MYS,income_group=Low-income countries,socioeconomic,0.0
primary_total_co2,M0star,MNG,income_group=Low-income countries,socioeconomic,0.0
primary_total_co2,M0star,NPL,income_group=Low-income countries,socioeconomic,0.0
primary_total_co2,M0star,OMN,income_group=Low-income countries,socioeconomic,0.0
primary_total_co2,M0star,PAK,income_group=Low-income countries,socioeconomic,0.0
primary_total_co2,M0star,PHL,income_group=Low-income countries,socioeconomic,0.0
primary_total_co2,M0star,QAT,income_group=Low-income countries,socioeconomic,0.0
primary_total_co2,M0star,SAU,income_group=Low-income countries,socioeconomic,0.0
primary_total_co2,M0star,KOR,income_group=Low-income countries,socioeconomic,0.0
primary_total_co2,M0star,LKA,income_group=Low-income countries,socioeconomic,0.0
primary_total_co2,M0star,SYR,income_group=Low-income countries,socioeconomic,1.0
primary_total_co2,M0star,TWN,income_group=Low-income countries,socioeconomic,0.0
primary_total_co2,M0star,TJK,income_group=Low-income countries,socioeconomic,0.0
primary_total_co2,M0star,THA,income_group=Low-income countries,socioeconomic,0.0
primary_total_co2,M0star,TUR,income_group=Low-income countries,socioeconomic,0.0
primary_total_co2,M0star,TKM,income_group=Low-income countries,socioeconomic,0.0
primary_total_co2,M0star,ARE,income_group=Low-income countries,socioeconomic,0.0
primary_total_co2,M0star,UZB,income_group=Low-income countries,socioeconomic,0.0
primary_total_co2,M0star,VNM,income_group=Low-income countries,socioeconomic,0.0
primary_total_co2,M0star,YEM,income_group=Low-income countries,socioeconomic,1.0
primary_total_co2,M0star,ALB,income_group=Low-income countries,socioeconomic,0.0
primary_total_co2,M0star,AUT,income_group=Low-income countries,socioeconomic,0.0
primary_total_co2,M0star,BLR,income_group=Low-income countries,socioeconomic,0.0
primary_total_co2,M0star,BEL,income_group=Low-income countries,socioeconomic,0.0
primary_total_co2,M0star,BIH,income_group=Low-income countries,socioeconomic,0.0
primary_total_co2,M0star,BGR,income_group=Low-income countries,socioeconomic,0.0
primary_total_co2,M0star,HRV,income_group=Low-income countries,socioeconomic,0.0
primary_total_co2,M0star,CYP,income_group=Low-income countries,socioeconomic,0.0
primary_total_co2,M0star,CZE,income_group=Low-income countries,socioeconomic,0.0
primary_total_co2,M0star,DNK,income_group=Low-income countries,socioeconomic,0.0
primary_total_co2,M0star,EST,income_group=Low-income countries,socioeconomic,0.0
primary_total_co2,M0star,FIN,income_group=Low-income countries,socioeconomic,0.0
primary_total_co2,M0star,FRA,income_group=Low-income countries,socioeconomic,0.0
primary_total_co2,M0star,DEU,income_group=Low-income countries,socioeconomic,0.0
primary_total_co2,M0star,GRC,income_group=Low-income countries,socioeconomic,0.0
primary_total_co2,M0star,HUN,income_group=Low-income countries,socioeconomic,0.0
primary_total_co2,M0star,ISL,income_group=Low-income countries,socioeconomic,0.0
primary_total_co2,M0star,IRL,income_group=Low-income countries,socioeconomic,0.0
primary_total_co2,M0star,ITA,income_group=Low-income countries,socioeconomic,0.0
primary_total_co2,M0star,LVA,income_group=Low-income countries,socioeconomic,0.0
primary_total_co2,M0star,LTU,income_group=Low-income countries,socioeconomic,0.0
primary_total_co2,M0star,MKD,income_group=Low-income countries,socioeconomic,0.0
primary_total_co2,M0star,MDA,income_group=Low-income countries,socioeconomic,0.0
primary_total_co2,M0star,MNE,income_group=Low-income countries,socioeconomic,0.0
primary_total_co2,M0star,NLD,income_group=Low-income countries,socioeconomic,0.0
primary_total_co2,M0star,NOR,income_group=Low-income countries,socioeconomic,0.0
primary_total_co2,M0star,POL,income_group=Low-income countries,socioeconomic,0.0
primary_total_co2,M0star,PRT,income_group=Low-income countries,socioeconomic,0.0
primary_total_co2,M0star,ROU,income_group=Low-income countries,socioeconomic,0.0
primary_total_co2,M0star,RUS,income_group=Low-income countries,socioeconomic,0.0
primary_total_co2,M0star,SRB,income_group=Low-income countries,socioeconomic,0.0
primary_total_co2,M0star,SVK,income_group=Low-income countries,socioeconomic,0.0
primary_total_co2,M0star,SVN,income_group=Low-income countries,socioeconomic,0.0
primary_total_co2,M0star,ESP,income_group=Low-income countries,socioeconomic,0.0
primary_total_co2,M0star,SWE,income_group=Low-income countries,socioeconomic,0.0
primary_total_co2,M0star,CHE,income_group=Low-income countries,socioeconomic,0.0
primary_total_co2,M0star,UKR,income_group=Low-income countries,socioeconomic,0.0
primary_total_co2,M0star,GBR,income_group=Low-income countries,socioeconomic,0.0
primary_total_co2,M0star,BHS,income_group=Low-income countries,socioeconomic,0.0
primary_total_co2,M0star,CAN,income_group=Low-income countries,socioeconomic,0.0
primary_total_co2,M0star,CRI,income_group=Low-income countries,socioeconomic,0.0
primary_total_co2,M0star,CUB,income_group=Low-income countries,socioeconomic,0.0
primary_total_co2,M0star,DOM,income_group=Low-income countries,socioeconomic,0.0
primary_total_co2,M0star,SLV,income_group=Low-income countries,socioeconomic,0.0
primary_total_co2,M0star,GTM,income_group=Low-income countries,socioeconomic,0.0
primary_total_co2,M0star,HTI,income_group=Low-income countries,socioeconomic,0.0
primary_total_co2,M0star,HND,income_group=Low-income countries,socioeconomic,0.0
primary_total_co2,M0star,JAM,income_group=Low-income countries,socioeconomic,0.0
primary_total_co2,M0star,MEX,income_group=Low-income countries,socioeconomic,0.0
primary_total_co2,M0star,NIC,income_group=Low-income countries,socioeconomic,0.0
primary_total_co2,M0star,PAN,income_group=Low-income countries,socioeconomic,0.0
primary_total_co2,M0star,USA,income_group=Low-income countries,socioeconomic,0.0
primary_total_co2,M0star,AUS,income_group=Low-income countries,socioeconomic,0.0
primary_total_co2,M0star,NZL,income_group=Low-income countries,socioeconomic,0.0
primary_total_co2,M0star,PNG,income_group=Low-income countries,socioeconomic,0.0
primary_total_co2,M0star,ARG,income_group=Low-income countries,socioeconomic,0.0
primary_total_co2,M0star,BOL,income_group=Low-income countries,socioeconomic,0.0
primary_total_co2,M0star,BRA,income_group=Low-income countries,socioeconomic,0.0
primary_total_co2,M0star,CHL,income_group=Low-income countries,socioeconomic,0.0
primary_total_co2,M0star,COL,income_group=Low-income countries,socioeconomic,0.0
primary_total_co2,M0star,ECU,income_group=Low-income countries,socioeconomic,0.0
primary_total_co2,M0star,PRY,income_group=Low-income countries,socioeconomic,0.0
primary_total_co2,M0star,PER,income_group=Low-income countries,socioeconomic,0.0
primary_total_co2,M0star,SUR,income_group=Low-income countries,socioeconomic,0.0
primary_total_co2,M0star,URY,income_group=Low-income countries,socioeconomic,0.0
primary_total_co2,M0star,VEN,income_group=Low-income countries,socioeconomic,0.0
primary_total_co2,M0star,DZA,income_group=Lower-middle-income countries,socioeconomic,0.0
primary_total_co2,M0star,AGO,income_group=Lower-middle-income countries,socioeconomic,1.0
primary_total_co2,M0star,BEN,income_group=Lower-middle-income countries,socioeconomic,1.0
primary_total_co2,M0star,BWA,income_group=Lower-middle-income countries,socioeconomic,0.0
primary_total_co2,M0star,BFA,income_group=Lower-middle-income countries,socioeconomic,0.0
primary_total_co2,M0star,BDI,income_group=Lower-middle-income countries,socioeconomic,0.0
primary_total_co2,M0star,CMR,income_group=Lower-middle-income countries,socioeconomic,1.0
primary_total_co2,M0star,CAF,income_group=Lower-middle-income countries,socioeconomic,0.0
primary_total_co2,M0star,TCD,income_group=Lower-middle-income countries,socioeconomic,0.0
primary_total_co2,M0star,COG,income_group=Lower-middle-income countries,socioeconomic,1.0
primary_total_co2,M0star,COD,income_group=Lower-middle-income countries,socioeconomic,0.0
primary_total_co2,M0star,CIV,income_group=Lower-middle-income countries,socioeconomic,1.0
primary_total_co2,M0star,DJI,income_group=Lower-middle-income countries,socioeconomic,1.0
primary_total_co2,M0star,EGY,income_group=Lower-middle-income countries,socioeconomic,1.0
primary_total_co2,M0star,GNQ,income_group=Lower-middle-income countries,socioeconomic,0.0
primary_total_co2,M0star,ERI,income_group=Lower-middle-income countries,socioeconomic,0.0
primary_total_co2,M0star,ETH,income_group=Lower-middle-income countries,socioeconomic,0.0
primary_total_co2,M0star,GAB,income_group=Lower-middle-income countries,socioeconomic,0.0
primary_total_co2,M0star,GHA,income_group=Lower-middle-income countries,socioeconomic,1.0
primary_total_co2,M0star,GIN,income_group=Lower-middle-income countries,socioeconomic,1.0
primary_total_co2,M0star,GNB,income_group=Lower-middle-income countries,socioeconomic,0.0
primary_total_co2,M0star,KEN,income_group=Lower-middle-income countries,socioeconomic,1.0
primary_total_co2,M0star,LSO,income_group=Lower-middle-income countries,socioeconomic,1.0
primary_total_co2,M0star,LBR,income_group=Lower-middle-income countries,socioeconomic,0.0
primary_total_co2,M0star,LBY,income_group=Lower-middle-income countries,socioeconomic,0.0
primary_total_co2,M0star,MDG,income_group=Lower-middle-income countries,socioeconomic,0.0
primary_total_co2,M0star,MWI,income_group=Lower-middle-income countries,socioeconomic,0.0
primary_total_co2,M0star,MLI,income_group=Lower-middle-income countries,socioeconomic,0.0
primary_total_co2,M0star,MRT,income_group=Lower-middle-income countries,socioeconomic,1.0
primary_total_co2,M0star,MAR,income_group=Lower-middle-income countries,socioeconomic,1.0
primary_total_co2,M0star,MOZ,income_group=Lower-middle-income countries,socioeconomic,0.0
primary_total_co2,M0star,NAM,income_group=Lower-middle-income countries,socioeconomic,1.0
primary_total_co2,M0star,NER,income_group=Lower-middle-income countries,socioeconomic,0.0
primary_total_co2,M0star,NGA,income_group=Lower-middle-income countries,socioeconomic,1.0
primary_total_co2,M0star,RWA,income_group=Lower-middle-income countries,socioeconomic,0.0
primary_total_co2,M0star,SEN,income_group=Lower-middle-income countries,socioeconomic,1.0
primary_total_co2,M0star,SLE,income_group=Lower-middle-income countries,socioeconomic,0.0
primary_total_co2,M0star,SOM,income_group=Lower-middle-income countries,socioeconomic,0.0
primary_total_co2,M0star,ZAF,income_group=Lower-middle-income countries,socioeconomic,0.0
primary_total_co2,M0star,SDN,income_group=Lower-middle-income countries,socioeconomic,0.0
primary_total_co2,M0star,SWZ,income_group=Lower-middle-income countries,socioeconomic,1.0
primary_total_co2,M0star,TZA,income_group=Lower-middle-income countries,socioeconomic,1.0
primary_total_co2,M0star,TGO,income_group=Lower-middle-income countries,socioeconomic,0.0
primary_total_co2,M0star,TUN,income_group=Lower-middle-income countries,socioeconomic,1.0
primary_total_co2,M0star,UGA,income_group=Lower-middle-income countries,socioeconomic,0.0
primary_total_co2,M0star,ZMB,income_group=Lower-middle-income countries,socioeconomic,1.0
primary_total_co2,M0star,ZWE,income_group=Lower-middle-income countries,socioeconomic,1.0
primary_total_co2,M0star,AFG,income_group=Lower-middle-income countries,socioeconomic,0.0
primary_total_co2,M0star,ARM,income_group=Lower-middle-income countries,socioeconomic,0.0
primary_total_co2,M0star,AZE,income_group=Lower-middle-income countries,socioeconomic,0.0
primary_total_co2,M0star,BGD,income_group=Lower-middle-income countries,socioeconomic,1.0
primary_total_co2,M0star,MMR,income_group=Lower-middle-income countries,socioeconomic,1.0
primary_total_co2,M0star,KHM,income_group=Lower-middle-income countries,socioeconomic,1.0
primary_total_co2,M0star,CHN,income_group=Lower-middle-income countries,socioeconomic,0.0
primary_total_co2,M0star,GEO,income_group=Lower-middle-income countries,socioeconomic,0.0
primary_total_co2,M0star,IND,income_group=Lower-middle-income countries,socioeconomic,1.0
primary_total_co2,M0star,IDN,income_group=Lower-middle-income countries,socioeconomic,0.0
primary_total_co2,M0star,IRN,income_group=Lower-middle-income countries,socioeconomic,0.0
primary_total_co2,M0star,IRQ,income_group=Lower-middle-income countries,socioeconomic,0.0
primary_total_co2,M0star,ISR,income_group=Lower-middle-income countries,socioeconomic,0.0
primary_total_co2,M0star,JPN,income_group=Lower-middle-income countries,socioeconomic,0.0
primary_total_co2,M0star,JOR,income_group=Lower-middle-income countries,socioeconomic,1.0
primary_total_co2,M0star,KAZ,income_group=Lower-middle-income countries,socioeconomic,0.0
primary_total_co2,M0star,LAO,income_group=Lower-middle-income countries,socioeconomic,1.0
primary_total_co2,M0star,LBN,income_group=Lower-middle-income countries,socioeconomic,1.0
primary_total_co2,M0star,MYS,income_group=Lower-middle-income countries,socioeconomic,0.0
primary_total_co2,M0star,MNG,income_group=Lower-middle-income countries,socioeconomic,0.0
primary_total_co2,M0star,NPL,income_group=Lower-middle-income countries,socioeconomic,1.0
primary_total_co2,M0star,OMN,income_group=Lower-middle-income countries,socioeconomic,0.0
primary_total_co2,M0star,PAK,income_group=Lower-middle-income countries,socioeconomic,1.0
primary_total_co2,M0star,PHL,income_group=Lower-middle-income countries,socioeconomic,1.0
primary_total_co2,M0star,QAT,income_group=Lower-middle-income countries,socioeconomic,0.0
primary_total_co2,M0star,SAU,income_group=Lower-middle-income countries,socioeconomic,0.0
primary_total_co2,M0star,KOR,income_group=Lower-middle-income countries,socioeconomic,0.0
primary_total_co2,M0star,LKA,income_group=Lower-middle-income countries,socioeconomic,1.0
primary_total_co2,M0star,SYR,income_group=Lower-middle-income countries,socioeconomic,0.0
primary_total_co2,M0star,TWN,income_group=Lower-middle-income countries,socioeconomic,0.0
primary_total_co2,M0star,TJK,income_group=Lower-middle-income countries,socioeconomic,1.0
primary_total_co2,M0star,THA,income_group=Lower-middle-income countries,socioeconomic,0.0
primary_total_co2,M0star,TUR,income_group=Lower-middle-income countries,socioeconomic,0.0
primary_total_co2,M0star,TKM,income_group=Lower-middle-income countries,socioeconomic,0.0
primary_total_co2,M0star,ARE,income_group=Lower-middle-income countries,socioeconomic,0.0
primary_total_co2,M0star,UZB,income_group=Lower-middle-income countries,socioeconomic,1.0
primary_total_co2,M0star,VNM,income_group=Lower-middle-income countries,socioeconomic,1.0
primary_total_co2,M0star,YEM,income_group=Lower-middle-income countries,socioeconomic,0.0
primary_total_co2,M0star,ALB,income_group=Lower-middle-income countries,socioeconomic,0.0
primary_total_co2,M0star,AUT,income_group=Lower-middle-income countries,socioeconomic,0.0
primary_total_co2,M0star,BLR,income_group=Lower-middle-income countries,socioeconomic,0.0
primary_total_co2,M0star,BEL,income_group=Lower-middle-income countries,socioeconomic,0.0
primary_total_co2,M0star,BIH,income_group=Lower-middle-income countries,socioeconomic,0.0
primary_total_co2,M0star,BGR,income_group=Lower-middle-income countries,socioeconomic,0.0
primary_total_co2,M0star,HRV,income_group=Lower-middle-income countries,socioeconomic,0.0
primary_total_co2,M0star,CYP,income_group=Lower-middle-income countries,socioeconomic,0.0
primary_total_co2,M0star,CZE,income_group=Lower-middle-income countries,socioeconomic,0.0
primary_total_co2,M0star,DNK,income_group=Lower-middle-income countries,socioeconomic,0.0
primary_total_co2,M0star,EST,income_group=Lower-middle-income countries,socioeconomic,0.0
primary_total_co2,M0star,FIN,income_group=Lower-middle-income countries,socioeconomic,0.0
primary_total_co2,M0star,FRA,income_group=Lower-middle-income countries,socioeconomic,0.0
primary_total_co2,M0star,DEU,income_group=Lower-middle-income countries,socioeconomic,0.0
primary_total_co2,M0star,GRC,income_group=Lower-middle-income countries,socioeconomic,0.0
primary_total_co2,M0star,HUN,income_group=Lower-middle-income countries,socioeconomic,0.0
primary_total_co2,M0star,ISL,income_group=Lower-middle-income countries,socioeconomic,0.0
primary_total_co2,M0star,IRL,income_group=Lower-middle-income countries,socioeconomic,0.0
primary_total_co2,M0star,ITA,income_group=Lower-middle-income countries,socioeconomic,0.0
primary_total_co2,M0star,LVA,income_group=Lower-middle-income countries,socioeconomic,0.0
primary_total_co2,M0star,LTU,income_group=Lower-middle-income countries,socioeconomic,0.0
primary_total_co2,M0star,MKD,income_group=Lower-middle-income countries,socioeconomic,0.0
primary_total_co2,M0star,MDA,income_group=Lower-middle-income countries,socioeconomic,0.0
primary_total_co2,M0star,MNE,income_group=Lower-middle-income countries,socioeconomic,0.0
primary_total_co2,M0star,NLD,income_group=Lower-middle-income countries,socioeconomic,0.0
primary_total_co2,M0star,NOR,income_group=Lower-middle-income countries,socioeconomic,0.0
primary_total_co2,M0star,POL,income_group=Lower-middle-income countries,socioeconomic,0.0
primary_total_co2,M0star,PRT,income_group=Lower-middle-income countries,socioeconomic,0.0
primary_total_co2,M0star,ROU,income_group=Lower-middle-income countries,socioeconomic,0.0
primary_total_co2,M0star,RUS,income_group=Lower-middle-income countries,socioeconomic,0.0
primary_total_co2,M0star,SRB,income_group=Lower-middle-income countries,socioeconomic,0.0
primary_total_co2,M0star,SVK,income_group=Lower-middle-income countries,socioeconomic,0.0
primary_total_co2,M0star,SVN,income_group=Lower-middle-income countries,socioeconomic,0.0
primary_total_co2,M0star,ESP,income_group=Lower-middle-income countries,socioeconomic,0.0
primary_total_co2,M0star,SWE,income_group=Lower-middle-income countries,socioeconomic,0.0
primary_total_co2,M0star,CHE,income_group=Lower-middle-income countries,socioeconomic,0.0
primary_total_co2,M0star,UKR,income_group=Lower-middle-income countries,socioeconomic,0.0
primary_total_co2,M0star,GBR,income_group=Lower-middle-income countries,socioeconomic,0.0
primary_total_co2,M0star,BHS,income_group=Lower-middle-income countries,socioeconomic,0.0
primary_total_co2,M0star,CAN,income_group=Lower-middle-income countries,socioeconomic,0.0
primary_total_co2,M0star,CRI,income_group=Lower-middle-income countries,socioeconomic,0.0
primary_total_co2,M0star,CUB,income_group=Lower-middle-income countries,socioeconomic,0.0
primary_total_co2,M0star,DOM,income_group=Lower-middle-income countries,socioeconomic,0.0
primary_total_co2,M0star,SLV,income_group=Lower-middle-income countries,socioeconomic,0.0
primary_total_co2,M0star,GTM,income_group=Lower-middle-income countries,socioeconomic,0.0
primary_total_co2,M0star,HTI,income_group=Lower-middle-income countries,socioeconomic,1.0
primary_total_co2,M0star,HND,income_group=Lower-middle-income countries,socioeconomic,1.0
primary_total_co2,M0star,JAM,income_group=Lower-middle-income countries,socioeconomic,0.0
primary_total_co2,M0star,MEX,income_group=Lower-middle-income countries,socioeconomic,0.0
primary_total_co2,M0star,NIC,income_group=Lower-middle-income countries,socioeconomic,1.0
primary_total_co2,M0star,PAN,income_group=Lower-middle-income countries,socioeconomic,0.0
primary_total_co2,M0star,USA,income_group=Lower-middle-income countries,socioeconomic,0.0
primary_total_co2,M0star,AUS,income_group=Lower-middle-income countries,socioeconomic,0.0
primary_total_co2,M0star,NZL,income_group=Lower-middle-income countries,socioeconomic,0.0
primary_total_co2,M0star,PNG,income_group=Lower-middle-income countries,socioeconomic,1.0
primary_total_co2,M0star,ARG,income_group=Lower-middle-income countries,socioeconomic,0.0
primary_total_co2,M0star,BOL,income_group=Lower-middle-income countries,socioeconomic,1.0
primary_total_co2,M0star,BRA,income_group=Lower-middle-income countries,socioeconomic,0.0
primary_total_co2,M0star,CHL,income_group=Lower-middle-income countries,socioeconomic,0.0
primary_total_co2,M0star,COL,income_group=Lower-middle-income countries,socioeconomic,0.0
primary_total_co2,M0star,ECU,income_group=Lower-middle-income countries,socioeconomic,0.0
primary_total_co2,M0star,PRY,income_group=Lower-middle-income countries,socioeconomic,0.0
primary_total_co2,M0star,PER,income_group=Lower-middle-income countries,socioeconomic,0.0
primary_total_co2,M0star,SUR,income_group=Lower-middle-income countries,socioeconomic,0.0
primary_total_co2,M0star,URY,income_group=Lower-middle-income countries,socioeconomic,0.0
primary_total_co2,M0star,VEN,income_group=Lower-middle-income countries,socioeconomic,0.0
primary_total_co2,M0star,DZA,income_group=Upper-middle-income countries,socioeconomic,1.0
primary_total_co2,M0star,AGO,income_group=Upper-middle-income countries,socioeconomic,0.0
primary_total_co2,M0star,BEN,income_group=Upper-middle-income countries,socioeconomic,0.0
primary_total_co2,M0star,BWA,income_group=Upper-middle-income countries,socioeconomic,1.0
primary_total_co2,M0star,BFA,income_group=Upper-middle-income countries,socioeconomic,0.0
primary_total_co2,M0star,BDI,income_group=Upper-middle-income countries,socioeconomic,0.0
primary_total_co2,M0star,CMR,income_group=Upper-middle-income countries,socioeconomic,0.0
primary_total_co2,M0star,CAF,income_group=Upper-middle-income countries,socioeconomic,0.0
primary_total_co2,M0star,TCD,income_group=Upper-middle-income countries,socioeconomic,0.0
primary_total_co2,M0star,COG,income_group=Upper-middle-income countries,socioeconomic,0.0
primary_total_co2,M0star,COD,income_group=Upper-middle-income countries,socioeconomic,0.0
primary_total_co2,M0star,CIV,income_group=Upper-middle-income countries,socioeconomic,0.0
primary_total_co2,M0star,DJI,income_group=Upper-middle-income countries,socioeconomic,0.0
primary_total_co2,M0star,EGY,income_group=Upper-middle-income countries,socioeconomic,0.0
primary_total_co2,M0star,GNQ,income_group=Upper-middle-income countries,socioeconomic,1.0
primary_total_co2,M0star,ERI,income_group=Upper-middle-income countries,socioeconomic,0.0
primary_total_co2,M0star,ETH,income_group=Upper-middle-income countries,socioeconomic,0.0
primary_total_co2,M0star,GAB,income_group=Upper-middle-income countries,socioeconomic,1.0
primary_total_co2,M0star,GHA,income_group=Upper-middle-income countries,socioeconomic,0.0
primary_total_co2,M0star,GIN,income_group=Upper-middle-income countries,socioeconomic,0.0
primary_total_co2,M0star,GNB,income_group=Upper-middle-income countries,socioeconomic,0.0
primary_total_co2,M0star,KEN,income_group=Upper-middle-income countries,socioeconomic,0.0
primary_total_co2,M0star,LSO,income_group=Upper-middle-income countries,socioeconomic,0.0
primary_total_co2,M0star,LBR,income_group=Upper-middle-income countries,socioeconomic,0.0
primary_total_co2,M0star,LBY,income_group=Upper-middle-income countries,socioeconomic,1.0
primary_total_co2,M0star,MDG,income_group=Upper-middle-income countries,socioeconomic,0.0
primary_total_co2,M0star,MWI,income_group=Upper-middle-income countries,socioeconomic,0.0
primary_total_co2,M0star,MLI,income_group=Upper-middle-income countries,socioeconomic,0.0
primary_total_co2,M0star,MRT,income_group=Upper-middle-income countries,socioeconomic,0.0
primary_total_co2,M0star,MAR,income_group=Upper-middle-income countries,socioeconomic,0.0
primary_total_co2,M0star,MOZ,income_group=Upper-middle-income countries,socioeconomic,0.0
primary_total_co2,M0star,NAM,income_group=Upper-middle-income countries,socioeconomic,0.0
primary_total_co2,M0star,NER,income_group=Upper-middle-income countries,socioeconomic,0.0
primary_total_co2,M0star,NGA,income_group=Upper-middle-income countries,socioeconomic,0.0
primary_total_co2,M0star,RWA,income_group=Upper-middle-income countries,socioeconomic,0.0
primary_total_co2,M0star,SEN,income_group=Upper-middle-income countries,socioeconomic,0.0
primary_total_co2,M0star,SLE,income_group=Upper-middle-income countries,socioeconomic,0.0
primary_total_co2,M0star,SOM,income_group=Upper-middle-income countries,socioeconomic,0.0
primary_total_co2,M0star,ZAF,income_group=Upper-middle-income countries,socioeconomic,1.0
primary_total_co2,M0star,SDN,income_group=Upper-middle-income countries,socioeconomic,0.0
primary_total_co2,M0star,SWZ,income_group=Upper-middle-income countries,socioeconomic,0.0
primary_total_co2,M0star,TZA,income_group=Upper-middle-income countries,socioeconomic,0.0
primary_total_co2,M0star,TGO,income_group=Upper-middle-income countries,socioeconomic,0.0
primary_total_co2,M0star,TUN,income_group=Upper-middle-income countries,socioeconomic,0.0
primary_total_co2,M0star,UGA,income_group=Upper-middle-income countries,socioeconomic,0.0
primary_total_co2,M0star,ZMB,income_group=Upper-middle-income countries,socioeconomic,0.0
primary_total_co2,M0star,ZWE,income_group=Upper-middle-income countries,socioeconomic,0.0
primary_total_co2,M0star,AFG,income_group=Upper-middle-income countries,socioeconomic,0.0
primary_total_co2,M0star,ARM,income_group=Upper-middle-income countries,socioeconomic,1.0
primary_total_co2,M0star,AZE,income_group=Upper-middle-income countries,socioeconomic,1.0
primary_total_co2,M0star,BGD,income_group=Upper-middle-income countries,socioeconomic,0.0
primary_total_co2,M0star,MMR,income_group=Upper-middle-income countries,socioeconomic,0.0
primary_total_co2,M0star,KHM,income_group=Upper-middle-income countries,socioeconomic,0.0
primary_total_co2,M0star,CHN,income_group=Upper-middle-income countries,socioeconomic,1.0
primary_total_co2,M0star,GEO,income_group=Upper-middle-income countries,socioeconomic,1.0
primary_total_co2,M0star,IND,income_group=Upper-middle-income countries,socioeconomic,0.0
primary_total_co2,M0star,IDN,income_group=Upper-middle-income countries,socioeconomic,1.0
primary_total_co2,M0star,IRN,income_group=Upper-middle-income countries,socioeconomic,1.0
primary_total_co2,M0star,IRQ,income_group=Upper-middle-income countries,socioeconomic,1.0
primary_total_co2,M0star,ISR,income_group=Upper-middle-income countries,socioeconomic,0.0
primary_total_co2,M0star,JPN,income_group=Upper-middle-income countries,socioeconomic,0.0
primary_total_co2,M0star,JOR,income_group=Upper-middle-income countries,socioeconomic,0.0
primary_total_co2,M0star,KAZ,income_group=Upper-middle-income countries,socioeconomic,1.0
primary_total_co2,M0star,LAO,income_group=Upper-middle-income countries,socioeconomic,0.0
primary_total_co2,M0star,LBN,income_group=Upper-middle-income countries,socioeconomic,0.0
primary_total_co2,M0star,MYS,income_group=Upper-middle-income countries,socioeconomic,1.0
primary_total_co2,M0star,MNG,income_group=Upper-middle-income countries,socioeconomic,1.0
primary_total_co2,M0star,NPL,income_group=Upper-middle-income countries,socioeconomic,0.0
primary_total_co2,M0star,OMN,income_group=Upper-middle-income countries,socioeconomic,0.0
primary_total_co2,M0star,PAK,income_group=Upper-middle-income countries,socioeconomic,0.0
primary_total_co2,M0star,PHL,income_group=Upper-middle-income countries,socioeconomic,0.0
primary_total_co2,M0star,QAT,income_group=Upper-middle-income countries,socioeconomic,0.0
primary_total_co2,M0star,SAU,income_group=Upper-middle-income countries,socioeconomic,0.0
primary_total_co2,M0star,KOR,income_group=Upper-middle-income countries,socioeconomic,0.0
primary_total_co2,M0star,LKA,income_group=Upper-middle-income countries,socioeconomic,0.0
primary_total_co2,M0star,SYR,income_group=Upper-middle-income countries,socioeconomic,0.0
primary_total_co2,M0star,TWN,income_group=Upper-middle-income countries,socioeconomic,0.0
primary_total_co2,M0star,TJK,income_group=Upper-middle-income countries,socioeconomic,0.0
primary_total_co2,M0star,THA,income_group=Upper-middle-income countries,socioeconomic,1.0
primary_total_co2,M0star,TUR,income_group=Upper-middle-income countries,socioeconomic,1.0
primary_total_co2,M0star,TKM,income_group=Upper-middle-income countries,socioeconomic,1.0
primary_total_co2,M0star,ARE,income_group=Upper-middle-income countries,socioeconomic,0.0
primary_total_co2,M0star,UZB,income_group=Upper-middle-income countries,socioeconomic,0.0
primary_total_co2,M0star,VNM,income_group=Upper-middle-income countries,socioeconomic,0.0
primary_total_co2,M0star,YEM,income_group=Upper-middle-income countries,socioeconomic,0.0
primary_total_co2,M0star,ALB,income_group=Upper-middle-income countries,socioeconomic,1.0
primary_total_co2,M0star,AUT,income_group=Upper-middle-income countries,socioeconomic,0.0
primary_total_co2,M0star,BLR,income_group=Upper-middle-income countries,socioeconomic,1.0
primary_total_co2,M0star,BEL,income_group=Upper-middle-income countries,socioeconomic,0.0
primary_total_co2,M0star,BIH,income_group=Upper-middle-income countries,socioeconomic,1.0
primary_total_co2,M0star,BGR,income_group=Upper-middle-income countries,socioeconomic,0.0
primary_total_co2,M0star,HRV,income_group=Upper-middle-income countries,socioeconomic,0.0
primary_total_co2,M0star,CYP,income_group=Upper-middle-income countries,socioeconomic,0.0
primary_total_co2,M0star,CZE,income_group=Upper-middle-income countries,socioeconomic,0.0
primary_total_co2,M0star,DNK,income_group=Upper-middle-income countries,socioeconomic,0.0
primary_total_co2,M0star,EST,income_group=Upper-middle-income countries,socioeconomic,0.0
primary_total_co2,M0star,FIN,income_group=Upper-middle-income countries,socioeconomic,0.0
primary_total_co2,M0star,FRA,income_group=Upper-middle-income countries,socioeconomic,0.0
primary_total_co2,M0star,DEU,income_group=Upper-middle-income countries,socioeconomic,0.0
primary_total_co2,M0star,GRC,income_group=Upper-middle-income countries,socioeconomic,0.0
primary_total_co2,M0star,HUN,income_group=Upper-middle-income countries,socioeconomic,0.0
primary_total_co2,M0star,ISL,income_group=Upper-middle-income countries,socioeconomic,0.0
primary_total_co2,M0star,IRL,income_group=Upper-middle-income countries,socioeconomic,0.0
primary_total_co2,M0star,ITA,income_group=Upper-middle-income countries,socioeconomic,0.0
primary_total_co2,M0star,LVA,income_group=Upper-middle-income countries,socioeconomic,0.0
primary_total_co2,M0star,LTU,income_group=Upper-middle-income countries,socioeconomic,0.0
primary_total_co2,M0star,MKD,income_group=Upper-middle-income countries,socioeconomic,1.0
primary_total_co2,M0star,MDA,income_group=Upper-middle-income countries,socioeconomic,1.0
primary_total_co2,M0star,MNE,income_group=Upper-middle-income countries,socioeconomic,1.0
primary_total_co2,M0star,NLD,income_group=Upper-middle-income countries,socioeconomic,0.0
primary_total_co2,M0star,NOR,income_group=Upper-middle-income countries,socioeconomic,0.0
primary_total_co2,M0star,POL,income_group=Upper-middle-income countries,socioeconomic,0.0
primary_total_co2,M0star,PRT,income_group=Upper-middle-income countries,socioeconomic,0.0
primary_total_co2,M0star,ROU,income_group=Upper-middle-income countries,socioeconomic,0.0
primary_total_co2,M0star,RUS,income_group=Upper-middle-income countries,socioeconomic,0.0
primary_total_co2,M0star,SRB,income_group=Upper-middle-income countries,socioeconomic,1.0
primary_total_co2,M0star,SVK,income_group=Upper-middle-income countries,socioeconomic,0.0
primary_total_co2,M0star,SVN,income_group=Upper-middle-income countries,socioeconomic,0.0
primary_total_co2,M0star,ESP,income_group=Upper-middle-income countries,socioeconomic,0.0
primary_total_co2,M0star,SWE,income_group=Upper-middle-income countries,socioeconomic,0.0
primary_total_co2,M0star,CHE,income_group=Upper-middle-income countries,socioeconomic,0.0
primary_total_co2,M0star,UKR,income_group=Upper-middle-income countries,socioeconomic,1.0
primary_total_co2,M0star,GBR,income_group=Upper-middle-income countries,socioeconomic,0.0
primary_total_co2,M0star,BHS,income_group=Upper-middle-income countries,socioeconomic,0.0
primary_total_co2,M0star,CAN,income_group=Upper-middle-income countries,socioeconomic,0.0
primary_total_co2,M0star,CRI,income_group=Upper-middle-income countries,socioeconomic,0.0
primary_total_co2,M0star,CUB,income_group=Upper-middle-income countries,socioeconomic,1.0
primary_total_co2,M0star,DOM,income_group=Upper-middle-income countries,socioeconomic,1.0
primary_total_co2,M0star,SLV,income_group=Upper-middle-income countries,socioeconomic,1.0
primary_total_co2,M0star,GTM,income_group=Upper-middle-income countries,socioeconomic,1.0
primary_total_co2,M0star,HTI,income_group=Upper-middle-income countries,socioeconomic,0.0
primary_total_co2,M0star,HND,income_group=Upper-middle-income countries,socioeconomic,0.0
primary_total_co2,M0star,JAM,income_group=Upper-middle-income countries,socioeconomic,1.0
primary_total_co2,M0star,MEX,income_group=Upper-middle-income countries,socioeconomic,1.0
primary_total_co2,M0star,NIC,income_group=Upper-middle-income countries,socioeconomic,0.0
primary_total_co2,M0star,PAN,income_group=Upper-middle-income countries,socioeconomic,0.0
primary_total_co2,M0star,USA,income_group=Upper-middle-income countries,socioeconomic,0.0
primary_total_co2,M0star,AUS,income_group=Upper-middle-income countries,socioeconomic,0.0
primary_total_co2,M0star,NZL,income_group=Upper-middle-income countries,socioeconomic,0.0
primary_total_co2,M0star,PNG,income_group=Upper-middle-income countries,socioeconomic,0.0
primary_total_co2,M0star,ARG,income_group=Upper-middle-income countries,socioeconomic,1.0
primary_total_co2,M0star,BOL,income_group=Upper-middle-income countries,socioeconomic,0.0
primary_total_co2,M0star,BRA,income_group=Upper-middle-income countries,socioeconomic,1.0
primary_total_co2,M0star,CHL,income_group=Upper-middle-income countries,socioeconomic,0.0
primary_total_co2,M0star,COL,income_group=Upper-middle-income countries,socioeconomic,1.0
primary_total_co2,M0star,ECU,income_group=Upper-middle-income countries,socioeconomic,1.0
primary_total_co2,M0star,PRY,income_group=Upper-middle-income countries,socioeconomic,1.0
primary_total_co2,M0star,PER,income_group=Upper-middle-income countries,socioeconomic,1.0
primary_total_co2,M0star,SUR,income_group=Upper-middle-income countries,socioeconomic,1.0
primary_total_co2,M0star,URY,income_group=Upper-middle-income countries,socioeconomic,0.0
primary_total_co2,M0star,VEN,income_group=Upper-middle-income countries,socioeconomic,1.0
primary_total_co2,M2,DZA,intercept,intercept,1.0
primary_total_co2,M2,AGO,intercept,intercept,1.0
primary_total_co2,M2,BEN,intercept,intercept,1.0
primary_total_co2,M2,BWA,intercept,intercept,1.0
primary_total_co2,M2,BFA,intercept,intercept,1.0
primary_total_co2,M2,BDI,intercept,intercept,1.0
primary_total_co2,M2,CMR,intercept,intercept,1.0
primary_total_co2,M2,CAF,intercept,intercept,1.0
primary_total_co2,M2,TCD,intercept,intercept,1.0
primary_total_co2,M2,COG,intercept,intercept,1.0
primary_total_co2,M2,COD,intercept,intercept,1.0
primary_total_co2,M2,CIV,intercept,intercept,1.0
primary_total_co2,M2,DJI,intercept,intercept,1.0
primary_total_co2,M2,EGY,intercept,intercept,1.0
primary_total_co2,M2,GNQ,intercept,intercept,1.0
primary_total_co2,M2,ERI,intercept,intercept,1.0
primary_total_co2,M2,ETH,intercept,intercept,1.0
primary_total_co2,M2,GAB,intercept,intercept,1.0
primary_total_co2,M2,GHA,intercept,intercept,1.0
primary_total_co2,M2,GIN,intercept,intercept,1.0
primary_total_co2,M2,GNB,intercept,intercept,1.0
primary_total_co2,M2,KEN,intercept,intercept,1.0
primary_total_co2,M2,LSO,intercept,intercept,1.0
primary_total_co2,M2,LBR,intercept,intercept,1.0
primary_total_co2,M2,LBY,intercept,intercept,1.0
primary_total_co2,M2,MDG,intercept,intercept,1.0
primary_total_co2,M2,MWI,intercept,intercept,1.0
primary_total_co2,M2,MLI,intercept,intercept,1.0
primary_total_co2,M2,MRT,intercept,intercept,1.0
primary_total_co2,M2,MAR,intercept,intercept,1.0
primary_total_co2,M2,MOZ,intercept,intercept,1.0
primary_total_co2,M2,NAM,intercept,intercept,1.0
primary_total_co2,M2,NER,intercept,intercept,1.0
primary_total_co2,M2,NGA,intercept,intercept,1.0
primary_total_co2,M2,RWA,intercept,intercept,1.0
primary_total_co2,M2,SEN,intercept,intercept,1.0
primary_total_co2,M2,SLE,intercept,intercept,1.0
primary_total_co2,M2,SOM,intercept,intercept,1.0
primary_total_co2,M2,ZAF,intercept,intercept,1.0
primary_total_co2,M2,SDN,intercept,intercept,1.0
primary_total_co2,M2,SWZ,intercept,intercept,1.0
primary_total_co2,M2,TZA,intercept,intercept,1.0
primary_total_co2,M2,TGO,intercept,intercept,1.0
primary_total_co2,M2,TUN,intercept,intercept,1.0
primary_total_co2,M2,UGA,intercept,intercept,1.0
primary_total_co2,M2,ZMB,intercept,intercept,1.0
primary_total_co2,M2,ZWE,intercept,intercept,1.0
primary_total_co2,M2,AFG,intercept,intercept,1.0
primary_total_co2,M2,ARM,intercept,intercept,1.0
primary_total_co2,M2,AZE,intercept,intercept,1.0
primary_total_co2,M2,BGD,intercept,intercept,1.0
primary_total_co2,M2,MMR,intercept,intercept,1.0
primary_total_co2,M2,KHM,intercept,intercept,1.0
primary_total_co2,M2,CHN,intercept,intercept,1.0
primary_total_co2,M2,GEO,intercept,intercept,1.0
primary_total_co2,M2,IND,intercept,intercept,1.0
primary_total_co2,M2,IDN,intercept,intercept,1.0
primary_total_co2,M2,IRN,intercept,intercept,1.0
primary_total_co2,M2,IRQ,intercept,intercept,1.0
primary_total_co2,M2,ISR,intercept,intercept,1.0
primary_total_co2,M2,JPN,intercept,intercept,1.0
primary_total_co2,M2,JOR,intercept,intercept,1.0
primary_total_co2,M2,KAZ,intercept,intercept,1.0
primary_total_co2,M2,LAO,intercept,intercept,1.0
primary_total_co2,M2,LBN,intercept,intercept,1.0
primary_total_co2,M2,MYS,intercept,intercept,1.0
primary_total_co2,M2,MNG,intercept,intercept,1.0
primary_total_co2,M2,NPL,intercept,intercept,1.0
primary_total_co2,M2,OMN,intercept,intercept,1.0
primary_total_co2,M2,PAK,intercept,intercept,1.0
primary_total_co2,M2,PHL,intercept,intercept,1.0
primary_total_co2,M2,QAT,intercept,intercept,1.0
primary_total_co2,M2,SAU,intercept,intercept,1.0
primary_total_co2,M2,KOR,intercept,intercept,1.0
primary_total_co2,M2,LKA,intercept,intercept,1.0
primary_total_co2,M2,SYR,intercept,intercept,1.0
primary_total_co2,M2,TWN,intercept,intercept,1.0
primary_total_co2,M2,TJK,intercept,intercept,1.0
primary_total_co2,M2,THA,intercept,intercept,1.0
primary_total_co2,M2,TUR,intercept,intercept,1.0
primary_total_co2,M2,TKM,intercept,intercept,1.0
primary_total_co2,M2,ARE,intercept,intercept,1.0
primary_total_co2,M2,UZB,intercept,intercept,1.0
primary_total_co2,M2,VNM,intercept,intercept,1.0
primary_total_co2,M2,YEM,intercept,intercept,1.0
primary_total_co2,M2,ALB,intercept,intercept,1.0
primary_total_co2,M2,AUT,intercept,intercept,1.0
primary_total_co2,M2,BLR,intercept,intercept,1.0
primary_total_co2,M2,BEL,intercept,intercept,1.0
primary_total_co2,M2,BIH,intercept,intercept,1.0
primary_total_co2,M2,BGR,intercept,intercept,1.0
primary_total_co2,M2,HRV,intercept,intercept,1.0
primary_total_co2,M2,CYP,intercept,intercept,1.0
primary_total_co2,M2,CZE,intercept,intercept,1.0
primary_total_co2,M2,DNK,intercept,intercept,1.0
primary_total_co2,M2,EST,intercept,intercept,1.0
primary_total_co2,M2,FIN,intercept,intercept,1.0
primary_total_co2,M2,FRA,intercept,intercept,1.0
primary_total_co2,M2,DEU,intercept,intercept,1.0
primary_total_co2,M2,GRC,intercept,intercept,1.0
primary_total_co2,M2,HUN,intercept,intercept,1.0
primary_total_co2,M2,ISL,intercept,intercept,1.0
primary_total_co2,M2,IRL,intercept,intercept,1.0
primary_total_co2,M2,ITA,intercept,intercept,1.0
primary_total_co2,M2,LVA,intercept,intercept,1.0
primary_total_co2,M2,LTU,intercept,intercept,1.0
primary_total_co2,M2,MKD,intercept,intercept,1.0
primary_total_co2,M2,MDA,intercept,intercept,1.0
primary_total_co2,M2,MNE,intercept,intercept,1.0
primary_total_co2,M2,NLD,intercept,intercept,1.0
primary_total_co2,M2,NOR,intercept,intercept,1.0
primary_total_co2,M2,POL,intercept,intercept,1.0
primary_total_co2,M2,PRT,intercept,intercept,1.0
primary_total_co2,M2,ROU,intercept,intercept,1.0
primary_total_co2,M2,RUS,intercept,intercept,1.0
primary_total_co2,M2,SRB,intercept,intercept,1.0
primary_total_co2,M2,SVK,intercept,intercept,1.0
primary_total_co2,M2,SVN,intercept,intercept,1.0
primary_total_co2,M2,ESP,intercept,intercept,1.0
primary_total_co2,M2,SWE,intercept,intercept,1.0
primary_total_co2,M2,CHE,intercept,intercept,1.0
primary_total_co2,M2,UKR,intercept,intercept,1.0
primary_total_co2,M2,GBR,intercept,intercept,1.0
primary_total_co2,M2,BHS,intercept,intercept,1.0
primary_total_co2,M2,CAN,intercept,intercept,1.0
primary_total_co2,M2,CRI,intercept,intercept,1.0
primary_total_co2,M2,CUB,intercept,intercept,1.0
primary_total_co2,M2,DOM,intercept,intercept,1.0
primary_total_co2,M2,SLV,intercept,intercept,1.0
primary_total_co2,M2,GTM,intercept,intercept,1.0
primary_total_co2,M2,HTI,intercept,intercept,1.0
primary_total_co2,M2,HND,intercept,intercept,1.0
primary_total_co2,M2,JAM,intercept,intercept,1.0
primary_total_co2,M2,MEX,intercept,intercept,1.0
primary_total_co2,M2,NIC,intercept,intercept,1.0
primary_total_co2,M2,PAN,intercept,intercept,1.0
primary_total_co2,M2,USA,intercept,intercept,1.0
primary_total_co2,M2,AUS,intercept,intercept,1.0
primary_total_co2,M2,NZL,intercept,intercept,1.0
primary_total_co2,M2,PNG,intercept,intercept,1.0
primary_total_co2,M2,ARG,intercept,intercept,1.0
primary_total_co2,M2,BOL,intercept,intercept,1.0
primary_total_co2,M2,BRA,intercept,intercept,1.0
primary_total_co2,M2,CHL,intercept,intercept,1.0
primary_total_co2,M2,COL,intercept,intercept,1.0
primary_total_co2,M2,ECU,intercept,intercept,1.0
primary_total_co2,M2,PRY,intercept,intercept,1.0
primary_total_co2,M2,PER,intercept,intercept,1.0
primary_total_co2,M2,SUR,intercept,intercept,1.0
primary_total_co2,M2,URY,intercept,intercept,1.0
primary_total_co2,M2,VEN,intercept,intercept,1.0
primary_total_co2,M2,DZA,cum_co2_total,emissions,3.54855671520855
primary_total_co2,M2,AGO,cum_co2_total,emissions,2.6907018714035313
primary_total_co2,M2,BEN,cum_co2_total,emissions,1.8264182132733642
primary_total_co2,M2,BWA,cum_co2_total,emissions,2.0356218259759236
primary_total_co2,M2,BFA,cum_co2_total,emissions,1.5845799676666654
primary_total_co2,M2,BDI,cum_co2_total,emissions,0.9776321652459995
primary_total_co2,M2,CMR,cum_co2_total,emissions,2.307607271514734
primary_total_co2,M2,CAF,cum_co2_total,emissions,0.9566965648946508
primary_total_co2,M2,TCD,cum_co2_total,emissions,1.3783070348568127
primary_total_co2,M2,COG,cum_co2_total,emissions,2.056294887076228
primary_total_co2,M2,COD,cum_co2_total,emissions,2.2801593518115966
primary_total_co2,M2,CIV,cum_co2_total,emissions,2.4275607571873796
primary_total_co2,M2,DJI,cum_co2_total,emissions,1.1944865905497057
primary_total_co2,M2,EGY,cum_co2_total,emissions,3.678648920904521
primary_total_co2,M2,GNQ,cum_co2_total,emissions,1.9391896628066057
primary_total_co2,M2,ERI,cum_co2_total,emissions,1.0825340528727136
primary_total_co2,M2,ETH,cum_co2_total,emissions,2.1956091035167655
primary_total_co2,M2,GAB,cum_co2_total,emissions,2.3903698034350125
primary_total_co2,M2,GHA,cum_co2_total,emissions,2.3786504088367857
primary_total_co2,M2,GIN,cum_co2_total,emissions,1.8144806667210172
primary_total_co2,M2,GNB,cum_co2_total,emissions,0.7416242575038121
primary_total_co2,M2,KEN,cum_co2_total,emissions,2.5461945949323432
primary_total_co2,M2,LSO,cum_co2_total,emissions,1.6691308473733326
primary_total_co2,M2,LBR,cum_co2_total,emissions,1.6446453471398719
primary_total_co2,M2,LBY,cum_co2_total,emissions,3.25980715157785
primary_total_co2,M2,MDG,cum_co2_total,emissions,1.8483677262157812
primary_total_co2,M2,MWI,cum_co2_total,emissions,1.6091246477062942
primary_total_co2,M2,MLI,cum_co2_total,emissions,1.5949226627169901
primary_total_co2,M2,MRT,cum_co2_total,emissions,1.734127472631969
primary_total_co2,M2,MAR,cum_co2_total,emissions,3.116196164571735
primary_total_co2,M2,MOZ,cum_co2_total,emissions,2.0994907252143977
primary_total_co2,M2,NAM,cum_co2_total,emissions,1.6883753223375348
primary_total_co2,M2,NER,cum_co2_total,emissions,1.5213734807610282
primary_total_co2,M2,NGA,cum_co2_total,emissions,3.5241928844625754
primary_total_co2,M2,RWA,cum_co2_total,emissions,1.3317915866149979
primary_total_co2,M2,SEN,cum_co2_total,emissions,2.234954900632999
primary_total_co2,M2,SLE,cum_co2_total,emissions,1.46372879165109
primary_total_co2,M2,SOM,cum_co2_total,emissions,1.4755259150392808
primary_total_co2,M2,ZAF,cum_co2_total,emissions,4.252521117751636
primary_total_co2,M2,SDN,cum_co2_total,emissions,2.4983932686707004
primary_total_co2,M2,SWZ,cum_co2_total,emissions,1.5290837045027095
primary_total_co2,M2,TZA,cum_co2_total,emissions,2.2303032805755483
primary_total_co2,M2,TGO,cum_co2_total,emissions,1.7093293331159785
primary_total_co2,M2,TUN,cum_co2_total,emissions,2.860352382977959
primary_total_co2,M2,UGA,cum_co2_total,emissions,1.849603658082447
primary_total_co2,M2,ZMB,cum_co2_total,emissions,2.311622493590024
primary_total_co2,M2,ZWE,cum_co2_total,emissions,2.8506235704226546
primary_total_co2,M2,AFG,cum_co2_total,emissions,2.125627632431824
primary_total_co2,M2,ARM,cum_co2_total,emissions,2.5264194076693554
primary_total_co2,M2,AZE,cum_co2_total,emissions,3.347929220926045
primary_total_co2,M2,BGD,cum_co2_total,emissions,2.9989150812680263
primary_total_co2,M2,MMR,cum_co2_total,emissions,2.622057482903641
primary_total_co2,M2,KHM,cum_co2_total,emissions,1.8779469516291882
primary_total_co2,M2,CHN,cum_co2_total,emissions,5.2203453285371095
primary_total_co2,M2,GEO,cum_co2_total,emissions,2.737348515312523
primary_total_co2,M2,IND,cum_co2_total,emissions,4.574287333317938
primary_total_co2,M2,IDN,cum_co2_total,emissions,4.016639414288195
primary_total_co2,M2,IRN,cum_co2_total,emissions,4.143544597437826
primary_total_co2,M2,IRQ,cum_co2_total,emissions,3.522151475149211
primary_total_co2,M2,ISR,cum_co2_total,emissions,3.2915803953637948
primary_total_co2,M2,JPN,cum_co2_total,emissions,4.759160572052175
primary_total_co2,M2,JOR,cum_co2_total,emissions,2.724133266493241
primary_total_co2,M2,KAZ,cum_co2_total,emissions,4.068777843198626
primary_total_co2,M2,LAO,cum_co2_total,emissions,1.6370391905594046
primary_total_co2,M2,LBN,cum_co2_total,emissions,2.7404061167711067
primary_total_co2,M2,MYS,cum_co2_total,emissions,3.6186175385162955
primary_total_co2,M2,MNG,cum_co2_total,emissions,2.65183022495331
primary_total_co2,M2,NPL,cum_co2_total,emissions,1.9161959273164775
primary_total_co2,M2,OMN,cum_co2_total,emissions,2.942814347323048
primary_total_co2,M2,PAK,cum_co2_total,emissions,3.5591156807001605
primary_total_co2,M2,PHL,cum_co2_total,emissions,3.3940524017243976
primary_total_co2,M2,QAT,cum_co2_total,emissions,3.1596195219644674
primary_total_co2,M2,SAU,cum_co2_total,emissions,4.071106541396464
primary_total_co2,M2,KOR,cum_co2_total,emissions,4.141193730729231
primary_total_co2,M2,LKA,cum_co2_total,emissions,2.539406087407612
primary_total_co2,M2,SYR,cum_co2_total,emissions,3.2307574163343005
primary_total_co2,M2,TWN,cum_co2_total,emissions,3.8484451212621322
primary_total_co2,M2,TJK,cum_co2_total,emissions,2.631299656749231
primary_total_co2,M2,THA,cum_co2_total,emissions,3.722389233958953
primary_total_co2,M2,TUR,cum_co2_total,emissions,3.9110897682421775
primary_total_co2,M2,TKM,cum_co2_total,emissions,3.286466799275726
primary_total_co2,M2,ARE,cum_co2_total,emissions,3.5422220978279344
primary_total_co2,M2,UZB,cum_co2_total,emissions,3.740226378600022
primary_total_co2,M2,VNM,cum_co2_total,emissions,3.4003927397934803
primary_total_co2,M2,YEM,cum_co2_total,emissions,2.7579514489334294
primary_total_co2,M2,ALB,cum_co2_total,emissions,2.4044163198319484
primary_total_co2,M2,AUT,cum_co2_total,emissions,3.7028734804303647
primary_total_co2,M2,BLR,cum_co2_total,emissions,3.65620096329467
primary_total_co2,M2,BEL,cum_co2_total,emissions,4.074207929148208
primary_total_co2,M2,BIH,cum_co2_total,emissions,2.9121109437313133
primary_total_co2,M2,BGR,cum_co2_total,emissions,3.5465947263435624
primary_total_co2,M2,HRV,cum_co2_total,emissions,2.9948224354771575
primary_total_co2,M2,CYP,cum_co2_total,emissions,2.385234372629354
primary_total_co2,M2,CZE,cum_co2_total,emissions,4.051487436992587
primary_total_co2,M2,DNK,cum_co2_total,emissions,3.584968626410202
primary_total_co2,M2,EST,cum_co2_total,emissions,3.1815995144469498
primary_total_co2,M2,FIN,cum_co2_total,emissions,3.4593056201758023
primary_total_co2,M2,FRA,cum_co2_total,emissions,4.564143069555475
primary_total_co2,M2,DEU,cum_co2_total,emissions,4.941179214423491
primary_total_co2,M2,GRC,cum_co2_total,emissions,3.554299773590582
primary_total_co2,M2,HUN,cum_co2_total,emissions,3.670026516102076
primary_total_co2,M2,ISL,cum_co2_total,emissions,2.1226581417244548
primary_total_co2,M2,IRL,cum_co2_total,emissions,3.292088525456098
primary_total_co2,M2,ITA,cum_co2_total,emissions,4.348362466540707
primary_total_co2,M2,LVA,cum_co2_total,emissions,2.95546597746838
primary_total_co2,M2,LTU,cum_co2_total,emissions,3.1659961947467217
primary_total_co2,M2,MKD,cum_co2_total,emissions,2.66401169742383
primary_total_co2,M2,MDA,cum_co2_total,emissions,3.114407798967798
primary_total_co2,M2,MNE,cum_co2_total,emissions,1.9854354562958416
primary_total_co2,M2,NLD,cum_co2_total,emissions,4.028000561404352
primary_total_co2,M2,NOR,cum_co2_total,emissions,3.365737632451197
primary_total_co2,M2,POL,cum_co2_total,emissions,4.408328121536703
primary_total_co2,M2,PRT,cum_co2_total,emissions,3.3554743166359864
primary_total_co2,M2,ROU,cum_co2_total,emissions,3.9047562686177564
primary_total_co2,M2,RUS,cum_co2_total,emissions,5.018431743654664
primary_total_co2,M2,SRB,cum_co2_total,emissions,3.3883220243247285
primary_total_co2,M2,SVK,cum_co2_total,emissions,3.563601389660313
primary_total_co2,M2,SVN,cum_co2_total,emissions,2.8825319374046425
primary_total_co2,M2,ESP,cum_co2_total,emissions,4.114393849431578
primary_total_co2,M2,SWE,cum_co2_total,emissions,3.671472300781437
primary_total_co2,M2,CHE,cum_co2_total,emissions,3.4411607740351156
primary_total_co2,M2,UKR,cum_co2_total,emissions,4.462410831860048
primary_total_co2,M2,GBR,cum_co2_total,emissions,4.8813071445534755
primary_total_co2,M2,BHS,cum_co2_total,emissions,2.184006806706364
primary_total_co2,M2,CAN,cum_co2_total,emissions,4.470610170539815
primary_total_co2,M2,CRI,cum_co2_total,emissions,2.3002497365767445
primary_total_co2,M2,CUB,cum_co2_total,emissions,3.188876758878359
primary_total_co2,M2,DOM,cum_co2_total,emissions,2.757288960487825
primary_total_co2,M2,SLV,cum_co2_total,emissions,2.2707766287166797
primary_total_co2,M2,GTM,cum_co2_total,emissions,2.5052924578225153
primary_total_co2,M2,HTI,cum_co2_total,emissions,1.7433607934204063
primary_total_co2,M2,HND,cum_co2_total,emissions,2.2806284433649813
primary_total_co2,M2,JAM,cum_co2_total,emissions,2.5994441911398924
primary_total_co2,M2,MEX,cum_co2_total,emissions,4.228494394324438
primary_total_co2,M2,NIC,cum_co2_total,emissions,2.147224794264175
primary_total_co2,M2,PAN,cum_co2_total,emissions,2.386646974996053
primary_total_co2,M2,USA,cum_co2_total,emissions,5.5778831296115685
primary_total_co2,M2,AUS,cum_co2_total,emissions,4.194557269700958
primary_total_co2,M2,NZL,cum_co2_total,emissions,3.2133145074380933
primary_total_co2,M2,PNG,cum_co2_total,emissions,2.105820041248875
primary_total_co2,M2,ARG,cum_co2_total,emissions,3.853889891627958
primary_total_co2,M2,BOL,cum_co2_total,emissions,2.59762389436399
primary_total_co2,M2,BRA,cum_co2_total,emissions,4.106532926741018
primary_total_co2,M2,CHL,cum_co2_total,emissions,3.382880088098228
primary_total_co2,M2,COL,cum_co2_total,emissions,3.4449867238971104
primary_total_co2,M2,ECU,cum_co2_total,emissions,2.975767165739055
primary_total_co2,M2,PRY,cum_co2_total,emissions,2.1016955327771023
primary_total_co2,M2,PER,cum_co2_total,emissions,3.1854928583581406
primary_total_co2,M2,SUR,cum_co2_total,emissions,1.9935508514775335
primary_total_co2,M2,URY,cum_co2_total,emissions,2.6023638911127747
primary_total_co2,M2,VEN,cum_co2_total,emissions,3.813967945294808
primary_total_co2,M2,DZA,abs_latitude,geography,35.206
primary_total_co2,M2,AGO,abs_latitude,geography,12.32
primary_total_co2,M2,BEN,abs_latitude,geography,8.571666666666667
primary_total_co2,M2,BWA,abs_latitude,geography,24.92
primary_total_co2,M2,BFA,abs_latitude,geography,11.25
primary_total_co2,M2,BDI,abs_latitude,geography,4.02
primary_total_co2,M2,CMR,abs_latitude,geography,6.484666666666667
primary_total_co2,M2,CAF,abs_latitude,geography,4.02
primary_total_co2,M2,TCD,abs_latitude,geography,8.84
primary_total_co2,M2,COG,abs_latitude,geography,4.02
primary_total_co2,M2,COD,abs_latitude,geography,4.717826086956522
primary_total_co2,M2,CIV,abs_latitude,geography,6.492307692307692
primary_total_co2,M2,DJI,abs_latitude,geography,12.05
primary_total_co2,M2,EGY,abs_latitude,geography,29.316842105263156
primary_total_co2,M2,GNQ,abs_latitude,geography,3.215
primary_total_co2,M2,ERI,abs_latitude,geography,15.27
primary_total_co2,M2,ETH,abs_latitude,geography,9.553333333333335
primary_total_co2,M2,GAB,abs_latitude,geography,0.8
primary_total_co2,M2,GHA,abs_latitude,geography,6.164444444444444
primary_total_co2,M2,GIN,abs_latitude,geography,9.2425
primary_total_co2,M2,GNB,abs_latitude,geography,12.05
primary_total_co2,M2,KEN,abs_latitude,geography,1.3366666666666667
primary_total_co2,M2,LSO,abs_latitude,geography,29.74
primary_total_co2,M2,LBR,abs_latitude,geography,7.23
primary_total_co2,M2,LBY,abs_latitude,geography,31.827000000000005
primary_total_co2,M2,MDG,abs_latitude,geography,19.555
primary_total_co2,M2,MWI,abs_latitude,geography,14.465
primary_total_co2,M2,MLI,abs_latitude,geography,12.589999999999998
primary_total_co2,M2,MRT,abs_latitude,geography,18.48
primary_total_co2,M2,MAR,abs_latitude,geography,33.757
primary_total_co2,M2,MOZ,abs_latitude,geography,19.420833333333334
primary_total_co2,M2,NAM,abs_latitude,geography,23.31
primary_total_co2,M2,NER,abs_latitude,geography,13.660000000000002
primary_total_co2,M2,NGA,abs_latitude,geography,8.044835164835165
primary_total_co2,M2,RWA,abs_latitude,geography,2.41
primary_total_co2,M2,SEN,abs_latitude,geography,14.665
primary_total_co2,M2,SLE,abs_latitude,geography,8.84
primary_total_co2,M2,SOM,abs_latitude,geography,4.66
primary_total_co2,M2,ZAF,abs_latitude,geography,28.1294
primary_total_co2,M2,SDN,abs_latitude,geography,12.053999999999998
primary_total_co2,M2,SWZ,abs_latitude,geography,26.52
primary_total_co2,M2,TZA,abs_latitude,geography,5.726875
primary_total_co2,M2,TGO,abs_latitude,geography,8.035
primary_total_co2,M2,TUN,abs_latitude,geography,35.525999999999996
primary_total_co2,M2,UGA,abs_latitude,geography,1.8733333333333333
primary_total_co2,M2,ZMB,abs_latitude,geography,13.86
primary_total_co2,M2,ZWE,abs_latitude,geography,18.94
primary_total_co2,M2,AFG,abs_latitude,geography,34.158750000000005
primary_total_co2,M2,ARM,abs_latitude,geography,40.99
primary_total_co2,M2,AZE,abs_latitude,geography,40.99
primary_total_co2,M2,BGD,abs_latitude,geography,24.072105263157894
primary_total_co2,M2,MMR,abs_latitude,geography,18.803
primary_total_co2,M2,KHM,abs_latitude,geography,12.05
primary_total_co2,M2,CHN,abs_latitude,geography,33.82457894736842
primary_total_co2,M2,GEO,abs_latitude,geography,40.99
primary_total_co2,M2,IND,abs_latitude,geography,22.25485933503836
primary_total_co2,M2,IDN,abs_latitude,geography,5.857724137931035
primary_total_co2,M2,IRN,abs_latitude,geography,34.34257575757576
primary_total_co2,M2,IRQ,abs_latitude,geography,35.365
primary_total_co2,M2,ISR,abs_latitude,geography,32.06111111111111
primary_total_co2,M2,JPN,abs_latitude,geography,35.745828571428575
primary_total_co2,M2,JOR,abs_latitude,geography,32.95
primary_total_co2,M2,KAZ,abs_latitude,geography,48.915333333333336
primary_total_co2,M2,LAO,abs_latitude,geography,18.48
primary_total_co2,M2,LBN,abs_latitude,geography,34.02333333333333
primary_total_co2,M2,MYS,abs_latitude,geography,3.6174999999999997
primary_total_co2,M2,MNG,abs_latitude,geography,47.42
primary_total_co2,M2,NPL,abs_latitude,geography,27.439999999999998
primary_total_co2,M2,OMN,abs_latitude,geography,16.87
primary_total_co2,M2,PAK,abs_latitude,geography,30.52915254237288
primary_total_co2,M2,PHL,abs_latitude,geography,12.598307692307692
primary_total_co2,M2,QAT,abs_latitude,geography,24.92
primary_total_co2,M2,SAU,abs_latitude,geography,22.617142857142856
primary_total_co2,M2,KOR,abs_latitude,geography,37.78
primary_total_co2,M2,LKA,abs_latitude,geography,7.7666666666666675
primary_total_co2,M2,SYR,abs_latitude,geography,34.56
primary_total_co2,M2,TWN,abs_latitude,geography,24.490666666666666
primary_total_co2,M2,TJK,abs_latitude,geography,40.185
primary_total_co2,M2,THA,abs_latitude,geography,13.88904761904762
primary_total_co2,M2,TUR,abs_latitude,geography,38.91117647058824
primary_total_co2,M2,TKM,abs_latitude,geography,39.38333333333333
primary_total_co2,M2,ARE,abs_latitude,geography,24.92
primary_total_co2,M2,UZB,abs_latitude,geography,40.386250000000004
primary_total_co2,M2,VNM,abs_latitude,geography,14.572666666666667
primary_total_co2,M2,YEM,abs_latitude,geography,13.66
primary_total_co2,M2,ALB,abs_latitude,geography,40.99
primary_total_co2,M2,AUT,abs_latitude,geography,48.064
primary_total_co2,M2,BLR,abs_latitude,geography,52.84
primary_total_co2,M2,BEL,abs_latitude,geography,50.63
primary_total_co2,M2,BIH,abs_latitude,geography,43.878
primary_total_co2,M2,BGR,abs_latitude,geography,43.050000000000004
primary_total_co2,M2,HRV,abs_latitude,geography,45.27333333333333
primary_total_co2,M2,CYP,abs_latitude,geography,34.56
primary_total_co2,M2,CZE,abs_latitude,geography,49.99
primary_total_co2,M2,DNK,abs_latitude,geography,56.25
primary_total_co2,M2,EST,abs_latitude,geography,58.66
primary_total_co2,M2,FIN,abs_latitude,geography,61.556000000000004
primary_total_co2,M2,FRA,abs_latitude,geography,46.79361111111112
primary_total_co2,M2,DEU,abs_latitude,geography,50.89012345679013
primary_total_co2,M2,GRC,abs_latitude,geography,38.00714285714286
primary_total_co2,M2,HUN,abs_latitude,geography,47.062222222222225
primary_total_co2,M2,ISL,abs_latitude,geography,65.09
primary_total_co2,M2,IRL,abs_latitude,geography,53.040000000000006
primary_total_co2,M2,ITA,abs_latitude,geography,43.01619047619048
primary_total_co2,M2,LVA,abs_latitude,geography,56.25
primary_total_co2,M2,LTU,abs_latitude,geography,55.45
primary_total_co2,M2,MKD,abs_latitude,geography,42.59
primary_total_co2,M2,MDA,abs_latitude,geography,47.419999999999995
primary_total_co2,M2,MNE,abs_latitude,geography,42.59
primary_total_co2,M2,NLD,abs_latitude,geography,52.239583333333336
primary_total_co2,M2,NOR,abs_latitude,geography,60.6725
primary_total_co2,M2,POL,abs_latitude,geography,51.64473684210526
primary_total_co2,M2,PRT,abs_latitude,geography,40.07
primary_total_co2,M2,ROU,abs_latitude,geography,46.00320000000001
primary_total_co2,M2,RUS,abs_latitude,geography,53.74948717948718
primary_total_co2,M2,SRB,abs_latitude,geography,43.663333333333334
primary_total_co2,M2,SVK,abs_latitude,geography,48.225
primary_total_co2,M2,SVN,abs_latitude,geography,45.81
primary_total_co2,M2,ESP,abs_latitude,geography,39.671200000000006
primary_total_co2,M2,SWE,abs_latitude,geography,58.662
primary_total_co2,M2,CHE,abs_latitude,geography,46.775999999999996
primary_total_co2,M2,UKR,abs_latitude,geography,48.826249999999995
primary_total_co2,M2,GBR,abs_latitude,geography,52.80411764705883
primary_total_co2,M2,BHS,abs_latitude,geography,24.92
primary_total_co2,M2,CAN,abs_latitude,geography,46.77360000000001
primary_total_co2,M2,CRI,abs_latitude,geography,10.45
primary_total_co2,M2,CUB,abs_latitude,geography,21.125
primary_total_co2,M2,DOM,abs_latitude,geography,19.016666666666666
primary_total_co2,M2,SLV,abs_latitude,geography,13.660000000000002
primary_total_co2,M2,GTM,abs_latitude,geography,15.270000000000001
primary_total_co2,M2,HTI,abs_latitude,geography,18.802
primary_total_co2,M2,HND,abs_latitude,geography,14.947999999999999
primary_total_co2,M2,JAM,abs_latitude,geography,18.48
primary_total_co2,M2,MEX,abs_latitude,geography,22.14556701030928
primary_total_co2,M2,NIC,abs_latitude,geography,12.05
primary_total_co2,M2,PAN,abs_latitude,geography,8.84
primary_total_co2,M2,USA,abs_latitude,geography,36.592217898832686
primary_total_co2,M2,AUS,abs_latitude,geography,32.14857142857143
primary_total_co2,M2,NZL,abs_latitude,geography,39.562222222222225
primary_total_co2,M2,PNG,abs_latitude,geography,8.84
primary_total_co2,M2,ARG,abs_latitude,geography,32.450625
primary_total_co2,M2,BOL,abs_latitude,geography,18.748333333333335
primary_total_co2,M2,BRA,abs_latitude,geography,19.28931818181818
primary_total_co2,M2,CHL,abs_latitude,geography,33.42125
primary_total_co2,M2,COL,abs_latitude,geography,6.203846153846153
primary_total_co2,M2,ECU,abs_latitude,geography,1.790769230769231
primary_total_co2,M2,PRY,abs_latitude,geography,24.92
primary_total_co2,M2,PER,abs_latitude,geography,10.519545454545455
primary_total_co2,M2,SUR,abs_latitude,geography,5.63
primary_total_co2,M2,URY,abs_latitude,geography,32.955
primary_total_co2,M2,VEN,abs_latitude,geography,10.087250000000001
primary_total_co2,M2,DZA,elevation,geography,314.5950439453125
primary_total_co2,M2,AGO,elevation,geography,447.00633748372394
primary_total_co2,M2,BEN,elevation,geography,170.6803414026896
primary_total_co2,M2,BWA,elevation,geography,1113.0069580078125
primary_total_co2,M2,BFA,elevation,geography,328.78623962402344
primary_total_co2,M2,BDI,elevation,geography,1952.42529296875
primary_total_co2,M2,CMR,elevation,geography,373.34877624511716
primary_total_co2,M2,CAF,elevation,geography,362.7322998046875
primary_total_co2,M2,TCD,elevation,geography,398.74542236328125
primary_total_co2,M2,COG,elevation,geography,392.1075134277344
primary_total_co2,M2,COD,elevation,geography,740.5418668000594
primary_total_co2,M2,CIV,elevation,geography,145.13958637530988
primary_total_co2,M2,DJI,elevation,geography,955.0897827148438
primary_total_co2,M2,EGY,elevation,geography,153.40576180345133
primary_total_co2,M2,GNQ,elevation,geography,173.23263549804688
primary_total_co2,M2,ERI,elevation,geography,1375.2100830078125
primary_total_co2,M2,ETH,elevation,geography,1702.080790201823
primary_total_co2,M2,GAB,elevation,geography,-640.96875
primary_total_co2,M2,GHA,elevation,geography,63.10153892305162
primary_total_co2,M2,GIN,elevation,geography,285.3084411621094
primary_total_co2,M2,GNB,elevation,geography,18.24833106994629
primary_total_co2,M2,KEN,elevation,geography,1525.0360488891602
primary_total_co2,M2,LSO,elevation,geography,1859.45947265625
primary_total_co2,M2,LBR,elevation,geography,250.87191772460938
primary_total_co2,M2,LBY,elevation,geography,-125.94530410766602
primary_total_co2,M2,MDG,elevation,geography,-329.610299428304
primary_total_co2,M2,MWI,elevation,geography,1041.6434326171875
primary_total_co2,M2,MLI,elevation,geography,325.3349304199219
primary_total_co2,M2,MRT,elevation,geography,16.04151153564453
primary_total_co2,M2,MAR,elevation,geography,498.75402641296387
primary_total_co2,M2,MOZ,elevation,geography,119.55623495578766
primary_total_co2,M2,NAM,elevation,geography,1778.283447265625
primary_total_co2,M2,NER,elevation,geography,363.1866963704427
primary_total_co2,M2,NGA,elevation,geography,194.73254671201602
primary_total_co2,M2,RWA,elevation,geography,1644.7860107421875
primary_total_co2,M2,SEN,elevation,geography,-287.7956578731537
primary_total_co2,M2,SLE,elevation,geography,216.62176513671875
primary_total_co2,M2,SOM,elevation,geography,34.74064483642578
primary_total_co2,M2,ZAF,elevation,geography,1144.452760925293
primary_total_co2,M2,SDN,elevation,geography,447.6297546386719
primary_total_co2,M2,SWZ,elevation,geography,58.5894775390625
primary_total_co2,M2,TZA,elevation,geography,890.7327861785889
primary_total_co2,M2,TGO,elevation,geography,333.53379821777344
primary_total_co2,M2,TUN,elevation,geography,260.5694213867188
primary_total_co2,M2,UGA,elevation,geography,1101.8234049479167
primary_total_co2,M2,ZMB,elevation,geography,1189.5065307617188
primary_total_co2,M2,ZWE,elevation,geography,1307.260498046875
primary_total_co2,M2,AFG,elevation,geography,1700.4435272216797
primary_total_co2,M2,ARM,elevation,geography,1651.8125
primary_total_co2,M2,AZE,elevation,geography,715.4375
primary_total_co2,M2,BGD,elevation,geography,10.800667110242342
primary_total_co2,M2,MMR,elevation,geography,209.8380369782448
primary_total_co2,M2,KHM,elevation,geography,17.38812828063965
primary_total_co2,M2,CHN,elevation,geography,452.5437363197929
primary_total_co2,M2,GEO,elevation,geography,1651.8125
primary_total_co2,M2,IND,elevation,geography,241.7615375030986
primary_total_co2,M2,IDN,elevation,geography,119.2868159606539
primary_total_co2,M2,IRN,elevation,geography,1447.170124689738
primary_total_co2,M2,IRQ,elevation,geography,289.8549337387085
primary_total_co2,M2,ISR,elevation,geography,476.33343505859375
primary_total_co2,M2,JPN,elevation,geography,168.62458624703544
primary_total_co2,M2,JOR,elevation,geography,941.8968505859375
primary_total_co2,M2,KAZ,elevation,geography,484.8650632222494
primary_total_co2,M2,LAO,elevation,geography,466.8389892578125
primary_total_co2,M2,LBN,elevation,geography,-872.9927164713541
primary_total_co2,M2,MYS,elevation,geography,61.488870069384575
primary_total_co2,M2,MNG,elevation,geography,1629.556640625
primary_total_co2,M2,NPL,elevation,geography,572.1913659232004
primary_total_co2,M2,OMN,elevation,geography,809.6633911132812
primary_total_co2,M2,PAK,elevation,geography,270.0815026881331
primary_total_co2,M2,PHL,elevation,geography,-299.69309522188627
primary_total_co2,M2,QAT,elevation,geography,12.518510818481445
primary_total_co2,M2,SAU,elevation,geography,1105.9072004045759
primary_total_co2,M2,KOR,elevation,geography,3.9714112281799316
primary_total_co2,M2,LKA,elevation,geography,-320.5574188232422
primary_total_co2,M2,SYR,elevation,geography,177.92982700892858
primary_total_co2,M2,TWN,elevation,geography,-341.6999688545863
primary_total_co2,M2,TJK,elevation,geography,1916.3934326171875
primary_total_co2,M2,THA,elevation,geography,147.38663546244302
primary_total_co2,M2,TUR,elevation,geography,758.0135866052964
primary_total_co2,M2,TKM,elevation,geography,175.64475758870444
primary_total_co2,M2,ARE,elevation,geography,7.874352931976318
primary_total_co2,M2,UZB,elevation,geography,816.1821012496948
primary_total_co2,M2,VNM,elevation,geography,290.3942291418711
primary_total_co2,M2,YEM,elevation,geography,1076.9956665039062
primary_total_co2,M2,ALB,elevation,geography,-91.5625
primary_total_co2,M2,AUT,elevation,geography,997.8897521972656
primary_total_co2,M2,BLR,elevation,geography,149.20576190948486
primary_total_co2,M2,BEL,elevation,geography,115.06332070486886
primary_total_co2,M2,BIH,elevation,geography,304.62919921875
primary_total_co2,M2,BGR,elevation,geography,180.59325081961495
primary_total_co2,M2,HRV,elevation,geography,269.5243784586589
primary_total_co2,M2,CYP,elevation,geography,-110.875
primary_total_co2,M2,CZE,elevation,geography,264.7006469726563
primary_total_co2,M2,DNK,elevation,geography,14.889735221862793
primary_total_co2,M2,EST,elevation,geography,29.868961334228516
primary_total_co2,M2,FIN,elevation,geography,19.03453540802002
primary_total_co2,M2,FRA,elevation,geography,122.23891422483656
primary_total_co2,M2,DEU,elevation,geography,311.64766118850235
primary_total_co2,M2,GRC,elevation,geography,-92.69817434038434
primary_total_co2,M2,HUN,elevation,geography,141.55999077690973
primary_total_co2,M2,ISL,elevation,geography,171.58587646484375
primary_total_co2,M2,IRL,elevation,geography,229.5601806640625
primary_total_co2,M2,ITA,elevation,geography,393.7182623545329
primary_total_co2,M2,LVA,elevation,geography,139.87512969970703
primary_total_co2,M2,LTU,elevation,geography,100.8182861328125
primary_total_co2,M2,MKD,elevation,geography,1106.3851318359375
primary_total_co2,M2,MDA,elevation,geography,155.33504740397134
primary_total_co2,M2,MNE,elevation,geography,1227.2928466796875
primary_total_co2,M2,NLD,elevation,geography,28.77057038868467
primary_total_co2,M2,NOR,elevation,geography,536.0525588989258
primary_total_co2,M2,POL,elevation,geography,230.46440777025725
primary_total_co2,M2,PRT,elevation,geography,173.78685869489397
primary_total_co2,M2,ROU,elevation,geography,379.83351135253906
primary_total_co2,M2,RUS,elevation,geography,224.93065158860423
primary_total_co2,M2,SRB,elevation,geography,669.6914189656576
primary_total_co2,M2,SVK,elevation,geography,205.38938903808594
primary_total_co2,M2,SVN,elevation,geography,358.90411376953125
primary_total_co2,M2,ESP,elevation,geography,31.531451950073244
primary_total_co2,M2,SWE,elevation,geography,29.949632263183595
primary_total_co2,M2,CHE,elevation,geography,349.16029052734376
primary_total_co2,M2,UKR,elevation,geography,132.7877142826716
primary_total_co2,M2,GBR,elevation,geography,102.5040927213781
primary_total_co2,M2,BHS,elevation,geography,1.6355916261672974
primary_total_co2,M2,CAN,elevation,geography,361.9892102050781
primary_total_co2,M2,CRI,elevation,geography,147.4757843017578
primary_total_co2,M2,CUB,elevation,geography,-601.6696684019906
primary_total_co2,M2,DOM,elevation,geography,-1174.1369934082031
primary_total_co2,M2,SLV,elevation,geography,53.99977111816406
primary_total_co2,M2,GTM,elevation,geography,1338.172607421875
primary_total_co2,M2,HTI,elevation,geography,-314.93158264160155
primary_total_co2,M2,HND,elevation,geography,510.82997436523436
primary_total_co2,M2,JAM,elevation,geography,-1527.6361592610676
primary_total_co2,M2,MEX,elevation,geography,1081.4254860116034
primary_total_co2,M2,NIC,elevation,geography,110.783447265625
primary_total_co2,M2,PAN,elevation,geography,136.88180541992188
primary_total_co2,M2,USA,elevation,geography,360.4095271300481
primary_total_co2,M2,AUS,elevation,geography,-465.4354716709682
primary_total_co2,M2,NZL,elevation,geography,-5.283027860853407
primary_total_co2,M2,PNG,elevation,geography,39.91184997558594
primary_total_co2,M2,ARG,elevation,geography,467.42525082826614
primary_total_co2,M2,BOL,elevation,geography,3352.897745768229
primary_total_co2,M2,BRA,elevation,geography,417.889818778905
primary_total_co2,M2,CHL,elevation,geography,357.4125075340271
primary_total_co2,M2,COL,elevation,geography,933.2442020514072
primary_total_co2,M2,ECU,elevation,geography,638.521503008329
primary_total_co2,M2,PRY,elevation,geography,78.58065338134766
primary_total_co2,M2,PER,elevation,geography,1406.251771981066
primary_total_co2,M2,SUR,elevation,geography,5.543477535247803
primary_total_co2,M2,URY,elevation,geography,36.999884843826294
primary_total_co2,M2,VEN,elevation,geography,218.3050817489624
primary_total_co2,M2,DZA,continentality,geography,148.41535189827113
primary_total_co2,M2,AGO,continentality,geography,160.7492019566083
primary_total_co2,M2,BEN,continentality,geography,259.15676787430976
primary_total_co2,M2,BWA,continentality,geography,607.1320549029783
primary_total_co2,M2,BFA,continentality,geography,663.8004651185327
primary_total_co2,M2,BDI,continentality,geography,1019.9677893297082
primary_total_co2,M2,CMR,continentality,geography,394.9028883457315
primary_total_co2,M2,CAF,continentality,geography,969.5623067843129
primary_total_co2,M2,TCD,continentality,geography,1020.8945842181433
primary_total_co2,M2,COG,continentality,geography,388.2906643268661
primary_total_co2,M2,COD,continentality,geography,996.1091986864735
primary_total_co2,M2,CIV,continentality,geography,167.6921433742753
primary_total_co2,M2,DJI,continentality,geography,31.093075198477482
primary_total_co2,M2,EGY,continentality,geography,95.87474525066706
primary_total_co2,M2,GNQ,continentality,geography,45.269797760188965
primary_total_co2,M2,ERI,continentality,geography,60.38639204880394
primary_total_co2,M2,ETH,continentality,geography,493.0399736897681
primary_total_co2,M2,GAB,continentality,geography,32.622769815760456
primary_total_co2,M2,GHA,continentality,geography,106.09593382969571
primary_total_co2,M2,GIN,continentality,geography,234.83934928588695
primary_total_co2,M2,GNB,continentality,geography,110.84080268526557
primary_total_co2,M2,KEN,continentality,geography,461.7225404847252
primary_total_co2,M2,LSO,continentality,geography,274.4548832701292
primary_total_co2,M2,LBR,continentality,geography,104.43708968138911
primary_total_co2,M2,LBY,continentality,geography,89.88278489482425
primary_total_co2,M2,MDG,continentality,geography,82.73136994650416
primary_total_co2,M2,MWI,continentality,geography,443.73171145000083
primary_total_co2,M2,MLI,continentality,geography,790.6679792505496
primary_total_co2,M2,MRT,continentality,geography,102.59076566611054
primary_total_co2,M2,MAR,continentality,geography,66.70655523715897
primary_total_co2,M2,MOZ,continentality,geography,121.37622991964236
primary_total_co2,M2,NAM,continentality,geography,224.80583091201763
primary_total_co2,M2,NER,continentality,geography,894.9775794916054
primary_total_co2,M2,NGA,continentality,geography,318.513579715843
primary_total_co2,M2,RWA,continentality,geography,1072.1697409642793
primary_total_co2,M2,SEN,continentality,geography,62.13532239964827
primary_total_co2,M2,SLE,continentality,geography,150.18275311661122
primary_total_co2,M2,SOM,continentality,geography,64.56544811242864
primary_total_co2,M2,ZAF,continentality,geography,335.6952888931987
primary_total_co2,M2,SDN,continentality,geography,841.9292364635133
primary_total_co2,M2,SWZ,continentality,geography,58.827025394391974
primary_total_co2,M2,TZA,continentality,geography,432.6313852611501
primary_total_co2,M2,TGO,continentality,geography,233.37768488566002
primary_total_co2,M2,TUN,continentality,geography,65.46114059052488
primary_total_co2,M2,UGA,continentality,geography,954.3105346740564
primary_total_co2,M2,ZMB,continentality,geography,1010.4273463271114
primary_total_co2,M2,ZWE,continentality,geography,490.4733890974661
primary_total_co2,M2,AFG,continentality,geography,980.0251806546243
primary_total_co2,M2,ARM,continentality,geography,274.3681751312658
primary_total_co2,M2,AZE,continentality,geography,25.20360155335367
primary_total_co2,M2,BGD,continentality,geography,167.4501932416387
primary_total_co2,M2,MMR,continentality,geography,169.36276423745338
primary_total_co2,M2,KHM,continentality,geography,198.32514565256477
primary_total_co2,M2,CHN,continentality,geography,460.2465280733392
primary_total_co2,M2,GEO,continentality,geography,274.3681751312658
primary_total_co2,M2,IND,continentality,geography,426.4417018320571
primary_total_co2,M2,IDN,continentality,geography,35.7087662442575
primary_total_co2,M2,IRN,continentality,geography,245.46141844990464
primary_total_co2,M2,IRQ,continentality,geography,493.08066829081065
primary_total_co2,M2,ISR,continentality,geography,40.74969055425075
primary_total_co2,M2,JPN,continentality,geography,82.64314172622903
primary_total_co2,M2,JOR,continentality,geography,32.37622746276071
primary_total_co2,M2,KAZ,continentality,geography,1283.3287869501294
primary_total_co2,M2,LAO,continentality,geography,277.298802346493
primary_total_co2,M2,LBN,continentality,geography,59.931174779228634
primary_total_co2,M2,MYS,continentality,geography,33.43449978139673
primary_total_co2,M2,MNG,continentality,geography,1247.786939954368
primary_total_co2,M2,NPL,continentality,geography,675.6541122586723
primary_total_co2,M2,OMN,continentality,geography,15.503326119087154
primary_total_co2,M2,PAK,continentality,geography,782.4292145410926
primary_total_co2,M2,PHL,continentality,geography,31.710189245915206
primary_total_co2,M2,QAT,continentality,geography,6.479188127362905
primary_total_co2,M2,SAU,continentality,geography,193.68550798338518
primary_total_co2,M2,KOR,continentality,geography,0.10270068647604357
primary_total_co2,M2,LKA,continentality,geography,46.694283573125205
primary_total_co2,M2,SYR,continentality,geography,93.42535931944471
primary_total_co2,M2,TWN,continentality,geography,36.42621324316634
primary_total_co2,M2,TJK,continentality,geography,1250.1800623340782
primary_total_co2,M2,THA,continentality,geography,141.8254668239137
primary_total_co2,M2,TUR,continentality,geography,128.00623313826836
primary_total_co2,M2,TKM,continentality,geography,570.2171184704274
primary_total_co2,M2,ARE,continentality,geography,10.093384715369945
primary_total_co2,M2,UZB,continentality,geography,1235.4772603548088
primary_total_co2,M2,VNM,continentality,geography,62.6329056650239
primary_total_co2,M2,YEM,continentality,geography,51.31698455455971
primary_total_co2,M2,ALB,continentality,geography,15.22079556911455
primary_total_co2,M2,AUT,continentality,geography,307.4168158026393
primary_total_co2,M2,BLR,continentality,geography,505.97112247230973
primary_total_co2,M2,BEL,continentality,geography,107.65063529604579
primary_total_co2,M2,BIH,continentality,geography,117.31795932389403
primary_total_co2,M2,BGR,continentality,geography,161.43914265156482
primary_total_co2,M2,HRV,continentality,geography,63.022862766722064
primary_total_co2,M2,CYP,continentality,geography,5.212894634530487
primary_total_co2,M2,CZE,continentality,geography,412.2378803838792
primary_total_co2,M2,DNK,continentality,geography,13.150004152366645
primary_total_co2,M2,EST,continentality,geography,61.18713473481305
primary_total_co2,M2,FIN,continentality,geography,16.945009130870062
primary_total_co2,M2,FRA,continentality,geography,191.58322927483144
primary_total_co2,M2,DEU,continentality,geography,254.6552396099633
primary_total_co2,M2,GRC,continentality,geography,37.832746154457865
primary_total_co2,M2,HUN,continentality,geography,471.3236388126921
primary_total_co2,M2,ISL,continentality,geography,81.00297872001015
primary_total_co2,M2,IRL,continentality,geography,38.006117586339364
primary_total_co2,M2,ITA,continentality,geography,77.31098117304789
primary_total_co2,M2,LVA,continentality,geography,127.3360239986891
primary_total_co2,M2,LTU,continentality,geography,128.23898105661175
primary_total_co2,M2,MKD,continentality,geography,249.1916330178268
primary_total_co2,M2,MDA,continentality,geography,186.17367904200015
primary_total_co2,M2,MNE,continentality,geography,82.22403706234513
primary_total_co2,M2,NLD,continentality,geography,84.12315249217339
primary_total_co2,M2,NOR,continentality,geography,53.643774822738706
primary_total_co2,M2,POL,continentality,geography,315.3013901770544
primary_total_co2,M2,PRT,continentality,geography,52.27557760028044
primary_total_co2,M2,ROU,continentality,geography,338.7173828268546
primary_total_co2,M2,RUS,continentality,geography,773.3640644346395
primary_total_co2,M2,SRB,continentality,geography,266.36523983952844
primary_total_co2,M2,SVK,continentality,geography,481.3914559398293
primary_total_co2,M2,SVN,continentality,geography,80.66975858525952
primary_total_co2,M2,ESP,continentality,geography,122.88312330283075
primary_total_co2,M2,SWE,continentality,geography,75.43097905999782
primary_total_co2,M2,CHE,continentality,geography,318.6523818941167
primary_total_co2,M2,UKR,continentality,geography,290.40284273323937
primary_total_co2,M2,GBR,continentality,geography,72.04328617417774
primary_total_co2,M2,BHS,continentality,geography,23.16612848458598
primary_total_co2,M2,CAN,continentality,geography,476.3700986805195
primary_total_co2,M2,CRI,continentality,geography,77.36810714506554
primary_total_co2,M2,CUB,continentality,geography,18.77046674992996
primary_total_co2,M2,DOM,continentality,geography,22.830820802109027
primary_total_co2,M2,SLV,continentality,geography,9.472273407052763
primary_total_co2,M2,GTM,continentality,geography,150.45784284636164
primary_total_co2,M2,HTI,continentality,geography,6.669859990832684
primary_total_co2,M2,HND,continentality,geography,65.80876686673079
primary_total_co2,M2,JAM,continentality,geography,33.33208864969499
primary_total_co2,M2,MEX,continentality,geography,183.9376302671782
primary_total_co2,M2,NIC,continentality,geography,64.27621674754454
primary_total_co2,M2,PAN,continentality,geography,37.38771902554524
primary_total_co2,M2,USA,continentality,geography,362.91067511348734
primary_total_co2,M2,AUS,continentality,geography,51.902087485243456
primary_total_co2,M2,NZL,continentality,geography,27.11518358276313
primary_total_co2,M2,PNG,continentality,geography,22.920569798684497
primary_total_co2,M2,ARG,continentality,geography,395.0114435104324
primary_total_co2,M2,BOL,continentality,geography,383.94310600316356
primary_total_co2,M2,BRA,continentality,geography,227.37419655911592
primary_total_co2,M2,CHL,continentality,geography,76.85381942963869
primary_total_co2,M2,COL,continentality,geography,174.04108407793845
primary_total_co2,M2,ECU,continentality,geography,111.72413640286271
primary_total_co2,M2,PRY,continentality,geography,866.639709061554
primary_total_co2,M2,PER,continentality,geography,143.2232885931093
primary_total_co2,M2,SUR,continentality,geography,38.772545254957784
primary_total_co2,M2,URY,continentality,geography,152.09574835188806
primary_total_co2,M2,VEN,continentality,geography,57.22985427389291
primary_total_co2,M2,DZA,population,population,7.584491521827347
primary_total_co2,M2,AGO,population,population,7.417730963507243
primary_total_co2,M2,BEN,population,population,7.0297420648599935
primary_total_co2,M2,BWA,population,population,6.330553171680173
primary_total_co2,M2,BFA,population,population,7.247860654170999
primary_total_co2,M2,BDI,population,population,7.0186732920103205
primary_total_co2,M2,CMR,population,population,7.330462050412179
primary_total_co2,M2,CAF,population,population,6.666744709191047
primary_total_co2,M2,TCD,population,population,7.136437739865217
primary_total_co2,M2,COG,population,population,6.686377402658246
primary_total_co2,M2,COD,population,population,7.879608451720629
primary_total_co2,M2,CIV,population,population,7.379120064336155
primary_total_co2,M2,DJI,population,population,5.993362592601758
primary_total_co2,M2,EGY,population,population,7.979245769996698
primary_total_co2,M2,GNQ,population,population,6.129116038326742
primary_total_co2,M2,ERI,population,population,6.4877557098004175
primary_total_co2,M2,ETH,population,population,7.993166099108892
primary_total_co2,M2,GAB,population,population,6.281728818193019
primary_total_co2,M2,GHA,population,population,7.437531664455299
primary_total_co2,M2,GIN,population,population,7.048902812150967
primary_total_co2,M2,GNB,population,population,6.229420726493306
primary_total_co2,M2,KEN,population,population,7.653085044116425
primary_total_co2,M2,LSO,population,population,6.313130614473341
primary_total_co2,M2,LBR,population,population,6.650331423244434
primary_total_co2,M2,LBY,population,population,6.7996600175142055
primary_total_co2,M2,MDG,population,population,7.382184420928162
primary_total_co2,M2,MWI,population,population,7.208490158076444
primary_total_co2,M2,MLI,population,population,7.242034762393436
primary_total_co2,M2,MRT,population,population,6.572211995805804
primary_total_co2,M2,MAR,population,population,7.528756997026069
primary_total_co2,M2,MOZ,population,population,7.3988356940534326
primary_total_co2,M2,NAM,population,population,6.352665763677737
primary_total_co2,M2,NER,population,population,7.267638613886829
primary_total_co2,M2,NGA,population,population,8.257797185848496
primary_total_co2,M2,RWA,population,population,7.045062323893226
primary_total_co2,M2,SEN,population,population,7.1370646013058385
primary_total_co2,M2,SLE,population,population,6.82698502393618
primary_total_co2,M2,SOM,population,population,7.109565015062865
primary_total_co2,M2,ZAF,population,population,7.737818887453181
primary_total_co2,M2,SDN,population,population,7.57732921918915
primary_total_co2,M2,SWZ,population,population,6.05307844348342
primary_total_co2,M2,TZA,population,population,7.688634548890629
primary_total_co2,M2,TGO,population,population,6.83243552351168
primary_total_co2,M2,TUN,population,population,7.046938402296572
primary_total_co2,M2,UGA,population,population,7.548230291005571
primary_total_co2,M2,ZMB,population,population,7.1874925189804255
primary_total_co2,M2,ZWE,population,population,7.146556255999673
primary_total_co2,M2,AFG,population,population,7.4999990715847
primary_total_co2,M2,ARM,population,population,6.465758383514392
primary_total_co2,M2,AZE,population,population,6.97792548243784
primary_total_co2,M2,BGD,population,population,8.194603506012374
primary_total_co2,M2,MMR,population,population,7.701245451312068
primary_total_co2,M2,KHM,population,population,7.180991592732013
primary_total_co2,M2,CHN,population,population,9.13956679824072
primary_total_co2,M2,GEO,population,population,6.580825566717042
primary_total_co2,M2,IND,population,population,9.11254786492971
primary_total_co2,M2,IDN,population,population,8.407989603823088
primary_total_co2,M2,IRN,population,population,7.905335386670902
primary_total_co2,M2,IRQ,population,population,7.547553035610451
primary_total_co2,M2,ISR,population,population,6.889266341090212
primary_total_co2,M2,JPN,population,population,8.106271293816295
primary_total_co2,M2,JOR,population,population,6.902645258961303
primary_total_co2,M2,KAZ,population,population,7.244437990304228
primary_total_co2,M2,LAO,population,population,6.820292448116504
primary_total_co2,M2,LBN,population,population,6.759172164098234
primary_total_co2,M2,MYS,population,population,7.479636757705204
primary_total_co2,M2,MNG,population,population,6.4551323135189955
primary_total_co2,M2,NPL,population,population,7.440751653256151
primary_total_co2,M2,OMN,population,population,6.5836424801017275
primary_total_co2,M2,PAK,population,population,8.32443469719558
primary_total_co2,M2,PHL,population,population,8.008925064275203
primary_total_co2,M2,QAT,population,population,6.308062604336738
primary_total_co2,M2,SAU,population,population,7.4475739017888225
primary_total_co2,M2,KOR,population,population,7.699587722216534
primary_total_co2,M2,LKA,population,population,7.32957743876949
primary_total_co2,M2,SYR,population,population,7.335797199842345
primary_total_co2,M2,TWN,population,population,7.369528844939075
primary_total_co2,M2,TJK,population,population,6.914699174948477
primary_total_co2,M2,THA,population,population,7.844136018099344
primary_total_co2,M2,TUR,population,population,7.883110593585389
primary_total_co2,M2,TKM,population,population,6.773738772330727
primary_total_co2,M2,ARE,population,population,6.893864416474685
primary_total_co2,M2,UZB,population,population,7.473108202341121
primary_total_co2,M2,VNM,population,population,7.956999246761118
primary_total_co2,M2,YEM,population,population,7.467059601294319
primary_total_co2,M2,ALB,population,population,6.463530328570472
primary_total_co2,M2,AUT,population,population,6.9284681091597955
primary_total_co2,M2,BLR,population,population,6.976095564773477
primary_total_co2,M2,BEL,population,population,7.047674973999279
primary_total_co2,M2,BIH,population,population,6.557610289495604
primary_total_co2,M2,BGR,population,population,6.861212005284552
primary_total_co2,M2,HRV,population,population,6.627611921220393
primary_total_co2,M2,CYP,population,population,6.073314653726718
primary_total_co2,M2,CZE,population,population,7.021650812201932
primary_total_co2,M2,DNK,population,population,6.749375515855583
primary_total_co2,M2,EST,population,population,6.1198890486396085
primary_total_co2,M2,FIN,population,population,6.735523610140002
primary_total_co2,M2,FRA,population,population,7.80880315470863
primary_total_co2,M2,DEU,population,population,7.908707904870466
primary_total_co2,M2,GRC,population,population,7.040108989417488
primary_total_co2,M2,HUN,population,population,6.995167484051263
primary_total_co2,M2,ISL,population,population,5.510398880382385
primary_total_co2,M2,IRL,population,population,6.665082251000093
primary_total_co2,M2,ITA,population,population,7.782858473140336
primary_total_co2,M2,LVA,population,population,6.303844637867393
primary_total_co2,M2,LTU,population,population,6.471050874954516
primary_total_co2,M2,MKD,population,population,6.3039041792595025
primary_total_co2,M2,MDA,population,population,6.532594004296075
primary_total_co2,M2,MNE,population,population,5.8015402203172535
primary_total_co2,M2,NLD,population,population,7.229606749201902
primary_total_co2,M2,NOR,population,population,6.705874484021341
primary_total_co2,M2,POL,population,population,7.58273664522853
primary_total_co2,M2,PRT,population,population,7.019460555719498
primary_total_co2,M2,ROU,population,population,7.302393989899721
primary_total_co2,M2,RUS,population,population,8.16018062182119
primary_total_co2,M2,SRB,population,population,6.861903613273627
primary_total_co2,M2,SVK,population,population,6.733231140360503
primary_total_co2,M2,SVN,population,population,6.313118577021262
primary_total_co2,M2,ESP,population,population,7.670805935803977
primary_total_co2,M2,SWE,population,population,6.982299280319174
primary_total_co2,M2,CHE,population,population,6.90801288261355
primary_total_co2,M2,UKR,population,population,7.663952950304367
primary_total_co2,M2,GBR,population,population,7.8088142837955985
primary_total_co2,M2,BHS,population,population,5.578589933656245
primary_total_co2,M2,CAN,population,population,7.547693756671519
primary_total_co2,M2,CRI,population,population,6.673587885900976
primary_total_co2,M2,CUB,population,population,7.0530078360659045
primary_total_co2,M2,DOM,population,population,7.0083377275197964
primary_total_co2,M2,SLV,population,population,6.788086667995949
primary_total_co2,M2,GTM,population,population,7.1871635218758545
primary_total_co2,M2,HTI,population,population,7.009551383824838
primary_total_co2,M2,HND,population,population,6.948866390665476
primary_total_co2,M2,JAM,population,population,6.4446207132917905
primary_total_co2,M2,MEX,population,population,8.073144673581162
primary_total_co2,M2,NIC,population,population,6.776980843483045
primary_total_co2,M2,PAN,population,population,6.582669247010581
primary_total_co2,M2,USA,population,population,8.505300261635066
primary_total_co2,M2,AUS,population,population,7.366166432923759
primary_total_co2,M2,NZL,population,population,6.648736269027635
primary_total_co2,M2,PNG,population,population,6.919219345920554
primary_total_co2,M2,ARG,population,population,7.6292306757420185
primary_total_co2,M2,BOL,population,population,7.02867745479857
primary_total_co2,M2,BRA,population,population,8.297713009593641
primary_total_co2,M2,CHL,population,population,7.247654323145674
primary_total_co2,M2,COL,population,population,7.664186601924754
primary_total_co2,M2,ECU,population,population,7.198853079953566
primary_total_co2,M2,PRY,population,population,6.776878859778663
primary_total_co2,M2,PER,population,population,7.474477170440693
primary_total_co2,M2,SUR,population,population,5.755130584229435
primary_total_co2,M2,URY,population,population,6.524439614291172
primary_total_co2,M2,VEN,population,population,7.475848283355976
primary_total_co2,M2,DZA,station_density,population,0.0
primary_total_co2,M2,AGO,station_density,population,0.3333333333333333
primary_total_co2,M2,BEN,station_density,population,1.3333333333333333
primary_total_co2,M2,BWA,station_density,population,0.0
primary_total_co2,M2,BFA,station_density,population,0.0
primary_total_co2,M2,BDI,station_density,population,2.0
primary_total_co2,M2,CMR,station_density,population,1.8
primary_total_co2,M2,CAF,station_density,population,0.0
primary_total_co2,M2,TCD,station_density,population,0.0
primary_total_co2,M2,COG,station_density,population,1.0
primary_total_co2,M2,COD,station_density,population,0.4782608695652174
primary_total_co2,M2,CIV,station_density,population,1.3846153846153846
primary_total_co2,M2,DJI,station_density,population,0.0
primary_total_co2,M2,EGY,station_density,population,3.0526315789473686
primary_total_co2,M2,GNQ,station_density,population,0.5
primary_total_co2,M2,ERI,station_density,population,0.0
primary_total_co2,M2,ETH,station_density,population,0.4444444444444444
primary_total_co2,M2,GAB,station_density,population,0.0
primary_total_co2,M2,GHA,station_density,population,2.0
primary_total_co2,M2,GIN,station_density,population,0.25
primary_total_co2,M2,GNB,station_density,population,0.0
primary_total_co2,M2,KEN,station_density,population,0.5
primary_total_co2,M2,LSO,station_density,population,1.0
primary_total_co2,M2,LBR,station_density,population,0.0
primary_total_co2,M2,LBY,station_density,population,0.8
primary_total_co2,M2,MDG,station_density,population,0.0
primary_total_co2,M2,MWI,station_density,population,0.0
primary_total_co2,M2,MLI,station_density,population,0.0
primary_total_co2,M2,MRT,station_density,population,0.0
primary_total_co2,M2,MAR,station_density,population,1.4
primary_total_co2,M2,MOZ,station_density,population,0.3333333333333333
primary_total_co2,M2,NAM,station_density,population,0.0
primary_total_co2,M2,NER,station_density,population,0.3333333333333333
primary_total_co2,M2,NGA,station_density,population,6.978021978021978
primary_total_co2,M2,RWA,station_density,population,1.0
primary_total_co2,M2,SEN,station_density,population,0.75
primary_total_co2,M2,SLE,station_density,population,0.5
primary_total_co2,M2,SOM,station_density,population,0.0
primary_total_co2,M2,ZAF,station_density,population,6.42
primary_total_co2,M2,SDN,station_density,population,0.6
primary_total_co2,M2,SWZ,station_density,population,2.0
primary_total_co2,M2,TZA,station_density,population,0.4375
primary_total_co2,M2,TGO,station_density,population,0.0
primary_total_co2,M2,TUN,station_density,population,1.2
primary_total_co2,M2,UGA,station_density,population,0.6666666666666666
primary_total_co2,M2,ZMB,station_density,population,1.875
primary_total_co2,M2,ZWE,station_density,population,2.0
primary_total_co2,M2,AFG,station_density,population,0.5
primary_total_co2,M2,ARM,station_density,population,3.0
primary_total_co2,M2,AZE,station_density,population,0.0
primary_total_co2,M2,BGD,station_density,population,7.947368421052632
primary_total_co2,M2,MMR,station_density,population,1.1
primary_total_co2,M2,KHM,station_density,population,0.0
primary_total_co2,M2,CHN,station_density,population,3.623684210526316
primary_total_co2,M2,GEO,station_density,population,3.0
primary_total_co2,M2,IND,station_density,population,7.294117647058823
primary_total_co2,M2,IDN,station_density,population,12.931034482758621
primary_total_co2,M2,IRN,station_density,population,1.7727272727272727
primary_total_co2,M2,IRQ,station_density,population,1.5
primary_total_co2,M2,ISR,station_density,population,4.444444444444445
primary_total_co2,M2,JPN,station_density,population,29.954285714285714
primary_total_co2,M2,JOR,station_density,population,7.0
primary_total_co2,M2,KAZ,station_density,population,0.26666666666666666
primary_total_co2,M2,LAO,station_density,population,0.0
primary_total_co2,M2,LBN,station_density,population,3.6666666666666665
primary_total_co2,M2,MYS,station_density,population,2.9375
primary_total_co2,M2,MNG,station_density,population,0.0
primary_total_co2,M2,NPL,station_density,population,4.142857142857143
primary_total_co2,M2,OMN,station_density,population,0.0
primary_total_co2,M2,PAK,station_density,population,6.508474576271187
primary_total_co2,M2,PHL,station_density,population,9.692307692307692
primary_total_co2,M2,QAT,station_density,population,0.0
primary_total_co2,M2,SAU,station_density,population,0.0
primary_total_co2,M2,KOR,station_density,population,0.0
primary_total_co2,M2,LKA,station_density,population,2.4444444444444446
primary_total_co2,M2,SYR,station_density,population,3.0
primary_total_co2,M2,TWN,station_density,population,9.866666666666667
primary_total_co2,M2,TJK,station_density,population,1.0
primary_total_co2,M2,THA,station_density,population,2.5714285714285716
primary_total_co2,M2,TUR,station_density,population,1.3725490196078431
primary_total_co2,M2,TKM,station_density,population,0.6666666666666666
primary_total_co2,M2,ARE,station_density,population,2.0
primary_total_co2,M2,UZB,station_density,population,0.875
primary_total_co2,M2,VNM,station_density,population,2.433333333333333
primary_total_co2,M2,YEM,station_density,population,0.0
primary_total_co2,M2,ALB,station_density,population,2.0
primary_total_co2,M2,AUT,station_density,population,0.8
primary_total_co2,M2,BLR,station_density,population,0.5
primary_total_co2,M2,BEL,station_density,population,7.857142857142857
primary_total_co2,M2,BIH,station_density,population,2.4
primary_total_co2,M2,BGR,station_density,population,1.1428571428571428
primary_total_co2,M2,HRV,station_density,population,1.3333333333333333
primary_total_co2,M2,CYP,station_density,population,0.0
primary_total_co2,M2,CZE,station_density,population,4.8
primary_total_co2,M2,DNK,station_density,population,1.0
primary_total_co2,M2,EST,station_density,population,0.0
primary_total_co2,M2,FIN,station_density,population,0.4
primary_total_co2,M2,FRA,station_density,population,2.1944444444444446
primary_total_co2,M2,DEU,station_density,population,9.88888888888889
primary_total_co2,M2,GRC,station_density,population,0.8571428571428571
primary_total_co2,M2,HUN,station_density,population,2.3333333333333335
primary_total_co2,M2,ISL,station_density,population,0.0
primary_total_co2,M2,IRL,station_density,population,0.0
primary_total_co2,M2,ITA,station_density,population,3.3333333333333335
primary_total_co2,M2,LVA,station_density,population,1.0
primary_total_co2,M2,LTU,station_density,population,1.4
primary_total_co2,M2,MKD,station_density,population,4.0
primary_total_co2,M2,MDA,station_density,population,2.0
primary_total_co2,M2,MNE,station_density,population,0.0
primary_total_co2,M2,NLD,station_density,population,17.875
primary_total_co2,M2,NOR,station_density,population,0.0
primary_total_co2,M2,POL,station_density,population,6.605263157894737
primary_total_co2,M2,PRT,station_density,population,2.5714285714285716
primary_total_co2,M2,ROU,station_density,population,2.84
primary_total_co2,M2,RUS,station_density,population,1.7820512820512822
primary_total_co2,M2,SRB,station_density,population,2.5
primary_total_co2,M2,SVK,station_density,population,1.5
primary_total_co2,M2,SVN,station_density,population,2.0
primary_total_co2,M2,ESP,station_density,population,3.32
primary_total_co2,M2,SWE,station_density,population,0.4
primary_total_co2,M2,CHE,station_density,population,4.0
primary_total_co2,M2,UKR,station_density,population,0.7916666666666666
primary_total_co2,M2,GBR,station_density,population,10.647058823529411
primary_total_co2,M2,BHS,station_density,population,0.0
primary_total_co2,M2,CAN,station_density,population,1.36
primary_total_co2,M2,CRI,station_density,population,0.0
primary_total_co2,M2,CUB,station_density,population,1.5714285714285714
primary_total_co2,M2,DOM,station_density,population,2.888888888888889
primary_total_co2,M2,SLV,station_density,population,3.3333333333333335
primary_total_co2,M2,GTM,station_density,population,8.0
primary_total_co2,M2,HTI,station_density,population,2.4
primary_total_co2,M2,HND,station_density,population,2.4
primary_total_co2,M2,JAM,station_density,population,0.6666666666666666
primary_total_co2,M2,MEX,station_density,population,5.298969072164948
primary_total_co2,M2,NIC,station_density,population,1.0
primary_total_co2,M2,PAN,station_density,population,1.0
primary_total_co2,M2,USA,station_density,population,5.36964980544747
primary_total_co2,M2,AUS,station_density,population,0.42857142857142855
primary_total_co2,M2,NZL,station_density,population,0.8888888888888888
primary_total_co2,M2,PNG,station_density,population,0.0
primary_total_co2,M2,ARG,station_density,population,0.4375
primary_total_co2,M2,BOL,station_density,population,0.0
primary_total_co2,M2,BRA,station_density,population,9.672727272727272
primary_total_co2,M2,CHL,station_density,population,0.7916666666666666
primary_total_co2,M2,COL,station_density,population,3.3333333333333335
primary_total_co2,M2,ECU,station_density,population,1.1538461538461537
primary_total_co2,M2,PRY,station_density,population,2.6
primary_total_co2,M2,PER,station_density,population,0.5
primary_total_co2,M2,SUR,station_density,population,0.0
primary_total_co2,M2,URY,station_density,population,0.5
primary_total_co2,M2,VEN,station_density,population,5.075
primary_total_co2,M2,DZA,climate_zone=B,geography,0.0
primary_total_co2,M2,AGO,climate_zone=B,geography,0.0
primary_total_co2,M2,BEN,climate_zone=B,geography,0.0
primary_total_co2,M2,BWA,climate_zone=B,geography,1.0
primary_total_co2,M2,BFA,climate_zone=B,geography,0.0
primary_total_co2,M2,BDI,climate_zone=B,geography,0.0
primary_total_co2,M2,CMR,climate_zone=B,geography,0.0
primary_total_co2,M2,CAF,climate_zone=B,geography,0.0
primary_total_co2,M2,TCD,climate_zone=B,geography,0.0
primary_total_co2,M2,COG,climate_zone=B,geography,0.0
primary_total_co2,M2,COD,climate_zone=B,geography,0.0
primary_total_co2,M2,CIV,climate_zone=B,geography,0.0
primary_total_co2,M2,DJI,climate_zone=B,geography,1.0
primary_total_co2,M2,EGY,climate_zone=B,geography,1.0
primary_total_co2,M2,GNQ,climate_zone=B,geography,0.0
primary_total_co2,M2,ERI,climate_zone=B,geography,1.0
primary_total_co2,M2,ETH,climate_zone=B,geography,0.0
primary_total_co2,M2,GAB,climate_zone=B,geography,0.0
primary_total_co2,M2,GHA,climate_zone=B,geography,0.0
primary_total_co2,M2,GIN,climate_zone=B,geography,0.0
primary_total_co2,M2,GNB,climate_zone=B,geography,0.0
primary_total_co2,M2,KEN,climate_zone=B,geography,0.0
primary_total_co2,M2,LSO,climate_zone=B,geography,0.0
primary_total_co2,M2,LBR,climate_zone=B,geography,0.0
primary_total_co2,M2,LBY,climate_zone=B,geography,1.0
primary_total_co2,M2,MDG,climate_zone=B,geography,0.0
primary_total_co2,M2,MWI,climate_zone=B,geography,0.0
primary_total_co2,M2,MLI,climate_zone=B,geography,0.0
primary_total_co2,M2,MRT,climate_zone=B,geography,1.0
primary_total_co2,M2,MAR,climate_zone=B,geography,0.0
primary_total_co2,M2,MOZ,climate_zone=B,geography,0.0
primary_total_co2,M2,NAM,climate_zone=B,geography,1.0
primary_total_co2,M2,NER,climate_zone=B,geography,1.0
primary_total_co2,M2,NGA,climate_zone=B,geography,0.0
primary_total_co2,M2,RWA,climate_zone=B,geography,0.0
primary_total_co2,M2,SEN,climate_zone=B,geography,1.0
primary_total_co2,M2,SLE,climate_zone=B,geography,0.0
primary_total_co2,M2,SOM,climate_zone=B,geography,1.0
primary_total_co2,M2,ZAF,climate_zone=B,geography,0.0
primary_total_co2,M2,SDN,climate_zone=B,geography,1.0
primary_total_co2,M2,SWZ,climate_zone=B,geography,1.0
primary_total_co2,M2,TZA,climate_zone=B,geography,0.0
primary_total_co2,M2,TGO,climate_zone=B,geography,0.0
primary_total_co2,M2,TUN,climate_zone=B,geography,1.0
primary_total_co2,M2,UGA,climate_zone=B,geography,0.0
primary_total_co2,M2,ZMB,climate_zone=B,geography,0.0
primary_total_co2,M2,ZWE,climate_zone=B,geography,0.0
primary_total_co2,M2,AFG,climate_zone=B,geography,1.0
primary_total_co2,M2,ARM,climate_zone=B,geography,0.0
primary_total_co2,M2,AZE,climate_zone=B,geography,0.0
primary_total_co2,M2,BGD,climate_zone=B,geography,0.0
primary_total_co2,M2,MMR,climate_zone=B,geography,0.0
primary_total_co2,M2,KHM,climate_zone=B,geography,0.0
primary_total_co2,M2,CHN,climate_zone=B,geography,0.0
primary_total_co2,M2,GEO,climate_zone=B,geography,0.0
primary_total_co2,M2,IND,climate_zone=B,geography,0.0
primary_total_co2,M2,IDN,climate_zone=B,geography,0.0
primary_total_co2,M2,IRN,climate_zone=B,geography,1.0
primary_total_co2,M2,IRQ,climate_zone=B,geography,0.0
primary_total_co2,M2,ISR,climate_zone=B,geography,1.0
primary_total_co2,M2,JPN,climate_zone=B,geography,0.0
primary_total_co2,M2,JOR,climate_zone=B,geography,0.0
primary_total_co2,M2,KAZ,climate_zone=B,geography,1.0
primary_total_co2,M2,LAO,climate_zone=B,geography,0.0
primary_total_co2,M2,LBN,climate_zone=B,geography,0.0
primary_total_co2,M2,MYS,climate_zone=B,geography,0.0
primary_total_co2,M2,MNG,climate_zone=B,geography,1.0
primary_total_co2,M2,NPL,climate_zone=B,geography,0.0
primary_total_co2,M2,OMN,climate_zone=B,geography,1.0
primary_total_co2,M2,PAK,climate_zone=B,geography,1.0
primary_total_co2,M2,PHL,climate_zone=B,geography,0.0
primary_total_co2,M2,QAT,climate_zone=B,geography,1.0
primary_total_co2,M2,SAU,climate_zone=B,geography,1.0
primary_total_co2,M2,KOR,climate_zone=B,geography,0.0
primary_total_co2,M2,LKA,climate_zone=B,geography,0.0
primary_total_co2,M2,SYR,climate_zone=B,geography,1.0
primary_total_co2,M2,TWN,climate_zone=B,geography,0.0
primary_total_co2,M2,TJK,climate_zone=B,geography,0.0
primary_total_co2,M2,THA,climate_zone=B,geography,0.0
primary_total_co2,M2,TUR,climate_zone=B,geography,0.0
primary_total_co2,M2,TKM,climate_zone=B,geography,1.0
primary_total_co2,M2,ARE,climate_zone=B,geography,1.0
primary_total_co2,M2,UZB,climate_zone=B,geography,1.0
primary_total_co2,M2,VNM,climate_zone=B,geography,0.0
primary_total_co2,M2,YEM,climate_zone=B,geography,1.0
primary_total_co2,M2,ALB,climate_zone=B,geography,0.0
primary_total_co2,M2,AUT,climate_zone=B,geography,0.0
primary_total_co2,M2,BLR,climate_zone=B,geography,0.0
primary_total_co2,M2,BEL,climate_zone=B,geography,0.0
primary_total_co2,M2,BIH,climate_zone=B,geography,0.0
primary_total_co2,M2,BGR,climate_zone=B,geography,0.0
primary_total_co2,M2,HRV,climate_zone=B,geography,0.0
primary_total_co2,M2,CYP,climate_zone=B,geography,0.0
primary_total_co2,M2,CZE,climate_zone=B,geography,0.0
primary_total_co2,M2,DNK,climate_zone=B,geography,0.0
primary_total_co2,M2,EST,climate_zone=B,geography,0.0
primary_total_co2,M2,FIN,climate_zone=B,geography,0.0
primary_total_co2,M2,FRA,climate_zone=B,geography,0.0
primary_total_co2,M2,DEU,climate_zone=B,geography,0.0
primary_total_co2,M2,GRC,climate_zone=B,geography,0.0
primary_total_co2,M2,HUN,climate_zone=B,geography,0.0
primary_total_co2,M2,ISL,climate_zone=B,geography,0.0
primary_total_co2,M2,IRL,climate_zone=B,geography,0.0
primary_total_co2,M2,ITA,climate_zone=B,geography,0.0
primary_total_co2,M2,LVA,climate_zone=B,geography,0.0
primary_total_co2,M2,LTU,climate_zone=B,geography,0.0
primary_total_co2,M2,MKD,climate_zone=B,geography,0.0
primary_total_co2,M2,MDA,climate_zone=B,geography,0.0
primary_total_co2,M2,MNE,climate_zone=B,geography,0.0
primary_total_co2,M2,NLD,climate_zone=B,geography,0.0
primary_total_co2,M2,NOR,climate_zone=B,geography,0.0
primary_total_co2,M2,POL,climate_zone=B,geography,0.0
primary_total_co2,M2,PRT,climate_zone=B,geography,0.0
primary_total_co2,M2,ROU,climate_zone=B,geography,0.0
primary_total_co2,M2,RUS,climate_zone=B,geography,0.0
primary_total_co2,M2,SRB,climate_zone=B,geography,0.0
primary_total_co2,M2,SVK,climate_zone=B,geography,0.0
primary_total_co2,M2,SVN,climate_zone=B,geography,0.0
primary_total_co2,M2,ESP,climate_zone=B,geography,0.0
primary_total_co2,M2,SWE,climate_zone=B,geography,0.0
primary_total_co2,M2,CHE,climate_zone=B,geography,0.0
primary_total_co2,M2,UKR,climate_zone=B,geography,0.0
primary_total_co2,M2,GBR,climate_zone=B,geography,0.0
primary_total_co2,M2,BHS,climate_zone=B,geography,0.0
primary_total_co2,M2,CAN,climate_zone=B,geography,0.0
primary_total_co2,M2,CRI,climate_zone=B,geography,0.0
primary_total_co2,M2,CUB,climate_zone=B,geography,0.0
primary_total_co2,M2,DOM,climate_zone=B,geography,0.0
primary_total_co2,M2,SLV,climate_zone=B,geography,0.0
primary_total_co2,M2,GTM,climate_zone=B,geography,0.0
primary_total_co2,M2,HTI,climate_zone=B,geography,0.0
primary_total_co2,M2,HND,climate_zone=B,geography,0.0
primary_total_co2,M2,JAM,climate_zone=B,geography,0.0
primary_total_co2,M2,MEX,climate_zone=B,geography,0.0
primary_total_co2,M2,NIC,climate_zone=B,geography,0.0
primary_total_co2,M2,PAN,climate_zone=B,geography,0.0
primary_total_co2,M2,USA,climate_zone=B,geography,0.0
primary_total_co2,M2,AUS,climate_zone=B,geography,0.0
primary_total_co2,M2,NZL,climate_zone=B,geography,0.0
primary_total_co2,M2,PNG,climate_zone=B,geography,0.0
primary_total_co2,M2,ARG,climate_zone=B,geography,1.0
primary_total_co2,M2,BOL,climate_zone=B,geography,0.0
primary_total_co2,M2,BRA,climate_zone=B,geography,0.0
primary_total_co2,M2,CHL,climate_zone=B,geography,0.0
primary_total_co2,M2,COL,climate_zone=B,geography,0.0
primary_total_co2,M2,ECU,climate_zone=B,geography,0.0
primary_total_co2,M2,PRY,climate_zone=B,geography,0.0
primary_total_co2,M2,PER,climate_zone=B,geography,1.0
primary_total_co2,M2,SUR,climate_zone=B,geography,0.0
primary_total_co2,M2,URY,climate_zone=B,geography,0.0
primary_total_co2,M2,VEN,climate_zone=B,geography,0.0
primary_total_co2,M2,DZA,climate_zone=C,geography,1.0
primary_total_co2,M2,AGO,climate_zone=C,geography,1.0
primary_total_co2,M2,BEN,climate_zone=C,geography,0.0
primary_total_co2,M2,BWA,climate_zone=C,geography,0.0
primary_total_co2,M2,BFA,climate_zone=C,geography,0.0
primary_total_co2,M2,BDI,climate_zone=C,geography,0.0
primary_total_co2,M2,CMR,climate_zone=C,geography,0.0
primary_total_co2,M2,CAF,climate_zone=C,geography,0.0
primary_total_co2,M2,TCD,climate_zone=C,geography,0.0
primary_total_co2,M2,COG,climate_zone=C,geography,0.0
primary_total_co2,M2,COD,climate_zone=C,geography,0.0
primary_total_co2,M2,CIV,climate_zone=C,geography,0.0
primary_total_co2,M2,DJI,climate_zone=C,geography,0.0
primary_total_co2,M2,EGY,climate_zone=C,geography,0.0
primary_total_co2,M2,GNQ,climate_zone=C,geography,0.0
primary_total_co2,M2,ERI,climate_zone=C,geography,0.0
primary_total_co2,M2,ETH,climate_zone=C,geography,0.0
primary_total_co2,M2,GAB,climate_zone=C,geography,0.0
primary_total_co2,M2,GHA,climate_zone=C,geography,0.0
primary_total_co2,M2,GIN,climate_zone=C,geography,0.0
primary_total_co2,M2,GNB,climate_zone=C,geography,0.0
primary_total_co2,M2,KEN,climate_zone=C,geography,0.0
primary_total_co2,M2,LSO,climate_zone=C,geography,1.0
primary_total_co2,M2,LBR,climate_zone=C,geography,0.0
primary_total_co2,M2,LBY,climate_zone=C,geography,0.0
primary_total_co2,M2,MDG,climate_zone=C,geography,0.0
primary_total_co2,M2,MWI,climate_zone=C,geography,0.0
primary_total_co2,M2,MLI,climate_zone=C,geography,0.0
primary_total_co2,M2,MRT,climate_zone=C,geography,0.0
primary_total_co2,M2,MAR,climate_zone=C,geography,1.0
primary_total_co2,M2,MOZ,climate_zone=C,geography,0.0
primary_total_co2,M2,NAM,climate_zone=C,geography,0.0
primary_total_co2,M2,NER,climate_zone=C,geography,0.0
primary_total_co2,M2,NGA,climate_zone=C,geography,0.0
primary_total_co2,M2,RWA,climate_zone=C,geography,0.0
primary_total_co2,M2,SEN,climate_zone=C,geography,0.0
primary_total_co2,M2,SLE,climate_zone=C,geography,0.0
primary_total_co2,M2,SOM,climate_zone=C,geography,0.0
primary_total_co2,M2,ZAF,climate_zone=C,geography,1.0
primary_total_co2,M2,SDN,climate_zone=C,geography,0.0
primary_total_co2,M2,SWZ,climate_zone=C,geography,0.0
primary_total_co2,M2,TZA,climate_zone=C,geography,0.0
primary_total_co2,M2,TGO,climate_zone=C,geography,0.0
primary_total_co2,M2,TUN,climate_zone=C,geography,0.0
primary_total_co2,M2,UGA,climate_zone=C,geography,0.0
primary_total_co2,M2,ZMB,climate_zone=C,geography,1.0
primary_total_co2,M2,ZWE,climate_zone=C,geography,1.0
primary_total_co2,M2,AFG,climate_zone=C,geography,0.0
primary_total_co2,M2,ARM,climate_zone=C,geography,0.0
primary_total_co2,M2,AZE,climate_zone=C,geography,0.0
primary_total_co2,M2,BGD,climate_zone=C,geography,0.0
primary_total_co2,M2,MMR,climate_zone=C,geography,0.0
primary_total_co2,M2,KHM,climate_zone=C,geography,0.0
primary_total_co2,M2,CHN,climate_zone=C,geography,1.0
primary_total_co2,M2,GEO,climate_zone=C,geography,0.0
primary_total_co2,M2,IND,climate_zone=C,geography,0.0
primary_total_co2,M2,IDN,climate_zone=C,geography,0.0
primary_total_co2,M2,IRN,climate_zone=C,geography,0.0
primary_total_co2,M2,IRQ,climate_zone=C,geography,1.0
primary_total_co2,M2,ISR,climate_zone=C,geography,0.0
primary_total_co2,M2,JPN,climate_zone=C,geography,1.0
primary_total_co2,M2,JOR,climate_zone=C,geography,1.0
primary_total_co2,M2,KAZ,climate_zone=C,geography,0.0
primary_total_co2,M2,LAO,climate_zone=C,geography,0.0
primary_total_co2,M2,LBN,climate_zone=C,geography,1.0
primary_total_co2,M2,MYS,climate_zone=C,geography,0.0
primary_total_co2,M2,MNG,climate_zone=C,geography,0.0
primary_total_co2,M2,NPL,climate_zone=C,geography,1.0
primary_total_co2,M2,OMN,climate_zone=C,geography,0.0
primary_total_co2,M2,PAK,climate_zone=C,geography,0.0
primary_total_co2,M2,PHL,climate_zone=C,geography,0.0
primary_total_co2,M2,QAT,climate_zone=C,geography,0.0
primary_total_co2,M2,SAU,climate_zone=C,geography,0.0
primary_total_co2,M2,KOR,climate_zone=C,geography,0.0
primary_total_co2,M2,LKA,climate_zone=C,geography,0.0
primary_total_co2,M2,SYR,climate_zone=C,geography,0.0
primary_total_co2,M2,TWN,climate_zone=C,geography,1.0
primary_total_co2,M2,TJK,climate_zone=C,geography,0.0
primary_total_co2,M2,THA,climate_zone=C,geography,0.0
primary_total_co2,M2,TUR,climate_zone=C,geography,1.0
primary_total_co2,M2,TKM,climate_zone=C,geography,0.0
primary_total_co2,M2,ARE,climate_zone=C,geography,0.0
primary_total_co2,M2,UZB,climate_zone=C,geography,0.0
primary_total_co2,M2,VNM,climate_zone=C,geography,0.0
primary_total_co2,M2,YEM,climate_zone=C,geography,0.0
primary_total_co2,M2,ALB,climate_zone=C,geography,1.0
primary_total_co2,M2,AUT,climate_zone=C,geography,0.0
primary_total_co2,M2,BLR,climate_zone=C,geography,0.0
primary_total_co2,M2,BEL,climate_zone=C,geography,1.0
primary_total_co2,M2,BIH,climate_zone=C,geography,0.0
primary_total_co2,M2,BGR,climate_zone=C,geography,0.0
primary_total_co2,M2,HRV,climate_zone=C,geography,0.0
primary_total_co2,M2,CYP,climate_zone=C,geography,1.0
primary_total_co2,M2,CZE,climate_zone=C,geography,0.0
primary_total_co2,M2,DNK,climate_zone=C,geography,1.0
primary_total_co2,M2,EST,climate_zone=C,geography,0.0
primary_total_co2,M2,FIN,climate_zone=C,geography,0.0
primary_total_co2,M2,FRA,climate_zone=C,geography,1.0
primary_total_co2,M2,DEU,climate_zone=C,geography,1.0
primary_total_co2,M2,GRC,climate_zone=C,geography,1.0
primary_total_co2,M2,HUN,climate_zone=C,geography,0.0
primary_total_co2,M2,ISL,climate_zone=C,geography,0.0
primary_total_co2,M2,IRL,climate_zone=C,geography,1.0
primary_total_co2,M2,ITA,climate_zone=C,geography,1.0
primary_total_co2,M2,LVA,climate_zone=C,geography,0.0
primary_total_co2,M2,LTU,climate_zone=C,geography,0.0
primary_total_co2,M2,MKD,climate_zone=C,geography,0.0
primary_total_co2,M2,MDA,climate_zone=C,geography,0.0
primary_total_co2,M2,MNE,climate_zone=C,geography,0.0
primary_total_co2,M2,NLD,climate_zone=C,geography,1.0
primary_total_co2,M2,NOR,climate_zone=C,geography,0.0
primary_total_co2,M2,POL,climate_zone=C,geography,0.0
primary_total_co2,M2,PRT,climate_zone=C,geography,1.0
primary_total_co2,M2,ROU,climate_zone=C,geography,0.0
primary_total_co2,M2,RUS,climate_zone=C,geography,0.0
primary_total_co2,M2,SRB,climate_zone=C,geography,0.0
primary_total_co2,M2,SVK,climate_zone=C,geography,0.0
primary_total_co2,M2,SVN,climate_zone=C,geography,0.0
primary_total_co2,M2,ESP,climate_zone=C,geography,1.0
primary_total_co2,M2,SWE,climate_zone=C,geography,0.0
primary_total_co2,M2,CHE,climate_zone=C,geography,0.0
primary_total_co2,M2,UKR,climate_zone=C,geography,0.0
primary_total_co2,M2,GBR,climate_zone=C,geography,1.0
primary_total_co2,M2,BHS,climate_zone=C,geography,0.0
primary_total_co2,M2,CAN,climate_zone=C,geography,0.0
primary_total_co2,M2,CRI,climate_zone=C,geography,0.0
primary_total_co2,M2,CUB,climate_zone=C,geography,0.0
primary_total_co2,M2,DOM,climate_zone=C,geography,0.0
primary_total_co2,M2,SLV,climate_zone=C,geography,0.0
primary_total_co2,M2,GTM,climate_zone=C,geography,1.0
primary_total_co2,M2,HTI,climate_zone=C,geography,0.0
primary_total_co2,M2,HND,climate_zone=C,geography,0.0
primary_total_co2,M2,JAM,climate_zone=C,geography,0.0
primary_total_co2,M2,MEX,climate_zone=C,geography,1.0
primary_total_co2,M2,NIC,climate_zone=C,geography,0.0
primary_total_co2,M2,PAN,climate_zone=C,geography,0.0
primary_total_co2,M2,USA,climate_zone=C,geography,1.0
primary_total_co2,M2,AUS,climate_zone=C,geography,1.0
primary_total_co2,M2,NZL,climate_zone=C,geography,1.0
primary_total_co2,M2,PNG,climate_zone=C,geography,0.0
primary_total_co2,M2,ARG,climate_zone=C,geography,0.0
primary_total_co2,M2,BOL,climate_zone=C,geography,1.0
primary_total_co2,M2,BRA,climate_zone=C,geography,1.0
primary_total_co2,M2,CHL,climate_zone=C,geography,1.0
primary_total_co2,M2,COL,climate_zone=C,geography,0.0
primary_total_co2,M2,ECU,climate_zone=C,geography,0.0
primary_total_co2,M2,PRY,climate_zone=C,geography,0.0
primary_total_co2,M2,PER,climate_zone=C,geography,0.0
primary_total_co2,M2,SUR,climate_zone=C,geography,0.0
primary_total_co2,M2,URY,climate_zone=C,geography,1.0
primary_total_co2,M2,VEN,climate_zone=C,geography,0.0
primary_total_co2,M2,DZA,climate_zone=D,geography,0.0
primary_total_co2,M2,AGO,climate_zone=D,geography,0.0
primary_total_co2,M2,BEN,climate_zone=D,geography,0.0
primary_total_co2,M2,BWA,climate_zone=D,geography,0.0
primary_total_co2,M2,BFA,climate_zone=D,geography,0.0
primary_total_co2,M2,BDI,climate_zone=D,geography,0.0
primary_total_co2,M2,CMR,climate_zone=D,geography,0.0
primary_total_co2,M2,CAF,climate_zone=D,geography,0.0
primary_total_co2,M2,TCD,climate_zone=D,geography,0.0
primary_total_co2,M2,COG,climate_zone=D,geography,0.0
primary_total_co2,M2,COD,climate_zone=D,geography,0.0
primary_total_co2,M2,CIV,climate_zone=D,geography,0.0
primary_total_co2,M2,DJI,climate_zone=D,geography,0.0
primary_total_co2,M2,EGY,climate_zone=D,geography,0.0
primary_total_co2,M2,GNQ,climate_zone=D,geography,0.0
primary_total_co2,M2,ERI,climate_zone=D,geography,0.0
primary_total_co2,M2,ETH,climate_zone=D,geography,0.0
primary_total_co2,M2,GAB,climate_zone=D,geography,0.0
primary_total_co2,M2,GHA,climate_zone=D,geography,0.0
primary_total_co2,M2,GIN,climate_zone=D,geography,0.0
primary_total_co2,M2,GNB,climate_zone=D,geography,0.0
primary_total_co2,M2,KEN,climate_zone=D,geography,0.0
primary_total_co2,M2,LSO,climate_zone=D,geography,0.0
primary_total_co2,M2,LBR,climate_zone=D,geography,0.0
primary_total_co2,M2,LBY,climate_zone=D,geography,0.0
primary_total_co2,M2,MDG,climate_zone=D,geography,0.0
primary_total_co2,M2,MWI,climate_zone=D,geography,0.0
primary_total_co2,M2,MLI,climate_zone=D,geography,0.0
primary_total_co2,M2,MRT,climate_zone=D,geography,0.0
primary_total_co2,M2,MAR,climate_zone=D,geography,0.0
primary_total_co2,M2,MOZ,climate_zone=D,geography,0.0
primary_total_co2,M2,NAM,climate_zone=D,geography,0.0
primary_total_co2,M2,NER,climate_zone=D,geography,0.0
primary_total_co2,M2,NGA,climate_zone=D,geography,0.0
primary_total_co2,M2,RWA,climate_zone=D,geography,0.0
primary_total_co2,M2,SEN,climate_zone=D,geography,0.0
primary_total_co2,M2,SLE,climate_zone=D,geography,0.0
primary_total_co2,M2,SOM,climate_zone=D,geography,0.0
primary_total_co2,M2,ZAF,climate_zone=D,geography,0.0
primary_total_co2,M2,SDN,climate_zone=D,geography,0.0
primary_total_co2,M2,SWZ,climate_zone=D,geography,0.0
primary_total_co2,M2,TZA,climate_zone=D,geography,0.0
primary_total_co2,M2,TGO,climate_zone=D,geography,0.0
primary_total_co2,M2,TUN,climate_zone=D,geography,0.0
primary_total_co2,M2,UGA,climate_zone=D,geography,0.0
primary_total_co2,M2,ZMB,climate_zone=D,geography,0.0
primary_total_co2,M2,ZWE,climate_zone=D,geography,0.0
primary_total_co2,M2,AFG,climate_zone=D,geography,0.0
primary_total_co2,M2,ARM,climate_zone=D,geography,1.0
primary_total_co2,M2,AZE,climate_zone=D,geography,1.0
primary_total_co2,M2,BGD,climate_zone=D,geography,0.0
primary_total_co2,M2,MMR,climate_zone=D,geography,0.0
primary_total_co2,M2,KHM,climate_zone=D,geography,0.0
primary_total_co2,M2,CHN,climate_zone=D,geography,0.0
primary_total_co2,M2,GEO,climate_zone=D,geography,1.0
primary_total_co2,M2,IND,climate_zone=D,geography,0.0
primary_total_co2,M2,IDN,climate_zone=D,geography,0.0
primary_total_co2,M2,IRN,climate_zone=D,geography,0.0
primary_total_co2,M2,IRQ,climate_zone=D,geography,0.0
primary_total_co2,M2,ISR,climate_zone=D,geography,0.0
primary_total_co2,M2,JPN,climate_zone=D,geography,0.0
primary_total_co2,M2,JOR,climate_zone=D,geography,0.0
primary_total_co2,M2,KAZ,climate_zone=D,geography,0.0
primary_total_co2,M2,LAO,climate_zone=D,geography,0.0
primary_total_co2,M2,LBN,climate_zone=D,geography,0.0
primary_total_co2,M2,MYS,climate_zone=D,geography,0.0
primary_total_co2,M2,MNG,climate_zone=D,geography,0.0
primary_total_co2,M2,NPL,climate_zone=D,geography,0.0
primary_total_co2,M2,OMN,climate_zone=D,geography,0.0
primary_total_co2,M2,PAK,climate_zone=D,geography,0.0
primary_total_co2,M2,PHL,climate_zone=D,geography,0.0
primary_total_co2,M2,QAT,climate_zone=D,geography,0.0
primary_total_co2,M2,SAU,climate_zone=D,geography,0.0
primary_total_co2,M2,KOR,climate_zone=D,geography,1.0
primary_total_co2,M2,LKA,climate_zone=D,geography,0.0
primary_total_co2,M2,SYR,climate_zone=D,geography,0.0
primary_total_co2,M2,TWN,climate_zone=D,geography,0.0
primary_total_co2,M2,TJK,climate_zone=D,geography,1.0
primary_total_co2,M2,THA,climate_zone=D,geography,0.0
primary_total_co2,M2,TUR,climate_zone=D,geography,0.0
primary_total_co2,M2,TKM,climate_zone=D,geography,0.0
primary_total_co2,M2,ARE,climate_zone=D,geography,0.0
primary_total_co2,M2,UZB,climate_zone=D,geography,0.0
primary_total_co2,M2,VNM,climate_zone=D,geography,0.0
primary_total_co2,M2,YEM,climate_zone=D,geography,0.0
primary_total_co2,M2,ALB,climate_zone=D,geography,0.0
primary_total_co2,M2,AUT,climate_zone=D,geography,1.0
primary_total_co2,M2,BLR,climate_zone=D,geography,1.0
primary_total_co2,M2,BEL,climate_zone=D,geography,0.0
primary_total_co2,M2,BIH,climate_zone=D,geography,1.0
primary_total_co2,M2,BGR,climate_zone=D,geography,1.0
primary_total_co2,M2,HRV,climate_zone=D,geography,1.0
primary_total_co2,M2,CYP,climate_zone=D,geography,0.0
primary_total_co2,M2,CZE,climate_zone=D,geography,1.0
primary_total_co2,M2,DNK,climate_zone=D,geography,0.0
primary_total_co2,M2,EST,climate_zone=D,geography,1.0
primary_total_co2,M2,FIN,climate_zone=D,geography,1.0
primary_total_co2,M2,FRA,climate_zone=D,geography,0.0
primary_total_co2,M2,DEU,climate_zone=D,geography,0.0
primary_total_co2,M2,GRC,climate_zone=D,geography,0.0
primary_total_co2,M2,HUN,climate_zone=D,geography,1.0
primary_total_co2,M2,ISL,climate_zone=D,geography,0.0
primary_total_co2,M2,IRL,climate_zone=D,geography,0.0
primary_total_co2,M2,ITA,climate_zone=D,geography,0.0
primary_total_co2,M2,LVA,climate_zone=D,geography,1.0
primary_total_co2,M2,LTU,climate_zone=D,geography,1.0
primary_total_co2,M2,MKD,climate_zone=D,geography,1.0
primary_total_co2,M2,MDA,climate_zone=D,geography,1.0
primary_total_co2,M2,MNE,climate_zone=D,geography,1.0
primary_total_co2,M2,NLD,climate_zone=D,geography,0.0
primary_total_co2,M2,NOR,climate_zone=D,geography,1.0
primary_total_co2,M2,POL,climate_zone=D,geography,1.0
primary_total_co2,M2,PRT,climate_zone=D,geography,0.0
primary_total_co2,M2,ROU,climate_zone=D,geography,1.0
primary_total_co2,M2,RUS,climate_zone=D,geography,1.0
primary_total_co2,M2,SRB,climate_zone=D,geography,1.0
primary_total_co2,M2,SVK,climate_zone=D,geography,1.0
primary_total_co2,M2,SVN,climate_zone=D,geography,1.0
primary_total_co2,M2,ESP,climate_zone=D,geography,0.0
primary_total_co2,M2,SWE,climate_zone=D,geography,1.0
primary_total_co2,M2,CHE,climate_zone=D,geography,1.0
primary_total_co2,M2,UKR,climate_zone=D,geography,1.0
primary_total_co2,M2,GBR,climate_zone=D,geography,0.0
primary_total_co2,M2,BHS,climate_zone=D,geography,0.0
primary_total_co2,M2,CAN,climate_zone=D,geography,1.0
primary_total_co2,M2,CRI,climate_zone=D,geography,0.0
primary_total_co2,M2,CUB,climate_zone=D,geography,0.0
primary_total_co2,M2,DOM,climate_zone=D,geography,0.0
primary_total_co2,M2,SLV,climate_zone=D,geography,0.0
primary_total_co2,M2,GTM,climate_zone=D,geography,0.0
primary_total_co2,M2,HTI,climate_zone=D,geography,0.0
primary_total_co2,M2,HND,climate_zone=D,geography,0.0
primary_total_co2,M2,JAM,climate_zone=D,geography,0.0
primary_total_co2,M2,MEX,climate_zone=D,geography,0.0
primary_total_co2,M2,NIC,climate_zone=D,geography,0.0
primary_total_co2,M2,PAN,climate_zone=D,geography,0.0
primary_total_co2,M2,USA,climate_zone=D,geography,0.0
primary_total_co2,M2,AUS,climate_zone=D,geography,0.0
primary_total_co2,M2,NZL,climate_zone=D,geography,0.0
primary_total_co2,M2,PNG,climate_zone=D,geography,0.0
primary_total_co2,M2,ARG,climate_zone=D,geography,0.0
primary_total_co2,M2,BOL,climate_zone=D,geography,0.0
primary_total_co2,M2,BRA,climate_zone=D,geography,0.0
primary_total_co2,M2,CHL,climate_zone=D,geography,0.0
primary_total_co2,M2,COL,climate_zone=D,geography,0.0
primary_total_co2,M2,ECU,climate_zone=D,geography,0.0
primary_total_co2,M2,PRY,climate_zone=D,geography,0.0
primary_total_co2,M2,PER,climate_zone=D,geography,0.0
primary_total_co2,M2,SUR,climate_zone=D,geography,0.0
primary_total_co2,M2,URY,climate_zone=D,geography,0.0
primary_total_co2,M2,VEN,climate_zone=D,geography,0.0
primary_total_co2,M2,DZA,climate_zone=E,geography,0.0
primary_total_co2,M2,AGO,climate_zone=E,geography,0.0
primary_total_co2,M2,BEN,climate_zone=E,geography,0.0
primary_total_co2,M2,BWA,climate_zone=E,geography,0.0
primary_total_co2,M2,BFA,climate_zone=E,geography,0.0
primary_total_co2,M2,BDI,climate_zone=E,geography,0.0
primary_total_co2,M2,CMR,climate_zone=E,geography,0.0
primary_total_co2,M2,CAF,climate_zone=E,geography,0.0
primary_total_co2,M2,TCD,climate_zone=E,geography,0.0
primary_total_co2,M2,COG,climate_zone=E,geography,0.0
primary_total_co2,M2,COD,climate_zone=E,geography,0.0
primary_total_co2,M2,CIV,climate_zone=E,geography,0.0
primary_total_co2,M2,DJI,climate_zone=E,geography,0.0
primary_total_co2,M2,EGY,climate_zone=E,geography,0.0
primary_total_co2,M2,GNQ,climate_zone=E,geography,0.0
primary_total_co2,M2,ERI,climate_zone=E,geography,0.0
primary_total_co2,M2,ETH,climate_zone=E,geography,0.0
primary_total_co2,M2,GAB,climate_zone=E,geography,0.0
primary_total_co2,M2,GHA,climate_zone=E,geography,0.0
primary_total_co2,M2,GIN,climate_zone=E,geography,0.0
primary_total_co2,M2,GNB,climate_zone=E,geography,0.0
primary_total_co2,M2,KEN,climate_zone=E,geography,0.0
primary_total_co2,M2,LSO,climate_zone=E,geography,0.0
primary_total_co2,M2,LBR,climate_zone=E,geography,0.0
primary_total_co2,M2,LBY,climate_zone=E,geography,0.0
primary_total_co2,M2,MDG,climate_zone=E,geography,0.0
primary_total_co2,M2,MWI,climate_zone=E,geography,0.0
primary_total_co2,M2,MLI,climate_zone=E,geography,0.0
primary_total_co2,M2,MRT,climate_zone=E,geography,0.0
primary_total_co2,M2,MAR,climate_zone=E,geography,0.0
primary_total_co2,M2,MOZ,climate_zone=E,geography,0.0
primary_total_co2,M2,NAM,climate_zone=E,geography,0.0
primary_total_co2,M2,NER,climate_zone=E,geography,0.0
primary_total_co2,M2,NGA,climate_zone=E,geography,0.0
primary_total_co2,M2,RWA,climate_zone=E,geography,0.0
primary_total_co2,M2,SEN,climate_zone=E,geography,0.0
primary_total_co2,M2,SLE,climate_zone=E,geography,0.0
primary_total_co2,M2,SOM,climate_zone=E,geography,0.0
primary_total_co2,M2,ZAF,climate_zone=E,geography,0.0
primary_total_co2,M2,SDN,climate_zone=E,geography,0.0
primary_total_co2,M2,SWZ,climate_zone=E,geography,0.0
primary_total_co2,M2,TZA,climate_zone=E,geography,0.0
primary_total_co2,M2,TGO,climate_zone=E,geography,0.0
primary_total_co2,M2,TUN,climate_zone=E,geography,0.0
primary_total_co2,M2,UGA,climate_zone=E,geography,0.0
primary_total_co2,M2,ZMB,climate_zone=E,geography,0.0
primary_total_co2,M2,ZWE,climate_zone=E,geography,0.0
primary_total_co2,M2,AFG,climate_zone=E,geography,0.0
primary_total_co2,M2,ARM,climate_zone=E,geography,0.0
primary_total_co2,M2,AZE,climate_zone=E,geography,0.0
primary_total_co2,M2,BGD,climate_zone=E,geography,0.0
primary_total_co2,M2,MMR,climate_zone=E,geography,0.0
primary_total_co2,M2,KHM,climate_zone=E,geography,0.0
primary_total_co2,M2,CHN,climate_zone=E,geography,0.0
primary_total_co2,M2,GEO,climate_zone=E,geography,0.0
primary_total_co2,M2,IND,climate_zone=E,geography,0.0
primary_total_co2,M2,IDN,climate_zone=E,geography,0.0
primary_total_co2,M2,IRN,climate_zone=E,geography,0.0
primary_total_co2,M2,IRQ,climate_zone=E,geography,0.0
primary_total_co2,M2,ISR,climate_zone=E,geography,0.0
primary_total_co2,M2,JPN,climate_zone=E,geography,0.0
primary_total_co2,M2,JOR,climate_zone=E,geography,0.0
primary_total_co2,M2,KAZ,climate_zone=E,geography,0.0
primary_total_co2,M2,LAO,climate_zone=E,geography,0.0
primary_total_co2,M2,LBN,climate_zone=E,geography,0.0
primary_total_co2,M2,MYS,climate_zone=E,geography,0.0
primary_total_co2,M2,MNG,climate_zone=E,geography,0.0
primary_total_co2,M2,NPL,climate_zone=E,geography,0.0
primary_total_co2,M2,OMN,climate_zone=E,geography,0.0
primary_total_co2,M2,PAK,climate_zone=E,geography,0.0
primary_total_co2,M2,PHL,climate_zone=E,geography,0.0
primary_total_co2,M2,QAT,climate_zone=E,geography,0.0
primary_total_co2,M2,SAU,climate_zone=E,geography,0.0
primary_total_co2,M2,KOR,climate_zone=E,geography,0.0
primary_total_co2,M2,LKA,climate_zone=E,geography,0.0
primary_total_co2,M2,SYR,climate_zone=E,geography,0.0
primary_total_co2,M2,TWN,climate_zone=E,geography,0.0
primary_total_co2,M2,TJK,climate_zone=E,geography,0.0
primary_total_co2,M2,THA,climate_zone=E,geography,0.0
primary_total_co2,M2,TUR,climate_zone=E,geography,0.0
primary_total_co2,M2,TKM,climate_zone=E,geography,0.0
primary_total_co2,M2,ARE,climate_zone=E,geography,0.0
primary_total_co2,M2,UZB,climate_zone=E,geography,0.0
primary_total_co2,M2,VNM,climate_zone=E,geography,0.0
primary_total_co2,M2,YEM,climate_zone=E,geography,0.0
primary_total_co2,M2,ALB,climate_zone=E,geography,0.0
primary_total_co2,M2,AUT,climate_zone=E,geography,0.0
primary_total_co2,M2,BLR,climate_zone=E,geography,0.0
primary_total_co2,M2,BEL,climate_zone=E,geography,0.0
primary_total_co2,M2,BIH,climate_zone=E,geography,0.0
primary_total_co2,M2,BGR,climate_zone=E,geography,0.0
primary_total_co2,M2,HRV,climate_zone=E,geography,0.0
primary_total_co2,M2,CYP,climate_zone=E,geography,0.0
primary_total_co2,M2,CZE,climate_zone=E,geography,0.0
primary_total_co2,M2,DNK,climate_zone=E,geography,0.0
primary_total_co2,M2,EST,climate_zone=E,geography,0.0
primary_total_co2,M2,FIN,climate_zone=E,geography,0.0
primary_total_co2,M2,FRA,climate_zone=E,geography,0.0
primary_total_co2,M2,DEU,climate_zone=E,geography,0.0
primary_total_co2,M2,GRC,climate_zone=E,geography,0.0
primary_total_co2,M2,HUN,climate_zone=E,geography,0.0
primary_total_co2,M2,ISL,climate_zone=E,geography,1.0
primary_total_co2,M2,IRL,climate_zone=E,geography,0.0
primary_total_co2,M2,ITA,climate_zone=E,geography,0.0
primary_total_co2,M2,LVA,climate_zone=E,geography,0.0
primary_total_co2,M2,LTU,climate_zone=E,geography,0.0
primary_total_co2,M2,MKD,climate_zone=E,geography,0.0
primary_total_co2,M2,MDA,climate_zone=E,geography,0.0
primary_total_co2,M2,MNE,climate_zone=E,geography,0.0
primary_total_co2,M2,NLD,climate_zone=E,geography,0.0
primary_total_co2,M2,NOR,climate_zone=E,geography,0.0
primary_total_co2,M2,POL,climate_zone=E,geography,0.0
primary_total_co2,M2,PRT,climate_zone=E,geography,0.0
primary_total_co2,M2,ROU,climate_zone=E,geography,0.0
primary_total_co2,M2,RUS,climate_zone=E,geography,0.0
primary_total_co2,M2,SRB,climate_zone=E,geography,0.0
primary_total_co2,M2,SVK,climate_zone=E,geography,0.0
primary_total_co2,M2,SVN,climate_zone=E,geography,0.0
primary_total_co2,M2,ESP,climate_zone=E,geography,0.0
primary_total_co2,M2,SWE,climate_zone=E,geography,0.0
primary_total_co2,M2,CHE,climate_zone=E,geography,0.0
primary_total_co2,M2,UKR,climate_zone=E,geography,0.0
primary_total_co2,M2,GBR,climate_zone=E,geography,0.0
primary_total_co2,M2,BHS,climate_zone=E,geography,0.0
primary_total_co2,M2,CAN,climate_zone=E,geography,0.0
primary_total_co2,M2,CRI,climate_zone=E,geography,0.0
primary_total_co2,M2,CUB,climate_zone=E,geography,0.0
primary_total_co2,M2,DOM,climate_zone=E,geography,0.0
primary_total_co2,M2,SLV,climate_zone=E,geography,0.0
primary_total_co2,M2,GTM,climate_zone=E,geography,0.0
primary_total_co2,M2,HTI,climate_zone=E,geography,0.0
primary_total_co2,M2,HND,climate_zone=E,geography,0.0
primary_total_co2,M2,JAM,climate_zone=E,geography,0.0
primary_total_co2,M2,MEX,climate_zone=E,geography,0.0
primary_total_co2,M2,NIC,climate_zone=E,geography,0.0
primary_total_co2,M2,PAN,climate_zone=E,geography,0.0
primary_total_co2,M2,USA,climate_zone=E,geography,0.0
primary_total_co2,M2,AUS,climate_zone=E,geography,0.0
primary_total_co2,M2,NZL,climate_zone=E,geography,0.0
primary_total_co2,M2,PNG,climate_zone=E,geography,0.0
primary_total_co2,M2,ARG,climate_zone=E,geography,0.0
primary_total_co2,M2,BOL,climate_zone=E,geography,0.0
primary_total_co2,M2,BRA,climate_zone=E,geography,0.0
primary_total_co2,M2,CHL,climate_zone=E,geography,0.0
primary_total_co2,M2,COL,climate_zone=E,geography,0.0
primary_total_co2,M2,ECU,climate_zone=E,geography,0.0
primary_total_co2,M2,PRY,climate_zone=E,geography,0.0
primary_total_co2,M2,PER,climate_zone=E,geography,0.0
primary_total_co2,M2,SUR,climate_zone=E,geography,0.0
primary_total_co2,M2,URY,climate_zone=E,geography,0.0
primary_total_co2,M2,VEN,climate_zone=E,geography,0.0
primary_total_co2,M2,DZA,hemisphere=S,geography,0.0
primary_total_co2,M2,AGO,hemisphere=S,geography,1.0
primary_total_co2,M2,BEN,hemisphere=S,geography,0.0
primary_total_co2,M2,BWA,hemisphere=S,geography,1.0
primary_total_co2,M2,BFA,hemisphere=S,geography,0.0
primary_total_co2,M2,BDI,hemisphere=S,geography,1.0
primary_total_co2,M2,CMR,hemisphere=S,geography,0.0
primary_total_co2,M2,CAF,hemisphere=S,geography,0.0
primary_total_co2,M2,TCD,hemisphere=S,geography,0.0
primary_total_co2,M2,COG,hemisphere=S,geography,1.0
primary_total_co2,M2,COD,hemisphere=S,geography,1.0
primary_total_co2,M2,CIV,hemisphere=S,geography,0.0
primary_total_co2,M2,DJI,hemisphere=S,geography,0.0
primary_total_co2,M2,EGY,hemisphere=S,geography,0.0
primary_total_co2,M2,GNQ,hemisphere=S,geography,0.0
primary_total_co2,M2,ERI,hemisphere=S,geography,0.0
primary_total_co2,M2,ETH,hemisphere=S,geography,0.0
primary_total_co2,M2,GAB,hemisphere=S,geography,0.0
primary_total_co2,M2,GHA,hemisphere=S,geography,0.0
primary_total_co2,M2,GIN,hemisphere=S,geography,0.0
primary_total_co2,M2,GNB,hemisphere=S,geography,0.0
primary_total_co2,M2,KEN,hemisphere=S,geography,1.0
primary_total_co2,M2,LSO,hemisphere=S,geography,1.0
primary_total_co2,M2,LBR,hemisphere=S,geography,0.0
primary_total_co2,M2,LBY,hemisphere=S,geography,0.0
primary_total_co2,M2,MDG,hemisphere=S,geography,1.0
primary_total_co2,M2,MWI,hemisphere=S,geography,1.0
primary_total_co2,M2,MLI,hemisphere=S,geography,0.0
primary_total_co2,M2,MRT,hemisphere=S,geography,0.0
primary_total_co2,M2,MAR,hemisphere=S,geography,0.0
primary_total_co2,M2,MOZ,hemisphere=S,geography,1.0
primary_total_co2,M2,NAM,hemisphere=S,geography,1.0
primary_total_co2,M2,NER,hemisphere=S,geography,0.0
primary_total_co2,M2,NGA,hemisphere=S,geography,0.0
primary_total_co2,M2,RWA,hemisphere=S,geography,1.0
primary_total_co2,M2,SEN,hemisphere=S,geography,0.0
primary_total_co2,M2,SLE,hemisphere=S,geography,0.0
primary_total_co2,M2,SOM,hemisphere=S,geography,0.0
primary_total_co2,M2,ZAF,hemisphere=S,geography,1.0
primary_total_co2,M2,SDN,hemisphere=S,geography,0.0
primary_total_co2,M2,SWZ,hemisphere=S,geography,1.0
primary_total_co2,M2,TZA,hemisphere=S,geography,1.0
primary_total_co2,M2,TGO,hemisphere=S,geography,0.0
primary_total_co2,M2,TUN,hemisphere=S,geography,0.0
primary_total_co2,M2,UGA,hemisphere=S,geography,0.0
primary_total_co2,M2,ZMB,hemisphere=S,geography,1.0
primary_total_co2,M2,ZWE,hemisphere=S,geography,1.0
primary_total_co2,M2,AFG,hemisphere=S,geography,0.0
primary_total_co2,M2,ARM,hemisphere=S,geography,0.0
primary_total_co2,M2,AZE,hemisphere=S,geography,0.0
primary_total_co2,M2,BGD,hemisphere=S,geography,0.0
primary_total_co2,M2,MMR,hemisphere=S,geography,0.0
primary_total_co2,M2,KHM,hemisphere=S,geography,0.0
primary_total_co2,M2,CHN,hemisphere=S,geography,0.0
primary_total_co2,M2,GEO,hemisphere=S,geography,0.0
primary_total_co2,M2,IND,hemisphere=S,geography,0.0
primary_total_co2,M2,IDN,hemisphere=S,geography,1.0
primary_total_co2,M2,IRN,hemisphere=S,geography,0.0
primary_total_co2,M2,IRQ,hemisphere=S,geography,0.0
primary_total_co2,M2,ISR,hemisphere=S,geography,0.0
primary_total_co2,M2,JPN,hemisphere=S,geography,0.0
primary_total_co2,M2,JOR,hemisphere=S,geography,0.0
primary_total_co2,M2,KAZ,hemisphere=S,geography,0.0
primary_total_co2,M2,LAO,hemisphere=S,geography,0.0
primary_total_co2,M2,LBN,hemisphere=S,geography,0.0
primary_total_co2,M2,MYS,hemisphere=S,geography,0.0
primary_total_co2,M2,MNG,hemisphere=S,geography,0.0
primary_total_co2,M2,NPL,hemisphere=S,geography,0.0
primary_total_co2,M2,OMN,hemisphere=S,geography,0.0
primary_total_co2,M2,PAK,hemisphere=S,geography,0.0
primary_total_co2,M2,PHL,hemisphere=S,geography,0.0
primary_total_co2,M2,QAT,hemisphere=S,geography,0.0
primary_total_co2,M2,SAU,hemisphere=S,geography,0.0
primary_total_co2,M2,KOR,hemisphere=S,geography,0.0
primary_total_co2,M2,LKA,hemisphere=S,geography,0.0
primary_total_co2,M2,SYR,hemisphere=S,geography,0.0
primary_total_co2,M2,TWN,hemisphere=S,geography,0.0
primary_total_co2,M2,TJK,hemisphere=S,geography,0.0
primary_total_co2,M2,THA,hemisphere=S,geography,0.0
primary_total_co2,M2,TUR,hemisphere=S,geography,0.0
primary_total_co2,M2,TKM,hemisphere=S,geography,0.0
primary_total_co2,M2,ARE,hemisphere=S,geography,0.0
primary_total_co2,M2,UZB,hemisphere=S,geography,0.0
primary_total_co2,M2,VNM,hemisphere=S,geography,0.0
primary_total_co2,M2,YEM,hemisphere=S,geography,0.0
primary_total_co2,M2,ALB,hemisphere=S,geography,0.0
primary_total_co2,M2,AUT,hemisphere=S,geography,0.0
primary_total_co2,M2,BLR,hemisphere=S,geography,0.0
primary_total_co2,M2,BEL,hemisphere=S,geography,0.0
primary_total_co2,M2,BIH,hemisphere=S,geography,0.0
primary_total_co2,M2,BGR,hemisphere=S,geography,0.0
primary_total_co2,M2,HRV,hemisphere=S,geography,0.0
primary_total_co2,M2,CYP,hemisphere=S,geography,0.0
primary_total_co2,M2,CZE,hemisphere=S,geography,0.0
primary_total_co2,M2,DNK,hemisphere=S,geography,0.0
primary_total_co2,M2,EST,hemisphere=S,geography,0.0
primary_total_co2,M2,FIN,hemisphere=S,geography,0.0
primary_total_co2,M2,FRA,hemisphere=S,geography,0.0
primary_total_co2,M2,DEU,hemisphere=S,geography,0.0
primary_total_co2,M2,GRC,hemisphere=S,geography,0.0
primary_total_co2,M2,HUN,hemisphere=S,geography,0.0
primary_total_co2,M2,ISL,hemisphere=S,geography,0.0
primary_total_co2,M2,IRL,hemisphere=S,geography,0.0
primary_total_co2,M2,ITA,hemisphere=S,geography,0.0
primary_total_co2,M2,LVA,hemisphere=S,geography,0.0
primary_total_co2,M2,LTU,hemisphere=S,geography,0.0
primary_total_co2,M2,MKD,hemisphere=S,geography,0.0
primary_total_co2,M2,MDA,hemisphere=S,geography,0.0
primary_total_co2,M2,MNE,hemisphere=S,geography,0.0
primary_total_co2,M2,NLD,hemisphere=S,geography,0.0
primary_total_co2,M2,NOR,hemisphere=S,geography,0.0
primary_total_co2,M2,POL,hemisphere=S,geography,0.0
primary_total_co2,M2,PRT,hemisphere=S,geography,0.0
primary_total_co2,M2,ROU,hemisphere=S,geography,0.0
primary_total_co2,M2,RUS,hemisphere=S,geography,0.0
primary_total_co2,M2,SRB,hemisphere=S,geography,0.0
primary_total_co2,M2,SVK,hemisphere=S,geography,0.0
primary_total_co2,M2,SVN,hemisphere=S,geography,0.0
primary_total_co2,M2,ESP,hemisphere=S,geography,0.0
primary_total_co2,M2,SWE,hemisphere=S,geography,0.0
primary_total_co2,M2,CHE,hemisphere=S,geography,0.0
primary_total_co2,M2,UKR,hemisphere=S,geography,0.0
primary_total_co2,M2,GBR,hemisphere=S,geography,0.0
primary_total_co2,M2,BHS,hemisphere=S,geography,0.0
primary_total_co2,M2,CAN,hemisphere=S,geography,0.0
primary_total_co2,M2,CRI,hemisphere=S,geography,0.0
primary_total_co2,M2,CUB,hemisphere=S,geography,0.0
primary_total_co2,M2,DOM,hemisphere=S,geography,0.0
primary_total_co2,M2,SLV,hemisphere=S,geography,0.0
primary_total_co2,M2,GTM,hemisphere=S,geography,0.0
primary_total_co2,M2,HTI,hemisphere=S,geography,0.0
primary_total_co2,M2,HND,hemisphere=S,geography,0.0
primary_total_co2,M2,JAM,hemisphere=S,geography,0.0
primary_total_co2,M2,MEX,hemisphere=S,geography,0.0
primary_total_co2,M2,NIC,hemisphere=S,geography,0.0
primary_total_co2,M2,PAN,hemisphere=S,geography,0.0
primary_total_co2,M2,USA,hemisphere=S,geography,0.0
primary_total_co2,M2,AUS,hemisphere=S,geography,1.0
primary_total_co2,M2,NZL,hemisphere=S,geography,1.0
primary_total_co2,M2,PNG,hemisphere=S,geography,1.0
primary_total_co2,M2,ARG,hemisphere=S,geography,1.0
primary_total_co2,M2,BOL,hemisphere=S,geography,1.0
primary_total_co2,M2,BRA,hemisphere=S,geography,1.0
primary_total_co2,M2,CHL,hemisphere=S,geography,1.0
primary_total_co2,M2,COL,hemisphere=S,geography,0.0
primary_total_co2,M2,ECU,hemisphere=S,geography,1.0
primary_total_co2,M2,PRY,hemisphere=S,geography,1.0
primary_total_co2,M2,PER,hemisphere=S,geography,1.0
primary_total_co2,M2,SUR,hemisphere=S,geography,0.0
primary_total_co2,M2,URY,hemisphere=S,geography,1.0
primary_total_co2,M2,VEN,hemisphere=S,geography,0.0
primary_total_co2,M2,DZA,spatial_block=Asia,geography,0.0
primary_total_co2,M2,AGO,spatial_block=Asia,geography,0.0
primary_total_co2,M2,BEN,spatial_block=Asia,geography,0.0
primary_total_co2,M2,BWA,spatial_block=Asia,geography,0.0
primary_total_co2,M2,BFA,spatial_block=Asia,geography,0.0
primary_total_co2,M2,BDI,spatial_block=Asia,geography,0.0
primary_total_co2,M2,CMR,spatial_block=Asia,geography,0.0
primary_total_co2,M2,CAF,spatial_block=Asia,geography,0.0
primary_total_co2,M2,TCD,spatial_block=Asia,geography,0.0
primary_total_co2,M2,COG,spatial_block=Asia,geography,0.0
primary_total_co2,M2,COD,spatial_block=Asia,geography,0.0
primary_total_co2,M2,CIV,spatial_block=Asia,geography,0.0
primary_total_co2,M2,DJI,spatial_block=Asia,geography,0.0
primary_total_co2,M2,EGY,spatial_block=Asia,geography,0.0
primary_total_co2,M2,GNQ,spatial_block=Asia,geography,0.0
primary_total_co2,M2,ERI,spatial_block=Asia,geography,0.0
primary_total_co2,M2,ETH,spatial_block=Asia,geography,0.0
primary_total_co2,M2,GAB,spatial_block=Asia,geography,0.0
primary_total_co2,M2,GHA,spatial_block=Asia,geography,0.0
primary_total_co2,M2,GIN,spatial_block=Asia,geography,0.0
primary_total_co2,M2,GNB,spatial_block=Asia,geography,0.0
primary_total_co2,M2,KEN,spatial_block=Asia,geography,0.0
primary_total_co2,M2,LSO,spatial_block=Asia,geography,0.0
primary_total_co2,M2,LBR,spatial_block=Asia,geography,0.0
primary_total_co2,M2,LBY,spatial_block=Asia,geography,0.0
primary_total_co2,M2,MDG,spatial_block=Asia,geography,0.0
primary_total_co2,M2,MWI,spatial_block=Asia,geography,0.0
primary_total_co2,M2,MLI,spatial_block=Asia,geography,0.0
primary_total_co2,M2,MRT,spatial_block=Asia,geography,0.0
primary_total_co2,M2,MAR,spatial_block=Asia,geography,0.0
primary_total_co2,M2,MOZ,spatial_block=Asia,geography,0.0
primary_total_co2,M2,NAM,spatial_block=Asia,geography,0.0
primary_total_co2,M2,NER,spatial_block=Asia,geography,0.0
primary_total_co2,M2,NGA,spatial_block=Asia,geography,0.0
primary_total_co2,M2,RWA,spatial_block=Asia,geography,0.0
primary_total_co2,M2,SEN,spatial_block=Asia,geography,0.0
primary_total_co2,M2,SLE,spatial_block=Asia,geography,0.0
primary_total_co2,M2,SOM,spatial_block=Asia,geography,0.0
primary_total_co2,M2,ZAF,spatial_block=Asia,geography,0.0
primary_total_co2,M2,SDN,spatial_block=Asia,geography,0.0
primary_total_co2,M2,SWZ,spatial_block=Asia,geography,0.0
primary_total_co2,M2,TZA,spatial_block=Asia,geography,0.0
primary_total_co2,M2,TGO,spatial_block=Asia,geography,0.0
primary_total_co2,M2,TUN,spatial_block=Asia,geography,0.0
primary_total_co2,M2,UGA,spatial_block=Asia,geography,0.0
primary_total_co2,M2,ZMB,spatial_block=Asia,geography,0.0
primary_total_co2,M2,ZWE,spatial_block=Asia,geography,0.0
primary_total_co2,M2,AFG,spatial_block=Asia,geography,1.0
primary_total_co2,M2,ARM,spatial_block=Asia,geography,1.0
primary_total_co2,M2,AZE,spatial_block=Asia,geography,1.0
primary_total_co2,M2,BGD,spatial_block=Asia,geography,1.0
primary_total_co2,M2,MMR,spatial_block=Asia,geography,1.0
primary_total_co2,M2,KHM,spatial_block=Asia,geography,1.0
primary_total_co2,M2,CHN,spatial_block=Asia,geography,1.0
primary_total_co2,M2,GEO,spatial_block=Asia,geography,1.0
primary_total_co2,M2,IND,spatial_block=Asia,geography,1.0
primary_total_co2,M2,IDN,spatial_block=Asia,geography,1.0
primary_total_co2,M2,IRN,spatial_block=Asia,geography,1.0
primary_total_co2,M2,IRQ,spatial_block=Asia,geography,1.0
primary_total_co2,M2,ISR,spatial_block=Asia,geography,1.0
primary_total_co2,M2,JPN,spatial_block=Asia,geography,1.0
primary_total_co2,M2,JOR,spatial_block=Asia,geography,1.0
primary_total_co2,M2,KAZ,spatial_block=Asia,geography,1.0
primary_total_co2,M2,LAO,spatial_block=Asia,geography,1.0
primary_total_co2,M2,LBN,spatial_block=Asia,geography,1.0
primary_total_co2,M2,MYS,spatial_block=Asia,geography,1.0
primary_total_co2,M2,MNG,spatial_block=Asia,geography,1.0
primary_total_co2,M2,NPL,spatial_block=Asia,geography,1.0
primary_total_co2,M2,OMN,spatial_block=Asia,geography,1.0
primary_total_co2,M2,PAK,spatial_block=Asia,geography,1.0
primary_total_co2,M2,PHL,spatial_block=Asia,geography,1.0
primary_total_co2,M2,QAT,spatial_block=Asia,geography,1.0
primary_total_co2,M2,SAU,spatial_block=Asia,geography,1.0
primary_total_co2,M2,KOR,spatial_block=Asia,geography,1.0
primary_total_co2,M2,LKA,spatial_block=Asia,geography,1.0
primary_total_co2,M2,SYR,spatial_block=Asia,geography,1.0
primary_total_co2,M2,TWN,spatial_block=Asia,geography,1.0
primary_total_co2,M2,TJK,spatial_block=Asia,geography,1.0
primary_total_co2,M2,THA,spatial_block=Asia,geography,1.0
primary_total_co2,M2,TUR,spatial_block=Asia,geography,1.0
primary_total_co2,M2,TKM,spatial_block=Asia,geography,1.0
primary_total_co2,M2,ARE,spatial_block=Asia,geography,1.0
primary_total_co2,M2,UZB,spatial_block=Asia,geography,1.0
primary_total_co2,M2,VNM,spatial_block=Asia,geography,1.0
primary_total_co2,M2,YEM,spatial_block=Asia,geography,1.0
primary_total_co2,M2,ALB,spatial_block=Asia,geography,0.0
primary_total_co2,M2,AUT,spatial_block=Asia,geography,0.0
primary_total_co2,M2,BLR,spatial_block=Asia,geography,0.0
primary_total_co2,M2,BEL,spatial_block=Asia,geography,0.0
primary_total_co2,M2,BIH,spatial_block=Asia,geography,0.0
primary_total_co2,M2,BGR,spatial_block=Asia,geography,0.0
primary_total_co2,M2,HRV,spatial_block=Asia,geography,0.0
primary_total_co2,M2,CYP,spatial_block=Asia,geography,0.0
primary_total_co2,M2,CZE,spatial_block=Asia,geography,0.0
primary_total_co2,M2,DNK,spatial_block=Asia,geography,0.0
primary_total_co2,M2,EST,spatial_block=Asia,geography,0.0
primary_total_co2,M2,FIN,spatial_block=Asia,geography,0.0
primary_total_co2,M2,FRA,spatial_block=Asia,geography,0.0
primary_total_co2,M2,DEU,spatial_block=Asia,geography,0.0
primary_total_co2,M2,GRC,spatial_block=Asia,geography,0.0
primary_total_co2,M2,HUN,spatial_block=Asia,geography,0.0
primary_total_co2,M2,ISL,spatial_block=Asia,geography,0.0
primary_total_co2,M2,IRL,spatial_block=Asia,geography,0.0
primary_total_co2,M2,ITA,spatial_block=Asia,geography,0.0
primary_total_co2,M2,LVA,spatial_block=Asia,geography,0.0
primary_total_co2,M2,LTU,spatial_block=Asia,geography,0.0
primary_total_co2,M2,MKD,spatial_block=Asia,geography,0.0
primary_total_co2,M2,MDA,spatial_block=Asia,geography,0.0
primary_total_co2,M2,MNE,spatial_block=Asia,geography,0.0
primary_total_co2,M2,NLD,spatial_block=Asia,geography,0.0
primary_total_co2,M2,NOR,spatial_block=Asia,geography,0.0
primary_total_co2,M2,POL,spatial_block=Asia,geography,0.0
primary_total_co2,M2,PRT,spatial_block=Asia,geography,0.0
primary_total_co2,M2,ROU,spatial_block=Asia,geography,0.0
primary_total_co2,M2,RUS,spatial_block=Asia,geography,0.0
primary_total_co2,M2,SRB,spatial_block=Asia,geography,0.0
primary_total_co2,M2,SVK,spatial_block=Asia,geography,0.0
primary_total_co2,M2,SVN,spatial_block=Asia,geography,0.0
primary_total_co2,M2,ESP,spatial_block=Asia,geography,0.0
primary_total_co2,M2,SWE,spatial_block=Asia,geography,0.0
primary_total_co2,M2,CHE,spatial_block=Asia,geography,0.0
primary_total_co2,M2,UKR,spatial_block=Asia,geography,0.0
primary_total_co2,M2,GBR,spatial_block=Asia,geography,0.0
primary_total_co2,M2,BHS,spatial_block=Asia,geography,0.0
primary_total_co2,M2,CAN,spatial_block=Asia,geography,0.0
primary_total_co2,M2,CRI,spatial_block=Asia,geography,0.0
primary_total_co2,M2,CUB,spatial_block=Asia,geography,0.0
primary_total_co2,M2,DOM,spatial_block=Asia,geography,0.0
primary_total_co2,M2,SLV,spatial_block=Asia,geography,0.0
primary_total_co2,M2,GTM,spatial_block=Asia,geography,0.0
primary_total_co2,M2,HTI,spatial_block=Asia,geography,0.0
primary_total_co2,M2,HND,spatial_block=Asia,geography,0.0
primary_total_co2,M2,JAM,spatial_block=Asia,geography,0.0
primary_total_co2,M2,MEX,spatial_block=Asia,geography,0.0
primary_total_co2,M2,NIC,spatial_block=Asia,geography,0.0
primary_total_co2,M2,PAN,spatial_block=Asia,geography,0.0
primary_total_co2,M2,USA,spatial_block=Asia,geography,0.0
primary_total_co2,M2,AUS,spatial_block=Asia,geography,0.0
primary_total_co2,M2,NZL,spatial_block=Asia,geography,0.0
primary_total_co2,M2,PNG,spatial_block=Asia,geography,0.0
primary_total_co2,M2,ARG,spatial_block=Asia,geography,0.0
primary_total_co2,M2,BOL,spatial_block=Asia,geography,0.0
primary_total_co2,M2,BRA,spatial_block=Asia,geography,0.0
primary_total_co2,M2,CHL,spatial_block=Asia,geography,0.0
primary_total_co2,M2,COL,spatial_block=Asia,geography,0.0
primary_total_co2,M2,ECU,spatial_block=Asia,geography,0.0
primary_total_co2,M2,PRY,spatial_block=Asia,geography,0.0
primary_total_co2,M2,PER,spatial_block=Asia,geography,0.0
primary_total_co2,M2,SUR,spatial_block=Asia,geography,0.0
primary_total_co2,M2,URY,spatial_block=Asia,geography,0.0
primary_total_co2,M2,VEN,spatial_block=Asia,geography,0.0
primary_total_co2,M2,DZA,spatial_block=Europe,geography,0.0
primary_total_co2,M2,AGO,spatial_block=Europe,geography,0.0
primary_total_co2,M2,BEN,spatial_block=Europe,geography,0.0
primary_total_co2,M2,BWA,spatial_block=Europe,geography,0.0
primary_total_co2,M2,BFA,spatial_block=Europe,geography,0.0
primary_total_co2,M2,BDI,spatial_block=Europe,geography,0.0
primary_total_co2,M2,CMR,spatial_block=Europe,geography,0.0
primary_total_co2,M2,CAF,spatial_block=Europe,geography,0.0
primary_total_co2,M2,TCD,spatial_block=Europe,geography,0.0
primary_total_co2,M2,COG,spatial_block=Europe,geography,0.0
primary_total_co2,M2,COD,spatial_block=Europe,geography,0.0
primary_total_co2,M2,CIV,spatial_block=Europe,geography,0.0
primary_total_co2,M2,DJI,spatial_block=Europe,geography,0.0
primary_total_co2,M2,EGY,spatial_block=Europe,geography,0.0
primary_total_co2,M2,GNQ,spatial_block=Europe,geography,0.0
primary_total_co2,M2,ERI,spatial_block=Europe,geography,0.0
primary_total_co2,M2,ETH,spatial_block=Europe,geography,0.0
primary_total_co2,M2,GAB,spatial_block=Europe,geography,0.0
primary_total_co2,M2,GHA,spatial_block=Europe,geography,0.0
primary_total_co2,M2,GIN,spatial_block=Europe,geography,0.0
primary_total_co2,M2,GNB,spatial_block=Europe,geography,0.0
primary_total_co2,M2,KEN,spatial_block=Europe,geography,0.0
primary_total_co2,M2,LSO,spatial_block=Europe,geography,0.0
primary_total_co2,M2,LBR,spatial_block=Europe,geography,0.0
primary_total_co2,M2,LBY,spatial_block=Europe,geography,0.0
primary_total_co2,M2,MDG,spatial_block=Europe,geography,0.0
primary_total_co2,M2,MWI,spatial_block=Europe,geography,0.0
primary_total_co2,M2,MLI,spatial_block=Europe,geography,0.0
primary_total_co2,M2,MRT,spatial_block=Europe,geography,0.0
primary_total_co2,M2,MAR,spatial_block=Europe,geography,0.0
primary_total_co2,M2,MOZ,spatial_block=Europe,geography,0.0
primary_total_co2,M2,NAM,spatial_block=Europe,geography,0.0
primary_total_co2,M2,NER,spatial_block=Europe,geography,0.0
primary_total_co2,M2,NGA,spatial_block=Europe,geography,0.0
primary_total_co2,M2,RWA,spatial_block=Europe,geography,0.0
primary_total_co2,M2,SEN,spatial_block=Europe,geography,0.0
primary_total_co2,M2,SLE,spatial_block=Europe,geography,0.0
primary_total_co2,M2,SOM,spatial_block=Europe,geography,0.0
primary_total_co2,M2,ZAF,spatial_block=Europe,geography,0.0
primary_total_co2,M2,SDN,spatial_block=Europe,geography,0.0
primary_total_co2,M2,SWZ,spatial_block=Europe,geography,0.0
primary_total_co2,M2,TZA,spatial_block=Europe,geography,0.0
primary_total_co2,M2,TGO,spatial_block=Europe,geography,0.0
primary_total_co2,M2,TUN,spatial_block=Europe,geography,0.0
primary_total_co2,M2,UGA,spatial_block=Europe,geography,0.0
primary_total_co2,M2,ZMB,spatial_block=Europe,geography,0.0
primary_total_co2,M2,ZWE,spatial_block=Europe,geography,0.0
primary_total_co2,M2,AFG,spatial_block=Europe,geography,0.0
primary_total_co2,M2,ARM,spatial_block=Europe,geography,0.0
primary_total_co2,M2,AZE,spatial_block=Europe,geography,0.0
primary_total_co2,M2,BGD,spatial_block=Europe,geography,0.0
primary_total_co2,M2,MMR,spatial_block=Europe,geography,0.0
primary_total_co2,M2,KHM,spatial_block=Europe,geography,0.0
primary_total_co2,M2,CHN,spatial_block=Europe,geography,0.0
primary_total_co2,M2,GEO,spatial_block=Europe,geography,0.0
primary_total_co2,M2,IND,spatial_block=Europe,geography,0.0
primary_total_co2,M2,IDN,spatial_block=Europe,geography,0.0
primary_total_co2,M2,IRN,spatial_block=Europe,geography,0.0
primary_total_co2,M2,IRQ,spatial_block=Europe,geography,0.0
primary_total_co2,M2,ISR,spatial_block=Europe,geography,0.0
primary_total_co2,M2,JPN,spatial_block=Europe,geography,0.0
primary_total_co2,M2,JOR,spatial_block=Europe,geography,0.0
primary_total_co2,M2,KAZ,spatial_block=Europe,geography,0.0
primary_total_co2,M2,LAO,spatial_block=Europe,geography,0.0
primary_total_co2,M2,LBN,spatial_block=Europe,geography,0.0
primary_total_co2,M2,MYS,spatial_block=Europe,geography,0.0
primary_total_co2,M2,MNG,spatial_block=Europe,geography,0.0
primary_total_co2,M2,NPL,spatial_block=Europe,geography,0.0
primary_total_co2,M2,OMN,spatial_block=Europe,geography,0.0
primary_total_co2,M2,PAK,spatial_block=Europe,geography,0.0
primary_total_co2,M2,PHL,spatial_block=Europe,geography,0.0
primary_total_co2,M2,QAT,spatial_block=Europe,geography,0.0
primary_total_co2,M2,SAU,spatial_block=Europe,geography,0.0
primary_total_co2,M2,KOR,spatial_block=Europe,geography,0.0
primary_total_co2,M2,LKA,spatial_block=Europe,geography,0.0
primary_total_co2,M2,SYR,spatial_block=Europe,geography,0.0
primary_total_co2,M2,TWN,spatial_block=Europe,geography,0.0
primary_total_co2,M2,TJK,spatial_block=Europe,geography,0.0
primary_total_co2,M2,THA,spatial_block=Europe,geography,0.0
primary_total_co2,M2,TUR,spatial_block=Europe,geography,0.0
primary_total_co2,M2,TKM,spatial_block=Europe,geography,0.0
primary_total_co2,M2,ARE,spatial_block=Europe,geography,0.0
primary_total_co2,M2,UZB,spatial_block=Europe,geography,0.0
primary_total_co2,M2,VNM,spatial_block=Europe,geography,0.0
primary_total_co2,M2,YEM,spatial_block=Europe,geography,0.0
primary_total_co2,M2,ALB,spatial_block=Europe,geography,1.0
primary_total_co2,M2,AUT,spatial_block=Europe,geography,1.0
primary_total_co2,M2,BLR,spatial_block=Europe,geography,1.0
primary_total_co2,M2,BEL,spatial_block=Europe,geography,1.0
primary_total_co2,M2,BIH,spatial_block=Europe,geography,1.0
primary_total_co2,M2,BGR,spatial_block=Europe,geography,1.0
primary_total_co2,M2,HRV,spatial_block=Europe,geography,1.0
primary_total_co2,M2,CYP,spatial_block=Europe,geography,1.0
primary_total_co2,M2,CZE,spatial_block=Europe,geography,1.0
primary_total_co2,M2,DNK,spatial_block=Europe,geography,1.0
primary_total_co2,M2,EST,spatial_block=Europe,geography,1.0
primary_total_co2,M2,FIN,spatial_block=Europe,geography,1.0
primary_total_co2,M2,FRA,spatial_block=Europe,geography,1.0
primary_total_co2,M2,DEU,spatial_block=Europe,geography,1.0
primary_total_co2,M2,GRC,spatial_block=Europe,geography,1.0
primary_total_co2,M2,HUN,spatial_block=Europe,geography,1.0
primary_total_co2,M2,ISL,spatial_block=Europe,geography,1.0
primary_total_co2,M2,IRL,spatial_block=Europe,geography,1.0
primary_total_co2,M2,ITA,spatial_block=Europe,geography,1.0
primary_total_co2,M2,LVA,spatial_block=Europe,geography,1.0
primary_total_co2,M2,LTU,spatial_block=Europe,geography,1.0
primary_total_co2,M2,MKD,spatial_block=Europe,geography,1.0
primary_total_co2,M2,MDA,spatial_block=Europe,geography,1.0
primary_total_co2,M2,MNE,spatial_block=Europe,geography,1.0
primary_total_co2,M2,NLD,spatial_block=Europe,geography,1.0
primary_total_co2,M2,NOR,spatial_block=Europe,geography,1.0
primary_total_co2,M2,POL,spatial_block=Europe,geography,1.0
primary_total_co2,M2,PRT,spatial_block=Europe,geography,1.0
primary_total_co2,M2,ROU,spatial_block=Europe,geography,1.0
primary_total_co2,M2,RUS,spatial_block=Europe,geography,1.0
primary_total_co2,M2,SRB,spatial_block=Europe,geography,1.0
primary_total_co2,M2,SVK,spatial_block=Europe,geography,1.0
primary_total_co2,M2,SVN,spatial_block=Europe,geography,1.0
primary_total_co2,M2,ESP,spatial_block=Europe,geography,1.0
primary_total_co2,M2,SWE,spatial_block=Europe,geography,1.0
primary_total_co2,M2,CHE,spatial_block=Europe,geography,1.0
primary_total_co2,M2,UKR,spatial_block=Europe,geography,1.0
primary_total_co2,M2,GBR,spatial_block=Europe,geography,1.0
primary_total_co2,M2,BHS,spatial_block=Europe,geography,0.0
primary_total_co2,M2,CAN,spatial_block=Europe,geography,0.0
primary_total_co2,M2,CRI,spatial_block=Europe,geography,0.0
primary_total_co2,M2,CUB,spatial_block=Europe,geography,0.0
primary_total_co2,M2,DOM,spatial_block=Europe,geography,0.0
primary_total_co2,M2,SLV,spatial_block=Europe,geography,0.0
primary_total_co2,M2,GTM,spatial_block=Europe,geography,0.0
primary_total_co2,M2,HTI,spatial_block=Europe,geography,0.0
primary_total_co2,M2,HND,spatial_block=Europe,geography,0.0
primary_total_co2,M2,JAM,spatial_block=Europe,geography,0.0
primary_total_co2,M2,MEX,spatial_block=Europe,geography,0.0
primary_total_co2,M2,NIC,spatial_block=Europe,geography,0.0
primary_total_co2,M2,PAN,spatial_block=Europe,geography,0.0
primary_total_co2,M2,USA,spatial_block=Europe,geography,0.0
primary_total_co2,M2,AUS,spatial_block=Europe,geography,0.0
primary_total_co2,M2,NZL,spatial_block=Europe,geography,0.0
primary_total_co2,M2,PNG,spatial_block=Europe,geography,0.0
primary_total_co2,M2,ARG,spatial_block=Europe,geography,0.0
primary_total_co2,M2,BOL,spatial_block=Europe,geography,0.0
primary_total_co2,M2,BRA,spatial_block=Europe,geography,0.0
primary_total_co2,M2,CHL,spatial_block=Europe,geography,0.0
primary_total_co2,M2,COL,spatial_block=Europe,geography,0.0
primary_total_co2,M2,ECU,spatial_block=Europe,geography,0.0
primary_total_co2,M2,PRY,spatial_block=Europe,geography,0.0
primary_total_co2,M2,PER,spatial_block=Europe,geography,0.0
primary_total_co2,M2,SUR,spatial_block=Europe,geography,0.0
primary_total_co2,M2,URY,spatial_block=Europe,geography,0.0
primary_total_co2,M2,VEN,spatial_block=Europe,geography,0.0
primary_total_co2,M2,DZA,spatial_block=North America,geography,0.0
primary_total_co2,M2,AGO,spatial_block=North America,geography,0.0
primary_total_co2,M2,BEN,spatial_block=North America,geography,0.0
primary_total_co2,M2,BWA,spatial_block=North America,geography,0.0
primary_total_co2,M2,BFA,spatial_block=North America,geography,0.0
primary_total_co2,M2,BDI,spatial_block=North America,geography,0.0
primary_total_co2,M2,CMR,spatial_block=North America,geography,0.0
primary_total_co2,M2,CAF,spatial_block=North America,geography,0.0
primary_total_co2,M2,TCD,spatial_block=North America,geography,0.0
primary_total_co2,M2,COG,spatial_block=North America,geography,0.0
primary_total_co2,M2,COD,spatial_block=North America,geography,0.0
primary_total_co2,M2,CIV,spatial_block=North America,geography,0.0
primary_total_co2,M2,DJI,spatial_block=North America,geography,0.0
primary_total_co2,M2,EGY,spatial_block=North America,geography,0.0
primary_total_co2,M2,GNQ,spatial_block=North America,geography,0.0
primary_total_co2,M2,ERI,spatial_block=North America,geography,0.0
primary_total_co2,M2,ETH,spatial_block=North America,geography,0.0
primary_total_co2,M2,GAB,spatial_block=North America,geography,0.0
primary_total_co2,M2,GHA,spatial_block=North America,geography,0.0
primary_total_co2,M2,GIN,spatial_block=North America,geography,0.0
primary_total_co2,M2,GNB,spatial_block=North America,geography,0.0
primary_total_co2,M2,KEN,spatial_block=North America,geography,0.0
primary_total_co2,M2,LSO,spatial_block=North America,geography,0.0
primary_total_co2,M2,LBR,spatial_block=North America,geography,0.0
primary_total_co2,M2,LBY,spatial_block=North America,geography,0.0
primary_total_co2,M2,MDG,spatial_block=North America,geography,0.0
primary_total_co2,M2,MWI,spatial_block=North America,geography,0.0
primary_total_co2,M2,MLI,spatial_block=North America,geography,0.0
primary_total_co2,M2,MRT,spatial_block=North America,geography,0.0
primary_total_co2,M2,MAR,spatial_block=North America,geography,0.0
primary_total_co2,M2,MOZ,spatial_block=North America,geography,0.0
primary_total_co2,M2,NAM,spatial_block=North America,geography,0.0
primary_total_co2,M2,NER,spatial_block=North America,geography,0.0
primary_total_co2,M2,NGA,spatial_block=North America,geography,0.0
primary_total_co2,M2,RWA,spatial_block=North America,geography,0.0
primary_total_co2,M2,SEN,spatial_block=North America,geography,0.0
primary_total_co2,M2,SLE,spatial_block=North America,geography,0.0
primary_total_co2,M2,SOM,spatial_block=North America,geography,0.0
primary_total_co2,M2,ZAF,spatial_block=North America,geography,0.0
primary_total_co2,M2,SDN,spatial_block=North America,geography,0.0
primary_total_co2,M2,SWZ,spatial_block=North America,geography,0.0
primary_total_co2,M2,TZA,spatial_block=North America,geography,0.0
primary_total_co2,M2,TGO,spatial_block=North America,geography,0.0
primary_total_co2,M2,TUN,spatial_block=North America,geography,0.0
primary_total_co2,M2,UGA,spatial_block=North America,geography,0.0
primary_total_co2,M2,ZMB,spatial_block=North America,geography,0.0
primary_total_co2,M2,ZWE,spatial_block=North America,geography,0.0
primary_total_co2,M2,AFG,spatial_block=North America,geography,0.0
primary_total_co2,M2,ARM,spatial_block=North America,geography,0.0
primary_total_co2,M2,AZE,spatial_block=North America,geography,0.0
primary_total_co2,M2,BGD,spatial_block=North America,geography,0.0
primary_total_co2,M2,MMR,spatial_block=North America,geography,0.0
primary_total_co2,M2,KHM,spatial_block=North America,geography,0.0
primary_total_co2,M2,CHN,spatial_block=North America,geography,0.0
primary_total_co2,M2,GEO,spatial_block=North America,geography,0.0
primary_total_co2,M2,IND,spatial_block=North America,geography,0.0
primary_total_co2,M2,IDN,spatial_block=North America,geography,0.0
primary_total_co2,M2,IRN,spatial_block=North America,geography,0.0
primary_total_co2,M2,IRQ,spatial_block=North America,geography,0.0
primary_total_co2,M2,ISR,spatial_block=North America,geography,0.0
primary_total_co2,M2,JPN,spatial_block=North America,geography,0.0
primary_total_co2,M2,JOR,spatial_block=North America,geography,0.0
primary_total_co2,M2,KAZ,spatial_block=North America,geography,0.0
primary_total_co2,M2,LAO,spatial_block=North America,geography,0.0
primary_total_co2,M2,LBN,spatial_block=North America,geography,0.0
primary_total_co2,M2,MYS,spatial_block=North America,geography,0.0
primary_total_co2,M2,MNG,spatial_block=North America,geography,0.0
primary_total_co2,M2,NPL,spatial_block=North America,geography,0.0
primary_total_co2,M2,OMN,spatial_block=North America,geography,0.0
primary_total_co2,M2,PAK,spatial_block=North America,geography,0.0
primary_total_co2,M2,PHL,spatial_block=North America,geography,0.0
primary_total_co2,M2,QAT,spatial_block=North America,geography,0.0
primary_total_co2,M2,SAU,spatial_block=North America,geography,0.0
primary_total_co2,M2,KOR,spatial_block=North America,geography,0.0
primary_total_co2,M2,LKA,spatial_block=North America,geography,0.0
primary_total_co2,M2,SYR,spatial_block=North America,geography,0.0
primary_total_co2,M2,TWN,spatial_block=North America,geography,0.0
primary_total_co2,M2,TJK,spatial_block=North America,geography,0.0
primary_total_co2,M2,THA,spatial_block=North America,geography,0.0
primary_total_co2,M2,TUR,spatial_block=North America,geography,0.0
primary_total_co2,M2,TKM,spatial_block=North America,geography,0.0
primary_total_co2,M2,ARE,spatial_block=North America,geography,0.0
primary_total_co2,M2,UZB,spatial_block=North America,geography,0.0
primary_total_co2,M2,VNM,spatial_block=North America,geography,0.0
primary_total_co2,M2,YEM,spatial_block=North America,geography,0.0
primary_total_co2,M2,ALB,spatial_block=North America,geography,0.0
primary_total_co2,M2,AUT,spatial_block=North America,geography,0.0
primary_total_co2,M2,BLR,spatial_block=North America,geography,0.0
primary_total_co2,M2,BEL,spatial_block=North America,geography,0.0
primary_total_co2,M2,BIH,spatial_block=North America,geography,0.0
primary_total_co2,M2,BGR,spatial_block=North America,geography,0.0
primary_total_co2,M2,HRV,spatial_block=North America,geography,0.0
primary_total_co2,M2,CYP,spatial_block=North America,geography,0.0
primary_total_co2,M2,CZE,spatial_block=North America,geography,0.0
primary_total_co2,M2,DNK,spatial_block=North America,geography,0.0
primary_total_co2,M2,EST,spatial_block=North America,geography,0.0
primary_total_co2,M2,FIN,spatial_block=North America,geography,0.0
primary_total_co2,M2,FRA,spatial_block=North America,geography,0.0
primary_total_co2,M2,DEU,spatial_block=North America,geography,0.0
primary_total_co2,M2,GRC,spatial_block=North America,geography,0.0
primary_total_co2,M2,HUN,spatial_block=North America,geography,0.0
primary_total_co2,M2,ISL,spatial_block=North America,geography,0.0
primary_total_co2,M2,IRL,spatial_block=North America,geography,0.0
primary_total_co2,M2,ITA,spatial_block=North America,geography,0.0
primary_total_co2,M2,LVA,spatial_block=North America,geography,0.0
primary_total_co2,M2,LTU,spatial_block=North America,geography,0.0
primary_total_co2,M2,MKD,spatial_block=North America,geography,0.0
primary_total_co2,M2,MDA,spatial_block=North America,geography,0.0
primary_total_co2,M2,MNE,spatial_block=North America,geography,0.0
primary_total_co2,M2,NLD,spatial_block=North America,geography,0.0
primary_total_co2,M2,NOR,spatial_block=North America,geography,0.0
primary_total_co2,M2,POL,spatial_block=North America,geography,0.0
primary_total_co2,M2,PRT,spatial_block=North America,geography,0.0
primary_total_co2,M2,ROU,spatial_block=North America,geography,0.0
primary_total_co2,M2,RUS,spatial_block=North America,geography,0.0
primary_total_co2,M2,SRB,spatial_block=North America,geography,0.0
primary_total_co2,M2,SVK,spatial_block=North America,geography,0.0
primary_total_co2,M2,SVN,spatial_block=North America,geography,0.0
primary_total_co2,M2,ESP,spatial_block=North America,geography,0.0
primary_total_co2,M2,SWE,spatial_block=North America,geography,0.0
primary_total_co2,M2,CHE,spatial_block=North America,geography,0.0
primary_total_co2,M2,UKR,spatial_block=North America,geography,0.0
primary_total_co2,M2,GBR,spatial_block=North America,geography,0.0
primary_total_co2,M2,BHS,spatial_block=North America,geography,1.0
primary_total_co2,M2,CAN,spatial_block=North America,geography,1.0
primary_total_co2,M2,CRI,spatial_block=North America,geography,1.0
primary_total_co2,M2,CUB,spatial_block=North America,geography,1.0
primary_total_co2,M2,DOM,spatial_block=North America,geography,1.0
primary_total_co2,M2,SLV,spatial_block=North America,geography,1.0
primary_total_co2,M2,GTM,spatial_block=North America,geography,1.0
primary_total_co2,M2,HTI,spatial_block=North America,geography,1.0
primary_total_co2,M2,HND,spatial_block=North America,geography,1.0
primary_total_co2,M2,JAM,spatial_block=North America,geography,1.0
primary_total_co2,M2,MEX,spatial_block=North America,geography,1.0
primary_total_co2,M2,NIC,spatial_block=North America,geography,1.0
primary_total_co2,M2,PAN,spatial_block=North America,geography,1.0
primary_total_co2,M2,USA,spatial_block=North America,geography,1.0
primary_total_co2,M2,AUS,spatial_block=North America,geography,0.0
primary_total_co2,M2,NZL,spatial_block=North America,geography,0.0
primary_total_co2,M2,PNG,spatial_block=North America,geography,0.0
primary_total_co2,M2,ARG,spatial_block=North America,geography,0.0
primary_total_co2,M2,BOL,spatial_block=North America,geography,0.0
primary_total_co2,M2,BRA,spatial_block=North America,geography,0.0
primary_total_co2,M2,CHL,spatial_block=North America,geography,0.0
primary_total_co2,M2,COL,spatial_block=North America,geography,0.0
primary_total_co2,M2,ECU,spatial_block=North America,geography,0.0
primary_total_co2,M2,PRY,spatial_block=North America,geography,0.0
primary_total_co2,M2,PER,spatial_block=North America,geography,0.0
primary_total_co2,M2,SUR,spatial_block=North America,geography,0.0
primary_total_co2,M2,URY,spatial_block=North America,geography,0.0
primary_total_co2,M2,VEN,spatial_block=North America,geography,0.0
primary_total_co2,M2,DZA,spatial_block=Oceania,geography,0.0
primary_total_co2,M2,AGO,spatial_block=Oceania,geography,0.0
primary_total_co2,M2,BEN,spatial_block=Oceania,geography,0.0
primary_total_co2,M2,BWA,spatial_block=Oceania,geography,0.0
primary_total_co2,M2,BFA,spatial_block=Oceania,geography,0.0
primary_total_co2,M2,BDI,spatial_block=Oceania,geography,0.0
primary_total_co2,M2,CMR,spatial_block=Oceania,geography,0.0
primary_total_co2,M2,CAF,spatial_block=Oceania,geography,0.0
primary_total_co2,M2,TCD,spatial_block=Oceania,geography,0.0
primary_total_co2,M2,COG,spatial_block=Oceania,geography,0.0
primary_total_co2,M2,COD,spatial_block=Oceania,geography,0.0
primary_total_co2,M2,CIV,spatial_block=Oceania,geography,0.0
primary_total_co2,M2,DJI,spatial_block=Oceania,geography,0.0
primary_total_co2,M2,EGY,spatial_block=Oceania,geography,0.0
primary_total_co2,M2,GNQ,spatial_block=Oceania,geography,0.0
primary_total_co2,M2,ERI,spatial_block=Oceania,geography,0.0
primary_total_co2,M2,ETH,spatial_block=Oceania,geography,0.0
primary_total_co2,M2,GAB,spatial_block=Oceania,geography,0.0
primary_total_co2,M2,GHA,spatial_block=Oceania,geography,0.0
primary_total_co2,M2,GIN,spatial_block=Oceania,geography,0.0
primary_total_co2,M2,GNB,spatial_block=Oceania,geography,0.0
primary_total_co2,M2,KEN,spatial_block=Oceania,geography,0.0
primary_total_co2,M2,LSO,spatial_block=Oceania,geography,0.0
primary_total_co2,M2,LBR,spatial_block=Oceania,geography,0.0
primary_total_co2,M2,LBY,spatial_block=Oceania,geography,0.0
primary_total_co2,M2,MDG,spatial_block=Oceania,geography,0.0
primary_total_co2,M2,MWI,spatial_block=Oceania,geography,0.0
primary_total_co2,M2,MLI,spatial_block=Oceania,geography,0.0
primary_total_co2,M2,MRT,spatial_block=Oceania,geography,0.0
primary_total_co2,M2,MAR,spatial_block=Oceania,geography,0.0
primary_total_co2,M2,MOZ,spatial_block=Oceania,geography,0.0
primary_total_co2,M2,NAM,spatial_block=Oceania,geography,0.0
primary_total_co2,M2,NER,spatial_block=Oceania,geography,0.0
primary_total_co2,M2,NGA,spatial_block=Oceania,geography,0.0
primary_total_co2,M2,RWA,spatial_block=Oceania,geography,0.0
primary_total_co2,M2,SEN,spatial_block=Oceania,geography,0.0
primary_total_co2,M2,SLE,spatial_block=Oceania,geography,0.0
primary_total_co2,M2,SOM,spatial_block=Oceania,geography,0.0
primary_total_co2,M2,ZAF,spatial_block=Oceania,geography,0.0
primary_total_co2,M2,SDN,spatial_block=Oceania,geography,0.0
primary_total_co2,M2,SWZ,spatial_block=Oceania,geography,0.0
primary_total_co2,M2,TZA,spatial_block=Oceania,geography,0.0
primary_total_co2,M2,TGO,spatial_block=Oceania,geography,0.0
primary_total_co2,M2,TUN,spatial_block=Oceania,geography,0.0
primary_total_co2,M2,UGA,spatial_block=Oceania,geography,0.0
primary_total_co2,M2,ZMB,spatial_block=Oceania,geography,0.0
primary_total_co2,M2,ZWE,spatial_block=Oceania,geography,0.0
primary_total_co2,M2,AFG,spatial_block=Oceania,geography,0.0
primary_total_co2,M2,ARM,spatial_block=Oceania,geography,0.0
primary_total_co2,M2,AZE,spatial_block=Oceania,geography,0.0
primary_total_co2,M2,BGD,spatial_block=Oceania,geography,0.0
primary_total_co2,M2,MMR,spatial_block=Oceania,geography,0.0
primary_total_co2,M2,KHM,spatial_block=Oceania,geography,0.0
primary_total_co2,M2,CHN,spatial_block=Oceania,geography,0.0
primary_total_co2,M2,GEO,spatial_block=Oceania,geography,0.0
primary_total_co2,M2,IND,spatial_block=Oceania,geography,0.0
primary_total_co2,M2,IDN,spatial_block=Oceania,geography,0.0
primary_total_co2,M2,IRN,spatial_block=Oceania,geography,0.0
primary_total_co2,M2,IRQ,spatial_block=Oceania,geography,0.0
primary_total_co2,M2,ISR,spatial_block=Oceania,geography,0.0
primary_total_co2,M2,JPN,spatial_block=Oceania,geography,0.0
primary_total_co2,M2,JOR,spatial_block=Oceania,geography,0.0
primary_total_co2,M2,KAZ,spatial_block=Oceania,geography,0.0
primary_total_co2,M2,LAO,spatial_block=Oceania,geography,0.0
primary_total_co2,M2,LBN,spatial_block=Oceania,geography,0.0
primary_total_co2,M2,MYS,spatial_block=Oceania,geography,0.0
primary_total_co2,M2,MNG,spatial_block=Oceania,geography,0.0
primary_total_co2,M2,NPL,spatial_block=Oceania,geography,0.0
primary_total_co2,M2,OMN,spatial_block=Oceania,geography,0.0
primary_total_co2,M2,PAK,spatial_block=Oceania,geography,0.0
primary_total_co2,M2,PHL,spatial_block=Oceania,geography,0.0
primary_total_co2,M2,QAT,spatial_block=Oceania,geography,0.0
primary_total_co2,M2,SAU,spatial_block=Oceania,geography,0.0
primary_total_co2,M2,KOR,spatial_block=Oceania,geography,0.0
primary_total_co2,M2,LKA,spatial_block=Oceania,geography,0.0
primary_total_co2,M2,SYR,spatial_block=Oceania,geography,0.0
primary_total_co2,M2,TWN,spatial_block=Oceania,geography,0.0
primary_total_co2,M2,TJK,spatial_block=Oceania,geography,0.0
primary_total_co2,M2,THA,spatial_block=Oceania,geography,0.0
primary_total_co2,M2,TUR,spatial_block=Oceania,geography,0.0
primary_total_co2,M2,TKM,spatial_block=Oceania,geography,0.0
primary_total_co2,M2,ARE,spatial_block=Oceania,geography,0.0
primary_total_co2,M2,UZB,spatial_block=Oceania,geography,0.0
primary_total_co2,M2,VNM,spatial_block=Oceania,geography,0.0
primary_total_co2,M2,YEM,spatial_block=Oceania,geography,0.0
primary_total_co2,M2,ALB,spatial_block=Oceania,geography,0.0
primary_total_co2,M2,AUT,spatial_block=Oceania,geography,0.0
primary_total_co2,M2,BLR,spatial_block=Oceania,geography,0.0
primary_total_co2,M2,BEL,spatial_block=Oceania,geography,0.0
primary_total_co2,M2,BIH,spatial_block=Oceania,geography,0.0
primary_total_co2,M2,BGR,spatial_block=Oceania,geography,0.0
primary_total_co2,M2,HRV,spatial_block=Oceania,geography,0.0
primary_total_co2,M2,CYP,spatial_block=Oceania,geography,0.0
primary_total_co2,M2,CZE,spatial_block=Oceania,geography,0.0
primary_total_co2,M2,DNK,spatial_block=Oceania,geography,0.0
primary_total_co2,M2,EST,spatial_block=Oceania,geography,0.0
primary_total_co2,M2,FIN,spatial_block=Oceania,geography,0.0
primary_total_co2,M2,FRA,spatial_block=Oceania,geography,0.0
primary_total_co2,M2,DEU,spatial_block=Oceania,geography,0.0
primary_total_co2,M2,GRC,spatial_block=Oceania,geography,0.0
primary_total_co2,M2,HUN,spatial_block=Oceania,geography,0.0
primary_total_co2,M2,ISL,spatial_block=Oceania,geography,0.0
primary_total_co2,M2,IRL,spatial_block=Oceania,geography,0.0
primary_total_co2,M2,ITA,spatial_block=Oceania,geography,0.0
primary_total_co2,M2,LVA,spatial_block=Oceania,geography,0.0
primary_total_co2,M2,LTU,spatial_block=Oceania,geography,0.0
primary_total_co2,M2,MKD,spatial_block=Oceania,geography,0.0
primary_total_co2,M2,MDA,spatial_block=Oceania,geography,0.0
primary_total_co2,M2,MNE,spatial_block=Oceania,geography,0.0
primary_total_co2,M2,NLD,spatial_block=Oceania,geography,0.0
primary_total_co2,M2,NOR,spatial_block=Oceania,geography,0.0
primary_total_co2,M2,POL,spatial_block=Oceania,geography,0.0
primary_total_co2,M2,PRT,spatial_block=Oceania,geography,0.0
primary_total_co2,M2,ROU,spatial_block=Oceania,geography,0.0
primary_total_co2,M2,RUS,spatial_block=Oceania,geography,0.0
primary_total_co2,M2,SRB,spatial_block=Oceania,geography,0.0
primary_total_co2,M2,SVK,spatial_block=Oceania,geography,0.0
primary_total_co2,M2,SVN,spatial_block=Oceania,geography,0.0
primary_total_co2,M2,ESP,spatial_block=Oceania,geography,0.0
primary_total_co2,M2,SWE,spatial_block=Oceania,geography,0.0
primary_total_co2,M2,CHE,spatial_block=Oceania,geography,0.0
primary_total_co2,M2,UKR,spatial_block=Oceania,geography,0.0
primary_total_co2,M2,GBR,spatial_block=Oceania,geography,0.0
primary_total_co2,M2,BHS,spatial_block=Oceania,geography,0.0
primary_total_co2,M2,CAN,spatial_block=Oceania,geography,0.0
primary_total_co2,M2,CRI,spatial_block=Oceania,geography,0.0
primary_total_co2,M2,CUB,spatial_block=Oceania,geography,0.0
primary_total_co2,M2,DOM,spatial_block=Oceania,geography,0.0
primary_total_co2,M2,SLV,spatial_block=Oceania,geography,0.0
primary_total_co2,M2,GTM,spatial_block=Oceania,geography,0.0
primary_total_co2,M2,HTI,spatial_block=Oceania,geography,0.0
primary_total_co2,M2,HND,spatial_block=Oceania,geography,0.0
primary_total_co2,M2,JAM,spatial_block=Oceania,geography,0.0
primary_total_co2,M2,MEX,spatial_block=Oceania,geography,0.0
primary_total_co2,M2,NIC,spatial_block=Oceania,geography,0.0
primary_total_co2,M2,PAN,spatial_block=Oceania,geography,0.0
primary_total_co2,M2,USA,spatial_block=Oceania,geography,0.0
primary_total_co2,M2,AUS,spatial_block=Oceania,geography,1.0
primary_total_co2,M2,NZL,spatial_block=Oceania,geography,1.0
primary_total_co2,M2,PNG,spatial_block=Oceania,geography,1.0
primary_total_co2,M2,ARG,spatial_block=Oceania,geography,0.0
primary_total_co2,M2,BOL,spatial_block=Oceania,geography,0.0
primary_total_co2,M2,BRA,spatial_block=Oceania,geography,0.0
primary_total_co2,M2,CHL,spatial_block=Oceania,geography,0.0
primary_total_co2,M2,COL,spatial_block=Oceania,geography,0.0
primary_total_co2,M2,ECU,spatial_block=Oceania,geography,0.0
primary_total_co2,M2,PRY,spatial_block=Oceania,geography,0.0
primary_total_co2,M2,PER,spatial_block=Oceania,geography,0.0
primary_total_co2,M2,SUR,spatial_block=Oceania,geography,0.0
primary_total_co2,M2,URY,spatial_block=Oceania,geography,0.0
primary_total_co2,M2,VEN,spatial_block=Oceania,geography,0.0
primary_total_co2,M2,DZA,spatial_block=South America,geography,0.0
primary_total_co2,M2,AGO,spatial_block=South America,geography,0.0
primary_total_co2,M2,BEN,spatial_block=South America,geography,0.0
primary_total_co2,M2,BWA,spatial_block=South America,geography,0.0
primary_total_co2,M2,BFA,spatial_block=South America,geography,0.0
primary_total_co2,M2,BDI,spatial_block=South America,geography,0.0
primary_total_co2,M2,CMR,spatial_block=South America,geography,0.0
primary_total_co2,M2,CAF,spatial_block=South America,geography,0.0
primary_total_co2,M2,TCD,spatial_block=South America,geography,0.0
primary_total_co2,M2,COG,spatial_block=South America,geography,0.0
primary_total_co2,M2,COD,spatial_block=South America,geography,0.0
primary_total_co2,M2,CIV,spatial_block=South America,geography,0.0
primary_total_co2,M2,DJI,spatial_block=South America,geography,0.0
primary_total_co2,M2,EGY,spatial_block=South America,geography,0.0
primary_total_co2,M2,GNQ,spatial_block=South America,geography,0.0
primary_total_co2,M2,ERI,spatial_block=South America,geography,0.0
primary_total_co2,M2,ETH,spatial_block=South America,geography,0.0
primary_total_co2,M2,GAB,spatial_block=South America,geography,0.0
primary_total_co2,M2,GHA,spatial_block=South America,geography,0.0
primary_total_co2,M2,GIN,spatial_block=South America,geography,0.0
primary_total_co2,M2,GNB,spatial_block=South America,geography,0.0
primary_total_co2,M2,KEN,spatial_block=South America,geography,0.0
primary_total_co2,M2,LSO,spatial_block=South America,geography,0.0
primary_total_co2,M2,LBR,spatial_block=South America,geography,0.0
primary_total_co2,M2,LBY,spatial_block=South America,geography,0.0
primary_total_co2,M2,MDG,spatial_block=South America,geography,0.0
primary_total_co2,M2,MWI,spatial_block=South America,geography,0.0
primary_total_co2,M2,MLI,spatial_block=South America,geography,0.0
primary_total_co2,M2,MRT,spatial_block=South America,geography,0.0
primary_total_co2,M2,MAR,spatial_block=South America,geography,0.0
primary_total_co2,M2,MOZ,spatial_block=South America,geography,0.0
primary_total_co2,M2,NAM,spatial_block=South America,geography,0.0
primary_total_co2,M2,NER,spatial_block=South America,geography,0.0
primary_total_co2,M2,NGA,spatial_block=South America,geography,0.0
primary_total_co2,M2,RWA,spatial_block=South America,geography,0.0
primary_total_co2,M2,SEN,spatial_block=South America,geography,0.0
primary_total_co2,M2,SLE,spatial_block=South America,geography,0.0
primary_total_co2,M2,SOM,spatial_block=South America,geography,0.0
primary_total_co2,M2,ZAF,spatial_block=South America,geography,0.0
primary_total_co2,M2,SDN,spatial_block=South America,geography,0.0
primary_total_co2,M2,SWZ,spatial_block=South America,geography,0.0
primary_total_co2,M2,TZA,spatial_block=South America,geography,0.0
primary_total_co2,M2,TGO,spatial_block=South America,geography,0.0
primary_total_co2,M2,TUN,spatial_block=South America,geography,0.0
primary_total_co2,M2,UGA,spatial_block=South America,geography,0.0
primary_total_co2,M2,ZMB,spatial_block=South America,geography,0.0
primary_total_co2,M2,ZWE,spatial_block=South America,geography,0.0
primary_total_co2,M2,AFG,spatial_block=South America,geography,0.0
primary_total_co2,M2,ARM,spatial_block=South America,geography,0.0
primary_total_co2,M2,AZE,spatial_block=South America,geography,0.0
primary_total_co2,M2,BGD,spatial_block=South America,geography,0.0
primary_total_co2,M2,MMR,spatial_block=South America,geography,0.0
primary_total_co2,M2,KHM,spatial_block=South America,geography,0.0
primary_total_co2,M2,CHN,spatial_block=South America,geography,0.0
primary_total_co2,M2,GEO,spatial_block=South America,geography,0.0
primary_total_co2,M2,IND,spatial_block=South America,geography,0.0
primary_total_co2,M2,IDN,spatial_block=South America,geography,0.0
primary_total_co2,M2,IRN,spatial_block=South America,geography,0.0
primary_total_co2,M2,IRQ,spatial_block=South America,geography,0.0
primary_total_co2,M2,ISR,spatial_block=South America,geography,0.0
primary_total_co2,M2,JPN,spatial_block=South America,geography,0.0
primary_total_co2,M2,JOR,spatial_block=South America,geography,0.0
primary_total_co2,M2,KAZ,spatial_block=South America,geography,0.0
primary_total_co2,M2,LAO,spatial_block=South America,geography,0.0
primary_total_co2,M2,LBN,spatial_block=South America,geography,0.0
primary_total_co2,M2,MYS,spatial_block=South America,geography,0.0
primary_total_co2,M2,MNG,spatial_block=South America,geography,0.0
primary_total_co2,M2,NPL,spatial_block=South America,geography,0.0
primary_total_co2,M2,OMN,spatial_block=South America,geography,0.0
primary_total_co2,M2,PAK,spatial_block=South America,geography,0.0
primary_total_co2,M2,PHL,spatial_block=South America,geography,0.0
primary_total_co2,M2,QAT,spatial_block=South America,geography,0.0
primary_total_co2,M2,SAU,spatial_block=South America,geography,0.0
primary_total_co2,M2,KOR,spatial_block=South America,geography,0.0
primary_total_co2,M2,LKA,spatial_block=South America,geography,0.0
primary_total_co2,M2,SYR,spatial_block=South America,geography,0.0
primary_total_co2,M2,TWN,spatial_block=South America,geography,0.0
primary_total_co2,M2,TJK,spatial_block=South America,geography,0.0
primary_total_co2,M2,THA,spatial_block=South America,geography,0.0
primary_total_co2,M2,TUR,spatial_block=South America,geography,0.0
primary_total_co2,M2,TKM,spatial_block=South America,geography,0.0
primary_total_co2,M2,ARE,spatial_block=South America,geography,0.0
primary_total_co2,M2,UZB,spatial_block=South America,geography,0.0
primary_total_co2,M2,VNM,spatial_block=South America,geography,0.0
primary_total_co2,M2,YEM,spatial_block=South America,geography,0.0
primary_total_co2,M2,ALB,spatial_block=South America,geography,0.0
primary_total_co2,M2,AUT,spatial_block=South America,geography,0.0
primary_total_co2,M2,BLR,spatial_block=South America,geography,0.0
primary_total_co2,M2,BEL,spatial_block=South America,geography,0.0
primary_total_co2,M2,BIH,spatial_block=South America,geography,0.0
primary_total_co2,M2,BGR,spatial_block=South America,geography,0.0
primary_total_co2,M2,HRV,spatial_block=South America,geography,0.0
primary_total_co2,M2,CYP,spatial_block=South America,geography,0.0
primary_total_co2,M2,CZE,spatial_block=South America,geography,0.0
primary_total_co2,M2,DNK,spatial_block=South America,geography,0.0
primary_total_co2,M2,EST,spatial_block=South America,geography,0.0
primary_total_co2,M2,FIN,spatial_block=South America,geography,0.0
primary_total_co2,M2,FRA,spatial_block=South America,geography,0.0
primary_total_co2,M2,DEU,spatial_block=South America,geography,0.0
primary_total_co2,M2,GRC,spatial_block=South America,geography,0.0
primary_total_co2,M2,HUN,spatial_block=South America,geography,0.0
primary_total_co2,M2,ISL,spatial_block=South America,geography,0.0
primary_total_co2,M2,IRL,spatial_block=South America,geography,0.0
primary_total_co2,M2,ITA,spatial_block=South America,geography,0.0
primary_total_co2,M2,LVA,spatial_block=South America,geography,0.0
primary_total_co2,M2,LTU,spatial_block=South America,geography,0.0
primary_total_co2,M2,MKD,spatial_block=South America,geography,0.0
primary_total_co2,M2,MDA,spatial_block=South America,geography,0.0
primary_total_co2,M2,MNE,spatial_block=South America,geography,0.0
primary_total_co2,M2,NLD,spatial_block=South America,geography,0.0
primary_total_co2,M2,NOR,spatial_block=South America,geography,0.0
primary_total_co2,M2,POL,spatial_block=South America,geography,0.0
primary_total_co2,M2,PRT,spatial_block=South America,geography,0.0
primary_total_co2,M2,ROU,spatial_block=South America,geography,0.0
primary_total_co2,M2,RUS,spatial_block=South America,geography,0.0
primary_total_co2,M2,SRB,spatial_block=South America,geography,0.0
primary_total_co2,M2,SVK,spatial_block=South America,geography,0.0
primary_total_co2,M2,SVN,spatial_block=South America,geography,0.0
primary_total_co2,M2,ESP,spatial_block=South America,geography,0.0
primary_total_co2,M2,SWE,spatial_block=South America,geography,0.0
primary_total_co2,M2,CHE,spatial_block=South America,geography,0.0
primary_total_co2,M2,UKR,spatial_block=South America,geography,0.0
primary_total_co2,M2,GBR,spatial_block=South America,geography,0.0
primary_total_co2,M2,BHS,spatial_block=South America,geography,0.0
primary_total_co2,M2,CAN,spatial_block=South America,geography,0.0
primary_total_co2,M2,CRI,spatial_block=South America,geography,0.0
primary_total_co2,M2,CUB,spatial_block=South America,geography,0.0
primary_total_co2,M2,DOM,spatial_block=South America,geography,0.0
primary_total_co2,M2,SLV,spatial_block=South America,geography,0.0
primary_total_co2,M2,GTM,spatial_block=South America,geography,0.0
primary_total_co2,M2,HTI,spatial_block=South America,geography,0.0
primary_total_co2,M2,HND,spatial_block=South America,geography,0.0
primary_total_co2,M2,JAM,spatial_block=South America,geography,0.0
primary_total_co2,M2,MEX,spatial_block=South America,geography,0.0
primary_total_co2,M2,NIC,spatial_block=South America,geography,0.0
primary_total_co2,M2,PAN,spatial_block=South America,geography,0.0
primary_total_co2,M2,USA,spatial_block=South America,geography,0.0
primary_total_co2,M2,AUS,spatial_block=South America,geography,0.0
primary_total_co2,M2,NZL,spatial_block=South America,geography,0.0
primary_total_co2,M2,PNG,spatial_block=South America,geography,0.0
primary_total_co2,M2,ARG,spatial_block=South America,geography,1.0
primary_total_co2,M2,BOL,spatial_block=South America,geography,1.0
primary_total_co2,M2,BRA,spatial_block=South America,geography,1.0
primary_total_co2,M2,CHL,spatial_block=South America,geography,1.0
primary_total_co2,M2,COL,spatial_block=South America,geography,1.0
primary_total_co2,M2,ECU,spatial_block=South America,geography,1.0
primary_total_co2,M2,PRY,spatial_block=South America,geography,1.0
primary_total_co2,M2,PER,spatial_block=South America,geography,1.0
primary_total_co2,M2,SUR,spatial_block=South America,geography,1.0
primary_total_co2,M2,URY,spatial_block=South America,geography,1.0
primary_total_co2,M2,VEN,spatial_block=South America,geography,1.0
primary_total_co2,M2,DZA,income_group=Low-income countries,socioeconomic,0.0
primary_total_co2,M2,AGO,income_group=Low-income countries,socioeconomic,0.0
primary_total_co2,M2,BEN,income_group=Low-income countries,socioeconomic,0.0
primary_total_co2,M2,BWA,income_group=Low-income countries,socioeconomic,0.0
primary_total_co2,M2,BFA,income_group=Low-income countries,socioeconomic,1.0
primary_total_co2,M2,BDI,income_group=Low-income countries,socioeconomic,1.0
primary_total_co2,M2,CMR,income_group=Low-income countries,socioeconomic,0.0
primary_total_co2,M2,CAF,income_group=Low-income countries,socioeconomic,1.0
primary_total_co2,M2,TCD,income_group=Low-income countries,socioeconomic,1.0
primary_total_co2,M2,COG,income_group=Low-income countries,socioeconomic,0.0
primary_total_co2,M2,COD,income_group=Low-income countries,socioeconomic,1.0
primary_total_co2,M2,CIV,income_group=Low-income countries,socioeconomic,0.0
primary_total_co2,M2,DJI,income_group=Low-income countries,socioeconomic,0.0
primary_total_co2,M2,EGY,income_group=Low-income countries,socioeconomic,0.0
primary_total_co2,M2,GNQ,income_group=Low-income countries,socioeconomic,0.0
primary_total_co2,M2,ERI,income_group=Low-income countries,socioeconomic,1.0
primary_total_co2,M2,ETH,income_group=Low-income countries,socioeconomic,1.0
primary_total_co2,M2,GAB,income_group=Low-income countries,socioeconomic,0.0
primary_total_co2,M2,GHA,income_group=Low-income countries,socioeconomic,0.0
primary_total_co2,M2,GIN,income_group=Low-income countries,socioeconomic,0.0
primary_total_co2,M2,GNB,income_group=Low-income countries,socioeconomic,1.0
primary_total_co2,M2,KEN,income_group=Low-income countries,socioeconomic,0.0
primary_total_co2,M2,LSO,income_group=Low-income countries,socioeconomic,0.0
primary_total_co2,M2,LBR,income_group=Low-income countries,socioeconomic,1.0
primary_total_co2,M2,LBY,income_group=Low-income countries,socioeconomic,0.0
primary_total_co2,M2,MDG,income_group=Low-income countries,socioeconomic,1.0
primary_total_co2,M2,MWI,income_group=Low-income countries,socioeconomic,1.0
primary_total_co2,M2,MLI,income_group=Low-income countries,socioeconomic,1.0
primary_total_co2,M2,MRT,income_group=Low-income countries,socioeconomic,0.0
primary_total_co2,M2,MAR,income_group=Low-income countries,socioeconomic,0.0
primary_total_co2,M2,MOZ,income_group=Low-income countries,socioeconomic,1.0
primary_total_co2,M2,NAM,income_group=Low-income countries,socioeconomic,0.0
primary_total_co2,M2,NER,income_group=Low-income countries,socioeconomic,1.0
primary_total_co2,M2,NGA,income_group=Low-income countries,socioeconomic,0.0
primary_total_co2,M2,RWA,income_group=Low-income countries,socioeconomic,1.0
primary_total_co2,M2,SEN,income_group=Low-income countries,socioeconomic,0.0
primary_total_co2,M2,SLE,income_group=Low-income countries,socioeconomic,1.0
primary_total_co2,M2,SOM,income_group=Low-income countries,socioeconomic,1.0
primary_total_co2,M2,ZAF,income_group=Low-income countries,socioeconomic,0.0
primary_total_co2,M2,SDN,income_group=Low-income countries,socioeconomic,1.0
primary_total_co2,M2,SWZ,income_group=Low-income countries,socioeconomic,0.0
primary_total_co2,M2,TZA,income_group=Low-income countries,socioeconomic,0.0
primary_total_co2,M2,TGO,income_group=Low-income countries,socioeconomic,1.0
primary_total_co2,M2,TUN,income_group=Low-income countries,socioeconomic,0.0
primary_total_co2,M2,UGA,income_group=Low-income countries,socioeconomic,1.0
primary_total_co2,M2,ZMB,income_group=Low-income countries,socioeconomic,0.0
primary_total_co2,M2,ZWE,income_group=Low-income countries,socioeconomic,0.0
primary_total_co2,M2,AFG,income_group=Low-income countries,socioeconomic,1.0
primary_total_co2,M2,ARM,income_group=Low-income countries,socioeconomic,0.0
primary_total_co2,M2,AZE,income_group=Low-income countries,socioeconomic,0.0
primary_total_co2,M2,BGD,income_group=Low-income countries,socioeconomic,0.0
primary_total_co2,M2,MMR,income_group=Low-income countries,socioeconomic,0.0
primary_total_co2,M2,KHM,income_group=Low-income countries,socioeconomic,0.0
primary_total_co2,M2,CHN,income_group=Low-income countries,socioeconomic,0.0
primary_total_co2,M2,GEO,income_group=Low-income countries,socioeconomic,0.0
primary_total_co2,M2,IND,income_group=Low-income countries,socioeconomic,0.0
primary_total_co2,M2,IDN,income_group=Low-income countries,socioeconomic,0.0
primary_total_co2,M2,IRN,income_group=Low-income countries,socioeconomic,0.0
primary_total_co2,M2,IRQ,income_group=Low-income countries,socioeconomic,0.0
primary_total_co2,M2,ISR,income_group=Low-income countries,socioeconomic,0.0
primary_total_co2,M2,JPN,income_group=Low-income countries,socioeconomic,0.0
primary_total_co2,M2,JOR,income_group=Low-income countries,socioeconomic,0.0
primary_total_co2,M2,KAZ,income_group=Low-income countries,socioeconomic,0.0
primary_total_co2,M2,LAO,income_group=Low-income countries,socioeconomic,0.0
primary_total_co2,M2,LBN,income_group=Low-income countries,socioeconomic,0.0
primary_total_co2,M2,MYS,income_group=Low-income countries,socioeconomic,0.0
primary_total_co2,M2,MNG,income_group=Low-income countries,socioeconomic,0.0
primary_total_co2,M2,NPL,income_group=Low-income countries,socioeconomic,0.0
primary_total_co2,M2,OMN,income_group=Low-income countries,socioeconomic,0.0
primary_total_co2,M2,PAK,income_group=Low-income countries,socioeconomic,0.0
primary_total_co2,M2,PHL,income_group=Low-income countries,socioeconomic,0.0
primary_total_co2,M2,QAT,income_group=Low-income countries,socioeconomic,0.0
primary_total_co2,M2,SAU,income_group=Low-income countries,socioeconomic,0.0
primary_total_co2,M2,KOR,income_group=Low-income countries,socioeconomic,0.0
primary_total_co2,M2,LKA,income_group=Low-income countries,socioeconomic,0.0
primary_total_co2,M2,SYR,income_group=Low-income countries,socioeconomic,1.0
primary_total_co2,M2,TWN,income_group=Low-income countries,socioeconomic,0.0
primary_total_co2,M2,TJK,income_group=Low-income countries,socioeconomic,0.0
primary_total_co2,M2,THA,income_group=Low-income countries,socioeconomic,0.0
primary_total_co2,M2,TUR,income_group=Low-income countries,socioeconomic,0.0
primary_total_co2,M2,TKM,income_group=Low-income countries,socioeconomic,0.0
primary_total_co2,M2,ARE,income_group=Low-income countries,socioeconomic,0.0
primary_total_co2,M2,UZB,income_group=Low-income countries,socioeconomic,0.0
primary_total_co2,M2,VNM,income_group=Low-income countries,socioeconomic,0.0
primary_total_co2,M2,YEM,income_group=Low-income countries,socioeconomic,1.0
primary_total_co2,M2,ALB,income_group=Low-income countries,socioeconomic,0.0
primary_total_co2,M2,AUT,income_group=Low-income countries,socioeconomic,0.0
primary_total_co2,M2,BLR,income_group=Low-income countries,socioeconomic,0.0
primary_total_co2,M2,BEL,income_group=Low-income countries,socioeconomic,0.0
primary_total_co2,M2,BIH,income_group=Low-income countries,socioeconomic,0.0
primary_total_co2,M2,BGR,income_group=Low-income countries,socioeconomic,0.0
primary_total_co2,M2,HRV,income_group=Low-income countries,socioeconomic,0.0
primary_total_co2,M2,CYP,income_group=Low-income countries,socioeconomic,0.0
primary_total_co2,M2,CZE,income_group=Low-income countries,socioeconomic,0.0
primary_total_co2,M2,DNK,income_group=Low-income countries,socioeconomic,0.0
primary_total_co2,M2,EST,income_group=Low-income countries,socioeconomic,0.0
primary_total_co2,M2,FIN,income_group=Low-income countries,socioeconomic,0.0
primary_total_co2,M2,FRA,income_group=Low-income countries,socioeconomic,0.0
primary_total_co2,M2,DEU,income_group=Low-income countries,socioeconomic,0.0
primary_total_co2,M2,GRC,income_group=Low-income countries,socioeconomic,0.0
primary_total_co2,M2,HUN,income_group=Low-income countries,socioeconomic,0.0
primary_total_co2,M2,ISL,income_group=Low-income countries,socioeconomic,0.0
primary_total_co2,M2,IRL,income_group=Low-income countries,socioeconomic,0.0
primary_total_co2,M2,ITA,income_group=Low-income countries,socioeconomic,0.0
primary_total_co2,M2,LVA,income_group=Low-income countries,socioeconomic,0.0
primary_total_co2,M2,LTU,income_group=Low-income countries,socioeconomic,0.0
primary_total_co2,M2,MKD,income_group=Low-income countries,socioeconomic,0.0
primary_total_co2,M2,MDA,income_group=Low-income countries,socioeconomic,0.0
primary_total_co2,M2,MNE,income_group=Low-income countries,socioeconomic,0.0
primary_total_co2,M2,NLD,income_group=Low-income countries,socioeconomic,0.0
primary_total_co2,M2,NOR,income_group=Low-income countries,socioeconomic,0.0
primary_total_co2,M2,POL,income_group=Low-income countries,socioeconomic,0.0
primary_total_co2,M2,PRT,income_group=Low-income countries,socioeconomic,0.0
primary_total_co2,M2,ROU,income_group=Low-income countries,socioeconomic,0.0
primary_total_co2,M2,RUS,income_group=Low-income countries,socioeconomic,0.0
primary_total_co2,M2,SRB,income_group=Low-income countries,socioeconomic,0.0
primary_total_co2,M2,SVK,income_group=Low-income countries,socioeconomic,0.0
primary_total_co2,M2,SVN,income_group=Low-income countries,socioeconomic,0.0
primary_total_co2,M2,ESP,income_group=Low-income countries,socioeconomic,0.0
primary_total_co2,M2,SWE,income_group=Low-income countries,socioeconomic,0.0
primary_total_co2,M2,CHE,income_group=Low-income countries,socioeconomic,0.0
primary_total_co2,M2,UKR,income_group=Low-income countries,socioeconomic,0.0
primary_total_co2,M2,GBR,income_group=Low-income countries,socioeconomic,0.0
primary_total_co2,M2,BHS,income_group=Low-income countries,socioeconomic,0.0
primary_total_co2,M2,CAN,income_group=Low-income countries,socioeconomic,0.0
primary_total_co2,M2,CRI,income_group=Low-income countries,socioeconomic,0.0
primary_total_co2,M2,CUB,income_group=Low-income countries,socioeconomic,0.0
primary_total_co2,M2,DOM,income_group=Low-income countries,socioeconomic,0.0
primary_total_co2,M2,SLV,income_group=Low-income countries,socioeconomic,0.0
primary_total_co2,M2,GTM,income_group=Low-income countries,socioeconomic,0.0
primary_total_co2,M2,HTI,income_group=Low-income countries,socioeconomic,0.0
primary_total_co2,M2,HND,income_group=Low-income countries,socioeconomic,0.0
primary_total_co2,M2,JAM,income_group=Low-income countries,socioeconomic,0.0
primary_total_co2,M2,MEX,income_group=Low-income countries,socioeconomic,0.0
primary_total_co2,M2,NIC,income_group=Low-income countries,socioeconomic,0.0
primary_total_co2,M2,PAN,income_group=Low-income countries,socioeconomic,0.0
primary_total_co2,M2,USA,income_group=Low-income countries,socioeconomic,0.0
primary_total_co2,M2,AUS,income_group=Low-income countries,socioeconomic,0.0
primary_total_co2,M2,NZL,income_group=Low-income countries,socioeconomic,0.0
primary_total_co2,M2,PNG,income_group=Low-income countries,socioeconomic,0.0
primary_total_co2,M2,ARG,income_group=Low-income countries,socioeconomic,0.0
primary_total_co2,M2,BOL,income_group=Low-income countries,socioeconomic,0.0
primary_total_co2,M2,BRA,income_group=Low-income countries,socioeconomic,0.0
primary_total_co2,M2,CHL,income_group=Low-income countries,socioeconomic,0.0
primary_total_co2,M2,COL,income_group=Low-income countries,socioeconomic,0.0
primary_total_co2,M2,ECU,income_group=Low-income countries,socioeconomic,0.0
primary_total_co2,M2,PRY,income_group=Low-income countries,socioeconomic,0.0
primary_total_co2,M2,PER,income_group=Low-income countries,socioeconomic,0.0
primary_total_co2,M2,SUR,income_group=Low-income countries,socioeconomic,0.0
primary_total_co2,M2,URY,income_group=Low-income countries,socioeconomic,0.0
primary_total_co2,M2,VEN,income_group=Low-income countries,socioeconomic,0.0
primary_total_co2,M2,DZA,income_group=Lower-middle-income countries,socioeconomic,0.0
primary_total_co2,M2,AGO,income_group=Lower-middle-income countries,socioeconomic,1.0
primary_total_co2,M2,BEN,income_group=Lower-middle-income countries,socioeconomic,1.0
primary_total_co2,M2,BWA,income_group=Lower-middle-income countries,socioeconomic,0.0
primary_total_co2,M2,BFA,income_group=Lower-middle-income countries,socioeconomic,0.0
primary_total_co2,M2,BDI,income_group=Lower-middle-income countries,socioeconomic,0.0
primary_total_co2,M2,CMR,income_group=Lower-middle-income countries,socioeconomic,1.0
primary_total_co2,M2,CAF,income_group=Lower-middle-income countries,socioeconomic,0.0
primary_total_co2,M2,TCD,income_group=Lower-middle-income countries,socioeconomic,0.0
primary_total_co2,M2,COG,income_group=Lower-middle-income countries,socioeconomic,1.0
primary_total_co2,M2,COD,income_group=Lower-middle-income countries,socioeconomic,0.0
primary_total_co2,M2,CIV,income_group=Lower-middle-income countries,socioeconomic,1.0
primary_total_co2,M2,DJI,income_group=Lower-middle-income countries,socioeconomic,1.0
primary_total_co2,M2,EGY,income_group=Lower-middle-income countries,socioeconomic,1.0
primary_total_co2,M2,GNQ,income_group=Lower-middle-income countries,socioeconomic,0.0
primary_total_co2,M2,ERI,income_group=Lower-middle-income countries,socioeconomic,0.0
primary_total_co2,M2,ETH,income_group=Lower-middle-income countries,socioeconomic,0.0
primary_total_co2,M2,GAB,income_group=Lower-middle-income countries,socioeconomic,0.0
primary_total_co2,M2,GHA,income_group=Lower-middle-income countries,socioeconomic,1.0
primary_total_co2,M2,GIN,income_group=Lower-middle-income countries,socioeconomic,1.0
primary_total_co2,M2,GNB,income_group=Lower-middle-income countries,socioeconomic,0.0
primary_total_co2,M2,KEN,income_group=Lower-middle-income countries,socioeconomic,1.0
primary_total_co2,M2,LSO,income_group=Lower-middle-income countries,socioeconomic,1.0
primary_total_co2,M2,LBR,income_group=Lower-middle-income countries,socioeconomic,0.0
primary_total_co2,M2,LBY,income_group=Lower-middle-income countries,socioeconomic,0.0
primary_total_co2,M2,MDG,income_group=Lower-middle-income countries,socioeconomic,0.0
primary_total_co2,M2,MWI,income_group=Lower-middle-income countries,socioeconomic,0.0
primary_total_co2,M2,MLI,income_group=Lower-middle-income countries,socioeconomic,0.0
primary_total_co2,M2,MRT,income_group=Lower-middle-income countries,socioeconomic,1.0
primary_total_co2,M2,MAR,income_group=Lower-middle-income countries,socioeconomic,1.0
primary_total_co2,M2,MOZ,income_group=Lower-middle-income countries,socioeconomic,0.0
primary_total_co2,M2,NAM,income_group=Lower-middle-income countries,socioeconomic,1.0
primary_total_co2,M2,NER,income_group=Lower-middle-income countries,socioeconomic,0.0
primary_total_co2,M2,NGA,income_group=Lower-middle-income countries,socioeconomic,1.0
primary_total_co2,M2,RWA,income_group=Lower-middle-income countries,socioeconomic,0.0
primary_total_co2,M2,SEN,income_group=Lower-middle-income countries,socioeconomic,1.0
primary_total_co2,M2,SLE,income_group=Lower-middle-income countries,socioeconomic,0.0
primary_total_co2,M2,SOM,income_group=Lower-middle-income countries,socioeconomic,0.0
primary_total_co2,M2,ZAF,income_group=Lower-middle-income countries,socioeconomic,0.0
primary_total_co2,M2,SDN,income_group=Lower-middle-income countries,socioeconomic,0.0
primary_total_co2,M2,SWZ,income_group=Lower-middle-income countries,socioeconomic,1.0
primary_total_co2,M2,TZA,income_group=Lower-middle-income countries,socioeconomic,1.0
primary_total_co2,M2,TGO,income_group=Lower-middle-income countries,socioeconomic,0.0
primary_total_co2,M2,TUN,income_group=Lower-middle-income countries,socioeconomic,1.0
primary_total_co2,M2,UGA,income_group=Lower-middle-income countries,socioeconomic,0.0
primary_total_co2,M2,ZMB,income_group=Lower-middle-income countries,socioeconomic,1.0
primary_total_co2,M2,ZWE,income_group=Lower-middle-income countries,socioeconomic,1.0
primary_total_co2,M2,AFG,income_group=Lower-middle-income countries,socioeconomic,0.0
primary_total_co2,M2,ARM,income_group=Lower-middle-income countries,socioeconomic,0.0
primary_total_co2,M2,AZE,income_group=Lower-middle-income countries,socioeconomic,0.0
primary_total_co2,M2,BGD,income_group=Lower-middle-income countries,socioeconomic,1.0
primary_total_co2,M2,MMR,income_group=Lower-middle-income countries,socioeconomic,1.0
primary_total_co2,M2,KHM,income_group=Lower-middle-income countries,socioeconomic,1.0
primary_total_co2,M2,CHN,income_group=Lower-middle-income countries,socioeconomic,0.0
primary_total_co2,M2,GEO,income_group=Lower-middle-income countries,socioeconomic,0.0
primary_total_co2,M2,IND,income_group=Lower-middle-income countries,socioeconomic,1.0
primary_total_co2,M2,IDN,income_group=Lower-middle-income countries,socioeconomic,0.0
primary_total_co2,M2,IRN,income_group=Lower-middle-income countries,socioeconomic,0.0
primary_total_co2,M2,IRQ,income_group=Lower-middle-income countries,socioeconomic,0.0
primary_total_co2,M2,ISR,income_group=Lower-middle-income countries,socioeconomic,0.0
primary_total_co2,M2,JPN,income_group=Lower-middle-income countries,socioeconomic,0.0
primary_total_co2,M2,JOR,income_group=Lower-middle-income countries,socioeconomic,1.0
primary_total_co2,M2,KAZ,income_group=Lower-middle-income countries,socioeconomic,0.0
primary_total_co2,M2,LAO,income_group=Lower-middle-income countries,socioeconomic,1.0
primary_total_co2,M2,LBN,income_group=Lower-middle-income countries,socioeconomic,1.0
primary_total_co2,M2,MYS,income_group=Lower-middle-income countries,socioeconomic,0.0
primary_total_co2,M2,MNG,income_group=Lower-middle-income countries,socioeconomic,0.0
primary_total_co2,M2,NPL,income_group=Lower-middle-income countries,socioeconomic,1.0
primary_total_co2,M2,OMN,income_group=Lower-middle-income countries,socioeconomic,0.0
primary_total_co2,M2,PAK,income_group=Lower-middle-income countries,socioeconomic,1.0
primary_total_co2,M2,PHL,income_group=Lower-middle-income countries,socioeconomic,1.0
primary_total_co2,M2,QAT,income_group=Lower-middle-income countries,socioeconomic,0.0
primary_total_co2,M2,SAU,income_group=Lower-middle-income countries,socioeconomic,0.0
primary_total_co2,M2,KOR,income_group=Lower-middle-income countries,socioeconomic,0.0
primary_total_co2,M2,LKA,income_group=Lower-middle-income countries,socioeconomic,1.0
primary_total_co2,M2,SYR,income_group=Lower-middle-income countries,socioeconomic,0.0
primary_total_co2,M2,TWN,income_group=Lower-middle-income countries,socioeconomic,0.0
primary_total_co2,M2,TJK,income_group=Lower-middle-income countries,socioeconomic,1.0
primary_total_co2,M2,THA,income_group=Lower-middle-income countries,socioeconomic,0.0
primary_total_co2,M2,TUR,income_group=Lower-middle-income countries,socioeconomic,0.0
primary_total_co2,M2,TKM,income_group=Lower-middle-income countries,socioeconomic,0.0
primary_total_co2,M2,ARE,income_group=Lower-middle-income countries,socioeconomic,0.0
primary_total_co2,M2,UZB,income_group=Lower-middle-income countries,socioeconomic,1.0
primary_total_co2,M2,VNM,income_group=Lower-middle-income countries,socioeconomic,1.0
primary_total_co2,M2,YEM,income_group=Lower-middle-income countries,socioeconomic,0.0
primary_total_co2,M2,ALB,income_group=Lower-middle-income countries,socioeconomic,0.0
primary_total_co2,M2,AUT,income_group=Lower-middle-income countries,socioeconomic,0.0
primary_total_co2,M2,BLR,income_group=Lower-middle-income countries,socioeconomic,0.0
primary_total_co2,M2,BEL,income_group=Lower-middle-income countries,socioeconomic,0.0
primary_total_co2,M2,BIH,income_group=Lower-middle-income countries,socioeconomic,0.0
primary_total_co2,M2,BGR,income_group=Lower-middle-income countries,socioeconomic,0.0
primary_total_co2,M2,HRV,income_group=Lower-middle-income countries,socioeconomic,0.0
primary_total_co2,M2,CYP,income_group=Lower-middle-income countries,socioeconomic,0.0
primary_total_co2,M2,CZE,income_group=Lower-middle-income countries,socioeconomic,0.0
primary_total_co2,M2,DNK,income_group=Lower-middle-income countries,socioeconomic,0.0
primary_total_co2,M2,EST,income_group=Lower-middle-income countries,socioeconomic,0.0
primary_total_co2,M2,FIN,income_group=Lower-middle-income countries,socioeconomic,0.0
primary_total_co2,M2,FRA,income_group=Lower-middle-income countries,socioeconomic,0.0
primary_total_co2,M2,DEU,income_group=Lower-middle-income countries,socioeconomic,0.0
primary_total_co2,M2,GRC,income_group=Lower-middle-income countries,socioeconomic,0.0
primary_total_co2,M2,HUN,income_group=Lower-middle-income countries,socioeconomic,0.0
primary_total_co2,M2,ISL,income_group=Lower-middle-income countries,socioeconomic,0.0
primary_total_co2,M2,IRL,income_group=Lower-middle-income countries,socioeconomic,0.0
primary_total_co2,M2,ITA,income_group=Lower-middle-income countries,socioeconomic,0.0
primary_total_co2,M2,LVA,income_group=Lower-middle-income countries,socioeconomic,0.0
primary_total_co2,M2,LTU,income_group=Lower-middle-income countries,socioeconomic,0.0
primary_total_co2,M2,MKD,income_group=Lower-middle-income countries,socioeconomic,0.0
primary_total_co2,M2,MDA,income_group=Lower-middle-income countries,socioeconomic,0.0
primary_total_co2,M2,MNE,income_group=Lower-middle-income countries,socioeconomic,0.0
primary_total_co2,M2,NLD,income_group=Lower-middle-income countries,socioeconomic,0.0
primary_total_co2,M2,NOR,income_group=Lower-middle-income countries,socioeconomic,0.0
primary_total_co2,M2,POL,income_group=Lower-middle-income countries,socioeconomic,0.0
primary_total_co2,M2,PRT,income_group=Lower-middle-income countries,socioeconomic,0.0
primary_total_co2,M2,ROU,income_group=Lower-middle-income countries,socioeconomic,0.0
primary_total_co2,M2,RUS,income_group=Lower-middle-income countries,socioeconomic,0.0
primary_total_co2,M2,SRB,income_group=Lower-middle-income countries,socioeconomic,0.0
primary_total_co2,M2,SVK,income_group=Lower-middle-income countries,socioeconomic,0.0
primary_total_co2,M2,SVN,income_group=Lower-middle-income countries,socioeconomic,0.0
primary_total_co2,M2,ESP,income_group=Lower-middle-income countries,socioeconomic,0.0
primary_total_co2,M2,SWE,income_group=Lower-middle-income countries,socioeconomic,0.0
primary_total_co2,M2,CHE,income_group=Lower-middle-income countries,socioeconomic,0.0
primary_total_co2,M2,UKR,income_group=Lower-middle-income countries,socioeconomic,0.0
primary_total_co2,M2,GBR,income_group=Lower-middle-income countries,socioeconomic,0.0
primary_total_co2,M2,BHS,income_group=Lower-middle-income countries,socioeconomic,0.0
primary_total_co2,M2,CAN,income_group=Lower-middle-income countries,socioeconomic,0.0
primary_total_co2,M2,CRI,income_group=Lower-middle-income countries,socioeconomic,0.0
primary_total_co2,M2,CUB,income_group=Lower-middle-income countries,socioeconomic,0.0
primary_total_co2,M2,DOM,income_group=Lower-middle-income countries,socioeconomic,0.0
primary_total_co2,M2,SLV,income_group=Lower-middle-income countries,socioeconomic,0.0
primary_total_co2,M2,GTM,income_group=Lower-middle-income countries,socioeconomic,0.0
primary_total_co2,M2,HTI,income_group=Lower-middle-income countries,socioeconomic,1.0
primary_total_co2,M2,HND,income_group=Lower-middle-income countries,socioeconomic,1.0
primary_total_co2,M2,JAM,income_group=Lower-middle-income countries,socioeconomic,0.0
primary_total_co2,M2,MEX,income_group=Lower-middle-income countries,socioeconomic,0.0
primary_total_co2,M2,NIC,income_group=Lower-middle-income countries,socioeconomic,1.0
primary_total_co2,M2,PAN,income_group=Lower-middle-income countries,socioeconomic,0.0
primary_total_co2,M2,USA,income_group=Lower-middle-income countries,socioeconomic,0.0
primary_total_co2,M2,AUS,income_group=Lower-middle-income countries,socioeconomic,0.0
primary_total_co2,M2,NZL,income_group=Lower-middle-income countries,socioeconomic,0.0
primary_total_co2,M2,PNG,income_group=Lower-middle-income countries,socioeconomic,1.0
primary_total_co2,M2,ARG,income_group=Lower-middle-income countries,socioeconomic,0.0
primary_total_co2,M2,BOL,income_group=Lower-middle-income countries,socioeconomic,1.0
primary_total_co2,M2,BRA,income_group=Lower-middle-income countries,socioeconomic,0.0
primary_total_co2,M2,CHL,income_group=Lower-middle-income countries,socioeconomic,0.0
primary_total_co2,M2,COL,income_group=Lower-middle-income countries,socioeconomic,0.0
primary_total_co2,M2,ECU,income_group=Lower-middle-income countries,socioeconomic,0.0
primary_total_co2,M2,PRY,income_group=Lower-middle-income countries,socioeconomic,0.0
primary_total_co2,M2,PER,income_group=Lower-middle-income countries,socioeconomic,0.0
primary_total_co2,M2,SUR,income_group=Lower-middle-income countries,socioeconomic,0.0
primary_total_co2,M2,URY,income_group=Lower-middle-income countries,socioeconomic,0.0
primary_total_co2,M2,VEN,income_group=Lower-middle-income countries,socioeconomic,0.0
primary_total_co2,M2,DZA,income_group=Upper-middle-income countries,socioeconomic,1.0
primary_total_co2,M2,AGO,income_group=Upper-middle-income countries,socioeconomic,0.0
primary_total_co2,M2,BEN,income_group=Upper-middle-income countries,socioeconomic,0.0
primary_total_co2,M2,BWA,income_group=Upper-middle-income countries,socioeconomic,1.0
primary_total_co2,M2,BFA,income_group=Upper-middle-income countries,socioeconomic,0.0
primary_total_co2,M2,BDI,income_group=Upper-middle-income countries,socioeconomic,0.0
primary_total_co2,M2,CMR,income_group=Upper-middle-income countries,socioeconomic,0.0
primary_total_co2,M2,CAF,income_group=Upper-middle-income countries,socioeconomic,0.0
primary_total_co2,M2,TCD,income_group=Upper-middle-income countries,socioeconomic,0.0
primary_total_co2,M2,COG,income_group=Upper-middle-income countries,socioeconomic,0.0
primary_total_co2,M2,COD,income_group=Upper-middle-income countries,socioeconomic,0.0
primary_total_co2,M2,CIV,income_group=Upper-middle-income countries,socioeconomic,0.0
primary_total_co2,M2,DJI,income_group=Upper-middle-income countries,socioeconomic,0.0
primary_total_co2,M2,EGY,income_group=Upper-middle-income countries,socioeconomic,0.0
primary_total_co2,M2,GNQ,income_group=Upper-middle-income countries,socioeconomic,1.0
primary_total_co2,M2,ERI,income_group=Upper-middle-income countries,socioeconomic,0.0
primary_total_co2,M2,ETH,income_group=Upper-middle-income countries,socioeconomic,0.0
primary_total_co2,M2,GAB,income_group=Upper-middle-income countries,socioeconomic,1.0
primary_total_co2,M2,GHA,income_group=Upper-middle-income countries,socioeconomic,0.0
primary_total_co2,M2,GIN,income_group=Upper-middle-income countries,socioeconomic,0.0
primary_total_co2,M2,GNB,income_group=Upper-middle-income countries,socioeconomic,0.0
primary_total_co2,M2,KEN,income_group=Upper-middle-income countries,socioeconomic,0.0
primary_total_co2,M2,LSO,income_group=Upper-middle-income countries,socioeconomic,0.0
primary_total_co2,M2,LBR,income_group=Upper-middle-income countries,socioeconomic,0.0
primary_total_co2,M2,LBY,income_group=Upper-middle-income countries,socioeconomic,1.0
primary_total_co2,M2,MDG,income_group=Upper-middle-income countries,socioeconomic,0.0
primary_total_co2,M2,MWI,income_group=Upper-middle-income countries,socioeconomic,0.0
primary_total_co2,M2,MLI,income_group=Upper-middle-income countries,socioeconomic,0.0
primary_total_co2,M2,MRT,income_group=Upper-middle-income countries,socioeconomic,0.0
primary_total_co2,M2,MAR,income_group=Upper-middle-income countries,socioeconomic,0.0
primary_total_co2,M2,MOZ,income_group=Upper-middle-income countries,socioeconomic,0.0
primary_total_co2,M2,NAM,income_group=Upper-middle-income countries,socioeconomic,0.0
primary_total_co2,M2,NER,income_group=Upper-middle-income countries,socioeconomic,0.0
primary_total_co2,M2,NGA,income_group=Upper-middle-income countries,socioeconomic,0.0
primary_total_co2,M2,RWA,income_group=Upper-middle-income countries,socioeconomic,0.0
primary_total_co2,M2,SEN,income_group=Upper-middle-income countries,socioeconomic,0.0
primary_total_co2,M2,SLE,income_group=Upper-middle-income countries,socioeconomic,0.0
primary_total_co2,M2,SOM,income_group=Upper-middle-income countries,socioeconomic,0.0
primary_total_co2,M2,ZAF,income_group=Upper-middle-income countries,socioeconomic,1.0
primary_total_co2,M2,SDN,income_group=Upper-middle-income countries,socioeconomic,0.0
primary_total_co2,M2,SWZ,income_group=Upper-middle-income countries,socioeconomic,0.0
primary_total_co2,M2,TZA,income_group=Upper-middle-income countries,socioeconomic,0.0
primary_total_co2,M2,TGO,income_group=Upper-middle-income countries,socioeconomic,0.0
primary_total_co2,M2,TUN,income_group=Upper-middle-income countries,socioeconomic,0.0
primary_total_co2,M2,UGA,income_group=Upper-middle-income countries,socioeconomic,0.0
primary_total_co2,M2,ZMB,income_group=Upper-middle-income countries,socioeconomic,0.0
primary_total_co2,M2,ZWE,income_group=Upper-middle-income countries,socioeconomic,0.0
primary_total_co2,M2,AFG,income_group=Upper-middle-income countries,socioeconomic,0.0
primary_total_co2,M2,ARM,income_group=Upper-middle-income countries,socioeconomic,1.0
primary_total_co2,M2,AZE,income_group=Upper-middle-income countries,socioeconomic,1.0
primary_total_co2,M2,BGD,income_group=Upper-middle-income countries,socioeconomic,0.0
primary_total_co2,M2,MMR,income_group=Upper-middle-income countries,socioeconomic,0.0
primary_total_co2,M2,KHM,income_group=Upper-middle-income countries,socioeconomic,0.0
primary_total_co2,M2,CHN,income_group=Upper-middle-income countries,socioeconomic,1.0
primary_total_co2,M2,GEO,income_group=Upper-middle-income countries,socioeconomic,1.0
primary_total_co2,M2,IND,income_group=Upper-middle-income countries,socioeconomic,0.0
primary_total_co2,M2,IDN,income_group=Upper-middle-income countries,socioeconomic,1.0
primary_total_co2,M2,IRN,income_group=Upper-middle-income countries,socioeconomic,1.0
primary_total_co2,M2,IRQ,income_group=Upper-middle-income countries,socioeconomic,1.0
primary_total_co2,M2,ISR,income_group=Upper-middle-income countries,socioeconomic,0.0
primary_total_co2,M2,JPN,income_group=Upper-middle-income countries,socioeconomic,0.0
primary_total_co2,M2,JOR,income_group=Upper-middle-income countries,socioeconomic,0.0
primary_total_co2,M2,KAZ,income_group=Upper-middle-income countries,socioeconomic,1.0
primary_total_co2,M2,LAO,income_group=Upper-middle-income countries,socioeconomic,0.0
primary_total_co2,M2,LBN,income_group=Upper-middle-income countries,socioeconomic,0.0
primary_total_co2,M2,MYS,income_group=Upper-middle-income countries,socioeconomic,1.0
primary_total_co2,M2,MNG,income_group=Upper-middle-income countries,socioeconomic,1.0
primary_total_co2,M2,NPL,income_group=Upper-middle-income countries,socioeconomic,0.0
primary_total_co2,M2,OMN,income_group=Upper-middle-income countries,socioeconomic,0.0
primary_total_co2,M2,PAK,income_group=Upper-middle-income countries,socioeconomic,0.0
primary_total_co2,M2,PHL,income_group=Upper-middle-income countries,socioeconomic,0.0
primary_total_co2,M2,QAT,income_group=Upper-middle-income countries,socioeconomic,0.0
primary_total_co2,M2,SAU,income_group=Upper-middle-income countries,socioeconomic,0.0
primary_total_co2,M2,KOR,income_group=Upper-middle-income countries,socioeconomic,0.0
primary_total_co2,M2,LKA,income_group=Upper-middle-income countries,socioeconomic,0.0
primary_total_co2,M2,SYR,income_group=Upper-middle-income countries,socioeconomic,0.0
primary_total_co2,M2,TWN,income_group=Upper-middle-income countries,socioeconomic,0.0
primary_total_co2,M2,TJK,income_group=Upper-middle-income countries,socioeconomic,0.0
primary_total_co2,M2,THA,income_group=Upper-middle-income countries,socioeconomic,1.0
primary_total_co2,M2,TUR,income_group=Upper-middle-income countries,socioeconomic,1.0
primary_total_co2,M2,TKM,income_group=Upper-middle-income countries,socioeconomic,1.0
primary_total_co2,M2,ARE,income_group=Upper-middle-income countries,socioeconomic,0.0
primary_total_co2,M2,UZB,income_group=Upper-middle-income countries,socioeconomic,0.0
primary_total_co2,M2,VNM,income_group=Upper-middle-income countries,socioeconomic,0.0
primary_total_co2,M2,YEM,income_group=Upper-middle-income countries,socioeconomic,0.0
primary_total_co2,M2,ALB,income_group=Upper-middle-income countries,socioeconomic,1.0
primary_total_co2,M2,AUT,income_group=Upper-middle-income countries,socioeconomic,0.0
primary_total_co2,M2,BLR,income_group=Upper-middle-income countries,socioeconomic,1.0
primary_total_co2,M2,BEL,income_group=Upper-middle-income countries,socioeconomic,0.0
primary_total_co2,M2,BIH,income_group=Upper-middle-income countries,socioeconomic,1.0
primary_total_co2,M2,BGR,income_group=Upper-middle-income countries,socioeconomic,0.0
primary_total_co2,M2,HRV,income_group=Upper-middle-income countries,socioeconomic,0.0
primary_total_co2,M2,CYP,income_group=Upper-middle-income countries,socioeconomic,0.0
primary_total_co2,M2,CZE,income_group=Upper-middle-income countries,socioeconomic,0.0
primary_total_co2,M2,DNK,income_group=Upper-middle-income countries,socioeconomic,0.0
primary_total_co2,M2,EST,income_group=Upper-middle-income countries,socioeconomic,0.0
primary_total_co2,M2,FIN,income_group=Upper-middle-income countries,socioeconomic,0.0
primary_total_co2,M2,FRA,income_group=Upper-middle-income countries,socioeconomic,0.0
primary_total_co2,M2,DEU,income_group=Upper-middle-income countries,socioeconomic,0.0
primary_total_co2,M2,GRC,income_group=Upper-middle-income countries,socioeconomic,0.0
primary_total_co2,M2,HUN,income_group=Upper-middle-income countries,socioeconomic,0.0
primary_total_co2,M2,ISL,income_group=Upper-middle-income countries,socioeconomic,0.0
primary_total_co2,M2,IRL,income_group=Upper-middle-income countries,socioeconomic,0.0
primary_total_co2,M2,ITA,income_group=Upper-middle-income countries,socioeconomic,0.0
primary_total_co2,M2,LVA,income_group=Upper-middle-income countries,socioeconomic,0.0
primary_total_co2,M2,LTU,income_group=Upper-middle-income countries,socioeconomic,0.0
primary_total_co2,M2,MKD,income_group=Upper-middle-income countries,socioeconomic,1.0
primary_total_co2,M2,MDA,income_group=Upper-middle-income countries,socioeconomic,1.0
primary_total_co2,M2,MNE,income_group=Upper-middle-income countries,socioeconomic,1.0
primary_total_co2,M2,NLD,income_group=Upper-middle-income countries,socioeconomic,0.0
primary_total_co2,M2,NOR,income_group=Upper-middle-income countries,socioeconomic,0.0
primary_total_co2,M2,POL,income_group=Upper-middle-income countries,socioeconomic,0.0
primary_total_co2,M2,PRT,income_group=Upper-middle-income countries,socioeconomic,0.0
primary_total_co2,M2,ROU,income_group=Upper-middle-income countries,socioeconomic,0.0
primary_total_co2,M2,RUS,income_group=Upper-middle-income countries,socioeconomic,0.0
primary_total_co2,M2,SRB,income_group=Upper-middle-income countries,socioeconomic,1.0
primary_total_co2,M2,SVK,income_group=Upper-middle-income countries,socioeconomic,0.0
primary_total_co2,M2,SVN,income_group=Upper-middle-income countries,socioeconomic,0.0
primary_total_co2,M2,ESP,income_group=Upper-middle-income countries,socioeconomic,0.0
primary_total_co2,M2,SWE,income_group=Upper-middle-income countries,socioeconomic,0.0
primary_total_co2,M2,CHE,income_group=Upper-middle-income countries,socioeconomic,0.0
primary_total_co2,M2,UKR,income_group=Upper-middle-income countries,socioeconomic,1.0
primary_total_co2,M2,GBR,income_group=Upper-middle-income countries,socioeconomic,0.0
primary_total_co2,M2,BHS,income_group=Upper-middle-income countries,socioeconomic,0.0
primary_total_co2,M2,CAN,income_group=Upper-middle-income countries,socioeconomic,0.0
primary_total_co2,M2,CRI,income_group=Upper-middle-income countries,socioeconomic,0.0
primary_total_co2,M2,CUB,income_group=Upper-middle-income countries,socioeconomic,1.0
primary_total_co2,M2,DOM,income_group=Upper-middle-income countries,socioeconomic,1.0
primary_total_co2,M2,SLV,income_group=Upper-middle-income countries,socioeconomic,1.0
primary_total_co2,M2,GTM,income_group=Upper-middle-income countries,socioeconomic,1.0
primary_total_co2,M2,HTI,income_group=Upper-middle-income countries,socioeconomic,0.0
primary_total_co2,M2,HND,income_group=Upper-middle-income countries,socioeconomic,0.0
primary_total_co2,M2,JAM,income_group=Upper-middle-income countries,socioeconomic,1.0
primary_total_co2,M2,MEX,income_group=Upper-middle-income countries,socioeconomic,1.0
primary_total_co2,M2,NIC,income_group=Upper-middle-income countries,socioeconomic,0.0
primary_total_co2,M2,PAN,income_group=Upper-middle-income countries,socioeconomic,0.0
primary_total_co2,M2,USA,income_group=Upper-middle-income countries,socioeconomic,0.0
primary_total_co2,M2,AUS,income_group=Upper-middle-income countries,socioeconomic,0.0
primary_total_co2,M2,NZL,income_group=Upper-middle-income countries,socioeconomic,0.0
primary_total_co2,M2,PNG,income_group=Upper-middle-income countries,socioeconomic,0.0
primary_total_co2,M2,ARG,income_group=Upper-middle-income countries,socioeconomic,1.0
primary_total_co2,M2,BOL,income_group=Upper-middle-income countries,socioeconomic,0.0
primary_total_co2,M2,BRA,income_group=Upper-middle-income countries,socioeconomic,1.0
primary_total_co2,M2,CHL,income_group=Upper-middle-income countries,socioeconomic,0.0
primary_total_co2,M2,COL,income_group=Upper-middle-income countries,socioeconomic,1.0
primary_total_co2,M2,ECU,income_group=Upper-middle-income countries,socioeconomic,1.0
primary_total_co2,M2,PRY,income_group=Upper-middle-income countries,socioeconomic,1.0
primary_total_co2,M2,PER,income_group=Upper-middle-income countries,socioeconomic,1.0
primary_total_co2,M2,SUR,income_group=Upper-middle-income countries,socioeconomic,1.0
primary_total_co2,M2,URY,income_group=Upper-middle-income countries,socioeconomic,0.0
primary_total_co2,M2,VEN,income_group=Upper-middle-income countries,socioeconomic,1.0
primary_total_co2,M2,DZA,abs_latitude_ns1,geography,633.5182484899053
primary_total_co2,M2,AGO,abs_latitude_ns1,geography,23.78011833877741
primary_total_co2,M2,BEN,abs_latitude_ns1,geography,7.301281105220559
primary_total_co2,M2,BWA,abs_latitude_ns1,geography,218.26720373308447
primary_total_co2,M2,BFA,abs_latitude_ns1,geography,17.750289702908688
primary_total_co2,M2,BDI,abs_latitude_ns1,geography,0.5193070150878828
primary_total_co2,M2,CMR,abs_latitude_ns1,geography,2.8574035899045414
primary_total_co2,M2,CAF,abs_latitude_ns1,geography,0.5193070150878828
primary_total_co2,M2,TCD,abs_latitude_ns1,geography,8.083970508632754
primary_total_co2,M2,COG,abs_latitude_ns1,geography,0.5193070150878828
primary_total_co2,M2,COD,abs_latitude_ns1,geography,0.9353885194293349
primary_total_co2,M2,CIV,abs_latitude_ns1,geography,2.868941392882006
primary_total_co2,M2,DJI,abs_latitude_ns1,geography,22.146961035930936
primary_total_co2,M2,EGY,abs_latitude_ns1,geography,360.7122298554821
primary_total_co2,M2,GNQ,abs_latitude_ns1,geography,0.21908264699020064
primary_total_co2,M2,ERI,abs_latitude_ns1,geography,47.126172390729494
primary_total_co2,M2,ETH,abs_latitude_ns1,geography,10.432225722564999
primary_total_co2,M2,GAB,abs_latitude_ns1,geography,0.0
primary_total_co2,M2,GHA,abs_latitude_ns1,geography,2.4012137976474484
primary_total_co2,M2,GIN,abs_latitude_ns1,geography,9.359869252848418
primary_total_co2,M2,GNB,abs_latitude_ns1,geography,22.146961035930936
primary_total_co2,M2,KEN,abs_latitude_ns1,geography,0.0024041991439253834
primary_total_co2,M2,LSO,abs_latitude_ns1,geography,377.00937912583595
primary_total_co2,M2,LBR,abs_latitude_ns1,geography,4.135133100015556
primary_total_co2,M2,LBY,abs_latitude_ns1,geography,464.5964973819103
primary_total_co2,M2,MDG,abs_latitude_ns1,geography,102.6142746752994
primary_total_co2,M2,MWI,abs_latitude_ns1,geography,39.69040060079327
primary_total_co2,M2,MLI,abs_latitude_ns1,geography,25.491652496500215
primary_total_co2,M2,MRT,abs_latitude_ns1,geography,85.96137551718773
primary_total_co2,M2,MAR,abs_latitude_ns1,geography,556.8004661921449
primary_total_co2,M2,MOZ,abs_latitude_ns1,geography,100.42779169065554
primary_total_co2,M2,NAM,abs_latitude_ns1,geography,177.41202754705236
primary_total_co2,M2,NER,abs_latitude_ns1,geography,33.081064800124445
primary_total_co2,M2,NGA,abs_latitude_ns1,geography,5.9148277354142165
primary_total_co2,M2,RWA,abs_latitude_ns1,geography,0.06491337688598539
primary_total_co2,M2,SEN,abs_latitude_ns1,geography,41.458749255327405
primary_total_co2,M2,SLE,abs_latitude_ns1,geography,8.083970508632754
primary_total_co2,M2,SOM,abs_latitude_ns1,geography,0.8945785658733864
primary_total_co2,M2,ZAF,abs_latitude_ns1,geography,317.5022926504306
primary_total_co2,M2,SDN,abs_latitude_ns1,geography,22.17059286147144
primary_total_co2,M2,SWZ,abs_latitude_ns1,geography,264.64851840099544
primary_total_co2,M2,TZA,abs_latitude_ns1,geography,1.8602495406062554
primary_total_co2,M2,TGO,abs_latitude_ns1,geography,5.8907715488411885
primary_total_co2,M2,TUN,abs_latitude_ns1,geography,651.3596579433193
primary_total_co2,M2,UGA,abs_latitude_ns1,geography,0.019233593151403067
primary_total_co2,M2,ZMB,abs_latitude_ns1,geography,34.64863300668843
primary_total_co2,M2,ZWE,abs_latitude_ns1,geography,92.84711687665268
primary_total_co2,M2,AFG,abs_latitude_ns1,geography,577.4120994925038
primary_total_co2,M2,ARM,abs_latitude_ns1,geography,1004.8275661596929
primary_total_co2,M2,AZE,abs_latitude_ns1,geography,1004.8275661596929
primary_total_co2,M2,BGD,abs_latitude_ns1,geography,196.0485308379907
primary_total_co2,M2,MMR,abs_latitude_ns1,geography,90.7593169392907
primary_total_co2,M2,KHM,abs_latitude_ns1,geography,22.146961035930936
primary_total_co2,M2,CHN,abs_latitude_ns1,geography,560.2326838426211
primary_total_co2,M2,GEO,abs_latitude_ns1,geography,1004.8275661596929
primary_total_co2,M2,IND,abs_latitude_ns1,geography,153.61498710870387
primary_total_co2,M2,IDN,abs_latitude_ns1,geography,2.012435586056093
primary_total_co2,M2,IRN,abs_latitude_ns1,geography,587.0104088482803
primary_total_co2,M2,IRQ,abs_latitude_ns1,geography,642.3419087280294
primary_total_co2,M2,ISR,abs_latitude_ns1,geography,475.1927482311268
primary_total_co2,M2,JPN,abs_latitude_ns1,geography,663.8081811808571
primary_total_co2,M2,JOR,abs_latitude_ns1,geography,516.8916375019446
primary_total_co2,M2,KAZ,abs_latitude_ns1,geography,1654.797880795218
primary_total_co2,M2,LAO,abs_latitude_ns1,geography,85.96137551718773
primary_total_co2,M2,LBN,abs_latitude_ns1,geography,570.4087578063521
primary_total_co2,M2,MYS,abs_latitude_ns1,geography,0.34789512924832783
primary_total_co2,M2,MNG,abs_latitude_ns1,geography,1521.8426992242785
primary_total_co2,M2,NPL,abs_latitude_ns1,geography,294.07576518898725
primary_total_co2,M2,OMN,abs_latitude_ns1,geography,64.55118281225697
primary_total_co2,M2,PAK,abs_latitude_ns1,geography,408.6995527541255
primary_total_co2,M2,PHL,abs_latitude_ns1,geography,25.54557770428015
primary_total_co2,M2,QAT,abs_latitude_ns1,geography,218.26720373308447
primary_total_co2,M2,SAU,abs_latitude_ns1,geography,161.52888690178017
primary_total_co2,M2,KOR,abs_latitude_ns1,geography,786.31923164292
primary_total_co2,M2,LKA,abs_latitude_ns1,geography,5.259345097158134
primary_total_co2,M2,SYR,abs_latitude_ns1,geography,598.4996325400531
primary_total_co2,M2,TWN,abs_latitude_ns1,geography,206.81804126282407
primary_total_co2,M2,TJK,abs_latitude_ns1,geography,947.2934550817516
primary_total_co2,M2,THA,abs_latitude_ns1,geography,34.88034062246358
primary_total_co2,M2,TUR,abs_latitude_ns1,geography,859.9400020297167
primary_total_co2,M2,TKM,abs_latitude_ns1,geography,891.7801156261855
primary_total_co2,M2,ARE,abs_latitude_ns1,geography,218.26720373308447
primary_total_co2,M2,UZB,abs_latitude_ns1,geography,961.5110844715862
primary_total_co2,M2,VNM,abs_latitude_ns1,geography,40.63597495689785
primary_total_co2,M2,YEM,abs_latitude_ns1,geography,33.08106480012443
primary_total_co2,M2,ALB,abs_latitude_ns1,geography,1004.8275661596929
primary_total_co2,M2,AUT,abs_latitude_ns1,geography,1578.5862994440254
primary_total_co2,M2,BLR,abs_latitude_ns1,geography,2021.9161665371146
primary_total_co2,M2,BEL,abs_latitude_ns1,geography,1812.1797097819685
primary_total_co2,M2,BIH,abs_latitude_ns1,geography,1225.1079680845237
primary_total_co2,M2,BGR,abs_latitude_ns1,geography,1159.8247517727661
primary_total_co2,M2,HRV,abs_latitude_ns1,geography,1338.7465947824965
primary_total_co2,M2,CYP,abs_latitude_ns1,geography,598.4996325400531
primary_total_co2,M2,CZE,abs_latitude_ns1,geography,1752.8542019631143
primary_total_co2,M2,DNK,abs_latitude_ns1,geography,2358.156701556575
primary_total_co2,M2,EST,abs_latitude_ns1,geography,2602.9431795776304
primary_total_co2,M2,FIN,abs_latitude_ns1,geography,2902.4456076053284
primary_total_co2,M2,FRA,abs_latitude_ns1,geography,1467.4319665522028
primary_total_co2,M2,DEU,abs_latitude_ns1,geography,1836.481937600401
primary_total_co2,M2,GRC,abs_latitude_ns1,geography,800.7959772010477
primary_total_co2,M2,HUN,abs_latitude_ns1,geography,1490.6685198354066
primary_total_co2,M2,ISL,abs_latitude_ns1,geography,3272.123703170613
primary_total_co2,M2,IRL,abs_latitude_ns1,geography,2041.2429089013908
primary_total_co2,M2,ITA,abs_latitude_ns1,geography,1157.1943165967637
primary_total_co2,M2,LVA,abs_latitude_ns1,geography,2358.156701556575
primary_total_co2,M2,LTU,abs_latitude_ns1,geography,2278.0847260819137
primary_total_co2,M2,MKD,abs_latitude_ns1,geography,1124.2779251884763
primary_total_co2,M2,MDA,abs_latitude_ns1,geography,1521.842699224278
primary_total_co2,M2,MNE,abs_latitude_ns1,geography,1124.2779251884763
primary_total_co2,M2,NLD,abs_latitude_ns1,geography,1964.2263970404406
primary_total_co2,M2,NOR,abs_latitude_ns1,geography,2810.6009439125223
primary_total_co2,M2,POL,abs_latitude_ns1,geography,1907.5794875875422
primary_total_co2,M2,PRT,abs_latitude_ns1,geography,939.2193718807016
primary_total_co2,M2,ROU,abs_latitude_ns1,geography,1399.9156055717249
primary_total_co2,M2,RUS,abs_latitude_ns1,geography,2110.22929398309
primary_total_co2,M2,SRB,abs_latitude_ns1,geography,1208.024945979305
primary_total_co2,M2,SVK,abs_latitude_ns1,geography,1592.8959859618094
primary_total_co2,M2,SVN,abs_latitude_ns1,geography,1383.6120601753078
primary_total_co2,M2,ESP,abs_latitude_ns1,geography,911.5058297155358
primary_total_co2,M2,SWE,abs_latitude_ns1,geography,2603.1482607904472
primary_total_co2,M2,CHE,abs_latitude_ns1,geography,1465.9135962123314
primary_total_co2,M2,UKR,abs_latitude_ns1,geography,1646.7608995180876
primary_total_co2,M2,GBR,abs_latitude_ns1,geography,2018.454457726445
primary_total_co2,M2,BHS,abs_latitude_ns1,geography,218.26720373308447
primary_total_co2,M2,CAN,abs_latitude_ns1,geography,1465.706725207539
primary_total_co2,M2,CRI,abs_latitude_ns1,geography,13.977790091771652
primary_total_co2,M2,CUB,abs_latitude_ns1,geography,130.60152166938866
primary_total_co2,M2,DOM,abs_latitude_ns1,geography,94.0293229319691
primary_total_co2,M2,SLV,abs_latitude_ns1,geography,33.081064800124445
primary_total_co2,M2,GTM,abs_latitude_ns1,geography,47.12617239072951
primary_total_co2,M2,HTI,abs_latitude_ns1,geography,90.74419374720794
primary_total_co2,M2,HND,abs_latitude_ns1,geography,44.049575513952384
primary_total_co2,M2,JAM,abs_latitude_ns1,geography,85.96137551718773
primary_total_co2,M2,MEX,abs_latitude_ns1,geography,151.27935393148238
primary_total_co2,M2,NIC,abs_latitude_ns1,geography,22.146961035930936
primary_total_co2,M2,PAN,abs_latitude_ns1,geography,8.083970508632754
primary_total_co2,M2,USA,abs_latitude_ns1,geography,713.197519636812
primary_total_co2,M2,AUS,abs_latitude_ns1,geography,479.1923078318134
primary_total_co2,M2,NZL,abs_latitude_ns1,geography,904.0105786974254
primary_total_co2,M2,PNG,abs_latitude_ns1,geography,8.083970508632754
primary_total_co2,M2,ARG,abs_latitude_ns1,geography,493.17771646877566
primary_total_co2,M2,BOL,abs_latitude_ns1,geography,89.9350445182564
primary_total_co2,M2,BRA,abs_latitude_ns1,geography,98.31488216801694
primary_total_co2,M2,CHL,abs_latitude_ns1,geography,539.9559981709162
primary_total_co2,M2,COL,abs_latitude_ns1,geography,2.4545139405868355
primary_total_co2,M2,ECU,abs_latitude_ns1,geography,0.015127741905154536
primary_total_co2,M2,PRY,abs_latitude_ns1,geography,218.26720373308447
primary_total_co2,M2,PER,abs_latitude_ns1,geography,14.282177941248731
primary_total_co2,M2,SUR,abs_latitude_ns1,geography,1.752661175921605
primary_total_co2,M2,URY,abs_latitude_ns1,geography,517.1328375155545
primary_total_co2,M2,VEN,abs_latitude_ns1,geography,12.459998303329883
primary_total_co2,M2,DZA,abs_latitude_ns2,geography,165.80134445199639
primary_total_co2,M2,AGO,abs_latitude_ns2,geography,0.0
primary_total_co2,M2,BEN,abs_latitude_ns2,geography,0.0
primary_total_co2,M2,BWA,abs_latitude_ns2,geography,19.776305254038547
primary_total_co2,M2,BFA,abs_latitude_ns2,geography,0.0
primary_total_co2,M2,BDI,abs_latitude_ns2,geography,0.0
primary_total_co2,M2,CMR,abs_latitude_ns2,geography,0.0
primary_total_co2,M2,CAF,abs_latitude_ns2,geography,0.0
primary_total_co2,M2,TCD,abs_latitude_ns2,geography,0.0
primary_total_co2,M2,COG,abs_latitude_ns2,geography,0.0
primary_total_co2,M2,COD,abs_latitude_ns2,geography,0.0
primary_total_co2,M2,CIV,abs_latitude_ns2,geography,0.0
primary_total_co2,M2,DJI,abs_latitude_ns2,geography,0.0
primary_total_co2,M2,EGY,abs_latitude_ns2,geography,59.16483598132989
primary_total_co2,M2,GNQ,abs_latitude_ns2,geography,0.0
primary_total_co2,M2,ERI,abs_latitude_ns2,geography,0.0006658339914642473
primary_total_co2,M2,ETH,abs_latitude_ns2,geography,0.0
primary_total_co2,M2,GAB,abs_latitude_ns2,geography,0.0
primary_total_co2,M2,GHA,abs_latitude_ns2,geography,0.0
primary_total_co2,M2,GIN,abs_latitude_ns2,geography,0.0
primary_total_co2,M2,GNB,abs_latitude_ns2,geography,0.0
primary_total_co2,M2,KEN,abs_latitude_ns2,geography,0.0
primary_total_co2,M2,LSO,abs_latitude_ns2,geography,64.54744288396952
primary_total_co2,M2,LBR,abs_latitude_ns2,geography,0.0
primary_total_co2,M2,LBY,abs_latitude_ns2,geography,95.9043899214033
primary_total_co2,M2,MDG,abs_latitude_ns2,geography,1.9500824965697432
primary_total_co2,M2,MWI,abs_latitude_ns2,geography,0.0
primary_total_co2,M2,MLI,abs_latitude_ns2,geography,0.0
primary_total_co2,M2,MRT,abs_latitude_ns2,geography,0.878740073551116
primary_total_co2,M2,MAR,abs_latitude_ns2,geography,132.70749968347883
primary_total_co2,M2,MOZ,abs_latitude_ns2,geography,1.784623037079604
primary_total_co2,M2,NAM,abs_latitude_ns2,geography,11.660813169159585
primary_total_co2,M2,NER,abs_latitude_ns2,geography,0.0
primary_total_co2,M2,NGA,abs_latitude_ns2,geography,0.0
primary_total_co2,M2,RWA,abs_latitude_ns2,geography,0.0
primary_total_co2,M2,SEN,abs_latitude_ns2,geography,0.0
primary_total_co2,M2,SLE,abs_latitude_ns2,geography,0.0
primary_total_co2,M2,SOM,abs_latitude_ns2,geography,0.0
primary_total_co2,M2,ZAF,abs_latitude_ns2,geography,45.67546371467322
primary_total_co2,M2,SDN,abs_latitude_ns2,geography,0.0
primary_total_co2,M2,SWZ,abs_latitude_ns2,geography,30.90463526081928
primary_total_co2,M2,TZA,abs_latitude_ns2,geography,0.0
primary_total_co2,M2,TGO,abs_latitude_ns2,geography,0.0
primary_total_co2,M2,TUN,abs_latitude_ns2,geography,173.78321847058345
primary_total_co2,M2,UGA,abs_latitude_ns2,geography,0.0
primary_total_co2,M2,ZMB,abs_latitude_ns2,geography,0.0
primary_total_co2,M2,ZWE,abs_latitude_ns2,geography,1.2687321504527167
primary_total_co2,M2,AFG,abs_latitude_ns2,geography,141.39410668984686
primary_total_co2,M2,ARM,abs_latitude_ns2,geography,347.31111835437144
primary_total_co2,M2,AZE,abs_latitude_ns2,geography,347.31111835437144
primary_total_co2,M2,BGD,abs_latitude_ns2,geography,15.148485253327447
primary_total_co2,M2,MMR,abs_latitude_ns2,geography,1.1425402132942462
primary_total_co2,M2,KHM,abs_latitude_ns2,geography,0.0
primary_total_co2,M2,CHN,abs_latitude_ns2,geography,134.14306144674035
primary_total_co2,M2,GEO,abs_latitude_ns2,geography,347.31111835437144
primary_total_co2,M2,IND,abs_latitude_ns2,geography,7.780196893238562
primary_total_co2,M2,IDN,abs_latitude_ns2,geography,0.0
primary_total_co2,M2,IRN,abs_latitude_ns2,geography,145.49202880994108
primary_total_co2,M2,IRQ,abs_latitude_ns2,geography,169.73606660510154
primary_total_co2,M2,ISR,abs_latitude_ns2,geography,99.95056600827945
primary_total_co2,M2,JPN,abs_latitude_ns2,geography,179.41234800448134
primary_total_co2,M2,JOR,abs_latitude_ns2,geography,116.34845470878709
primary_total_co2,M2,KAZ,abs_latitude_ns2,geography,703.7596115789916
primary_total_co2,M2,LAO,abs_latitude_ns2,geography,0.878740073551116
primary_total_co2,M2,LBN,abs_latitude_ns2,geography,138.4250709755967
primary_total_co2,M2,MYS,abs_latitude_ns2,geography,0.0
primary_total_co2,M2,MNG,abs_latitude_ns2,geography,628.6306288618086
primary_total_co2,M2,NPL,abs_latitude_ns2,geography,38.87713692090462
primary_total_co2,M2,OMN,abs_latitude_ns2,geography,0.1415984493638073
primary_total_co2,M2,PAK,abs_latitude_ns2,geography,75.43920198731833
primary_total_co2,M2,PHL,abs_latitude_ns2,geography,0.0
primary_total_co2,M2,QAT,abs_latitude_ns2,geography,19.776305254038547
primary_total_co2,M2,SAU,abs_latitude_ns2,geography,8.995780096334222
primary_total_co2,M2,KOR,abs_latitude_ns2,geography,237.08555596408598
primary_total_co2,M2,LKA,abs_latitude_ns2,geography,0.0
primary_total_co2,M2,SYR,abs_latitude_ns2,geography,150.4402343131108
primary_total_co2,M2,TWN,abs_latitude_ns2,geography,17.330360981591543
primary_total_co2,M2,TJK,abs_latitude_ns2,geography,317.5804742459025
primary_total_co2,M2,THA,abs_latitude_ns2,geography,0.0
primary_total_co2,M2,TUR,abs_latitude_ns2,geography,273.3491564316692
primary_total_co2,M2,TKM,abs_latitude_ns2,geography,289.3331376248235
primary_total_co2,M2,ARE,abs_latitude_ns2,geography,19.776305254038547
primary_total_co2,M2,UZB,abs_latitude_ns2,geography,324.88654318317145
primary_total_co2,M2,VNM,abs_latitude_ns2,geography,0.0
primary_total_co2,M2,YEM,abs_latitude_ns2,geography,0.0
primary_total_co2,M2,ALB,abs_latitude_ns2,geography,347.31111835437144
primary_total_co2,M2,AUT,abs_latitude_ns2,geography,660.5924407144329
primary_total_co2,M2,BLR,abs_latitude_ns2,geography,914.803372663182
primary_total_co2,M2,BEL,abs_latitude_ns2,geography,793.6665048320187
primary_total_co2,M2,BIH,abs_latitude_ns2,geography,464.5576582197367
primary_total_co2,M2,BGR,abs_latitude_ns2,geography,429.31881560666886
primary_total_co2,M2,HRV,abs_latitude_ns2,geography,526.7072421534806
primary_total_co2,M2,CYP,abs_latitude_ns2,geography,150.4402343131108
primary_total_co2,M2,CZE,abs_latitude_ns2,geography,759.6640970893083
primary_total_co2,M2,DNK,abs_latitude_ns2,geography,1111.3458821398358
primary_total_co2,M2,EST,abs_latitude_ns2,geography,1255.7073999244253
primary_total_co2,M2,FIN,abs_latitude_ns2,geography,1433.265058690428
primary_total_co2,M2,FRA,abs_latitude_ns2,geography,598.1389172388934
primary_total_co2,M2,DEU,abs_latitude_ns2,geography,807.631369964306
primary_total_co2,M2,GRC,abs_latitude_ns2,geography,244.13350849637698
primary_total_co2,M2,HUN,abs_latitude_ns2,geography,611.1411740275014
primary_total_co2,M2,ISL,abs_latitude_ns2,geography,1653.1397671706127
primary_total_co2,M2,IRL,abs_latitude_ns2,geography,926.0300589257253
primary_total_co2,M2,ITA,abs_latitude_ns2,geography,427.90682125784184
primary_total_co2,M2,LVA,abs_latitude_ns2,geography,1111.3458821398358
primary_total_co2,M2,LTU,abs_latitude_ns2,geography,1064.329243726373
primary_total_co2,M2,MKD,abs_latitude_ns2,geography,410.2923327349877
primary_total_co2,M2,MDA,abs_latitude_ns2,geography,628.6306288618084
primary_total_co2,M2,MNE,abs_latitude_ns2,geography,410.2923327349877
primary_total_co2,M2,NLD,abs_latitude_ns2,geography,881.3522887362603
primary_total_co2,M2,NOR,abs_latitude_ns2,geography,1378.7350401881085
primary_total_co2,M2,POL,abs_latitude_ns2,geography,848.5989179315096
primary_total_co2,M2,PRT,abs_latitude_ns2,geography,313.4439421652655
primary_total_co2,M2,ROU,abs_latitude_ns2,geography,560.5342815088758
primary_total_co2,M2,RUS,abs_latitude_ns2,geography,966.181080786548
primary_total_co2,M2,SRB,abs_latitude_ns2,geography,455.3012924109619
primary_total_co2,M2,SVK,abs_latitude_ns2,geography,668.6773514237088
primary_total_co2,M2,SVN,abs_latitude_ns2,geography,551.4947933309827
primary_total_co2,M2,ESP,abs_latitude_ns2,geography,299.31738665280915
primary_total_co2,M2,SWE,abs_latitude_ns2,geography,1255.8286815361016
primary_total_co2,M2,CHE,abs_latitude_ns2,geography,597.2903354587806
primary_total_co2,M2,UKR,abs_latitude_ns2,geography,699.1951315027375
primary_total_co2,M2,GBR,abs_latitude_ns2,geography,912.7935501480581
primary_total_co2,M2,BHS,abs_latitude_ns2,geography,19.776305254038547
primary_total_co2,M2,CAN,abs_latitude_ns2,geography,597.1747300555602
primary_total_co2,M2,CRI,abs_latitude_ns2,geography,0.0
primary_total_co2,M2,CUB,abs_latitude_ns2,geography,4.700360321347376
primary_total_co2,M2,DOM,abs_latitude_ns2,geography,1.3432432911390912
primary_total_co2,M2,SLV,abs_latitude_ns2,geography,0.0
primary_total_co2,M2,GTM,abs_latitude_ns2,geography,0.0006658339914642584
primary_total_co2,M2,HTI,abs_latitude_ns2,geography,1.141651307566512
primary_total_co2,M2,HND,abs_latitude_ns2,geography,0.0
primary_total_co2,M2,JAM,abs_latitude_ns2,geography,0.878740073551116
primary_total_co2,M2,MEX,abs_latitude_ns2,geography,7.436275962043319
primary_total_co2,M2,NIC,abs_latitude_ns2,geography,0.0
primary_total_co2,M2,PAN,abs_latitude_ns2,geography,0.0
primary_total_co2,M2,USA,abs_latitude_ns2,geography,202.19930638114087
primary_total_co2,M2,AUS,abs_latitude_ns2,geography,101.49086935373302
primary_total_co2,M2,NZL,abs_latitude_ns2,geography,295.5165236957537
primary_total_co2,M2,PNG,abs_latitude_ns2,geography,0.0
primary_total_co2,M2,ARG,abs_latitude_ns2,geography,106.93205457552357
primary_total_co2,M2,BOL,abs_latitude_ns2,geography,1.0946201042380403
primary_total_co2,M2,BRA,abs_latitude_ns2,geography,1.6317859850474494
primary_total_co2,M2,CHL,abs_latitude_ns2,geography,125.72691819387845
primary_total_co2,M2,COL,abs_latitude_ns2,geography,0.0
primary_total_co2,M2,ECU,abs_latitude_ns2,geography,0.0
primary_total_co2,M2,PRY,abs_latitude_ns2,geography,19.776305254038547
primary_total_co2,M2,PER,abs_latitude_ns2,geography,0.0
primary_total_co2,M2,SUR,abs_latitude_ns2,geography,0.0
primary_total_co2,M2,URY,abs_latitude_ns2,geography,116.44542791159105
primary_total_co2,M2,VEN,abs_latitude_ns2,geography,0.0
primary_total_co2,M2,DZA,hemisphere=S:abs_latitude,geography,0.0
primary_total_co2,M2,AGO,hemisphere=S:abs_latitude,geography,12.32
primary_total_co2,M2,BEN,hemisphere=S:abs_latitude,geography,0.0
primary_total_co2,M2,BWA,hemisphere=S:abs_latitude,geography,24.92
primary_total_co2,M2,BFA,hemisphere=S:abs_latitude,geography,0.0
primary_total_co2,M2,BDI,hemisphere=S:abs_latitude,geography,4.02
primary_total_co2,M2,CMR,hemisphere=S:abs_latitude,geography,0.0
primary_total_co2,M2,CAF,hemisphere=S:abs_latitude,geography,0.0
primary_total_co2,M2,TCD,hemisphere=S:abs_latitude,geography,0.0
primary_total_co2,M2,COG,hemisphere=S:abs_latitude,geography,4.02
primary_total_co2,M2,COD,hemisphere=S:abs_latitude,geography,4.717826086956522
primary_total_co2,M2,CIV,hemisphere=S:abs_latitude,geography,0.0
primary_total_co2,M2,DJI,hemisphere=S:abs_latitude,geography,0.0
primary_total_co2,M2,EGY,hemisphere=S:abs_latitude,geography,0.0
primary_total_co2,M2,GNQ,hemisphere=S:abs_latitude,geography,0.0
primary_total_co2,M2,ERI,hemisphere=S:abs_latitude,geography,0.0
primary_total_co2,M2,ETH,hemisphere=S:abs_latitude,geography,0.0
primary_total_co2,M2,GAB,hemisphere=S:abs_latitude,geography,0.0
primary_total_co2,M2,GHA,hemisphere=S:abs_latitude,geography,0.0
primary_total_co2,M2,GIN,hemisphere=S:abs_latitude,geography,0.0
primary_total_co2,M2,GNB,hemisphere=S:abs_latitude,geography,0.0
primary_total_co2,M2,KEN,hemisphere=S:abs_latitude,geography,1.3366666666666667
primary_total_co2,M2,LSO,hemisphere=S:abs_latitude,geography,29.74
primary_total_co2,M2,LBR,hemisphere=S:abs_latitude,geography,0.0
primary_total_co2,M2,LBY,hemisphere=S:abs_latitude,geography,0.0
primary_total_co2,M2,MDG,hemisphere=S:abs_latitude,geography,19.555
primary_total_co2,M2,MWI,hemisphere=S:abs_latitude,geography,14.465
primary_total_co2,M2,MLI,hemisphere=S:abs_latitude,geography,0.0
primary_total_co2,M2,MRT,hemisphere=S:abs_latitude,geography,0.0
primary_total_co2,M2,MAR,hemisphere=S:abs_latitude,geography,0.0
primary_total_co2,M2,MOZ,hemisphere=S:abs_latitude,geography,19.420833333333334
primary_total_co2,M2,NAM,hemisphere=S:abs_latitude,geography,23.31
primary_total_co2,M2,NER,hemisphere=S:abs_latitude,geography,0.0
primary_total_co2,M2,NGA,hemisphere=S:abs_latitude,geography,0.0
primary_total_co2,M2,RWA,hemisphere=S:abs_latitude,geography,2.41
primary_total_co2,M2,SEN,hemisphere=S:abs_latitude,geography,0.0
primary_total_co2,M2,SLE,hemisphere=S:abs_latitude,geography,0.0
primary_total_co2,M2,SOM,hemisphere=S:abs_latitude,geography,0.0
primary_total_co2,M2,ZAF,hemisphere=S:abs_latitude,geography,28.1294
primary_total_co2,M2,SDN,hemisphere=S:abs_latitude,geography,0.0
primary_total_co2,M2,SWZ,hemisphere=S:abs_latitude,geography,26.52
primary_total_co2,M2,TZA,hemisphere=S:abs_latitude,geography,5.726875
primary_total_co2,M2,TGO,hemisphere=S:abs_latitude,geography,0.0
primary_total_co2,M2,TUN,hemisphere=S:abs_latitude,geography,0.0
primary_total_co2,M2,UGA,hemisphere=S:abs_latitude,geography,0.0
primary_total_co2,M2,ZMB,hemisphere=S:abs_latitude,geography,13.86
primary_total_co2,M2,ZWE,hemisphere=S:abs_latitude,geography,18.94
primary_total_co2,M2,AFG,hemisphere=S:abs_latitude,geography,0.0
primary_total_co2,M2,ARM,hemisphere=S:abs_latitude,geography,0.0
primary_total_co2,M2,AZE,hemisphere=S:abs_latitude,geography,0.0
primary_total_co2,M2,BGD,hemisphere=S:abs_latitude,geography,0.0
primary_total_co2,M2,MMR,hemisphere=S:abs_latitude,geography,0.0
primary_total_co2,M2,KHM,hemisphere=S:abs_latitude,geography,0.0
primary_total_co2,M2,CHN,hemisphere=S:abs_latitude,geography,0.0
primary_total_co2,M2,GEO,hemisphere=S:abs_latitude,geography,0.0
primary_total_co2,M2,IND,hemisphere=S:abs_latitude,geography,0.0
primary_total_co2,M2,IDN,hemisphere=S:abs_latitude,geography,5.857724137931035
primary_total_co2,M2,IRN,hemisphere=S:abs_latitude,geography,0.0
primary_total_co2,M2,IRQ,hemisphere=S:abs_latitude,geography,0.0
primary_total_co2,M2,ISR,hemisphere=S:abs_latitude,geography,0.0
primary_total_co2,M2,JPN,hemisphere=S:abs_latitude,geography,0.0
primary_total_co2,M2,JOR,hemisphere=S:abs_latitude,geography,0.0
primary_total_co2,M2,KAZ,hemisphere=S:abs_latitude,geography,0.0
primary_total_co2,M2,LAO,hemisphere=S:abs_latitude,geography,0.0
primary_total_co2,M2,LBN,hemisphere=S:abs_latitude,geography,0.0
primary_total_co2,M2,MYS,hemisphere=S:abs_latitude,geography,0.0
primary_total_co2,M2,MNG,hemisphere=S:abs_latitude,geography,0.0
primary_total_co2,M2,NPL,hemisphere=S:abs_latitude,geography,0.0
primary_total_co2,M2,OMN,hemisphere=S:abs_latitude,geography,0.0
primary_total_co2,M2,PAK,hemisphere=S:abs_latitude,geography,0.0
primary_total_co2,M2,PHL,hemisphere=S:abs_latitude,geography,0.0
primary_total_co2,M2,QAT,hemisphere=S:abs_latitude,geography,0.0
primary_total_co2,M2,SAU,hemisphere=S:abs_latitude,geography,0.0
primary_total_co2,M2,KOR,hemisphere=S:abs_latitude,geography,0.0
primary_total_co2,M2,LKA,hemisphere=S:abs_latitude,geography,0.0
primary_total_co2,M2,SYR,hemisphere=S:abs_latitude,geography,0.0
primary_total_co2,M2,TWN,hemisphere=S:abs_latitude,geography,0.0
primary_total_co2,M2,TJK,hemisphere=S:abs_latitude,geography,0.0
primary_total_co2,M2,THA,hemisphere=S:abs_latitude,geography,0.0
primary_total_co2,M2,TUR,hemisphere=S:abs_latitude,geography,0.0
primary_total_co2,M2,TKM,hemisphere=S:abs_latitude,geography,0.0
primary_total_co2,M2,ARE,hemisphere=S:abs_latitude,geography,0.0
primary_total_co2,M2,UZB,hemisphere=S:abs_latitude,geography,0.0
primary_total_co2,M2,VNM,hemisphere=S:abs_latitude,geography,0.0
primary_total_co2,M2,YEM,hemisphere=S:abs_latitude,geography,0.0
primary_total_co2,M2,ALB,hemisphere=S:abs_latitude,geography,0.0
primary_total_co2,M2,AUT,hemisphere=S:abs_latitude,geography,0.0
primary_total_co2,M2,BLR,hemisphere=S:abs_latitude,geography,0.0
primary_total_co2,M2,BEL,hemisphere=S:abs_latitude,geography,0.0
primary_total_co2,M2,BIH,hemisphere=S:abs_latitude,geography,0.0
primary_total_co2,M2,BGR,hemisphere=S:abs_latitude,geography,0.0
primary_total_co2,M2,HRV,hemisphere=S:abs_latitude,geography,0.0
primary_total_co2,M2,CYP,hemisphere=S:abs_latitude,geography,0.0
primary_total_co2,M2,CZE,hemisphere=S:abs_latitude,geography,0.0
primary_total_co2,M2,DNK,hemisphere=S:abs_latitude,geography,0.0
primary_total_co2,M2,EST,hemisphere=S:abs_latitude,geography,0.0
primary_total_co2,M2,FIN,hemisphere=S:abs_latitude,geography,0.0
primary_total_co2,M2,FRA,hemisphere=S:abs_latitude,geography,0.0
primary_total_co2,M2,DEU,hemisphere=S:abs_latitude,geography,0.0
primary_total_co2,M2,GRC,hemisphere=S:abs_latitude,geography,0.0
primary_total_co2,M2,HUN,hemisphere=S:abs_latitude,geography,0.0
primary_total_co2,M2,ISL,hemisphere=S:abs_latitude,geography,0.0
primary_total_co2,M2,IRL,hemisphere=S:abs_latitude,geography,0.0
primary_total_co2,M2,ITA,hemisphere=S:abs_latitude,geography,0.0
primary_total_co2,M2,LVA,hemisphere=S:abs_latitude,geography,0.0
primary_total_co2,M2,LTU,hemisphere=S:abs_latitude,geography,0.0
primary_total_co2,M2,MKD,hemisphere=S:abs_latitude,geography,0.0
primary_total_co2,M2,MDA,hemisphere=S:abs_latitude,geography,0.0
primary_total_co2,M2,MNE,hemisphere=S:abs_latitude,geography,0.0
primary_total_co2,M2,NLD,hemisphere=S:abs_latitude,geography,0.0
primary_total_co2,M2,NOR,hemisphere=S:abs_latitude,geography,0.0
primary_total_co2,M2,POL,hemisphere=S:abs_latitude,geography,0.0
primary_total_co2,M2,PRT,hemisphere=S:abs_latitude,geography,0.0
primary_total_co2,M2,ROU,hemisphere=S:abs_latitude,geography,0.0
primary_total_co2,M2,RUS,hemisphere=S:abs_latitude,geography,0.0
primary_total_co2,M2,SRB,hemisphere=S:abs_latitude,geography,0.0
primary_total_co2,M2,SVK,hemisphere=S:abs_latitude,geography,0.0
primary_total_co2,M2,SVN,hemisphere=S:abs_latitude,geography,0.0
primary_total_co2,M2,ESP,hemisphere=S:abs_latitude,geography,0.0
primary_total_co2,M2,SWE,hemisphere=S:abs_latitude,geography,0.0
primary_total_co2,M2,CHE,hemisphere=S:abs_latitude,geography,0.0
primary_total_co2,M2,UKR,hemisphere=S:abs_latitude,geography,0.0
primary_total_co2,M2,GBR,hemisphere=S:abs_latitude,geography,0.0
primary_total_co2,M2,BHS,hemisphere=S:abs_latitude,geography,0.0
primary_total_co2,M2,CAN,hemisphere=S:abs_latitude,geography,0.0
primary_total_co2,M2,CRI,hemisphere=S:abs_latitude,geography,0.0
primary_total_co2,M2,CUB,hemisphere=S:abs_latitude,geography,0.0
primary_total_co2,M2,DOM,hemisphere=S:abs_latitude,geography,0.0
primary_total_co2,M2,SLV,hemisphere=S:abs_latitude,geography,0.0
primary_total_co2,M2,GTM,hemisphere=S:abs_latitude,geography,0.0
primary_total_co2,M2,HTI,hemisphere=S:abs_latitude,geography,0.0
primary_total_co2,M2,HND,hemisphere=S:abs_latitude,geography,0.0
primary_total_co2,M2,JAM,hemisphere=S:abs_latitude,geography,0.0
primary_total_co2,M2,MEX,hemisphere=S:abs_latitude,geography,0.0
primary_total_co2,M2,NIC,hemisphere=S:abs_latitude,geography,0.0
primary_total_co2,M2,PAN,hemisphere=S:abs_latitude,geography,0.0
primary_total_co2,M2,USA,hemisphere=S:abs_latitude,geography,0.0
primary_total_co2,M2,AUS,hemisphere=S:abs_latitude,geography,32.14857142857143
primary_total_co2,M2,NZL,hemisphere=S:abs_latitude,geography,39.562222222222225
primary_total_co2,M2,PNG,hemisphere=S:abs_latitude,geography,8.84
primary_total_co2,M2,ARG,hemisphere=S:abs_latitude,geography,32.450625
primary_total_co2,M2,BOL,hemisphere=S:abs_latitude,geography,18.748333333333335
primary_total_co2,M2,BRA,hemisphere=S:abs_latitude,geography,19.28931818181818
primary_total_co2,M2,CHL,hemisphere=S:abs_latitude,geography,33.42125
primary_total_co2,M2,COL,hemisphere=S:abs_latitude,geography,0.0
primary_total_co2,M2,ECU,hemisphere=S:abs_latitude,geography,1.790769230769231
primary_total_co2,M2,PRY,hemisphere=S:abs_latitude,geography,24.92
primary_total_co2,M2,PER,hemisphere=S:abs_latitude,geography,10.519545454545455
primary_total_co2,M2,SUR,hemisphere=S:abs_latitude,geography,0.0
primary_total_co2,M2,URY,hemisphere=S:abs_latitude,geography,32.955
primary_total_co2,M2,VEN,hemisphere=S:abs_latitude,geography,0.0
per_capita,M0star,DZA,intercept,intercept,1.0
per_capita,M0star,AGO,intercept,intercept,1.0
per_capita,M0star,BEN,intercept,intercept,1.0
per_capita,M0star,BWA,intercept,intercept,1.0
per_capita,M0star,BFA,intercept,intercept,1.0
per_capita,M0star,BDI,intercept,intercept,1.0
per_capita,M0star,CMR,intercept,intercept,1.0
per_capita,M0star,CAF,intercept,intercept,1.0
per_capita,M0star,TCD,intercept,intercept,1.0
per_capita,M0star,COG,intercept,intercept,1.0
per_capita,M0star,COD,intercept,intercept,1.0
per_capita,M0star,CIV,intercept,intercept,1.0
per_capita,M0star,DJI,intercept,intercept,1.0
per_capita,M0star,EGY,intercept,intercept,1.0
per_capita,M0star,GNQ,intercept,intercept,1.0
per_capita,M0star,ERI,intercept,intercept,1.0
per_capita,M0star,ETH,intercept,intercept,1.0
per_capita,M0star,GAB,intercept,intercept,1.0
per_capita,M0star,GHA,intercept,intercept,1.0
per_capita,M0star,GIN,intercept,intercept,1.0
per_capita,M0star,GNB,intercept,intercept,1.0
per_capita,M0star,KEN,intercept,intercept,1.0
per_capita,M0star,LSO,intercept,intercept,1.0
per_capita,M0star,LBR,intercept,intercept,1.0
per_capita,M0star,LBY,intercept,intercept,1.0
per_capita,M0star,MDG,intercept,intercept,1.0
per_capita,M0star,MWI,intercept,intercept,1.0
per_capita,M0star,MLI,intercept,intercept,1.0
per_capita,M0star,MRT,intercept,intercept,1.0
per_capita,M0star,MAR,intercept,intercept,1.0
per_capita,M0star,MOZ,intercept,intercept,1.0
per_capita,M0star,NAM,intercept,intercept,1.0
per_capita,M0star,NER,intercept,intercept,1.0
per_capita,M0star,NGA,intercept,intercept,1.0
per_capita,M0star,RWA,intercept,intercept,1.0
per_capita,M0star,SEN,intercept,intercept,1.0
per_capita,M0star,SLE,intercept,intercept,1.0
per_capita,M0star,SOM,intercept,intercept,1.0
per_capita,M0star,ZAF,intercept,intercept,1.0
per_capita,M0star,SDN,intercept,intercept,1.0
per_capita,M0star,SWZ,intercept,intercept,1.0
per_capita,M0star,TZA,intercept,intercept,1.0
per_capita,M0star,TGO,intercept,intercept,1.0
per_capita,M0star,TUN,intercept,intercept,1.0
per_capita,M0star,UGA,intercept,intercept,1.0
per_capita,M0star,ZMB,intercept,intercept,1.0
per_capita,M0star,ZWE,intercept,intercept,1.0
per_capita,M0star,AFG,intercept,intercept,1.0
per_capita,M0star,ARM,intercept,intercept,1.0
per_capita,M0star,AZE,intercept,intercept,1.0
per_capita,M0star,BGD,intercept,intercept,1.0
per_capita,M0star,MMR,intercept,intercept,1.0
per_capita,M0star,KHM,intercept,intercept,1.0
per_capita,M0star,CHN,intercept,intercept,1.0
per_capita,M0star,GEO,intercept,intercept,1.0
per_capita,M0star,IND,intercept,intercept,1.0
per_capita,M0star,IDN,intercept,intercept,1.0
per_capita,M0star,IRN,intercept,intercept,1.0
per_capita,M0star,IRQ,intercept,intercept,1.0
per_capita,M0star,ISR,intercept,intercept,1.0
per_capita,M0star,JPN,intercept,intercept,1.0
per_capita,M0star,JOR,intercept,intercept,1.0
per_capita,M0star,KAZ,intercept,intercept,1.0
per_capita,M0star,LAO,intercept,intercept,1.0
per_capita,M0star,LBN,intercept,intercept,1.0
per_capita,M0star,MYS,intercept,intercept,1.0
per_capita,M0star,MNG,intercept,intercept,1.0
per_capita,M0star,NPL,intercept,intercept,1.0
per_capita,M0star,OMN,intercept,intercept,1.0
per_capita,M0star,PAK,intercept,intercept,1.0
per_capita,M0star,PHL,intercept,intercept,1.0
per_capita,M0star,QAT,intercept,intercept,1.0
per_capita,M0star,SAU,intercept,intercept,1.0
per_capita,M0star,KOR,intercept,intercept,1.0
per_capita,M0star,LKA,intercept,intercept,1.0
per_capita,M0star,SYR,intercept,intercept,1.0
per_capita,M0star,TWN,intercept,intercept,1.0
per_capita,M0star,TJK,intercept,intercept,1.0
per_capita,M0star,THA,intercept,intercept,1.0
per_capita,M0star,TUR,intercept,intercept,1.0
per_capita,M0star,TKM,intercept,intercept,1.0
per_capita,M0star,ARE,intercept,intercept,1.0
per_capita,M0star,UZB,intercept,intercept,1.0
per_capita,M0star,VNM,intercept,intercept,1.0
per_capita,M0star,YEM,intercept,intercept,1.0
per_capita,M0star,ALB,intercept,intercept,1.0
per_capita,M0star,AUT,intercept,intercept,1.0
per_capita,M0star,BLR,intercept,intercept,1.0
per_capita,M0star,BEL,intercept,intercept,1.0
per_capita,M0star,BIH,intercept,intercept,1.0
per_capita,M0star,BGR,intercept,intercept,1.0
per_capita,M0star,HRV,intercept,intercept,1.0
per_capita,M0star,CYP,intercept,intercept,1.0
per_capita,M0star,CZE,intercept,intercept,1.0
per_capita,M0star,DNK,intercept,intercept,1.0
per_capita,M0star,EST,intercept,intercept,1.0
per_capita,M0star,FIN,intercept,intercept,1.0
per_capita,M0star,FRA,intercept,intercept,1.0
per_capita,M0star,DEU,intercept,intercept,1.0
per_capita,M0star,GRC,intercept,intercept,1.0
per_capita,M0star,HUN,intercept,intercept,1.0
per_capita,M0star,ISL,intercept,intercept,1.0
per_capita,M0star,IRL,intercept,intercept,1.0
per_capita,M0star,ITA,intercept,intercept,1.0
per_capita,M0star,LVA,intercept,intercept,1.0
per_capita,M0star,LTU,intercept,intercept,1.0
per_capita,M0star,MKD,intercept,intercept,1.0
per_capita,M0star,MDA,intercept,intercept,1.0
per_capita,M0star,MNE,intercept,intercept,1.0
per_capita,M0star,NLD,intercept,intercept,1.0
per_capita,M0star,NOR,intercept,intercept,1.0
per_capita,M0star,POL,intercept,intercept,1.0
per_capita,M0star,PRT,intercept,intercept,1.0
per_capita,M0star,ROU,intercept,intercept,1.0
per_capita,M0star,RUS,intercept,intercept,1.0
per_capita,M0star,SRB,intercept,intercept,1.0
per_capita,M0star,SVK,intercept,intercept,1.0
per_capita,M0star,SVN,intercept,intercept,1.0
per_capita,M0star,ESP,intercept,intercept,1.0
per_capita,M0star,SWE,intercept,intercept,1.0
per_capita,M0star,CHE,intercept,intercept,1.0
per_capita,M0star,UKR,intercept,intercept,1.0
per_capita,M0star,GBR,intercept,intercept,1.0
per_capita,M0star,BHS,intercept,intercept,1.0
per_capita,M0star,CAN,intercept,intercept,1.0
per_capita,M0star,CRI,intercept,intercept,1.0
per_capita,M0star,CUB,intercept,intercept,1.0
per_capita,M0star,DOM,intercept,intercept,1.0
per_capita,M0star,SLV,intercept,intercept,1.0
per_capita,M0star,GTM,intercept,intercept,1.0
per_capita,M0star,HTI,intercept,intercept,1.0
per_capita,M0star,HND,intercept,intercept,1.0
per_capita,M0star,JAM,intercept,intercept,1.0
per_capita,M0star,MEX,intercept,intercept,1.0
per_capita,M0star,NIC,intercept,intercept,1.0
per_capita,M0star,PAN,intercept,intercept,1.0
per_capita,M0star,USA,intercept,intercept,1.0
per_capita,M0star,AUS,intercept,intercept,1.0
per_capita,M0star,NZL,intercept,intercept,1.0
per_capita,M0star,PNG,intercept,intercept,1.0
per_capita,M0star,ARG,intercept,intercept,1.0
per_capita,M0star,BOL,intercept,intercept,1.0
per_capita,M0star,BRA,intercept,intercept,1.0
per_capita,M0star,CHL,intercept,intercept,1.0
per_capita,M0star,COL,intercept,intercept,1.0
per_capita,M0star,ECU,intercept,intercept,1.0
per_capita,M0star,PRY,intercept,intercept,1.0
per_capita,M0star,PER,intercept,intercept,1.0
per_capita,M0star,SUR,intercept,intercept,1.0
per_capita,M0star,URY,intercept,intercept,1.0
per_capita,M0star,VEN,intercept,intercept,1.0
per_capita,M0star,DZA,cum_co2_per_capita,emissions,1.9640651933812026
per_capita,M0star,AGO,cum_co2_per_capita,emissions,1.272970907896288
per_capita,M0star,BEN,cum_co2_per_capita,emissions,0.7966761484133703
per_capita,M0star,BWA,cum_co2_per_capita,emissions,1.7050686542957503
per_capita,M0star,BFA,cum_co2_per_capita,emissions,0.33671931349566636
per_capita,M0star,BDI,cum_co2_per_capita,emissions,-0.04104112676432101
per_capita,M0star,CMR,cum_co2_per_capita,emissions,0.9771452211025551
per_capita,M0star,CAF,cum_co2_per_capita,emissions,0.28995185570360427
per_capita,M0star,TCD,cum_co2_per_capita,emissions,0.24186929499159554
per_capita,M0star,COG,cum_co2_per_capita,emissions,1.3699174844179824
per_capita,M0star,COD,cum_co2_per_capita,emissions,0.40055090009096767
per_capita,M0star,CIV,cum_co2_per_capita,emissions,1.0484406928512247
per_capita,M0star,DJI,cum_co2_per_capita,emissions,1.2011239979479478
per_capita,M0star,EGY,cum_co2_per_capita,emissions,1.6994031509078225
per_capita,M0star,GNQ,cum_co2_per_capita,emissions,1.8100736244798639
per_capita,M0star,ERI,cum_co2_per_capita,emissions,0.5947783430722957
per_capita,M0star,ETH,cum_co2_per_capita,emissions,0.20244300440787286
per_capita,M0star,GAB,cum_co2_per_capita,emissions,2.108640985241993
per_capita,M0star,GHA,cum_co2_per_capita,emissions,0.941118744381487
per_capita,M0star,GIN,cum_co2_per_capita,emissions,0.7655778545700505
per_capita,M0star,GNB,cum_co2_per_capita,emissions,0.5122035310105065
per_capita,M0star,KEN,cum_co2_per_capita,emissions,0.8931095508159184
per_capita,M0star,LSO,cum_co2_per_capita,emissions,1.3560002328999916
per_capita,M0star,LBR,cum_co2_per_capita,emissions,0.9943139238954385
per_capita,M0star,LBY,cum_co2_per_capita,emissions,2.4601471340636447
per_capita,M0star,MDG,cum_co2_per_capita,emissions,0.4661833052876193
per_capita,M0star,MWI,cum_co2_per_capita,emissions,0.4006344896298506
per_capita,M0star,MLI,cum_co2_per_capita,emissions,0.35288790032355455
per_capita,M0star,MRT,cum_co2_per_capita,emissions,1.1619154768261646
per_capita,M0star,MAR,cum_co2_per_capita,emissions,1.5874391675456656
per_capita,M0star,MOZ,cum_co2_per_capita,emissions,0.7006550311609653
per_capita,M0star,NAM,cum_co2_per_capita,emissions,1.3357095586597973
per_capita,M0star,NER,cum_co2_per_capita,emissions,0.25373486687419905
per_capita,M0star,NGA,cum_co2_per_capita,emissions,1.2663956986140794
per_capita,M0star,RWA,cum_co2_per_capita,emissions,0.28672926272177235
per_capita,M0star,SEN,cum_co2_per_capita,emissions,1.0978902993271602
per_capita,M0star,SLE,cum_co2_per_capita,emissions,0.6367437677149098
per_capita,M0star,SOM,cum_co2_per_capita,emissions,0.3659608999764163
per_capita,M0star,ZAF,cum_co2_per_capita,emissions,2.514702230298455
per_capita,M0star,SDN,cum_co2_per_capita,emissions,0.9210640494815501
per_capita,M0star,SWZ,cum_co2_per_capita,emissions,1.4760052610192897
per_capita,M0star,TZA,cum_co2_per_capita,emissions,0.5416687316849194
per_capita,M0star,TGO,cum_co2_per_capita,emissions,0.8768938096042991
per_capita,M0star,TUN,cum_co2_per_capita,emissions,1.8134139806813871
per_capita,M0star,UGA,cum_co2_per_capita,emissions,0.3013733670768759
per_capita,M0star,ZMB,cum_co2_per_capita,emissions,1.1241299746095987
per_capita,M0star,ZWE,cum_co2_per_capita,emissions,1.7040673144229816
per_capita,M0star,AFG,cum_co2_per_capita,emissions,0.6256285608471236
per_capita,M0star,ARM,cum_co2_per_capita,emissions,2.0606610241549634
per_capita,M0star,AZE,cum_co2_per_capita,emissions,2.3700037384882053
per_capita,M0star,BGD,cum_co2_per_capita,emissions,0.804311575255652
per_capita,M0star,MMR,cum_co2_per_capita,emissions,0.9208120315915735
per_capita,M0star,KHM,cum_co2_per_capita,emissions,0.6969553588971745
per_capita,M0star,CHN,cum_co2_per_capita,emissions,2.0807785302963895
per_capita,M0star,GEO,cum_co2_per_capita,emissions,2.156522948595481
per_capita,M0star,IND,cum_co2_per_capita,emissions,1.461739468388228
per_capita,M0star,IDN,cum_co2_per_capita,emissions,1.608649810465107
per_capita,M0star,IRN,cum_co2_per_capita,emissions,2.238209210766924
per_capita,M0star,IRQ,cum_co2_per_capita,emissions,1.9745984395387601
per_capita,M0star,ISR,cum_co2_per_capita,emissions,2.402314054273582
per_capita,M0star,JPN,cum_co2_per_capita,emissions,2.6528892782358793
per_capita,M0star,JOR,cum_co2_per_capita,emissions,1.821488007531938
per_capita,M0star,KAZ,cum_co2_per_capita,emissions,2.8243398528943975
per_capita,M0star,LAO,cum_co2_per_capita,emissions,0.8167467424429006
per_capita,M0star,LBN,cum_co2_per_capita,emissions,1.9812339526728724
per_capita,M0star,MYS,cum_co2_per_capita,emissions,2.138980780811092
per_capita,M0star,MNG,cum_co2_per_capita,emissions,2.1966979114343146
per_capita,M0star,NPL,cum_co2_per_capita,emissions,0.4754442740603263
per_capita,M0star,OMN,cum_co2_per_capita,emissions,2.3591718672213204
per_capita,M0star,PAK,cum_co2_per_capita,emissions,1.2346809835045816
per_capita,M0star,PHL,cum_co2_per_capita,emissions,1.3851273374491946
per_capita,M0star,QAT,cum_co2_per_capita,emissions,2.8515569176277293
per_capita,M0star,SAU,cum_co2_per_capita,emissions,2.6235326396076415
per_capita,M0star,KOR,cum_co2_per_capita,emissions,2.4416060085126965
per_capita,M0star,LKA,cum_co2_per_capita,emissions,1.2098286486381225
per_capita,M0star,SYR,cum_co2_per_capita,emissions,1.8949602164919561
per_capita,M0star,TWN,cum_co2_per_capita,emissions,2.4789162763230577
per_capita,M0star,TJK,cum_co2_per_capita,emissions,1.716600481800754
per_capita,M0star,THA,cum_co2_per_capita,emissions,1.8782532158596084
per_capita,M0star,TUR,cum_co2_per_capita,emissions,2.0279791746567883
per_capita,M0star,TKM,cum_co2_per_capita,emissions,2.5127280269449987
per_capita,M0star,ARE,cum_co2_per_capita,emissions,2.6483576813532497
per_capita,M0star,UZB,cum_co2_per_capita,emissions,2.267118176258901
per_capita,M0star,VNM,cum_co2_per_capita,emissions,1.4433934930323624
per_capita,M0star,YEM,cum_co2_per_capita,emissions,1.2908918476391107
per_capita,M0star,ALB,cum_co2_per_capita,emissions,1.9408859912614769
per_capita,M0star,AUT,cum_co2_per_capita,emissions,2.774405371270569
per_capita,M0star,BLR,cum_co2_per_capita,emissions,2.680105398521193
per_capita,M0star,BEL,cum_co2_per_capita,emissions,3.026532955148929
per_capita,M0star,BIH,cum_co2_per_capita,emissions,2.354500654235709
per_capita,M0star,BGR,cum_co2_per_capita,emissions,2.68538272105901
per_capita,M0star,HRV,cum_co2_per_capita,emissions,2.367210514256764
per_capita,M0star,CYP,cum_co2_per_capita,emissions,2.3119197189026357
per_capita,M0star,CZE,cum_co2_per_capita,emissions,3.029836624790655
per_capita,M0star,DNK,cum_co2_per_capita,emissions,2.8355931105546195
per_capita,M0star,EST,cum_co2_per_capita,emissions,3.061710465807341
per_capita,M0star,FIN,cum_co2_per_capita,emissions,2.7237820100358
per_capita,M0star,FRA,cum_co2_per_capita,emissions,2.755339914846845
per_capita,M0star,DEU,cum_co2_per_capita,emissions,3.032471309553025
per_capita,M0star,GRC,cum_co2_per_capita,emissions,2.5141907841730937
per_capita,M0star,HUN,cum_co2_per_capita,emissions,2.6748590320508128
per_capita,M0star,ISL,cum_co2_per_capita,emissions,2.612259261342069
per_capita,M0star,IRL,cum_co2_per_capita,emissions,2.627006274456005
per_capita,M0star,ITA,cum_co2_per_capita,emissions,2.5655039934003714
per_capita,M0star,LVA,cum_co2_per_capita,emissions,2.651621339600986
per_capita,M0star,LTU,cum_co2_per_capita,emissions,2.6949453197922058
per_capita,M0star,MKD,cum_co2_per_capita,emissions,2.3601075181643276
per_capita,M0star,MDA,cum_co2_per_capita,emissions,2.581813794671723
per_capita,M0star,MNE,cum_co2_per_capita,emissions,2.1838952359785884
per_capita,M0star,NLD,cum_co2_per_capita,emissions,2.7983938122024496
per_capita,M0star,NOR,cum_co2_per_capita,emissions,2.6598631484298556
per_capita,M0star,POL,cum_co2_per_capita,emissions,2.825591476308173
per_capita,M0star,PRT,cum_co2_per_capita,emissions,2.336013760916489
per_capita,M0star,ROU,cum_co2_per_capita,emissions,2.6023622787180356
per_capita,M0star,RUS,cum_co2_per_capita,emissions,2.8582511218334727
per_capita,M0star,SRB,cum_co2_per_capita,emissions,2.5264184110511017
per_capita,M0star,SVK,cum_co2_per_capita,emissions,2.830370249299811
per_capita,M0star,SVN,cum_co2_per_capita,emissions,2.5694133603833804
per_capita,M0star,ESP,cum_co2_per_capita,emissions,2.4435879136276015
per_capita,M0star,SWE,cum_co2_per_capita,emissions,2.689173020462263
per_capita,M0star,CHE,cum_co2_per_capita,emissions,2.533147891421566
per_capita,M0star,UKR,cum_co2_per_capita,emissions,2.7984578815556818
per_capita,M0star,GBR,cum_co2_per_capita,emissions,3.072492860757877
per_capita,M0star,BHS,cum_co2_per_capita,emissions,2.605416873050119
per_capita,M0star,CAN,cum_co2_per_capita,emissions,2.9229164138682964
per_capita,M0star,CRI,cum_co2_per_capita,emissions,1.6266618506757686
per_capita,M0star,CUB,cum_co2_per_capita,emissions,2.1358689228124548
per_capita,M0star,DOM,cum_co2_per_capita,emissions,1.7489512329680286
per_capita,M0star,SLV,cum_co2_per_capita,emissions,1.482689960720731
per_capita,M0star,GTM,cum_co2_per_capita,emissions,1.3181289359466606
per_capita,M0star,HTI,cum_co2_per_capita,emissions,0.7338094095955683
per_capita,M0star,HND,cum_co2_per_capita,emissions,1.3317620526995058
per_capita,M0star,JAM,cum_co2_per_capita,emissions,2.1548234778481015
per_capita,M0star,MEX,cum_co2_per_capita,emissions,2.1553497207432772
per_capita,M0star,NIC,cum_co2_per_capita,emissions,1.3702439507811297
per_capita,M0star,PAN,cum_co2_per_capita,emissions,1.803977727985472
per_capita,M0star,USA,cum_co2_per_capita,emissions,3.072582867976504
per_capita,M0star,AUS,cum_co2_per_capita,emissions,2.8283908367771993
per_capita,M0star,NZL,cum_co2_per_capita,emissions,2.564578238410458
per_capita,M0star,PNG,cum_co2_per_capita,emissions,1.1866006953283204
per_capita,M0star,ARG,cum_co2_per_capita,emissions,2.2246592158859397
per_capita,M0star,BOL,cum_co2_per_capita,emissions,1.5689464395654193
per_capita,M0star,BRA,cum_co2_per_capita,emissions,1.8088199171473769
per_capita,M0star,CHL,cum_co2_per_capita,emissions,2.135225764952555
per_capita,M0star,COL,cum_co2_per_capita,emissions,1.7808001219723566
per_capita,M0star,ECU,cum_co2_per_capita,emissions,1.7769140857854893
per_capita,M0star,PRY,cum_co2_per_capita,emissions,1.3248166729984387
per_capita,M0star,PER,cum_co2_per_capita,emissions,1.7110156879174476
per_capita,M0star,SUR,cum_co2_per_capita,emissions,2.238420267248098
per_capita,M0star,URY,cum_co2_per_capita,emissions,2.0779242768216033
per_capita,M0star,VEN,cum_co2_per_capita,emissions,2.338119661938832
per_capita,M0star,DZA,abs_latitude,geography,35.206
per_capita,M0star,AGO,abs_latitude,geography,12.32
per_capita,M0star,BEN,abs_latitude,geography,8.571666666666667
per_capita,M0star,BWA,abs_latitude,geography,24.92
per_capita,M0star,BFA,abs_latitude,geography,11.25
per_capita,M0star,BDI,abs_latitude,geography,4.02
per_capita,M0star,CMR,abs_latitude,geography,6.484666666666667
per_capita,M0star,CAF,abs_latitude,geography,4.02
per_capita,M0star,TCD,abs_latitude,geography,8.84
per_capita,M0star,COG,abs_latitude,geography,4.02
per_capita,M0star,COD,abs_latitude,geography,4.717826086956522
per_capita,M0star,CIV,abs_latitude,geography,6.492307692307692
per_capita,M0star,DJI,abs_latitude,geography,12.05
per_capita,M0star,EGY,abs_latitude,geography,29.316842105263156
per_capita,M0star,GNQ,abs_latitude,geography,3.215
per_capita,M0star,ERI,abs_latitude,geography,15.27
per_capita,M0star,ETH,abs_latitude,geography,9.553333333333335
per_capita,M0star,GAB,abs_latitude,geography,0.8
per_capita,M0star,GHA,abs_latitude,geography,6.164444444444444
per_capita,M0star,GIN,abs_latitude,geography,9.2425
per_capita,M0star,GNB,abs_latitude,geography,12.05
per_capita,M0star,KEN,abs_latitude,geography,1.3366666666666667
per_capita,M0star,LSO,abs_latitude,geography,29.74
per_capita,M0star,LBR,abs_latitude,geography,7.23
per_capita,M0star,LBY,abs_latitude,geography,31.827000000000005
per_capita,M0star,MDG,abs_latitude,geography,19.555
per_capita,M0star,MWI,abs_latitude,geography,14.465
per_capita,M0star,MLI,abs_latitude,geography,12.589999999999998
per_capita,M0star,MRT,abs_latitude,geography,18.48
per_capita,M0star,MAR,abs_latitude,geography,33.757
per_capita,M0star,MOZ,abs_latitude,geography,19.420833333333334
per_capita,M0star,NAM,abs_latitude,geography,23.31
per_capita,M0star,NER,abs_latitude,geography,13.660000000000002
per_capita,M0star,NGA,abs_latitude,geography,8.044835164835165
per_capita,M0star,RWA,abs_latitude,geography,2.41
per_capita,M0star,SEN,abs_latitude,geography,14.665
per_capita,M0star,SLE,abs_latitude,geography,8.84
per_capita,M0star,SOM,abs_latitude,geography,4.66
per_capita,M0star,ZAF,abs_latitude,geography,28.1294
per_capita,M0star,SDN,abs_latitude,geography,12.053999999999998
per_capita,M0star,SWZ,abs_latitude,geography,26.52
per_capita,M0star,TZA,abs_latitude,geography,5.726875
per_capita,M0star,TGO,abs_latitude,geography,8.035
per_capita,M0star,TUN,abs_latitude,geography,35.525999999999996
per_capita,M0star,UGA,abs_latitude,geography,1.8733333333333333
per_capita,M0star,ZMB,abs_latitude,geography,13.86
per_capita,M0star,ZWE,abs_latitude,geography,18.94
per_capita,M0star,AFG,abs_latitude,geography,34.158750000000005
per_capita,M0star,ARM,abs_latitude,geography,40.99
per_capita,M0star,AZE,abs_latitude,geography,40.99
per_capita,M0star,BGD,abs_latitude,geography,24.072105263157894
per_capita,M0star,MMR,abs_latitude,geography,18.803
per_capita,M0star,KHM,abs_latitude,geography,12.05
per_capita,M0star,CHN,abs_latitude,geography,33.82457894736842
per_capita,M0star,GEO,abs_latitude,geography,40.99
per_capita,M0star,IND,abs_latitude,geography,22.25485933503836
per_capita,M0star,IDN,abs_latitude,geography,5.857724137931035
per_capita,M0star,IRN,abs_latitude,geography,34.34257575757576
per_capita,M0star,IRQ,abs_latitude,geography,35.365
per_capita,M0star,ISR,abs_latitude,geography,32.06111111111111
per_capita,M0star,JPN,abs_latitude,geography,35.745828571428575
per_capita,M0star,JOR,abs_latitude,geography,32.95
per_capita,M0star,KAZ,abs_latitude,geography,48.915333333333336
per_capita,M0star,LAO,abs_latitude,geography,18.48
per_capita,M0star,LBN,abs_latitude,geography,34.02333333333333
per_capita,M0star,MYS,abs_latitude,geography,3.6174999999999997
per_capita,M0star,MNG,abs_latitude,geography,47.42
per_capita,M0star,NPL,abs_latitude,geography,27.439999999999998
per_capita,M0star,OMN,abs_latitude,geography,16.87
per_capita,M0star,PAK,abs_latitude,geography,30.52915254237288
per_capita,M0star,PHL,abs_latitude,geography,12.598307692307692
per_capita,M0star,QAT,abs_latitude,geography,24.92
per_capita,M0star,SAU,abs_latitude,geography,22.617142857142856
per_capita,M0star,KOR,abs_latitude,geography,37.78
per_capita,M0star,LKA,abs_latitude,geography,7.7666666666666675
per_capita,M0star,SYR,abs_latitude,geography,34.56
per_capita,M0star,TWN,abs_latitude,geography,24.490666666666666
per_capita,M0star,TJK,abs_latitude,geography,40.185
per_capita,M0star,THA,abs_latitude,geography,13.88904761904762
per_capita,M0star,TUR,abs_latitude,geography,38.91117647058824
per_capita,M0star,TKM,abs_latitude,geography,39.38333333333333
per_capita,M0star,ARE,abs_latitude,geography,24.92
per_capita,M0star,UZB,abs_latitude,geography,40.386250000000004
per_capita,M0star,VNM,abs_latitude,geography,14.572666666666667
per_capita,M0star,YEM,abs_latitude,geography,13.66
per_capita,M0star,ALB,abs_latitude,geography,40.99
per_capita,M0star,AUT,abs_latitude,geography,48.064
per_capita,M0star,BLR,abs_latitude,geography,52.84
per_capita,M0star,BEL,abs_latitude,geography,50.63
per_capita,M0star,BIH,abs_latitude,geography,43.878
per_capita,M0star,BGR,abs_latitude,geography,43.050000000000004
per_capita,M0star,HRV,abs_latitude,geography,45.27333333333333
per_capita,M0star,CYP,abs_latitude,geography,34.56
per_capita,M0star,CZE,abs_latitude,geography,49.99
per_capita,M0star,DNK,abs_latitude,geography,56.25
per_capita,M0star,EST,abs_latitude,geography,58.66
per_capita,M0star,FIN,abs_latitude,geography,61.556000000000004
per_capita,M0star,FRA,abs_latitude,geography,46.79361111111112
per_capita,M0star,DEU,abs_latitude,geography,50.89012345679013
per_capita,M0star,GRC,abs_latitude,geography,38.00714285714286
per_capita,M0star,HUN,abs_latitude,geography,47.062222222222225
per_capita,M0star,ISL,abs_latitude,geography,65.09
per_capita,M0star,IRL,abs_latitude,geography,53.040000000000006
per_capita,M0star,ITA,abs_latitude,geography,43.01619047619048
per_capita,M0star,LVA,abs_latitude,geography,56.25
per_capita,M0star,LTU,abs_latitude,geography,55.45
per_capita,M0star,MKD,abs_latitude,geography,42.59
per_capita,M0star,MDA,abs_latitude,geography,47.419999999999995
per_capita,M0star,MNE,abs_latitude,geography,42.59
per_capita,M0star,NLD,abs_latitude,geography,52.239583333333336
per_capita,M0star,NOR,abs_latitude,geography,60.6725
per_capita,M0star,POL,abs_latitude,geography,51.64473684210526
per_capita,M0star,PRT,abs_latitude,geography,40.07
per_capita,M0star,ROU,abs_latitude,geography,46.00320000000001
per_capita,M0star,RUS,abs_latitude,geography,53.74948717948718
per_capita,M0star,SRB,abs_latitude,geography,43.663333333333334
per_capita,M0star,SVK,abs_latitude,geography,48.225
per_capita,M0star,SVN,abs_latitude,geography,45.81
per_capita,M0star,ESP,abs_latitude,geography,39.671200000000006
per_capita,M0star,SWE,abs_latitude,geography,58.662
per_capita,M0star,CHE,abs_latitude,geography,46.775999999999996
per_capita,M0star,UKR,abs_latitude,geography,48.826249999999995
per_capita,M0star,GBR,abs_latitude,geography,52.80411764705883
per_capita,M0star,BHS,abs_latitude,geography,24.92
per_capita,M0star,CAN,abs_latitude,geography,46.77360000000001
per_capita,M0star,CRI,abs_latitude,geography,10.45
per_capita,M0star,CUB,abs_latitude,geography,21.125
per_capita,M0star,DOM,abs_latitude,geography,19.016666666666666
per_capita,M0star,SLV,abs_latitude,geography,13.660000000000002
per_capita,M0star,GTM,abs_latitude,geography,15.270000000000001
per_capita,M0star,HTI,abs_latitude,geography,18.802
per_capita,M0star,HND,abs_latitude,geography,14.947999999999999
per_capita,M0star,JAM,abs_latitude,geography,18.48
per_capita,M0star,MEX,abs_latitude,geography,22.14556701030928
per_capita,M0star,NIC,abs_latitude,geography,12.05
per_capita,M0star,PAN,abs_latitude,geography,8.84
per_capita,M0star,USA,abs_latitude,geography,36.592217898832686
per_capita,M0star,AUS,abs_latitude,geography,32.14857142857143
per_capita,M0star,NZL,abs_latitude,geography,39.562222222222225
per_capita,M0star,PNG,abs_latitude,geography,8.84
per_capita,M0star,ARG,abs_latitude,geography,32.450625
per_capita,M0star,BOL,abs_latitude,geography,18.748333333333335
per_capita,M0star,BRA,abs_latitude,geography,19.28931818181818
per_capita,M0star,CHL,abs_latitude,geography,33.42125
per_capita,M0star,COL,abs_latitude,geography,6.203846153846153
per_capita,M0star,ECU,abs_latitude,geography,1.790769230769231
per_capita,M0star,PRY,abs_latitude,geography,24.92
per_capita,M0star,PER,abs_latitude,geography,10.519545454545455
per_capita,M0star,SUR,abs_latitude,geography,5.63
per_capita,M0star,URY,abs_latitude,geography,32.955
per_capita,M0star,VEN,abs_latitude,geography,10.087250000000001
per_capita,M0star,DZA,elevation,geography,314.5950439453125
per_capita,M0star,AGO,elevation,geography,447.00633748372394
per_capita,M0star,BEN,elevation,geography,170.6803414026896
per_capita,M0star,BWA,elevation,geography,1113.0069580078125
per_capita,M0star,BFA,elevation,geography,328.78623962402344
per_capita,M0star,BDI,elevation,geography,1952.42529296875
per_capita,M0star,CMR,elevation,geography,373.34877624511716
per_capita,M0star,CAF,elevation,geography,362.7322998046875
per_capita,M0star,TCD,elevation,geography,398.74542236328125
per_capita,M0star,COG,elevation,geography,392.1075134277344
per_capita,M0star,COD,elevation,geography,740.5418668000594
per_capita,M0star,CIV,elevation,geography,145.13958637530988
per_capita,M0star,DJI,elevation,geography,955.0897827148438
per_capita,M0star,EGY,elevation,geography,153.40576180345133
per_capita,M0star,GNQ,elevation,geography,173.23263549804688
per_capita,M0star,ERI,elevation,geography,1375.2100830078125
per_capita,M0star,ETH,elevation,geography,1702.080790201823
per_capita,M0star,GAB,elevation,geography,-640.96875
per_capita,M0star,GHA,elevation,geography,63.10153892305162
per_capita,M0star,GIN,elevation,geography,285.3084411621094
per_capita,M0star,GNB,elevation,geography,18.24833106994629
per_capita,M0star,KEN,elevation,geography,1525.0360488891602
per_capita,M0star,LSO,elevation,geography,1859.45947265625
per_capita,M0star,LBR,elevation,geography,250.87191772460938
per_capita,M0star,LBY,elevation,geography,-125.94530410766602
per_capita,M0star,MDG,elevation,geography,-329.610299428304
per_capita,M0star,MWI,elevation,geography,1041.6434326171875
per_capita,M0star,MLI,elevation,geography,325.3349304199219
per_capita,M0star,MRT,elevation,geography,16.04151153564453
per_capita,M0star,MAR,elevation,geography,498.75402641296387
per_capita,M0star,MOZ,elevation,geography,119.55623495578766
per_capita,M0star,NAM,elevation,geography,1778.283447265625
per_capita,M0star,NER,elevation,geography,363.1866963704427
per_capita,M0star,NGA,elevation,geography,194.73254671201602
per_capita,M0star,RWA,elevation,geography,1644.7860107421875
per_capita,M0star,SEN,elevation,geography,-287.7956578731537
per_capita,M0star,SLE,elevation,geography,216.62176513671875
per_capita,M0star,SOM,elevation,geography,34.74064483642578
per_capita,M0star,ZAF,elevation,geography,1144.452760925293
per_capita,M0star,SDN,elevation,geography,447.6297546386719
per_capita,M0star,SWZ,elevation,geography,58.5894775390625
per_capita,M0star,TZA,elevation,geography,890.7327861785889
per_capita,M0star,TGO,elevation,geography,333.53379821777344
per_capita,M0star,TUN,elevation,geography,260.5694213867188
per_capita,M0star,UGA,elevation,geography,1101.8234049479167
per_capita,M0star,ZMB,elevation,geography,1189.5065307617188
per_capita,M0star,ZWE,elevation,geography,1307.260498046875
per_capita,M0star,AFG,elevation,geography,1700.4435272216797
per_capita,M0star,ARM,elevation,geography,1651.8125
per_capita,M0star,AZE,elevation,geography,715.4375
per_capita,M0star,BGD,elevation,geography,10.800667110242342
per_capita,M0star,MMR,elevation,geography,209.8380369782448
per_capita,M0star,KHM,elevation,geography,17.38812828063965
per_capita,M0star,CHN,elevation,geography,452.5437363197929
per_capita,M0star,GEO,elevation,geography,1651.8125
per_capita,M0star,IND,elevation,geography,241.7615375030986
per_capita,M0star,IDN,elevation,geography,119.2868159606539
per_capita,M0star,IRN,elevation,geography,1447.170124689738
per_capita,M0star,IRQ,elevation,geography,289.8549337387085
per_capita,M0star,ISR,elevation,geography,476.33343505859375
per_capita,M0star,JPN,elevation,geography,168.62458624703544
per_capita,M0star,JOR,elevation,geography,941.8968505859375
per_capita,M0star,KAZ,elevation,geography,484.8650632222494
per_capita,M0star,LAO,elevation,geography,466.8389892578125
per_capita,M0star,LBN,elevation,geography,-872.9927164713541
per_capita,M0star,MYS,elevation,geography,61.488870069384575
per_capita,M0star,MNG,elevation,geography,1629.556640625
per_capita,M0star,NPL,elevation,geography,572.1913659232004
per_capita,M0star,OMN,elevation,geography,809.6633911132812
per_capita,M0star,PAK,elevation,geography,270.0815026881331
per_capita,M0star,PHL,elevation,geography,-299.69309522188627
per_capita,M0star,QAT,elevation,geography,12.518510818481445
per_capita,M0star,SAU,elevation,geography,1105.9072004045759
per_capita,M0star,KOR,elevation,geography,3.9714112281799316
per_capita,M0star,LKA,elevation,geography,-320.5574188232422
per_capita,M0star,SYR,elevation,geography,177.92982700892858
per_capita,M0star,TWN,elevation,geography,-341.6999688545863
per_capita,M0star,TJK,elevation,geography,1916.3934326171875
per_capita,M0star,THA,elevation,geography,147.38663546244302
per_capita,M0star,TUR,elevation,geography,758.0135866052964
per_capita,M0star,TKM,elevation,geography,175.64475758870444
per_capita,M0star,ARE,elevation,geography,7.874352931976318
per_capita,M0star,UZB,elevation,geography,816.1821012496948
per_capita,M0star,VNM,elevation,geography,290.3942291418711
per_capita,M0star,YEM,elevation,geography,1076.9956665039062
per_capita,M0star,ALB,elevation,geography,-91.5625
per_capita,M0star,AUT,elevation,geography,997.8897521972656
per_capita,M0star,BLR,elevation,geography,149.20576190948486
per_capita,M0star,BEL,elevation,geography,115.06332070486886
per_capita,M0star,BIH,elevation,geography,304.62919921875
per_capita,M0star,BGR,elevation,geography,180.59325081961495
per_capita,M0star,HRV,elevation,geography,269.5243784586589
per_capita,M0star,CYP,elevation,geography,-110.875
per_capita,M0star,CZE,elevation,geography,264.7006469726563
per_capita,M0star,DNK,elevation,geography,14.889735221862793
per_capita,M0star,EST,elevation,geography,29.868961334228516
per_capita,M0star,FIN,elevation,geography,19.03453540802002
per_capita,M0star,FRA,elevation,geography,122.23891422483656
per_capita,M0star,DEU,elevation,geography,311.64766118850235
per_capita,M0star,GRC,elevation,geography,-92.69817434038434
per_capita,M0star,HUN,elevation,geography,141.55999077690973
per_capita,M0star,ISL,elevation,geography,171.58587646484375
per_capita,M0star,IRL,elevation,geography,229.5601806640625
per_capita,M0star,ITA,elevation,geography,393.7182623545329
per_capita,M0star,LVA,elevation,geography,139.87512969970703
per_capita,M0star,LTU,elevation,geography,100.8182861328125
per_capita,M0star,MKD,elevation,geography,1106.3851318359375
per_capita,M0star,MDA,elevation,geography,155.33504740397134
per_capita,M0star,MNE,elevation,geography,1227.2928466796875
per_capita,M0star,NLD,elevation,geography,28.77057038868467
per_capita,M0star,NOR,elevation,geography,536.0525588989258
per_capita,M0star,POL,elevation,geography,230.46440777025725
per_capita,M0star,PRT,elevation,geography,173.78685869489397
per_capita,M0star,ROU,elevation,geography,379.83351135253906
per_capita,M0star,RUS,elevation,geography,224.93065158860423
per_capita,M0star,SRB,elevation,geography,669.6914189656576
per_capita,M0star,SVK,elevation,geography,205.38938903808594
per_capita,M0star,SVN,elevation,geography,358.90411376953125
per_capita,M0star,ESP,elevation,geography,31.531451950073244
per_capita,M0star,SWE,elevation,geography,29.949632263183595
per_capita,M0star,CHE,elevation,geography,349.16029052734376
per_capita,M0star,UKR,elevation,geography,132.7877142826716
per_capita,M0star,GBR,elevation,geography,102.5040927213781
per_capita,M0star,BHS,elevation,geography,1.6355916261672974
per_capita,M0star,CAN,elevation,geography,361.9892102050781
per_capita,M0star,CRI,elevation,geography,147.4757843017578
per_capita,M0star,CUB,elevation,geography,-601.6696684019906
per_capita,M0star,DOM,elevation,geography,-1174.1369934082031
per_capita,M0star,SLV,elevation,geography,53.99977111816406
per_capita,M0star,GTM,elevation,geography,1338.172607421875
per_capita,M0star,HTI,elevation,geography,-314.93158264160155
per_capita,M0star,HND,elevation,geography,510.82997436523436
per_capita,M0star,JAM,elevation,geography,-1527.6361592610676
per_capita,M0star,MEX,elevation,geography,1081.4254860116034
per_capita,M0star,NIC,elevation,geography,110.783447265625
per_capita,M0star,PAN,elevation,geography,136.88180541992188
per_capita,M0star,USA,elevation,geography,360.4095271300481
per_capita,M0star,AUS,elevation,geography,-465.4354716709682
per_capita,M0star,NZL,elevation,geography,-5.283027860853407
per_capita,M0star,PNG,elevation,geography,39.91184997558594
per_capita,M0star,ARG,elevation,geography,467.42525082826614
per_capita,M0star,BOL,elevation,geography,3352.897745768229
per_capita,M0star,BRA,elevation,geography,417.889818778905
per_capita,M0star,CHL,elevation,geography,357.4125075340271
per_capita,M0star,COL,elevation,geography,933.2442020514072
per_capita,M0star,ECU,elevation,geography,638.521503008329
per_capita,M0star,PRY,elevation,geography,78.58065338134766
per_capita,M0star,PER,elevation,geography,1406.251771981066
per_capita,M0star,SUR,elevation,geography,5.543477535247803
per_capita,M0star,URY,elevation,geography,36.999884843826294
per_capita,M0star,VEN,elevation,geography,218.3050817489624
per_capita,M0star,DZA,continentality,geography,148.41535189827113
per_capita,M0star,AGO,continentality,geography,160.7492019566083
per_capita,M0star,BEN,continentality,geography,259.15676787430976
per_capita,M0star,BWA,continentality,geography,607.1320549029783
per_capita,M0star,BFA,continentality,geography,663.8004651185327
per_capita,M0star,BDI,continentality,geography,1019.9677893297082
per_capita,M0star,CMR,continentality,geography,394.9028883457315
per_capita,M0star,CAF,continentality,geography,969.5623067843129
per_capita,M0star,TCD,continentality,geography,1020.8945842181433
per_capita,M0star,COG,continentality,geography,388.2906643268661
per_capita,M0star,COD,continentality,geography,996.1091986864735
per_capita,M0star,CIV,continentality,geography,167.6921433742753
per_capita,M0star,DJI,continentality,geography,31.093075198477482
per_capita,M0star,EGY,continentality,geography,95.87474525066706
per_capita,M0star,GNQ,continentality,geography,45.269797760188965
per_capita,M0star,ERI,continentality,geography,60.38639204880394
per_capita,M0star,ETH,continentality,geography,493.0399736897681
per_capita,M0star,GAB,continentality,geography,32.622769815760456
per_capita,M0star,GHA,continentality,geography,106.09593382969571
per_capita,M0star,GIN,continentality,geography,234.83934928588695
per_capita,M0star,GNB,continentality,geography,110.84080268526557
per_capita,M0star,KEN,continentality,geography,461.7225404847252
per_capita,M0star,LSO,continentality,geography,274.4548832701292
per_capita,M0star,LBR,continentality,geography,104.43708968138911
per_capita,M0star,LBY,continentality,geography,89.88278489482425
per_capita,M0star,MDG,continentality,geography,82.73136994650416
per_capita,M0star,MWI,continentality,geography,443.73171145000083
per_capita,M0star,MLI,continentality,geography,790.6679792505496
per_capita,M0star,MRT,continentality,geography,102.59076566611054
per_capita,M0star,MAR,continentality,geography,66.70655523715897
per_capita,M0star,MOZ,continentality,geography,121.37622991964236
per_capita,M0star,NAM,continentality,geography,224.80583091201763
per_capita,M0star,NER,continentality,geography,894.9775794916054
per_capita,M0star,NGA,continentality,geography,318.513579715843
per_capita,M0star,RWA,continentality,geography,1072.1697409642793
per_capita,M0star,SEN,continentality,geography,62.13532239964827
per_capita,M0star,SLE,continentality,geography,150.18275311661122
per_capita,M0star,SOM,continentality,geography,64.56544811242864
per_capita,M0star,ZAF,continentality,geography,335.6952888931987
per_capita,M0star,SDN,continentality,geography,841.9292364635133
per_capita,M0star,SWZ,continentality,geography,58.827025394391974
per_capita,M0star,TZA,continentality,geography,432.6313852611501
per_capita,M0star,TGO,continentality,geography,233.37768488566002
per_capita,M0star,TUN,continentality,geography,65.46114059052488
per_capita,M0star,UGA,continentality,geography,954.3105346740564
per_capita,M0star,ZMB,continentality,geography,1010.4273463271114
per_capita,M0star,ZWE,continentality,geography,490.4733890974661
per_capita,M0star,AFG,continentality,geography,980.0251806546243
per_capita,M0star,ARM,continentality,geography,274.3681751312658
per_capita,M0star,AZE,continentality,geography,25.20360155335367
per_capita,M0star,BGD,continentality,geography,167.4501932416387
per_capita,M0star,MMR,continentality,geography,169.36276423745338
per_capita,M0star,KHM,continentality,geography,198.32514565256477
per_capita,M0star,CHN,continentality,geography,460.2465280733392
per_capita,M0star,GEO,continentality,geography,274.3681751312658
per_capita,M0star,IND,continentality,geography,426.4417018320571
per_capita,M0star,IDN,continentality,geography,35.7087662442575
per_capita,M0star,IRN,continentality,geography,245.46141844990464
per_capita,M0star,IRQ,continentality,geography,493.08066829081065
per_capita,M0star,ISR,continentality,geography,40.74969055425075
per_capita,M0star,JPN,continentality,geography,82.64314172622903
per_capita,M0star,JOR,continentality,geography,32.37622746276071
per_capita,M0star,KAZ,continentality,geography,1283.3287869501294
per_capita,M0star,LAO,continentality,geography,277.298802346493
per_capita,M0star,LBN,continentality,geography,59.931174779228634
per_capita,M0star,MYS,continentality,geography,33.43449978139673
per_capita,M0star,MNG,continentality,geography,1247.786939954368
per_capita,M0star,NPL,continentality,geography,675.6541122586723
per_capita,M0star,OMN,continentality,geography,15.503326119087154
per_capita,M0star,PAK,continentality,geography,782.4292145410926
per_capita,M0star,PHL,continentality,geography,31.710189245915206
per_capita,M0star,QAT,continentality,geography,6.479188127362905
per_capita,M0star,SAU,continentality,geography,193.68550798338518
per_capita,M0star,KOR,continentality,geography,0.10270068647604357
per_capita,M0star,LKA,continentality,geography,46.694283573125205
per_capita,M0star,SYR,continentality,geography,93.42535931944471
per_capita,M0star,TWN,continentality,geography,36.42621324316634
per_capita,M0star,TJK,continentality,geography,1250.1800623340782
per_capita,M0star,THA,continentality,geography,141.8254668239137
per_capita,M0star,TUR,continentality,geography,128.00623313826836
per_capita,M0star,TKM,continentality,geography,570.2171184704274
per_capita,M0star,ARE,continentality,geography,10.093384715369945
per_capita,M0star,UZB,continentality,geography,1235.4772603548088
per_capita,M0star,VNM,continentality,geography,62.6329056650239
per_capita,M0star,YEM,continentality,geography,51.31698455455971
per_capita,M0star,ALB,continentality,geography,15.22079556911455
per_capita,M0star,AUT,continentality,geography,307.4168158026393
per_capita,M0star,BLR,continentality,geography,505.97112247230973
per_capita,M0star,BEL,continentality,geography,107.65063529604579
per_capita,M0star,BIH,continentality,geography,117.31795932389403
per_capita,M0star,BGR,continentality,geography,161.43914265156482
per_capita,M0star,HRV,continentality,geography,63.022862766722064
per_capita,M0star,CYP,continentality,geography,5.212894634530487
per_capita,M0star,CZE,continentality,geography,412.2378803838792
per_capita,M0star,DNK,continentality,geography,13.150004152366645
per_capita,M0star,EST,continentality,geography,61.18713473481305
per_capita,M0star,FIN,continentality,geography,16.945009130870062
per_capita,M0star,FRA,continentality,geography,191.58322927483144
per_capita,M0star,DEU,continentality,geography,254.6552396099633
per_capita,M0star,GRC,continentality,geography,37.832746154457865
per_capita,M0star,HUN,continentality,geography,471.3236388126921
per_capita,M0star,ISL,continentality,geography,81.00297872001015
per_capita,M0star,IRL,continentality,geography,38.006117586339364
per_capita,M0star,ITA,continentality,geography,77.31098117304789
per_capita,M0star,LVA,continentality,geography,127.3360239986891
per_capita,M0star,LTU,continentality,geography,128.23898105661175
per_capita,M0star,MKD,continentality,geography,249.1916330178268
per_capita,M0star,MDA,continentality,geography,186.17367904200015
per_capita,M0star,MNE,continentality,geography,82.22403706234513
per_capita,M0star,NLD,continentality,geography,84.12315249217339
per_capita,M0star,NOR,continentality,geography,53.643774822738706
per_capita,M0star,POL,continentality,geography,315.3013901770544
per_capita,M0star,PRT,continentality,geography,52.27557760028044
per_capita,M0star,ROU,continentality,geography,338.7173828268546
per_capita,M0star,RUS,continentality,geography,773.3640644346395
per_capita,M0star,SRB,continentality,geography,266.36523983952844
per_capita,M0star,SVK,continentality,geography,481.3914559398293
per_capita,M0star,SVN,continentality,geography,80.66975858525952
per_capita,M0star,ESP,continentality,geography,122.88312330283075
per_capita,M0star,SWE,continentality,geography,75.43097905999782
per_capita,M0star,CHE,continentality,geography,318.6523818941167
per_capita,M0star,UKR,continentality,geography,290.40284273323937
per_capita,M0star,GBR,continentality,geography,72.04328617417774
per_capita,M0star,BHS,continentality,geography,23.16612848458598
per_capita,M0star,CAN,continentality,geography,476.3700986805195
per_capita,M0star,CRI,continentality,geography,77.36810714506554
per_capita,M0star,CUB,continentality,geography,18.77046674992996
per_capita,M0star,DOM,continentality,geography,22.830820802109027
per_capita,M0star,SLV,continentality,geography,9.472273407052763
per_capita,M0star,GTM,continentality,geography,150.45784284636164
per_capita,M0star,HTI,continentality,geography,6.669859990832684
per_capita,M0star,HND,continentality,geography,65.80876686673079
per_capita,M0star,JAM,continentality,geography,33.33208864969499
per_capita,M0star,MEX,continentality,geography,183.9376302671782
per_capita,M0star,NIC,continentality,geography,64.27621674754454
per_capita,M0star,PAN,continentality,geography,37.38771902554524
per_capita,M0star,USA,continentality,geography,362.91067511348734
per_capita,M0star,AUS,continentality,geography,51.902087485243456
per_capita,M0star,NZL,continentality,geography,27.11518358276313
per_capita,M0star,PNG,continentality,geography,22.920569798684497
per_capita,M0star,ARG,continentality,geography,395.0114435104324
per_capita,M0star,BOL,continentality,geography,383.94310600316356
per_capita,M0star,BRA,continentality,geography,227.37419655911592
per_capita,M0star,CHL,continentality,geography,76.85381942963869
per_capita,M0star,COL,continentality,geography,174.04108407793845
per_capita,M0star,ECU,continentality,geography,111.72413640286271
per_capita,M0star,PRY,continentality,geography,866.639709061554
per_capita,M0star,PER,continentality,geography,143.2232885931093
per_capita,M0star,SUR,continentality,geography,38.772545254957784
per_capita,M0star,URY,continentality,geography,152.09574835188806
per_capita,M0star,VEN,continentality,geography,57.22985427389291
per_capita,M0star,DZA,population,population,7.584491521827347
per_capita,M0star,AGO,population,population,7.417730963507243
per_capita,M0star,BEN,population,population,7.0297420648599935
per_capita,M0star,BWA,population,population,6.330553171680173
per_capita,M0star,BFA,population,population,7.247860654170999
per_capita,M0star,BDI,population,population,7.0186732920103205
per_capita,M0star,CMR,population,population,7.330462050412179
per_capita,M0star,CAF,population,population,6.666744709191047
per_capita,M0star,TCD,population,population,7.136437739865217
per_capita,M0star,COG,population,population,6.686377402658246
per_capita,M0star,COD,population,population,7.879608451720629
per_capita,M0star,CIV,population,population,7.379120064336155
per_capita,M0star,DJI,population,population,5.993362592601758
per_capita,M0star,EGY,population,population,7.979245769996698
per_capita,M0star,GNQ,population,population,6.129116038326742
per_capita,M0star,ERI,population,population,6.4877557098004175
per_capita,M0star,ETH,population,population,7.993166099108892
per_capita,M0star,GAB,population,population,6.281728818193019
per_capita,M0star,GHA,population,population,7.437531664455299
per_capita,M0star,GIN,population,population,7.048902812150967
per_capita,M0star,GNB,population,population,6.229420726493306
per_capita,M0star,KEN,population,population,7.653085044116425
per_capita,M0star,LSO,population,population,6.313130614473341
per_capita,M0star,LBR,population,population,6.650331423244434
per_capita,M0star,LBY,population,population,6.7996600175142055
per_capita,M0star,MDG,population,population,7.382184420928162
per_capita,M0star,MWI,population,population,7.208490158076444
per_capita,M0star,MLI,population,population,7.242034762393436
per_capita,M0star,MRT,population,population,6.572211995805804
per_capita,M0star,MAR,population,population,7.528756997026069
per_capita,M0star,MOZ,population,population,7.3988356940534326
per_capita,M0star,NAM,population,population,6.352665763677737
per_capita,M0star,NER,population,population,7.267638613886829
per_capita,M0star,NGA,population,population,8.257797185848496
per_capita,M0star,RWA,population,population,7.045062323893226
per_capita,M0star,SEN,population,population,7.1370646013058385
per_capita,M0star,SLE,population,population,6.82698502393618
per_capita,M0star,SOM,population,population,7.109565015062865
per_capita,M0star,ZAF,population,population,7.737818887453181
per_capita,M0star,SDN,population,population,7.57732921918915
per_capita,M0star,SWZ,population,population,6.05307844348342
per_capita,M0star,TZA,population,population,7.688634548890629
per_capita,M0star,TGO,population,population,6.83243552351168
per_capita,M0star,TUN,population,population,7.046938402296572
per_capita,M0star,UGA,population,population,7.548230291005571
per_capita,M0star,ZMB,population,population,7.1874925189804255
per_capita,M0star,ZWE,population,population,7.146556255999673
per_capita,M0star,AFG,population,population,7.4999990715847
per_capita,M0star,ARM,population,population,6.465758383514392
per_capita,M0star,AZE,population,population,6.97792548243784
per_capita,M0star,BGD,population,population,8.194603506012374
per_capita,M0star,MMR,population,population,7.701245451312068
per_capita,M0star,KHM,population,population,7.180991592732013
per_capita,M0star,CHN,population,population,9.13956679824072
per_capita,M0star,GEO,population,population,6.580825566717042
per_capita,M0star,IND,population,population,9.11254786492971
per_capita,M0star,IDN,population,population,8.407989603823088
per_capita,M0star,IRN,population,population,7.905335386670902
per_capita,M0star,IRQ,population,population,7.547553035610451
per_capita,M0star,ISR,population,population,6.889266341090212
per_capita,M0star,JPN,population,population,8.106271293816295
per_capita,M0star,JOR,population,population,6.902645258961303
per_capita,M0star,KAZ,population,population,7.244437990304228
per_capita,M0star,LAO,population,population,6.820292448116504
per_capita,M0star,LBN,population,population,6.759172164098234
per_capita,M0star,MYS,population,population,7.479636757705204
per_capita,M0star,MNG,population,population,6.4551323135189955
per_capita,M0star,NPL,population,population,7.440751653256151
per_capita,M0star,OMN,population,population,6.5836424801017275
per_capita,M0star,PAK,population,population,8.32443469719558
per_capita,M0star,PHL,population,population,8.008925064275203
per_capita,M0star,QAT,population,population,6.308062604336738
per_capita,M0star,SAU,population,population,7.4475739017888225
per_capita,M0star,KOR,population,population,7.699587722216534
per_capita,M0star,LKA,population,population,7.32957743876949
per_capita,M0star,SYR,population,population,7.335797199842345
per_capita,M0star,TWN,population,population,7.369528844939075
per_capita,M0star,TJK,population,population,6.914699174948477
per_capita,M0star,THA,population,population,7.844136018099344
per_capita,M0star,TUR,population,population,7.883110593585389
per_capita,M0star,TKM,population,population,6.773738772330727
per_capita,M0star,ARE,population,population,6.893864416474685
per_capita,M0star,UZB,population,population,7.473108202341121
per_capita,M0star,VNM,population,population,7.956999246761118
per_capita,M0star,YEM,population,population,7.467059601294319
per_capita,M0star,ALB,population,population,6.463530328570472
per_capita,M0star,AUT,population,population,6.9284681091597955
per_capita,M0star,BLR,population,population,6.976095564773477
per_capita,M0star,BEL,population,population,7.047674973999279
per_capita,M0star,BIH,population,population,6.557610289495604
per_capita,M0star,BGR,population,population,6.861212005284552
per_capita,M0star,HRV,population,population,6.627611921220393
per_capita,M0star,CYP,population,population,6.073314653726718
per_capita,M0star,CZE,population,population,7.021650812201932
per_capita,M0star,DNK,population,population,6.749375515855583
per_capita,M0star,EST,population,population,6.1198890486396085
per_capita,M0star,FIN,population,population,6.735523610140002
per_capita,M0star,FRA,population,population,7.80880315470863
per_capita,M0star,DEU,population,population,7.908707904870466
per_capita,M0star,GRC,population,population,7.040108989417488
per_capita,M0star,HUN,population,population,6.995167484051263
per_capita,M0star,ISL,population,population,5.510398880382385
per_capita,M0star,IRL,population,population,6.665082251000093
per_capita,M0star,ITA,population,population,7.782858473140336
per_capita,M0star,LVA,population,population,6.303844637867393
per_capita,M0star,LTU,population,population,6.471050874954516
per_capita,M0star,MKD,population,population,6.3039041792595025
per_capita,M0star,MDA,population,population,6.532594004296075
per_capita,M0star,MNE,population,population,5.8015402203172535
per_capita,M0star,NLD,population,population,7.229606749201902
per_capita,M0star,NOR,population,population,6.705874484021341
per_capita,M0star,POL,population,population,7.58273664522853
per_capita,M0star,PRT,population,population,7.019460555719498
per_capita,M0star,ROU,population,population,7.302393989899721
per_capita,M0star,RUS,population,population,8.16018062182119
per_capita,M0star,SRB,population,population,6.861903613273627
per_capita,M0star,SVK,population,population,6.733231140360503
per_capita,M0star,SVN,population,population,6.313118577021262
per_capita,M0star,ESP,population,population,7.670805935803977
per_capita,M0star,SWE,population,population,6.982299280319174
per_capita,M0star,CHE,population,population,6.90801288261355
per_capita,M0star,UKR,population,population,7.663952950304367
per_capita,M0star,GBR,population,population,7.8088142837955985
per_capita,M0star,BHS,population,population,5.578589933656245
per_capita,M0star,CAN,population,population,7.547693756671519
per_capita,M0star,CRI,population,population,6.673587885900976
per_capita,M0star,CUB,population,population,7.0530078360659045
per_capita,M0star,DOM,population,population,7.0083377275197964
per_capita,M0star,SLV,population,population,6.788086667995949
per_capita,M0star,GTM,population,population,7.1871635218758545
per_capita,M0star,HTI,population,population,7.009551383824838
per_capita,M0star,HND,population,population,6.948866390665476
per_capita,M0star,JAM,population,population,6.4446207132917905
per_capita,M0star,MEX,population,population,8.073144673581162
per_capita,M0star,NIC,population,population,6.776980843483045
per_capita,M0star,PAN,population,population,6.582669247010581
per_capita,M0star,USA,population,population,8.505300261635066
per_capita,M0star,AUS,population,population,7.366166432923759
per_capita,M0star,NZL,population,population,6.648736269027635
per_capita,M0star,PNG,population,population,6.919219345920554
per_capita,M0star,ARG,population,population,7.6292306757420185
per_capita,M0star,BOL,population,population,7.02867745479857
per_capita,M0star,BRA,population,population,8.297713009593641
per_capita,M0star,CHL,population,population,7.247654323145674
per_capita,M0star,COL,population,population,7.664186601924754
per_capita,M0star,ECU,population,population,7.198853079953566
per_capita,M0star,PRY,population,population,6.776878859778663
per_capita,M0star,PER,population,population,7.474477170440693
per_capita,M0star,SUR,population,population,5.755130584229435
per_capita,M0star,URY,population,population,6.524439614291172
per_capita,M0star,VEN,population,population,7.475848283355976
per_capita,M0star,DZA,station_density,population,0.0
per_capita,M0star,AGO,station_density,population,0.3333333333333333
per_capita,M0star,BEN,station_density,population,1.3333333333333333
per_capita,M0star,BWA,station_density,population,0.0
per_capita,M0star,BFA,station_density,population,0.0
per_capita,M0star,BDI,station_density,population,2.0
per_capita,M0star,CMR,station_density,population,1.8
per_capita,M0star,CAF,station_density,population,0.0
per_capita,M0star,TCD,station_density,population,0.0
per_capita,M0star,COG,station_density,population,1.0
per_capita,M0star,COD,station_density,population,0.4782608695652174
per_capita,M0star,CIV,station_density,population,1.3846153846153846
per_capita,M0star,DJI,station_density,population,0.0
per_capita,M0star,EGY,station_density,population,3.0526315789473686
per_capita,M0star,GNQ,station_density,population,0.5
per_capita,M0star,ERI,station_density,population,0.0
per_capita,M0star,ETH,station_density,population,0.4444444444444444
per_capita,M0star,GAB,station_density,population,0.0
per_capita,M0star,GHA,station_density,population,2.0
per_capita,M0star,GIN,station_density,population,0.25
per_capita,M0star,GNB,station_density,population,0.0
per_capita,M0star,KEN,station_density,population,0.5
per_capita,M0star,LSO,station_density,population,1.0
per_capita,M0star,LBR,station_density,population,0.0
per_capita,M0star,LBY,station_density,population,0.8
per_capita,M0star,MDG,station_density,population,0.0
per_capita,M0star,MWI,station_density,population,0.0
per_capita,M0star,MLI,station_density,population,0.0
per_capita,M0star,MRT,station_density,population,0.0
per_capita,M0star,MAR,station_density,population,1.4
per_capita,M0star,MOZ,station_density,population,0.3333333333333333
per_capita,M0star,NAM,station_density,population,0.0
per_capita,M0star,NER,station_density,population,0.3333333333333333
per_capita,M0star,NGA,station_density,population,6.978021978021978
per_capita,M0star,RWA,station_density,population,1.0
per_capita,M0star,SEN,station_density,population,0.75
per_capita,M0star,SLE,station_density,population,0.5
per_capita,M0star,SOM,station_density,population,0.0
per_capita,M0star,ZAF,station_density,population,6.42
per_capita,M0star,SDN,station_density,population,0.6
per_capita,M0star,SWZ,station_density,population,2.0
per_capita,M0star,TZA,station_density,population,0.4375
per_capita,M0star,TGO,station_density,population,0.0
per_capita,M0star,TUN,station_density,population,1.2
per_capita,M0star,UGA,station_density,population,0.6666666666666666
per_capita,M0star,ZMB,station_density,population,1.875
per_capita,M0star,ZWE,station_density,population,2.0
per_capita,M0star,AFG,station_density,population,0.5
per_capita,M0star,ARM,station_density,population,3.0
per_capita,M0star,AZE,station_density,population,0.0
per_capita,M0star,BGD,station_density,population,7.947368421052632
per_capita,M0star,MMR,station_density,population,1.1
per_capita,M0star,KHM,station_density,population,0.0
per_capita,M0star,CHN,station_density,population,3.623684210526316
per_capita,M0star,GEO,station_density,population,3.0
per_capita,M0star,IND,station_density,population,7.294117647058823
per_capita,M0star,IDN,station_density,population,12.931034482758621
per_capita,M0star,IRN,station_density,population,1.7727272727272727
per_capita,M0star,IRQ,station_density,population,1.5
per_capita,M0star,ISR,station_density,population,4.444444444444445
per_capita,M0star,JPN,station_density,population,29.954285714285714
per_capita,M0star,JOR,station_density,population,7.0
per_capita,M0star,KAZ,station_density,population,0.26666666666666666
per_capita,M0star,LAO,station_density,population,0.0
per_capita,M0star,LBN,station_density,population,3.6666666666666665
per_capita,M0star,MYS,station_density,population,2.9375
per_capita,M0star,MNG,station_density,population,0.0
per_capita,M0star,NPL,station_density,population,4.142857142857143
per_capita,M0star,OMN,station_density,population,0.0
per_capita,M0star,PAK,station_density,population,6.508474576271187
per_capita,M0star,PHL,station_density,population,9.692307692307692
per_capita,M0star,QAT,station_density,population,0.0
per_capita,M0star,SAU,station_density,population,0.0
per_capita,M0star,KOR,station_density,population,0.0
per_capita,M0star,LKA,station_density,population,2.4444444444444446
per_capita,M0star,SYR,station_density,population,3.0
per_capita,M0star,TWN,station_density,population,9.866666666666667
per_capita,M0star,TJK,station_density,population,1.0
per_capita,M0star,THA,station_density,population,2.5714285714285716
per_capita,M0star,TUR,station_density,population,1.3725490196078431
per_capita,M0star,TKM,station_density,population,0.6666666666666666
per_capita,M0star,ARE,station_density,population,2.0
per_capita,M0star,UZB,station_density,population,0.875
per_capita,M0star,VNM,station_density,population,2.433333333333333
per_capita,M0star,YEM,station_density,population,0.0
per_capita,M0star,ALB,station_density,population,2.0
per_capita,M0star,AUT,station_density,population,0.8
per_capita,M0star,BLR,station_density,population,0.5
per_capita,M0star,BEL,station_density,population,7.857142857142857
per_capita,M0star,BIH,station_density,population,2.4
per_capita,M0star,BGR,station_density,population,1.1428571428571428
per_capita,M0star,HRV,station_density,population,1.3333333333333333
per_capita,M0star,CYP,station_density,population,0.0
per_capita,M0star,CZE,station_density,population,4.8
per_capita,M0star,DNK,station_density,population,1.0
per_capita,M0star,EST,station_density,population,0.0
per_capita,M0star,FIN,station_density,population,0.4
per_capita,M0star,FRA,station_density,population,2.1944444444444446
per_capita,M0star,DEU,station_density,population,9.88888888888889
per_capita,M0star,GRC,station_density,population,0.8571428571428571
per_capita,M0star,HUN,station_density,population,2.3333333333333335
per_capita,M0star,ISL,station_density,population,0.0
per_capita,M0star,IRL,station_density,population,0.0
per_capita,M0star,ITA,station_density,population,3.3333333333333335
per_capita,M0star,LVA,station_density,population,1.0
per_capita,M0star,LTU,station_density,population,1.4
per_capita,M0star,MKD,station_density,population,4.0
per_capita,M0star,MDA,station_density,population,2.0
per_capita,M0star,MNE,station_density,population,0.0
per_capita,M0star,NLD,station_density,population,17.875
per_capita,M0star,NOR,station_density,population,0.0
per_capita,M0star,POL,station_density,population,6.605263157894737
per_capita,M0star,PRT,station_density,population,2.5714285714285716
per_capita,M0star,ROU,station_density,population,2.84
per_capita,M0star,RUS,station_density,population,1.7820512820512822
per_capita,M0star,SRB,station_density,population,2.5
per_capita,M0star,SVK,station_density,population,1.5
per_capita,M0star,SVN,station_density,population,2.0
per_capita,M0star,ESP,station_density,population,3.32
per_capita,M0star,SWE,station_density,population,0.4
per_capita,M0star,CHE,station_density,population,4.0
per_capita,M0star,UKR,station_density,population,0.7916666666666666
per_capita,M0star,GBR,station_density,population,10.647058823529411
per_capita,M0star,BHS,station_density,population,0.0
per_capita,M0star,CAN,station_density,population,1.36
per_capita,M0star,CRI,station_density,population,0.0
per_capita,M0star,CUB,station_density,population,1.5714285714285714
per_capita,M0star,DOM,station_density,population,2.888888888888889
per_capita,M0star,SLV,station_density,population,3.3333333333333335
per_capita,M0star,GTM,station_density,population,8.0
per_capita,M0star,HTI,station_density,population,2.4
per_capita,M0star,HND,station_density,population,2.4
per_capita,M0star,JAM,station_density,population,0.6666666666666666
per_capita,M0star,MEX,station_density,population,5.298969072164948
per_capita,M0star,NIC,station_density,population,1.0
per_capita,M0star,PAN,station_density,population,1.0
per_capita,M0star,USA,station_density,population,5.36964980544747
per_capita,M0star,AUS,station_density,population,0.42857142857142855
per_capita,M0star,NZL,station_density,population,0.8888888888888888
per_capita,M0star,PNG,station_density,population,0.0
per_capita,M0star,ARG,station_density,population,0.4375
per_capita,M0star,BOL,station_density,population,0.0
per_capita,M0star,BRA,station_density,population,9.672727272727272
per_capita,M0star,CHL,station_density,population,0.7916666666666666
per_capita,M0star,COL,station_density,population,3.3333333333333335
per_capita,M0star,ECU,station_density,population,1.1538461538461537
per_capita,M0star,PRY,station_density,population,2.6
per_capita,M0star,PER,station_density,population,0.5
per_capita,M0star,SUR,station_density,population,0.0
per_capita,M0star,URY,station_density,population,0.5
per_capita,M0star,VEN,station_density,population,5.075
per_capita,M0star,DZA,climate_zone=B,geography,0.0
per_capita,M0star,AGO,climate_zone=B,geography,0.0
per_capita,M0star,BEN,climate_zone=B,geography,0.0
per_capita,M0star,BWA,climate_zone=B,geography,1.0
per_capita,M0star,BFA,climate_zone=B,geography,0.0
per_capita,M0star,BDI,climate_zone=B,geography,0.0
per_capita,M0star,CMR,climate_zone=B,geography,0.0
per_capita,M0star,CAF,climate_zone=B,geography,0.0
per_capita,M0star,TCD,climate_zone=B,geography,0.0
per_capita,M0star,COG,climate_zone=B,geography,0.0
per_capita,M0star,COD,climate_zone=B,geography,0.0
per_capita,M0star,CIV,climate_zone=B,geography,0.0
per_capita,M0star,DJI,climate_zone=B,geography,1.0
per_capita,M0star,EGY,climate_zone=B,geography,1.0
per_capita,M0star,GNQ,climate_zone=B,geography,0.0
per_capita,M0star,ERI,climate_zone=B,geography,1.0
per_capita,M0star,ETH,climate_zone=B,geography,0.0
per_capita,M0star,GAB,climate_zone=B,geography,0.0
per_capita,M0star,GHA,climate_zone=B,geography,0.0
per_capita,M0star,GIN,climate_zone=B,geography,0.0
per_capita,M0star,GNB,climate_zone=B,geography,0.0
per_capita,M0star,KEN,climate_zone=B,geography,0.0
per_capita,M0star,LSO,climate_zone=B,geography,0.0
per_capita,M0star,LBR,climate_zone=B,geography,0.0
per_capita,M0star,LBY,climate_zone=B,geography,1.0
per_capita,M0star,MDG,climate_zone=B,geography,0.0
per_capita,M0star,MWI,climate_zone=B,geography,0.0
per_capita,M0star,MLI,climate_zone=B,geography,0.0
per_capita,M0star,MRT,climate_zone=B,geography,1.0
per_capita,M0star,MAR,climate_zone=B,geography,0.0
per_capita,M0star,MOZ,climate_zone=B,geography,0.0
per_capita,M0star,NAM,climate_zone=B,geography,1.0
per_capita,M0star,NER,climate_zone=B,geography,1.0
per_capita,M0star,NGA,climate_zone=B,geography,0.0
per_capita,M0star,RWA,climate_zone=B,geography,0.0
per_capita,M0star,SEN,climate_zone=B,geography,1.0
per_capita,M0star,SLE,climate_zone=B,geography,0.0
per_capita,M0star,SOM,climate_zone=B,geography,1.0
per_capita,M0star,ZAF,climate_zone=B,geography,0.0
per_capita,M0star,SDN,climate_zone=B,geography,1.0
per_capita,M0star,SWZ,climate_zone=B,geography,1.0
per_capita,M0star,TZA,climate_zone=B,geography,0.0
per_capita,M0star,TGO,climate_zone=B,geography,0.0
per_capita,M0star,TUN,climate_zone=B,geography,1.0
per_capita,M0star,UGA,climate_zone=B,geography,0.0
per_capita,M0star,ZMB,climate_zone=B,geography,0.0
per_capita,M0star,ZWE,climate_zone=B,geography,0.0
per_capita,M0star,AFG,climate_zone=B,geography,1.0
per_capita,M0star,ARM,climate_zone=B,geography,0.0
per_capita,M0star,AZE,climate_zone=B,geography,0.0
per_capita,M0star,BGD,climate_zone=B,geography,0.0
per_capita,M0star,MMR,climate_zone=B,geography,0.0
per_capita,M0star,KHM,climate_zone=B,geography,0.0
per_capita,M0star,CHN,climate_zone=B,geography,0.0
per_capita,M0star,GEO,climate_zone=B,geography,0.0
per_capita,M0star,IND,climate_zone=B,geography,0.0
per_capita,M0star,IDN,climate_zone=B,geography,0.0
per_capita,M0star,IRN,climate_zone=B,geography,1.0
per_capita,M0star,IRQ,climate_zone=B,geography,0.0
per_capita,M0star,ISR,climate_zone=B,geography,1.0
per_capita,M0star,JPN,climate_zone=B,geography,0.0
per_capita,M0star,JOR,climate_zone=B,geography,0.0
per_capita,M0star,KAZ,climate_zone=B,geography,1.0
per_capita,M0star,LAO,climate_zone=B,geography,0.0
per_capita,M0star,LBN,climate_zone=B,geography,0.0
per_capita,M0star,MYS,climate_zone=B,geography,0.0
per_capita,M0star,MNG,climate_zone=B,geography,1.0
per_capita,M0star,NPL,climate_zone=B,geography,0.0
per_capita,M0star,OMN,climate_zone=B,geography,1.0
per_capita,M0star,PAK,climate_zone=B,geography,1.0
per_capita,M0star,PHL,climate_zone=B,geography,0.0
per_capita,M0star,QAT,climate_zone=B,geography,1.0
per_capita,M0star,SAU,climate_zone=B,geography,1.0
per_capita,M0star,KOR,climate_zone=B,geography,0.0
per_capita,M0star,LKA,climate_zone=B,geography,0.0
per_capita,M0star,SYR,climate_zone=B,geography,1.0
per_capita,M0star,TWN,climate_zone=B,geography,0.0
per_capita,M0star,TJK,climate_zone=B,geography,0.0
per_capita,M0star,THA,climate_zone=B,geography,0.0
per_capita,M0star,TUR,climate_zone=B,geography,0.0
per_capita,M0star,TKM,climate_zone=B,geography,1.0
per_capita,M0star,ARE,climate_zone=B,geography,1.0
per_capita,M0star,UZB,climate_zone=B,geography,1.0
per_capita,M0star,VNM,climate_zone=B,geography,0.0
per_capita,M0star,YEM,climate_zone=B,geography,1.0
per_capita,M0star,ALB,climate_zone=B,geography,0.0
per_capita,M0star,AUT,climate_zone=B,geography,0.0
per_capita,M0star,BLR,climate_zone=B,geography,0.0
per_capita,M0star,BEL,climate_zone=B,geography,0.0
per_capita,M0star,BIH,climate_zone=B,geography,0.0
per_capita,M0star,BGR,climate_zone=B,geography,0.0
per_capita,M0star,HRV,climate_zone=B,geography,0.0
per_capita,M0star,CYP,climate_zone=B,geography,0.0
per_capita,M0star,CZE,climate_zone=B,geography,0.0
per_capita,M0star,DNK,climate_zone=B,geography,0.0
per_capita,M0star,EST,climate_zone=B,geography,0.0
per_capita,M0star,FIN,climate_zone=B,geography,0.0
per_capita,M0star,FRA,climate_zone=B,geography,0.0
per_capita,M0star,DEU,climate_zone=B,geography,0.0
per_capita,M0star,GRC,climate_zone=B,geography,0.0
per_capita,M0star,HUN,climate_zone=B,geography,0.0
per_capita,M0star,ISL,climate_zone=B,geography,0.0
per_capita,M0star,IRL,climate_zone=B,geography,0.0
per_capita,M0star,ITA,climate_zone=B,geography,0.0
per_capita,M0star,LVA,climate_zone=B,geography,0.0
per_capita,M0star,LTU,climate_zone=B,geography,0.0
per_capita,M0star,MKD,climate_zone=B,geography,0.0
per_capita,M0star,MDA,climate_zone=B,geography,0.0
per_capita,M0star,MNE,climate_zone=B,geography,0.0
per_capita,M0star,NLD,climate_zone=B,geography,0.0
per_capita,M0star,NOR,climate_zone=B,geography,0.0
per_capita,M0star,POL,climate_zone=B,geography,0.0
per_capita,M0star,PRT,climate_zone=B,geography,0.0
per_capita,M0star,ROU,climate_zone=B,geography,0.0
per_capita,M0star,RUS,climate_zone=B,geography,0.0
per_capita,M0star,SRB,climate_zone=B,geography,0.0
per_capita,M0star,SVK,climate_zone=B,geography,0.0
per_capita,M0star,SVN,climate_zone=B,geography,0.0
per_capita,M0star,ESP,climate_zone=B,geography,0.0
per_capita,M0star,SWE,climate_zone=B,geography,0.0
per_capita,M0star,CHE,climate_zone=B,geography,0.0
per_capita,M0star,UKR,climate_zone=B,geography,0.0
per_capita,M0star,GBR,climate_zone=B,geography,0.0
per_capita,M0star,BHS,climate_zone=B,geography,0.0
per_capita,M0star,CAN,climate_zone=B,geography,0.0
per_capita,M0star,CRI,climate_zone=B,geography,0.0
per_capita,M0star,CUB,climate_zone=B,geography,0.0
per_capita,M0star,DOM,climate_zone=B,geography,0.0
per_capita,M0star,SLV,climate_zone=B,geography,0.0
per_capita,M0star,GTM,climate_zone=B,geography,0.0
per_capita,M0star,HTI,climate_zone=B,geography,0.0
per_capita,M0star,HND,climate_zone=B,geography,0.0
per_capita,M0star,JAM,climate_zone=B,geography,0.0
per_capita,M0star,MEX,climate_zone=B,geography,0.0
per_capita,M0star,NIC,climate_zone=B,geography,0.0
per_capita,M0star,PAN,climate_zone=B,geography,0.0
per_capita,M0star,USA,climate_zone=B,geography,0.0
per_capita,M0star,AUS,climate_zone=B,geography,0.0
per_capita,M0star,NZL,climate_zone=B,geography,0.0
per_capita,M0star,PNG,climate_zone=B,geography,0.0
per_capita,M0star,ARG,climate_zone=B,geography,1.0
per_capita,M0star,BOL,climate_zone=B,geography,0.0
per_capita,M0star,BRA,climate_zone=B,geography,0.0
per_capita,M0star,CHL,climate_zone=B,geography,0.0
per_capita,M0star,COL,climate_zone=B,geography,0.0
per_capita,M0star,ECU,climate_zone=B,geography,0.0
per_capita,M0star,PRY,climate_zone=B,geography,0.0
per_capita,M0star,PER,climate_zone=B,geography,1.0
per_capita,M0star,SUR,climate_zone=B,geography,0.0
per_capita,M0star,URY,climate_zone=B,geography,0.0
per_capita,M0star,VEN,climate_zone=B,geography,0.0
per_capita,M0star,DZA,climate_zone=C,geography,1.0
per_capita,M0star,AGO,climate_zone=C,geography,1.0
per_capita,M0star,BEN,climate_zone=C,geography,0.0
per_capita,M0star,BWA,climate_zone=C,geography,0.0
per_capita,M0star,BFA,climate_zone=C,geography,0.0
per_capita,M0star,BDI,climate_zone=C,geography,0.0
per_capita,M0star,CMR,climate_zone=C,geography,0.0
per_capita,M0star,CAF,climate_zone=C,geography,0.0
per_capita,M0star,TCD,climate_zone=C,geography,0.0
per_capita,M0star,COG,climate_zone=C,geography,0.0
per_capita,M0star,COD,climate_zone=C,geography,0.0
per_capita,M0star,CIV,climate_zone=C,geography,0.0
per_capita,M0star,DJI,climate_zone=C,geography,0.0
per_capita,M0star,EGY,climate_zone=C,geography,0.0
per_capita,M0star,GNQ,climate_zone=C,geography,0.0
per_capita,M0star,ERI,climate_zone=C,geography,0.0
per_capita,M0star,ETH,climate_zone=C,geography,0.0
per_capita,M0star,GAB,climate_zone=C,geography,0.0
per_capita,M0star,GHA,climate_zone=C,geography,0.0
per_capita,M0star,GIN,climate_zone=C,geography,0.0
per_capita,M0star,GNB,climate_zone=C,geography,0.0
per_capita,M0star,KEN,climate_zone=C,geography,0.0
per_capita,M0star,LSO,climate_zone=C,geography,1.0
per_capita,M0star,LBR,climate_zone=C,geography,0.0
per_capita,M0star,LBY,climate_zone=C,geography,0.0
per_capita,M0star,MDG,climate_zone=C,geography,0.0
per_capita,M0star,MWI,climate_zone=C,geography,0.0
per_capita,M0star,MLI,climate_zone=C,geography,0.0
per_capita,M0star,MRT,climate_zone=C,geography,0.0
per_capita,M0star,MAR,climate_zone=C,geography,1.0
per_capita,M0star,MOZ,climate_zone=C,geography,0.0
per_capita,M0star,NAM,climate_zone=C,geography,0.0
per_capita,M0star,NER,climate_zone=C,geography,0.0
per_capita,M0star,NGA,climate_zone=C,geography,0.0
per_capita,M0star,RWA,climate_zone=C,geography,0.0
per_capita,M0star,SEN,climate_zone=C,geography,0.0
per_capita,M0star,SLE,climate_zone=C,geography,0.0
per_capita,M0star,SOM,climate_zone=C,geography,0.0
per_capita,M0star,ZAF,climate_zone=C,geography,1.0
per_capita,M0star,SDN,climate_zone=C,geography,0.0
per_capita,M0star,SWZ,climate_zone=C,geography,0.0
per_capita,M0star,TZA,climate_zone=C,geography,0.0
per_capita,M0star,TGO,climate_zone=C,geography,0.0
per_capita,M0star,TUN,climate_zone=C,geography,0.0
per_capita,M0star,UGA,climate_zone=C,geography,0.0
per_capita,M0star,ZMB,climate_zone=C,geography,1.0
per_capita,M0star,ZWE,climate_zone=C,geography,1.0
per_capita,M0star,AFG,climate_zone=C,geography,0.0
per_capita,M0star,ARM,climate_zone=C,geography,0.0
per_capita,M0star,AZE,climate_zone=C,geography,0.0
per_capita,M0star,BGD,climate_zone=C,geography,0.0
per_capita,M0star,MMR,climate_zone=C,geography,0.0
per_capita,M0star,KHM,climate_zone=C,geography,0.0
per_capita,M0star,CHN,climate_zone=C,geography,1.0
per_capita,M0star,GEO,climate_zone=C,geography,0.0
per_capita,M0star,IND,climate_zone=C,geography,0.0
per_capita,M0star,IDN,climate_zone=C,geography,0.0
per_capita,M0star,IRN,climate_zone=C,geography,0.0
per_capita,M0star,IRQ,climate_zone=C,geography,1.0
per_capita,M0star,ISR,climate_zone=C,geography,0.0
per_capita,M0star,JPN,climate_zone=C,geography,1.0
per_capita,M0star,JOR,climate_zone=C,geography,1.0
per_capita,M0star,KAZ,climate_zone=C,geography,0.0
per_capita,M0star,LAO,climate_zone=C,geography,0.0
per_capita,M0star,LBN,climate_zone=C,geography,1.0
per_capita,M0star,MYS,climate_zone=C,geography,0.0
per_capita,M0star,MNG,climate_zone=C,geography,0.0
per_capita,M0star,NPL,climate_zone=C,geography,1.0
per_capita,M0star,OMN,climate_zone=C,geography,0.0
per_capita,M0star,PAK,climate_zone=C,geography,0.0
per_capita,M0star,PHL,climate_zone=C,geography,0.0
per_capita,M0star,QAT,climate_zone=C,geography,0.0
per_capita,M0star,SAU,climate_zone=C,geography,0.0
per_capita,M0star,KOR,climate_zone=C,geography,0.0
per_capita,M0star,LKA,climate_zone=C,geography,0.0
per_capita,M0star,SYR,climate_zone=C,geography,0.0
per_capita,M0star,TWN,climate_zone=C,geography,1.0
per_capita,M0star,TJK,climate_zone=C,geography,0.0
per_capita,M0star,THA,climate_zone=C,geography,0.0
per_capita,M0star,TUR,climate_zone=C,geography,1.0
per_capita,M0star,TKM,climate_zone=C,geography,0.0
per_capita,M0star,ARE,climate_zone=C,geography,0.0
per_capita,M0star,UZB,climate_zone=C,geography,0.0
per_capita,M0star,VNM,climate_zone=C,geography,0.0
per_capita,M0star,YEM,climate_zone=C,geography,0.0
per_capita,M0star,ALB,climate_zone=C,geography,1.0
per_capita,M0star,AUT,climate_zone=C,geography,0.0
per_capita,M0star,BLR,climate_zone=C,geography,0.0
per_capita,M0star,BEL,climate_zone=C,geography,1.0
per_capita,M0star,BIH,climate_zone=C,geography,0.0
per_capita,M0star,BGR,climate_zone=C,geography,0.0
per_capita,M0star,HRV,climate_zone=C,geography,0.0
per_capita,M0star,CYP,climate_zone=C,geography,1.0
per_capita,M0star,CZE,climate_zone=C,geography,0.0
per_capita,M0star,DNK,climate_zone=C,geography,1.0
per_capita,M0star,EST,climate_zone=C,geography,0.0
per_capita,M0star,FIN,climate_zone=C,geography,0.0
per_capita,M0star,FRA,climate_zone=C,geography,1.0
per_capita,M0star,DEU,climate_zone=C,geography,1.0
per_capita,M0star,GRC,climate_zone=C,geography,1.0
per_capita,M0star,HUN,climate_zone=C,geography,0.0
per_capita,M0star,ISL,climate_zone=C,geography,0.0
per_capita,M0star,IRL,climate_zone=C,geography,1.0
per_capita,M0star,ITA,climate_zone=C,geography,1.0
per_capita,M0star,LVA,climate_zone=C,geography,0.0
per_capita,M0star,LTU,climate_zone=C,geography,0.0
per_capita,M0star,MKD,climate_zone=C,geography,0.0
per_capita,M0star,MDA,climate_zone=C,geography,0.0
per_capita,M0star,MNE,climate_zone=C,geography,0.0
per_capita,M0star,NLD,climate_zone=C,geography,1.0
per_capita,M0star,NOR,climate_zone=C,geography,0.0
per_capita,M0star,POL,climate_zone=C,geography,0.0
per_capita,M0star,PRT,climate_zone=C,geography,1.0
per_capita,M0star,ROU,climate_zone=C,geography,0.0
per_capita,M0star,RUS,climate_zone=C,geography,0.0
per_capita,M0star,SRB,climate_zone=C,geography,0.0
per_capita,M0star,SVK,climate_zone=C,geography,0.0
per_capita,M0star,SVN,climate_zone=C,geography,0.0
per_capita,M0star,ESP,climate_zone=C,geography,1.0
per_capita,M0star,SWE,climate_zone=C,geography,0.0
per_capita,M0star,CHE,climate_zone=C,geography,0.0
per_capita,M0star,UKR,climate_zone=C,geography,0.0
per_capita,M0star,GBR,climate_zone=C,geography,1.0
per_capita,M0star,BHS,climate_zone=C,geography,0.0
per_capita,M0star,CAN,climate_zone=C,geography,0.0
per_capita,M0star,CRI,climate_zone=C,geography,0.0
per_capita,M0star,CUB,climate_zone=C,geography,0.0
per_capita,M0star,DOM,climate_zone=C,geography,0.0
per_capita,M0star,SLV,climate_zone=C,geography,0.0
per_capita,M0star,GTM,climate_zone=C,geography,1.0
per_capita,M0star,HTI,climate_zone=C,geography,0.0
per_capita,M0star,HND,climate_zone=C,geography,0.0
per_capita,M0star,JAM,climate_zone=C,geography,0.0
per_capita,M0star,MEX,climate_zone=C,geography,1.0
per_capita,M0star,NIC,climate_zone=C,geography,0.0
per_capita,M0star,PAN,climate_zone=C,geography,0.0
per_capita,M0star,USA,climate_zone=C,geography,1.0
per_capita,M0star,AUS,climate_zone=C,geography,1.0
per_capita,M0star,NZL,climate_zone=C,geography,1.0
per_capita,M0star,PNG,climate_zone=C,geography,0.0
per_capita,M0star,ARG,climate_zone=C,geography,0.0
per_capita,M0star,BOL,climate_zone=C,geography,1.0
per_capita,M0star,BRA,climate_zone=C,geography,1.0
per_capita,M0star,CHL,climate_zone=C,geography,1.0
per_capita,M0star,COL,climate_zone=C,geography,0.0
per_capita,M0star,ECU,climate_zone=C,geography,0.0
per_capita,M0star,PRY,climate_zone=C,geography,0.0
per_capita,M0star,PER,climate_zone=C,geography,0.0
per_capita,M0star,SUR,climate_zone=C,geography,0.0
per_capita,M0star,URY,climate_zone=C,geography,1.0
per_capita,M0star,VEN,climate_zone=C,geography,0.0
per_capita,M0star,DZA,climate_zone=D,geography,0.0
per_capita,M0star,AGO,climate_zone=D,geography,0.0
per_capita,M0star,BEN,climate_zone=D,geography,0.0
per_capita,M0star,BWA,climate_zone=D,geography,0.0
per_capita,M0star,BFA,climate_zone=D,geography,0.0
per_capita,M0star,BDI,climate_zone=D,geography,0.0
per_capita,M0star,CMR,climate_zone=D,geography,0.0
per_capita,M0star,CAF,climate_zone=D,geography,0.0
per_capita,M0star,TCD,climate_zone=D,geography,0.0
per_capita,M0star,COG,climate_zone=D,geography,0.0
per_capita,M0star,COD,climate_zone=D,geography,0.0
per_capita,M0star,CIV,climate_zone=D,geography,0.0
per_capita,M0star,DJI,climate_zone=D,geography,0.0
per_capita,M0star,EGY,climate_zone=D,geography,0.0
per_capita,M0star,GNQ,climate_zone=D,geography,0.0
per_capita,M0star,ERI,climate_zone=D,geography,0.0
per_capita,M0star,ETH,climate_zone=D,geography,0.0
per_capita,M0star,GAB,climate_zone=D,geography,0.0
per_capita,M0star,GHA,climate_zone=D,geography,0.0
per_capita,M0star,GIN,climate_zone=D,geography,0.0
per_capita,M0star,GNB,climate_zone=D,geography,0.0
per_capita,M0star,KEN,climate_zone=D,geography,0.0
per_capita,M0star,LSO,climate_zone=D,geography,0.0
per_capita,M0star,LBR,climate_zone=D,geography,0.0
per_capita,M0star,LBY,climate_zone=D,geography,0.0
per_capita,M0star,MDG,climate_zone=D,geography,0.0
per_capita,M0star,MWI,climate_zone=D,geography,0.0
per_capita,M0star,MLI,climate_zone=D,geography,0.0
per_capita,M0star,MRT,climate_zone=D,geography,0.0
per_capita,M0star,MAR,climate_zone=D,geography,0.0
per_capita,M0star,MOZ,climate_zone=D,geography,0.0
per_capita,M0star,NAM,climate_zone=D,geography,0.0
per_capita,M0star,NER,climate_zone=D,geography,0.0
per_capita,M0star,NGA,climate_zone=D,geography,0.0
per_capita,M0star,RWA,climate_zone=D,geography,0.0
per_capita,M0star,SEN,climate_zone=D,geography,0.0
per_capita,M0star,SLE,climate_zone=D,geography,0.0
per_capita,M0star,SOM,climate_zone=D,geography,0.0
per_capita,M0star,ZAF,climate_zone=D,geography,0.0
per_capita,M0star,SDN,climate_zone=D,geography,0.0
per_capita,M0star,SWZ,climate_zone=D,geography,0.0
per_capita,M0star,TZA,climate_zone=D,geography,0.0
per_capita,M0star,TGO,climate_zone=D,geography,0.0
per_capita,M0star,TUN,climate_zone=D,geography,0.0
per_capita,M0star,UGA,climate_zone=D,geography,0.0
per_capita,M0star,ZMB,climate_zone=D,geography,0.0
per_capita,M0star,ZWE,climate_zone=D,geography,0.0
per_capita,M0star,AFG,climate_zone=D,geography,0.0
per_capita,M0star,ARM,climate_zone=D,geography,1.0
per_capita,M0star,AZE,climate_zone=D,geography,1.0
per_capita,M0star,BGD,climate_zone=D,geography,0.0
per_capita,M0star,MMR,climate_zone=D,geography,0.0
per_capita,M0star,KHM,climate_zone=D,geography,0.0
per_capita,M0star,CHN,climate_zone=D,geography,0.0
per_capita,M0star,GEO,climate_zone=D,geography,1.0
per_capita,M0star,IND,climate_zone=D,geography,0.0
per_capita,M0star,IDN,climate_zone=D,geography,0.0
per_capita,M0star,IRN,climate_zone=D,geography,0.0
per_capita,M0star,IRQ,climate_zone=D,geography,0.0
per_capita,M0star,ISR,climate_zone=D,geography,0.0
per_capita,M0star,JPN,climate_zone=D,geography,0.0
per_capita,M0star,JOR,climate_zone=D,geography,0.0
per_capita,M0star,KAZ,climate_zone=D,geography,0.0
per_capita,M0star,LAO,climate_zone=D,geography,0.0
per_capita,M0star,LBN,climate_zone=D,geography,0.0
per_capita,M0star,MYS,climate_zone=D,geography,0.0
per_capita,M0star,MNG,climate_zone=D,geography,0.0
per_capita,M0star,NPL,climate_zone=D,geography,0.0
per_capita,M0star,OMN,climate_zone=D,geography,0.0
per_capita,M0star,PAK,climate_zone=D,geography,0.0
per_capita,M0star,PHL,climate_zone=D,geography,0.0
per_capita,M0star,QAT,climate_zone=D,geography,0.0
per_capita,M0star,SAU,climate_zone=D,geography,0.0
per_capita,M0star,KOR,climate_zone=D,geography,1.0
per_capita,M0star,LKA,climate_zone=D,geography,0.0
per_capita,M0star,SYR,climate_zone=D,geography,0.0
per_capita,M0star,TWN,climate_zone=D,geography,0.0
per_capita,M0star,TJK,climate_zone=D,geography,1.0
per_capita,M0star,THA,climate_zone=D,geography,0.0
per_capita,M0star,TUR,climate_zone=D,geography,0.0
per_capita,M0star,TKM,climate_zone=D,geography,0.0
per_capita,M0star,ARE,climate_zone=D,geography,0.0
per_capita,M0star,UZB,climate_zone=D,geography,0.0
per_capita,M0star,VNM,climate_zone=D,geography,0.0
per_capita,M0star,YEM,climate_zone=D,geography,0.0
per_capita,M0star,ALB,climate_zone=D,geography,0.0
per_capita,M0star,AUT,climate_zone=D,geography,1.0
per_capita,M0star,BLR,climate_zone=D,geography,1.0
per_capita,M0star,BEL,climate_zone=D,geography,0.0
per_capita,M0star,BIH,climate_zone=D,geography,1.0
per_capita,M0star,BGR,climate_zone=D,geography,1.0
per_capita,M0star,HRV,climate_zone=D,geography,1.0
per_capita,M0star,CYP,climate_zone=D,geography,0.0
per_capita,M0star,CZE,climate_zone=D,geography,1.0
per_capita,M0star,DNK,climate_zone=D,geography,0.0
per_capita,M0star,EST,climate_zone=D,geography,1.0
per_capita,M0star,FIN,climate_zone=D,geography,1.0
per_capita,M0star,FRA,climate_zone=D,geography,0.0
per_capita,M0star,DEU,climate_zone=D,geography,0.0
per_capita,M0star,GRC,climate_zone=D,geography,0.0
per_capita,M0star,HUN,climate_zone=D,geography,1.0
per_capita,M0star,ISL,climate_zone=D,geography,0.0
per_capita,M0star,IRL,climate_zone=D,geography,0.0
per_capita,M0star,ITA,climate_zone=D,geography,0.0
per_capita,M0star,LVA,climate_zone=D,geography,1.0
per_capita,M0star,LTU,climate_zone=D,geography,1.0
per_capita,M0star,MKD,climate_zone=D,geography,1.0
per_capita,M0star,MDA,climate_zone=D,geography,1.0
per_capita,M0star,MNE,climate_zone=D,geography,1.0
per_capita,M0star,NLD,climate_zone=D,geography,0.0
per_capita,M0star,NOR,climate_zone=D,geography,1.0
per_capita,M0star,POL,climate_zone=D,geography,1.0
per_capita,M0star,PRT,climate_zone=D,geography,0.0
per_capita,M0star,ROU,climate_zone=D,geography,1.0
per_capita,M0star,RUS,climate_zone=D,geography,1.0
per_capita,M0star,SRB,climate_zone=D,geography,1.0
per_capita,M0star,SVK,climate_zone=D,geography,1.0
per_capita,M0star,SVN,climate_zone=D,geography,1.0
per_capita,M0star,ESP,climate_zone=D,geography,0.0
per_capita,M0star,SWE,climate_zone=D,geography,1.0
per_capita,M0star,CHE,climate_zone=D,geography,1.0
per_capita,M0star,UKR,climate_zone=D,geography,1.0
per_capita,M0star,GBR,climate_zone=D,geography,0.0
per_capita,M0star,BHS,climate_zone=D,geography,0.0
per_capita,M0star,CAN,climate_zone=D,geography,1.0
per_capita,M0star,CRI,climate_zone=D,geography,0.0
per_capita,M0star,CUB,climate_zone=D,geography,0.0
per_capita,M0star,DOM,climate_zone=D,geography,0.0
per_capita,M0star,SLV,climate_zone=D,geography,0.0
per_capita,M0star,GTM,climate_zone=D,geography,0.0
per_capita,M0star,HTI,climate_zone=D,geography,0.0
per_capita,M0star,HND,climate_zone=D,geography,0.0
per_capita,M0star,JAM,climate_zone=D,geography,0.0
per_capita,M0star,MEX,climate_zone=D,geography,0.0
per_capita,M0star,NIC,climate_zone=D,geography,0.0
per_capita,M0star,PAN,climate_zone=D,geography,0.0
per_capita,M0star,USA,climate_zone=D,geography,0.0
per_capita,M0star,AUS,climate_zone=D,geography,0.0
per_capita,M0star,NZL,climate_zone=D,geography,0.0
per_capita,M0star,PNG,climate_zone=D,geography,0.0
per_capita,M0star,ARG,climate_zone=D,geography,0.0
per_capita,M0star,BOL,climate_zone=D,geography,0.0
per_capita,M0star,BRA,climate_zone=D,geography,0.0
per_capita,M0star,CHL,climate_zone=D,geography,0.0
per_capita,M0star,COL,climate_zone=D,geography,0.0
per_capita,M0star,ECU,climate_zone=D,geography,0.0
per_capita,M0star,PRY,climate_zone=D,geography,0.0
per_capita,M0star,PER,climate_zone=D,geography,0.0
per_capita,M0star,SUR,climate_zone=D,geography,0.0
per_capita,M0star,URY,climate_zone=D,geography,0.0
per_capita,M0star,VEN,climate_zone=D,geography,0.0
per_capita,M0star,DZA,climate_zone=E,geography,0.0
per_capita,M0star,AGO,climate_zone=E,geography,0.0
per_capita,M0star,BEN,climate_zone=E,geography,0.0
per_capita,M0star,BWA,climate_zone=E,geography,0.0
per_capita,M0star,BFA,climate_zone=E,geography,0.0
per_capita,M0star,BDI,climate_zone=E,geography,0.0
per_capita,M0star,CMR,climate_zone=E,geography,0.0
per_capita,M0star,CAF,climate_zone=E,geography,0.0
per_capita,M0star,TCD,climate_zone=E,geography,0.0
per_capita,M0star,COG,climate_zone=E,geography,0.0
per_capita,M0star,COD,climate_zone=E,geography,0.0
per_capita,M0star,CIV,climate_zone=E,geography,0.0
per_capita,M0star,DJI,climate_zone=E,geography,0.0
per_capita,M0star,EGY,climate_zone=E,geography,0.0
per_capita,M0star,GNQ,climate_zone=E,geography,0.0
per_capita,M0star,ERI,climate_zone=E,geography,0.0
per_capita,M0star,ETH,climate_zone=E,geography,0.0
per_capita,M0star,GAB,climate_zone=E,geography,0.0
per_capita,M0star,GHA,climate_zone=E,geography,0.0
per_capita,M0star,GIN,climate_zone=E,geography,0.0
per_capita,M0star,GNB,climate_zone=E,geography,0.0
per_capita,M0star,KEN,climate_zone=E,geography,0.0
per_capita,M0star,LSO,climate_zone=E,geography,0.0
per_capita,M0star,LBR,climate_zone=E,geography,0.0
per_capita,M0star,LBY,climate_zone=E,geography,0.0
per_capita,M0star,MDG,climate_zone=E,geography,0.0
per_capita,M0star,MWI,climate_zone=E,geography,0.0
per_capita,M0star,MLI,climate_zone=E,geography,0.0
per_capita,M0star,MRT,climate_zone=E,geography,0.0
per_capita,M0star,MAR,climate_zone=E,geography,0.0
per_capita,M0star,MOZ,climate_zone=E,geography,0.0
per_capita,M0star,NAM,climate_zone=E,geography,0.0
per_capita,M0star,NER,climate_zone=E,geography,0.0
per_capita,M0star,NGA,climate_zone=E,geography,0.0
per_capita,M0star,RWA,climate_zone=E,geography,0.0
per_capita,M0star,SEN,climate_zone=E,geography,0.0
per_capita,M0star,SLE,climate_zone=E,geography,0.0
per_capita,M0star,SOM,climate_zone=E,geography,0.0
per_capita,M0star,ZAF,climate_zone=E,geography,0.0
per_capita,M0star,SDN,climate_zone=E,geography,0.0
per_capita,M0star,SWZ,climate_zone=E,geography,0.0
per_capita,M0star,TZA,climate_zone=E,geography,0.0
per_capita,M0star,TGO,climate_zone=E,geography,0.0
per_capita,M0star,TUN,climate_zone=E,geography,0.0
per_capita,M0star,UGA,climate_zone=E,geography,0.0
per_capita,M0star,ZMB,climate_zone=E,geography,0.0
per_capita,M0star,ZWE,climate_zone=E,geography,0.0
per_capita,M0star,AFG,climate_zone=E,geography,0.0
per_capita,M0star,ARM,climate_zone=E,geography,0.0
per_capita,M0star,AZE,climate_zone=E,geography,0.0
per_capita,M0star,BGD,climate_zone=E,geography,0.0
per_capita,M0star,MMR,climate_zone=E,geography,0.0
per_capita,M0star,KHM,climate_zone=E,geography,0.0
per_capita,M0star,CHN,climate_zone=E,geography,0.0
per_capita,M0star,GEO,climate_zone=E,geography,0.0
per_capita,M0star,IND,climate_zone=E,geography,0.0
per_capita,M0star,IDN,climate_zone=E,geography,0.0
per_capita,M0star,IRN,climate_zone=E,geography,0.0
per_capita,M0star,IRQ,climate_zone=E,geography,0.0
per_capita,M0star,ISR,climate_zone=E,geography,0.0
per_capita,M0star,JPN,climate_zone=E,geography,0.0
per_capita,M0star,JOR,climate_zone=E,geography,0.0
per_capita,M0star,KAZ,climate_zone=E,geography,0.0
per_capita,M0star,LAO,climate_zone=E,geography,0.0
per_capita,M0star,LBN,climate_zone=E,geography,0.0
per_capita,M0star,MYS,climate_zone=E,geography,0.0
per_capita,M0star,MNG,climate_zone=E,geography,0.0
per_capita,M0star,NPL,climate_zone=E,geography,0.0
per_capita,M0star,OMN,climate_zone=E,geography,0.0
per_capita,M0star,PAK,climate_zone=E,geography,0.0
per_capita,M0star,PHL,climate_zone=E,geography,0.0
per_capita,M0star,QAT,climate_zone=E,geography,0.0
per_capita,M0star,SAU,climate_zone=E,geography,0.0
per_capita,M0star,KOR,climate_zone=E,geography,0.0
per_capita,M0star,LKA,climate_zone=E,geography,0.0
per_capita,M0star,SYR,climate_zone=E,geography,0.0
per_capita,M0star,TWN,climate_zone=E,geography,0.0
per_capita,M0star,TJK,climate_zone=E,geography,0.0
per_capita,M0star,THA,climate_zone=E,geography,0.0
per_capita,M0star,TUR,climate_zone=E,geography,0.0
per_capita,M0star,TKM,climate_zone=E,geography,0.0
per_capita,M0star,ARE,climate_zone=E,geography,0.0
per_capita,M0star,UZB,climate_zone=E,geography,0.0
per_capita,M0star,VNM,climate_zone=E,geography,0.0
per_capita,M0star,YEM,climate_zone=E,geography,0.0
per_capita,M0star,ALB,climate_zone=E,geography,0.0
per_capita,M0star,AUT,climate_zone=E,geography,0.0
per_capita,M0star,BLR,climate_zone=E,geography,0.0
per_capita,M0star,BEL,climate_zone=E,geography,0.0
per_capita,M0star,BIH,climate_zone=E,geography,0.0
per_capita,M0star,BGR,climate_zone=E,geography,0.0
per_capita,M0star,HRV,climate_zone=E,geography,0.0
per_capita,M0star,CYP,climate_zone=E,geography,0.0
per_capita,M0star,CZE,climate_zone=E,geography,0.0
per_capita,M0star,DNK,climate_zone=E,geography,0.0
per_capita,M0star,EST,climate_zone=E,geography,0.0
per_capita,M0star,FIN,climate_zone=E,geography,0.0
per_capita,M0star,FRA,climate_zone=E,geography,0.0
per_capita,M0star,DEU,climate_zone=E,geography,0.0
per_capita,M0star,GRC,climate_zone=E,geography,0.0
per_capita,M0star,HUN,climate_zone=E,geography,0.0
per_capita,M0star,ISL,climate_zone=E,geography,1.0
per_capita,M0star,IRL,climate_zone=E,geography,0.0
per_capita,M0star,ITA,climate_zone=E,geography,0.0
per_capita,M0star,LVA,climate_zone=E,geography,0.0
per_capita,M0star,LTU,climate_zone=E,geography,0.0
per_capita,M0star,MKD,climate_zone=E,geography,0.0
per_capita,M0star,MDA,climate_zone=E,geography,0.0
per_capita,M0star,MNE,climate_zone=E,geography,0.0
per_capita,M0star,NLD,climate_zone=E,geography,0.0
per_capita,M0star,NOR,climate_zone=E,geography,0.0
per_capita,M0star,POL,climate_zone=E,geography,0.0
per_capita,M0star,PRT,climate_zone=E,geography,0.0
per_capita,M0star,ROU,climate_zone=E,geography,0.0
per_capita,M0star,RUS,climate_zone=E,geography,0.0
per_capita,M0star,SRB,climate_zone=E,geography,0.0
per_capita,M0star,SVK,climate_zone=E,geography,0.0
per_capita,M0star,SVN,climate_zone=E,geography,0.0
per_capita,M0star,ESP,climate_zone=E,geography,0.0
per_capita,M0star,SWE,climate_zone=E,geography,0.0
per_capita,M0star,CHE,climate_zone=E,geography,0.0
per_capita,M0star,UKR,climate_zone=E,geography,0.0
per_capita,M0star,GBR,climate_zone=E,geography,0.0
per_capita,M0star,BHS,climate_zone=E,geography,0.0
per_capita,M0star,CAN,climate_zone=E,geography,0.0
per_capita,M0star,CRI,climate_zone=E,geography,0.0
per_capita,M0star,CUB,climate_zone=E,geography,0.0
per_capita,M0star,DOM,climate_zone=E,geography,0.0
per_capita,M0star,SLV,climate_zone=E,geography,0.0
per_capita,M0star,GTM,climate_zone=E,geography,0.0
per_capita,M0star,HTI,climate_zone=E,geography,0.0
per_capita,M0star,HND,climate_zone=E,geography,0.0
per_capita,M0star,JAM,climate_zone=E,geography,0.0
per_capita,M0star,MEX,climate_zone=E,geography,0.0
per_capita,M0star,NIC,climate_zone=E,geography,0.0
per_capita,M0star,PAN,climate_zone=E,geography,0.0
per_capita,M0star,USA,climate_zone=E,geography,0.0
per_capita,M0star,AUS,climate_zone=E,geography,0.0
per_capita,M0star,NZL,climate_zone=E,geography,0.0
per_capita,M0star,PNG,climate_zone=E,geography,0.0
per_capita,M0star,ARG,climate_zone=E,geography,0.0
per_capita,M0star,BOL,climate_zone=E,geography,0.0
per_capita,M0star,BRA,climate_zone=E,geography,0.0
per_capita,M0star,CHL,climate_zone=E,geography,0.0
per_capita,M0star,COL,climate_zone=E,geography,0.0
per_capita,M0star,ECU,climate_zone=E,geography,0.0
per_capita,M0star,PRY,climate_zone=E,geography,0.0
per_capita,M0star,PER,climate_zone=E,geography,0.0
per_capita,M0star,SUR,climate_zone=E,geography,0.0
per_capita,M0star,URY,climate_zone=E,geography,0.0
per_capita,M0star,VEN,climate_zone=E,geography,0.0
per_capita,M0star,DZA,hemisphere=S,geography,0.0
per_capita,M0star,AGO,hemisphere=S,geography,1.0
per_capita,M0star,BEN,hemisphere=S,geography,0.0
per_capita,M0star,BWA,hemisphere=S,geography,1.0
per_capita,M0star,BFA,hemisphere=S,geography,0.0
per_capita,M0star,BDI,hemisphere=S,geography,1.0
per_capita,M0star,CMR,hemisphere=S,geography,0.0
per_capita,M0star,CAF,hemisphere=S,geography,0.0
per_capita,M0star,TCD,hemisphere=S,geography,0.0
per_capita,M0star,COG,hemisphere=S,geography,1.0
per_capita,M0star,COD,hemisphere=S,geography,1.0
per_capita,M0star,CIV,hemisphere=S,geography,0.0
per_capita,M0star,DJI,hemisphere=S,geography,0.0
per_capita,M0star,EGY,hemisphere=S,geography,0.0
per_capita,M0star,GNQ,hemisphere=S,geography,0.0
per_capita,M0star,ERI,hemisphere=S,geography,0.0
per_capita,M0star,ETH,hemisphere=S,geography,0.0
per_capita,M0star,GAB,hemisphere=S,geography,0.0
per_capita,M0star,GHA,hemisphere=S,geography,0.0
per_capita,M0star,GIN,hemisphere=S,geography,0.0
per_capita,M0star,GNB,hemisphere=S,geography,0.0
per_capita,M0star,KEN,hemisphere=S,geography,1.0
per_capita,M0star,LSO,hemisphere=S,geography,1.0
per_capita,M0star,LBR,hemisphere=S,geography,0.0
per_capita,M0star,LBY,hemisphere=S,geography,0.0
per_capita,M0star,MDG,hemisphere=S,geography,1.0
per_capita,M0star,MWI,hemisphere=S,geography,1.0
per_capita,M0star,MLI,hemisphere=S,geography,0.0
per_capita,M0star,MRT,hemisphere=S,geography,0.0
per_capita,M0star,MAR,hemisphere=S,geography,0.0
per_capita,M0star,MOZ,hemisphere=S,geography,1.0
per_capita,M0star,NAM,hemisphere=S,geography,1.0
per_capita,M0star,NER,hemisphere=S,geography,0.0
per_capita,M0star,NGA,hemisphere=S,geography,0.0
per_capita,M0star,RWA,hemisphere=S,geography,1.0
per_capita,M0star,SEN,hemisphere=S,geography,0.0
per_capita,M0star,SLE,hemisphere=S,geography,0.0
per_capita,M0star,SOM,hemisphere=S,geography,0.0
per_capita,M0star,ZAF,hemisphere=S,geography,1.0
per_capita,M0star,SDN,hemisphere=S,geography,0.0
per_capita,M0star,SWZ,hemisphere=S,geography,1.0
per_capita,M0star,TZA,hemisphere=S,geography,1.0
per_capita,M0star,TGO,hemisphere=S,geography,0.0
per_capita,M0star,TUN,hemisphere=S,geography,0.0
per_capita,M0star,UGA,hemisphere=S,geography,0.0
per_capita,M0star,ZMB,hemisphere=S,geography,1.0
per_capita,M0star,ZWE,hemisphere=S,geography,1.0
per_capita,M0star,AFG,hemisphere=S,geography,0.0
per_capita,M0star,ARM,hemisphere=S,geography,0.0
per_capita,M0star,AZE,hemisphere=S,geography,0.0
per_capita,M0star,BGD,hemisphere=S,geography,0.0
per_capita,M0star,MMR,hemisphere=S,geography,0.0
per_capita,M0star,KHM,hemisphere=S,geography,0.0
per_capita,M0star,CHN,hemisphere=S,geography,0.0
per_capita,M0star,GEO,hemisphere=S,geography,0.0
per_capita,M0star,IND,hemisphere=S,geography,0.0
per_capita,M0star,IDN,hemisphere=S,geography,1.0
per_capita,M0star,IRN,hemisphere=S,geography,0.0
per_capita,M0star,IRQ,hemisphere=S,geography,0.0
per_capita,M0star,ISR,hemisphere=S,geography,0.0
per_capita,M0star,JPN,hemisphere=S,geography,0.0
per_capita,M0star,JOR,hemisphere=S,geography,0.0
per_capita,M0star,KAZ,hemisphere=S,geography,0.0
per_capita,M0star,LAO,hemisphere=S,geography,0.0
per_capita,M0star,LBN,hemisphere=S,geography,0.0
per_capita,M0star,MYS,hemisphere=S,geography,0.0
per_capita,M0star,MNG,hemisphere=S,geography,0.0
per_capita,M0star,NPL,hemisphere=S,geography,0.0
per_capita,M0star,OMN,hemisphere=S,geography,0.0
per_capita,M0star,PAK,hemisphere=S,geography,0.0
per_capita,M0star,PHL,hemisphere=S,geography,0.0
per_capita,M0star,QAT,hemisphere=S,geography,0.0
per_capita,M0star,SAU,hemisphere=S,geography,0.0
per_capita,M0star,KOR,hemisphere=S,geography,0.0
per_capita,M0star,LKA,hemisphere=S,geography,0.0
per_capita,M0star,SYR,hemisphere=S,geography,0.0
per_capita,M0star,TWN,hemisphere=S,geography,0.0
per_capita,M0star,TJK,hemisphere=S,geography,0.0
per_capita,M0star,THA,hemisphere=S,geography,0.0
per_capita,M0star,TUR,hemisphere=S,geography,0.0
per_capita,M0star,TKM,hemisphere=S,geography,0.0
per_capita,M0star,ARE,hemisphere=S,geography,0.0
per_capita,M0star,UZB,hemisphere=S,geography,0.0
per_capita,M0star,VNM,hemisphere=S,geography,0.0
per_capita,M0star,YEM,hemisphere=S,geography,0.0
per_capita,M0star,ALB,hemisphere=S,geography,0.0
per_capita,M0star,AUT,hemisphere=S,geography,0.0
per_capita,M0star,BLR,hemisphere=S,geography,0.0
per_capita,M0star,BEL,hemisphere=S,geography,0.0
per_capita,M0star,BIH,hemisphere=S,geography,0.0
per_capita,M0star,BGR,hemisphere=S,geography,0.0
per_capita,M0star,HRV,hemisphere=S,geography,0.0
per_capita,M0star,CYP,hemisphere=S,geography,0.0
per_capita,M0star,CZE,hemisphere=S,geography,0.0
per_capita,M0star,DNK,hemisphere=S,geography,0.0
per_capita,M0star,EST,hemisphere=S,geography,0.0
per_capita,M0star,FIN,hemisphere=S,geography,0.0
per_capita,M0star,FRA,hemisphere=S,geography,0.0
per_capita,M0star,DEU,hemisphere=S,geography,0.0
per_capita,M0star,GRC,hemisphere=S,geography,0.0
per_capita,M0star,HUN,hemisphere=S,geography,0.0
per_capita,M0star,ISL,hemisphere=S,geography,0.0
per_capita,M0star,IRL,hemisphere=S,geography,0.0
per_capita,M0star,ITA,hemisphere=S,geography,0.0
per_capita,M0star,LVA,hemisphere=S,geography,0.0
per_capita,M0star,LTU,hemisphere=S,geography,0.0
per_capita,M0star,MKD,hemisphere=S,geography,0.0
per_capita,M0star,MDA,hemisphere=S,geography,0.0
per_capita,M0star,MNE,hemisphere=S,geography,0.0
per_capita,M0star,NLD,hemisphere=S,geography,0.0
per_capita,M0star,NOR,hemisphere=S,geography,0.0
per_capita,M0star,POL,hemisphere=S,geography,0.0
per_capita,M0star,PRT,hemisphere=S,geography,0.0
per_capita,M0star,ROU,hemisphere=S,geography,0.0
per_capita,M0star,RUS,hemisphere=S,geography,0.0
per_capita,M0star,SRB,hemisphere=S,geography,0.0
per_capita,M0star,SVK,hemisphere=S,geography,0.0
per_capita,M0star,SVN,hemisphere=S,geography,0.0
per_capita,M0star,ESP,hemisphere=S,geography,0.0
per_capita,M0star,SWE,hemisphere=S,geography,0.0
per_capita,M0star,CHE,hemisphere=S,geography,0.0
per_capita,M0star,UKR,hemisphere=S,geography,0.0
per_capita,M0star,GBR,hemisphere=S,geography,0.0
per_capita,M0star,BHS,hemisphere=S,geography,0.0
per_capita,M0star,CAN,hemisphere=S,geography,0.0
per_capita,M0star,CRI,hemisphere=S,geography,0.0
per_capita,M0star,CUB,hemisphere=S,geography,0.0
per_capita,M0star,DOM,hemisphere=S,geography,0.0
per_capita,M0star,SLV,hemisphere=S,geography,0.0
per_capita,M0star,GTM,hemisphere=S,geography,0.0
per_capita,M0star,HTI,hemisphere=S,geography,0.0
per_capita,M0star,HND,hemisphere=S,geography,0.0
per_capita,M0star,JAM,hemisphere=S,geography,0.0
per_capita,M0star,MEX,hemisphere=S,geography,0.0
per_capita,M0star,NIC,hemisphere=S,geography,0.0
per_capita,M0star,PAN,hemisphere=S,geography,0.0
per_capita,M0star,USA,hemisphere=S,geography,0.0
per_capita,M0star,AUS,hemisphere=S,geography,1.0
per_capita,M0star,NZL,hemisphere=S,geography,1.0
per_capita,M0star,PNG,hemisphere=S,geography,1.0
per_capita,M0star,ARG,hemisphere=S,geography,1.0
per_capita,M0star,BOL,hemisphere=S,geography,1.0
per_capita,M0star,BRA,hemisphere=S,geography,1.0
per_capita,M0star,CHL,hemisphere=S,geography,1.0
per_capita,M0star,COL,hemisphere=S,geography,0.0
per_capita,M0star,ECU,hemisphere=S,geography,1.0
per_capita,M0star,PRY,hemisphere=S,geography,1.0
per_capita,M0star,PER,hemisphere=S,geography,1.0
per_capita,M0star,SUR,hemisphere=S,geography,0.0
per_capita,M0star,URY,hemisphere=S,geography,1.0
per_capita,M0star,VEN,hemisphere=S,geography,0.0
per_capita,M0star,DZA,spatial_block=Asia,geography,0.0
per_capita,M0star,AGO,spatial_block=Asia,geography,0.0
per_capita,M0star,BEN,spatial_block=Asia,geography,0.0
per_capita,M0star,BWA,spatial_block=Asia,geography,0.0
per_capita,M0star,BFA,spatial_block=Asia,geography,0.0
per_capita,M0star,BDI,spatial_block=Asia,geography,0.0
per_capita,M0star,CMR,spatial_block=Asia,geography,0.0
per_capita,M0star,CAF,spatial_block=Asia,geography,0.0
per_capita,M0star,TCD,spatial_block=Asia,geography,0.0
per_capita,M0star,COG,spatial_block=Asia,geography,0.0
per_capita,M0star,COD,spatial_block=Asia,geography,0.0
per_capita,M0star,CIV,spatial_block=Asia,geography,0.0
per_capita,M0star,DJI,spatial_block=Asia,geography,0.0
per_capita,M0star,EGY,spatial_block=Asia,geography,0.0
per_capita,M0star,GNQ,spatial_block=Asia,geography,0.0
per_capita,M0star,ERI,spatial_block=Asia,geography,0.0
per_capita,M0star,ETH,spatial_block=Asia,geography,0.0
per_capita,M0star,GAB,spatial_block=Asia,geography,0.0
per_capita,M0star,GHA,spatial_block=Asia,geography,0.0
per_capita,M0star,GIN,spatial_block=Asia,geography,0.0
per_capita,M0star,GNB,spatial_block=Asia,geography,0.0
per_capita,M0star,KEN,spatial_block=Asia,geography,0.0
per_capita,M0star,LSO,spatial_block=Asia,geography,0.0
per_capita,M0star,LBR,spatial_block=Asia,geography,0.0
per_capita,M0star,LBY,spatial_block=Asia,geography,0.0
per_capita,M0star,MDG,spatial_block=Asia,geography,0.0
per_capita,M0star,MWI,spatial_block=Asia,geography,0.0
per_capita,M0star,MLI,spatial_block=Asia,geography,0.0
per_capita,M0star,MRT,spatial_block=Asia,geography,0.0
per_capita,M0star,MAR,spatial_block=Asia,geography,0.0
per_capita,M0star,MOZ,spatial_block=Asia,geography,0.0
per_capita,M0star,NAM,spatial_block=Asia,geography,0.0
per_capita,M0star,NER,spatial_block=Asia,geography,0.0
per_capita,M0star,NGA,spatial_block=Asia,geography,0.0
per_capita,M0star,RWA,spatial_block=Asia,geography,0.0
per_capita,M0star,SEN,spatial_block=Asia,geography,0.0
per_capita,M0star,SLE,spatial_block=Asia,geography,0.0
per_capita,M0star,SOM,spatial_block=Asia,geography,0.0
per_capita,M0star,ZAF,spatial_block=Asia,geography,0.0
per_capita,M0star,SDN,spatial_block=Asia,geography,0.0
per_capita,M0star,SWZ,spatial_block=Asia,geography,0.0
per_capita,M0star,TZA,spatial_block=Asia,geography,0.0
per_capita,M0star,TGO,spatial_block=Asia,geography,0.0
per_capita,M0star,TUN,spatial_block=Asia,geography,0.0
per_capita,M0star,UGA,spatial_block=Asia,geography,0.0
per_capita,M0star,ZMB,spatial_block=Asia,geography,0.0
per_capita,M0star,ZWE,spatial_block=Asia,geography,0.0
per_capita,M0star,AFG,spatial_block=Asia,geography,1.0
per_capita,M0star,ARM,spatial_block=Asia,geography,1.0
per_capita,M0star,AZE,spatial_block=Asia,geography,1.0
per_capita,M0star,BGD,spatial_block=Asia,geography,1.0
per_capita,M0star,MMR,spatial_block=Asia,geography,1.0
per_capita,M0star,KHM,spatial_block=Asia,geography,1.0
per_capita,M0star,CHN,spatial_block=Asia,geography,1.0
per_capita,M0star,GEO,spatial_block=Asia,geography,1.0
per_capita,M0star,IND,spatial_block=Asia,geography,1.0
per_capita,M0star,IDN,spatial_block=Asia,geography,1.0
per_capita,M0star,IRN,spatial_block=Asia,geography,1.0
per_capita,M0star,IRQ,spatial_block=Asia,geography,1.0
per_capita,M0star,ISR,spatial_block=Asia,geography,1.0
per_capita,M0star,JPN,spatial_block=Asia,geography,1.0
per_capita,M0star,JOR,spatial_block=Asia,geography,1.0
per_capita,M0star,KAZ,spatial_block=Asia,geography,1.0
per_capita,M0star,LAO,spatial_block=Asia,geography,1.0
per_capita,M0star,LBN,spatial_block=Asia,geography,1.0
per_capita,M0star,MYS,spatial_block=Asia,geography,1.0
per_capita,M0star,MNG,spatial_block=Asia,geography,1.0
per_capita,M0star,NPL,spatial_block=Asia,geography,1.0
per_capita,M0star,OMN,spatial_block=Asia,geography,1.0
per_capita,M0star,PAK,spatial_block=Asia,geography,1.0
per_capita,M0star,PHL,spatial_block=Asia,geography,1.0
per_capita,M0star,QAT,spatial_block=Asia,geography,1.0
per_capita,M0star,SAU,spatial_block=Asia,geography,1.0
per_capita,M0star,KOR,spatial_block=Asia,geography,1.0
per_capita,M0star,LKA,spatial_block=Asia,geography,1.0
per_capita,M0star,SYR,spatial_block=Asia,geography,1.0
per_capita,M0star,TWN,spatial_block=Asia,geography,1.0
per_capita,M0star,TJK,spatial_block=Asia,geography,1.0
per_capita,M0star,THA,spatial_block=Asia,geography,1.0
per_capita,M0star,TUR,spatial_block=Asia,geography,1.0
per_capita,M0star,TKM,spatial_block=Asia,geography,1.0
per_capita,M0star,ARE,spatial_block=Asia,geography,1.0
per_capita,M0star,UZB,spatial_block=Asia,geography,1.0
per_capita,M0star,VNM,spatial_block=Asia,geography,1.0
per_capita,M0star,YEM,spatial_block=Asia,geography,1.0
per_capita,M0star,ALB,spatial_block=Asia,geography,0.0
per_capita,M0star,AUT,spatial_block=Asia,geography,0.0
per_capita,M0star,BLR,spatial_block=Asia,geography,0.0
per_capita,M0star,BEL,spatial_block=Asia,geography,0.0
per_capita,M0star,BIH,spatial_block=Asia,geography,0.0
per_capita,M0star,BGR,spatial_block=Asia,geography,0.0
per_capita,M0star,HRV,spatial_block=Asia,geography,0.0
per_capita,M0star,CYP,spatial_block=Asia,geography,0.0
per_capita,M0star,CZE,spatial_block=Asia,geography,0.0
per_capita,M0star,DNK,spatial_block=Asia,geography,0.0
per_capita,M0star,EST,spatial_block=Asia,geography,0.0
per_capita,M0star,FIN,spatial_block=Asia,geography,0.0
per_capita,M0star,FRA,spatial_block=Asia,geography,0.0
per_capita,M0star,DEU,spatial_block=Asia,geography,0.0
per_capita,M0star,GRC,spatial_block=Asia,geography,0.0
per_capita,M0star,HUN,spatial_block=Asia,geography,0.0
per_capita,M0star,ISL,spatial_block=Asia,geography,0.0
per_capita,M0star,IRL,spatial_block=Asia,geography,0.0
per_capita,M0star,ITA,spatial_block=Asia,geography,0.0
per_capita,M0star,LVA,spatial_block=Asia,geography,0.0
per_capita,M0star,LTU,spatial_block=Asia,geography,0.0
per_capita,M0star,MKD,spatial_block=Asia,geography,0.0
per_capita,M0star,MDA,spatial_block=Asia,geography,0.0
per_capita,M0star,MNE,spatial_block=Asia,geography,0.0
per_capita,M0star,NLD,spatial_block=Asia,geography,0.0
per_capita,M0star,NOR,spatial_block=Asia,geography,0.0
per_capita,M0star,POL,spatial_block=Asia,geography,0.0
per_capita,M0star,PRT,spatial_block=Asia,geography,0.0
per_capita,M0star,ROU,spatial_block=Asia,geography,0.0
per_capita,M0star,RUS,spatial_block=Asia,geography,0.0
per_capita,M0star,SRB,spatial_block=Asia,geography,0.0
per_capita,M0star,SVK,spatial_block=Asia,geography,0.0
per_capita,M0star,SVN,spatial_block=Asia,geography,0.0
per_capita,M0star,ESP,spatial_block=Asia,geography,0.0
per_capita,M0star,SWE,spatial_block=Asia,geography,0.0
per_capita,M0star,CHE,spatial_block=Asia,geography,0.0
per_capita,M0star,UKR,spatial_block=Asia,geography,0.0
per_capita,M0star,GBR,spatial_block=Asia,geography,0.0
per_capita,M0star,BHS,spatial_block=Asia,geography,0.0
per_capita,M0star,CAN,spatial_block=Asia,geography,0.0
per_capita,M0star,CRI,spatial_block=Asia,geography,0.0
per_capita,M0star,CUB,spatial_block=Asia,geography,0.0
per_capita,M0star,DOM,spatial_block=Asia,geography,0.0
per_capita,M0star,SLV,spatial_block=Asia,geography,0.0
per_capita,M0star,GTM,spatial_block=Asia,geography,0.0
per_capita,M0star,HTI,spatial_block=Asia,geography,0.0
per_capita,M0star,HND,spatial_block=Asia,geography,0.0
per_capita,M0star,JAM,spatial_block=Asia,geography,0.0
per_capita,M0star,MEX,spatial_block=Asia,geography,0.0
per_capita,M0star,NIC,spatial_block=Asia,geography,0.0
per_capita,M0star,PAN,spatial_block=Asia,geography,0.0
per_capita,M0star,USA,spatial_block=Asia,geography,0.0
per_capita,M0star,AUS,spatial_block=Asia,geography,0.0
per_capita,M0star,NZL,spatial_block=Asia,geography,0.0
per_capita,M0star,PNG,spatial_block=Asia,geography,0.0
per_capita,M0star,ARG,spatial_block=Asia,geography,0.0
per_capita,M0star,BOL,spatial_block=Asia,geography,0.0
per_capita,M0star,BRA,spatial_block=Asia,geography,0.0
per_capita,M0star,CHL,spatial_block=Asia,geography,0.0
per_capita,M0star,COL,spatial_block=Asia,geography,0.0
per_capita,M0star,ECU,spatial_block=Asia,geography,0.0
per_capita,M0star,PRY,spatial_block=Asia,geography,0.0
per_capita,M0star,PER,spatial_block=Asia,geography,0.0
per_capita,M0star,SUR,spatial_block=Asia,geography,0.0
per_capita,M0star,URY,spatial_block=Asia,geography,0.0
per_capita,M0star,VEN,spatial_block=Asia,geography,0.0
per_capita,M0star,DZA,spatial_block=Europe,geography,0.0
per_capita,M0star,AGO,spatial_block=Europe,geography,0.0
per_capita,M0star,BEN,spatial_block=Europe,geography,0.0
per_capita,M0star,BWA,spatial_block=Europe,geography,0.0
per_capita,M0star,BFA,spatial_block=Europe,geography,0.0
per_capita,M0star,BDI,spatial_block=Europe,geography,0.0
per_capita,M0star,CMR,spatial_block=Europe,geography,0.0
per_capita,M0star,CAF,spatial_block=Europe,geography,0.0
per_capita,M0star,TCD,spatial_block=Europe,geography,0.0
per_capita,M0star,COG,spatial_block=Europe,geography,0.0
per_capita,M0star,COD,spatial_block=Europe,geography,0.0
per_capita,M0star,CIV,spatial_block=Europe,geography,0.0
per_capita,M0star,DJI,spatial_block=Europe,geography,0.0
per_capita,M0star,EGY,spatial_block=Europe,geography,0.0
per_capita,M0star,GNQ,spatial_block=Europe,geography,0.0
per_capita,M0star,ERI,spatial_block=Europe,geography,0.0
per_capita,M0star,ETH,spatial_block=Europe,geography,0.0
per_capita,M0star,GAB,spatial_block=Europe,geography,0.0
per_capita,M0star,GHA,spatial_block=Europe,geography,0.0
per_capita,M0star,GIN,spatial_block=Europe,geography,0.0
per_capita,M0star,GNB,spatial_block=Europe,geography,0.0
per_capita,M0star,KEN,spatial_block=Europe,geography,0.0
per_capita,M0star,LSO,spatial_block=Europe,geography,0.0
per_capita,M0star,LBR,spatial_block=Europe,geography,0.0
per_capita,M0star,LBY,spatial_block=Europe,geography,0.0
per_capita,M0star,MDG,spatial_block=Europe,geography,0.0
per_capita,M0star,MWI,spatial_block=Europe,geography,0.0
per_capita,M0star,MLI,spatial_block=Europe,geography,0.0
per_capita,M0star,MRT,spatial_block=Europe,geography,0.0
per_capita,M0star,MAR,spatial_block=Europe,geography,0.0
per_capita,M0star,MOZ,spatial_block=Europe,geography,0.0
per_capita,M0star,NAM,spatial_block=Europe,geography,0.0
per_capita,M0star,NER,spatial_block=Europe,geography,0.0
per_capita,M0star,NGA,spatial_block=Europe,geography,0.0
per_capita,M0star,RWA,spatial_block=Europe,geography,0.0
per_capita,M0star,SEN,spatial_block=Europe,geography,0.0
per_capita,M0star,SLE,spatial_block=Europe,geography,0.0
per_capita,M0star,SOM,spatial_block=Europe,geography,0.0
per_capita,M0star,ZAF,spatial_block=Europe,geography,0.0
per_capita,M0star,SDN,spatial_block=Europe,geography,0.0
per_capita,M0star,SWZ,spatial_block=Europe,geography,0.0
per_capita,M0star,TZA,spatial_block=Europe,geography,0.0
per_capita,M0star,TGO,spatial_block=Europe,geography,0.0
per_capita,M0star,TUN,spatial_block=Europe,geography,0.0
per_capita,M0star,UGA,spatial_block=Europe,geography,0.0
per_capita,M0star,ZMB,spatial_block=Europe,geography,0.0
per_capita,M0star,ZWE,spatial_block=Europe,geography,0.0
per_capita,M0star,AFG,spatial_block=Europe,geography,0.0
per_capita,M0star,ARM,spatial_block=Europe,geography,0.0
per_capita,M0star,AZE,spatial_block=Europe,geography,0.0
per_capita,M0star,BGD,spatial_block=Europe,geography,0.0
per_capita,M0star,MMR,spatial_block=Europe,geography,0.0
per_capita,M0star,KHM,spatial_block=Europe,geography,0.0
per_capita,M0star,CHN,spatial_block=Europe,geography,0.0
per_capita,M0star,GEO,spatial_block=Europe,geography,0.0
per_capita,M0star,IND,spatial_block=Europe,geography,0.0
per_capita,M0star,IDN,spatial_block=Europe,geography,0.0
per_capita,M0star,IRN,spatial_block=Europe,geography,0.0
per_capita,M0star,IRQ,spatial_block=Europe,geography,0.0
per_capita,M0star,ISR,spatial_block=Europe,geography,0.0
per_capita,M0star,JPN,spatial_block=Europe,geography,0.0
per_capita,M0star,JOR,spatial_block=Europe,geography,0.0
per_capita,M0star,KAZ,spatial_block=Europe,geography,0.0
per_capita,M0star,LAO,spatial_block=Europe,geography,0.0
per_capita,M0star,LBN,spatial_block=Europe,geography,0.0
per_capita,M0star,MYS,spatial_block=Europe,geography,0.0
per_capita,M0star,MNG,spatial_block=Europe,geography,0.0
per_capita,M0star,NPL,spatial_block=Europe,geography,0.0
per_capita,M0star,OMN,spatial_block=Europe,geography,0.0
per_capita,M0star,PAK,spatial_block=Europe,geography,0.0
per_capita,M0star,PHL,spatial_block=Europe,geography,0.0
per_capita,M0star,QAT,spatial_block=Europe,geography,0.0
per_capita,M0star,SAU,spatial_block=Europe,geography,0.0
per_capita,M0star,KOR,spatial_block=Europe,geography,0.0
per_capita,M0star,LKA,spatial_block=Europe,geography,0.0
per_capita,M0star,SYR,spatial_block=Europe,geography,0.0
per_capita,M0star,TWN,spatial_block=Europe,geography,0.0
per_capita,M0star,TJK,spatial_block=Europe,geography,0.0
per_capita,M0star,THA,spatial_block=Europe,geography,0.0
per_capita,M0star,TUR,spatial_block=Europe,geography,0.0
per_capita,M0star,TKM,spatial_block=Europe,geography,0.0
per_capita,M0star,ARE,spatial_block=Europe,geography,0.0
per_capita,M0star,UZB,spatial_block=Europe,geography,0.0
per_capita,M0star,VNM,spatial_block=Europe,geography,0.0
per_capita,M0star,YEM,spatial_block=Europe,geography,0.0
per_capita,M0star,ALB,spatial_block=Europe,geography,1.0
per_capita,M0star,AUT,spatial_block=Europe,geography,1.0
per_capita,M0star,BLR,spatial_block=Europe,geography,1.0
per_capita,M0star,BEL,spatial_block=Europe,geography,1.0
per_capita,M0star,BIH,spatial_block=Europe,geography,1.0
per_capita,M0star,BGR,spatial_block=Europe,geography,1.0
per_capita,M0star,HRV,spatial_block=Europe,geography,1.0
per_capita,M0star,CYP,spatial_block=Europe,geography,1.0
per_capita,M0star,CZE,spatial_block=Europe,geography,1.0
per_capita,M0star,DNK,spatial_block=Europe,geography,1.0
per_capita,M0star,EST,spatial_block=Europe,geography,1.0
per_capita,M0star,FIN,spatial_block=Europe,geography,1.0
per_capita,M0star,FRA,spatial_block=Europe,geography,1.0
per_capita,M0star,DEU,spatial_block=Europe,geography,1.0
per_capita,M0star,GRC,spatial_block=Europe,geography,1.0
per_capita,M0star,HUN,spatial_block=Europe,geography,1.0
per_capita,M0star,ISL,spatial_block=Europe,geography,1.0
per_capita,M0star,IRL,spatial_block=Europe,geography,1.0
per_capita,M0star,ITA,spatial_block=Europe,geography,1.0
per_capita,M0star,LVA,spatial_block=Europe,geography,1.0
per_capita,M0star,LTU,spatial_block=Europe,geography,1.0
per_capita,M0star,MKD,spatial_block=Europe,geography,1.0
per_capita,M0star,MDA,spatial_block=Europe,geography,1.0
per_capita,M0star,MNE,spatial_block=Europe,geography,1.0
per_capita,M0star,NLD,spatial_block=Europe,geography,1.0
per_capita,M0star,NOR,spatial_block=Europe,geography,1.0
per_capita,M0star,POL,spatial_block=Europe,geography,1.0
per_capita,M0star,PRT,spatial_block=Europe,geography,1.0
per_capita,M0star,ROU,spatial_block=Europe,geography,1.0
per_capita,M0star,RUS,spatial_block=Europe,geography,1.0
per_capita,M0star,SRB,spatial_block=Europe,geography,1.0
per_capita,M0star,SVK,spatial_block=Europe,geography,1.0
per_capita,M0star,SVN,spatial_block=Europe,geography,1.0
per_capita,M0star,ESP,spatial_block=Europe,geography,1.0
per_capita,M0star,SWE,spatial_block=Europe,geography,1.0
per_capita,M0star,CHE,spatial_block=Europe,geography,1.0
per_capita,M0star,UKR,spatial_block=Europe,geography,1.0
per_capita,M0star,GBR,spatial_block=Europe,geography,1.0
per_capita,M0star,BHS,spatial_block=Europe,geography,0.0
per_capita,M0star,CAN,spatial_block=Europe,geography,0.0
per_capita,M0star,CRI,spatial_block=Europe,geography,0.0
per_capita,M0star,CUB,spatial_block=Europe,geography,0.0
per_capita,M0star,DOM,spatial_block=Europe,geography,0.0
per_capita,M0star,SLV,spatial_block=Europe,geography,0.0
per_capita,M0star,GTM,spatial_block=Europe,geography,0.0
per_capita,M0star,HTI,spatial_block=Europe,geography,0.0
per_capita,M0star,HND,spatial_block=Europe,geography,0.0
per_capita,M0star,JAM,spatial_block=Europe,geography,0.0
per_capita,M0star,MEX,spatial_block=Europe,geography,0.0
per_capita,M0star,NIC,spatial_block=Europe,geography,0.0
per_capita,M0star,PAN,spatial_block=Europe,geography,0.0
per_capita,M0star,USA,spatial_block=Europe,geography,0.0
per_capita,M0star,AUS,spatial_block=Europe,geography,0.0
per_capita,M0star,NZL,spatial_block=Europe,geography,0.0
per_capita,M0star,PNG,spatial_block=Europe,geography,0.0
per_capita,M0star,ARG,spatial_block=Europe,geography,0.0
per_capita,M0star,BOL,spatial_block=Europe,geography,0.0
per_capita,M0star,BRA,spatial_block=Europe,geography,0.0
per_capita,M0star,CHL,spatial_block=Europe,geography,0.0
per_capita,M0star,COL,spatial_block=Europe,geography,0.0
per_capita,M0star,ECU,spatial_block=Europe,geography,0.0
per_capita,M0star,PRY,spatial_block=Europe,geography,0.0
per_capita,M0star,PER,spatial_block=Europe,geography,0.0
per_capita,M0star,SUR,spatial_block=Europe,geography,0.0
per_capita,M0star,URY,spatial_block=Europe,geography,0.0
per_capita,M0star,VEN,spatial_block=Europe,geography,0.0
per_capita,M0star,DZA,spatial_block=North America,geography,0.0
per_capita,M0star,AGO,spatial_block=North America,geography,0.0
per_capita,M0star,BEN,spatial_block=North America,geography,0.0
per_capita,M0star,BWA,spatial_block=North America,geography,0.0
per_capita,M0star,BFA,spatial_block=North America,geography,0.0
per_capita,M0star,BDI,spatial_block=North America,geography,0.0
per_capita,M0star,CMR,spatial_block=North America,geography,0.0
per_capita,M0star,CAF,spatial_block=North America,geography,0.0
per_capita,M0star,TCD,spatial_block=North America,geography,0.0
per_capita,M0star,COG,spatial_block=North America,geography,0.0
per_capita,M0star,COD,spatial_block=North America,geography,0.0
per_capita,M0star,CIV,spatial_block=North America,geography,0.0
per_capita,M0star,DJI,spatial_block=North America,geography,0.0
per_capita,M0star,EGY,spatial_block=North America,geography,0.0
per_capita,M0star,GNQ,spatial_block=North America,geography,0.0
per_capita,M0star,ERI,spatial_block=North America,geography,0.0
per_capita,M0star,ETH,spatial_block=North America,geography,0.0
per_capita,M0star,GAB,spatial_block=North America,geography,0.0
per_capita,M0star,GHA,spatial_block=North America,geography,0.0
per_capita,M0star,GIN,spatial_block=North America,geography,0.0
per_capita,M0star,GNB,spatial_block=North America,geography,0.0
per_capita,M0star,KEN,spatial_block=North America,geography,0.0
per_capita,M0star,LSO,spatial_block=North America,geography,0.0
per_capita,M0star,LBR,spatial_block=North America,geography,0.0
per_capita,M0star,LBY,spatial_block=North America,geography,0.0
per_capita,M0star,MDG,spatial_block=North America,geography,0.0
per_capita,M0star,MWI,spatial_block=North America,geography,0.0
per_capita,M0star,MLI,spatial_block=North America,geography,0.0
per_capita,M0star,MRT,spatial_block=North America,geography,0.0
per_capita,M0star,MAR,spatial_block=North America,geography,0.0
per_capita,M0star,MOZ,spatial_block=North America,geography,0.0
per_capita,M0star,NAM,spatial_block=North America,geography,0.0
per_capita,M0star,NER,spatial_block=North America,geography,0.0
per_capita,M0star,NGA,spatial_block=North America,geography,0.0
per_capita,M0star,RWA,spatial_block=North America,geography,0.0
per_capita,M0star,SEN,spatial_block=North America,geography,0.0
per_capita,M0star,SLE,spatial_block=North America,geography,0.0
per_capita,M0star,SOM,spatial_block=North America,geography,0.0
per_capita,M0star,ZAF,spatial_block=North America,geography,0.0
per_capita,M0star,SDN,spatial_block=North America,geography,0.0
per_capita,M0star,SWZ,spatial_block=North America,geography,0.0
per_capita,M0star,TZA,spatial_block=North America,geography,0.0
per_capita,M0star,TGO,spatial_block=North America,geography,0.0
per_capita,M0star,TUN,spatial_block=North America,geography,0.0
per_capita,M0star,UGA,spatial_block=North America,geography,0.0
per_capita,M0star,ZMB,spatial_block=North America,geography,0.0
per_capita,M0star,ZWE,spatial_block=North America,geography,0.0
per_capita,M0star,AFG,spatial_block=North America,geography,0.0
per_capita,M0star,ARM,spatial_block=North America,geography,0.0
per_capita,M0star,AZE,spatial_block=North America,geography,0.0
per_capita,M0star,BGD,spatial_block=North America,geography,0.0
per_capita,M0star,MMR,spatial_block=North America,geography,0.0
per_capita,M0star,KHM,spatial_block=North America,geography,0.0
per_capita,M0star,CHN,spatial_block=North America,geography,0.0
per_capita,M0star,GEO,spatial_block=North America,geography,0.0
per_capita,M0star,IND,spatial_block=North America,geography,0.0
per_capita,M0star,IDN,spatial_block=North America,geography,0.0
per_capita,M0star,IRN,spatial_block=North America,geography,0.0
per_capita,M0star,IRQ,spatial_block=North America,geography,0.0
per_capita,M0star,ISR,spatial_block=North America,geography,0.0
per_capita,M0star,JPN,spatial_block=North America,geography,0.0
per_capita,M0star,JOR,spatial_block=North America,geography,0.0
per_capita,M0star,KAZ,spatial_block=North America,geography,0.0
per_capita,M0star,LAO,spatial_block=North America,geography,0.0
per_capita,M0star,LBN,spatial_block=North America,geography,0.0
per_capita,M0star,MYS,spatial_block=North America,geography,0.0
per_capita,M0star,MNG,spatial_block=North America,geography,0.0
per_capita,M0star,NPL,spatial_block=North America,geography,0.0
per_capita,M0star,OMN,spatial_block=North America,geography,0.0
per_capita,M0star,PAK,spatial_block=North America,geography,0.0
per_capita,M0star,PHL,spatial_block=North America,geography,0.0
per_capita,M0star,QAT,spatial_block=North America,geography,0.0
per_capita,M0star,SAU,spatial_block=North America,geography,0.0
per_capita,M0star,KOR,spatial_block=North America,geography,0.0
per_capita,M0star,LKA,spatial_block=North America,geography,0.0
per_capita,M0star,SYR,spatial_block=North America,geography,0.0
per_capita,M0star,TWN,spatial_block=North America,geography,0.0
per_capita,M0star,TJK,spatial_block=North America,geography,0.0
per_capita,M0star,THA,spatial_block=North America,geography,0.0
per_capita,M0star,TUR,spatial_block=North America,geography,0.0
per_capita,M0star,TKM,spatial_block=North America,geography,0.0
per_capita,M0star,ARE,spatial_block=North America,geography,0.0
per_capita,M0star,UZB,spatial_block=North America,geography,0.0
per_capita,M0star,VNM,spatial_block=North America,geography,0.0
per_capita,M0star,YEM,spatial_block=North America,geography,0.0
per_capita,M0star,ALB,spatial_block=North America,geography,0.0
per_capita,M0star,AUT,spatial_block=North America,geography,0.0
per_capita,M0star,BLR,spatial_block=North America,geography,0.0
per_capita,M0star,BEL,spatial_block=North America,geography,0.0
per_capita,M0star,BIH,spatial_block=North America,geography,0.0
per_capita,M0star,BGR,spatial_block=North America,geography,0.0
per_capita,M0star,HRV,spatial_block=North America,geography,0.0
per_capita,M0star,CYP,spatial_block=North America,geography,0.0
per_capita,M0star,CZE,spatial_block=North America,geography,0.0
per_capita,M0star,DNK,spatial_block=North America,geography,0.0
per_capita,M0star,EST,spatial_block=North America,geography,0.0
per_capita,M0star,FIN,spatial_block=North America,geography,0.0
per_capita,M0star,FRA,spatial_block=North America,geography,0.0
per_capita,M0star,DEU,spatial_block=North America,geography,0.0
per_capita,M0star,GRC,spatial_block=North America,geography,0.0
per_capita,M0star,HUN,spatial_block=North America,geography,0.0
per_capita,M0star,ISL,spatial_block=North America,geography,0.0
per_capita,M0star,IRL,spatial_block=North America,geography,0.0
per_capita,M0star,ITA,spatial_block=North America,geography,0.0
per_capita,M0star,LVA,spatial_block=North America,geography,0.0
per_capita,M0star,LTU,spatial_block=North America,geography,0.0
per_capita,M0star,MKD,spatial_block=North America,geography,0.0
per_capita,M0star,MDA,spatial_block=North America,geography,0.0
per_capita,M0star,MNE,spatial_block=North America,geography,0.0
per_capita,M0star,NLD,spatial_block=North America,geography,0.0
per_capita,M0star,NOR,spatial_block=North America,geography,0.0
per_capita,M0star,POL,spatial_block=North America,geography,0.0
per_capita,M0star,PRT,spatial_block=North America,geography,0.0
per_capita,M0star,ROU,spatial_block=North America,geography,0.0
per_capita,M0star,RUS,spatial_block=North America,geography,0.0
per_capita,M0star,SRB,spatial_block=North America,geography,0.0
per_capita,M0star,SVK,spatial_block=North America,geography,0.0
per_capita,M0star,SVN,spatial_block=North America,geography,0.0
per_capita,M0star,ESP,spatial_block=North America,geography,0.0
per_capita,M0star,SWE,spatial_block=North America,geography,0.0
per_capita,M0star,CHE,spatial_block=North America,geography,0.0
per_capita,M0star,UKR,spatial_block=North America,geography,0.0
per_capita,M0star,GBR,spatial_block=North America,geography,0.0
per_capita,M0star,BHS,spatial_block=North America,geography,1.0
per_capita,M0star,CAN,spatial_block=North America,geography,1.0
per_capita,M0star,CRI,spatial_block=North America,geography,1.0
per_capita,M0star,CUB,spatial_block=North America,geography,1.0
per_capita,M0star,DOM,spatial_block=North America,geography,1.0
per_capita,M0star,SLV,spatial_block=North America,geography,1.0
per_capita,M0star,GTM,spatial_block=North America,geography,1.0
per_capita,M0star,HTI,spatial_block=North America,geography,1.0
per_capita,M0star,HND,spatial_block=North America,geography,1.0
per_capita,M0star,JAM,spatial_block=North America,geography,1.0
per_capita,M0star,MEX,spatial_block=North America,geography,1.0
per_capita,M0star,NIC,spatial_block=North America,geography,1.0
per_capita,M0star,PAN,spatial_block=North America,geography,1.0
per_capita,M0star,USA,spatial_block=North America,geography,1.0
per_capita,M0star,AUS,spatial_block=North America,geography,0.0
per_capita,M0star,NZL,spatial_block=North America,geography,0.0
per_capita,M0star,PNG,spatial_block=North America,geography,0.0
per_capita,M0star,ARG,spatial_block=North America,geography,0.0
per_capita,M0star,BOL,spatial_block=North America,geography,0.0
per_capita,M0star,BRA,spatial_block=North America,geography,0.0
per_capita,M0star,CHL,spatial_block=North America,geography,0.0
per_capita,M0star,COL,spatial_block=North America,geography,0.0
per_capita,M0star,ECU,spatial_block=North America,geography,0.0
per_capita,M0star,PRY,spatial_block=North America,geography,0.0
per_capita,M0star,PER,spatial_block=North America,geography,0.0
per_capita,M0star,SUR,spatial_block=North America,geography,0.0
per_capita,M0star,URY,spatial_block=North America,geography,0.0
per_capita,M0star,VEN,spatial_block=North America,geography,0.0
per_capita,M0star,DZA,spatial_block=Oceania,geography,0.0
per_capita,M0star,AGO,spatial_block=Oceania,geography,0.0
per_capita,M0star,BEN,spatial_block=Oceania,geography,0.0
per_capita,M0star,BWA,spatial_block=Oceania,geography,0.0
per_capita,M0star,BFA,spatial_block=Oceania,geography,0.0
per_capita,M0star,BDI,spatial_block=Oceania,geography,0.0
per_capita,M0star,CMR,spatial_block=Oceania,geography,0.0
per_capita,M0star,CAF,spatial_block=Oceania,geography,0.0
per_capita,M0star,TCD,spatial_block=Oceania,geography,0.0
per_capita,M0star,COG,spatial_block=Oceania,geography,0.0
per_capita,M0star,COD,spatial_block=Oceania,geography,0.0
per_capita,M0star,CIV,spatial_block=Oceania,geography,0.0
per_capita,M0star,DJI,spatial_block=Oceania,geography,0.0
per_capita,M0star,EGY,spatial_block=Oceania,geography,0.0
per_capita,M0star,GNQ,spatial_block=Oceania,geography,0.0
per_capita,M0star,ERI,spatial_block=Oceania,geography,0.0
per_capita,M0star,ETH,spatial_block=Oceania,geography,0.0
per_capita,M0star,GAB,spatial_block=Oceania,geography,0.0
per_capita,M0star,GHA,spatial_block=Oceania,geography,0.0
per_capita,M0star,GIN,spatial_block=Oceania,geography,0.0
per_capita,M0star,GNB,spatial_block=Oceania,geography,0.0
per_capita,M0star,KEN,spatial_block=Oceania,geography,0.0
per_capita,M0star,LSO,spatial_block=Oceania,geography,0.0
per_capita,M0star,LBR,spatial_block=Oceania,geography,0.0
per_capita,M0star,LBY,spatial_block=Oceania,geography,0.0
per_capita,M0star,MDG,spatial_block=Oceania,geography,0.0
per_capita,M0star,MWI,spatial_block=Oceania,geography,0.0
per_capita,M0star,MLI,spatial_block=Oceania,geography,0.0
per_capita,M0star,MRT,spatial_block=Oceania,geography,0.0
per_capita,M0star,MAR,spatial_block=Oceania,geography,0.0
per_capita,M0star,MOZ,spatial_block=Oceania,geography,0.0
per_capita,M0star,NAM,spatial_block=Oceania,geography,0.0
per_capita,M0star,NER,spatial_block=Oceania,geography,0.0
per_capita,M0star,NGA,spatial_block=Oceania,geography,0.0
per_capita,M0star,RWA,spatial_block=Oceania,geography,0.0
per_capita,M0star,SEN,spatial_block=Oceania,geography,0.0
per_capita,M0star,SLE,spatial_block=Oceania,geography,0.0
per_capita,M0star,SOM,spatial_block=Oceania,geography,0.0
per_capita,M0star,ZAF,spatial_block=Oceania,geography,0.0
per_capita,M0star,SDN,spatial_block=Oceania,geography,0.0
per_capita,M0star,SWZ,spatial_block=Oceania,geography,0.0
per_capita,M0star,TZA,spatial_block=Oceania,geography,0.0
per_capita,M0star,TGO,spatial_block=Oceania,geography,0.0
per_capita,M0star,TUN,spatial_block=Oceania,geography,0.0
per_capita,M0star,UGA,spatial_block=Oceania,geography,0.0
per_capita,M0star,ZMB,spatial_block=Oceania,geography,0.0
per_capita,M0star,ZWE,spatial_block=Oceania,geography,0.0
per_capita,M0star,AFG,spatial_block=Oceania,geography,0.0
per_capita,M0star,ARM,spatial_block=Oceania,geography,0.0
per_capita,M0star,AZE,spatial_block=Oceania,geography,0.0
per_capita,M0star,BGD,spatial_block=Oceania,geography,0.0
per_capita,M0star,MMR,spatial_block=Oceania,geography,0.0
per_capita,M0star,KHM,spatial_block=Oceania,geography,0.0
per_capita,M0star,CHN,spatial_block=Oceania,geography,0.0
per_capita,M0star,GEO,spatial_block=Oceania,geography,0.0
per_capita,M0star,IND,spatial_block=Oceania,geography,0.0
per_capita,M0star,IDN,spatial_block=Oceania,geography,0.0
per_capita,M0star,IRN,spatial_block=Oceania,geography,0.0
per_capita,M0star,IRQ,spatial_block=Oceania,geography,0.0
per_capita,M0star,ISR,spatial_block=Oceania,geography,0.0
per_capita,M0star,JPN,spatial_block=Oceania,geography,0.0
per_capita,M0star,JOR,spatial_block=Oceania,geography,0.0
per_capita,M0star,KAZ,spatial_block=Oceania,geography,0.0
per_capita,M0star,LAO,spatial_block=Oceania,geography,0.0
per_capita,M0star,LBN,spatial_block=Oceania,geography,0.0
per_capita,M0star,MYS,spatial_block=Oceania,geography,0.0
per_capita,M0star,MNG,spatial_block=Oceania,geography,0.0
per_capita,M0star,NPL,spatial_block=Oceania,geography,0.0
per_capita,M0star,OMN,spatial_block=Oceania,geography,0.0
per_capita,M0star,PAK,spatial_block=Oceania,geography,0.0
per_capita,M0star,PHL,spatial_block=Oceania,geography,0.0
per_capita,M0star,QAT,spatial_block=Oceania,geography,0.0
per_capita,M0star,SAU,spatial_block=Oceania,geography,0.0
per_capita,M0star,KOR,spatial_block=Oceania,geography,0.0
per_capita,M0star,LKA,spatial_block=Oceania,geography,0.0
per_capita,M0star,SYR,spatial_block=Oceania,geography,0.0
per_capita,M0star,TWN,spatial_block=Oceania,geography,0.0
per_capita,M0star,TJK,spatial_block=Oceania,geography,0.0
per_capita,M0star,THA,spatial_block=Oceania,geography,0.0
per_capita,M0star,TUR,spatial_block=Oceania,geography,0.0
per_capita,M0star,TKM,spatial_block=Oceania,geography,0.0
per_capita,M0star,ARE,spatial_block=Oceania,geography,0.0
per_capita,M0star,UZB,spatial_block=Oceania,geography,0.0
per_capita,M0star,VNM,spatial_block=Oceania,geography,0.0
per_capita,M0star,YEM,spatial_block=Oceania,geography,0.0
per_capita,M0star,ALB,spatial_block=Oceania,geography,0.0
per_capita,M0star,AUT,spatial_block=Oceania,geography,0.0
per_capita,M0star,BLR,spatial_block=Oceania,geography,0.0
per_capita,M0star,BEL,spatial_block=Oceania,geography,0.0
per_capita,M0star,BIH,spatial_block=Oceania,geography,0.0
per_capita,M0star,BGR,spatial_block=Oceania,geography,0.0
per_capita,M0star,HRV,spatial_block=Oceania,geography,0.0
per_capita,M0star,CYP,spatial_block=Oceania,geography,0.0
per_capita,M0star,CZE,spatial_block=Oceania,geography,0.0
per_capita,M0star,DNK,spatial_block=Oceania,geography,0.0
per_capita,M0star,EST,spatial_block=Oceania,geography,0.0
per_capita,M0star,FIN,spatial_block=Oceania,geography,0.0
per_capita,M0star,FRA,spatial_block=Oceania,geography,0.0
per_capita,M0star,DEU,spatial_block=Oceania,geography,0.0
per_capita,M0star,GRC,spatial_block=Oceania,geography,0.0
per_capita,M0star,HUN,spatial_block=Oceania,geography,0.0
per_capita,M0star,ISL,spatial_block=Oceania,geography,0.0
per_capita,M0star,IRL,spatial_block=Oceania,geography,0.0
per_capita,M0star,ITA,spatial_block=Oceania,geography,0.0
per_capita,M0star,LVA,spatial_block=Oceania,geography,0.0
per_capita,M0star,LTU,spatial_block=Oceania,geography,0.0
per_capita,M0star,MKD,spatial_block=Oceania,geography,0.0
per_capita,M0star,MDA,spatial_block=Oceania,geography,0.0
per_capita,M0star,MNE,spatial_block=Oceania,geography,0.0
per_capita,M0star,NLD,spatial_block=Oceania,geography,0.0
per_capita,M0star,NOR,spatial_block=Oceania,geography,0.0
per_capita,M0star,POL,spatial_block=Oceania,geography,0.0
per_capita,M0star,PRT,spatial_block=Oceania,geography,0.0
per_capita,M0star,ROU,spatial_block=Oceania,geography,0.0
per_capita,M0star,RUS,spatial_block=Oceania,geography,0.0
per_capita,M0star,SRB,spatial_block=Oceania,geography,0.0
per_capita,M0star,SVK,spatial_block=Oceania,geography,0.0
per_capita,M0star,SVN,spatial_block=Oceania,geography,0.0
per_capita,M0star,ESP,spatial_block=Oceania,geography,0.0
per_capita,M0star,SWE,spatial_block=Oceania,geography,0.0
per_capita,M0star,CHE,spatial_block=Oceania,geography,0.0
per_capita,M0star,UKR,spatial_block=Oceania,geography,0.0
per_capita,M0star,GBR,spatial_block=Oceania,geography,0.0
per_capita,M0star,BHS,spatial_block=Oceania,geography,0.0
per_capita,M0star,CAN,spatial_block=Oceania,geography,0.0
per_capita,M0star,CRI,spatial_block=Oceania,geography,0.0
per_capita,M0star,CUB,spatial_block=Oceania,geography,0.0
per_capita,M0star,DOM,spatial_block=Oceania,geography,0.0
per_capita,M0star,SLV,spatial_block=Oceania,geography,0.0
per_capita,M0star,GTM,spatial_block=Oceania,geography,0.0
per_capita,M0star,HTI,spatial_block=Oceania,geography,0.0
per_capita,M0star,HND,spatial_block=Oceania,geography,0.0
per_capita,M0star,JAM,spatial_block=Oceania,geography,0.0
per_capita,M0star,MEX,spatial_block=Oceania,geography,0.0
per_capita,M0star,NIC,spatial_block=Oceania,geography,0.0
per_capita,M0star,PAN,spatial_block=Oceania,geography,0.0
per_capita,M0star,USA,spatial_block=Oceania,geography,0.0
per_capita,M0star,AUS,spatial_block=Oceania,geography,1.0
per_capita,M0star,NZL,spatial_block=Oceania,geography,1.0
per_capita,M0star,PNG,spatial_block=Oceania,geography,1.0
per_capita,M0star,ARG,spatial_block=Oceania,geography,0.0
per_capita,M0star,BOL,spatial_block=Oceania,geography,0.0
per_capita,M0star,BRA,spatial_block=Oceania,geography,0.0
per_capita,M0star,CHL,spatial_block=Oceania,geography,0.0
per_capita,M0star,COL,spatial_block=Oceania,geography,0.0
per_capita,M0star,ECU,spatial_block=Oceania,geography,0.0
per_capita,M0star,PRY,spatial_block=Oceania,geography,0.0
per_capita,M0star,PER,spatial_block=Oceania,geography,0.0
per_capita,M0star,SUR,spatial_block=Oceania,geography,0.0
per_capita,M0star,URY,spatial_block=Oceania,geography,0.0
per_capita,M0star,VEN,spatial_block=Oceania,geography,0.0
per_capita,M0star,DZA,spatial_block=South America,geography,0.0
per_capita,M0star,AGO,spatial_block=South America,geography,0.0
per_capita,M0star,BEN,spatial_block=South America,geography,0.0
per_capita,M0star,BWA,spatial_block=South America,geography,0.0
per_capita,M0star,BFA,spatial_block=South America,geography,0.0
per_capita,M0star,BDI,spatial_block=South America,geography,0.0
per_capita,M0star,CMR,spatial_block=South America,geography,0.0
per_capita,M0star,CAF,spatial_block=South America,geography,0.0
per_capita,M0star,TCD,spatial_block=South America,geography,0.0
per_capita,M0star,COG,spatial_block=South America,geography,0.0
per_capita,M0star,COD,spatial_block=South America,geography,0.0
per_capita,M0star,CIV,spatial_block=South America,geography,0.0
per_capita,M0star,DJI,spatial_block=South America,geography,0.0
per_capita,M0star,EGY,spatial_block=South America,geography,0.0
per_capita,M0star,GNQ,spatial_block=South America,geography,0.0
per_capita,M0star,ERI,spatial_block=South America,geography,0.0
per_capita,M0star,ETH,spatial_block=South America,geography,0.0
per_capita,M0star,GAB,spatial_block=South America,geography,0.0
per_capita,M0star,GHA,spatial_block=South America,geography,0.0
per_capita,M0star,GIN,spatial_block=South America,geography,0.0
per_capita,M0star,GNB,spatial_block=South America,geography,0.0
per_capita,M0star,KEN,spatial_block=South America,geography,0.0
per_capita,M0star,LSO,spatial_block=South America,geography,0.0
per_capita,M0star,LBR,spatial_block=South America,geography,0.0
per_capita,M0star,LBY,spatial_block=South America,geography,0.0
per_capita,M0star,MDG,spatial_block=South America,geography,0.0
per_capita,M0star,MWI,spatial_block=South America,geography,0.0
per_capita,M0star,MLI,spatial_block=South America,geography,0.0
per_capita,M0star,MRT,spatial_block=South America,geography,0.0
per_capita,M0star,MAR,spatial_block=South America,geography,0.0
per_capita,M0star,MOZ,spatial_block=South America,geography,0.0
per_capita,M0star,NAM,spatial_block=South America,geography,0.0
per_capita,M0star,NER,spatial_block=South America,geography,0.0
per_capita,M0star,NGA,spatial_block=South America,geography,0.0
per_capita,M0star,RWA,spatial_block=South America,geography,0.0
per_capita,M0star,SEN,spatial_block=South America,geography,0.0
per_capita,M0star,SLE,spatial_block=South America,geography,0.0
per_capita,M0star,SOM,spatial_block=South America,geography,0.0
per_capita,M0star,ZAF,spatial_block=South America,geography,0.0
per_capita,M0star,SDN,spatial_block=South America,geography,0.0
per_capita,M0star,SWZ,spatial_block=South America,geography,0.0
per_capita,M0star,TZA,spatial_block=South America,geography,0.0
per_capita,M0star,TGO,spatial_block=South America,geography,0.0
per_capita,M0star,TUN,spatial_block=South America,geography,0.0
per_capita,M0star,UGA,spatial_block=South America,geography,0.0
per_capita,M0star,ZMB,spatial_block=South America,geography,0.0
per_capita,M0star,ZWE,spatial_block=South America,geography,0.0
per_capita,M0star,AFG,spatial_block=South America,geography,0.0
per_capita,M0star,ARM,spatial_block=South America,geography,0.0
per_capita,M0star,AZE,spatial_block=South America,geography,0.0
per_capita,M0star,BGD,spatial_block=South America,geography,0.0
per_capita,M0star,MMR,spatial_block=South America,geography,0.0
per_capita,M0star,KHM,spatial_block=South America,geography,0.0
per_capita,M0star,CHN,spatial_block=South America,geography,0.0
per_capita,M0star,GEO,spatial_block=South America,geography,0.0
per_capita,M0star,IND,spatial_block=South America,geography,0.0
per_capita,M0star,IDN,spatial_block=South America,geography,0.0
per_capita,M0star,IRN,spatial_block=South America,geography,0.0
per_capita,M0star,IRQ,spatial_block=South America,geography,0.0
per_capita,M0star,ISR,spatial_block=South America,geography,0.0
per_capita,M0star,JPN,spatial_block=South America,geography,0.0
per_capita,M0star,JOR,spatial_block=South America,geography,0.0
per_capita,M0star,KAZ,spatial_block=South America,geography,0.0
per_capita,M0star,LAO,spatial_block=South America,geography,0.0
per_capita,M0star,LBN,spatial_block=South America,geography,0.0
per_capita,M0star,MYS,spatial_block=South America,geography,0.0
per_capita,M0star,MNG,spatial_block=South America,geography,0.0
per_capita,M0star,NPL,spatial_block=South America,geography,0.0
per_capita,M0star,OMN,spatial_block=South America,geography,0.0
per_capita,M0star,PAK,spatial_block=South America,geography,0.0
per_capita,M0star,PHL,spatial_block=South America,geography,0.0
per_capita,M0star,QAT,spatial_block=South America,geography,0.0
per_capita,M0star,SAU,spatial_block=South America,geography,0.0
per_capita,M0star,KOR,spatial_block=South America,geography,0.0
per_capita,M0star,LKA,spatial_block=South America,geography,0.0
per_capita,M0star,SYR,spatial_block=South America,geography,0.0
per_capita,M0star,TWN,spatial_block=South America,geography,0.0
per_capita,M0star,TJK,spatial_block=South America,geography,0.0
per_capita,M0star,THA,spatial_block=South America,geography,0.0
per_capita,M0star,TUR,spatial_block=South America,geography,0.0
per_capita,M0star,TKM,spatial_block=South America,geography,0.0
per_capita,M0star,ARE,spatial_block=South America,geography,0.0
per_capita,M0star,UZB,spatial_block=South America,geography,0.0
per_capita,M0star,VNM,spatial_block=South America,geography,0.0
per_capita,M0star,YEM,spatial_block=South America,geography,0.0
per_capita,M0star,ALB,spatial_block=South America,geography,0.0
per_capita,M0star,AUT,spatial_block=South America,geography,0.0
per_capita,M0star,BLR,spatial_block=South America,geography,0.0
per_capita,M0star,BEL,spatial_block=South America,geography,0.0
per_capita,M0star,BIH,spatial_block=South America,geography,0.0
per_capita,M0star,BGR,spatial_block=South America,geography,0.0
per_capita,M0star,HRV,spatial_block=South America,geography,0.0
per_capita,M0star,CYP,spatial_block=South America,geography,0.0
per_capita,M0star,CZE,spatial_block=South America,geography,0.0
per_capita,M0star,DNK,spatial_block=South America,geography,0.0
per_capita,M0star,EST,spatial_block=South America,geography,0.0
per_capita,M0star,FIN,spatial_block=South America,geography,0.0
per_capita,M0star,FRA,spatial_block=South America,geography,0.0
per_capita,M0star,DEU,spatial_block=South America,geography,0.0
per_capita,M0star,GRC,spatial_block=South America,geography,0.0
per_capita,M0star,HUN,spatial_block=South America,geography,0.0
per_capita,M0star,ISL,spatial_block=South America,geography,0.0
per_capita,M0star,IRL,spatial_block=South America,geography,0.0
per_capita,M0star,ITA,spatial_block=South America,geography,0.0
per_capita,M0star,LVA,spatial_block=South America,geography,0.0
per_capita,M0star,LTU,spatial_block=South America,geography,0.0
per_capita,M0star,MKD,spatial_block=South America,geography,0.0
per_capita,M0star,MDA,spatial_block=South America,geography,0.0
per_capita,M0star,MNE,spatial_block=South America,geography,0.0
per_capita,M0star,NLD,spatial_block=South America,geography,0.0
per_capita,M0star,NOR,spatial_block=South America,geography,0.0
per_capita,M0star,POL,spatial_block=South America,geography,0.0
per_capita,M0star,PRT,spatial_block=South America,geography,0.0
per_capita,M0star,ROU,spatial_block=South America,geography,0.0
per_capita,M0star,RUS,spatial_block=South America,geography,0.0
per_capita,M0star,SRB,spatial_block=South America,geography,0.0
per_capita,M0star,SVK,spatial_block=South America,geography,0.0
per_capita,M0star,SVN,spatial_block=South America,geography,0.0
per_capita,M0star,ESP,spatial_block=South America,geography,0.0
per_capita,M0star,SWE,spatial_block=South America,geography,0.0
per_capita,M0star,CHE,spatial_block=South America,geography,0.0
per_capita,M0star,UKR,spatial_block=South America,geography,0.0
per_capita,M0star,GBR,spatial_block=South America,geography,0.0
per_capita,M0star,BHS,spatial_block=South America,geography,0.0
per_capita,M0star,CAN,spatial_block=South America,geography,0.0
per_capita,M0star,CRI,spatial_block=South America,geography,0.0
per_capita,M0star,CUB,spatial_block=South America,geography,0.0
per_capita,M0star,DOM,spatial_block=South America,geography,0.0
per_capita,M0star,SLV,spatial_block=South America,geography,0.0
per_capita,M0star,GTM,spatial_block=South America,geography,0.0
per_capita,M0star,HTI,spatial_block=South America,geography,0.0
per_capita,M0star,HND,spatial_block=South America,geography,0.0
per_capita,M0star,JAM,spatial_block=South America,geography,0.0
per_capita,M0star,MEX,spatial_block=South America,geography,0.0
per_capita,M0star,NIC,spatial_block=South America,geography,0.0
per_capita,M0star,PAN,spatial_block=South America,geography,0.0
per_capita,M0star,USA,spatial_block=South America,geography,0.0
per_capita,M0star,AUS,spatial_block=South America,geography,0.0
per_capita,M0star,NZL,spatial_block=South America,geography,0.0
per_capita,M0star,PNG,spatial_block=South America,geography,0.0
per_capita,M0star,ARG,spatial_block=South America,geography,1.0
per_capita,M0star,BOL,spatial_block=South America,geography,1.0
per_capita,M0star,BRA,spatial_block=South America,geography,1.0
per_capita,M0star,CHL,spatial_block=South America,geography,1.0
per_capita,M0star,COL,spatial_block=South America,geography,1.0
per_capita,M0star,ECU,spatial_block=South America,geography,1.0
per_capita,M0star,PRY,spatial_block=South America,geography,1.0
per_capita,M0star,PER,spatial_block=South America,geography,1.0
per_capita,M0star,SUR,spatial_block=South America,geography,1.0
per_capita,M0star,URY,spatial_block=South America,geography,1.0
per_capita,M0star,VEN,spatial_block=South America,geography,1.0
per_capita,M0star,DZA,income_group=Low-income countries,socioeconomic,0.0
per_capita,M0star,AGO,income_group=Low-income countries,socioeconomic,0.0
per_capita,M0star,BEN,income_group=Low-income countries,socioeconomic,0.0
per_capita,M0star,BWA,income_group=Low-income countries,socioeconomic,0.0
per_capita,M0star,BFA,income_group=Low-income countries,socioeconomic,1.0
per_capita,M0star,BDI,income_group=Low-income countries,socioeconomic,1.0
per_capita,M0star,CMR,income_group=Low-income countries,socioeconomic,0.0
per_capita,M0star,CAF,income_group=Low-income countries,socioeconomic,1.0
per_capita,M0star,TCD,income_group=Low-income countries,socioeconomic,1.0
per_capita,M0star,COG,income_group=Low-income countries,socioeconomic,0.0
per_capita,M0star,COD,income_group=Low-income countries,socioeconomic,1.0
per_capita,M0star,CIV,income_group=Low-income countries,socioeconomic,0.0
per_capita,M0star,DJI,income_group=Low-income countries,socioeconomic,0.0
per_capita,M0star,EGY,income_group=Low-income countries,socioeconomic,0.0
per_capita,M0star,GNQ,income_group=Low-income countries,socioeconomic,0.0
per_capita,M0star,ERI,income_group=Low-income countries,socioeconomic,1.0
per_capita,M0star,ETH,income_group=Low-income countries,socioeconomic,1.0
per_capita,M0star,GAB,income_group=Low-income countries,socioeconomic,0.0
per_capita,M0star,GHA,income_group=Low-income countries,socioeconomic,0.0
per_capita,M0star,GIN,income_group=Low-income countries,socioeconomic,0.0
per_capita,M0star,GNB,income_group=Low-income countries,socioeconomic,1.0
per_capita,M0star,KEN,income_group=Low-income countries,socioeconomic,0.0
per_capita,M0star,LSO,income_group=Low-income countries,socioeconomic,0.0
per_capita,M0star,LBR,income_group=Low-income countries,socioeconomic,1.0
per_capita,M0star,LBY,income_group=Low-income countries,socioeconomic,0.0
per_capita,M0star,MDG,income_group=Low-income countries,socioeconomic,1.0
per_capita,M0star,MWI,income_group=Low-income countries,socioeconomic,1.0
per_capita,M0star,MLI,income_group=Low-income countries,socioeconomic,1.0
per_capita,M0star,MRT,income_group=Low-income countries,socioeconomic,0.0
per_capita,M0star,MAR,income_group=Low-income countries,socioeconomic,0.0
per_capita,M0star,MOZ,income_group=Low-income countries,socioeconomic,1.0
per_capita,M0star,NAM,income_group=Low-income countries,socioeconomic,0.0
per_capita,M0star,NER,income_group=Low-income countries,socioeconomic,1.0
per_capita,M0star,NGA,income_group=Low-income countries,socioeconomic,0.0
per_capita,M0star,RWA,income_group=Low-income countries,socioeconomic,1.0
per_capita,M0star,SEN,income_group=Low-income countries,socioeconomic,0.0
per_capita,M0star,SLE,income_group=Low-income countries,socioeconomic,1.0
per_capita,M0star,SOM,income_group=Low-income countries,socioeconomic,1.0
per_capita,M0star,ZAF,income_group=Low-income countries,socioeconomic,0.0
per_capita,M0star,SDN,income_group=Low-income countries,socioeconomic,1.0
per_capita,M0star,SWZ,income_group=Low-income countries,socioeconomic,0.0
per_capita,M0star,TZA,income_group=Low-income countries,socioeconomic,0.0
per_capita,M0star,TGO,income_group=Low-income countries,socioeconomic,1.0
per_capita,M0star,TUN,income_group=Low-income countries,socioeconomic,0.0
per_capita,M0star,UGA,income_group=Low-income countries,socioeconomic,1.0
per_capita,M0star,ZMB,income_group=Low-income countries,socioeconomic,0.0
per_capita,M0star,ZWE,income_group=Low-income countries,socioeconomic,0.0
per_capita,M0star,AFG,income_group=Low-income countries,socioeconomic,1.0
per_capita,M0star,ARM,income_group=Low-income countries,socioeconomic,0.0
per_capita,M0star,AZE,income_group=Low-income countries,socioeconomic,0.0
per_capita,M0star,BGD,income_group=Low-income countries,socioeconomic,0.0
per_capita,M0star,MMR,income_group=Low-income countries,socioeconomic,0.0
per_capita,M0star,KHM,income_group=Low-income countries,socioeconomic,0.0
per_capita,M0star,CHN,income_group=Low-income countries,socioeconomic,0.0
per_capita,M0star,GEO,income_group=Low-income countries,socioeconomic,0.0
per_capita,M0star,IND,income_group=Low-income countries,socioeconomic,0.0
per_capita,M0star,IDN,income_group=Low-income countries,socioeconomic,0.0
per_capita,M0star,IRN,income_group=Low-income countries,socioeconomic,0.0
per_capita,M0star,IRQ,income_group=Low-income countries,socioeconomic,0.0
per_capita,M0star,ISR,income_group=Low-income countries,socioeconomic,0.0
per_capita,M0star,JPN,income_group=Low-income countries,socioeconomic,0.0
per_capita,M0star,JOR,income_group=Low-income countries,socioeconomic,0.0
per_capita,M0star,KAZ,income_group=Low-income countries,socioeconomic,0.0
per_capita,M0star,LAO,income_group=Low-income countries,socioeconomic,0.0
per_capita,M0star,LBN,income_group=Low-income countries,socioeconomic,0.0
per_capita,M0star,MYS,income_group=Low-income countries,socioeconomic,0.0
per_capita,M0star,MNG,income_group=Low-income countries,socioeconomic,0.0
per_capita,M0star,NPL,income_group=Low-income countries,socioeconomic,0.0
per_capita,M0star,OMN,income_group=Low-income countries,socioeconomic,0.0
per_capita,M0star,PAK,income_group=Low-income countries,socioeconomic,0.0
per_capita,M0star,PHL,income_group=Low-income countries,socioeconomic,0.0
per_capita,M0star,QAT,income_group=Low-income countries,socioeconomic,0.0
per_capita,M0star,SAU,income_group=Low-income countries,socioeconomic,0.0
per_capita,M0star,KOR,income_group=Low-income countries,socioeconomic,0.0
per_capita,M0star,LKA,income_group=Low-income countries,socioeconomic,0.0
per_capita,M0star,SYR,income_group=Low-income countries,socioeconomic,1.0
per_capita,M0star,TWN,income_group=Low-income countries,socioeconomic,0.0
per_capita,M0star,TJK,income_group=Low-income countries,socioeconomic,0.0
per_capita,M0star,THA,income_group=Low-income countries,socioeconomic,0.0
per_capita,M0star,TUR,income_group=Low-income countries,socioeconomic,0.0
per_capita,M0star,TKM,income_group=Low-income countries,socioeconomic,0.0
per_capita,M0star,ARE,income_group=Low-income countries,socioeconomic,0.0
per_capita,M0star,UZB,income_group=Low-income countries,socioeconomic,0.0
per_capita,M0star,VNM,income_group=Low-income countries,socioeconomic,0.0
per_capita,M0star,YEM,income_group=Low-income countries,socioeconomic,1.0
per_capita,M0star,ALB,income_group=Low-income countries,socioeconomic,0.0
per_capita,M0star,AUT,income_group=Low-income countries,socioeconomic,0.0
per_capita,M0star,BLR,income_group=Low-income countries,socioeconomic,0.0
per_capita,M0star,BEL,income_group=Low-income countries,socioeconomic,0.0
per_capita,M0star,BIH,income_group=Low-income countries,socioeconomic,0.0
per_capita,M0star,BGR,income_group=Low-income countries,socioeconomic,0.0
per_capita,M0star,HRV,income_group=Low-income countries,socioeconomic,0.0
per_capita,M0star,CYP,income_group=Low-income countries,socioeconomic,0.0
per_capita,M0star,CZE,income_group=Low-income countries,socioeconomic,0.0
per_capita,M0star,DNK,income_group=Low-income countries,socioeconomic,0.0
per_capita,M0star,EST,income_group=Low-income countries,socioeconomic,0.0
per_capita,M0star,FIN,income_group=Low-income countries,socioeconomic,0.0
per_capita,M0star,FRA,income_group=Low-income countries,socioeconomic,0.0
per_capita,M0star,DEU,income_group=Low-income countries,socioeconomic,0.0
per_capita,M0star,GRC,income_group=Low-income countries,socioeconomic,0.0
per_capita,M0star,HUN,income_group=Low-income countries,socioeconomic,0.0
per_capita,M0star,ISL,income_group=Low-income countries,socioeconomic,0.0
per_capita,M0star,IRL,income_group=Low-income countries,socioeconomic,0.0
per_capita,M0star,ITA,income_group=Low-income countries,socioeconomic,0.0
per_capita,M0star,LVA,income_group=Low-income countries,socioeconomic,0.0
per_capita,M0star,LTU,income_group=Low-income countries,socioeconomic,0.0
per_capita,M0star,MKD,income_group=Low-income countries,socioeconomic,0.0
per_capita,M0star,MDA,income_group=Low-income countries,socioeconomic,0.0
per_capita,M0star,MNE,income_group=Low-income countries,socioeconomic,0.0
per_capita,M0star,NLD,income_group=Low-income countries,socioeconomic,0.0
per_capita,M0star,NOR,income_group=Low-income countries,socioeconomic,0.0
per_capita,M0star,POL,income_group=Low-income countries,socioeconomic,0.0
per_capita,M0star,PRT,income_group=Low-income countries,socioeconomic,0.0
per_capita,M0star,ROU,income_group=Low-income countries,socioeconomic,0.0
per_capita,M0star,RUS,income_group=Low-income countries,socioeconomic,0.0
per_capita,M0star,SRB,income_group=Low-income countries,socioeconomic,0.0
per_capita,M0star,SVK,income_group=Low-income countries,socioeconomic,0.0
per_capita,M0star,SVN,income_group=Low-income countries,socioeconomic,0.0
per_capita,M0star,ESP,income_group=Low-income countries,socioeconomic,0.0
per_capita,M0star,SWE,income_group=Low-income countries,socioeconomic,0.0
per_capita,M0star,CHE,income_group=Low-income countries,socioeconomic,0.0
per_capita,M0star,UKR,income_group=Low-income countries,socioeconomic,0.0
per_capita,M0star,GBR,income_group=Low-income countries,socioeconomic,0.0
per_capita,M0star,BHS,income_group=Low-income countries,socioeconomic,0.0
per_capita,M0star,CAN,income_group=Low-income countries,socioeconomic,0.0
per_capita,M0star,CRI,income_group=Low-income countries,socioeconomic,0.0
per_capita,M0star,CUB,income_group=Low-income countries,socioeconomic,0.0
per_capita,M0star,DOM,income_group=Low-income countries,socioeconomic,0.0
per_capita,M0star,SLV,income_group=Low-income countries,socioeconomic,0.0
per_capita,M0star,GTM,income_group=Low-income countries,socioeconomic,0.0
per_capita,M0star,HTI,income_group=Low-income countries,socioeconomic,0.0
per_capita,M0star,HND,income_group=Low-income countries,socioeconomic,0.0
per_capita,M0star,JAM,income_group=Low-income countries,socioeconomic,0.0
per_capita,M0star,MEX,income_group=Low-income countries,socioeconomic,0.0
per_capita,M0star,NIC,income_group=Low-income countries,socioeconomic,0.0
per_capita,M0star,PAN,income_group=Low-income countries,socioeconomic,0.0
per_capita,M0star,USA,income_group=Low-income countries,socioeconomic,0.0
per_capita,M0star,AUS,income_group=Low-income countries,socioeconomic,0.0
per_capita,M0star,NZL,income_group=Low-income countries,socioeconomic,0.0
per_capita,M0star,PNG,income_group=Low-income countries,socioeconomic,0.0
per_capita,M0star,ARG,income_group=Low-income countries,socioeconomic,0.0
per_capita,M0star,BOL,income_group=Low-income countries,socioeconomic,0.0
per_capita,M0star,BRA,income_group=Low-income countries,socioeconomic,0.0
per_capita,M0star,CHL,income_group=Low-income countries,socioeconomic,0.0
per_capita,M0star,COL,income_group=Low-income countries,socioeconomic,0.0
per_capita,M0star,ECU,income_group=Low-income countries,socioeconomic,0.0
per_capita,M0star,PRY,income_group=Low-income countries,socioeconomic,0.0
per_capita,M0star,PER,income_group=Low-income countries,socioeconomic,0.0
per_capita,M0star,SUR,income_group=Low-income countries,socioeconomic,0.0
per_capita,M0star,URY,income_group=Low-income countries,socioeconomic,0.0
per_capita,M0star,VEN,income_group=Low-income countries,socioeconomic,0.0
per_capita,M0star,DZA,income_group=Lower-middle-income countries,socioeconomic,0.0
per_capita,M0star,AGO,income_group=Lower-middle-income countries,socioeconomic,1.0
per_capita,M0star,BEN,income_group=Lower-middle-income countries,socioeconomic,1.0
per_capita,M0star,BWA,income_group=Lower-middle-income countries,socioeconomic,0.0
per_capita,M0star,BFA,income_group=Lower-middle-income countries,socioeconomic,0.0
per_capita,M0star,BDI,income_group=Lower-middle-income countries,socioeconomic,0.0
per_capita,M0star,CMR,income_group=Lower-middle-income countries,socioeconomic,1.0
per_capita,M0star,CAF,income_group=Lower-middle-income countries,socioeconomic,0.0
per_capita,M0star,TCD,income_group=Lower-middle-income countries,socioeconomic,0.0
per_capita,M0star,COG,income_group=Lower-middle-income countries,socioeconomic,1.0
per_capita,M0star,COD,income_group=Lower-middle-income countries,socioeconomic,0.0
per_capita,M0star,CIV,income_group=Lower-middle-income countries,socioeconomic,1.0
per_capita,M0star,DJI,income_group=Lower-middle-income countries,socioeconomic,1.0
per_capita,M0star,EGY,income_group=Lower-middle-income countries,socioeconomic,1.0
per_capita,M0star,GNQ,income_group=Lower-middle-income countries,socioeconomic,0.0
per_capita,M0star,ERI,income_group=Lower-middle-income countries,socioeconomic,0.0
per_capita,M0star,ETH,income_group=Lower-middle-income countries,socioeconomic,0.0
per_capita,M0star,GAB,income_group=Lower-middle-income countries,socioeconomic,0.0
per_capita,M0star,GHA,income_group=Lower-middle-income countries,socioeconomic,1.0
per_capita,M0star,GIN,income_group=Lower-middle-income countries,socioeconomic,1.0
per_capita,M0star,GNB,income_group=Lower-middle-income countries,socioeconomic,0.0
per_capita,M0star,KEN,income_group=Lower-middle-income countries,socioeconomic,1.0
per_capita,M0star,LSO,income_group=Lower-middle-income countries,socioeconomic,1.0
per_capita,M0star,LBR,income_group=Lower-middle-income countries,socioeconomic,0.0
per_capita,M0star,LBY,income_group=Lower-middle-income countries,socioeconomic,0.0
per_capita,M0star,MDG,income_group=Lower-middle-income countries,socioeconomic,0.0
per_capita,M0star,MWI,income_group=Lower-middle-income countries,socioeconomic,0.0
per_capita,M0star,MLI,income_group=Lower-middle-income countries,socioeconomic,0.0
per_capita,M0star,MRT,income_group=Lower-middle-income countries,socioeconomic,1.0
per_capita,M0star,MAR,income_group=Lower-middle-income countries,socioeconomic,1.0
per_capita,M0star,MOZ,income_group=Lower-middle-income countries,socioeconomic,0.0
per_capita,M0star,NAM,income_group=Lower-middle-income countries,socioeconomic,1.0
per_capita,M0star,NER,income_group=Lower-middle-income countries,socioeconomic,0.0
per_capita,M0star,NGA,income_group=Lower-middle-income countries,socioeconomic,1.0
per_capita,M0star,RWA,income_group=Lower-middle-income countries,socioeconomic,0.0
per_capita,M0star,SEN,income_group=Lower-middle-income countries,socioeconomic,1.0
per_capita,M0star,SLE,income_group=Lower-middle-income countries,socioeconomic,0.0
per_capita,M0star,SOM,income_group=Lower-middle-income countries,socioeconomic,0.0
per_capita,M0star,ZAF,income_group=Lower-middle-income countries,socioeconomic,0.0
per_capita,M0star,SDN,income_group=Lower-middle-income countries,socioeconomic,0.0
per_capita,M0star,SWZ,income_group=Lower-middle-income countries,socioeconomic,1.0
per_capita,M0star,TZA,income_group=Lower-middle-income countries,socioeconomic,1.0
per_capita,M0star,TGO,income_group=Lower-middle-income countries,socioeconomic,0.0
per_capita,M0star,TUN,income_group=Lower-middle-income countries,socioeconomic,1.0
per_capita,M0star,UGA,income_group=Lower-middle-income countries,socioeconomic,0.0
per_capita,M0star,ZMB,income_group=Lower-middle-income countries,socioeconomic,1.0
per_capita,M0star,ZWE,income_group=Lower-middle-income countries,socioeconomic,1.0
per_capita,M0star,AFG,income_group=Lower-middle-income countries,socioeconomic,0.0
per_capita,M0star,ARM,income_group=Lower-middle-income countries,socioeconomic,0.0
per_capita,M0star,AZE,income_group=Lower-middle-income countries,socioeconomic,0.0
per_capita,M0star,BGD,income_group=Lower-middle-income countries,socioeconomic,1.0
per_capita,M0star,MMR,income_group=Lower-middle-income countries,socioeconomic,1.0
per_capita,M0star,KHM,income_group=Lower-middle-income countries,socioeconomic,1.0
per_capita,M0star,CHN,income_group=Lower-middle-income countries,socioeconomic,0.0
per_capita,M0star,GEO,income_group=Lower-middle-income countries,socioeconomic,0.0
per_capita,M0star,IND,income_group=Lower-middle-income countries,socioeconomic,1.0
per_capita,M0star,IDN,income_group=Lower-middle-income countries,socioeconomic,0.0
per_capita,M0star,IRN,income_group=Lower-middle-income countries,socioeconomic,0.0
per_capita,M0star,IRQ,income_group=Lower-middle-income countries,socioeconomic,0.0
per_capita,M0star,ISR,income_group=Lower-middle-income countries,socioeconomic,0.0
per_capita,M0star,JPN,income_group=Lower-middle-income countries,socioeconomic,0.0
per_capita,M0star,JOR,income_group=Lower-middle-income countries,socioeconomic,1.0
per_capita,M0star,KAZ,income_group=Lower-middle-income countries,socioeconomic,0.0
per_capita,M0star,LAO,income_group=Lower-middle-income countries,socioeconomic,1.0
per_capita,M0star,LBN,income_group=Lower-middle-income countries,socioeconomic,1.0
per_capita,M0star,MYS,income_group=Lower-middle-income countries,socioeconomic,0.0
per_capita,M0star,MNG,income_group=Lower-middle-income countries,socioeconomic,0.0
per_capita,M0star,NPL,income_group=Lower-middle-income countries,socioeconomic,1.0
per_capita,M0star,OMN,income_group=Lower-middle-income countries,socioeconomic,0.0
per_capita,M0star,PAK,income_group=Lower-middle-income countries,socioeconomic,1.0
per_capita,M0star,PHL,income_group=Lower-middle-income countries,socioeconomic,1.0
per_capita,M0star,QAT,income_group=Lower-middle-income countries,socioeconomic,0.0
per_capita,M0star,SAU,income_group=Lower-middle-income countries,socioeconomic,0.0
per_capita,M0star,KOR,income_group=Lower-middle-income countries,socioeconomic,0.0
per_capita,M0star,LKA,income_group=Lower-middle-income countries,socioeconomic,1.0
per_capita,M0star,SYR,income_group=Lower-middle-income countries,socioeconomic,0.0
per_capita,M0star,TWN,income_group=Lower-middle-income countries,socioeconomic,0.0
per_capita,M0star,TJK,income_group=Lower-middle-income countries,socioeconomic,1.0
per_capita,M0star,THA,income_group=Lower-middle-income countries,socioeconomic,0.0
per_capita,M0star,TUR,income_group=Lower-middle-income countries,socioeconomic,0.0
per_capita,M0star,TKM,income_group=Lower-middle-income countries,socioeconomic,0.0
per_capita,M0star,ARE,income_group=Lower-middle-income countries,socioeconomic,0.0
per_capita,M0star,UZB,income_group=Lower-middle-income countries,socioeconomic,1.0
per_capita,M0star,VNM,income_group=Lower-middle-income countries,socioeconomic,1.0
per_capita,M0star,YEM,income_group=Lower-middle-income countries,socioeconomic,0.0
per_capita,M0star,ALB,income_group=Lower-middle-income countries,socioeconomic,0.0
per_capita,M0star,AUT,income_group=Lower-middle-income countries,socioeconomic,0.0
per_capita,M0star,BLR,income_group=Lower-middle-income countries,socioeconomic,0.0
per_capita,M0star,BEL,income_group=Lower-middle-income countries,socioeconomic,0.0
per_capita,M0star,BIH,income_group=Lower-middle-income countries,socioeconomic,0.0
per_capita,M0star,BGR,income_group=Lower-middle-income countries,socioeconomic,0.0
per_capita,M0star,HRV,income_group=Lower-middle-income countries,socioeconomic,0.0
per_capita,M0star,CYP,income_group=Lower-middle-income countries,socioeconomic,0.0
per_capita,M0star,CZE,income_group=Lower-middle-income countries,socioeconomic,0.0
per_capita,M0star,DNK,income_group=Lower-middle-income countries,socioeconomic,0.0
per_capita,M0star,EST,income_group=Lower-middle-income countries,socioeconomic,0.0
per_capita,M0star,FIN,income_group=Lower-middle-income countries,socioeconomic,0.0
per_capita,M0star,FRA,income_group=Lower-middle-income countries,socioeconomic,0.0
per_capita,M0star,DEU,income_group=Lower-middle-income countries,socioeconomic,0.0
per_capita,M0star,GRC,income_group=Lower-middle-income countries,socioeconomic,0.0
per_capita,M0star,HUN,income_group=Lower-middle-income countries,socioeconomic,0.0
per_capita,M0star,ISL,income_group=Lower-middle-income countries,socioeconomic,0.0
per_capita,M0star,IRL,income_group=Lower-middle-income countries,socioeconomic,0.0
per_capita,M0star,ITA,income_group=Lower-middle-income countries,socioeconomic,0.0
per_capita,M0star,LVA,income_group=Lower-middle-income countries,socioeconomic,0.0
per_capita,M0star,LTU,income_group=Lower-middle-income countries,socioeconomic,0.0
per_capita,M0star,MKD,income_group=Lower-middle-income countries,socioeconomic,0.0
per_capita,M0star,MDA,income_group=Lower-middle-income countries,socioeconomic,0.0
per_capita,M0star,MNE,income_group=Lower-middle-income countries,socioeconomic,0.0
per_capita,M0star,NLD,income_group=Lower-middle-income countries,socioeconomic,0.0
per_capita,M0star,NOR,income_group=Lower-middle-income countries,socioeconomic,0.0
per_capita,M0star,POL,income_group=Lower-middle-income countries,socioeconomic,0.0
per_capita,M0star,PRT,income_group=Lower-middle-income countries,socioeconomic,0.0
per_capita,M0star,ROU,income_group=Lower-middle-income countries,socioeconomic,0.0
per_capita,M0star,RUS,income_group=Lower-middle-income countries,socioeconomic,0.0
per_capita,M0star,SRB,income_group=Lower-middle-income countries,socioeconomic,0.0
per_capita,M0star,SVK,income_group=Lower-middle-income countries,socioeconomic,0.0
per_capita,M0star,SVN,income_group=Lower-middle-income countries,socioeconomic,0.0
per_capita,M0star,ESP,income_group=Lower-middle-income countries,socioeconomic,0.0
per_capita,M0star,SWE,income_group=Lower-middle-income countries,socioeconomic,0.0
per_capita,M0star,CHE,income_group=Lower-middle-income countries,socioeconomic,0.0
per_capita,M0star,UKR,income_group=Lower-middle-income countries,socioeconomic,0.0
per_capita,M0star,GBR,income_group=Lower-middle-income countries,socioeconomic,0.0
per_capita,M0star,BHS,income_group=Lower-middle-income countries,socioeconomic,0.0
per_capita,M0star,CAN,income_group=Lower-middle-income countries,socioeconomic,0.0
per_capita,M0star,CRI,income_group=Lower-middle-income countries,socioeconomic,0.0
per_capita,M0star,CUB,income_group=Lower-middle-income countries,socioeconomic,0.0
per_capita,M0star,DOM,income_group=Lower-middle-income countries,socioeconomic,0.0
per_capita,M0star,SLV,income_group=Lower-middle-income countries,socioeconomic,0.0
per_capita,M0star,GTM,income_group=Lower-middle-income countries,socioeconomic,0.0
per_capita,M0star,HTI,income_group=Lower-middle-income countries,socioeconomic,1.0
per_capita,M0star,HND,income_group=Lower-middle-income countries,socioeconomic,1.0
per_capita,M0star,JAM,income_group=Lower-middle-income countries,socioeconomic,0.0
per_capita,M0star,MEX,income_group=Lower-middle-income countries,socioeconomic,0.0
per_capita,M0star,NIC,income_group=Lower-middle-income countries,socioeconomic,1.0
per_capita,M0star,PAN,income_group=Lower-middle-income countries,socioeconomic,0.0
per_capita,M0star,USA,income_group=Lower-middle-income countries,socioeconomic,0.0
per_capita,M0star,AUS,income_group=Lower-middle-income countries,socioeconomic,0.0
per_capita,M0star,NZL,income_group=Lower-middle-income countries,socioeconomic,0.0
per_capita,M0star,PNG,income_group=Lower-middle-income countries,socioeconomic,1.0
per_capita,M0star,ARG,income_group=Lower-middle-income countries,socioeconomic,0.0
per_capita,M0star,BOL,income_group=Lower-middle-income countries,socioeconomic,1.0
per_capita,M0star,BRA,income_group=Lower-middle-income countries,socioeconomic,0.0
per_capita,M0star,CHL,income_group=Lower-middle-income countries,socioeconomic,0.0
per_capita,M0star,COL,income_group=Lower-middle-income countries,socioeconomic,0.0
per_capita,M0star,ECU,income_group=Lower-middle-income countries,socioeconomic,0.0
per_capita,M0star,PRY,income_group=Lower-middle-income countries,socioeconomic,0.0
per_capita,M0star,PER,income_group=Lower-middle-income countries,socioeconomic,0.0
per_capita,M0star,SUR,income_group=Lower-middle-income countries,socioeconomic,0.0
per_capita,M0star,URY,income_group=Lower-middle-income countries,socioeconomic,0.0
per_capita,M0star,VEN,income_group=Lower-middle-income countries,socioeconomic,0.0
per_capita,M0star,DZA,income_group=Upper-middle-income countries,socioeconomic,1.0
per_capita,M0star,AGO,income_group=Upper-middle-income countries,socioeconomic,0.0
per_capita,M0star,BEN,income_group=Upper-middle-income countries,socioeconomic,0.0
per_capita,M0star,BWA,income_group=Upper-middle-income countries,socioeconomic,1.0
per_capita,M0star,BFA,income_group=Upper-middle-income countries,socioeconomic,0.0
per_capita,M0star,BDI,income_group=Upper-middle-income countries,socioeconomic,0.0
per_capita,M0star,CMR,income_group=Upper-middle-income countries,socioeconomic,0.0
per_capita,M0star,CAF,income_group=Upper-middle-income countries,socioeconomic,0.0
per_capita,M0star,TCD,income_group=Upper-middle-income countries,socioeconomic,0.0
per_capita,M0star,COG,income_group=Upper-middle-income countries,socioeconomic,0.0
per_capita,M0star,COD,income_group=Upper-middle-income countries,socioeconomic,0.0
per_capita,M0star,CIV,income_group=Upper-middle-income countries,socioeconomic,0.0
per_capita,M0star,DJI,income_group=Upper-middle-income countries,socioeconomic,0.0
per_capita,M0star,EGY,income_group=Upper-middle-income countries,socioeconomic,0.0
per_capita,M0star,GNQ,income_group=Upper-middle-income countries,socioeconomic,1.0
per_capita,M0star,ERI,income_group=Upper-middle-income countries,socioeconomic,0.0
per_capita,M0star,ETH,income_group=Upper-middle-income countries,socioeconomic,0.0
per_capita,M0star,GAB,income_group=Upper-middle-income countries,socioeconomic,1.0
per_capita,M0star,GHA,income_group=Upper-middle-income countries,socioeconomic,0.0
per_capita,M0star,GIN,income_group=Upper-middle-income countries,socioeconomic,0.0
per_capita,M0star,GNB,income_group=Upper-middle-income countries,socioeconomic,0.0
per_capita,M0star,KEN,income_group=Upper-middle-income countries,socioeconomic,0.0
per_capita,M0star,LSO,income_group=Upper-middle-income countries,socioeconomic,0.0
per_capita,M0star,LBR,income_group=Upper-middle-income countries,socioeconomic,0.0
per_capita,M0star,LBY,income_group=Upper-middle-income countries,socioeconomic,1.0
per_capita,M0star,MDG,income_group=Upper-middle-income countries,socioeconomic,0.0
per_capita,M0star,MWI,income_group=Upper-middle-income countries,socioeconomic,0.0
per_capita,M0star,MLI,income_group=Upper-middle-income countries,socioeconomic,0.0
per_capita,M0star,MRT,income_group=Upper-middle-income countries,socioeconomic,0.0
per_capita,M0star,MAR,income_group=Upper-middle-income countries,socioeconomic,0.0
per_capita,M0star,MOZ,income_group=Upper-middle-income countries,socioeconomic,0.0
per_capita,M0star,NAM,income_group=Upper-middle-income countries,socioeconomic,0.0
per_capita,M0star,NER,income_group=Upper-middle-income countries,socioeconomic,0.0
per_capita,M0star,NGA,income_group=Upper-middle-income countries,socioeconomic,0.0
per_capita,M0star,RWA,income_group=Upper-middle-income countries,socioeconomic,0.0
per_capita,M0star,SEN,income_group=Upper-middle-income countries,socioeconomic,0.0
per_capita,M0star,SLE,income_group=Upper-middle-income countries,socioeconomic,0.0
per_capita,M0star,SOM,income_group=Upper-middle-income countries,socioeconomic,0.0
per_capita,M0star,ZAF,income_group=Upper-middle-income countries,socioeconomic,1.0
per_capita,M0star,SDN,income_group=Upper-middle-income countries,socioeconomic,0.0
per_capita,M0star,SWZ,income_group=Upper-middle-income countries,socioeconomic,0.0
per_capita,M0star,TZA,income_group=Upper-middle-income countries,socioeconomic,0.0
per_capita,M0star,TGO,income_group=Upper-middle-income countries,socioeconomic,0.0
per_capita,M0star,TUN,income_group=Upper-middle-income countries,socioeconomic,0.0
per_capita,M0star,UGA,income_group=Upper-middle-income countries,socioeconomic,0.0
per_capita,M0star,ZMB,income_group=Upper-middle-income countries,socioeconomic,0.0
per_capita,M0star,ZWE,income_group=Upper-middle-income countries,socioeconomic,0.0
per_capita,M0star,AFG,income_group=Upper-middle-income countries,socioeconomic,0.0
per_capita,M0star,ARM,income_group=Upper-middle-income countries,socioeconomic,1.0
per_capita,M0star,AZE,income_group=Upper-middle-income countries,socioeconomic,1.0
per_capita,M0star,BGD,income_group=Upper-middle-income countries,socioeconomic,0.0
per_capita,M0star,MMR,income_group=Upper-middle-income countries,socioeconomic,0.0
per_capita,M0star,KHM,income_group=Upper-middle-income countries,socioeconomic,0.0
per_capita,M0star,CHN,income_group=Upper-middle-income countries,socioeconomic,1.0
per_capita,M0star,GEO,income_group=Upper-middle-income countries,socioeconomic,1.0
per_capita,M0star,IND,income_group=Upper-middle-income countries,socioeconomic,0.0
per_capita,M0star,IDN,income_group=Upper-middle-income countries,socioeconomic,1.0
per_capita,M0star,IRN,income_group=Upper-middle-income countries,socioeconomic,1.0
per_capita,M0star,IRQ,income_group=Upper-middle-income countries,socioeconomic,1.0
per_capita,M0star,ISR,income_group=Upper-middle-income countries,socioeconomic,0.0
per_capita,M0star,JPN,income_group=Upper-middle-income countries,socioeconomic,0.0
per_capita,M0star,JOR,income_group=Upper-middle-income countries,socioeconomic,0.0
per_capita,M0star,KAZ,income_group=Upper-middle-income countries,socioeconomic,1.0
per_capita,M0star,LAO,income_group=Upper-middle-income countries,socioeconomic,0.0
per_capita,M0star,LBN,income_group=Upper-middle-income countries,socioeconomic,0.0
per_capita,M0star,MYS,income_group=Upper-middle-income countries,socioeconomic,1.0
per_capita,M0star,MNG,income_group=Upper-middle-income countries,socioeconomic,1.0
per_capita,M0star,NPL,income_group=Upper-middle-income countries,socioeconomic,0.0
per_capita,M0star,OMN,income_group=Upper-middle-income countries,socioeconomic,0.0
per_capita,M0star,PAK,income_group=Upper-middle-income countries,socioeconomic,0.0
per_capita,M0star,PHL,income_group=Upper-middle-income countries,socioeconomic,0.0
per_capita,M0star,QAT,income_group=Upper-middle-income countries,socioeconomic,0.0
per_capita,M0star,SAU,income_group=Upper-middle-income countries,socioeconomic,0.0
per_capita,M0star,KOR,income_group=Upper-middle-income countries,socioeconomic,0.0
per_capita,M0star,LKA,income_group=Upper-middle-income countries,socioeconomic,0.0
per_capita,M0star,SYR,income_group=Upper-middle-income countries,socioeconomic,0.0
per_capita,M0star,TWN,income_group=Upper-middle-income countries,socioeconomic,0.0
per_capita,M0star,TJK,income_group=Upper-middle-income countries,socioeconomic,0.0
per_capita,M0star,THA,income_group=Upper-middle-income countries,socioeconomic,1.0
per_capita,M0star,TUR,income_group=Upper-middle-income countries,socioeconomic,1.0
per_capita,M0star,TKM,income_group=Upper-middle-income countries,socioeconomic,1.0
per_capita,M0star,ARE,income_group=Upper-middle-income countries,socioeconomic,0.0
per_capita,M0star,UZB,income_group=Upper-middle-income countries,socioeconomic,0.0
per_capita,M0star,VNM,income_group=Upper-middle-income countries,socioeconomic,0.0
per_capita,M0star,YEM,income_group=Upper-middle-income countries,socioeconomic,0.0
per_capita,M0star,ALB,income_group=Upper-middle-income countries,socioeconomic,1.0
per_capita,M0star,AUT,income_group=Upper-middle-income countries,socioeconomic,0.0
per_capita,M0star,BLR,income_group=Upper-middle-income countries,socioeconomic,1.0
per_capita,M0star,BEL,income_group=Upper-middle-income countries,socioeconomic,0.0
per_capita,M0star,BIH,income_group=Upper-middle-income countries,socioeconomic,1.0
per_capita,M0star,BGR,income_group=Upper-middle-income countries,socioeconomic,0.0
per_capita,M0star,HRV,income_group=Upper-middle-income countries,socioeconomic,0.0
per_capita,M0star,CYP,income_group=Upper-middle-income countries,socioeconomic,0.0
per_capita,M0star,CZE,income_group=Upper-middle-income countries,socioeconomic,0.0
per_capita,M0star,DNK,income_group=Upper-middle-income countries,socioeconomic,0.0
per_capita,M0star,EST,income_group=Upper-middle-income countries,socioeconomic,0.0
per_capita,M0star,FIN,income_group=Upper-middle-income countries,socioeconomic,0.0
per_capita,M0star,FRA,income_group=Upper-middle-income countries,socioeconomic,0.0
per_capita,M0star,DEU,income_group=Upper-middle-income countries,socioeconomic,0.0
per_capita,M0star,GRC,income_group=Upper-middle-income countries,socioeconomic,0.0
per_capita,M0star,HUN,income_group=Upper-middle-income countries,socioeconomic,0.0
per_capita,M0star,ISL,income_group=Upper-middle-income countries,socioeconomic,0.0
per_capita,M0star,IRL,income_group=Upper-middle-income countries,socioeconomic,0.0
per_capita,M0star,ITA,income_group=Upper-middle-income countries,socioeconomic,0.0
per_capita,M0star,LVA,income_group=Upper-middle-income countries,socioeconomic,0.0
per_capita,M0star,LTU,income_group=Upper-middle-income countries,socioeconomic,0.0
per_capita,M0star,MKD,income_group=Upper-middle-income countries,socioeconomic,1.0
per_capita,M0star,MDA,income_group=Upper-middle-income countries,socioeconomic,1.0
per_capita,M0star,MNE,income_group=Upper-middle-income countries,socioeconomic,1.0
per_capita,M0star,NLD,income_group=Upper-middle-income countries,socioeconomic,0.0
per_capita,M0star,NOR,income_group=Upper-middle-income countries,socioeconomic,0.0
per_capita,M0star,POL,income_group=Upper-middle-income countries,socioeconomic,0.0
per_capita,M0star,PRT,income_group=Upper-middle-income countries,socioeconomic,0.0
per_capita,M0star,ROU,income_group=Upper-middle-income countries,socioeconomic,0.0
per_capita,M0star,RUS,income_group=Upper-middle-income countries,socioeconomic,0.0
per_capita,M0star,SRB,income_group=Upper-middle-income countries,socioeconomic,1.0
per_capita,M0star,SVK,income_group=Upper-middle-income countries,socioeconomic,0.0
per_capita,M0star,SVN,income_group=Upper-middle-income countries,socioeconomic,0.0
per_capita,M0star,ESP,income_group=Upper-middle-income countries,socioeconomic,0.0
per_capita,M0star,SWE,income_group=Upper-middle-income countries,socioeconomic,0.0
per_capita,M0star,CHE,income_group=Upper-middle-income countries,socioeconomic,0.0
per_capita,M0star,UKR,income_group=Upper-middle-income countries,socioeconomic,1.0
per_capita,M0star,GBR,income_group=Upper-middle-income countries,socioeconomic,0.0
per_capita,M0star,BHS,income_group=Upper-middle-income countries,socioeconomic,0.0
per_capita,M0star,CAN,income_group=Upper-middle-income countries,socioeconomic,0.0
per_capita,M0star,CRI,income_group=Upper-middle-income countries,socioeconomic,0.0
per_capita,M0star,CUB,income_group=Upper-middle-income countries,socioeconomic,1.0
per_capita,M0star,DOM,income_group=Upper-middle-income countries,socioeconomic,1.0
per_capita,M0star,SLV,income_group=Upper-middle-income countries,socioeconomic,1.0
per_capita,M0star,GTM,income_group=Upper-middle-income countries,socioeconomic,1.0
per_capita,M0star,HTI,income_group=Upper-middle-income countries,socioeconomic,0.0
per_capita,M0star,HND,income_group=Upper-middle-income countries,socioeconomic,0.0
per_capita,M0star,JAM,income_group=Upper-middle-income countries,socioeconomic,1.0
per_capita,M0star,MEX,income_group=Upper-middle-income countries,socioeconomic,1.0
per_capita,M0star,NIC,income_group=Upper-middle-income countries,socioeconomic,0.0
per_capita,M0star,PAN,income_group=Upper-middle-income countries,socioeconomic,0.0
per_capita,M0star,USA,income_group=Upper-middle-income countries,socioeconomic,0.0
per_capita,M0star,AUS,income_group=Upper-middle-income countries,socioeconomic,0.0
per_capita,M0star,NZL,income_group=Upper-middle-income countries,socioeconomic,0.0
per_capita,M0star,PNG,income_group=Upper-middle-income countries,socioeconomic,0.0
per_capita,M0star,ARG,income_group=Upper-middle-income countries,socioeconomic,1.0
per_capita,M0star,BOL,income_group=Upper-middle-income countries,socioeconomic,0.0
per_capita,M0star,BRA,income_group=Upper-middle-income countries,socioeconomic,1.0
per_capita,M0star,CHL,income_group=Upper-middle-income countries,socioeconomic,0.0
per_capita,M0star,COL,income_group=Upper-middle-income countries,socioeconomic,1.0
per_capita,M0star,ECU,income_group=Upper-middle-income countries,socioeconomic,1.0
per_capita,M0star,PRY,income_group=Upper-middle-income countries,socioeconomic,1.0
per_capita,M0star,PER,income_group=Upper-middle-income countries,socioeconomic,1.0
per_capita,M0star,SUR,income_group=Upper-middle-income countries,socioeconomic,1.0
per_capita,M0star,URY,income_group=Upper-middle-income countries,socioeconomic,0.0
per_capita,M0star,VEN,income_group=Upper-middle-income countries,socioeconomic,1.0
per_capita,M2,DZA,intercept,intercept,1.0
per_capita,M2,AGO,intercept,intercept,1.0
per_capita,M2,BEN,intercept,intercept,1.0
per_capita,M2,BWA,intercept,intercept,1.0
per_capita,M2,BFA,intercept,intercept,1.0
per_capita,M2,BDI,intercept,intercept,1.0
per_capita,M2,CMR,intercept,intercept,1.0
per_capita,M2,CAF,intercept,intercept,1.0
per_capita,M2,TCD,intercept,intercept,1.0
per_capita,M2,COG,intercept,intercept,1.0
per_capita,M2,COD,intercept,intercept,1.0
per_capita,M2,CIV,intercept,intercept,1.0
per_capita,M2,DJI,intercept,intercept,1.0
per_capita,M2,EGY,intercept,intercept,1.0
per_capita,M2,GNQ,intercept,intercept,1.0
per_capita,M2,ERI,intercept,intercept,1.0
per_capita,M2,ETH,intercept,intercept,1.0
per_capita,M2,GAB,intercept,intercept,1.0
per_capita,M2,GHA,intercept,intercept,1.0
per_capita,M2,GIN,intercept,intercept,1.0
per_capita,M2,GNB,intercept,intercept,1.0
per_capita,M2,KEN,intercept,intercept,1.0
per_capita,M2,LSO,intercept,intercept,1.0
per_capita,M2,LBR,intercept,intercept,1.0
per_capita,M2,LBY,intercept,intercept,1.0
per_capita,M2,MDG,intercept,intercept,1.0
per_capita,M2,MWI,intercept,intercept,1.0
per_capita,M2,MLI,intercept,intercept,1.0
per_capita,M2,MRT,intercept,intercept,1.0
per_capita,M2,MAR,intercept,intercept,1.0
per_capita,M2,MOZ,intercept,intercept,1.0
per_capita,M2,NAM,intercept,intercept,1.0
per_capita,M2,NER,intercept,intercept,1.0
per_capita,M2,NGA,intercept,intercept,1.0
per_capita,M2,RWA,intercept,intercept,1.0
per_capita,M2,SEN,intercept,intercept,1.0
per_capita,M2,SLE,intercept,intercept,1.0
per_capita,M2,SOM,intercept,intercept,1.0
per_capita,M2,ZAF,intercept,intercept,1.0
per_capita,M2,SDN,intercept,intercept,1.0
per_capita,M2,SWZ,intercept,intercept,1.0
per_capita,M2,TZA,intercept,intercept,1.0
per_capita,M2,TGO,intercept,intercept,1.0
per_capita,M2,TUN,intercept,intercept,1.0
per_capita,M2,UGA,intercept,intercept,1.0
per_capita,M2,ZMB,intercept,intercept,1.0
per_capita,M2,ZWE,intercept,intercept,1.0
per_capita,M2,AFG,intercept,intercept,1.0
per_capita,M2,ARM,intercept,intercept,1.0
per_capita,M2,AZE,intercept,intercept,1.0
per_capita,M2,BGD,intercept,intercept,1.0
per_capita,M2,MMR,intercept,intercept,1.0
per_capita,M2,KHM,intercept,intercept,1.0
per_capita,M2,CHN,intercept,intercept,1.0
per_capita,M2,GEO,intercept,intercept,1.0
per_capita,M2,IND,intercept,intercept,1.0
per_capita,M2,IDN,intercept,intercept,1.0
per_capita,M2,IRN,intercept,intercept,1.0
per_capita,M2,IRQ,intercept,intercept,1.0
per_capita,M2,ISR,intercept,intercept,1.0
per_capita,M2,JPN,intercept,intercept,1.0
per_capita,M2,JOR,intercept,intercept,1.0
per_capita,M2,KAZ,intercept,intercept,1.0
per_capita,M2,LAO,intercept,intercept,1.0
per_capita,M2,LBN,intercept,intercept,1.0
per_capita,M2,MYS,intercept,intercept,1.0
per_capita,M2,MNG,intercept,intercept,1.0
per_capita,M2,NPL,intercept,intercept,1.0
per_capita,M2,OMN,intercept,intercept,1.0
per_capita,M2,PAK,intercept,intercept,1.0
per_capita,M2,PHL,intercept,intercept,1.0
per_capita,M2,QAT,intercept,intercept,1.0
per_capita,M2,SAU,intercept,intercept,1.0
per_capita,M2,KOR,intercept,intercept,1.0
per_capita,M2,LKA,intercept,intercept,1.0
per_capita,M2,SYR,intercept,intercept,1.0
per_capita,M2,TWN,intercept,intercept,1.0
per_capita,M2,TJK,intercept,intercept,1.0
per_capita,M2,THA,intercept,intercept,1.0
per_capita,M2,TUR,intercept,intercept,1.0
per_capita,M2,TKM,intercept,intercept,1.0
per_capita,M2,ARE,intercept,intercept,1.0
per_capita,M2,UZB,intercept,intercept,1.0
per_capita,M2,VNM,intercept,intercept,1.0
per_capita,M2,YEM,intercept,intercept,1.0
per_capita,M2,ALB,intercept,intercept,1.0
per_capita,M2,AUT,intercept,intercept,1.0
per_capita,M2,BLR,intercept,intercept,1.0
per_capita,M2,BEL,intercept,intercept,1.0
per_capita,M2,BIH,intercept,intercept,1.0
per_capita,M2,BGR,intercept,intercept,1.0
per_capita,M2,HRV,intercept,intercept,1.0
per_capita,M2,CYP,intercept,intercept,1.0
per_capita,M2,CZE,intercept,intercept,1.0
per_capita,M2,DNK,intercept,intercept,1.0
per_capita,M2,EST,intercept,intercept,1.0
per_capita,M2,FIN,intercept,intercept,1.0
per_capita,M2,FRA,intercept,intercept,1.0
per_capita,M2,DEU,intercept,intercept,1.0
per_capita,M2,GRC,intercept,intercept,1.0
per_capita,M2,HUN,intercept,intercept,1.0
per_capita,M2,ISL,intercept,intercept,1.0
per_capita,M2,IRL,intercept,intercept,1.0
per_capita,M2,ITA,intercept,intercept,1.0
per_capita,M2,LVA,intercept,intercept,1.0
per_capita,M2,LTU,intercept,intercept,1.0
per_capita,M2,MKD,intercept,intercept,1.0
per_capita,M2,MDA,intercept,intercept,1.0
per_capita,M2,MNE,intercept,intercept,1.0
per_capita,M2,NLD,intercept,intercept,1.0
per_capita,M2,NOR,intercept,intercept,1.0
per_capita,M2,POL,intercept,intercept,1.0
per_capita,M2,PRT,intercept,intercept,1.0
per_capita,M2,ROU,intercept,intercept,1.0
per_capita,M2,RUS,intercept,intercept,1.0
per_capita,M2,SRB,intercept,intercept,1.0
per_capita,M2,SVK,intercept,intercept,1.0
per_capita,M2,SVN,intercept,intercept,1.0
per_capita,M2,ESP,intercept,intercept,1.0
per_capita,M2,SWE,intercept,intercept,1.0
per_capita,M2,CHE,intercept,intercept,1.0
per_capita,M2,UKR,intercept,intercept,1.0
per_capita,M2,GBR,intercept,intercept,1.0
per_capita,M2,BHS,intercept,intercept,1.0
per_capita,M2,CAN,intercept,intercept,1.0
per_capita,M2,CRI,intercept,intercept,1.0
per_capita,M2,CUB,intercept,intercept,1.0
per_capita,M2,DOM,intercept,intercept,1.0
per_capita,M2,SLV,intercept,intercept,1.0
per_capita,M2,GTM,intercept,intercept,1.0
per_capita,M2,HTI,intercept,intercept,1.0
per_capita,M2,HND,intercept,intercept,1.0
per_capita,M2,JAM,intercept,intercept,1.0
per_capita,M2,MEX,intercept,intercept,1.0
per_capita,M2,NIC,intercept,intercept,1.0
per_capita,M2,PAN,intercept,intercept,1.0
per_capita,M2,USA,intercept,intercept,1.0
per_capita,M2,AUS,intercept,intercept,1.0
per_capita,M2,NZL,intercept,intercept,1.0
per_capita,M2,PNG,intercept,intercept,1.0
per_capita,M2,ARG,intercept,intercept,1.0
per_capita,M2,BOL,intercept,intercept,1.0
per_capita,M2,BRA,intercept,intercept,1.0
per_capita,M2,CHL,intercept,intercept,1.0
per_capita,M2,COL,intercept,intercept,1.0
per_capita,M2,ECU,intercept,intercept,1.0
per_capita,M2,PRY,intercept,intercept,1.0
per_capita,M2,PER,intercept,intercept,1.0
per_capita,M2,SUR,intercept,intercept,1.0
per_capita,M2,URY,intercept,intercept,1.0
per_capita,M2,VEN,intercept,intercept,1.0
per_capita,M2,DZA,cum_co2_per_capita,emissions,1.9640651933812026
per_capita,M2,AGO,cum_co2_per_capita,emissions,1.272970907896288
per_capita,M2,BEN,cum_co2_per_capita,emissions,0.7966761484133703
per_capita,M2,BWA,cum_co2_per_capita,emissions,1.7050686542957503
per_capita,M2,BFA,cum_co2_per_capita,emissions,0.33671931349566636
per_capita,M2,BDI,cum_co2_per_capita,emissions,-0.04104112676432101
per_capita,M2,CMR,cum_co2_per_capita,emissions,0.9771452211025551
per_capita,M2,CAF,cum_co2_per_capita,emissions,0.28995185570360427
per_capita,M2,TCD,cum_co2_per_capita,emissions,0.24186929499159554
per_capita,M2,COG,cum_co2_per_capita,emissions,1.3699174844179824
per_capita,M2,COD,cum_co2_per_capita,emissions,0.40055090009096767
per_capita,M2,CIV,cum_co2_per_capita,emissions,1.0484406928512247
per_capita,M2,DJI,cum_co2_per_capita,emissions,1.2011239979479478
per_capita,M2,EGY,cum_co2_per_capita,emissions,1.6994031509078225
per_capita,M2,GNQ,cum_co2_per_capita,emissions,1.8100736244798639
per_capita,M2,ERI,cum_co2_per_capita,emissions,0.5947783430722957
per_capita,M2,ETH,cum_co2_per_capita,emissions,0.20244300440787286
per_capita,M2,GAB,cum_co2_per_capita,emissions,2.108640985241993
per_capita,M2,GHA,cum_co2_per_capita,emissions,0.941118744381487
per_capita,M2,GIN,cum_co2_per_capita,emissions,0.7655778545700505
per_capita,M2,GNB,cum_co2_per_capita,emissions,0.5122035310105065
per_capita,M2,KEN,cum_co2_per_capita,emissions,0.8931095508159184
per_capita,M2,LSO,cum_co2_per_capita,emissions,1.3560002328999916
per_capita,M2,LBR,cum_co2_per_capita,emissions,0.9943139238954385
per_capita,M2,LBY,cum_co2_per_capita,emissions,2.4601471340636447
per_capita,M2,MDG,cum_co2_per_capita,emissions,0.4661833052876193
per_capita,M2,MWI,cum_co2_per_capita,emissions,0.4006344896298506
per_capita,M2,MLI,cum_co2_per_capita,emissions,0.35288790032355455
per_capita,M2,MRT,cum_co2_per_capita,emissions,1.1619154768261646
per_capita,M2,MAR,cum_co2_per_capita,emissions,1.5874391675456656
per_capita,M2,MOZ,cum_co2_per_capita,emissions,0.7006550311609653
per_capita,M2,NAM,cum_co2_per_capita,emissions,1.3357095586597973
per_capita,M2,NER,cum_co2_per_capita,emissions,0.25373486687419905
per_capita,M2,NGA,cum_co2_per_capita,emissions,1.2663956986140794
per_capita,M2,RWA,cum_co2_per_capita,emissions,0.28672926272177235
per_capita,M2,SEN,cum_co2_per_capita,emissions,1.0978902993271602
per_capita,M2,SLE,cum_co2_per_capita,emissions,0.6367437677149098
per_capita,M2,SOM,cum_co2_per_capita,emissions,0.3659608999764163
per_capita,M2,ZAF,cum_co2_per_capita,emissions,2.514702230298455
per_capita,M2,SDN,cum_co2_per_capita,emissions,0.9210640494815501
per_capita,M2,SWZ,cum_co2_per_capita,emissions,1.4760052610192897
per_capita,M2,TZA,cum_co2_per_capita,emissions,0.5416687316849194
per_capita,M2,TGO,cum_co2_per_capita,emissions,0.8768938096042991
per_capita,M2,TUN,cum_co2_per_capita,emissions,1.8134139806813871
per_capita,M2,UGA,cum_co2_per_capita,emissions,0.3013733670768759
per_capita,M2,ZMB,cum_co2_per_capita,emissions,1.1241299746095987
per_capita,M2,ZWE,cum_co2_per_capita,emissions,1.7040673144229816
per_capita,M2,AFG,cum_co2_per_capita,emissions,0.6256285608471236
per_capita,M2,ARM,cum_co2_per_capita,emissions,2.0606610241549634
per_capita,M2,AZE,cum_co2_per_capita,emissions,2.3700037384882053
per_capita,M2,BGD,cum_co2_per_capita,emissions,0.804311575255652
per_capita,M2,MMR,cum_co2_per_capita,emissions,0.9208120315915735
per_capita,M2,KHM,cum_co2_per_capita,emissions,0.6969553588971745
per_capita,M2,CHN,cum_co2_per_capita,emissions,2.0807785302963895
per_capita,M2,GEO,cum_co2_per_capita,emissions,2.156522948595481
per_capita,M2,IND,cum_co2_per_capita,emissions,1.461739468388228
per_capita,M2,IDN,cum_co2_per_capita,emissions,1.608649810465107
per_capita,M2,IRN,cum_co2_per_capita,emissions,2.238209210766924
per_capita,M2,IRQ,cum_co2_per_capita,emissions,1.9745984395387601
per_capita,M2,ISR,cum_co2_per_capita,emissions,2.402314054273582
per_capita,M2,JPN,cum_co2_per_capita,emissions,2.6528892782358793
per_capita,M2,JOR,cum_co2_per_capita,emissions,1.821488007531938
per_capita,M2,KAZ,cum_co2_per_capita,emissions,2.8243398528943975
per_capita,M2,LAO,cum_co2_per_capita,emissions,0.8167467424429006
per_capita,M2,LBN,cum_co2_per_capita,emissions,1.9812339526728724
per_capita,M2,MYS,cum_co2_per_capita,emissions,2.138980780811092
per_capita,M2,MNG,cum_co2_per_capita,emissions,2.1966979114343146
per_capita,M2,NPL,cum_co2_per_capita,emissions,0.4754442740603263
per_capita,M2,OMN,cum_co2_per_capita,emissions,2.3591718672213204
per_capita,M2,PAK,cum_co2_per_capita,emissions,1.2346809835045816
per_capita,M2,PHL,cum_co2_per_capita,emissions,1.3851273374491946
per_capita,M2,QAT,cum_co2_per_capita,emissions,2.8515569176277293
per_capita,M2,SAU,cum_co2_per_capita,emissions,2.6235326396076415
per_capita,M2,KOR,cum_co2_per_capita,emissions,2.4416060085126965
per_capita,M2,LKA,cum_co2_per_capita,emissions,1.2098286486381225
per_capita,M2,SYR,cum_co2_per_capita,emissions,1.8949602164919561
per_capita,M2,TWN,cum_co2_per_capita,emissions,2.4789162763230577
per_capita,M2,TJK,cum_co2_per_capita,emissions,1.716600481800754
per_capita,M2,THA,cum_co2_per_capita,emissions,1.8782532158596084
per_capita,M2,TUR,cum_co2_per_capita,emissions,2.0279791746567883
per_capita,M2,TKM,cum_co2_per_capita,emissions,2.5127280269449987
per_capita,M2,ARE,cum_co2_per_capita,emissions,2.6483576813532497
per_capita,M2,UZB,cum_co2_per_capita,emissions,2.267118176258901
per_capita,M2,VNM,cum_co2_per_capita,emissions,1.4433934930323624
per_capita,M2,YEM,cum_co2_per_capita,emissions,1.2908918476391107
per_capita,M2,ALB,cum_co2_per_capita,emissions,1.9408859912614769
per_capita,M2,AUT,cum_co2_per_capita,emissions,2.774405371270569
per_capita,M2,BLR,cum_co2_per_capita,emissions,2.680105398521193
per_capita,M2,BEL,cum_co2_per_capita,emissions,3.026532955148929
per_capita,M2,BIH,cum_co2_per_capita,emissions,2.354500654235709
per_capita,M2,BGR,cum_co2_per_capita,emissions,2.68538272105901
per_capita,M2,HRV,cum_co2_per_capita,emissions,2.367210514256764
per_capita,M2,CYP,cum_co2_per_capita,emissions,2.3119197189026357
per_capita,M2,CZE,cum_co2_per_capita,emissions,3.029836624790655
per_capita,M2,DNK,cum_co2_per_capita,emissions,2.8355931105546195
per_capita,M2,EST,cum_co2_per_capita,emissions,3.061710465807341
per_capita,M2,FIN,cum_co2_per_capita,emissions,2.7237820100358
per_capita,M2,FRA,cum_co2_per_capita,emissions,2.755339914846845
per_capita,M2,DEU,cum_co2_per_capita,emissions,3.032471309553025
per_capita,M2,GRC,cum_co2_per_capita,emissions,2.5141907841730937
per_capita,M2,HUN,cum_co2_per_capita,emissions,2.6748590320508128
per_capita,M2,ISL,cum_co2_per_capita,emissions,2.612259261342069
per_capita,M2,IRL,cum_co2_per_capita,emissions,2.627006274456005
per_capita,M2,ITA,cum_co2_per_capita,emissions,2.5655039934003714
per_capita,M2,LVA,cum_co2_per_capita,emissions,2.651621339600986
per_capita,M2,LTU,cum_co2_per_capita,emissions,2.6949453197922058
per_capita,M2,MKD,cum_co2_per_capita,emissions,2.3601075181643276
per_capita,M2,MDA,cum_co2_per_capita,emissions,2.581813794671723
per_capita,M2,MNE,cum_co2_per_capita,emissions,2.1838952359785884
per_capita,M2,NLD,cum_co2_per_capita,emissions,2.7983938122024496
per_capita,M2,NOR,cum_co2_per_capita,emissions,2.6598631484298556
per_capita,M2,POL,cum_co2_per_capita,emissions,2.825591476308173
per_capita,M2,PRT,cum_co2_per_capita,emissions,2.336013760916489
per_capita,M2,ROU,cum_co2_per_capita,emissions,2.6023622787180356
per_capita,M2,RUS,cum_co2_per_capita,emissions,2.8582511218334727
per_capita,M2,SRB,cum_co2_per_capita,emissions,2.5264184110511017
per_capita,M2,SVK,cum_co2_per_capita,emissions,2.830370249299811
per_capita,M2,SVN,cum_co2_per_capita,emissions,2.5694133603833804
per_capita,M2,ESP,cum_co2_per_capita,emissions,2.4435879136276015
per_capita,M2,SWE,cum_co2_per_capita,emissions,2.689173020462263
per_capita,M2,CHE,cum_co2_per_capita,emissions,2.533147891421566
per_capita,M2,UKR,cum_co2_per_capita,emissions,2.7984578815556818
per_capita,M2,GBR,cum_co2_per_capita,emissions,3.072492860757877
per_capita,M2,BHS,cum_co2_per_capita,emissions,2.605416873050119
per_capita,M2,CAN,cum_co2_per_capita,emissions,2.9229164138682964
per_capita,M2,CRI,cum_co2_per_capita,emissions,1.6266618506757686
per_capita,M2,CUB,cum_co2_per_capita,emissions,2.1358689228124548
per_capita,M2,DOM,cum_co2_per_capita,emissions,1.7489512329680286
per_capita,M2,SLV,cum_co2_per_capita,emissions,1.482689960720731
per_capita,M2,GTM,cum_co2_per_capita,emissions,1.3181289359466606
per_capita,M2,HTI,cum_co2_per_capita,emissions,0.7338094095955683
per_capita,M2,HND,cum_co2_per_capita,emissions,1.3317620526995058
per_capita,M2,JAM,cum_co2_per_capita,emissions,2.1548234778481015
per_capita,M2,MEX,cum_co2_per_capita,emissions,2.1553497207432772
per_capita,M2,NIC,cum_co2_per_capita,emissions,1.3702439507811297
per_capita,M2,PAN,cum_co2_per_capita,emissions,1.803977727985472
per_capita,M2,USA,cum_co2_per_capita,emissions,3.072582867976504
per_capita,M2,AUS,cum_co2_per_capita,emissions,2.8283908367771993
per_capita,M2,NZL,cum_co2_per_capita,emissions,2.564578238410458
per_capita,M2,PNG,cum_co2_per_capita,emissions,1.1866006953283204
per_capita,M2,ARG,cum_co2_per_capita,emissions,2.2246592158859397
per_capita,M2,BOL,cum_co2_per_capita,emissions,1.5689464395654193
per_capita,M2,BRA,cum_co2_per_capita,emissions,1.8088199171473769
per_capita,M2,CHL,cum_co2_per_capita,emissions,2.135225764952555
per_capita,M2,COL,cum_co2_per_capita,emissions,1.7808001219723566
per_capita,M2,ECU,cum_co2_per_capita,emissions,1.7769140857854893
per_capita,M2,PRY,cum_co2_per_capita,emissions,1.3248166729984387
per_capita,M2,PER,cum_co2_per_capita,emissions,1.7110156879174476
per_capita,M2,SUR,cum_co2_per_capita,emissions,2.238420267248098
per_capita,M2,URY,cum_co2_per_capita,emissions,2.0779242768216033
per_capita,M2,VEN,cum_co2_per_capita,emissions,2.338119661938832
per_capita,M2,DZA,abs_latitude,geography,35.206
per_capita,M2,AGO,abs_latitude,geography,12.32
per_capita,M2,BEN,abs_latitude,geography,8.571666666666667
per_capita,M2,BWA,abs_latitude,geography,24.92
per_capita,M2,BFA,abs_latitude,geography,11.25
per_capita,M2,BDI,abs_latitude,geography,4.02
per_capita,M2,CMR,abs_latitude,geography,6.484666666666667
per_capita,M2,CAF,abs_latitude,geography,4.02
per_capita,M2,TCD,abs_latitude,geography,8.84
per_capita,M2,COG,abs_latitude,geography,4.02
per_capita,M2,COD,abs_latitude,geography,4.717826086956522
per_capita,M2,CIV,abs_latitude,geography,6.492307692307692
per_capita,M2,DJI,abs_latitude,geography,12.05
per_capita,M2,EGY,abs_latitude,geography,29.316842105263156
per_capita,M2,GNQ,abs_latitude,geography,3.215
per_capita,M2,ERI,abs_latitude,geography,15.27
per_capita,M2,ETH,abs_latitude,geography,9.553333333333335
per_capita,M2,GAB,abs_latitude,geography,0.8
per_capita,M2,GHA,abs_latitude,geography,6.164444444444444
per_capita,M2,GIN,abs_latitude,geography,9.2425
per_capita,M2,GNB,abs_latitude,geography,12.05
per_capita,M2,KEN,abs_latitude,geography,1.3366666666666667
per_capita,M2,LSO,abs_latitude,geography,29.74
per_capita,M2,LBR,abs_latitude,geography,7.23
per_capita,M2,LBY,abs_latitude,geography,31.827000000000005
per_capita,M2,MDG,abs_latitude,geography,19.555
per_capita,M2,MWI,abs_latitude,geography,14.465
per_capita,M2,MLI,abs_latitude,geography,12.589999999999998
per_capita,M2,MRT,abs_latitude,geography,18.48
per_capita,M2,MAR,abs_latitude,geography,33.757
per_capita,M2,MOZ,abs_latitude,geography,19.420833333333334
per_capita,M2,NAM,abs_latitude,geography,23.31
per_capita,M2,NER,abs_latitude,geography,13.660000000000002
per_capita,M2,NGA,abs_latitude,geography,8.044835164835165
per_capita,M2,RWA,abs_latitude,geography,2.41
per_capita,M2,SEN,abs_latitude,geography,14.665
per_capita,M2,SLE,abs_latitude,geography,8.84
per_capita,M2,SOM,abs_latitude,geography,4.66
per_capita,M2,ZAF,abs_latitude,geography,28.1294
per_capita,M2,SDN,abs_latitude,geography,12.053999999999998
per_capita,M2,SWZ,abs_latitude,geography,26.52
per_capita,M2,TZA,abs_latitude,geography,5.726875
per_capita,M2,TGO,abs_latitude,geography,8.035
per_capita,M2,TUN,abs_latitude,geography,35.525999999999996
per_capita,M2,UGA,abs_latitude,geography,1.8733333333333333
per_capita,M2,ZMB,abs_latitude,geography,13.86
per_capita,M2,ZWE,abs_latitude,geography,18.94
per_capita,M2,AFG,abs_latitude,geography,34.158750000000005
per_capita,M2,ARM,abs_latitude,geography,40.99
per_capita,M2,AZE,abs_latitude,geography,40.99
per_capita,M2,BGD,abs_latitude,geography,24.072105263157894
per_capita,M2,MMR,abs_latitude,geography,18.803
per_capita,M2,KHM,abs_latitude,geography,12.05
per_capita,M2,CHN,abs_latitude,geography,33.82457894736842
per_capita,M2,GEO,abs_latitude,geography,40.99
per_capita,M2,IND,abs_latitude,geography,22.25485933503836
per_capita,M2,IDN,abs_latitude,geography,5.857724137931035
per_capita,M2,IRN,abs_latitude,geography,34.34257575757576
per_capita,M2,IRQ,abs_latitude,geography,35.365
per_capita,M2,ISR,abs_latitude,geography,32.06111111111111
per_capita,M2,JPN,abs_latitude,geography,35.745828571428575
per_capita,M2,JOR,abs_latitude,geography,32.95
per_capita,M2,KAZ,abs_latitude,geography,48.915333333333336
per_capita,M2,LAO,abs_latitude,geography,18.48
per_capita,M2,LBN,abs_latitude,geography,34.02333333333333
per_capita,M2,MYS,abs_latitude,geography,3.6174999999999997
per_capita,M2,MNG,abs_latitude,geography,47.42
per_capita,M2,NPL,abs_latitude,geography,27.439999999999998
per_capita,M2,OMN,abs_latitude,geography,16.87
per_capita,M2,PAK,abs_latitude,geography,30.52915254237288
per_capita,M2,PHL,abs_latitude,geography,12.598307692307692
per_capita,M2,QAT,abs_latitude,geography,24.92
per_capita,M2,SAU,abs_latitude,geography,22.617142857142856
per_capita,M2,KOR,abs_latitude,geography,37.78
per_capita,M2,LKA,abs_latitude,geography,7.7666666666666675
per_capita,M2,SYR,abs_latitude,geography,34.56
per_capita,M2,TWN,abs_latitude,geography,24.490666666666666
per_capita,M2,TJK,abs_latitude,geography,40.185
per_capita,M2,THA,abs_latitude,geography,13.88904761904762
per_capita,M2,TUR,abs_latitude,geography,38.91117647058824
per_capita,M2,TKM,abs_latitude,geography,39.38333333333333
per_capita,M2,ARE,abs_latitude,geography,24.92
per_capita,M2,UZB,abs_latitude,geography,40.386250000000004
per_capita,M2,VNM,abs_latitude,geography,14.572666666666667
per_capita,M2,YEM,abs_latitude,geography,13.66
per_capita,M2,ALB,abs_latitude,geography,40.99
per_capita,M2,AUT,abs_latitude,geography,48.064
per_capita,M2,BLR,abs_latitude,geography,52.84
per_capita,M2,BEL,abs_latitude,geography,50.63
per_capita,M2,BIH,abs_latitude,geography,43.878
per_capita,M2,BGR,abs_latitude,geography,43.050000000000004
per_capita,M2,HRV,abs_latitude,geography,45.27333333333333
per_capita,M2,CYP,abs_latitude,geography,34.56
per_capita,M2,CZE,abs_latitude,geography,49.99
per_capita,M2,DNK,abs_latitude,geography,56.25
per_capita,M2,EST,abs_latitude,geography,58.66
per_capita,M2,FIN,abs_latitude,geography,61.556000000000004
per_capita,M2,FRA,abs_latitude,geography,46.79361111111112
per_capita,M2,DEU,abs_latitude,geography,50.89012345679013
per_capita,M2,GRC,abs_latitude,geography,38.00714285714286
per_capita,M2,HUN,abs_latitude,geography,47.062222222222225
per_capita,M2,ISL,abs_latitude,geography,65.09
per_capita,M2,IRL,abs_latitude,geography,53.040000000000006
per_capita,M2,ITA,abs_latitude,geography,43.01619047619048
per_capita,M2,LVA,abs_latitude,geography,56.25
per_capita,M2,LTU,abs_latitude,geography,55.45
per_capita,M2,MKD,abs_latitude,geography,42.59
per_capita,M2,MDA,abs_latitude,geography,47.419999999999995
per_capita,M2,MNE,abs_latitude,geography,42.59
per_capita,M2,NLD,abs_latitude,geography,52.239583333333336
per_capita,M2,NOR,abs_latitude,geography,60.6725
per_capita,M2,POL,abs_latitude,geography,51.64473684210526
per_capita,M2,PRT,abs_latitude,geography,40.07
per_capita,M2,ROU,abs_latitude,geography,46.00320000000001
per_capita,M2,RUS,abs_latitude,geography,53.74948717948718
per_capita,M2,SRB,abs_latitude,geography,43.663333333333334
per_capita,M2,SVK,abs_latitude,geography,48.225
per_capita,M2,SVN,abs_latitude,geography,45.81
per_capita,M2,ESP,abs_latitude,geography,39.671200000000006
per_capita,M2,SWE,abs_latitude,geography,58.662
per_capita,M2,CHE,abs_latitude,geography,46.775999999999996
per_capita,M2,UKR,abs_latitude,geography,48.826249999999995
per_capita,M2,GBR,abs_latitude,geography,52.80411764705883
per_capita,M2,BHS,abs_latitude,geography,24.92
per_capita,M2,CAN,abs_latitude,geography,46.77360000000001
per_capita,M2,CRI,abs_latitude,geography,10.45
per_capita,M2,CUB,abs_latitude,geography,21.125
per_capita,M2,DOM,abs_latitude,geography,19.016666666666666
per_capita,M2,SLV,abs_latitude,geography,13.660000000000002
per_capita,M2,GTM,abs_latitude,geography,15.270000000000001
per_capita,M2,HTI,abs_latitude,geography,18.802
per_capita,M2,HND,abs_latitude,geography,14.947999999999999
per_capita,M2,JAM,abs_latitude,geography,18.48
per_capita,M2,MEX,abs_latitude,geography,22.14556701030928
per_capita,M2,NIC,abs_latitude,geography,12.05
per_capita,M2,PAN,abs_latitude,geography,8.84
per_capita,M2,USA,abs_latitude,geography,36.592217898832686
per_capita,M2,AUS,abs_latitude,geography,32.14857142857143
per_capita,M2,NZL,abs_latitude,geography,39.562222222222225
per_capita,M2,PNG,abs_latitude,geography,8.84
per_capita,M2,ARG,abs_latitude,geography,32.450625
per_capita,M2,BOL,abs_latitude,geography,18.748333333333335
per_capita,M2,BRA,abs_latitude,geography,19.28931818181818
per_capita,M2,CHL,abs_latitude,geography,33.42125
per_capita,M2,COL,abs_latitude,geography,6.203846153846153
per_capita,M2,ECU,abs_latitude,geography,1.790769230769231
per_capita,M2,PRY,abs_latitude,geography,24.92
per_capita,M2,PER,abs_latitude,geography,10.519545454545455
per_capita,M2,SUR,abs_latitude,geography,5.63
per_capita,M2,URY,abs_latitude,geography,32.955
per_capita,M2,VEN,abs_latitude,geography,10.087250000000001
per_capita,M2,DZA,elevation,geography,314.5950439453125
per_capita,M2,AGO,elevation,geography,447.00633748372394
per_capita,M2,BEN,elevation,geography,170.6803414026896
per_capita,M2,BWA,elevation,geography,1113.0069580078125
per_capita,M2,BFA,elevation,geography,328.78623962402344
per_capita,M2,BDI,elevation,geography,1952.42529296875
per_capita,M2,CMR,elevation,geography,373.34877624511716
per_capita,M2,CAF,elevation,geography,362.7322998046875
per_capita,M2,TCD,elevation,geography,398.74542236328125
per_capita,M2,COG,elevation,geography,392.1075134277344
per_capita,M2,COD,elevation,geography,740.5418668000594
per_capita,M2,CIV,elevation,geography,145.13958637530988
per_capita,M2,DJI,elevation,geography,955.0897827148438
per_capita,M2,EGY,elevation,geography,153.40576180345133
per_capita,M2,GNQ,elevation,geography,173.23263549804688
per_capita,M2,ERI,elevation,geography,1375.2100830078125
per_capita,M2,ETH,elevation,geography,1702.080790201823
per_capita,M2,GAB,elevation,geography,-640.96875
per_capita,M2,GHA,elevation,geography,63.10153892305162
per_capita,M2,GIN,elevation,geography,285.3084411621094
per_capita,M2,GNB,elevation,geography,18.24833106994629
per_capita,M2,KEN,elevation,geography,1525.0360488891602
per_capita,M2,LSO,elevation,geography,1859.45947265625
per_capita,M2,LBR,elevation,geography,250.87191772460938
per_capita,M2,LBY,elevation,geography,-125.94530410766602
per_capita,M2,MDG,elevation,geography,-329.610299428304
per_capita,M2,MWI,elevation,geography,1041.6434326171875
per_capita,M2,MLI,elevation,geography,325.3349304199219
per_capita,M2,MRT,elevation,geography,16.04151153564453
per_capita,M2,MAR,elevation,geography,498.75402641296387
per_capita,M2,MOZ,elevation,geography,119.55623495578766
per_capita,M2,NAM,elevation,geography,1778.283447265625
per_capita,M2,NER,elevation,geography,363.1866963704427
per_capita,M2,NGA,elevation,geography,194.73254671201602
per_capita,M2,RWA,elevation,geography,1644.7860107421875
per_capita,M2,SEN,elevation,geography,-287.7956578731537
per_capita,M2,SLE,elevation,geography,216.62176513671875
per_capita,M2,SOM,elevation,geography,34.74064483642578
per_capita,M2,ZAF,elevation,geography,1144.452760925293
per_capita,M2,SDN,elevation,geography,447.6297546386719
per_capita,M2,SWZ,elevation,geography,58.5894775390625
per_capita,M2,TZA,elevation,geography,890.7327861785889
per_capita,M2,TGO,elevation,geography,333.53379821777344
per_capita,M2,TUN,elevation,geography,260.5694213867188
per_capita,M2,UGA,elevation,geography,1101.8234049479167
per_capita,M2,ZMB,elevation,geography,1189.5065307617188
per_capita,M2,ZWE,elevation,geography,1307.260498046875
per_capita,M2,AFG,elevation,geography,1700.4435272216797
per_capita,M2,ARM,elevation,geography,1651.8125
per_capita,M2,AZE,elevation,geography,715.4375
per_capita,M2,BGD,elevation,geography,10.800667110242342
per_capita,M2,MMR,elevation,geography,209.8380369782448
per_capita,M2,KHM,elevation,geography,17.38812828063965
per_capita,M2,CHN,elevation,geography,452.5437363197929
per_capita,M2,GEO,elevation,geography,1651.8125
per_capita,M2,IND,elevation,geography,241.7615375030986
per_capita,M2,IDN,elevation,geography,119.2868159606539
per_capita,M2,IRN,elevation,geography,1447.170124689738
per_capita,M2,IRQ,elevation,geography,289.8549337387085
per_capita,M2,ISR,elevation,geography,476.33343505859375
per_capita,M2,JPN,elevation,geography,168.62458624703544
per_capita,M2,JOR,elevation,geography,941.8968505859375
per_capita,M2,KAZ,elevation,geography,484.8650632222494
per_capita,M2,LAO,elevation,geography,466.8389892578125
per_capita,M2,LBN,elevation,geography,-872.9927164713541
per_capita,M2,MYS,elevation,geography,61.488870069384575
per_capita,M2,MNG,elevation,geography,1629.556640625
per_capita,M2,NPL,elevation,geography,572.1913659232004
per_capita,M2,OMN,elevation,geography,809.6633911132812
per_capita,M2,PAK,elevation,geography,270.0815026881331
per_capita,M2,PHL,elevation,geography,-299.69309522188627
per_capita,M2,QAT,elevation,geography,12.518510818481445
per_capita,M2,SAU,elevation,geography,1105.9072004045759
per_capita,M2,KOR,elevation,geography,3.9714112281799316
per_capita,M2,LKA,elevation,geography,-320.5574188232422
per_capita,M2,SYR,elevation,geography,177.92982700892858
per_capita,M2,TWN,elevation,geography,-341.6999688545863
per_capita,M2,TJK,elevation,geography,1916.3934326171875
per_capita,M2,THA,elevation,geography,147.38663546244302
per_capita,M2,TUR,elevation,geography,758.0135866052964
per_capita,M2,TKM,elevation,geography,175.64475758870444
per_capita,M2,ARE,elevation,geography,7.874352931976318
per_capita,M2,UZB,elevation,geography,816.1821012496948
per_capita,M2,VNM,elevation,geography,290.3942291418711
per_capita,M2,YEM,elevation,geography,1076.9956665039062
per_capita,M2,ALB,elevation,geography,-91.5625
per_capita,M2,AUT,elevation,geography,997.8897521972656
per_capita,M2,BLR,elevation,geography,149.20576190948486
per_capita,M2,BEL,elevation,geography,115.06332070486886
per_capita,M2,BIH,elevation,geography,304.62919921875
per_capita,M2,BGR,elevation,geography,180.59325081961495
per_capita,M2,HRV,elevation,geography,269.5243784586589
per_capita,M2,CYP,elevation,geography,-110.875
per_capita,M2,CZE,elevation,geography,264.7006469726563
per_capita,M2,DNK,elevation,geography,14.889735221862793
per_capita,M2,EST,elevation,geography,29.868961334228516
per_capita,M2,FIN,elevation,geography,19.03453540802002
per_capita,M2,FRA,elevation,geography,122.23891422483656
per_capita,M2,DEU,elevation,geography,311.64766118850235
per_capita,M2,GRC,elevation,geography,-92.69817434038434
per_capita,M2,HUN,elevation,geography,141.55999077690973
per_capita,M2,ISL,elevation,geography,171.58587646484375
per_capita,M2,IRL,elevation,geography,229.5601806640625
per_capita,M2,ITA,elevation,geography,393.7182623545329
per_capita,M2,LVA,elevation,geography,139.87512969970703
per_capita,M2,LTU,elevation,geography,100.8182861328125
per_capita,M2,MKD,elevation,geography,1106.3851318359375
per_capita,M2,MDA,elevation,geography,155.33504740397134
per_capita,M2,MNE,elevation,geography,1227.2928466796875
per_capita,M2,NLD,elevation,geography,28.77057038868467
per_capita,M2,NOR,elevation,geography,536.0525588989258
per_capita,M2,POL,elevation,geography,230.46440777025725
per_capita,M2,PRT,elevation,geography,173.78685869489397
per_capita,M2,ROU,elevation,geography,379.83351135253906
per_capita,M2,RUS,elevation,geography,224.93065158860423
per_capita,M2,SRB,elevation,geography,669.6914189656576
per_capita,M2,SVK,elevation,geography,205.38938903808594
per_capita,M2,SVN,elevation,geography,358.90411376953125
per_capita,M2,ESP,elevation,geography,31.531451950073244
per_capita,M2,SWE,elevation,geography,29.949632263183595
per_capita,M2,CHE,elevation,geography,349.16029052734376
per_capita,M2,UKR,elevation,geography,132.7877142826716
per_capita,M2,GBR,elevation,geography,102.5040927213781
per_capita,M2,BHS,elevation,geography,1.6355916261672974
per_capita,M2,CAN,elevation,geography,361.9892102050781
per_capita,M2,CRI,elevation,geography,147.4757843017578
per_capita,M2,CUB,elevation,geography,-601.6696684019906
per_capita,M2,DOM,elevation,geography,-1174.1369934082031
per_capita,M2,SLV,elevation,geography,53.99977111816406
per_capita,M2,GTM,elevation,geography,1338.172607421875
per_capita,M2,HTI,elevation,geography,-314.93158264160155
per_capita,M2,HND,elevation,geography,510.82997436523436
per_capita,M2,JAM,elevation,geography,-1527.6361592610676
per_capita,M2,MEX,elevation,geography,1081.4254860116034
per_capita,M2,NIC,elevation,geography,110.783447265625
per_capita,M2,PAN,elevation,geography,136.88180541992188
per_capita,M2,USA,elevation,geography,360.4095271300481
per_capita,M2,AUS,elevation,geography,-465.4354716709682
per_capita,M2,NZL,elevation,geography,-5.283027860853407
per_capita,M2,PNG,elevation,geography,39.91184997558594
per_capita,M2,ARG,elevation,geography,467.42525082826614
per_capita,M2,BOL,elevation,geography,3352.897745768229
per_capita,M2,BRA,elevation,geography,417.889818778905
per_capita,M2,CHL,elevation,geography,357.4125075340271
per_capita,M2,COL,elevation,geography,933.2442020514072
per_capita,M2,ECU,elevation,geography,638.521503008329
per_capita,M2,PRY,elevation,geography,78.58065338134766
per_capita,M2,PER,elevation,geography,1406.251771981066
per_capita,M2,SUR,elevation,geography,5.543477535247803
per_capita,M2,URY,elevation,geography,36.999884843826294
per_capita,M2,VEN,elevation,geography,218.3050817489624
per_capita,M2,DZA,continentality,geography,148.41535189827113
per_capita,M2,AGO,continentality,geography,160.7492019566083
per_capita,M2,BEN,continentality,geography,259.15676787430976
per_capita,M2,BWA,continentality,geography,607.1320549029783
per_capita,M2,BFA,continentality,geography,663.8004651185327
per_capita,M2,BDI,continentality,geography,1019.9677893297082
per_capita,M2,CMR,continentality,geography,394.9028883457315
per_capita,M2,CAF,continentality,geography,969.5623067843129
per_capita,M2,TCD,continentality,geography,1020.8945842181433
per_capita,M2,COG,continentality,geography,388.2906643268661
per_capita,M2,COD,continentality,geography,996.1091986864735
per_capita,M2,CIV,continentality,geography,167.6921433742753
per_capita,M2,DJI,continentality,geography,31.093075198477482
per_capita,M2,EGY,continentality,geography,95.87474525066706
per_capita,M2,GNQ,continentality,geography,45.269797760188965
per_capita,M2,ERI,continentality,geography,60.38639204880394
per_capita,M2,ETH,continentality,geography,493.0399736897681
per_capita,M2,GAB,continentality,geography,32.622769815760456
per_capita,M2,GHA,continentality,geography,106.09593382969571
per_capita,M2,GIN,continentality,geography,234.83934928588695
per_capita,M2,GNB,continentality,geography,110.84080268526557
per_capita,M2,KEN,continentality,geography,461.7225404847252
per_capita,M2,LSO,continentality,geography,274.4548832701292
per_capita,M2,LBR,continentality,geography,104.43708968138911
per_capita,M2,LBY,continentality,geography,89.88278489482425
per_capita,M2,MDG,continentality,geography,82.73136994650416
per_capita,M2,MWI,continentality,geography,443.73171145000083
per_capita,M2,MLI,continentality,geography,790.6679792505496
per_capita,M2,MRT,continentality,geography,102.59076566611054
per_capita,M2,MAR,continentality,geography,66.70655523715897
per_capita,M2,MOZ,continentality,geography,121.37622991964236
per_capita,M2,NAM,continentality,geography,224.80583091201763
per_capita,M2,NER,continentality,geography,894.9775794916054
per_capita,M2,NGA,continentality,geography,318.513579715843
per_capita,M2,RWA,continentality,geography,1072.1697409642793
per_capita,M2,SEN,continentality,geography,62.13532239964827
per_capita,M2,SLE,continentality,geography,150.18275311661122
per_capita,M2,SOM,continentality,geography,64.56544811242864
per_capita,M2,ZAF,continentality,geography,335.6952888931987
per_capita,M2,SDN,continentality,geography,841.9292364635133
per_capita,M2,SWZ,continentality,geography,58.827025394391974
per_capita,M2,TZA,continentality,geography,432.6313852611501
per_capita,M2,TGO,continentality,geography,233.37768488566002
per_capita,M2,TUN,continentality,geography,65.46114059052488
per_capita,M2,UGA,continentality,geography,954.3105346740564
per_capita,M2,ZMB,continentality,geography,1010.4273463271114
per_capita,M2,ZWE,continentality,geography,490.4733890974661
per_capita,M2,AFG,continentality,geography,980.0251806546243
per_capita,M2,ARM,continentality,geography,274.3681751312658
per_capita,M2,AZE,continentality,geography,25.20360155335367
per_capita,M2,BGD,continentality,geography,167.4501932416387
per_capita,M2,MMR,continentality,geography,169.36276423745338
per_capita,M2,KHM,continentality,geography,198.32514565256477
per_capita,M2,CHN,continentality,geography,460.2465280733392
per_capita,M2,GEO,continentality,geography,274.3681751312658
per_capita,M2,IND,continentality,geography,426.4417018320571
per_capita,M2,IDN,continentality,geography,35.7087662442575
per_capita,M2,IRN,continentality,geography,245.46141844990464
per_capita,M2,IRQ,continentality,geography,493.08066829081065
per_capita,M2,ISR,continentality,geography,40.74969055425075
per_capita,M2,JPN,continentality,geography,82.64314172622903
per_capita,M2,JOR,continentality,geography,32.37622746276071
per_capita,M2,KAZ,continentality,geography,1283.3287869501294
per_capita,M2,LAO,continentality,geography,277.298802346493
per_capita,M2,LBN,continentality,geography,59.931174779228634
per_capita,M2,MYS,continentality,geography,33.43449978139673
per_capita,M2,MNG,continentality,geography,1247.786939954368
per_capita,M2,NPL,continentality,geography,675.6541122586723
per_capita,M2,OMN,continentality,geography,15.503326119087154
per_capita,M2,PAK,continentality,geography,782.4292145410926
per_capita,M2,PHL,continentality,geography,31.710189245915206
per_capita,M2,QAT,continentality,geography,6.479188127362905
per_capita,M2,SAU,continentality,geography,193.68550798338518
per_capita,M2,KOR,continentality,geography,0.10270068647604357
per_capita,M2,LKA,continentality,geography,46.694283573125205
per_capita,M2,SYR,continentality,geography,93.42535931944471
per_capita,M2,TWN,continentality,geography,36.42621324316634
per_capita,M2,TJK,continentality,geography,1250.1800623340782
per_capita,M2,THA,continentality,geography,141.8254668239137
per_capita,M2,TUR,continentality,geography,128.00623313826836
per_capita,M2,TKM,continentality,geography,570.2171184704274
per_capita,M2,ARE,continentality,geography,10.093384715369945
per_capita,M2,UZB,continentality,geography,1235.4772603548088
per_capita,M2,VNM,continentality,geography,62.6329056650239
per_capita,M2,YEM,continentality,geography,51.31698455455971
per_capita,M2,ALB,continentality,geography,15.22079556911455
per_capita,M2,AUT,continentality,geography,307.4168158026393
per_capita,M2,BLR,continentality,geography,505.97112247230973
per_capita,M2,BEL,continentality,geography,107.65063529604579
per_capita,M2,BIH,continentality,geography,117.31795932389403
per_capita,M2,BGR,continentality,geography,161.43914265156482
per_capita,M2,HRV,continentality,geography,63.022862766722064
per_capita,M2,CYP,continentality,geography,5.212894634530487
per_capita,M2,CZE,continentality,geography,412.2378803838792
per_capita,M2,DNK,continentality,geography,13.150004152366645
per_capita,M2,EST,continentality,geography,61.18713473481305
per_capita,M2,FIN,continentality,geography,16.945009130870062
per_capita,M2,FRA,continentality,geography,191.58322927483144
per_capita,M2,DEU,continentality,geography,254.6552396099633
per_capita,M2,GRC,continentality,geography,37.832746154457865
per_capita,M2,HUN,continentality,geography,471.3236388126921
per_capita,M2,ISL,continentality,geography,81.00297872001015
per_capita,M2,IRL,continentality,geography,38.006117586339364
per_capita,M2,ITA,continentality,geography,77.31098117304789
per_capita,M2,LVA,continentality,geography,127.3360239986891
per_capita,M2,LTU,continentality,geography,128.23898105661175
per_capita,M2,MKD,continentality,geography,249.1916330178268
per_capita,M2,MDA,continentality,geography,186.17367904200015
per_capita,M2,MNE,continentality,geography,82.22403706234513
per_capita,M2,NLD,continentality,geography,84.12315249217339
per_capita,M2,NOR,continentality,geography,53.643774822738706
per_capita,M2,POL,continentality,geography,315.3013901770544
per_capita,M2,PRT,continentality,geography,52.27557760028044
per_capita,M2,ROU,continentality,geography,338.7173828268546
per_capita,M2,RUS,continentality,geography,773.3640644346395
per_capita,M2,SRB,continentality,geography,266.36523983952844
per_capita,M2,SVK,continentality,geography,481.3914559398293
per_capita,M2,SVN,continentality,geography,80.66975858525952
per_capita,M2,ESP,continentality,geography,122.88312330283075
per_capita,M2,SWE,continentality,geography,75.43097905999782
per_capita,M2,CHE,continentality,geography,318.6523818941167
per_capita,M2,UKR,continentality,geography,290.40284273323937
per_capita,M2,GBR,continentality,geography,72.04328617417774
per_capita,M2,BHS,continentality,geography,23.16612848458598
per_capita,M2,CAN,continentality,geography,476.3700986805195
per_capita,M2,CRI,continentality,geography,77.36810714506554
per_capita,M2,CUB,continentality,geography,18.77046674992996
per_capita,M2,DOM,continentality,geography,22.830820802109027
per_capita,M2,SLV,continentality,geography,9.472273407052763
per_capita,M2,GTM,continentality,geography,150.45784284636164
per_capita,M2,HTI,continentality,geography,6.669859990832684
per_capita,M2,HND,continentality,geography,65.80876686673079
per_capita,M2,JAM,continentality,geography,33.33208864969499
per_capita,M2,MEX,continentality,geography,183.9376302671782
per_capita,M2,NIC,continentality,geography,64.27621674754454
per_capita,M2,PAN,continentality,geography,37.38771902554524
per_capita,M2,USA,continentality,geography,362.91067511348734
per_capita,M2,AUS,continentality,geography,51.902087485243456
per_capita,M2,NZL,continentality,geography,27.11518358276313
per_capita,M2,PNG,continentality,geography,22.920569798684497
per_capita,M2,ARG,continentality,geography,395.0114435104324
per_capita,M2,BOL,continentality,geography,383.94310600316356
per_capita,M2,BRA,continentality,geography,227.37419655911592
per_capita,M2,CHL,continentality,geography,76.85381942963869
per_capita,M2,COL,continentality,geography,174.04108407793845
per_capita,M2,ECU,continentality,geography,111.72413640286271
per_capita,M2,PRY,continentality,geography,866.639709061554
per_capita,M2,PER,continentality,geography,143.2232885931093
per_capita,M2,SUR,continentality,geography,38.772545254957784
per_capita,M2,URY,continentality,geography,152.09574835188806
per_capita,M2,VEN,continentality,geography,57.22985427389291
per_capita,M2,DZA,population,population,7.584491521827347
per_capita,M2,AGO,population,population,7.417730963507243
per_capita,M2,BEN,population,population,7.0297420648599935
per_capita,M2,BWA,population,population,6.330553171680173
per_capita,M2,BFA,population,population,7.247860654170999
per_capita,M2,BDI,population,population,7.0186732920103205
per_capita,M2,CMR,population,population,7.330462050412179
per_capita,M2,CAF,population,population,6.666744709191047
per_capita,M2,TCD,population,population,7.136437739865217
per_capita,M2,COG,population,population,6.686377402658246
per_capita,M2,COD,population,population,7.879608451720629
per_capita,M2,CIV,population,population,7.379120064336155
per_capita,M2,DJI,population,population,5.993362592601758
per_capita,M2,EGY,population,population,7.979245769996698
per_capita,M2,GNQ,population,population,6.129116038326742
per_capita,M2,ERI,population,population,6.4877557098004175
per_capita,M2,ETH,population,population,7.993166099108892
per_capita,M2,GAB,population,population,6.281728818193019
per_capita,M2,GHA,population,population,7.437531664455299
per_capita,M2,GIN,population,population,7.048902812150967
per_capita,M2,GNB,population,population,6.229420726493306
per_capita,M2,KEN,population,population,7.653085044116425
per_capita,M2,LSO,population,population,6.313130614473341
per_capita,M2,LBR,population,population,6.650331423244434
per_capita,M2,LBY,population,population,6.7996600175142055
per_capita,M2,MDG,population,population,7.382184420928162
per_capita,M2,MWI,population,population,7.208490158076444
per_capita,M2,MLI,population,population,7.242034762393436
per_capita,M2,MRT,population,population,6.572211995805804
per_capita,M2,MAR,population,population,7.528756997026069
per_capita,M2,MOZ,population,population,7.3988356940534326
per_capita,M2,NAM,population,population,6.352665763677737
per_capita,M2,NER,population,population,7.267638613886829
per_capita,M2,NGA,population,population,8.257797185848496
per_capita,M2,RWA,population,population,7.045062323893226
per_capita,M2,SEN,population,population,7.1370646013058385
per_capita,M2,SLE,population,population,6.82698502393618
per_capita,M2,SOM,population,population,7.109565015062865
per_capita,M2,ZAF,population,population,7.737818887453181
per_capita,M2,SDN,population,population,7.57732921918915
per_capita,M2,SWZ,population,population,6.05307844348342
per_capita,M2,TZA,population,population,7.688634548890629
per_capita,M2,TGO,population,population,6.83243552351168
per_capita,M2,TUN,population,population,7.046938402296572
per_capita,M2,UGA,population,population,7.548230291005571
per_capita,M2,ZMB,population,population,7.1874925189804255
per_capita,M2,ZWE,population,population,7.146556255999673
per_capita,M2,AFG,population,population,7.4999990715847
per_capita,M2,ARM,population,population,6.465758383514392
per_capita,M2,AZE,population,population,6.97792548243784
per_capita,M2,BGD,population,population,8.194603506012374
per_capita,M2,MMR,population,population,7.701245451312068
per_capita,M2,KHM,population,population,7.180991592732013
per_capita,M2,CHN,population,population,9.13956679824072
per_capita,M2,GEO,population,population,6.580825566717042
per_capita,M2,IND,population,population,9.11254786492971
per_capita,M2,IDN,population,population,8.407989603823088
per_capita,M2,IRN,population,population,7.905335386670902
per_capita,M2,IRQ,population,population,7.547553035610451
per_capita,M2,ISR,population,population,6.889266341090212
per_capita,M2,JPN,population,population,8.106271293816295
per_capita,M2,JOR,population,population,6.902645258961303
per_capita,M2,KAZ,population,population,7.244437990304228
per_capita,M2,LAO,population,population,6.820292448116504
per_capita,M2,LBN,population,population,6.759172164098234
per_capita,M2,MYS,population,population,7.479636757705204
per_capita,M2,MNG,population,population,6.4551323135189955
per_capita,M2,NPL,population,population,7.440751653256151
per_capita,M2,OMN,population,population,6.5836424801017275
per_capita,M2,PAK,population,population,8.32443469719558
per_capita,M2,PHL,population,population,8.008925064275203
per_capita,M2,QAT,population,population,6.308062604336738
per_capita,M2,SAU,population,population,7.4475739017888225
per_capita,M2,KOR,population,population,7.699587722216534
per_capita,M2,LKA,population,population,7.32957743876949
per_capita,M2,SYR,population,population,7.335797199842345
per_capita,M2,TWN,population,population,7.369528844939075
per_capita,M2,TJK,population,population,6.914699174948477
per_capita,M2,THA,population,population,7.844136018099344
per_capita,M2,TUR,population,population,7.883110593585389
per_capita,M2,TKM,population,population,6.773738772330727
per_capita,M2,ARE,population,population,6.893864416474685
per_capita,M2,UZB,population,population,7.473108202341121
per_capita,M2,VNM,population,population,7.956999246761118
per_capita,M2,YEM,population,population,7.467059601294319
per_capita,M2,ALB,population,population,6.463530328570472
per_capita,M2,AUT,population,population,6.9284681091597955
per_capita,M2,BLR,population,population,6.976095564773477
per_capita,M2,BEL,population,population,7.047674973999279
per_capita,M2,BIH,population,population,6.557610289495604
per_capita,M2,BGR,population,population,6.861212005284552
per_capita,M2,HRV,population,population,6.627611921220393
per_capita,M2,CYP,population,population,6.073314653726718
per_capita,M2,CZE,population,population,7.021650812201932
per_capita,M2,DNK,population,population,6.749375515855583
per_capita,M2,EST,population,population,6.1198890486396085
per_capita,M2,FIN,population,population,6.735523610140002
per_capita,M2,FRA,population,population,7.80880315470863
per_capita,M2,DEU,population,population,7.908707904870466
per_capita,M2,GRC,population,population,7.040108989417488
per_capita,M2,HUN,population,population,6.995167484051263
per_capita,M2,ISL,population,population,5.510398880382385
per_capita,M2,IRL,population,population,6.665082251000093
per_capita,M2,ITA,population,population,7.782858473140336
per_capita,M2,LVA,population,population,6.303844637867393
per_capita,M2,LTU,population,population,6.471050874954516
per_capita,M2,MKD,population,population,6.3039041792595025
per_capita,M2,MDA,population,population,6.532594004296075
per_capita,M2,MNE,population,population,5.8015402203172535
per_capita,M2,NLD,population,population,7.229606749201902
per_capita,M2,NOR,population,population,6.705874484021341
per_capita,M2,POL,population,population,7.58273664522853
per_capita,M2,PRT,population,population,7.019460555719498
per_capita,M2,ROU,population,population,7.302393989899721
per_capita,M2,RUS,population,population,8.16018062182119
per_capita,M2,SRB,population,population,6.861903613273627
per_capita,M2,SVK,population,population,6.733231140360503
per_capita,M2,SVN,population,population,6.313118577021262
per_capita,M2,ESP,population,population,7.670805935803977
per_capita,M2,SWE,population,population,6.982299280319174
per_capita,M2,CHE,population,population,6.90801288261355
per_capita,M2,UKR,population,population,7.663952950304367
per_capita,M2,GBR,population,population,7.8088142837955985
per_capita,M2,BHS,population,population,5.578589933656245
per_capita,M2,CAN,population,population,7.547693756671519
per_capita,M2,CRI,population,population,6.673587885900976
per_capita,M2,CUB,population,population,7.0530078360659045
per_capita,M2,DOM,population,population,7.0083377275197964
per_capita,M2,SLV,population,population,6.788086667995949
per_capita,M2,GTM,population,population,7.1871635218758545
per_capita,M2,HTI,population,population,7.009551383824838
per_capita,M2,HND,population,population,6.948866390665476
per_capita,M2,JAM,population,population,6.4446207132917905
per_capita,M2,MEX,population,population,8.073144673581162
per_capita,M2,NIC,population,population,6.776980843483045
per_capita,M2,PAN,population,population,6.582669247010581
per_capita,M2,USA,population,population,8.505300261635066
per_capita,M2,AUS,population,population,7.366166432923759
per_capita,M2,NZL,population,population,6.648736269027635
per_capita,M2,PNG,population,population,6.919219345920554
per_capita,M2,ARG,population,population,7.6292306757420185
per_capita,M2,BOL,population,population,7.02867745479857
per_capita,M2,BRA,population,population,8.297713009593641
per_capita,M2,CHL,population,population,7.247654323145674
per_capita,M2,COL,population,population,7.664186601924754
per_capita,M2,ECU,population,population,7.198853079953566
per_capita,M2,PRY,population,population,6.776878859778663
per_capita,M2,PER,population,population,7.474477170440693
per_capita,M2,SUR,population,population,5.755130584229435
per_capita,M2,URY,population,population,6.524439614291172
per_capita,M2,VEN,population,population,7.475848283355976
per_capita,M2,DZA,station_density,population,0.0
per_capita,M2,AGO,station_density,population,0.3333333333333333
per_capita,M2,BEN,station_density,population,1.3333333333333333
per_capita,M2,BWA,station_density,population,0.0
per_capita,M2,BFA,station_density,population,0.0
per_capita,M2,BDI,station_density,population,2.0
per_capita,M2,CMR,station_density,population,1.8
per_capita,M2,CAF,station_density,population,0.0
per_capita,M2,TCD,station_density,population,0.0
per_capita,M2,COG,station_density,population,1.0
per_capita,M2,COD,station_density,population,0.4782608695652174
per_capita,M2,CIV,station_density,population,1.3846153846153846
per_capita,M2,DJI,station_density,population,0.0
per_capita,M2,EGY,station_density,population,3.0526315789473686
per_capita,M2,GNQ,station_density,population,0.5
per_capita,M2,ERI,station_density,population,0.0
per_capita,M2,ETH,station_density,population,0.4444444444444444
per_capita,M2,GAB,station_density,population,0.0
per_capita,M2,GHA,station_density,population,2.0
per_capita,M2,GIN,station_density,population,0.25
per_capita,M2,GNB,station_density,population,0.0
per_capita,M2,KEN,station_density,population,0.5
per_capita,M2,LSO,station_density,population,1.0
per_capita,M2,LBR,station_density,population,0.0
per_capita,M2,LBY,station_density,population,0.8
per_capita,M2,MDG,station_density,population,0.0
per_capita,M2,MWI,station_density,population,0.0
per_capita,M2,MLI,station_density,population,0.0
per_capita,M2,MRT,station_density,population,0.0
per_capita,M2,MAR,station_density,population,1.4
per_capita,M2,MOZ,station_density,population,0.3333333333333333
per_capita,M2,NAM,station_density,population,0.0
per_capita,M2,NER,station_density,population,0.3333333333333333
per_capita,M2,NGA,station_density,population,6.978021978021978
per_capita,M2,RWA,station_density,population,1.0
per_capita,M2,SEN,station_density,population,0.75
per_capita,M2,SLE,station_density,population,0.5
per_capita,M2,SOM,station_density,population,0.0
per_capita,M2,ZAF,station_density,population,6.42
per_capita,M2,SDN,station_density,population,0.6
per_capita,M2,SWZ,station_density,population,2.0
per_capita,M2,TZA,station_density,population,0.4375
per_capita,M2,TGO,station_density,population,0.0
per_capita,M2,TUN,station_density,population,1.2
per_capita,M2,UGA,station_density,population,0.6666666666666666
per_capita,M2,ZMB,station_density,population,1.875
per_capita,M2,ZWE,station_density,population,2.0
per_capita,M2,AFG,station_density,population,0.5
per_capita,M2,ARM,station_density,population,3.0
per_capita,M2,AZE,station_density,population,0.0
per_capita,M2,BGD,station_density,population,7.947368421052632
per_capita,M2,MMR,station_density,population,1.1
per_capita,M2,KHM,station_density,population,0.0
per_capita,M2,CHN,station_density,population,3.623684210526316
per_capita,M2,GEO,station_density,population,3.0
per_capita,M2,IND,station_density,population,7.294117647058823
per_capita,M2,IDN,station_density,population,12.931034482758621
per_capita,M2,IRN,station_density,population,1.7727272727272727
per_capita,M2,IRQ,station_density,population,1.5
per_capita,M2,ISR,station_density,population,4.444444444444445
per_capita,M2,JPN,station_density,population,29.954285714285714
per_capita,M2,JOR,station_density,population,7.0
per_capita,M2,KAZ,station_density,population,0.26666666666666666
per_capita,M2,LAO,station_density,population,0.0
per_capita,M2,LBN,station_density,population,3.6666666666666665
per_capita,M2,MYS,station_density,population,2.9375
per_capita,M2,MNG,station_density,population,0.0
per_capita,M2,NPL,station_density,population,4.142857142857143
per_capita,M2,OMN,station_density,population,0.0
per_capita,M2,PAK,station_density,population,6.508474576271187
per_capita,M2,PHL,station_density,population,9.692307692307692
per_capita,M2,QAT,station_density,population,0.0
per_capita,M2,SAU,station_density,population,0.0
per_capita,M2,KOR,station_density,population,0.0
per_capita,M2,LKA,station_density,population,2.4444444444444446
per_capita,M2,SYR,station_density,population,3.0
per_capita,M2,TWN,station_density,population,9.866666666666667
per_capita,M2,TJK,station_density,population,1.0
per_capita,M2,THA,station_density,population,2.5714285714285716
per_capita,M2,TUR,station_density,population,1.3725490196078431
per_capita,M2,TKM,station_density,population,0.6666666666666666
per_capita,M2,ARE,station_density,population,2.0
per_capita,M2,UZB,station_density,population,0.875
per_capita,M2,VNM,station_density,population,2.433333333333333
per_capita,M2,YEM,station_density,population,0.0
per_capita,M2,ALB,station_density,population,2.0
per_capita,M2,AUT,station_density,population,0.8
per_capita,M2,BLR,station_density,population,0.5
per_capita,M2,BEL,station_density,population,7.857142857142857
per_capita,M2,BIH,station_density,population,2.4
per_capita,M2,BGR,station_density,population,1.1428571428571428
per_capita,M2,HRV,station_density,population,1.3333333333333333
per_capita,M2,CYP,station_density,population,0.0
per_capita,M2,CZE,station_density,population,4.8
per_capita,M2,DNK,station_density,population,1.0
per_capita,M2,EST,station_density,population,0.0
per_capita,M2,FIN,station_density,population,0.4
per_capita,M2,FRA,station_density,population,2.1944444444444446
per_capita,M2,DEU,station_density,population,9.88888888888889
per_capita,M2,GRC,station_density,population,0.8571428571428571
per_capita,M2,HUN,station_density,population,2.3333333333333335
per_capita,M2,ISL,station_density,population,0.0
per_capita,M2,IRL,station_density,population,0.0
per_capita,M2,ITA,station_density,population,3.3333333333333335
per_capita,M2,LVA,station_density,population,1.0
per_capita,M2,LTU,station_density,population,1.4
per_capita,M2,MKD,station_density,population,4.0
per_capita,M2,MDA,station_density,population,2.0
per_capita,M2,MNE,station_density,population,0.0
per_capita,M2,NLD,station_density,population,17.875
per_capita,M2,NOR,station_density,population,0.0
per_capita,M2,POL,station_density,population,6.605263157894737
per_capita,M2,PRT,station_density,population,2.5714285714285716
per_capita,M2,ROU,station_density,population,2.84
per_capita,M2,RUS,station_density,population,1.7820512820512822
per_capita,M2,SRB,station_density,population,2.5
per_capita,M2,SVK,station_density,population,1.5
per_capita,M2,SVN,station_density,population,2.0
per_capita,M2,ESP,station_density,population,3.32
per_capita,M2,SWE,station_density,population,0.4
per_capita,M2,CHE,station_density,population,4.0
per_capita,M2,UKR,station_density,population,0.7916666666666666
per_capita,M2,GBR,station_density,population,10.647058823529411
per_capita,M2,BHS,station_density,population,0.0
per_capita,M2,CAN,station_density,population,1.36
per_capita,M2,CRI,station_density,population,0.0
per_capita,M2,CUB,station_density,population,1.5714285714285714
per_capita,M2,DOM,station_density,population,2.888888888888889
per_capita,M2,SLV,station_density,population,3.3333333333333335
per_capita,M2,GTM,station_density,population,8.0
per_capita,M2,HTI,station_density,population,2.4
per_capita,M2,HND,station_density,population,2.4
per_capita,M2,JAM,station_density,population,0.6666666666666666
per_capita,M2,MEX,station_density,population,5.298969072164948
per_capita,M2,NIC,station_density,population,1.0
per_capita,M2,PAN,station_density,population,1.0
per_capita,M2,USA,station_density,population,5.36964980544747
per_capita,M2,AUS,station_density,population,0.42857142857142855
per_capita,M2,NZL,station_density,population,0.8888888888888888
per_capita,M2,PNG,station_density,population,0.0
per_capita,M2,ARG,station_density,population,0.4375
per_capita,M2,BOL,station_density,population,0.0
per_capita,M2,BRA,station_density,population,9.672727272727272
per_capita,M2,CHL,station_density,population,0.7916666666666666
per_capita,M2,COL,station_density,population,3.3333333333333335
per_capita,M2,ECU,station_density,population,1.1538461538461537
per_capita,M2,PRY,station_density,population,2.6
per_capita,M2,PER,station_density,population,0.5
per_capita,M2,SUR,station_density,population,0.0
per_capita,M2,URY,station_density,population,0.5
per_capita,M2,VEN,station_density,population,5.075
per_capita,M2,DZA,climate_zone=B,geography,0.0
per_capita,M2,AGO,climate_zone=B,geography,0.0
per_capita,M2,BEN,climate_zone=B,geography,0.0
per_capita,M2,BWA,climate_zone=B,geography,1.0
per_capita,M2,BFA,climate_zone=B,geography,0.0
per_capita,M2,BDI,climate_zone=B,geography,0.0
per_capita,M2,CMR,climate_zone=B,geography,0.0
per_capita,M2,CAF,climate_zone=B,geography,0.0
per_capita,M2,TCD,climate_zone=B,geography,0.0
per_capita,M2,COG,climate_zone=B,geography,0.0
per_capita,M2,COD,climate_zone=B,geography,0.0
per_capita,M2,CIV,climate_zone=B,geography,0.0
per_capita,M2,DJI,climate_zone=B,geography,1.0
per_capita,M2,EGY,climate_zone=B,geography,1.0
per_capita,M2,GNQ,climate_zone=B,geography,0.0
per_capita,M2,ERI,climate_zone=B,geography,1.0
per_capita,M2,ETH,climate_zone=B,geography,0.0
per_capita,M2,GAB,climate_zone=B,geography,0.0
per_capita,M2,GHA,climate_zone=B,geography,0.0
per_capita,M2,GIN,climate_zone=B,geography,0.0
per_capita,M2,GNB,climate_zone=B,geography,0.0
per_capita,M2,KEN,climate_zone=B,geography,0.0
per_capita,M2,LSO,climate_zone=B,geography,0.0
per_capita,M2,LBR,climate_zone=B,geography,0.0
per_capita,M2,LBY,climate_zone=B,geography,1.0
per_capita,M2,MDG,climate_zone=B,geography,0.0
per_capita,M2,MWI,climate_zone=B,geography,0.0
per_capita,M2,MLI,climate_zone=B,geography,0.0
per_capita,M2,MRT,climate_zone=B,geography,1.0
per_capita,M2,MAR,climate_zone=B,geography,0.0
per_capita,M2,MOZ,climate_zone=B,geography,0.0
per_capita,M2,NAM,climate_zone=B,geography,1.0
per_capita,M2,NER,climate_zone=B,geography,1.0
per_capita,M2,NGA,climate_zone=B,geography,0.0
per_capita,M2,RWA,climate_zone=B,geography,0.0
per_capita,M2,SEN,climate_zone=B,geography,1.0
per_capita,M2,SLE,climate_zone=B,geography,0.0
per_capita,M2,SOM,climate_zone=B,geography,1.0
per_capita,M2,ZAF,climate_zone=B,geography,0.0
per_capita,M2,SDN,climate_zone=B,geography,1.0
per_capita,M2,SWZ,climate_zone=B,geography,1.0
per_capita,M2,TZA,climate_zone=B,geography,0.0
per_capita,M2,TGO,climate_zone=B,geography,0.0
per_capita,M2,TUN,climate_zone=B,geography,1.0
per_capita,M2,UGA,climate_zone=B,geography,0.0
per_capita,M2,ZMB,climate_zone=B,geography,0.0
per_capita,M2,ZWE,climate_zone=B,geography,0.0
per_capita,M2,AFG,climate_zone=B,geography,1.0
per_capita,M2,ARM,climate_zone=B,geography,0.0
per_capita,M2,AZE,climate_zone=B,geography,0.0
per_capita,M2,BGD,climate_zone=B,geography,0.0
per_capita,M2,MMR,climate_zone=B,geography,0.0
per_capita,M2,KHM,climate_zone=B,geography,0.0
per_capita,M2,CHN,climate_zone=B,geography,0.0
per_capita,M2,GEO,climate_zone=B,geography,0.0
per_capita,M2,IND,climate_zone=B,geography,0.0
per_capita,M2,IDN,climate_zone=B,geography,0.0
per_capita,M2,IRN,climate_zone=B,geography,1.0
per_capita,M2,IRQ,climate_zone=B,geography,0.0
per_capita,M2,ISR,climate_zone=B,geography,1.0
per_capita,M2,JPN,climate_zone=B,geography,0.0
per_capita,M2,JOR,climate_zone=B,geography,0.0
per_capita,M2,KAZ,climate_zone=B,geography,1.0
per_capita,M2,LAO,climate_zone=B,geography,0.0
per_capita,M2,LBN,climate_zone=B,geography,0.0
per_capita,M2,MYS,climate_zone=B,geography,0.0
per_capita,M2,MNG,climate_zone=B,geography,1.0
per_capita,M2,NPL,climate_zone=B,geography,0.0
per_capita,M2,OMN,climate_zone=B,geography,1.0
per_capita,M2,PAK,climate_zone=B,geography,1.0
per_capita,M2,PHL,climate_zone=B,geography,0.0
per_capita,M2,QAT,climate_zone=B,geography,1.0
per_capita,M2,SAU,climate_zone=B,geography,1.0
per_capita,M2,KOR,climate_zone=B,geography,0.0
per_capita,M2,LKA,climate_zone=B,geography,0.0
per_capita,M2,SYR,climate_zone=B,geography,1.0
per_capita,M2,TWN,climate_zone=B,geography,0.0
per_capita,M2,TJK,climate_zone=B,geography,0.0
per_capita,M2,THA,climate_zone=B,geography,0.0
per_capita,M2,TUR,climate_zone=B,geography,0.0
per_capita,M2,TKM,climate_zone=B,geography,1.0
per_capita,M2,ARE,climate_zone=B,geography,1.0
per_capita,M2,UZB,climate_zone=B,geography,1.0
per_capita,M2,VNM,climate_zone=B,geography,0.0
per_capita,M2,YEM,climate_zone=B,geography,1.0
per_capita,M2,ALB,climate_zone=B,geography,0.0
per_capita,M2,AUT,climate_zone=B,geography,0.0
per_capita,M2,BLR,climate_zone=B,geography,0.0
per_capita,M2,BEL,climate_zone=B,geography,0.0
per_capita,M2,BIH,climate_zone=B,geography,0.0
per_capita,M2,BGR,climate_zone=B,geography,0.0
per_capita,M2,HRV,climate_zone=B,geography,0.0
per_capita,M2,CYP,climate_zone=B,geography,0.0
per_capita,M2,CZE,climate_zone=B,geography,0.0
per_capita,M2,DNK,climate_zone=B,geography,0.0
per_capita,M2,EST,climate_zone=B,geography,0.0
per_capita,M2,FIN,climate_zone=B,geography,0.0
per_capita,M2,FRA,climate_zone=B,geography,0.0
per_capita,M2,DEU,climate_zone=B,geography,0.0
per_capita,M2,GRC,climate_zone=B,geography,0.0
per_capita,M2,HUN,climate_zone=B,geography,0.0
per_capita,M2,ISL,climate_zone=B,geography,0.0
per_capita,M2,IRL,climate_zone=B,geography,0.0
per_capita,M2,ITA,climate_zone=B,geography,0.0
per_capita,M2,LVA,climate_zone=B,geography,0.0
per_capita,M2,LTU,climate_zone=B,geography,0.0
per_capita,M2,MKD,climate_zone=B,geography,0.0
per_capita,M2,MDA,climate_zone=B,geography,0.0
per_capita,M2,MNE,climate_zone=B,geography,0.0
per_capita,M2,NLD,climate_zone=B,geography,0.0
per_capita,M2,NOR,climate_zone=B,geography,0.0
per_capita,M2,POL,climate_zone=B,geography,0.0
per_capita,M2,PRT,climate_zone=B,geography,0.0
per_capita,M2,ROU,climate_zone=B,geography,0.0
per_capita,M2,RUS,climate_zone=B,geography,0.0
per_capita,M2,SRB,climate_zone=B,geography,0.0
per_capita,M2,SVK,climate_zone=B,geography,0.0
per_capita,M2,SVN,climate_zone=B,geography,0.0
per_capita,M2,ESP,climate_zone=B,geography,0.0
per_capita,M2,SWE,climate_zone=B,geography,0.0
per_capita,M2,CHE,climate_zone=B,geography,0.0
per_capita,M2,UKR,climate_zone=B,geography,0.0
per_capita,M2,GBR,climate_zone=B,geography,0.0
per_capita,M2,BHS,climate_zone=B,geography,0.0
per_capita,M2,CAN,climate_zone=B,geography,0.0
per_capita,M2,CRI,climate_zone=B,geography,0.0
per_capita,M2,CUB,climate_zone=B,geography,0.0
per_capita,M2,DOM,climate_zone=B,geography,0.0
per_capita,M2,SLV,climate_zone=B,geography,0.0
per_capita,M2,GTM,climate_zone=B,geography,0.0
per_capita,M2,HTI,climate_zone=B,geography,0.0
per_capita,M2,HND,climate_zone=B,geography,0.0
per_capita,M2,JAM,climate_zone=B,geography,0.0
per_capita,M2,MEX,climate_zone=B,geography,0.0
per_capita,M2,NIC,climate_zone=B,geography,0.0
per_capita,M2,PAN,climate_zone=B,geography,0.0
per_capita,M2,USA,climate_zone=B,geography,0.0
per_capita,M2,AUS,climate_zone=B,geography,0.0
per_capita,M2,NZL,climate_zone=B,geography,0.0
per_capita,M2,PNG,climate_zone=B,geography,0.0
per_capita,M2,ARG,climate_zone=B,geography,1.0
per_capita,M2,BOL,climate_zone=B,geography,0.0
per_capita,M2,BRA,climate_zone=B,geography,0.0
per_capita,M2,CHL,climate_zone=B,geography,0.0
per_capita,M2,COL,climate_zone=B,geography,0.0
per_capita,M2,ECU,climate_zone=B,geography,0.0
per_capita,M2,PRY,climate_zone=B,geography,0.0
per_capita,M2,PER,climate_zone=B,geography,1.0
per_capita,M2,SUR,climate_zone=B,geography,0.0
per_capita,M2,URY,climate_zone=B,geography,0.0
per_capita,M2,VEN,climate_zone=B,geography,0.0
per_capita,M2,DZA,climate_zone=C,geography,1.0
per_capita,M2,AGO,climate_zone=C,geography,1.0
per_capita,M2,BEN,climate_zone=C,geography,0.0
per_capita,M2,BWA,climate_zone=C,geography,0.0
per_capita,M2,BFA,climate_zone=C,geography,0.0
per_capita,M2,BDI,climate_zone=C,geography,0.0
per_capita,M2,CMR,climate_zone=C,geography,0.0
per_capita,M2,CAF,climate_zone=C,geography,0.0
per_capita,M2,TCD,climate_zone=C,geography,0.0
per_capita,M2,COG,climate_zone=C,geography,0.0
per_capita,M2,COD,climate_zone=C,geography,0.0
per_capita,M2,CIV,climate_zone=C,geography,0.0
per_capita,M2,DJI,climate_zone=C,geography,0.0
per_capita,M2,EGY,climate_zone=C,geography,0.0
per_capita,M2,GNQ,climate_zone=C,geography,0.0
per_capita,M2,ERI,climate_zone=C,geography,0.0
per_capita,M2,ETH,climate_zone=C,geography,0.0
per_capita,M2,GAB,climate_zone=C,geography,0.0
per_capita,M2,GHA,climate_zone=C,geography,0.0
per_capita,M2,GIN,climate_zone=C,geography,0.0
per_capita,M2,GNB,climate_zone=C,geography,0.0
per_capita,M2,KEN,climate_zone=C,geography,0.0
per_capita,M2,LSO,climate_zone=C,geography,1.0
per_capita,M2,LBR,climate_zone=C,geography,0.0
per_capita,M2,LBY,climate_zone=C,geography,0.0
per_capita,M2,MDG,climate_zone=C,geography,0.0
per_capita,M2,MWI,climate_zone=C,geography,0.0
per_capita,M2,MLI,climate_zone=C,geography,0.0
per_capita,M2,MRT,climate_zone=C,geography,0.0
per_capita,M2,MAR,climate_zone=C,geography,1.0
per_capita,M2,MOZ,climate_zone=C,geography,0.0
per_capita,M2,NAM,climate_zone=C,geography,0.0
per_capita,M2,NER,climate_zone=C,geography,0.0
per_capita,M2,NGA,climate_zone=C,geography,0.0
per_capita,M2,RWA,climate_zone=C,geography,0.0
per_capita,M2,SEN,climate_zone=C,geography,0.0
per_capita,M2,SLE,climate_zone=C,geography,0.0
per_capita,M2,SOM,climate_zone=C,geography,0.0
per_capita,M2,ZAF,climate_zone=C,geography,1.0
per_capita,M2,SDN,climate_zone=C,geography,0.0
per_capita,M2,SWZ,climate_zone=C,geography,0.0
per_capita,M2,TZA,climate_zone=C,geography,0.0
per_capita,M2,TGO,climate_zone=C,geography,0.0
per_capita,M2,TUN,climate_zone=C,geography,0.0
per_capita,M2,UGA,climate_zone=C,geography,0.0
per_capita,M2,ZMB,climate_zone=C,geography,1.0
per_capita,M2,ZWE,climate_zone=C,geography,1.0
per_capita,M2,AFG,climate_zone=C,geography,0.0
per_capita,M2,ARM,climate_zone=C,geography,0.0
per_capita,M2,AZE,climate_zone=C,geography,0.0
per_capita,M2,BGD,climate_zone=C,geography,0.0
per_capita,M2,MMR,climate_zone=C,geography,0.0
per_capita,M2,KHM,climate_zone=C,geography,0.0
per_capita,M2,CHN,climate_zone=C,geography,1.0
per_capita,M2,GEO,climate_zone=C,geography,0.0
per_capita,M2,IND,climate_zone=C,geography,0.0
per_capita,M2,IDN,climate_zone=C,geography,0.0
per_capita,M2,IRN,climate_zone=C,geography,0.0
per_capita,M2,IRQ,climate_zone=C,geography,1.0
per_capita,M2,ISR,climate_zone=C,geography,0.0
per_capita,M2,JPN,climate_zone=C,geography,1.0
per_capita,M2,JOR,climate_zone=C,geography,1.0
per_capita,M2,KAZ,climate_zone=C,geography,0.0
per_capita,M2,LAO,climate_zone=C,geography,0.0
per_capita,M2,LBN,climate_zone=C,geography,1.0
per_capita,M2,MYS,climate_zone=C,geography,0.0
per_capita,M2,MNG,climate_zone=C,geography,0.0
per_capita,M2,NPL,climate_zone=C,geography,1.0
per_capita,M2,OMN,climate_zone=C,geography,0.0
per_capita,M2,PAK,climate_zone=C,geography,0.0
per_capita,M2,PHL,climate_zone=C,geography,0.0
per_capita,M2,QAT,climate_zone=C,geography,0.0
per_capita,M2,SAU,climate_zone=C,geography,0.0
per_capita,M2,KOR,climate_zone=C,geography,0.0
per_capita,M2,LKA,climate_zone=C,geography,0.0
per_capita,M2,SYR,climate_zone=C,geography,0.0
per_capita,M2,TWN,climate_zone=C,geography,1.0
per_capita,M2,TJK,climate_zone=C,geography,0.0
per_capita,M2,THA,climate_zone=C,geography,0.0
per_capita,M2,TUR,climate_zone=C,geography,1.0
per_capita,M2,TKM,climate_zone=C,geography,0.0
per_capita,M2,ARE,climate_zone=C,geography,0.0
per_capita,M2,UZB,climate_zone=C,geography,0.0
per_capita,M2,VNM,climate_zone=C,geography,0.0
per_capita,M2,YEM,climate_zone=C,geography,0.0
per_capita,M2,ALB,climate_zone=C,geography,1.0
per_capita,M2,AUT,climate_zone=C,geography,0.0
per_capita,M2,BLR,climate_zone=C,geography,0.0
per_capita,M2,BEL,climate_zone=C,geography,1.0
per_capita,M2,BIH,climate_zone=C,geography,0.0
per_capita,M2,BGR,climate_zone=C,geography,0.0
per_capita,M2,HRV,climate_zone=C,geography,0.0
per_capita,M2,CYP,climate_zone=C,geography,1.0
per_capita,M2,CZE,climate_zone=C,geography,0.0
per_capita,M2,DNK,climate_zone=C,geography,1.0
per_capita,M2,EST,climate_zone=C,geography,0.0
per_capita,M2,FIN,climate_zone=C,geography,0.0
per_capita,M2,FRA,climate_zone=C,geography,1.0
per_capita,M2,DEU,climate_zone=C,geography,1.0
per_capita,M2,GRC,climate_zone=C,geography,1.0
per_capita,M2,HUN,climate_zone=C,geography,0.0
per_capita,M2,ISL,climate_zone=C,geography,0.0
per_capita,M2,IRL,climate_zone=C,geography,1.0
per_capita,M2,ITA,climate_zone=C,geography,1.0
per_capita,M2,LVA,climate_zone=C,geography,0.0
per_capita,M2,LTU,climate_zone=C,geography,0.0
per_capita,M2,MKD,climate_zone=C,geography,0.0
per_capita,M2,MDA,climate_zone=C,geography,0.0
per_capita,M2,MNE,climate_zone=C,geography,0.0
per_capita,M2,NLD,climate_zone=C,geography,1.0
per_capita,M2,NOR,climate_zone=C,geography,0.0
per_capita,M2,POL,climate_zone=C,geography,0.0
per_capita,M2,PRT,climate_zone=C,geography,1.0
per_capita,M2,ROU,climate_zone=C,geography,0.0
per_capita,M2,RUS,climate_zone=C,geography,0.0
per_capita,M2,SRB,climate_zone=C,geography,0.0
per_capita,M2,SVK,climate_zone=C,geography,0.0
per_capita,M2,SVN,climate_zone=C,geography,0.0
per_capita,M2,ESP,climate_zone=C,geography,1.0
per_capita,M2,SWE,climate_zone=C,geography,0.0
per_capita,M2,CHE,climate_zone=C,geography,0.0
per_capita,M2,UKR,climate_zone=C,geography,0.0
per_capita,M2,GBR,climate_zone=C,geography,1.0
per_capita,M2,BHS,climate_zone=C,geography,0.0
per_capita,M2,CAN,climate_zone=C,geography,0.0
per_capita,M2,CRI,climate_zone=C,geography,0.0
per_capita,M2,CUB,climate_zone=C,geography,0.0
per_capita,M2,DOM,climate_zone=C,geography,0.0
per_capita,M2,SLV,climate_zone=C,geography,0.0
per_capita,M2,GTM,climate_zone=C,geography,1.0
per_capita,M2,HTI,climate_zone=C,geography,0.0
per_capita,M2,HND,climate_zone=C,geography,0.0
per_capita,M2,JAM,climate_zone=C,geography,0.0
per_capita,M2,MEX,climate_zone=C,geography,1.0
per_capita,M2,NIC,climate_zone=C,geography,0.0
per_capita,M2,PAN,climate_zone=C,geography,0.0
per_capita,M2,USA,climate_zone=C,geography,1.0
per_capita,M2,AUS,climate_zone=C,geography,1.0
per_capita,M2,NZL,climate_zone=C,geography,1.0
per_capita,M2,PNG,climate_zone=C,geography,0.0
per_capita,M2,ARG,climate_zone=C,geography,0.0
per_capita,M2,BOL,climate_zone=C,geography,1.0
per_capita,M2,BRA,climate_zone=C,geography,1.0
per_capita,M2,CHL,climate_zone=C,geography,1.0
per_capita,M2,COL,climate_zone=C,geography,0.0
per_capita,M2,ECU,climate_zone=C,geography,0.0
per_capita,M2,PRY,climate_zone=C,geography,0.0
per_capita,M2,PER,climate_zone=C,geography,0.0
per_capita,M2,SUR,climate_zone=C,geography,0.0
per_capita,M2,URY,climate_zone=C,geography,1.0
per_capita,M2,VEN,climate_zone=C,geography,0.0
per_capita,M2,DZA,climate_zone=D,geography,0.0
per_capita,M2,AGO,climate_zone=D,geography,0.0
per_capita,M2,BEN,climate_zone=D,geography,0.0
per_capita,M2,BWA,climate_zone=D,geography,0.0
per_capita,M2,BFA,climate_zone=D,geography,0.0
per_capita,M2,BDI,climate_zone=D,geography,0.0
per_capita,M2,CMR,climate_zone=D,geography,0.0
per_capita,M2,CAF,climate_zone=D,geography,0.0
per_capita,M2,TCD,climate_zone=D,geography,0.0
per_capita,M2,COG,climate_zone=D,geography,0.0
per_capita,M2,COD,climate_zone=D,geography,0.0
per_capita,M2,CIV,climate_zone=D,geography,0.0
per_capita,M2,DJI,climate_zone=D,geography,0.0
per_capita,M2,EGY,climate_zone=D,geography,0.0
per_capita,M2,GNQ,climate_zone=D,geography,0.0
per_capita,M2,ERI,climate_zone=D,geography,0.0
per_capita,M2,ETH,climate_zone=D,geography,0.0
per_capita,M2,GAB,climate_zone=D,geography,0.0
per_capita,M2,GHA,climate_zone=D,geography,0.0
per_capita,M2,GIN,climate_zone=D,geography,0.0
per_capita,M2,GNB,climate_zone=D,geography,0.0
per_capita,M2,KEN,climate_zone=D,geography,0.0
per_capita,M2,LSO,climate_zone=D,geography,0.0
per_capita,M2,LBR,climate_zone=D,geography,0.0
per_capita,M2,LBY,climate_zone=D,geography,0.0
per_capita,M2,MDG,climate_zone=D,geography,0.0
per_capita,M2,MWI,climate_zone=D,geography,0.0
per_capita,M2,MLI,climate_zone=D,geography,0.0
per_capita,M2,MRT,climate_zone=D,geography,0.0
per_capita,M2,MAR,climate_zone=D,geography,0.0
per_capita,M2,MOZ,climate_zone=D,geography,0.0
per_capita,M2,NAM,climate_zone=D,geography,0.0
per_capita,M2,NER,climate_zone=D,geography,0.0
per_capita,M2,NGA,climate_zone=D,geography,0.0
per_capita,M2,RWA,climate_zone=D,geography,0.0
per_capita,M2,SEN,climate_zone=D,geography,0.0
per_capita,M2,SLE,climate_zone=D,geography,0.0
per_capita,M2,SOM,climate_zone=D,geography,0.0
per_capita,M2,ZAF,climate_zone=D,geography,0.0
per_capita,M2,SDN,climate_zone=D,geography,0.0
per_capita,M2,SWZ,climate_zone=D,geography,0.0
per_capita,M2,TZA,climate_zone=D,geography,0.0
per_capita,M2,TGO,climate_zone=D,geography,0.0
per_capita,M2,TUN,climate_zone=D,geography,0.0
per_capita,M2,UGA,climate_zone=D,geography,0.0
per_capita,M2,ZMB,climate_zone=D,geography,0.0
per_capita,M2,ZWE,climate_zone=D,geography,0.0
per_capita,M2,AFG,climate_zone=D,geography,0.0
per_capita,M2,ARM,climate_zone=D,geography,1.0
per_capita,M2,AZE,climate_zone=D,geography,1.0
per_capita,M2,BGD,climate_zone=D,geography,0.0
per_capita,M2,MMR,climate_zone=D,geography,0.0
per_capita,M2,KHM,climate_zone=D,geography,0.0
per_capita,M2,CHN,climate_zone=D,geography,0.0
per_capita,M2,GEO,climate_zone=D,geography,1.0
per_capita,M2,IND,climate_zone=D,geography,0.0
per_capita,M2,IDN,climate_zone=D,geography,0.0
per_capita,M2,IRN,climate_zone=D,geography,0.0
per_capita,M2,IRQ,climate_zone=D,geography,0.0
per_capita,M2,ISR,climate_zone=D,geography,0.0
per_capita,M2,JPN,climate_zone=D,geography,0.0
per_capita,M2,JOR,climate_zone=D,geography,0.0
per_capita,M2,KAZ,climate_zone=D,geography,0.0
per_capita,M2,LAO,climate_zone=D,geography,0.0
per_capita,M2,LBN,climate_zone=D,geography,0.0
per_capita,M2,MYS,climate_zone=D,geography,0.0
per_capita,M2,MNG,climate_zone=D,geography,0.0
per_capita,M2,NPL,climate_zone=D,geography,0.0
per_capita,M2,OMN,climate_zone=D,geography,0.0
per_capita,M2,PAK,climate_zone=D,geography,0.0
per_capita,M2,PHL,climate_zone=D,geography,0.0
per_capita,M2,QAT,climate_zone=D,geography,0.0
per_capita,M2,SAU,climate_zone=D,geography,0.0
per_capita,M2,KOR,climate_zone=D,geography,1.0
per_capita,M2,LKA,climate_zone=D,geography,0.0
per_capita,M2,SYR,climate_zone=D,geography,0.0
per_capita,M2,TWN,climate_zone=D,geography,0.0
per_capita,M2,TJK,climate_zone=D,geography,1.0
per_capita,M2,THA,climate_zone=D,geography,0.0
per_capita,M2,TUR,climate_zone=D,geography,0.0
per_capita,M2,TKM,climate_zone=D,geography,0.0
per_capita,M2,ARE,climate_zone=D,geography,0.0
per_capita,M2,UZB,climate_zone=D,geography,0.0
per_capita,M2,VNM,climate_zone=D,geography,0.0
per_capita,M2,YEM,climate_zone=D,geography,0.0
per_capita,M2,ALB,climate_zone=D,geography,0.0
per_capita,M2,AUT,climate_zone=D,geography,1.0
per_capita,M2,BLR,climate_zone=D,geography,1.0
per_capita,M2,BEL,climate_zone=D,geography,0.0
per_capita,M2,BIH,climate_zone=D,geography,1.0
per_capita,M2,BGR,climate_zone=D,geography,1.0
per_capita,M2,HRV,climate_zone=D,geography,1.0
per_capita,M2,CYP,climate_zone=D,geography,0.0
per_capita,M2,CZE,climate_zone=D,geography,1.0
per_capita,M2,DNK,climate_zone=D,geography,0.0
per_capita,M2,EST,climate_zone=D,geography,1.0
per_capita,M2,FIN,climate_zone=D,geography,1.0
per_capita,M2,FRA,climate_zone=D,geography,0.0
per_capita,M2,DEU,climate_zone=D,geography,0.0
per_capita,M2,GRC,climate_zone=D,geography,0.0
per_capita,M2,HUN,climate_zone=D,geography,1.0
per_capita,M2,ISL,climate_zone=D,geography,0.0
per_capita,M2,IRL,climate_zone=D,geography,0.0
per_capita,M2,ITA,climate_zone=D,geography,0.0
per_capita,M2,LVA,climate_zone=D,geography,1.0
per_capita,M2,LTU,climate_zone=D,geography,1.0
per_capita,M2,MKD,climate_zone=D,geography,1.0
per_capita,M2,MDA,climate_zone=D,geography,1.0
per_capita,M2,MNE,climate_zone=D,geography,1.0
per_capita,M2,NLD,climate_zone=D,geography,0.0
per_capita,M2,NOR,climate_zone=D,geography,1.0
per_capita,M2,POL,climate_zone=D,geography,1.0
per_capita,M2,PRT,climate_zone=D,geography,0.0
per_capita,M2,ROU,climate_zone=D,geography,1.0
per_capita,M2,RUS,climate_zone=D,geography,1.0
per_capita,M2,SRB,climate_zone=D,geography,1.0
per_capita,M2,SVK,climate_zone=D,geography,1.0
per_capita,M2,SVN,climate_zone=D,geography,1.0
per_capita,M2,ESP,climate_zone=D,geography,0.0
per_capita,M2,SWE,climate_zone=D,geography,1.0
per_capita,M2,CHE,climate_zone=D,geography,1.0
per_capita,M2,UKR,climate_zone=D,geography,1.0
per_capita,M2,GBR,climate_zone=D,geography,0.0
per_capita,M2,BHS,climate_zone=D,geography,0.0
per_capita,M2,CAN,climate_zone=D,geography,1.0
per_capita,M2,CRI,climate_zone=D,geography,0.0
per_capita,M2,CUB,climate_zone=D,geography,0.0
per_capita,M2,DOM,climate_zone=D,geography,0.0
per_capita,M2,SLV,climate_zone=D,geography,0.0
per_capita,M2,GTM,climate_zone=D,geography,0.0
per_capita,M2,HTI,climate_zone=D,geography,0.0
per_capita,M2,HND,climate_zone=D,geography,0.0
per_capita,M2,JAM,climate_zone=D,geography,0.0
per_capita,M2,MEX,climate_zone=D,geography,0.0
per_capita,M2,NIC,climate_zone=D,geography,0.0
per_capita,M2,PAN,climate_zone=D,geography,0.0
per_capita,M2,USA,climate_zone=D,geography,0.0
per_capita,M2,AUS,climate_zone=D,geography,0.0
per_capita,M2,NZL,climate_zone=D,geography,0.0
per_capita,M2,PNG,climate_zone=D,geography,0.0
per_capita,M2,ARG,climate_zone=D,geography,0.0
per_capita,M2,BOL,climate_zone=D,geography,0.0
per_capita,M2,BRA,climate_zone=D,geography,0.0
per_capita,M2,CHL,climate_zone=D,geography,0.0
per_capita,M2,COL,climate_zone=D,geography,0.0
per_capita,M2,ECU,climate_zone=D,geography,0.0
per_capita,M2,PRY,climate_zone=D,geography,0.0
per_capita,M2,PER,climate_zone=D,geography,0.0
per_capita,M2,SUR,climate_zone=D,geography,0.0
per_capita,M2,URY,climate_zone=D,geography,0.0
per_capita,M2,VEN,climate_zone=D,geography,0.0
per_capita,M2,DZA,climate_zone=E,geography,0.0
per_capita,M2,AGO,climate_zone=E,geography,0.0
per_capita,M2,BEN,climate_zone=E,geography,0.0
per_capita,M2,BWA,climate_zone=E,geography,0.0
per_capita,M2,BFA,climate_zone=E,geography,0.0
per_capita,M2,BDI,climate_zone=E,geography,0.0
per_capita,M2,CMR,climate_zone=E,geography,0.0
per_capita,M2,CAF,climate_zone=E,geography,0.0
per_capita,M2,TCD,climate_zone=E,geography,0.0
per_capita,M2,COG,climate_zone=E,geography,0.0
per_capita,M2,COD,climate_zone=E,geography,0.0
per_capita,M2,CIV,climate_zone=E,geography,0.0
per_capita,M2,DJI,climate_zone=E,geography,0.0
per_capita,M2,EGY,climate_zone=E,geography,0.0
per_capita,M2,GNQ,climate_zone=E,geography,0.0
per_capita,M2,ERI,climate_zone=E,geography,0.0
per_capita,M2,ETH,climate_zone=E,geography,0.0
per_capita,M2,GAB,climate_zone=E,geography,0.0
per_capita,M2,GHA,climate_zone=E,geography,0.0
per_capita,M2,GIN,climate_zone=E,geography,0.0
per_capita,M2,GNB,climate_zone=E,geography,0.0
per_capita,M2,KEN,climate_zone=E,geography,0.0
per_capita,M2,LSO,climate_zone=E,geography,0.0
per_capita,M2,LBR,climate_zone=E,geography,0.0
per_capita,M2,LBY,climate_zone=E,geography,0.0
per_capita,M2,MDG,climate_zone=E,geography,0.0
per_capita,M2,MWI,climate_zone=E,geography,0.0
per_capita,M2,MLI,climate_zone=E,geography,0.0
per_capita,M2,MRT,climate_zone=E,geography,0.0
per_capita,M2,MAR,climate_zone=E,geography,0.0
per_capita,M2,MOZ,climate_zone=E,geography,0.0
per_capita,M2,NAM,climate_zone=E,geography,0.0
per_capita,M2,NER,climate_zone=E,geography,0.0
per_capita,M2,NGA,climate_zone=E,geography,0.0
per_capita,M2,RWA,climate_zone=E,geography,0.0
per_capita,M2,SEN,climate_zone=E,geography,0.0
per_capita,M2,SLE,climate_zone=E,geography,0.0
per_capita,M2,SOM,climate_zone=E,geography,0.0
per_capita,M2,ZAF,climate_zone=E,geography,0.0
per_capita,M2,SDN,climate_zone=E,geography,0.0
per_capita,M2,SWZ,climate_zone=E,geography,0.0
per_capita,M2,TZA,climate_zone=E,geography,0.0
per_capita,M2,TGO,climate_zone=E,geography,0.0
per_capita,M2,TUN,climate_zone=E,geography,0.0
per_capita,M2,UGA,climate_zone=E,geography,0.0
per_capita,M2,ZMB,climate_zone=E,geography,0.0
per_capita,M2,ZWE,climate_zone=E,geography,0.0
per_capita,M2,AFG,climate_zone=E,geography,0.0
per_capita,M2,ARM,climate_zone=E,geography,0.0
per_capita,M2,AZE,climate_zone=E,geography,0.0
per_capita,M2,BGD,climate_zone=E,geography,0.0
per_capita,M2,MMR,climate_zone=E,geography,0.0
per_capita,M2,KHM,climate_zone=E,geography,0.0
per_capita,M2,CHN,climate_zone=E,geography,0.0
per_capita,M2,GEO,climate_zone=E,geography,0.0
per_capita,M2,IND,climate_zone=E,geography,0.0
per_capita,M2,IDN,climate_zone=E,geography,0.0
per_capita,M2,IRN,climate_zone=E,geography,0.0
per_capita,M2,IRQ,climate_zone=E,geography,0.0
per_capita,M2,ISR,climate_zone=E,geography,0.0
per_capita,M2,JPN,climate_zone=E,geography,0.0
per_capita,M2,JOR,climate_zone=E,geography,0.0
per_capita,M2,KAZ,climate_zone=E,geography,0.0
per_capita,M2,LAO,climate_zone=E,geography,0.0
per_capita,M2,LBN,climate_zone=E,geography,0.0
per_capita,M2,MYS,climate_zone=E,geography,0.0
per_capita,M2,MNG,climate_zone=E,geography,0.0
per_capita,M2,NPL,climate_zone=E,geography,0.0
per_capita,M2,OMN,climate_zone=E,geography,0.0
per_capita,M2,PAK,climate_zone=E,geography,0.0
per_capita,M2,PHL,climate_zone=E,geography,0.0
per_capita,M2,QAT,climate_zone=E,geography,0.0
per_capita,M2,SAU,climate_zone=E,geography,0.0
per_capita,M2,KOR,climate_zone=E,geography,0.0
per_capita,M2,LKA,climate_zone=E,geography,0.0
per_capita,M2,SYR,climate_zone=E,geography,0.0
per_capita,M2,TWN,climate_zone=E,geography,0.0
per_capita,M2,TJK,climate_zone=E,geography,0.0
per_capita,M2,THA,climate_zone=E,geography,0.0
per_capita,M2,TUR,climate_zone=E,geography,0.0
per_capita,M2,TKM,climate_zone=E,geography,0.0
per_capita,M2,ARE,climate_zone=E,geography,0.0
per_capita,M2,UZB,climate_zone=E,geography,0.0
per_capita,M2,VNM,climate_zone=E,geography,0.0
per_capita,M2,YEM,climate_zone=E,geography,0.0
per_capita,M2,ALB,climate_zone=E,geography,0.0
per_capita,M2,AUT,climate_zone=E,geography,0.0
per_capita,M2,BLR,climate_zone=E,geography,0.0
per_capita,M2,BEL,climate_zone=E,geography,0.0
per_capita,M2,BIH,climate_zone=E,geography,0.0
per_capita,M2,BGR,climate_zone=E,geography,0.0
per_capita,M2,HRV,climate_zone=E,geography,0.0
per_capita,M2,CYP,climate_zone=E,geography,0.0
per_capita,M2,CZE,climate_zone=E,geography,0.0
per_capita,M2,DNK,climate_zone=E,geography,0.0
per_capita,M2,EST,climate_zone=E,geography,0.0
per_capita,M2,FIN,climate_zone=E,geography,0.0
per_capita,M2,FRA,climate_zone=E,geography,0.0
per_capita,M2,DEU,climate_zone=E,geography,0.0
per_capita,M2,GRC,climate_zone=E,geography,0.0
per_capita,M2,HUN,climate_zone=E,geography,0.0
per_capita,M2,ISL,climate_zone=E,geography,1.0
per_capita,M2,IRL,climate_zone=E,geography,0.0
per_capita,M2,ITA,climate_zone=E,geography,0.0
per_capita,M2,LVA,climate_zone=E,geography,0.0
per_capita,M2,LTU,climate_zone=E,geography,0.0
per_capita,M2,MKD,climate_zone=E,geography,0.0
per_capita,M2,MDA,climate_zone=E,geography,0.0
per_capita,M2,MNE,climate_zone=E,geography,0.0
per_capita,M2,NLD,climate_zone=E,geography,0.0
per_capita,M2,NOR,climate_zone=E,geography,0.0
per_capita,M2,POL,climate_zone=E,geography,0.0
per_capita,M2,PRT,climate_zone=E,geography,0.0
per_capita,M2,ROU,climate_zone=E,geography,0.0
per_capita,M2,RUS,climate_zone=E,geography,0.0
per_capita,M2,SRB,climate_zone=E,geography,0.0
per_capita,M2,SVK,climate_zone=E,geography,0.0
per_capita,M2,SVN,climate_zone=E,geography,0.0
per_capita,M2,ESP,climate_zone=E,geography,0.0
per_capita,M2,SWE,climate_zone=E,geography,0.0
per_capita,M2,CHE,climate_zone=E,geography,0.0
per_capita,M2,UKR,climate_zone=E,geography,0.0
per_capita,M2,GBR,climate_zone=E,geography,0.0
per_capita,M2,BHS,climate_zone=E,geography,0.0
per_capita,M2,CAN,climate_zone=E,geography,0.0
per_capita,M2,CRI,climate_zone=E,geography,0.0
per_capita,M2,CUB,climate_zone=E,geography,0.0
per_capita,M2,DOM,climate_zone=E,geography,0.0
per_capita,M2,SLV,climate_zone=E,geography,0.0
per_capita,M2,GTM,climate_zone=E,geography,0.0
per_capita,M2,HTI,climate_zone=E,geography,0.0
per_capita,M2,HND,climate_zone=E,geography,0.0
per_capita,M2,JAM,climate_zone=E,geography,0.0
per_capita,M2,MEX,climate_zone=E,geography,0.0
per_capita,M2,NIC,climate_zone=E,geography,0.0
per_capita,M2,PAN,climate_zone=E,geography,0.0
per_capita,M2,USA,climate_zone=E,geography,0.0
per_capita,M2,AUS,climate_zone=E,geography,0.0
per_capita,M2,NZL,climate_zone=E,geography,0.0
per_capita,M2,PNG,climate_zone=E,geography,0.0
per_capita,M2,ARG,climate_zone=E,geography,0.0
per_capita,M2,BOL,climate_zone=E,geography,0.0
per_capita,M2,BRA,climate_zone=E,geography,0.0
per_capita,M2,CHL,climate_zone=E,geography,0.0
per_capita,M2,COL,climate_zone=E,geography,0.0
per_capita,M2,ECU,climate_zone=E,geography,0.0
per_capita,M2,PRY,climate_zone=E,geography,0.0
per_capita,M2,PER,climate_zone=E,geography,0.0
per_capita,M2,SUR,climate_zone=E,geography,0.0
per_capita,M2,URY,climate_zone=E,geography,0.0
per_capita,M2,VEN,climate_zone=E,geography,0.0
per_capita,M2,DZA,hemisphere=S,geography,0.0
per_capita,M2,AGO,hemisphere=S,geography,1.0
per_capita,M2,BEN,hemisphere=S,geography,0.0
per_capita,M2,BWA,hemisphere=S,geography,1.0
per_capita,M2,BFA,hemisphere=S,geography,0.0
per_capita,M2,BDI,hemisphere=S,geography,1.0
per_capita,M2,CMR,hemisphere=S,geography,0.0
per_capita,M2,CAF,hemisphere=S,geography,0.0
per_capita,M2,TCD,hemisphere=S,geography,0.0
per_capita,M2,COG,hemisphere=S,geography,1.0
per_capita,M2,COD,hemisphere=S,geography,1.0
per_capita,M2,CIV,hemisphere=S,geography,0.0
per_capita,M2,DJI,hemisphere=S,geography,0.0
per_capita,M2,EGY,hemisphere=S,geography,0.0
per_capita,M2,GNQ,hemisphere=S,geography,0.0
per_capita,M2,ERI,hemisphere=S,geography,0.0
per_capita,M2,ETH,hemisphere=S,geography,0.0
per_capita,M2,GAB,hemisphere=S,geography,0.0
per_capita,M2,GHA,hemisphere=S,geography,0.0
per_capita,M2,GIN,hemisphere=S,geography,0.0
per_capita,M2,GNB,hemisphere=S,geography,0.0
per_capita,M2,KEN,hemisphere=S,geography,1.0
per_capita,M2,LSO,hemisphere=S,geography,1.0
per_capita,M2,LBR,hemisphere=S,geography,0.0
per_capita,M2,LBY,hemisphere=S,geography,0.0
per_capita,M2,MDG,hemisphere=S,geography,1.0
per_capita,M2,MWI,hemisphere=S,geography,1.0
per_capita,M2,MLI,hemisphere=S,geography,0.0
per_capita,M2,MRT,hemisphere=S,geography,0.0
per_capita,M2,MAR,hemisphere=S,geography,0.0
per_capita,M2,MOZ,hemisphere=S,geography,1.0
per_capita,M2,NAM,hemisphere=S,geography,1.0
per_capita,M2,NER,hemisphere=S,geography,0.0
per_capita,M2,NGA,hemisphere=S,geography,0.0
per_capita,M2,RWA,hemisphere=S,geography,1.0
per_capita,M2,SEN,hemisphere=S,geography,0.0
per_capita,M2,SLE,hemisphere=S,geography,0.0
per_capita,M2,SOM,hemisphere=S,geography,0.0
per_capita,M2,ZAF,hemisphere=S,geography,1.0
per_capita,M2,SDN,hemisphere=S,geography,0.0
per_capita,M2,SWZ,hemisphere=S,geography,1.0
per_capita,M2,TZA,hemisphere=S,geography,1.0
per_capita,M2,TGO,hemisphere=S,geography,0.0
per_capita,M2,TUN,hemisphere=S,geography,0.0
per_capita,M2,UGA,hemisphere=S,geography,0.0
per_capita,M2,ZMB,hemisphere=S,geography,1.0
per_capita,M2,ZWE,hemisphere=S,geography,1.0
per_capita,M2,AFG,hemisphere=S,geography,0.0
per_capita,M2,ARM,hemisphere=S,geography,0.0
per_capita,M2,AZE,hemisphere=S,geography,0.0
per_capita,M2,BGD,hemisphere=S,geography,0.0
per_capita,M2,MMR,hemisphere=S,geography,0.0
per_capita,M2,KHM,hemisphere=S,geography,0.0
per_capita,M2,CHN,hemisphere=S,geography,0.0
per_capita,M2,GEO,hemisphere=S,geography,0.0
per_capita,M2,IND,hemisphere=S,geography,0.0
per_capita,M2,IDN,hemisphere=S,geography,1.0
per_capita,M2,IRN,hemisphere=S,geography,0.0
per_capita,M2,IRQ,hemisphere=S,geography,0.0
per_capita,M2,ISR,hemisphere=S,geography,0.0
per_capita,M2,JPN,hemisphere=S,geography,0.0
per_capita,M2,JOR,hemisphere=S,geography,0.0
per_capita,M2,KAZ,hemisphere=S,geography,0.0
per_capita,M2,LAO,hemisphere=S,geography,0.0
per_capita,M2,LBN,hemisphere=S,geography,0.0
per_capita,M2,MYS,hemisphere=S,geography,0.0
per_capita,M2,MNG,hemisphere=S,geography,0.0
per_capita,M2,NPL,hemisphere=S,geography,0.0
per_capita,M2,OMN,hemisphere=S,geography,0.0
per_capita,M2,PAK,hemisphere=S,geography,0.0
per_capita,M2,PHL,hemisphere=S,geography,0.0
per_capita,M2,QAT,hemisphere=S,geography,0.0
per_capita,M2,SAU,hemisphere=S,geography,0.0
per_capita,M2,KOR,hemisphere=S,geography,0.0
per_capita,M2,LKA,hemisphere=S,geography,0.0
per_capita,M2,SYR,hemisphere=S,geography,0.0
per_capita,M2,TWN,hemisphere=S,geography,0.0
per_capita,M2,TJK,hemisphere=S,geography,0.0
per_capita,M2,THA,hemisphere=S,geography,0.0
per_capita,M2,TUR,hemisphere=S,geography,0.0
per_capita,M2,TKM,hemisphere=S,geography,0.0
per_capita,M2,ARE,hemisphere=S,geography,0.0
per_capita,M2,UZB,hemisphere=S,geography,0.0
per_capita,M2,VNM,hemisphere=S,geography,0.0
per_capita,M2,YEM,hemisphere=S,geography,0.0
per_capita,M2,ALB,hemisphere=S,geography,0.0
per_capita,M2,AUT,hemisphere=S,geography,0.0
per_capita,M2,BLR,hemisphere=S,geography,0.0
per_capita,M2,BEL,hemisphere=S,geography,0.0
per_capita,M2,BIH,hemisphere=S,geography,0.0
per_capita,M2,BGR,hemisphere=S,geography,0.0
per_capita,M2,HRV,hemisphere=S,geography,0.0
per_capita,M2,CYP,hemisphere=S,geography,0.0
per_capita,M2,CZE,hemisphere=S,geography,0.0
per_capita,M2,DNK,hemisphere=S,geography,0.0
per_capita,M2,EST,hemisphere=S,geography,0.0
per_capita,M2,FIN,hemisphere=S,geography,0.0
per_capita,M2,FRA,hemisphere=S,geography,0.0
per_capita,M2,DEU,hemisphere=S,geography,0.0
per_capita,M2,GRC,hemisphere=S,geography,0.0
per_capita,M2,HUN,hemisphere=S,geography,0.0
per_capita,M2,ISL,hemisphere=S,geography,0.0
per_capita,M2,IRL,hemisphere=S,geography,0.0
per_capita,M2,ITA,hemisphere=S,geography,0.0
per_capita,M2,LVA,hemisphere=S,geography,0.0
per_capita,M2,LTU,hemisphere=S,geography,0.0
per_capita,M2,MKD,hemisphere=S,geography,0.0
per_capita,M2,MDA,hemisphere=S,geography,0.0
per_capita,M2,MNE,hemisphere=S,geography,0.0
per_capita,M2,NLD,hemisphere=S,geography,0.0
per_capita,M2,NOR,hemisphere=S,geography,0.0
per_capita,M2,POL,hemisphere=S,geography,0.0
per_capita,M2,PRT,hemisphere=S,geography,0.0
per_capita,M2,ROU,hemisphere=S,geography,0.0
per_capita,M2,RUS,hemisphere=S,geography,0.0
per_capita,M2,SRB,hemisphere=S,geography,0.0
per_capita,M2,SVK,hemisphere=S,geography,0.0
per_capita,M2,SVN,hemisphere=S,geography,0.0
per_capita,M2,ESP,hemisphere=S,geography,0.0
per_capita,M2,SWE,hemisphere=S,geography,0.0
per_capita,M2,CHE,hemisphere=S,geography,0.0
per_capita,M2,UKR,hemisphere=S,geography,0.0
per_capita,M2,GBR,hemisphere=S,geography,0.0
per_capita,M2,BHS,hemisphere=S,geography,0.0
per_capita,M2,CAN,hemisphere=S,geography,0.0
per_capita,M2,CRI,hemisphere=S,geography,0.0
per_capita,M2,CUB,hemisphere=S,geography,0.0
per_capita,M2,DOM,hemisphere=S,geography,0.0
per_capita,M2,SLV,hemisphere=S,geography,0.0
per_capita,M2,GTM,hemisphere=S,geography,0.0
per_capita,M2,HTI,hemisphere=S,geography,0.0
per_capita,M2,HND,hemisphere=S,geography,0.0
per_capita,M2,JAM,hemisphere=S,geography,0.0
per_capita,M2,MEX,hemisphere=S,geography,0.0
per_capita,M2,NIC,hemisphere=S,geography,0.0
per_capita,M2,PAN,hemisphere=S,geography,0.0
per_capita,M2,USA,hemisphere=S,geography,0.0
per_capita,M2,AUS,hemisphere=S,geography,1.0
per_capita,M2,NZL,hemisphere=S,geography,1.0
per_capita,M2,PNG,hemisphere=S,geography,1.0
per_capita,M2,ARG,hemisphere=S,geography,1.0
per_capita,M2,BOL,hemisphere=S,geography,1.0
per_capita,M2,BRA,hemisphere=S,geography,1.0
per_capita,M2,CHL,hemisphere=S,geography,1.0
per_capita,M2,COL,hemisphere=S,geography,0.0
per_capita,M2,ECU,hemisphere=S,geography,1.0
per_capita,M2,PRY,hemisphere=S,geography,1.0
per_capita,M2,PER,hemisphere=S,geography,1.0
per_capita,M2,SUR,hemisphere=S,geography,0.0
per_capita,M2,URY,hemisphere=S,geography,1.0
per_capita,M2,VEN,hemisphere=S,geography,0.0
per_capita,M2,DZA,spatial_block=Asia,geography,0.0
per_capita,M2,AGO,spatial_block=Asia,geography,0.0
per_capita,M2,BEN,spatial_block=Asia,geography,0.0
per_capita,M2,BWA,spatial_block=Asia,geography,0.0
per_capita,M2,BFA,spatial_block=Asia,geography,0.0
per_capita,M2,BDI,spatial_block=Asia,geography,0.0
per_capita,M2,CMR,spatial_block=Asia,geography,0.0
per_capita,M2,CAF,spatial_block=Asia,geography,0.0
per_capita,M2,TCD,spatial_block=Asia,geography,0.0
per_capita,M2,COG,spatial_block=Asia,geography,0.0
per_capita,M2,COD,spatial_block=Asia,geography,0.0
per_capita,M2,CIV,spatial_block=Asia,geography,0.0
per_capita,M2,DJI,spatial_block=Asia,geography,0.0
per_capita,M2,EGY,spatial_block=Asia,geography,0.0
per_capita,M2,GNQ,spatial_block=Asia,geography,0.0
per_capita,M2,ERI,spatial_block=Asia,geography,0.0
per_capita,M2,ETH,spatial_block=Asia,geography,0.0
per_capita,M2,GAB,spatial_block=Asia,geography,0.0
per_capita,M2,GHA,spatial_block=Asia,geography,0.0
per_capita,M2,GIN,spatial_block=Asia,geography,0.0
per_capita,M2,GNB,spatial_block=Asia,geography,0.0
per_capita,M2,KEN,spatial_block=Asia,geography,0.0
per_capita,M2,LSO,spatial_block=Asia,geography,0.0
per_capita,M2,LBR,spatial_block=Asia,geography,0.0
per_capita,M2,LBY,spatial_block=Asia,geography,0.0
per_capita,M2,MDG,spatial_block=Asia,geography,0.0
per_capita,M2,MWI,spatial_block=Asia,geography,0.0
per_capita,M2,MLI,spatial_block=Asia,geography,0.0
per_capita,M2,MRT,spatial_block=Asia,geography,0.0
per_capita,M2,MAR,spatial_block=Asia,geography,0.0
per_capita,M2,MOZ,spatial_block=Asia,geography,0.0
per_capita,M2,NAM,spatial_block=Asia,geography,0.0
per_capita,M2,NER,spatial_block=Asia,geography,0.0
per_capita,M2,NGA,spatial_block=Asia,geography,0.0
per_capita,M2,RWA,spatial_block=Asia,geography,0.0
per_capita,M2,SEN,spatial_block=Asia,geography,0.0
per_capita,M2,SLE,spatial_block=Asia,geography,0.0
per_capita,M2,SOM,spatial_block=Asia,geography,0.0
per_capita,M2,ZAF,spatial_block=Asia,geography,0.0
per_capita,M2,SDN,spatial_block=Asia,geography,0.0
per_capita,M2,SWZ,spatial_block=Asia,geography,0.0
per_capita,M2,TZA,spatial_block=Asia,geography,0.0
per_capita,M2,TGO,spatial_block=Asia,geography,0.0
per_capita,M2,TUN,spatial_block=Asia,geography,0.0
per_capita,M2,UGA,spatial_block=Asia,geography,0.0
per_capita,M2,ZMB,spatial_block=Asia,geography,0.0
per_capita,M2,ZWE,spatial_block=Asia,geography,0.0
per_capita,M2,AFG,spatial_block=Asia,geography,1.0
per_capita,M2,ARM,spatial_block=Asia,geography,1.0
per_capita,M2,AZE,spatial_block=Asia,geography,1.0
per_capita,M2,BGD,spatial_block=Asia,geography,1.0
per_capita,M2,MMR,spatial_block=Asia,geography,1.0
per_capita,M2,KHM,spatial_block=Asia,geography,1.0
per_capita,M2,CHN,spatial_block=Asia,geography,1.0
per_capita,M2,GEO,spatial_block=Asia,geography,1.0
per_capita,M2,IND,spatial_block=Asia,geography,1.0
per_capita,M2,IDN,spatial_block=Asia,geography,1.0
per_capita,M2,IRN,spatial_block=Asia,geography,1.0
per_capita,M2,IRQ,spatial_block=Asia,geography,1.0
per_capita,M2,ISR,spatial_block=Asia,geography,1.0
per_capita,M2,JPN,spatial_block=Asia,geography,1.0
per_capita,M2,JOR,spatial_block=Asia,geography,1.0
per_capita,M2,KAZ,spatial_block=Asia,geography,1.0
per_capita,M2,LAO,spatial_block=Asia,geography,1.0
per_capita,M2,LBN,spatial_block=Asia,geography,1.0
per_capita,M2,MYS,spatial_block=Asia,geography,1.0
per_capita,M2,MNG,spatial_block=Asia,geography,1.0
per_capita,M2,NPL,spatial_block=Asia,geography,1.0
per_capita,M2,OMN,spatial_block=Asia,geography,1.0
per_capita,M2,PAK,spatial_block=Asia,geography,1.0
per_capita,M2,PHL,spatial_block=Asia,geography,1.0
per_capita,M2,QAT,spatial_block=Asia,geography,1.0
per_capita,M2,SAU,spatial_block=Asia,geography,1.0
per_capita,M2,KOR,spatial_block=Asia,geography,1.0
per_capita,M2,LKA,spatial_block=Asia,geography,1.0
per_capita,M2,SYR,spatial_block=Asia,geography,1.0
per_capita,M2,TWN,spatial_block=Asia,geography,1.0
per_capita,M2,TJK,spatial_block=Asia,geography,1.0
per_capita,M2,THA,spatial_block=Asia,geography,1.0
per_capita,M2,TUR,spatial_block=Asia,geography,1.0
per_capita,M2,TKM,spatial_block=Asia,geography,1.0
per_capita,M2,ARE,spatial_block=Asia,geography,1.0
per_capita,M2,UZB,spatial_block=Asia,geography,1.0
per_capita,M2,VNM,spatial_block=Asia,geography,1.0
per_capita,M2,YEM,spatial_block=Asia,geography,1.0
per_capita,M2,ALB,spatial_block=Asia,geography,0.0
per_capita,M2,AUT,spatial_block=Asia,geography,0.0
per_capita,M2,BLR,spatial_block=Asia,geography,0.0
per_capita,M2,BEL,spatial_block=Asia,geography,0.0
per_capita,M2,BIH,spatial_block=Asia,geography,0.0
per_capita,M2,BGR,spatial_block=Asia,geography,0.0
per_capita,M2,HRV,spatial_block=Asia,geography,0.0
per_capita,M2,CYP,spatial_block=Asia,geography,0.0
per_capita,M2,CZE,spatial_block=Asia,geography,0.0
per_capita,M2,DNK,spatial_block=Asia,geography,0.0
per_capita,M2,EST,spatial_block=Asia,geography,0.0
per_capita,M2,FIN,spatial_block=Asia,geography,0.0
per_capita,M2,FRA,spatial_block=Asia,geography,0.0
per_capita,M2,DEU,spatial_block=Asia,geography,0.0
per_capita,M2,GRC,spatial_block=Asia,geography,0.0
per_capita,M2,HUN,spatial_block=Asia,geography,0.0
per_capita,M2,ISL,spatial_block=Asia,geography,0.0
per_capita,M2,IRL,spatial_block=Asia,geography,0.0
per_capita,M2,ITA,spatial_block=Asia,geography,0.0
per_capita,M2,LVA,spatial_block=Asia,geography,0.0
per_capita,M2,LTU,spatial_block=Asia,geography,0.0
per_capita,M2,MKD,spatial_block=Asia,geography,0.0
per_capita,M2,MDA,spatial_block=Asia,geography,0.0
per_capita,M2,MNE,spatial_block=Asia,geography,0.0
per_capita,M2,NLD,spatial_block=Asia,geography,0.0
per_capita,M2,NOR,spatial_block=Asia,geography,0.0
per_capita,M2,POL,spatial_block=Asia,geography,0.0
per_capita,M2,PRT,spatial_block=Asia,geography,0.0
per_capita,M2,ROU,spatial_block=Asia,geography,0.0
per_capita,M2,RUS,spatial_block=Asia,geography,0.0
per_capita,M2,SRB,spatial_block=Asia,geography,0.0
per_capita,M2,SVK,spatial_block=Asia,geography,0.0
per_capita,M2,SVN,spatial_block=Asia,geography,0.0
per_capita,M2,ESP,spatial_block=Asia,geography,0.0
per_capita,M2,SWE,spatial_block=Asia,geography,0.0
per_capita,M2,CHE,spatial_block=Asia,geography,0.0
per_capita,M2,UKR,spatial_block=Asia,geography,0.0
per_capita,M2,GBR,spatial_block=Asia,geography,0.0
per_capita,M2,BHS,spatial_block=Asia,geography,0.0
per_capita,M2,CAN,spatial_block=Asia,geography,0.0
per_capita,M2,CRI,spatial_block=Asia,geography,0.0
per_capita,M2,CUB,spatial_block=Asia,geography,0.0
per_capita,M2,DOM,spatial_block=Asia,geography,0.0
per_capita,M2,SLV,spatial_block=Asia,geography,0.0
per_capita,M2,GTM,spatial_block=Asia,geography,0.0
per_capita,M2,HTI,spatial_block=Asia,geography,0.0
per_capita,M2,HND,spatial_block=Asia,geography,0.0
per_capita,M2,JAM,spatial_block=Asia,geography,0.0
per_capita,M2,MEX,spatial_block=Asia,geography,0.0
per_capita,M2,NIC,spatial_block=Asia,geography,0.0
per_capita,M2,PAN,spatial_block=Asia,geography,0.0
per_capita,M2,USA,spatial_block=Asia,geography,0.0
per_capita,M2,AUS,spatial_block=Asia,geography,0.0
per_capita,M2,NZL,spatial_block=Asia,geography,0.0
per_capita,M2,PNG,spatial_block=Asia,geography,0.0
per_capita,M2,ARG,spatial_block=Asia,geography,0.0
per_capita,M2,BOL,spatial_block=Asia,geography,0.0
per_capita,M2,BRA,spatial_block=Asia,geography,0.0
per_capita,M2,CHL,spatial_block=Asia,geography,0.0
per_capita,M2,COL,spatial_block=Asia,geography,0.0
per_capita,M2,ECU,spatial_block=Asia,geography,0.0
per_capita,M2,PRY,spatial_block=Asia,geography,0.0
per_capita,M2,PER,spatial_block=Asia,geography,0.0
per_capita,M2,SUR,spatial_block=Asia,geography,0.0
per_capita,M2,URY,spatial_block=Asia,geography,0.0
per_capita,M2,VEN,spatial_block=Asia,geography,0.0
per_capita,M2,DZA,spatial_block=Europe,geography,0.0
per_capita,M2,AGO,spatial_block=Europe,geography,0.0
per_capita,M2,BEN,spatial_block=Europe,geography,0.0
per_capita,M2,BWA,spatial_block=Europe,geography,0.0
per_capita,M2,BFA,spatial_block=Europe,geography,0.0
per_capita,M2,BDI,spatial_block=Europe,geography,0.0
per_capita,M2,CMR,spatial_block=Europe,geography,0.0
per_capita,M2,CAF,spatial_block=Europe,geography,0.0
per_capita,M2,TCD,spatial_block=Europe,geography,0.0
per_capita,M2,COG,spatial_block=Europe,geography,0.0
per_capita,M2,COD,spatial_block=Europe,geography,0.0
per_capita,M2,CIV,spatial_block=Europe,geography,0.0
per_capita,M2,DJI,spatial_block=Europe,geography,0.0
per_capita,M2,EGY,spatial_block=Europe,geography,0.0
per_capita,M2,GNQ,spatial_block=Europe,geography,0.0
per_capita,M2,ERI,spatial_block=Europe,geography,0.0
per_capita,M2,ETH,spatial_block=Europe,geography,0.0
per_capita,M2,GAB,spatial_block=Europe,geography,0.0
per_capita,M2,GHA,spatial_block=Europe,geography,0.0
per_capita,M2,GIN,spatial_block=Europe,geography,0.0
per_capita,M2,GNB,spatial_block=Europe,geography,0.0
per_capita,M2,KEN,spatial_block=Europe,geography,0.0
per_capita,M2,LSO,spatial_block=Europe,geography,0.0
per_capita,M2,LBR,spatial_block=Europe,geography,0.0
per_capita,M2,LBY,spatial_block=Europe,geography,0.0
per_capita,M2,MDG,spatial_block=Europe,geography,0.0
per_capita,M2,MWI,spatial_block=Europe,geography,0.0
per_capita,M2,MLI,spatial_block=Europe,geography,0.0
per_capita,M2,MRT,spatial_block=Europe,geography,0.0
per_capita,M2,MAR,spatial_block=Europe,geography,0.0
per_capita,M2,MOZ,spatial_block=Europe,geography,0.0
per_capita,M2,NAM,spatial_block=Europe,geography,0.0
per_capita,M2,NER,spatial_block=Europe,geography,0.0
per_capita,M2,NGA,spatial_block=Europe,geography,0.0
per_capita,M2,RWA,spatial_block=Europe,geography,0.0
per_capita,M2,SEN,spatial_block=Europe,geography,0.0
per_capita,M2,SLE,spatial_block=Europe,geography,0.0
per_capita,M2,SOM,spatial_block=Europe,geography,0.0
per_capita,M2,ZAF,spatial_block=Europe,geography,0.0
per_capita,M2,SDN,spatial_block=Europe,geography,0.0
per_capita,M2,SWZ,spatial_block=Europe,geography,0.0
per_capita,M2,TZA,spatial_block=Europe,geography,0.0
per_capita,M2,TGO,spatial_block=Europe,geography,0.0
per_capita,M2,TUN,spatial_block=Europe,geography,0.0
per_capita,M2,UGA,spatial_block=Europe,geography,0.0
per_capita,M2,ZMB,spatial_block=Europe,geography,0.0
per_capita,M2,ZWE,spatial_block=Europe,geography,0.0
per_capita,M2,AFG,spatial_block=Europe,geography,0.0
per_capita,M2,ARM,spatial_block=Europe,geography,0.0
per_capita,M2,AZE,spatial_block=Europe,geography,0.0
per_capita,M2,BGD,spatial_block=Europe,geography,0.0
per_capita,M2,MMR,spatial_block=Europe,geography,0.0
per_capita,M2,KHM,spatial_block=Europe,geography,0.0
per_capita,M2,CHN,spatial_block=Europe,geography,0.0
per_capita,M2,GEO,spatial_block=Europe,geography,0.0
per_capita,M2,IND,spatial_block=Europe,geography,0.0
per_capita,M2,IDN,spatial_block=Europe,geography,0.0
per_capita,M2,IRN,spatial_block=Europe,geography,0.0
per_capita,M2,IRQ,spatial_block=Europe,geography,0.0
per_capita,M2,ISR,spatial_block=Europe,geography,0.0
per_capita,M2,JPN,spatial_block=Europe,geography,0.0
per_capita,M2,JOR,spatial_block=Europe,geography,0.0
per_capita,M2,KAZ,spatial_block=Europe,geography,0.0
per_capita,M2,LAO,spatial_block=Europe,geography,0.0
per_capita,M2,LBN,spatial_block=Europe,geography,0.0
per_capita,M2,MYS,spatial_block=Europe,geography,0.0
per_capita,M2,MNG,spatial_block=Europe,geography,0.0
per_capita,M2,NPL,spatial_block=Europe,geography,0.0
per_capita,M2,OMN,spatial_block=Europe,geography,0.0
per_capita,M2,PAK,spatial_block=Europe,geography,0.0
per_capita,M2,PHL,spatial_block=Europe,geography,0.0
per_capita,M2,QAT,spatial_block=Europe,geography,0.0
per_capita,M2,SAU,spatial_block=Europe,geography,0.0
per_capita,M2,KOR,spatial_block=Europe,geography,0.0
per_capita,M2,LKA,spatial_block=Europe,geography,0.0
per_capita,M2,SYR,spatial_block=Europe,geography,0.0
per_capita,M2,TWN,spatial_block=Europe,geography,0.0
per_capita,M2,TJK,spatial_block=Europe,geography,0.0
per_capita,M2,THA,spatial_block=Europe,geography,0.0
per_capita,M2,TUR,spatial_block=Europe,geography,0.0
per_capita,M2,TKM,spatial_block=Europe,geography,0.0
per_capita,M2,ARE,spatial_block=Europe,geography,0.0
per_capita,M2,UZB,spatial_block=Europe,geography,0.0
per_capita,M2,VNM,spatial_block=Europe,geography,0.0
per_capita,M2,YEM,spatial_block=Europe,geography,0.0
per_capita,M2,ALB,spatial_block=Europe,geography,1.0
per_capita,M2,AUT,spatial_block=Europe,geography,1.0
per_capita,M2,BLR,spatial_block=Europe,geography,1.0
per_capita,M2,BEL,spatial_block=Europe,geography,1.0
per_capita,M2,BIH,spatial_block=Europe,geography,1.0
per_capita,M2,BGR,spatial_block=Europe,geography,1.0
per_capita,M2,HRV,spatial_block=Europe,geography,1.0
per_capita,M2,CYP,spatial_block=Europe,geography,1.0
per_capita,M2,CZE,spatial_block=Europe,geography,1.0
per_capita,M2,DNK,spatial_block=Europe,geography,1.0
per_capita,M2,EST,spatial_block=Europe,geography,1.0
per_capita,M2,FIN,spatial_block=Europe,geography,1.0
per_capita,M2,FRA,spatial_block=Europe,geography,1.0
per_capita,M2,DEU,spatial_block=Europe,geography,1.0
per_capita,M2,GRC,spatial_block=Europe,geography,1.0
per_capita,M2,HUN,spatial_block=Europe,geography,1.0
per_capita,M2,ISL,spatial_block=Europe,geography,1.0
per_capita,M2,IRL,spatial_block=Europe,geography,1.0
per_capita,M2,ITA,spatial_block=Europe,geography,1.0
per_capita,M2,LVA,spatial_block=Europe,geography,1.0
per_capita,M2,LTU,spatial_block=Europe,geography,1.0
per_capita,M2,MKD,spatial_block=Europe,geography,1.0
per_capita,M2,MDA,spatial_block=Europe,geography,1.0
per_capita,M2,MNE,spatial_block=Europe,geography,1.0
per_capita,M2,NLD,spatial_block=Europe,geography,1.0
per_capita,M2,NOR,spatial_block=Europe,geography,1.0
per_capita,M2,POL,spatial_block=Europe,geography,1.0
per_capita,M2,PRT,spatial_block=Europe,geography,1.0
per_capita,M2,ROU,spatial_block=Europe,geography,1.0
per_capita,M2,RUS,spatial_block=Europe,geography,1.0
per_capita,M2,SRB,spatial_block=Europe,geography,1.0
per_capita,M2,SVK,spatial_block=Europe,geography,1.0
per_capita,M2,SVN,spatial_block=Europe,geography,1.0
per_capita,M2,ESP,spatial_block=Europe,geography,1.0
per_capita,M2,SWE,spatial_block=Europe,geography,1.0
per_capita,M2,CHE,spatial_block=Europe,geography,1.0
per_capita,M2,UKR,spatial_block=Europe,geography,1.0
per_capita,M2,GBR,spatial_block=Europe,geography,1.0
per_capita,M2,BHS,spatial_block=Europe,geography,0.0
per_capita,M2,CAN,spatial_block=Europe,geography,0.0
per_capita,M2,CRI,spatial_block=Europe,geography,0.0
per_capita,M2,CUB,spatial_block=Europe,geography,0.0
per_capita,M2,DOM,spatial_block=Europe,geography,0.0
per_capita,M2,SLV,spatial_block=Europe,geography,0.0
per_capita,M2,GTM,spatial_block=Europe,geography,0.0
per_capita,M2,HTI,spatial_block=Europe,geography,0.0
per_capita,M2,HND,spatial_block=Europe,geography,0.0
per_capita,M2,JAM,spatial_block=Europe,geography,0.0
per_capita,M2,MEX,spatial_block=Europe,geography,0.0
per_capita,M2,NIC,spatial_block=Europe,geography,0.0
per_capita,M2,PAN,spatial_block=Europe,geography,0.0
per_capita,M2,USA,spatial_block=Europe,geography,0.0
per_capita,M2,AUS,spatial_block=Europe,geography,0.0
per_capita,M2,NZL,spatial_block=Europe,geography,0.0
per_capita,M2,PNG,spatial_block=Europe,geography,0.0
per_capita,M2,ARG,spatial_block=Europe,geography,0.0
per_capita,M2,BOL,spatial_block=Europe,geography,0.0
per_capita,M2,BRA,spatial_block=Europe,geography,0.0
per_capita,M2,CHL,spatial_block=Europe,geography,0.0
per_capita,M2,COL,spatial_block=Europe,geography,0.0
per_capita,M2,ECU,spatial_block=Europe,geography,0.0
per_capita,M2,PRY,spatial_block=Europe,geography,0.0
per_capita,M2,PER,spatial_block=Europe,geography,0.0
per_capita,M2,SUR,spatial_block=Europe,geography,0.0
per_capita,M2,URY,spatial_block=Europe,geography,0.0
per_capita,M2,VEN,spatial_block=Europe,geography,0.0
per_capita,M2,DZA,spatial_block=North America,geography,0.0
per_capita,M2,AGO,spatial_block=North America,geography,0.0
per_capita,M2,BEN,spatial_block=North America,geography,0.0
per_capita,M2,BWA,spatial_block=North America,geography,0.0
per_capita,M2,BFA,spatial_block=North America,geography,0.0
per_capita,M2,BDI,spatial_block=North America,geography,0.0
per_capita,M2,CMR,spatial_block=North America,geography,0.0
per_capita,M2,CAF,spatial_block=North America,geography,0.0
per_capita,M2,TCD,spatial_block=North America,geography,0.0
per_capita,M2,COG,spatial_block=North America,geography,0.0
per_capita,M2,COD,spatial_block=North America,geography,0.0
per_capita,M2,CIV,spatial_block=North America,geography,0.0
per_capita,M2,DJI,spatial_block=North America,geography,0.0
per_capita,M2,EGY,spatial_block=North America,geography,0.0
per_capita,M2,GNQ,spatial_block=North America,geography,0.0
per_capita,M2,ERI,spatial_block=North America,geography,0.0
per_capita,M2,ETH,spatial_block=North America,geography,0.0
per_capita,M2,GAB,spatial_block=North America,geography,0.0
per_capita,M2,GHA,spatial_block=North America,geography,0.0
per_capita,M2,GIN,spatial_block=North America,geography,0.0
per_capita,M2,GNB,spatial_block=North America,geography,0.0
per_capita,M2,KEN,spatial_block=North America,geography,0.0
per_capita,M2,LSO,spatial_block=North America,geography,0.0
per_capita,M2,LBR,spatial_block=North America,geography,0.0
per_capita,M2,LBY,spatial_block=North America,geography,0.0
per_capita,M2,MDG,spatial_block=North America,geography,0.0
per_capita,M2,MWI,spatial_block=North America,geography,0.0
per_capita,M2,MLI,spatial_block=North America,geography,0.0
per_capita,M2,MRT,spatial_block=North America,geography,0.0
per_capita,M2,MAR,spatial_block=North America,geography,0.0
per_capita,M2,MOZ,spatial_block=North America,geography,0.0
per_capita,M2,NAM,spatial_block=North America,geography,0.0
per_capita,M2,NER,spatial_block=North America,geography,0.0
per_capita,M2,NGA,spatial_block=North America,geography,0.0
per_capita,M2,RWA,spatial_block=North America,geography,0.0
per_capita,M2,SEN,spatial_block=North America,geography,0.0
per_capita,M2,SLE,spatial_block=North America,geography,0.0
per_capita,M2,SOM,spatial_block=North America,geography,0.0
per_capita,M2,ZAF,spatial_block=North America,geography,0.0
per_capita,M2,SDN,spatial_block=North America,geography,0.0
per_capita,M2,SWZ,spatial_block=North America,geography,0.0
per_capita,M2,TZA,spatial_block=North America,geography,0.0
per_capita,M2,TGO,spatial_block=North America,geography,0.0
per_capita,M2,TUN,spatial_block=North America,geography,0.0
per_capita,M2,UGA,spatial_block=North America,geography,0.0
per_capita,M2,ZMB,spatial_block=North America,geography,0.0
per_capita,M2,ZWE,spatial_block=North America,geography,0.0
per_capita,M2,AFG,spatial_block=North America,geography,0.0
per_capita,M2,ARM,spatial_block=North America,geography,0.0
per_capita,M2,AZE,spatial_block=North America,geography,0.0
per_capita,M2,BGD,spatial_block=North America,geography,0.0
per_capita,M2,MMR,spatial_block=North America,geography,0.0
per_capita,M2,KHM,spatial_block=North America,geography,0.0
per_capita,M2,CHN,spatial_block=North America,geography,0.0
per_capita,M2,GEO,spatial_block=North America,geography,0.0
per_capita,M2,IND,spatial_block=North America,geography,0.0
per_capita,M2,IDN,spatial_block=North America,geography,0.0
per_capita,M2,IRN,spatial_block=North America,geography,0.0
per_capita,M2,IRQ,spatial_block=North America,geography,0.0
per_capita,M2,ISR,spatial_block=North America,geography,0.0
per_capita,M2,JPN,spatial_block=North America,geography,0.0
per_capita,M2,JOR,spatial_block=North America,geography,0.0
per_capita,M2,KAZ,spatial_block=North America,geography,0.0
per_capita,M2,LAO,spatial_block=North America,geography,0.0
per_capita,M2,LBN,spatial_block=North America,geography,0.0
per_capita,M2,MYS,spatial_block=North America,geography,0.0
per_capita,M2,MNG,spatial_block=North America,geography,0.0
per_capita,M2,NPL,spatial_block=North America,geography,0.0
per_capita,M2,OMN,spatial_block=North America,geography,0.0
per_capita,M2,PAK,spatial_block=North America,geography,0.0
per_capita,M2,PHL,spatial_block=North America,geography,0.0
per_capita,M2,QAT,spatial_block=North America,geography,0.0
per_capita,M2,SAU,spatial_block=North America,geography,0.0
per_capita,M2,KOR,spatial_block=North America,geography,0.0
per_capita,M2,LKA,spatial_block=North America,geography,0.0
per_capita,M2,SYR,spatial_block=North America,geography,0.0
per_capita,M2,TWN,spatial_block=North America,geography,0.0
per_capita,M2,TJK,spatial_block=North America,geography,0.0
per_capita,M2,THA,spatial_block=North America,geography,0.0
per_capita,M2,TUR,spatial_block=North America,geography,0.0
per_capita,M2,TKM,spatial_block=North America,geography,0.0
per_capita,M2,ARE,spatial_block=North America,geography,0.0
per_capita,M2,UZB,spatial_block=North America,geography,0.0
per_capita,M2,VNM,spatial_block=North America,geography,0.0
per_capita,M2,YEM,spatial_block=North America,geography,0.0
per_capita,M2,ALB,spatial_block=North America,geography,0.0
per_capita,M2,AUT,spatial_block=North America,geography,0.0
per_capita,M2,BLR,spatial_block=North America,geography,0.0
per_capita,M2,BEL,spatial_block=North America,geography,0.0
per_capita,M2,BIH,spatial_block=North America,geography,0.0
per_capita,M2,BGR,spatial_block=North America,geography,0.0
per_capita,M2,HRV,spatial_block=North America,geography,0.0
per_capita,M2,CYP,spatial_block=North America,geography,0.0
per_capita,M2,CZE,spatial_block=North America,geography,0.0
per_capita,M2,DNK,spatial_block=North America,geography,0.0
per_capita,M2,EST,spatial_block=North America,geography,0.0
per_capita,M2,FIN,spatial_block=North America,geography,0.0
per_capita,M2,FRA,spatial_block=North America,geography,0.0
per_capita,M2,DEU,spatial_block=North America,geography,0.0
per_capita,M2,GRC,spatial_block=North America,geography,0.0
per_capita,M2,HUN,spatial_block=North America,geography,0.0
per_capita,M2,ISL,spatial_block=North America,geography,0.0
per_capita,M2,IRL,spatial_block=North America,geography,0.0
per_capita,M2,ITA,spatial_block=North America,geography,0.0
per_capita,M2,LVA,spatial_block=North America,geography,0.0
per_capita,M2,LTU,spatial_block=North America,geography,0.0
per_capita,M2,MKD,spatial_block=North America,geography,0.0
per_capita,M2,MDA,spatial_block=North America,geography,0.0
per_capita,M2,MNE,spatial_block=North America,geography,0.0
per_capita,M2,NLD,spatial_block=North America,geography,0.0
per_capita,M2,NOR,spatial_block=North America,geography,0.0
per_capita,M2,POL,spatial_block=North America,geography,0.0
per_capita,M2,PRT,spatial_block=North America,geography,0.0
per_capita,M2,ROU,spatial_block=North America,geography,0.0
per_capita,M2,RUS,spatial_block=North America,geography,0.0
per_capita,M2,SRB,spatial_block=North America,geography,0.0
per_capita,M2,SVK,spatial_block=North America,geography,0.0
per_capita,M2,SVN,spatial_block=North America,geography,0.0
per_capita,M2,ESP,spatial_block=North America,geography,0.0
per_capita,M2,SWE,spatial_block=North America,geography,0.0
per_capita,M2,CHE,spatial_block=North America,geography,0.0
per_capita,M2,UKR,spatial_block=North America,geography,0.0
per_capita,M2,GBR,spatial_block=North America,geography,0.0
per_capita,M2,BHS,spatial_block=North America,geography,1.0
per_capita,M2,CAN,spatial_block=North America,geography,1.0
per_capita,M2,CRI,spatial_block=North America,geography,1.0
per_capita,M2,CUB,spatial_block=North America,geography,1.0
per_capita,M2,DOM,spatial_block=North America,geography,1.0
per_capita,M2,SLV,spatial_block=North America,geography,1.0
per_capita,M2,GTM,spatial_block=North America,geography,1.0
per_capita,M2,HTI,spatial_block=North America,geography,1.0
per_capita,M2,HND,spatial_block=North America,geography,1.0
per_capita,M2,JAM,spatial_block=North America,geography,1.0
per_capita,M2,MEX,spatial_block=North America,geography,1.0
per_capita,M2,NIC,spatial_block=North America,geography,1.0
per_capita,M2,PAN,spatial_block=North America,geography,1.0
per_capita,M2,USA,spatial_block=North America,geography,1.0
per_capita,M2,AUS,spatial_block=North America,geography,0.0
per_capita,M2,NZL,spatial_block=North America,geography,0.0
per_capita,M2,PNG,spatial_block=North America,geography,0.0
per_capita,M2,ARG,spatial_block=North America,geography,0.0
per_capita,M2,BOL,spatial_block=North America,geography,0.0
per_capita,M2,BRA,spatial_block=North America,geography,0.0
per_capita,M2,CHL,spatial_block=North America,geography,0.0
per_capita,M2,COL,spatial_block=North America,geography,0.0
per_capita,M2,ECU,spatial_block=North America,geography,0.0
per_capita,M2,PRY,spatial_block=North America,geography,0.0
per_capita,M2,PER,spatial_block=North America,geography,0.0
per_capita,M2,SUR,spatial_block=North America,geography,0.0
per_capita,M2,URY,spatial_block=North America,geography,0.0
per_capita,M2,VEN,spatial_block=North America,geography,0.0
per_capita,M2,DZA,spatial_block=Oceania,geography,0.0
per_capita,M2,AGO,spatial_block=Oceania,geography,0.0
per_capita,M2,BEN,spatial_block=Oceania,geography,0.0
per_capita,M2,BWA,spatial_block=Oceania,geography,0.0
per_capita,M2,BFA,spatial_block=Oceania,geography,0.0
per_capita,M2,BDI,spatial_block=Oceania,geography,0.0
per_capita,M2,CMR,spatial_block=Oceania,geography,0.0
per_capita,M2,CAF,spatial_block=Oceania,geography,0.0
per_capita,M2,TCD,spatial_block=Oceania,geography,0.0
per_capita,M2,COG,spatial_block=Oceania,geography,0.0
per_capita,M2,COD,spatial_block=Oceania,geography,0.0
per_capita,M2,CIV,spatial_block=Oceania,geography,0.0
per_capita,M2,DJI,spatial_block=Oceania,geography,0.0
per_capita,M2,EGY,spatial_block=Oceania,geography,0.0
per_capita,M2,GNQ,spatial_block=Oceania,geography,0.0
per_capita,M2,ERI,spatial_block=Oceania,geography,0.0
per_capita,M2,ETH,spatial_block=Oceania,geography,0.0
per_capita,M2,GAB,spatial_block=Oceania,geography,0.0
per_capita,M2,GHA,spatial_block=Oceania,geography,0.0
per_capita,M2,GIN,spatial_block=Oceania,geography,0.0
per_capita,M2,GNB,spatial_block=Oceania,geography,0.0
per_capita,M2,KEN,spatial_block=Oceania,geography,0.0
per_capita,M2,LSO,spatial_block=Oceania,geography,0.0
per_capita,M2,LBR,spatial_block=Oceania,geography,0.0
per_capita,M2,LBY,spatial_block=Oceania,geography,0.0
per_capita,M2,MDG,spatial_block=Oceania,geography,0.0
per_capita,M2,MWI,spatial_block=Oceania,geography,0.0
per_capita,M2,MLI,spatial_block=Oceania,geography,0.0
per_capita,M2,MRT,spatial_block=Oceania,geography,0.0
per_capita,M2,MAR,spatial_block=Oceania,geography,0.0
per_capita,M2,MOZ,spatial_block=Oceania,geography,0.0
per_capita,M2,NAM,spatial_block=Oceania,geography,0.0
per_capita,M2,NER,spatial_block=Oceania,geography,0.0
per_capita,M2,NGA,spatial_block=Oceania,geography,0.0
per_capita,M2,RWA,spatial_block=Oceania,geography,0.0
per_capita,M2,SEN,spatial_block=Oceania,geography,0.0
per_capita,M2,SLE,spatial_block=Oceania,geography,0.0
per_capita,M2,SOM,spatial_block=Oceania,geography,0.0
per_capita,M2,ZAF,spatial_block=Oceania,geography,0.0
per_capita,M2,SDN,spatial_block=Oceania,geography,0.0
per_capita,M2,SWZ,spatial_block=Oceania,geography,0.0
per_capita,M2,TZA,spatial_block=Oceania,geography,0.0
per_capita,M2,TGO,spatial_block=Oceania,geography,0.0
per_capita,M2,TUN,spatial_block=Oceania,geography,0.0
per_capita,M2,UGA,spatial_block=Oceania,geography,0.0
per_capita,M2,ZMB,spatial_block=Oceania,geography,0.0
per_capita,M2,ZWE,spatial_block=Oceania,geography,0.0
per_capita,M2,AFG,spatial_block=Oceania,geography,0.0
per_capita,M2,ARM,spatial_block=Oceania,geography,0.0
per_capita,M2,AZE,spatial_block=Oceania,geography,0.0
per_capita,M2,BGD,spatial_block=Oceania,geography,0.0
per_capita,M2,MMR,spatial_block=Oceania,geography,0.0
per_capita,M2,KHM,spatial_block=Oceania,geography,0.0
per_capita,M2,CHN,spatial_block=Oceania,geography,0.0
per_capita,M2,GEO,spatial_block=Oceania,geography,0.0
per_capita,M2,IND,spatial_block=Oceania,geography,0.0
per_capita,M2,IDN,spatial_block=Oceania,geography,0.0
per_capita,M2,IRN,spatial_block=Oceania,geography,0.0
per_capita,M2,IRQ,spatial_block=Oceania,geography,0.0
per_capita,M2,ISR,spatial_block=Oceania,geography,0.0
per_capita,M2,JPN,spatial_block=Oceania,geography,0.0
per_capita,M2,JOR,spatial_block=Oceania,geography,0.0
per_capita,M2,KAZ,spatial_block=Oceania,geography,0.0
per_capita,M2,LAO,spatial_block=Oceania,geography,0.0
per_capita,M2,LBN,spatial_block=Oceania,geography,0.0
per_capita,M2,MYS,spatial_block=Oceania,geography,0.0
per_capita,M2,MNG,spatial_block=Oceania,geography,0.0
per_capita,M2,NPL,spatial_block=Oceania,geography,0.0
per_capita,M2,OMN,spatial_block=Oceania,geography,0.0
per_capita,M2,PAK,spatial_block=Oceania,geography,0.0
per_capita,M2,PHL,spatial_block=Oceania,geography,0.0
per_capita,M2,QAT,spatial_block=Oceania,geography,0.0
per_capita,M2,SAU,spatial_block=Oceania,geography,0.0
per_capita,M2,KOR,spatial_block=Oceania,geography,0.0
per_capita,M2,LKA,spatial_block=Oceania,geography,0.0
per_capita,M2,SYR,spatial_block=Oceania,geography,0.0
per_capita,M2,TWN,spatial_block=Oceania,geography,0.0
per_capita,M2,TJK,spatial_block=Oceania,geography,0.0
per_capita,M2,THA,spatial_block=Oceania,geography,0.0
per_capita,M2,TUR,spatial_block=Oceania,geography,0.0
per_capita,M2,TKM,spatial_block=Oceania,geography,0.0
per_capita,M2,ARE,spatial_block=Oceania,geography,0.0
per_capita,M2,UZB,spatial_block=Oceania,geography,0.0
per_capita,M2,VNM,spatial_block=Oceania,geography,0.0
per_capita,M2,YEM,spatial_block=Oceania,geography,0.0
per_capita,M2,ALB,spatial_block=Oceania,geography,0.0
per_capita,M2,AUT,spatial_block=Oceania,geography,0.0
per_capita,M2,BLR,spatial_block=Oceania,geography,0.0
per_capita,M2,BEL,spatial_block=Oceania,geography,0.0
per_capita,M2,BIH,spatial_block=Oceania,geography,0.0
per_capita,M2,BGR,spatial_block=Oceania,geography,0.0
per_capita,M2,HRV,spatial_block=Oceania,geography,0.0
per_capita,M2,CYP,spatial_block=Oceania,geography,0.0
per_capita,M2,CZE,spatial_block=Oceania,geography,0.0
per_capita,M2,DNK,spatial_block=Oceania,geography,0.0
per_capita,M2,EST,spatial_block=Oceania,geography,0.0
per_capita,M2,FIN,spatial_block=Oceania,geography,0.0
per_capita,M2,FRA,spatial_block=Oceania,geography,0.0
per_capita,M2,DEU,spatial_block=Oceania,geography,0.0
per_capita,M2,GRC,spatial_block=Oceania,geography,0.0
per_capita,M2,HUN,spatial_block=Oceania,geography,0.0
per_capita,M2,ISL,spatial_block=Oceania,geography,0.0
per_capita,M2,IRL,spatial_block=Oceania,geography,0.0
per_capita,M2,ITA,spatial_block=Oceania,geography,0.0
per_capita,M2,LVA,spatial_block=Oceania,geography,0.0
per_capita,M2,LTU,spatial_block=Oceania,geography,0.0
per_capita,M2,MKD,spatial_block=Oceania,geography,0.0
per_capita,M2,MDA,spatial_block=Oceania,geography,0.0
per_capita,M2,MNE,spatial_block=Oceania,geography,0.0
per_capita,M2,NLD,spatial_block=Oceania,geography,0.0
per_capita,M2,NOR,spatial_block=Oceania,geography,0.0
per_capita,M2,POL,spatial_block=Oceania,geography,0.0
per_capita,M2,PRT,spatial_block=Oceania,geography,0.0
per_capita,M2,ROU,spatial_block=Oceania,geography,0.0
per_capita,M2,RUS,spatial_block=Oceania,geography,0.0
per_capita,M2,SRB,spatial_block=Oceania,geography,0.0
per_capita,M2,SVK,spatial_block=Oceania,geography,0.0
per_capita,M2,SVN,spatial_block=Oceania,geography,0.0
per_capita,M2,ESP,spatial_block=Oceania,geography,0.0
per_capita,M2,SWE,spatial_block=Oceania,geography,0.0
per_capita,M2,CHE,spatial_block=Oceania,geography,0.0
per_capita,M2,UKR,spatial_block=Oceania,geography,0.0
per_capita,M2,GBR,spatial_block=Oceania,geography,0.0
per_capita,M2,BHS,spatial_block=Oceania,geography,0.0
per_capita,M2,CAN,spatial_block=Oceania,geography,0.0
per_capita,M2,CRI,spatial_block=Oceania,geography,0.0
per_capita,M2,CUB,spatial_block=Oceania,geography,0.0
per_capita,M2,DOM,spatial_block=Oceania,geography,0.0
per_capita,M2,SLV,spatial_block=Oceania,geography,0.0
per_capita,M2,GTM,spatial_block=Oceania,geography,0.0
per_capita,M2,HTI,spatial_block=Oceania,geography,0.0
per_capita,M2,HND,spatial_block=Oceania,geography,0.0
per_capita,M2,JAM,spatial_block=Oceania,geography,0.0
per_capita,M2,MEX,spatial_block=Oceania,geography,0.0
per_capita,M2,NIC,spatial_block=Oceania,geography,0.0
per_capita,M2,PAN,spatial_block=Oceania,geography,0.0
per_capita,M2,USA,spatial_block=Oceania,geography,0.0
per_capita,M2,AUS,spatial_block=Oceania,geography,1.0
per_capita,M2,NZL,spatial_block=Oceania,geography,1.0
per_capita,M2,PNG,spatial_block=Oceania,geography,1.0
per_capita,M2,ARG,spatial_block=Oceania,geography,0.0
per_capita,M2,BOL,spatial_block=Oceania,geography,0.0
per_capita,M2,BRA,spatial_block=Oceania,geography,0.0
per_capita,M2,CHL,spatial_block=Oceania,geography,0.0
per_capita,M2,COL,spatial_block=Oceania,geography,0.0
per_capita,M2,ECU,spatial_block=Oceania,geography,0.0
per_capita,M2,PRY,spatial_block=Oceania,geography,0.0
per_capita,M2,PER,spatial_block=Oceania,geography,0.0
per_capita,M2,SUR,spatial_block=Oceania,geography,0.0
per_capita,M2,URY,spatial_block=Oceania,geography,0.0
per_capita,M2,VEN,spatial_block=Oceania,geography,0.0
per_capita,M2,DZA,spatial_block=South America,geography,0.0
per_capita,M2,AGO,spatial_block=South America,geography,0.0
per_capita,M2,BEN,spatial_block=South America,geography,0.0
per_capita,M2,BWA,spatial_block=South America,geography,0.0
per_capita,M2,BFA,spatial_block=South America,geography,0.0
per_capita,M2,BDI,spatial_block=South America,geography,0.0
per_capita,M2,CMR,spatial_block=South America,geography,0.0
per_capita,M2,CAF,spatial_block=South America,geography,0.0
per_capita,M2,TCD,spatial_block=South America,geography,0.0
per_capita,M2,COG,spatial_block=South America,geography,0.0
per_capita,M2,COD,spatial_block=South America,geography,0.0
per_capita,M2,CIV,spatial_block=South America,geography,0.0
per_capita,M2,DJI,spatial_block=South America,geography,0.0
per_capita,M2,EGY,spatial_block=South America,geography,0.0
per_capita,M2,GNQ,spatial_block=South America,geography,0.0
per_capita,M2,ERI,spatial_block=South America,geography,0.0
per_capita,M2,ETH,spatial_block=South America,geography,0.0
per_capita,M2,GAB,spatial_block=South America,geography,0.0
per_capita,M2,GHA,spatial_block=South America,geography,0.0
per_capita,M2,GIN,spatial_block=South America,geography,0.0
per_capita,M2,GNB,spatial_block=South America,geography,0.0
per_capita,M2,KEN,spatial_block=South America,geography,0.0
per_capita,M2,LSO,spatial_block=South America,geography,0.0
per_capita,M2,LBR,spatial_block=South America,geography,0.0
per_capita,M2,LBY,spatial_block=South America,geography,0.0
per_capita,M2,MDG,spatial_block=South America,geography,0.0
per_capita,M2,MWI,spatial_block=South America,geography,0.0
per_capita,M2,MLI,spatial_block=South America,geography,0.0
per_capita,M2,MRT,spatial_block=South America,geography,0.0
per_capita,M2,MAR,spatial_block=South America,geography,0.0
per_capita,M2,MOZ,spatial_block=South America,geography,0.0
per_capita,M2,NAM,spatial_block=South America,geography,0.0
per_capita,M2,NER,spatial_block=South America,geography,0.0
per_capita,M2,NGA,spatial_block=South America,geography,0.0
per_capita,M2,RWA,spatial_block=South America,geography,0.0
per_capita,M2,SEN,spatial_block=South America,geography,0.0
per_capita,M2,SLE,spatial_block=South America,geography,0.0
per_capita,M2,SOM,spatial_block=South America,geography,0.0
per_capita,M2,ZAF,spatial_block=South America,geography,0.0
per_capita,M2,SDN,spatial_block=South America,geography,0.0
per_capita,M2,SWZ,spatial_block=South America,geography,0.0
per_capita,M2,TZA,spatial_block=South America,geography,0.0
per_capita,M2,TGO,spatial_block=South America,geography,0.0
per_capita,M2,TUN,spatial_block=South America,geography,0.0
per_capita,M2,UGA,spatial_block=South America,geography,0.0
per_capita,M2,ZMB,spatial_block=South America,geography,0.0
per_capita,M2,ZWE,spatial_block=South America,geography,0.0
per_capita,M2,AFG,spatial_block=South America,geography,0.0
per_capita,M2,ARM,spatial_block=South America,geography,0.0
per_capita,M2,AZE,spatial_block=South America,geography,0.0
per_capita,M2,BGD,spatial_block=South America,geography,0.0
per_capita,M2,MMR,spatial_block=South America,geography,0.0
per_capita,M2,KHM,spatial_block=South America,geography,0.0
per_capita,M2,CHN,spatial_block=South America,geography,0.0
per_capita,M2,GEO,spatial_block=South America,geography,0.0
per_capita,M2,IND,spatial_block=South America,geography,0.0
per_capita,M2,IDN,spatial_block=South America,geography,0.0
per_capita,M2,IRN,spatial_block=South America,geography,0.0
per_capita,M2,IRQ,spatial_block=South America,geography,0.0
per_capita,M2,ISR,spatial_block=South America,geography,0.0
per_capita,M2,JPN,spatial_block=South America,geography,0.0
per_capita,M2,JOR,spatial_block=South America,geography,0.0
per_capita,M2,KAZ,spatial_block=South America,geography,0.0
per_capita,M2,LAO,spatial_block=South America,geography,0.0
per_capita,M2,LBN,spatial_block=South America,geography,0.0
per_capita,M2,MYS,spatial_block=South America,geography,0.0
per_capita,M2,MNG,spatial_block=South America,geography,0.0
per_capita,M2,NPL,spatial_block=South America,geography,0.0
per_capita,M2,OMN,spatial_block=South America,geography,0.0
per_capita,M2,PAK,spatial_block=South America,geography,0.0
per_capita,M2,PHL,spatial_block=South America,geography,0.0
per_capita,M2,QAT,spatial_block=South America,geography,0.0
per_capita,M2,SAU,spatial_block=South America,geography,0.0
per_capita,M2,KOR,spatial_block=South America,geography,0.0
per_capita,M2,LKA,spatial_block=South America,geography,0.0
per_capita,M2,SYR,spatial_block=South America,geography,0.0
per_capita,M2,TWN,spatial_block=South America,geography,0.0
per_capita,M2,TJK,spatial_block=South America,geography,0.0
per_capita,M2,THA,spatial_block=South America,geography,0.0
per_capita,M2,TUR,spatial_block=South America,geography,0.0
per_capita,M2,TKM,spatial_block=South America,geography,0.0
per_capita,M2,ARE,spatial_block=South America,geography,0.0
per_capita,M2,UZB,spatial_block=South America,geography,0.0
per_capita,M2,VNM,spatial_block=South America,geography,0.0
per_capita,M2,YEM,spatial_block=South America,geography,0.0
per_capita,M2,ALB,spatial_block=South America,geography,0.0
per_capita,M2,AUT,spatial_block=South America,geography,0.0
per_capita,M2,BLR,spatial_block=South America,geography,0.0
per_capita,M2,BEL,spatial_block=South America,geography,0.0
per_capita,M2,BIH,spatial_block=South America,geography,0.0
per_capita,M2,BGR,spatial_block=South America,geography,0.0
per_capita,M2,HRV,spatial_block=South America,geography,0.0
per_capita,M2,CYP,spatial_block=South America,geography,0.0
per_capita,M2,CZE,spatial_block=South America,geography,0.0
per_capita,M2,DNK,spatial_block=South America,geography,0.0
per_capita,M2,EST,spatial_block=South America,geography,0.0
per_capita,M2,FIN,spatial_block=South America,geography,0.0
per_capita,M2,FRA,spatial_block=South America,geography,0.0
per_capita,M2,DEU,spatial_block=South America,geography,0.0
per_capita,M2,GRC,spatial_block=South America,geography,0.0
per_capita,M2,HUN,spatial_block=South America,geography,0.0
per_capita,M2,ISL,spatial_block=South America,geography,0.0
per_capita,M2,IRL,spatial_block=South America,geography,0.0
per_capita,M2,ITA,spatial_block=South America,geography,0.0
per_capita,M2,LVA,spatial_block=South America,geography,0.0
per_capita,M2,LTU,spatial_block=South America,geography,0.0
per_capita,M2,MKD,spatial_block=South America,geography,0.0
per_capita,M2,MDA,spatial_block=South America,geography,0.0
per_capita,M2,MNE,spatial_block=South America,geography,0.0
per_capita,M2,NLD,spatial_block=South America,geography,0.0
per_capita,M2,NOR,spatial_block=South America,geography,0.0
per_capita,M2,POL,spatial_block=South America,geography,0.0
per_capita,M2,PRT,spatial_block=South America,geography,0.0
per_capita,M2,ROU,spatial_block=South America,geography,0.0
per_capita,M2,RUS,spatial_block=South America,geography,0.0
per_capita,M2,SRB,spatial_block=South America,geography,0.0
per_capita,M2,SVK,spatial_block=South America,geography,0.0
per_capita,M2,SVN,spatial_block=South America,geography,0.0
per_capita,M2,ESP,spatial_block=South America,geography,0.0
per_capita,M2,SWE,spatial_block=South America,geography,0.0
per_capita,M2,CHE,spatial_block=South America,geography,0.0
per_capita,M2,UKR,spatial_block=South America,geography,0.0
per_capita,M2,GBR,spatial_block=South America,geography,0.0
per_capita,M2,BHS,spatial_block=South America,geography,0.0
per_capita,M2,CAN,spatial_block=South America,geography,0.0
per_capita,M2,CRI,spatial_block=South America,geography,0.0
per_capita,M2,CUB,spatial_block=South America,geography,0.0
per_capita,M2,DOM,spatial_block=South America,geography,0.0
per_capita,M2,SLV,spatial_block=South America,geography,0.0
per_capita,M2,GTM,spatial_block=South America,geography,0.0
per_capita,M2,HTI,spatial_block=South America,geography,0.0
per_capita,M2,HND,spatial_block=South America,geography,0.0
per_capita,M2,JAM,spatial_block=South America,geography,0.0
per_capita,M2,MEX,spatial_block=South America,geography,0.0
per_capita,M2,NIC,spatial_block=South America,geography,0.0
per_capita,M2,PAN,spatial_block=South America,geography,0.0
per_capita,M2,USA,spatial_block=South America,geography,0.0
per_capita,M2,AUS,spatial_block=South America,geography,0.0
per_capita,M2,NZL,spatial_block=South America,geography,0.0
per_capita,M2,PNG,spatial_block=South America,geography,0.0
per_capita,M2,ARG,spatial_block=South America,geography,1.0
per_capita,M2,BOL,spatial_block=South America,geography,1.0
per_capita,M2,BRA,spatial_block=South America,geography,1.0
per_capita,M2,CHL,spatial_block=South America,geography,1.0
per_capita,M2,COL,spatial_block=South America,geography,1.0
per_capita,M2,ECU,spatial_block=South America,geography,1.0
per_capita,M2,PRY,spatial_block=South America,geography,1.0
per_capita,M2,PER,spatial_block=South America,geography,1.0
per_capita,M2,SUR,spatial_block=South America,geography,1.0
per_capita,M2,URY,spatial_block=South America,geography,1.0
per_capita,M2,VEN,spatial_block=South America,geography,1.0
per_capita,M2,DZA,income_group=Low-income countries,socioeconomic,0.0
per_capita,M2,AGO,income_group=Low-income countries,socioeconomic,0.0
per_capita,M2,BEN,income_group=Low-income countries,socioeconomic,0.0
per_capita,M2,BWA,income_group=Low-income countries,socioeconomic,0.0
per_capita,M2,BFA,income_group=Low-income countries,socioeconomic,1.0
per_capita,M2,BDI,income_group=Low-income countries,socioeconomic,1.0
per_capita,M2,CMR,income_group=Low-income countries,socioeconomic,0.0
per_capita,M2,CAF,income_group=Low-income countries,socioeconomic,1.0
per_capita,M2,TCD,income_group=Low-income countries,socioeconomic,1.0
per_capita,M2,COG,income_group=Low-income countries,socioeconomic,0.0
per_capita,M2,COD,income_group=Low-income countries,socioeconomic,1.0
per_capita,M2,CIV,income_group=Low-income countries,socioeconomic,0.0
per_capita,M2,DJI,income_group=Low-income countries,socioeconomic,0.0
per_capita,M2,EGY,income_group=Low-income countries,socioeconomic,0.0
per_capita,M2,GNQ,income_group=Low-income countries,socioeconomic,0.0
per_capita,M2,ERI,income_group=Low-income countries,socioeconomic,1.0
per_capita,M2,ETH,income_group=Low-income countries,socioeconomic,1.0
per_capita,M2,GAB,income_group=Low-income countries,socioeconomic,0.0
per_capita,M2,GHA,income_group=Low-income countries,socioeconomic,0.0
per_capita,M2,GIN,income_group=Low-income countries,socioeconomic,0.0
per_capita,M2,GNB,income_group=Low-income countries,socioeconomic,1.0
per_capita,M2,KEN,income_group=Low-income countries,socioeconomic,0.0
per_capita,M2,LSO,income_group=Low-income countries,socioeconomic,0.0
per_capita,M2,LBR,income_group=Low-income countries,socioeconomic,1.0
per_capita,M2,LBY,income_group=Low-income countries,socioeconomic,0.0
per_capita,M2,MDG,income_group=Low-income countries,socioeconomic,1.0
per_capita,M2,MWI,income_group=Low-income countries,socioeconomic,1.0
per_capita,M2,MLI,income_group=Low-income countries,socioeconomic,1.0
per_capita,M2,MRT,income_group=Low-income countries,socioeconomic,0.0
per_capita,M2,MAR,income_group=Low-income countries,socioeconomic,0.0
per_capita,M2,MOZ,income_group=Low-income countries,socioeconomic,1.0
per_capita,M2,NAM,income_group=Low-income countries,socioeconomic,0.0
per_capita,M2,NER,income_group=Low-income countries,socioeconomic,1.0
per_capita,M2,NGA,income_group=Low-income countries,socioeconomic,0.0
per_capita,M2,RWA,income_group=Low-income countries,socioeconomic,1.0
per_capita,M2,SEN,income_group=Low-income countries,socioeconomic,0.0
per_capita,M2,SLE,income_group=Low-income countries,socioeconomic,1.0
per_capita,M2,SOM,income_group=Low-income countries,socioeconomic,1.0
per_capita,M2,ZAF,income_group=Low-income countries,socioeconomic,0.0
per_capita,M2,SDN,income_group=Low-income countries,socioeconomic,1.0
per_capita,M2,SWZ,income_group=Low-income countries,socioeconomic,0.0
per_capita,M2,TZA,income_group=Low-income countries,socioeconomic,0.0
per_capita,M2,TGO,income_group=Low-income countries,socioeconomic,1.0
per_capita,M2,TUN,income_group=Low-income countries,socioeconomic,0.0
per_capita,M2,UGA,income_group=Low-income countries,socioeconomic,1.0
per_capita,M2,ZMB,income_group=Low-income countries,socioeconomic,0.0
per_capita,M2,ZWE,income_group=Low-income countries,socioeconomic,0.0
per_capita,M2,AFG,income_group=Low-income countries,socioeconomic,1.0
per_capita,M2,ARM,income_group=Low-income countries,socioeconomic,0.0
per_capita,M2,AZE,income_group=Low-income countries,socioeconomic,0.0
per_capita,M2,BGD,income_group=Low-income countries,socioeconomic,0.0
per_capita,M2,MMR,income_group=Low-income countries,socioeconomic,0.0
per_capita,M2,KHM,income_group=Low-income countries,socioeconomic,0.0
per_capita,M2,CHN,income_group=Low-income countries,socioeconomic,0.0
per_capita,M2,GEO,income_group=Low-income countries,socioeconomic,0.0
per_capita,M2,IND,income_group=Low-income countries,socioeconomic,0.0
per_capita,M2,IDN,income_group=Low-income countries,socioeconomic,0.0
per_capita,M2,IRN,income_group=Low-income countries,socioeconomic,0.0
per_capita,M2,IRQ,income_group=Low-income countries,socioeconomic,0.0
per_capita,M2,ISR,income_group=Low-income countries,socioeconomic,0.0
per_capita,M2,JPN,income_group=Low-income countries,socioeconomic,0.0
per_capita,M2,JOR,income_group=Low-income countries,socioeconomic,0.0
per_capita,M2,KAZ,income_group=Low-income countries,socioeconomic,0.0
per_capita,M2,LAO,income_group=Low-income countries,socioeconomic,0.0
per_capita,M2,LBN,income_group=Low-income countries,socioeconomic,0.0
per_capita,M2,MYS,income_group=Low-income countries,socioeconomic,0.0
per_capita,M2,MNG,income_group=Low-income countries,socioeconomic,0.0
per_capita,M2,NPL,income_group=Low-income countries,socioeconomic,0.0
per_capita,M2,OMN,income_group=Low-income countries,socioeconomic,0.0
per_capita,M2,PAK,income_group=Low-income countries,socioeconomic,0.0
per_capita,M2,PHL,income_group=Low-income countries,socioeconomic,0.0
per_capita,M2,QAT,income_group=Low-income countries,socioeconomic,0.0
per_capita,M2,SAU,income_group=Low-income countries,socioeconomic,0.0
per_capita,M2,KOR,income_group=Low-income countries,socioeconomic,0.0
per_capita,M2,LKA,income_group=Low-income countries,socioeconomic,0.0
per_capita,M2,SYR,income_group=Low-income countries,socioeconomic,1.0
per_capita,M2,TWN,income_group=Low-income countries,socioeconomic,0.0
per_capita,M2,TJK,income_group=Low-income countries,socioeconomic,0.0
per_capita,M2,THA,income_group=Low-income countries,socioeconomic,0.0
per_capita,M2,TUR,income_group=Low-income countries,socioeconomic,0.0
per_capita,M2,TKM,income_group=Low-income countries,socioeconomic,0.0
per_capita,M2,ARE,income_group=Low-income countries,socioeconomic,0.0
per_capita,M2,UZB,income_group=Low-income countries,socioeconomic,0.0
per_capita,M2,VNM,income_group=Low-income countries,socioeconomic,0.0
per_capita,M2,YEM,income_group=Low-income countries,socioeconomic,1.0
per_capita,M2,ALB,income_group=Low-income countries,socioeconomic,0.0
per_capita,M2,AUT,income_group=Low-income countries,socioeconomic,0.0
per_capita,M2,BLR,income_group=Low-income countries,socioeconomic,0.0
per_capita,M2,BEL,income_group=Low-income countries,socioeconomic,0.0
per_capita,M2,BIH,income_group=Low-income countries,socioeconomic,0.0
per_capita,M2,BGR,income_group=Low-income countries,socioeconomic,0.0
per_capita,M2,HRV,income_group=Low-income countries,socioeconomic,0.0
per_capita,M2,CYP,income_group=Low-income countries,socioeconomic,0.0
per_capita,M2,CZE,income_group=Low-income countries,socioeconomic,0.0
per_capita,M2,DNK,income_group=Low-income countries,socioeconomic,0.0
per_capita,M2,EST,income_group=Low-income countries,socioeconomic,0.0
per_capita,M2,FIN,income_group=Low-income countries,socioeconomic,0.0
per_capita,M2,FRA,income_group=Low-income countries,socioeconomic,0.0
per_capita,M2,DEU,income_group=Low-income countries,socioeconomic,0.0
per_capita,M2,GRC,income_group=Low-income countries,socioeconomic,0.0
per_capita,M2,HUN,income_group=Low-income countries,socioeconomic,0.0
per_capita,M2,ISL,income_group=Low-income countries,socioeconomic,0.0
per_capita,M2,IRL,income_group=Low-income countries,socioeconomic,0.0
per_capita,M2,ITA,income_group=Low-income countries,socioeconomic,0.0
per_capita,M2,LVA,income_group=Low-income countries,socioeconomic,0.0
per_capita,M2,LTU,income_group=Low-income countries,socioeconomic,0.0
per_capita,M2,MKD,income_group=Low-income countries,socioeconomic,0.0
per_capita,M2,MDA,income_group=Low-income countries,socioeconomic,0.0
per_capita,M2,MNE,income_group=Low-income countries,socioeconomic,0.0
per_capita,M2,NLD,income_group=Low-income countries,socioeconomic,0.0
per_capita,M2,NOR,income_group=Low-income countries,socioeconomic,0.0
per_capita,M2,POL,income_group=Low-income countries,socioeconomic,0.0
per_capita,M2,PRT,income_group=Low-income countries,socioeconomic,0.0
per_capita,M2,ROU,income_group=Low-income countries,socioeconomic,0.0
per_capita,M2,RUS,income_group=Low-income countries,socioeconomic,0.0
per_capita,M2,SRB,income_group=Low-income countries,socioeconomic,0.0
per_capita,M2,SVK,income_group=Low-income countries,socioeconomic,0.0
per_capita,M2,SVN,income_group=Low-income countries,socioeconomic,0.0
per_capita,M2,ESP,income_group=Low-income countries,socioeconomic,0.0
per_capita,M2,SWE,income_group=Low-income countries,socioeconomic,0.0
per_capita,M2,CHE,income_group=Low-income countries,socioeconomic,0.0
per_capita,M2,UKR,income_group=Low-income countries,socioeconomic,0.0
per_capita,M2,GBR,income_group=Low-income countries,socioeconomic,0.0
per_capita,M2,BHS,income_group=Low-income countries,socioeconomic,0.0
per_capita,M2,CAN,income_group=Low-income countries,socioeconomic,0.0
per_capita,M2,CRI,income_group=Low-income countries,socioeconomic,0.0
per_capita,M2,CUB,income_group=Low-income countries,socioeconomic,0.0
per_capita,M2,DOM,income_group=Low-income countries,socioeconomic,0.0
per_capita,M2,SLV,income_group=Low-income countries,socioeconomic,0.0
per_capita,M2,GTM,income_group=Low-income countries,socioeconomic,0.0
per_capita,M2,HTI,income_group=Low-income countries,socioeconomic,0.0
per_capita,M2,HND,income_group=Low-income countries,socioeconomic,0.0
per_capita,M2,JAM,income_group=Low-income countries,socioeconomic,0.0
per_capita,M2,MEX,income_group=Low-income countries,socioeconomic,0.0
per_capita,M2,NIC,income_group=Low-income countries,socioeconomic,0.0
per_capita,M2,PAN,income_group=Low-income countries,socioeconomic,0.0
per_capita,M2,USA,income_group=Low-income countries,socioeconomic,0.0
per_capita,M2,AUS,income_group=Low-income countries,socioeconomic,0.0
per_capita,M2,NZL,income_group=Low-income countries,socioeconomic,0.0
per_capita,M2,PNG,income_group=Low-income countries,socioeconomic,0.0
per_capita,M2,ARG,income_group=Low-income countries,socioeconomic,0.0
per_capita,M2,BOL,income_group=Low-income countries,socioeconomic,0.0
per_capita,M2,BRA,income_group=Low-income countries,socioeconomic,0.0
per_capita,M2,CHL,income_group=Low-income countries,socioeconomic,0.0
per_capita,M2,COL,income_group=Low-income countries,socioeconomic,0.0
per_capita,M2,ECU,income_group=Low-income countries,socioeconomic,0.0
per_capita,M2,PRY,income_group=Low-income countries,socioeconomic,0.0
per_capita,M2,PER,income_group=Low-income countries,socioeconomic,0.0
per_capita,M2,SUR,income_group=Low-income countries,socioeconomic,0.0
per_capita,M2,URY,income_group=Low-income countries,socioeconomic,0.0
per_capita,M2,VEN,income_group=Low-income countries,socioeconomic,0.0
per_capita,M2,DZA,income_group=Lower-middle-income countries,socioeconomic,0.0
per_capita,M2,AGO,income_group=Lower-middle-income countries,socioeconomic,1.0
per_capita,M2,BEN,income_group=Lower-middle-income countries,socioeconomic,1.0
per_capita,M2,BWA,income_group=Lower-middle-income countries,socioeconomic,0.0
per_capita,M2,BFA,income_group=Lower-middle-income countries,socioeconomic,0.0
per_capita,M2,BDI,income_group=Lower-middle-income countries,socioeconomic,0.0
per_capita,M2,CMR,income_group=Lower-middle-income countries,socioeconomic,1.0
per_capita,M2,CAF,income_group=Lower-middle-income countries,socioeconomic,0.0
per_capita,M2,TCD,income_group=Lower-middle-income countries,socioeconomic,0.0
per_capita,M2,COG,income_group=Lower-middle-income countries,socioeconomic,1.0
per_capita,M2,COD,income_group=Lower-middle-income countries,socioeconomic,0.0
per_capita,M2,CIV,income_group=Lower-middle-income countries,socioeconomic,1.0
per_capita,M2,DJI,income_group=Lower-middle-income countries,socioeconomic,1.0
per_capita,M2,EGY,income_group=Lower-middle-income countries,socioeconomic,1.0
per_capita,M2,GNQ,income_group=Lower-middle-income countries,socioeconomic,0.0
per_capita,M2,ERI,income_group=Lower-middle-income countries,socioeconomic,0.0
per_capita,M2,ETH,income_group=Lower-middle-income countries,socioeconomic,0.0
per_capita,M2,GAB,income_group=Lower-middle-income countries,socioeconomic,0.0
per_capita,M2,GHA,income_group=Lower-middle-income countries,socioeconomic,1.0
per_capita,M2,GIN,income_group=Lower-middle-income countries,socioeconomic,1.0
per_capita,M2,GNB,income_group=Lower-middle-income countries,socioeconomic,0.0
per_capita,M2,KEN,income_group=Lower-middle-income countries,socioeconomic,1.0
per_capita,M2,LSO,income_group=Lower-middle-income countries,socioeconomic,1.0
per_capita,M2,LBR,income_group=Lower-middle-income countries,socioeconomic,0.0
per_capita,M2,LBY,income_group=Lower-middle-income countries,socioeconomic,0.0
per_capita,M2,MDG,income_group=Lower-middle-income countries,socioeconomic,0.0
per_capita,M2,MWI,income_group=Lower-middle-income countries,socioeconomic,0.0
per_capita,M2,MLI,income_group=Lower-middle-income countries,socioeconomic,0.0
per_capita,M2,MRT,income_group=Lower-middle-income countries,socioeconomic,1.0
per_capita,M2,MAR,income_group=Lower-middle-income countries,socioeconomic,1.0
per_capita,M2,MOZ,income_group=Lower-middle-income countries,socioeconomic,0.0
per_capita,M2,NAM,income_group=Lower-middle-income countries,socioeconomic,1.0
per_capita,M2,NER,income_group=Lower-middle-income countries,socioeconomic,0.0
per_capita,M2,NGA,income_group=Lower-middle-income countries,socioeconomic,1.0
per_capita,M2,RWA,income_group=Lower-middle-income countries,socioeconomic,0.0
per_capita,M2,SEN,income_group=Lower-middle-income countries,socioeconomic,1.0
per_capita,M2,SLE,income_group=Lower-middle-income countries,socioeconomic,0.0
per_capita,M2,SOM,income_group=Lower-middle-income countries,socioeconomic,0.0
per_capita,M2,ZAF,income_group=Lower-middle-income countries,socioeconomic,0.0
per_capita,M2,SDN,income_group=Lower-middle-income countries,socioeconomic,0.0
per_capita,M2,SWZ,income_group=Lower-middle-income countries,socioeconomic,1.0
per_capita,M2,TZA,income_group=Lower-middle-income countries,socioeconomic,1.0
per_capita,M2,TGO,income_group=Lower-middle-income countries,socioeconomic,0.0
per_capita,M2,TUN,income_group=Lower-middle-income countries,socioeconomic,1.0
per_capita,M2,UGA,income_group=Lower-middle-income countries,socioeconomic,0.0
per_capita,M2,ZMB,income_group=Lower-middle-income countries,socioeconomic,1.0
per_capita,M2,ZWE,income_group=Lower-middle-income countries,socioeconomic,1.0
per_capita,M2,AFG,income_group=Lower-middle-income countries,socioeconomic,0.0
per_capita,M2,ARM,income_group=Lower-middle-income countries,socioeconomic,0.0
per_capita,M2,AZE,income_group=Lower-middle-income countries,socioeconomic,0.0
per_capita,M2,BGD,income_group=Lower-middle-income countries,socioeconomic,1.0
per_capita,M2,MMR,income_group=Lower-middle-income countries,socioeconomic,1.0
per_capita,M2,KHM,income_group=Lower-middle-income countries,socioeconomic,1.0
per_capita,M2,CHN,income_group=Lower-middle-income countries,socioeconomic,0.0
per_capita,M2,GEO,income_group=Lower-middle-income countries,socioeconomic,0.0
per_capita,M2,IND,income_group=Lower-middle-income countries,socioeconomic,1.0
per_capita,M2,IDN,income_group=Lower-middle-income countries,socioeconomic,0.0
per_capita,M2,IRN,income_group=Lower-middle-income countries,socioeconomic,0.0
per_capita,M2,IRQ,income_group=Lower-middle-income countries,socioeconomic,0.0
per_capita,M2,ISR,income_group=Lower-middle-income countries,socioeconomic,0.0
per_capita,M2,JPN,income_group=Lower-middle-income countries,socioeconomic,0.0
per_capita,M2,JOR,income_group=Lower-middle-income countries,socioeconomic,1.0
per_capita,M2,KAZ,income_group=Lower-middle-income countries,socioeconomic,0.0
per_capita,M2,LAO,income_group=Lower-middle-income countries,socioeconomic,1.0
per_capita,M2,LBN,income_group=Lower-middle-income countries,socioeconomic,1.0
per_capita,M2,MYS,income_group=Lower-middle-income countries,socioeconomic,0.0
per_capita,M2,MNG,income_group=Lower-middle-income countries,socioeconomic,0.0
per_capita,M2,NPL,income_group=Lower-middle-income countries,socioeconomic,1.0
per_capita,M2,OMN,income_group=Lower-middle-income countries,socioeconomic,0.0
per_capita,M2,PAK,income_group=Lower-middle-income countries,socioeconomic,1.0
per_capita,M2,PHL,income_group=Lower-middle-income countries,socioeconomic,1.0
per_capita,M2,QAT,income_group=Lower-middle-income countries,socioeconomic,0.0
per_capita,M2,SAU,income_group=Lower-middle-income countries,socioeconomic,0.0
per_capita,M2,KOR,income_group=Lower-middle-income countries,socioeconomic,0.0
per_capita,M2,LKA,income_group=Lower-middle-income countries,socioeconomic,1.0
per_capita,M2,SYR,income_group=Lower-middle-income countries,socioeconomic,0.0
per_capita,M2,TWN,income_group=Lower-middle-income countries,socioeconomic,0.0
per_capita,M2,TJK,income_group=Lower-middle-income countries,socioeconomic,1.0
per_capita,M2,THA,income_group=Lower-middle-income countries,socioeconomic,0.0
per_capita,M2,TUR,income_group=Lower-middle-income countries,socioeconomic,0.0
per_capita,M2,TKM,income_group=Lower-middle-income countries,socioeconomic,0.0
per_capita,M2,ARE,income_group=Lower-middle-income countries,socioeconomic,0.0
per_capita,M2,UZB,income_group=Lower-middle-income countries,socioeconomic,1.0
per_capita,M2,VNM,income_group=Lower-middle-income countries,socioeconomic,1.0
per_capita,M2,YEM,income_group=Lower-middle-income countries,socioeconomic,0.0
per_capita,M2,ALB,income_group=Lower-middle-income countries,socioeconomic,0.0
per_capita,M2,AUT,income_group=Lower-middle-income countries,socioeconomic,0.0
per_capita,M2,BLR,income_group=Lower-middle-income countries,socioeconomic,0.0
per_capita,M2,BEL,income_group=Lower-middle-income countries,socioeconomic,0.0
per_capita,M2,BIH,income_group=Lower-middle-income countries,socioeconomic,0.0
per_capita,M2,BGR,income_group=Lower-middle-income countries,socioeconomic,0.0
per_capita,M2,HRV,income_group=Lower-middle-income countries,socioeconomic,0.0
per_capita,M2,CYP,income_group=Lower-middle-income countries,socioeconomic,0.0
per_capita,M2,CZE,income_group=Lower-middle-income countries,socioeconomic,0.0
per_capita,M2,DNK,income_group=Lower-middle-income countries,socioeconomic,0.0
per_capita,M2,EST,income_group=Lower-middle-income countries,socioeconomic,0.0
per_capita,M2,FIN,income_group=Lower-middle-income countries,socioeconomic,0.0
per_capita,M2,FRA,income_group=Lower-middle-income countries,socioeconomic,0.0
per_capita,M2,DEU,income_group=Lower-middle-income countries,socioeconomic,0.0
per_capita,M2,GRC,income_group=Lower-middle-income countries,socioeconomic,0.0
per_capita,M2,HUN,income_group=Lower-middle-income countries,socioeconomic,0.0
per_capita,M2,ISL,income_group=Lower-middle-income countries,socioeconomic,0.0
per_capita,M2,IRL,income_group=Lower-middle-income countries,socioeconomic,0.0
per_capita,M2,ITA,income_group=Lower-middle-income countries,socioeconomic,0.0
per_capita,M2,LVA,income_group=Lower-middle-income countries,socioeconomic,0.0
per_capita,M2,LTU,income_group=Lower-middle-income countries,socioeconomic,0.0
per_capita,M2,MKD,income_group=Lower-middle-income countries,socioeconomic,0.0
per_capita,M2,MDA,income_group=Lower-middle-income countries,socioeconomic,0.0
per_capita,M2,MNE,income_group=Lower-middle-income countries,socioeconomic,0.0
per_capita,M2,NLD,income_group=Lower-middle-income countries,socioeconomic,0.0
per_capita,M2,NOR,income_group=Lower-middle-income countries,socioeconomic,0.0
per_capita,M2,POL,income_group=Lower-middle-income countries,socioeconomic,0.0
per_capita,M2,PRT,income_group=Lower-middle-income countries,socioeconomic,0.0
per_capita,M2,ROU,income_group=Lower-middle-income countries,socioeconomic,0.0
per_capita,M2,RUS,income_group=Lower-middle-income countries,socioeconomic,0.0
per_capita,M2,SRB,income_group=Lower-middle-income countries,socioeconomic,0.0
per_capita,M2,SVK,income_group=Lower-middle-income countries,socioeconomic,0.0
per_capita,M2,SVN,income_group=Lower-middle-income countries,socioeconomic,0.0
per_capita,M2,ESP,income_group=Lower-middle-income countries,socioeconomic,0.0
per_capita,M2,SWE,income_group=Lower-middle-income countries,socioeconomic,0.0
per_capita,M2,CHE,income_group=Lower-middle-income countries,socioeconomic,0.0
per_capita,M2,UKR,income_group=Lower-middle-income countries,socioeconomic,0.0
per_capita,M2,GBR,income_group=Lower-middle-income countries,socioeconomic,0.0
per_capita,M2,BHS,income_group=Lower-middle-income countries,socioeconomic,0.0
per_capita,M2,CAN,income_group=Lower-middle-income countries,socioeconomic,0.0
per_capita,M2,CRI,income_group=Lower-middle-income countries,socioeconomic,0.0
per_capita,M2,CUB,income_group=Lower-middle-income countries,socioeconomic,0.0
per_capita,M2,DOM,income_group=Lower-middle-income countries,socioeconomic,0.0
per_capita,M2,SLV,income_group=Lower-middle-income countries,socioeconomic,0.0
per_capita,M2,GTM,income_group=Lower-middle-income countries,socioeconomic,0.0
per_capita,M2,HTI,income_group=Lower-middle-income countries,socioeconomic,1.0
per_capita,M2,HND,income_group=Lower-middle-income countries,socioeconomic,1.0
per_capita,M2,JAM,income_group=Lower-middle-income countries,socioeconomic,0.0
per_capita,M2,MEX,income_group=Lower-middle-income countries,socioeconomic,0.0
per_capita,M2,NIC,income_group=Lower-middle-income countries,socioeconomic,1.0
per_capita,M2,PAN,income_group=Lower-middle-income countries,socioeconomic,0.0
per_capita,M2,USA,income_group=Lower-middle-income countries,socioeconomic,0.0
per_capita,M2,AUS,income_group=Lower-middle-income countries,socioeconomic,0.0
per_capita,M2,NZL,income_group=Lower-middle-income countries,socioeconomic,0.0
per_capita,M2,PNG,income_group=Lower-middle-income countries,socioeconomic,1.0
per_capita,M2,ARG,income_group=Lower-middle-income countries,socioeconomic,0.0
per_capita,M2,BOL,income_group=Lower-middle-income countries,socioeconomic,1.0
per_capita,M2,BRA,income_group=Lower-middle-income countries,socioeconomic,0.0
per_capita,M2,CHL,income_group=Lower-middle-income countries,socioeconomic,0.0
per_capita,M2,COL,income_group=Lower-middle-income countries,socioeconomic,0.0
per_capita,M2,ECU,income_group=Lower-middle-income countries,socioeconomic,0.0
per_capita,M2,PRY,income_group=Lower-middle-income countries,socioeconomic,0.0
per_capita,M2,PER,income_group=Lower-middle-income countries,socioeconomic,0.0
per_capita,M2,SUR,income_group=Lower-middle-income countries,socioeconomic,0.0
per_capita,M2,URY,income_group=Lower-middle-income countries,socioeconomic,0.0
per_capita,M2,VEN,income_group=Lower-middle-income countries,socioeconomic,0.0
per_capita,M2,DZA,income_group=Upper-middle-income countries,socioeconomic,1.0
per_capita,M2,AGO,income_group=Upper-middle-income countries,socioeconomic,0.0
per_capita,M2,BEN,income_group=Upper-middle-income countries,socioeconomic,0.0
per_capita,M2,BWA,income_group=Upper-middle-income countries,socioeconomic,1.0
per_capita,M2,BFA,income_group=Upper-middle-income countries,socioeconomic,0.0
per_capita,M2,BDI,income_group=Upper-middle-income countries,socioeconomic,0.0
per_capita,M2,CMR,income_group=Upper-middle-income countries,socioeconomic,0.0
per_capita,M2,CAF,income_group=Upper-middle-income countries,socioeconomic,0.0
per_capita,M2,TCD,income_group=Upper-middle-income countries,socioeconomic,0.0
per_capita,M2,COG,income_group=Upper-middle-income countries,socioeconomic,0.0
per_capita,M2,COD,income_group=Upper-middle-income countries,socioeconomic,0.0
per_capita,M2,CIV,income_group=Upper-middle-income countries,socioeconomic,0.0
per_capita,M2,DJI,income_group=Upper-middle-income countries,socioeconomic,0.0
per_capita,M2,EGY,income_group=Upper-middle-income countries,socioeconomic,0.0
per_capita,M2,GNQ,income_group=Upper-middle-income countries,socioeconomic,1.0
per_capita,M2,ERI,income_group=Upper-middle-income countries,socioeconomic,0.0
per_capita,M2,ETH,income_group=Upper-middle-income countries,socioeconomic,0.0
per_capita,M2,GAB,income_group=Upper-middle-income countries,socioeconomic,1.0
per_capita,M2,GHA,income_group=Upper-middle-income countries,socioeconomic,0.0
per_capita,M2,GIN,income_group=Upper-middle-income countries,socioeconomic,0.0
per_capita,M2,GNB,income_group=Upper-middle-income countries,socioeconomic,0.0
per_capita,M2,KEN,income_group=Upper-middle-income countries,socioeconomic,0.0
per_capita,M2,LSO,income_group=Upper-middle-income countries,socioeconomic,0.0
per_capita,M2,LBR,income_group=Upper-middle-income countries,socioeconomic,0.0
per_capita,M2,LBY,income_group=Upper-middle-income countries,socioeconomic,1.0
per_capita,M2,MDG,income_group=Upper-middle-income countries,socioeconomic,0.0
per_capita,M2,MWI,income_group=Upper-middle-income countries,socioeconomic,0.0
per_capita,M2,MLI,income_group=Upper-middle-income countries,socioeconomic,0.0
per_capita,M2,MRT,income_group=Upper-middle-income countries,socioeconomic,0.0
per_capita,M2,MAR,income_group=Upper-middle-income countries,socioeconomic,0.0
per_capita,M2,MOZ,income_group=Upper-middle-income countries,socioeconomic,0.0
per_capita,M2,NAM,income_group=Upper-middle-income countries,socioeconomic,0.0
per_capita,M2,NER,income_group=Upper-middle-income countries,socioeconomic,0.0
per_capita,M2,NGA,income_group=Upper-middle-income countries,socioeconomic,0.0
per_capita,M2,RWA,income_group=Upper-middle-income countries,socioeconomic,0.0
per_capita,M2,SEN,income_group=Upper-middle-income countries,socioeconomic,0.0
per_capita,M2,SLE,income_group=Upper-middle-income countries,socioeconomic,0.0
per_capita,M2,SOM,income_group=Upper-middle-income countries,socioeconomic,0.0
per_capita,M2,ZAF,income_group=Upper-middle-income countries,socioeconomic,1.0
per_capita,M2,SDN,income_group=Upper-middle-income countries,socioeconomic,0.0
per_capita,M2,SWZ,income_group=Upper-middle-income countries,socioeconomic,0.0
per_capita,M2,TZA,income_group=Upper-middle-income countries,socioeconomic,0.0
per_capita,M2,TGO,income_group=Upper-middle-income countries,socioeconomic,0.0
per_capita,M2,TUN,income_group=Upper-middle-income countries,socioeconomic,0.0
per_capita,M2,UGA,income_group=Upper-middle-income countries,socioeconomic,0.0
per_capita,M2,ZMB,income_group=Upper-middle-income countries,socioeconomic,0.0
per_capita,M2,ZWE,income_group=Upper-middle-income countries,socioeconomic,0.0
per_capita,M2,AFG,income_group=Upper-middle-income countries,socioeconomic,0.0
per_capita,M2,ARM,income_group=Upper-middle-income countries,socioeconomic,1.0
per_capita,M2,AZE,income_group=Upper-middle-income countries,socioeconomic,1.0
per_capita,M2,BGD,income_group=Upper-middle-income countries,socioeconomic,0.0
per_capita,M2,MMR,income_group=Upper-middle-income countries,socioeconomic,0.0
per_capita,M2,KHM,income_group=Upper-middle-income countries,socioeconomic,0.0
per_capita,M2,CHN,income_group=Upper-middle-income countries,socioeconomic,1.0
per_capita,M2,GEO,income_group=Upper-middle-income countries,socioeconomic,1.0
per_capita,M2,IND,income_group=Upper-middle-income countries,socioeconomic,0.0
per_capita,M2,IDN,income_group=Upper-middle-income countries,socioeconomic,1.0
per_capita,M2,IRN,income_group=Upper-middle-income countries,socioeconomic,1.0
per_capita,M2,IRQ,income_group=Upper-middle-income countries,socioeconomic,1.0
per_capita,M2,ISR,income_group=Upper-middle-income countries,socioeconomic,0.0
per_capita,M2,JPN,income_group=Upper-middle-income countries,socioeconomic,0.0
per_capita,M2,JOR,income_group=Upper-middle-income countries,socioeconomic,0.0
per_capita,M2,KAZ,income_group=Upper-middle-income countries,socioeconomic,1.0
per_capita,M2,LAO,income_group=Upper-middle-income countries,socioeconomic,0.0
per_capita,M2,LBN,income_group=Upper-middle-income countries,socioeconomic,0.0
per_capita,M2,MYS,income_group=Upper-middle-income countries,socioeconomic,1.0
per_capita,M2,MNG,income_group=Upper-middle-income countries,socioeconomic,1.0
per_capita,M2,NPL,income_group=Upper-middle-income countries,socioeconomic,0.0
per_capita,M2,OMN,income_group=Upper-middle-income countries,socioeconomic,0.0
per_capita,M2,PAK,income_group=Upper-middle-income countries,socioeconomic,0.0
per_capita,M2,PHL,income_group=Upper-middle-income countries,socioeconomic,0.0
per_capita,M2,QAT,income_group=Upper-middle-income countries,socioeconomic,0.0
per_capita,M2,SAU,income_group=Upper-middle-income countries,socioeconomic,0.0
per_capita,M2,KOR,income_group=Upper-middle-income countries,socioeconomic,0.0
per_capita,M2,LKA,income_group=Upper-middle-income countries,socioeconomic,0.0
per_capita,M2,SYR,income_group=Upper-middle-income countries,socioeconomic,0.0
per_capita,M2,TWN,income_group=Upper-middle-income countries,socioeconomic,0.0
per_capita,M2,TJK,income_group=Upper-middle-income countries,socioeconomic,0.0
per_capita,M2,THA,income_group=Upper-middle-income countries,socioeconomic,1.0
per_capita,M2,TUR,income_group=Upper-middle-income countries,socioeconomic,1.0
per_capita,M2,TKM,income_group=Upper-middle-income countries,socioeconomic,1.0
per_capita,M2,ARE,income_group=Upper-middle-income countries,socioeconomic,0.0
per_capita,M2,UZB,income_group=Upper-middle-income countries,socioeconomic,0.0
per_capita,M2,VNM,income_group=Upper-middle-income countries,socioeconomic,0.0
per_capita,M2,YEM,income_group=Upper-middle-income countries,socioeconomic,0.0
per_capita,M2,ALB,income_group=Upper-middle-income countries,socioeconomic,1.0
per_capita,M2,AUT,income_group=Upper-middle-income countries,socioeconomic,0.0
per_capita,M2,BLR,income_group=Upper-middle-income countries,socioeconomic,1.0
per_capita,M2,BEL,income_group=Upper-middle-income countries,socioeconomic,0.0
per_capita,M2,BIH,income_group=Upper-middle-income countries,socioeconomic,1.0
per_capita,M2,BGR,income_group=Upper-middle-income countries,socioeconomic,0.0
per_capita,M2,HRV,income_group=Upper-middle-income countries,socioeconomic,0.0
per_capita,M2,CYP,income_group=Upper-middle-income countries,socioeconomic,0.0
per_capita,M2,CZE,income_group=Upper-middle-income countries,socioeconomic,0.0
per_capita,M2,DNK,income_group=Upper-middle-income countries,socioeconomic,0.0
per_capita,M2,EST,income_group=Upper-middle-income countries,socioeconomic,0.0
per_capita,M2,FIN,income_group=Upper-middle-income countries,socioeconomic,0.0
per_capita,M2,FRA,income_group=Upper-middle-income countries,socioeconomic,0.0
per_capita,M2,DEU,income_group=Upper-middle-income countries,socioeconomic,0.0
per_capita,M2,GRC,income_group=Upper-middle-income countries,socioeconomic,0.0
per_capita,M2,HUN,income_group=Upper-middle-income countries,socioeconomic,0.0
per_capita,M2,ISL,income_group=Upper-middle-income countries,socioeconomic,0.0
per_capita,M2,IRL,income_group=Upper-middle-income countries,socioeconomic,0.0
per_capita,M2,ITA,income_group=Upper-middle-income countries,socioeconomic,0.0
per_capita,M2,LVA,income_group=Upper-middle-income countries,socioeconomic,0.0
per_capita,M2,LTU,income_group=Upper-middle-income countries,socioeconomic,0.0
per_capita,M2,MKD,income_group=Upper-middle-income countries,socioeconomic,1.0
per_capita,M2,MDA,income_group=Upper-middle-income countries,socioeconomic,1.0
per_capita,M2,MNE,income_group=Upper-middle-income countries,socioeconomic,1.0
per_capita,M2,NLD,income_group=Upper-middle-income countries,socioeconomic,0.0
per_capita,M2,NOR,income_group=Upper-middle-income countries,socioeconomic,0.0
per_capita,M2,POL,income_group=Upper-middle-income countries,socioeconomic,0.0
per_capita,M2,PRT,income_group=Upper-middle-income countries,socioeconomic,0.0
per_capita,M2,ROU,income_group=Upper-middle-income countries,socioeconomic,0.0
per_capita,M2,RUS,income_group=Upper-middle-income countries,socioeconomic,0.0
per_capita,M2,SRB,income_group=Upper-middle-income countries,socioeconomic,1.0
per_capita,M2,SVK,income_group=Upper-middle-income countries,socioeconomic,0.0
per_capita,M2,SVN,income_group=Upper-middle-income countries,socioeconomic,0.0
per_capita,M2,ESP,income_group=Upper-middle-income countries,socioeconomic,0.0
per_capita,M2,SWE,income_group=Upper-middle-income countries,socioeconomic,0.0
per_capita,M2,CHE,income_group=Upper-middle-income countries,socioeconomic,0.0
per_capita,M2,UKR,income_group=Upper-middle-income countries,socioeconomic,1.0
per_capita,M2,GBR,income_group=Upper-middle-income countries,socioeconomic,0.0
per_capita,M2,BHS,income_group=Upper-middle-income countries,socioeconomic,0.0
per_capita,M2,CAN,income_group=Upper-middle-income countries,socioeconomic,0.0
per_capita,M2,CRI,income_group=Upper-middle-income countries,socioeconomic,0.0
per_capita,M2,CUB,income_group=Upper-middle-income countries,socioeconomic,1.0
per_capita,M2,DOM,income_group=Upper-middle-income countries,socioeconomic,1.0
per_capita,M2,SLV,income_group=Upper-middle-income countries,socioeconomic,1.0
per_capita,M2,GTM,income_group=Upper-middle-income countries,socioeconomic,1.0
per_capita,M2,HTI,income_group=Upper-middle-income countries,socioeconomic,0.0
per_capita,M2,HND,income_group=Upper-middle-income countries,socioeconomic,0.0
per_capita,M2,JAM,income_group=Upper-middle-income countries,socioeconomic,1.0
per_capita,M2,MEX,income_group=Upper-middle-income countries,socioeconomic,1.0
per_capita,M2,NIC,income_group=Upper-middle-income countries,socioeconomic,0.0
per_capita,M2,PAN,income_group=Upper-middle-income countries,socioeconomic,0.0
per_capita,M2,USA,income_group=Upper-middle-income countries,socioeconomic,0.0
per_capita,M2,AUS,income_group=Upper-middle-income countries,socioeconomic,0.0
per_capita,M2,NZL,income_group=Upper-middle-income countries,socioeconomic,0.0
per_capita,M2,PNG,income_group=Upper-middle-income countries,socioeconomic,0.0
per_capita,M2,ARG,income_group=Upper-middle-income countries,socioeconomic,1.0
per_capita,M2,BOL,income_group=Upper-middle-income countries,socioeconomic,0.0
per_capita,M2,BRA,income_group=Upper-middle-income countries,socioeconomic,1.0
per_capita,M2,CHL,income_group=Upper-middle-income countries,socioeconomic,0.0
per_capita,M2,COL,income_group=Upper-middle-income countries,socioeconomic,1.0
per_capita,M2,ECU,income_group=Upper-middle-income countries,socioeconomic,1.0
per_capita,M2,PRY,income_group=Upper-middle-income countries,socioeconomic,1.0
per_capita,M2,PER,income_group=Upper-middle-income countries,socioeconomic,1.0
per_capita,M2,SUR,income_group=Upper-middle-income countries,socioeconomic,1.0
per_capita,M2,URY,income_group=Upper-middle-income countries,socioeconomic,0.0
per_capita,M2,VEN,income_group=Upper-middle-income countries,socioeconomic,1.0
per_capita,M2,DZA,abs_latitude_ns1,geography,633.5182484899053
per_capita,M2,AGO,abs_latitude_ns1,geography,23.78011833877741
per_capita,M2,BEN,abs_latitude_ns1,geography,7.301281105220559
per_capita,M2,BWA,abs_latitude_ns1,geography,218.26720373308447
per_capita,M2,BFA,abs_latitude_ns1,geography,17.750289702908688
per_capita,M2,BDI,abs_latitude_ns1,geography,0.5193070150878828
per_capita,M2,CMR,abs_latitude_ns1,geography,2.8574035899045414
per_capita,M2,CAF,abs_latitude_ns1,geography,0.5193070150878828
per_capita,M2,TCD,abs_latitude_ns1,geography,8.083970508632754
per_capita,M2,COG,abs_latitude_ns1,geography,0.5193070150878828
per_capita,M2,COD,abs_latitude_ns1,geography,0.9353885194293349
per_capita,M2,CIV,abs_latitude_ns1,geography,2.868941392882006
per_capita,M2,DJI,abs_latitude_ns1,geography,22.146961035930936
per_capita,M2,EGY,abs_latitude_ns1,geography,360.7122298554821
per_capita,M2,GNQ,abs_latitude_ns1,geography,0.21908264699020064
per_capita,M2,ERI,abs_latitude_ns1,geography,47.126172390729494
per_capita,M2,ETH,abs_latitude_ns1,geography,10.432225722564999
per_capita,M2,GAB,abs_latitude_ns1,geography,0.0
per_capita,M2,GHA,abs_latitude_ns1,geography,2.4012137976474484
per_capita,M2,GIN,abs_latitude_ns1,geography,9.359869252848418
per_capita,M2,GNB,abs_latitude_ns1,geography,22.146961035930936
per_capita,M2,KEN,abs_latitude_ns1,geography,0.0024041991439253834
per_capita,M2,LSO,abs_latitude_ns1,geography,377.00937912583595
per_capita,M2,LBR,abs_latitude_ns1,geography,4.135133100015556
per_capita,M2,LBY,abs_latitude_ns1,geography,464.5964973819103
per_capita,M2,MDG,abs_latitude_ns1,geography,102.6142746752994
per_capita,M2,MWI,abs_latitude_ns1,geography,39.69040060079327
per_capita,M2,MLI,abs_latitude_ns1,geography,25.491652496500215
per_capita,M2,MRT,abs_latitude_ns1,geography,85.96137551718773
per_capita,M2,MAR,abs_latitude_ns1,geography,556.8004661921449
per_capita,M2,MOZ,abs_latitude_ns1,geography,100.42779169065554
per_capita,M2,NAM,abs_latitude_ns1,geography,177.41202754705236
per_capita,M2,NER,abs_latitude_ns1,geography,33.081064800124445
per_capita,M2,NGA,abs_latitude_ns1,geography,5.9148277354142165
per_capita,M2,RWA,abs_latitude_ns1,geography,0.06491337688598539
per_capita,M2,SEN,abs_latitude_ns1,geography,41.458749255327405
per_capita,M2,SLE,abs_latitude_ns1,geography,8.083970508632754
per_capita,M2,SOM,abs_latitude_ns1,geography,0.8945785658733864
per_capita,M2,ZAF,abs_latitude_ns1,geography,317.5022926504306
per_capita,M2,SDN,abs_latitude_ns1,geography,22.17059286147144
per_capita,M2,SWZ,abs_latitude_ns1,geography,264.64851840099544
per_capita,M2,TZA,abs_latitude_ns1,geography,1.8602495406062554
per_capita,M2,TGO,abs_latitude_ns1,geography,5.8907715488411885
per_capita,M2,TUN,abs_latitude_ns1,geography,651.3596579433193
per_capita,M2,UGA,abs_latitude_ns1,geography,0.019233593151403067
per_capita,M2,ZMB,abs_latitude_ns1,geography,34.64863300668843
per_capita,M2,ZWE,abs_latitude_ns1,geography,92.84711687665268
per_capita,M2,AFG,abs_latitude_ns1,geography,577.4120994925038
per_capita,M2,ARM,abs_latitude_ns1,geography,1004.8275661596929
per_capita,M2,AZE,abs_latitude_ns1,geography,1004.8275661596929
per_capita,M2,BGD,abs_latitude_ns1,geography,196.0485308379907
per_capita,M2,MMR,abs_latitude_ns1,geography,90.7593169392907
per_capita,M2,KHM,abs_latitude_ns1,geography,22.146961035930936
per_capita,M2,CHN,abs_latitude_ns1,geography,560.2326838426211
per_capita,M2,GEO,abs_latitude_ns1,geography,1004.8275661596929
per_capita,M2,IND,abs_latitude_ns1,geography,153.61498710870387
per_capita,M2,IDN,abs_latitude_ns1,geography,2.012435586056093
per_capita,M2,IRN,abs_latitude_ns1,geography,587.0104088482803
per_capita,M2,IRQ,abs_latitude_ns1,geography,642.3419087280294
per_capita,M2,ISR,abs_latitude_ns1,geography,475.1927482311268
per_capita,M2,JPN,abs_latitude_ns1,geography,663.8081811808571
per_capita,M2,JOR,abs_latitude_ns1,geography,516.8916375019446
per_capita,M2,KAZ,abs_latitude_ns1,geography,1654.797880795218
per_capita,M2,LAO,abs_latitude_ns1,geography,85.96137551718773
per_capita,M2,LBN,abs_latitude_ns1,geography,570.4087578063521
per_capita,M2,MYS,abs_latitude_ns1,geography,0.34789512924832783
per_capita,M2,MNG,abs_latitude_ns1,geography,1521.8426992242785
per_capita,M2,NPL,abs_latitude_ns1,geography,294.07576518898725
per_capita,M2,OMN,abs_latitude_ns1,geography,64.55118281225697
per_capita,M2,PAK,abs_latitude_ns1,geography,408.6995527541255
per_capita,M2,PHL,abs_latitude_ns1,geography,25.54557770428015
per_capita,M2,QAT,abs_latitude_ns1,geography,218.26720373308447
per_capita,M2,SAU,abs_latitude_ns1,geography,161.52888690178017
per_capita,M2,KOR,abs_latitude_ns1,geography,786.31923164292
per_capita,M2,LKA,abs_latitude_ns1,geography,5.259345097158134
per_capita,M2,SYR,abs_latitude_ns1,geography,598.4996325400531
per_capita,M2,TWN,abs_latitude_ns1,geography,206.81804126282407
per_capita,M2,TJK,abs_latitude_ns1,geography,947.2934550817516
per_capita,M2,THA,abs_latitude_ns1,geography,34.88034062246358
per_capita,M2,TUR,abs_latitude_ns1,geography,859.9400020297167
per_capita,M2,TKM,abs_latitude_ns1,geography,891.7801156261855
per_capita,M2,ARE,abs_latitude_ns1,geography,218.26720373308447
per_capita,M2,UZB,abs_latitude_ns1,geography,961.5110844715862
per_capita,M2,VNM,abs_latitude_ns1,geography,40.63597495689785
per_capita,M2,YEM,abs_latitude_ns1,geography,33.08106480012443
per_capita,M2,ALB,abs_latitude_ns1,geography,1004.8275661596929
per_capita,M2,AUT,abs_latitude_ns1,geography,1578.5862994440254
per_capita,M2,BLR,abs_latitude_ns1,geography,2021.9161665371146
per_capita,M2,BEL,abs_latitude_ns1,geography,1812.1797097819685
per_capita,M2,BIH,abs_latitude_ns1,geography,1225.1079680845237
per_capita,M2,BGR,abs_latitude_ns1,geography,1159.8247517727661
per_capita,M2,HRV,abs_latitude_ns1,geography,1338.7465947824965
per_capita,M2,CYP,abs_latitude_ns1,geography,598.4996325400531
per_capita,M2,CZE,abs_latitude_ns1,geography,1752.8542019631143
per_capita,M2,DNK,abs_latitude_ns1,geography,2358.156701556575
per_capita,M2,EST,abs_latitude_ns1,geography,2602.9431795776304
per_capita,M2,FIN,abs_latitude_ns1,geography,2902.4456076053284
per_capita,M2,FRA,abs_latitude_ns1,geography,1467.4319665522028
per_capita,M2,DEU,abs_latitude_ns1,geography,1836.481937600401
per_capita,M2,GRC,abs_latitude_ns1,geography,800.7959772010477
per_capita,M2,HUN,abs_latitude_ns1,geography,1490.6685198354066
per_capita,M2,ISL,abs_latitude_ns1,geography,3272.123703170613
per_capita,M2,IRL,abs_latitude_ns1,geography,2041.2429089013908
per_capita,M2,ITA,abs_latitude_ns1,geography,1157.1943165967637
per_capita,M2,LVA,abs_latitude_ns1,geography,2358.156701556575
per_capita,M2,LTU,abs_latitude_ns1,geography,2278.0847260819137
per_capita,M2,MKD,abs_latitude_ns1,geography,1124.2779251884763
per_capita,M2,MDA,abs_latitude_ns1,geography,1521.842699224278
per_capita,M2,MNE,abs_latitude_ns1,geography,1124.2779251884763
per_capita,M2,NLD,abs_latitude_ns1,geography,1964.2263970404406
per_capita,M2,NOR,abs_latitude_ns1,geography,2810.6009439125223
per_capita,M2,POL,abs_latitude_ns1,geography,1907.5794875875422
per_capita,M2,PRT,abs_latitude_ns1,geography,939.2193718807016
per_capita,M2,ROU,abs_latitude_ns1,geography,1399.9156055717249
per_capita,M2,RUS,abs_latitude_ns1,geography,2110.22929398309
per_capita,M2,SRB,abs_latitude_ns1,geography,1208.024945979305
per_capita,M2,SVK,abs_latitude_ns1,geography,1592.8959859618094
per_capita,M2,SVN,abs_latitude_ns1,geography,1383.6120601753078
per_capita,M2,ESP,abs_latitude_ns1,geography,911.5058297155358
per_capita,M2,SWE,abs_latitude_ns1,geography,2603.1482607904472
per_capita,M2,CHE,abs_latitude_ns1,geography,1465.9135962123314
per_capita,M2,UKR,abs_latitude_ns1,geography,1646.7608995180876
per_capita,M2,GBR,abs_latitude_ns1,geography,2018.454457726445
per_capita,M2,BHS,abs_latitude_ns1,geography,218.26720373308447
per_capita,M2,CAN,abs_latitude_ns1,geography,1465.706725207539
per_capita,M2,CRI,abs_latitude_ns1,geography,13.977790091771652
per_capita,M2,CUB,abs_latitude_ns1,geography,130.60152166938866
per_capita,M2,DOM,abs_latitude_ns1,geography,94.0293229319691
per_capita,M2,SLV,abs_latitude_ns1,geography,33.081064800124445
per_capita,M2,GTM,abs_latitude_ns1,geography,47.12617239072951
per_capita,M2,HTI,abs_latitude_ns1,geography,90.74419374720794
per_capita,M2,HND,abs_latitude_ns1,geography,44.049575513952384
per_capita,M2,JAM,abs_latitude_ns1,geography,85.96137551718773
per_capita,M2,MEX,abs_latitude_ns1,geography,151.27935393148238
per_capita,M2,NIC,abs_latitude_ns1,geography,22.146961035930936
per_capita,M2,PAN,abs_latitude_ns1,geography,8.083970508632754
per_capita,M2,USA,abs_latitude_ns1,geography,713.197519636812
per_capita,M2,AUS,abs_latitude_ns1,geography,479.1923078318134
per_capita,M2,NZL,abs_latitude_ns1,geography,904.0105786974254
per_capita,M2,PNG,abs_latitude_ns1,geography,8.083970508632754
per_capita,M2,ARG,abs_latitude_ns1,geography,493.17771646877566
per_capita,M2,BOL,abs_latitude_ns1,geography,89.9350445182564
per_capita,M2,BRA,abs_latitude_ns1,geography,98.31488216801694
per_capita,M2,CHL,abs_latitude_ns1,geography,539.9559981709162
per_capita,M2,COL,abs_latitude_ns1,geography,2.4545139405868355
per_capita,M2,ECU,abs_latitude_ns1,geography,0.015127741905154536
per_capita,M2,PRY,abs_latitude_ns1,geography,218.26720373308447
per_capita,M2,PER,abs_latitude_ns1,geography,14.282177941248731
per_capita,M2,SUR,abs_latitude_ns1,geography,1.752661175921605
per_capita,M2,URY,abs_latitude_ns1,geography,517.1328375155545
per_capita,M2,VEN,abs_latitude_ns1,geography,12.459998303329883
per_capita,M2,DZA,abs_latitude_ns2,geography,165.80134445199639
per_capita,M2,AGO,abs_latitude_ns2,geography,0.0
per_capita,M2,BEN,abs_latitude_ns2,geography,0.0
per_capita,M2,BWA,abs_latitude_ns2,geography,19.776305254038547
per_capita,M2,BFA,abs_latitude_ns2,geography,0.0
per_capita,M2,BDI,abs_latitude_ns2,geography,0.0
per_capita,M2,CMR,abs_latitude_ns2,geography,0.0
per_capita,M2,CAF,abs_latitude_ns2,geography,0.0
per_capita,M2,TCD,abs_latitude_ns2,geography,0.0
per_capita,M2,COG,abs_latitude_ns2,geography,0.0
per_capita,M2,COD,abs_latitude_ns2,geography,0.0
per_capita,M2,CIV,abs_latitude_ns2,geography,0.0
per_capita,M2,DJI,abs_latitude_ns2,geography,0.0
per_capita,M2,EGY,abs_latitude_ns2,geography,59.16483598132989
per_capita,M2,GNQ,abs_latitude_ns2,geography,0.0
per_capita,M2,ERI,abs_latitude_ns2,geography,0.0006658339914642473
per_capita,M2,ETH,abs_latitude_ns2,geography,0.0
per_capita,M2,GAB,abs_latitude_ns2,geography,0.0
per_capita,M2,GHA,abs_latitude_ns2,geography,0.0
per_capita,M2,GIN,abs_latitude_ns2,geography,0.0
per_capita,M2,GNB,abs_latitude_ns2,geography,0.0
per_capita,M2,KEN,abs_latitude_ns2,geography,0.0
per_capita,M2,LSO,abs_latitude_ns2,geography,64.54744288396952
per_capita,M2,LBR,abs_latitude_ns2,geography,0.0
per_capita,M2,LBY,abs_latitude_ns2,geography,95.9043899214033
per_capita,M2,MDG,abs_latitude_ns2,geography,1.9500824965697432
per_capita,M2,MWI,abs_latitude_ns2,geography,0.0
per_capita,M2,MLI,abs_latitude_ns2,geography,0.0
per_capita,M2,MRT,abs_latitude_ns2,geography,0.878740073551116
per_capita,M2,MAR,abs_latitude_ns2,geography,132.70749968347883
per_capita,M2,MOZ,abs_latitude_ns2,geography,1.784623037079604
per_capita,M2,NAM,abs_latitude_ns2,geography,11.660813169159585
per_capita,M2,NER,abs_latitude_ns2,geography,0.0
per_capita,M2,NGA,abs_latitude_ns2,geography,0.0
per_capita,M2,RWA,abs_latitude_ns2,geography,0.0
per_capita,M2,SEN,abs_latitude_ns2,geography,0.0
per_capita,M2,SLE,abs_latitude_ns2,geography,0.0
per_capita,M2,SOM,abs_latitude_ns2,geography,0.0
per_capita,M2,ZAF,abs_latitude_ns2,geography,45.67546371467322
per_capita,M2,SDN,abs_latitude_ns2,geography,0.0
per_capita,M2,SWZ,abs_latitude_ns2,geography,30.90463526081928
per_capita,M2,TZA,abs_latitude_ns2,geography,0.0
per_capita,M2,TGO,abs_latitude_ns2,geography,0.0
per_capita,M2,TUN,abs_latitude_ns2,geography,173.78321847058345
per_capita,M2,UGA,abs_latitude_ns2,geography,0.0
per_capita,M2,ZMB,abs_latitude_ns2,geography,0.0
per_capita,M2,ZWE,abs_latitude_ns2,geography,1.2687321504527167
per_capita,M2,AFG,abs_latitude_ns2,geography,141.39410668984686
per_capita,M2,ARM,abs_latitude_ns2,geography,347.31111835437144
per_capita,M2,AZE,abs_latitude_ns2,geography,347.31111835437144
per_capita,M2,BGD,abs_latitude_ns2,geography,15.148485253327447
per_capita,M2,MMR,abs_latitude_ns2,geography,1.1425402132942462
per_capita,M2,KHM,abs_latitude_ns2,geography,0.0
per_capita,M2,CHN,abs_latitude_ns2,geography,134.14306144674035
per_capita,M2,GEO,abs_latitude_ns2,geography,347.31111835437144
per_capita,M2,IND,abs_latitude_ns2,geography,7.780196893238562
per_capita,M2,IDN,abs_latitude_ns2,geography,0.0
per_capita,M2,IRN,abs_latitude_ns2,geography,145.49202880994108
per_capita,M2,IRQ,abs_latitude_ns2,geography,169.73606660510154
per_capita,M2,ISR,abs_latitude_ns2,geography,99.95056600827945
per_capita,M2,JPN,abs_latitude_ns2,geography,179.41234800448134
per_capita,M2,JOR,abs_latitude_ns2,geography,116.34845470878709
per_capita,M2,KAZ,abs_latitude_ns2,geography,703.7596115789916
per_capita,M2,LAO,abs_latitude_ns2,geography,0.878740073551116
per_capita,M2,LBN,abs_latitude_ns2,geography,138.4250709755967
per_capita,M2,MYS,abs_latitude_ns2,geography,0.0
per_capita,M2,MNG,abs_latitude_ns2,geography,628.6306288618086
per_capita,M2,NPL,abs_latitude_ns2,geography,38.87713692090462
per_capita,M2,OMN,abs_latitude_ns2,geography,0.1415984493638073
per_capita,M2,PAK,abs_latitude_ns2,geography,75.43920198731833
per_capita,M2,PHL,abs_latitude_ns2,geography,0.0
per_capita,M2,QAT,abs_latitude_ns2,geography,19.776305254038547
per_capita,M2,SAU,abs_latitude_ns2,geography,8.995780096334222
per_capita,M2,KOR,abs_latitude_ns2,geography,237.08555596408598
per_capita,M2,LKA,abs_latitude_ns2,geography,0.0
per_capita,M2,SYR,abs_latitude_ns2,geography,150.4402343131108
per_capita,M2,TWN,abs_latitude_ns2,geography,17.330360981591543
per_capita,M2,TJK,abs_latitude_ns2,geography,317.5804742459025
per_capita,M2,THA,abs_latitude_ns2,geography,0.0
per_capita,M2,TUR,abs_latitude_ns2,geography,273.3491564316692
per_capita,M2,TKM,abs_latitude_ns2,geography,289.3331376248235
per_capita,M2,ARE,abs_latitude_ns2,geography,19.776305254038547
per_capita,M2,UZB,abs_latitude_ns2,geography,324.88654318317145
per_capita,M2,VNM,abs_latitude_ns2,geography,0.0
per_capita,M2,YEM,abs_latitude_ns2,geography,0.0
per_capita,M2,ALB,abs_latitude_ns2,geography,347.31111835437144
per_capita,M2,AUT,abs_latitude_ns2,geography,660.5924407144329
per_capita,M2,BLR,abs_latitude_ns2,geography,914.803372663182
per_capita,M2,BEL,abs_latitude_ns2,geography,793.6665048320187
per_capita,M2,BIH,abs_latitude_ns2,geography,464.5576582197367
per_capita,M2,BGR,abs_latitude_ns2,geography,429.31881560666886
per_capita,M2,HRV,abs_latitude_ns2,geography,526.7072421534806
per_capita,M2,CYP,abs_latitude_ns2,geography,150.4402343131108
per_capita,M2,CZE,abs_latitude_ns2,geography,759.6640970893083
per_capita,M2,DNK,abs_latitude_ns2,geography,1111.3458821398358
per_capita,M2,EST,abs_latitude_ns2,geography,1255.7073999244253
per_capita,M2,FIN,abs_latitude_ns2,geography,1433.265058690428
per_capita,M2,FRA,abs_latitude_ns2,geography,598.1389172388934
per_capita,M2,DEU,abs_latitude_ns2,geography,807.631369964306
per_capita,M2,GRC,abs_latitude_ns2,geography,244.13350849637698
per_capita,M2,HUN,abs_latitude_ns2,geography,611.1411740275014
per_capita,M2,ISL,abs_latitude_ns2,geography,1653.1397671706127
per_capita,M2,IRL,abs_latitude_ns2,geography,926.0300589257253
per_capita,M2,ITA,abs_latitude_ns2,geography,427.90682125784184
per_capita,M2,LVA,abs_latitude_ns2,geography,1111.3458821398358
per_capita,M2,LTU,abs_latitude_ns2,geography,1064.329243726373
per_capita,M2,MKD,abs_latitude_ns2,geography,410.2923327349877
per_capita,M2,MDA,abs_latitude_ns2,geography,628.6306288618084
per_capita,M2,MNE,abs_latitude_ns2,geography,410.2923327349877
per_capita,M2,NLD,abs_latitude_ns2,geography,881.3522887362603
per_capita,M2,NOR,abs_latitude_ns2,geography,1378.7350401881085
per_capita,M2,POL,abs_latitude_ns2,geography,848.5989179315096
per_capita,M2,PRT,abs_latitude_ns2,geography,313.4439421652655
per_capita,M2,ROU,abs_latitude_ns2,geography,560.5342815088758
per_capita,M2,RUS,abs_latitude_ns2,geography,966.181080786548
per_capita,M2,SRB,abs_latitude_ns2,geography,455.3012924109619
per_capita,M2,SVK,abs_latitude_ns2,geography,668.6773514237088
per_capita,M2,SVN,abs_latitude_ns2,geography,551.4947933309827
per_capita,M2,ESP,abs_latitude_ns2,geography,299.31738665280915
per_capita,M2,SWE,abs_latitude_ns2,geography,1255.8286815361016
per_capita,M2,CHE,abs_latitude_ns2,geography,597.2903354587806
per_capita,M2,UKR,abs_latitude_ns2,geography,699.1951315027375
per_capita,M2,GBR,abs_latitude_ns2,geography,912.7935501480581
per_capita,M2,BHS,abs_latitude_ns2,geography,19.776305254038547
per_capita,M2,CAN,abs_latitude_ns2,geography,597.1747300555602
per_capita,M2,CRI,abs_latitude_ns2,geography,0.0
per_capita,M2,CUB,abs_latitude_ns2,geography,4.700360321347376
per_capita,M2,DOM,abs_latitude_ns2,geography,1.3432432911390912
per_capita,M2,SLV,abs_latitude_ns2,geography,0.0
per_capita,M2,GTM,abs_latitude_ns2,geography,0.0006658339914642584
per_capita,M2,HTI,abs_latitude_ns2,geography,1.141651307566512
per_capita,M2,HND,abs_latitude_ns2,geography,0.0
per_capita,M2,JAM,abs_latitude_ns2,geography,0.878740073551116
per_capita,M2,MEX,abs_latitude_ns2,geography,7.436275962043319
per_capita,M2,NIC,abs_latitude_ns2,geography,0.0
per_capita,M2,PAN,abs_latitude_ns2,geography,0.0
per_capita,M2,USA,abs_latitude_ns2,geography,202.19930638114087
per_capita,M2,AUS,abs_latitude_ns2,geography,101.49086935373302
per_capita,M2,NZL,abs_latitude_ns2,geography,295.5165236957537
per_capita,M2,PNG,abs_latitude_ns2,geography,0.0
per_capita,M2,ARG,abs_latitude_ns2,geography,106.93205457552357
per_capita,M2,BOL,abs_latitude_ns2,geography,1.0946201042380403
per_capita,M2,BRA,abs_latitude_ns2,geography,1.6317859850474494
per_capita,M2,CHL,abs_latitude_ns2,geography,125.72691819387845
per_capita,M2,COL,abs_latitude_ns2,geography,0.0
per_capita,M2,ECU,abs_latitude_ns2,geography,0.0
per_capita,M2,PRY,abs_latitude_ns2,geography,19.776305254038547
per_capita,M2,PER,abs_latitude_ns2,geography,0.0
per_capita,M2,SUR,abs_latitude_ns2,geography,0.0
per_capita,M2,URY,abs_latitude_ns2,geography,116.44542791159105
per_capita,M2,VEN,abs_latitude_ns2,geography,0.0
per_capita,M2,DZA,hemisphere=S:abs_latitude,geography,0.0
per_capita,M2,AGO,hemisphere=S:abs_latitude,geography,12.32
per_capita,M2,BEN,hemisphere=S:abs_latitude,geography,0.0
per_capita,M2,BWA,hemisphere=S:abs_latitude,geography,24.92
per_capita,M2,BFA,hemisphere=S:abs_latitude,geography,0.0
per_capita,M2,BDI,hemisphere=S:abs_latitude,geography,4.02
per_capita,M2,CMR,hemisphere=S:abs_latitude,geography,0.0
per_capita,M2,CAF,hemisphere=S:abs_latitude,geography,0.0
per_capita,M2,TCD,hemisphere=S:abs_latitude,geography,0.0
per_capita,M2,COG,hemisphere=S:abs_latitude,geography,4.02
per_capita,M2,COD,hemisphere=S:abs_latitude,geography,4.717826086956522
per_capita,M2,CIV,hemisphere=S:abs_latitude,geography,0.0
per_capita,M2,DJI,hemisphere=S:abs_latitude,geography,0.0
per_capita,M2,EGY,hemisphere=S:abs_latitude,geography,0.0
per_capita,M2,GNQ,hemisphere=S:abs_latitude,geography,0.0
per_capita,M2,ERI,hemisphere=S:abs_latitude,geography,0.0
per_capita,M2,ETH,hemisphere=S:abs_latitude,geography,0.0
per_capita,M2,GAB,hemisphere=S:abs_latitude,geography,0.0
per_capita,M2,GHA,hemisphere=S:abs_latitude,geography,0.0
per_capita,M2,GIN,hemisphere=S:abs_latitude,geography,0.0
per_capita,M2,GNB,hemisphere=S:abs_latitude,geography,0.0
per_capita,M2,KEN,hemisphere=S:abs_latitude,geography,1.3366666666666667
per_capita,M2,LSO,hemisphere=S:abs_latitude,geography,29.74
per_capita,M2,LBR,hemisphere=S:abs_latitude,geography,0.0
per_capita,M2,LBY,hemisphere=S:abs_latitude,geography,0.0
per_capita,M2,MDG,hemisphere=S:abs_latitude,geography,19.555
per_capita,M2,MWI,hemisphere=S:abs_latitude,geography,14.465
per_capita,M2,MLI,hemisphere=S:abs_latitude,geography,0.0
per_capita,M2,MRT,hemisphere=S:abs_latitude,geography,0.0
per_capita,M2,MAR,hemisphere=S:abs_latitude,geography,0.0
per_capita,M2,MOZ,hemisphere=S:abs_latitude,geography,19.420833333333334
per_capita,M2,NAM,hemisphere=S:abs_latitude,geography,23.31
per_capita,M2,NER,hemisphere=S:abs_latitude,geography,0.0
per_capita,M2,NGA,hemisphere=S:abs_latitude,geography,0.0
per_capita,M2,RWA,hemisphere=S:abs_latitude,geography,2.41
per_capita,M2,SEN,hemisphere=S:abs_latitude,geography,0.0
per_capita,M2,SLE,hemisphere=S:abs_latitude,geography,0.0
per_capita,M2,SOM,hemisphere=S:abs_latitude,geography,0.0
per_capita,M2,ZAF,hemisphere=S:abs_latitude,geography,28.1294
per_capita,M2,SDN,hemisphere=S:abs_latitude,geography,0.0
per_capita,M2,SWZ,hemisphere=S:abs_latitude,geography,26.52
per_capita,M2,TZA,hemisphere=S:abs_latitude,geography,5.726875
per_capita,M2,TGO,hemisphere=S:abs_latitude,geography,0.0
per_capita,M2,TUN,hemisphere=S:abs_latitude,geography,0.0
per_capita,M2,UGA,hemisphere=S:abs_latitude,geography,0.0
per_capita,M2,ZMB,hemisphere=S:abs_latitude,geography,13.86
per_capita,M2,ZWE,hemisphere=S:abs_latitude,geography,18.94
per_capita,M2,AFG,hemisphere=S:abs_latitude,geography,0.0
per_capita,M2,ARM,hemisphere=S:abs_latitude,geography,0.0
per_capita,M2,AZE,hemisphere=S:abs_latitude,geography,0.0
per_capita,M2,BGD,hemisphere=S:abs_latitude,geography,0.0
per_capita,M2,MMR,hemisphere=S:abs_latitude,geography,0.0
per_capita,M2,KHM,hemisphere=S:abs_latitude,geography,0.0
per_capita,M2,CHN,hemisphere=S:abs_latitude,geography,0.0
per_capita,M2,GEO,hemisphere=S:abs_latitude,geography,0.0
per_capita,M2,IND,hemisphere=S:abs_latitude,geography,0.0
per_capita,M2,IDN,hemisphere=S:abs_latitude,geography,5.857724137931035
per_capita,M2,IRN,hemisphere=S:abs_latitude,geography,0.0
per_capita,M2,IRQ,hemisphere=S:abs_latitude,geography,0.0
per_capita,M2,ISR,hemisphere=S:abs_latitude,geography,0.0
per_capita,M2,JPN,hemisphere=S:abs_latitude,geography,0.0
per_capita,M2,JOR,hemisphere=S:abs_latitude,geography,0.0
per_capita,M2,KAZ,hemisphere=S:abs_latitude,geography,0.0
per_capita,M2,LAO,hemisphere=S:abs_latitude,geography,0.0
per_capita,M2,LBN,hemisphere=S:abs_latitude,geography,0.0
per_capita,M2,MYS,hemisphere=S:abs_latitude,geography,0.0
per_capita,M2,MNG,hemisphere=S:abs_latitude,geography,0.0
per_capita,M2,NPL,hemisphere=S:abs_latitude,geography,0.0
per_capita,M2,OMN,hemisphere=S:abs_latitude,geography,0.0
per_capita,M2,PAK,hemisphere=S:abs_latitude,geography,0.0
per_capita,M2,PHL,hemisphere=S:abs_latitude,geography,0.0
per_capita,M2,QAT,hemisphere=S:abs_latitude,geography,0.0
per_capita,M2,SAU,hemisphere=S:abs_latitude,geography,0.0
per_capita,M2,KOR,hemisphere=S:abs_latitude,geography,0.0
per_capita,M2,LKA,hemisphere=S:abs_latitude,geography,0.0
per_capita,M2,SYR,hemisphere=S:abs_latitude,geography,0.0
per_capita,M2,TWN,hemisphere=S:abs_latitude,geography,0.0
per_capita,M2,TJK,hemisphere=S:abs_latitude,geography,0.0
per_capita,M2,THA,hemisphere=S:abs_latitude,geography,0.0
per_capita,M2,TUR,hemisphere=S:abs_latitude,geography,0.0
per_capita,M2,TKM,hemisphere=S:abs_latitude,geography,0.0
per_capita,M2,ARE,hemisphere=S:abs_latitude,geography,0.0
per_capita,M2,UZB,hemisphere=S:abs_latitude,geography,0.0
per_capita,M2,VNM,hemisphere=S:abs_latitude,geography,0.0
per_capita,M2,YEM,hemisphere=S:abs_latitude,geography,0.0
per_capita,M2,ALB,hemisphere=S:abs_latitude,geography,0.0
per_capita,M2,AUT,hemisphere=S:abs_latitude,geography,0.0
per_capita,M2,BLR,hemisphere=S:abs_latitude,geography,0.0
per_capita,M2,BEL,hemisphere=S:abs_latitude,geography,0.0
per_capita,M2,BIH,hemisphere=S:abs_latitude,geography,0.0
per_capita,M2,BGR,hemisphere=S:abs_latitude,geography,0.0
per_capita,M2,HRV,hemisphere=S:abs_latitude,geography,0.0
per_capita,M2,CYP,hemisphere=S:abs_latitude,geography,0.0
per_capita,M2,CZE,hemisphere=S:abs_latitude,geography,0.0
per_capita,M2,DNK,hemisphere=S:abs_latitude,geography,0.0
per_capita,M2,EST,hemisphere=S:abs_latitude,geography,0.0
per_capita,M2,FIN,hemisphere=S:abs_latitude,geography,0.0
per_capita,M2,FRA,hemisphere=S:abs_latitude,geography,0.0
per_capita,M2,DEU,hemisphere=S:abs_latitude,geography,0.0
per_capita,M2,GRC,hemisphere=S:abs_latitude,geography,0.0
per_capita,M2,HUN,hemisphere=S:abs_latitude,geography,0.0
per_capita,M2,ISL,hemisphere=S:abs_latitude,geography,0.0
per_capita,M2,IRL,hemisphere=S:abs_latitude,geography,0.0
per_capita,M2,ITA,hemisphere=S:abs_latitude,geography,0.0
per_capita,M2,LVA,hemisphere=S:abs_latitude,geography,0.0
per_capita,M2,LTU,hemisphere=S:abs_latitude,geography,0.0
per_capita,M2,MKD,hemisphere=S:abs_latitude,geography,0.0
per_capita,M2,MDA,hemisphere=S:abs_latitude,geography,0.0
per_capita,M2,MNE,hemisphere=S:abs_latitude,geography,0.0
per_capita,M2,NLD,hemisphere=S:abs_latitude,geography,0.0
per_capita,M2,NOR,hemisphere=S:abs_latitude,geography,0.0
per_capita,M2,POL,hemisphere=S:abs_latitude,geography,0.0
per_capita,M2,PRT,hemisphere=S:abs_latitude,geography,0.0
per_capita,M2,ROU,hemisphere=S:abs_latitude,geography,0.0
per_capita,M2,RUS,hemisphere=S:abs_latitude,geography,0.0
per_capita,M2,SRB,hemisphere=S:abs_latitude,geography,0.0
per_capita,M2,SVK,hemisphere=S:abs_latitude,geography,0.0
per_capita,M2,SVN,hemisphere=S:abs_latitude,geography,0.0
per_capita,M2,ESP,hemisphere=S:abs_latitude,geography,0.0
per_capita,M2,SWE,hemisphere=S:abs_latitude,geography,0.0
per_capita,M2,CHE,hemisphere=S:abs_latitude,geography,0.0
per_capita,M2,UKR,hemisphere=S:abs_latitude,geography,0.0
per_capita,M2,GBR,hemisphere=S:abs_latitude,geography,0.0
per_capita,M2,BHS,hemisphere=S:abs_latitude,geography,0.0
per_capita,M2,CAN,hemisphere=S:abs_latitude,geography,0.0
per_capita,M2,CRI,hemisphere=S:abs_latitude,geography,0.0
per_capita,M2,CUB,hemisphere=S:abs_latitude,geography,0.0
per_capita,M2,DOM,hemisphere=S:abs_latitude,geography,0.0
per_capita,M2,SLV,hemisphere=S:abs_latitude,geography,0.0
per_capita,M2,GTM,hemisphere=S:abs_latitude,geography,0.0
per_capita,M2,HTI,hemisphere=S:abs_latitude,geography,0.0
per_capita,M2,HND,hemisphere=S:abs_latitude,geography,0.0
per_capita,M2,JAM,hemisphere=S:abs_latitude,geography,0.0
per_capita,M2,MEX,hemisphere=S:abs_latitude,geography,0.0
per_capita,M2,NIC,hemisphere=S:abs_latitude,geography,0.0
per_capita,M2,PAN,hemisphere=S:abs_latitude,geography,0.0
per_capita,M2,USA,hemisphere=S:abs_latitude,geography,0.0
per_capita,M2,AUS,hemisphere=S:abs_latitude,geography,32.14857142857143
per_capita,M2,NZL,hemisphere=S:abs_latitude,geography,39.562222222222225
per_capita,M2,PNG,hemisphere=S:abs_latitude,geography,8.84
per_capita,M2,ARG,hemisphere=S:abs_latitude,geography,32.450625
per_capita,M2,BOL,hemisphere=S:abs_latitude,geography,18.748333333333335
per_capita,M2,BRA,hemisphere=S:abs_latitude,geography,19.28931818181818
per_capita,M2,CHL,hemisphere=S:abs_latitude,geography,33.42125
per_capita,M2,COL,hemisphere=S:abs_latitude,geography,0.0
per_capita,M2,ECU,hemisphere=S:abs_latitude,geography,1.790769230769231
per_capita,M2,PRY,hemisphere=S:abs_latitude,geography,24.92
per_capita,M2,PER,hemisphere=S:abs_latitude,geography,10.519545454545455
per_capita,M2,SUR,hemisphere=S:abs_latitude,geography,0.0
per_capita,M2,URY,hemisphere=S:abs_latitude,geography,32.955
per_capita,M2,VEN,hemisphere=S:abs_latitude,geography,0.0
