weights,protocol,fit,n_train,n_test,training_boundary_ties,row_sums_exactly_one,logdet_sign_positive_on_grid,logdet_finite_on_grid,spectral_radius,min_real_eigenvalue,training_first_neighbour_km_median,training_eighth_neighbour_km_median,training_eighth_neighbour_km_max,structural_pass,failure,attachment_boundary_ties,attachment_first_km_min,attachment_eighth_km_max,attachment_weights_sum_one
station,full_sample,all,151,0,4,True,True,True,1.0000000000000038,-0.297788142288598,423.1374906719694,1442.1691776272546,9182.273627364239,True,,,,,
station,primary_loco,DZA,140,1,4,True,True,True,1.000000000000003,-0.3573429651740909,425.9565657761533,1463.6122945463862,9182.273627364239,True,,0.0,1179.6344541122817,1678.5288072783603,True
station,primary_loco,AGO,143,1,4,True,True,True,1.0000000000000016,-0.2921071646345667,400.2357841874469,1474.1299852322582,9182.273627364239,True,,0.0,1805.446458351575,2370.814975408515,True
station,primary_loco,BEN,143,1,4,True,True,True,1.0000000000000027,-0.29766693385235155,423.4548338550739,1535.0916018024352,9182.273627364239,True,,0.0,994.9740410083191,1843.46538379767,True
station,primary_loco,BWA,142,1,4,True,True,True,1.0000000000000018,-0.3307080583092977,399.083621576208,1420.865863194476,9182.273627364239,True,,0.0,1446.61117555206,2854.443237910843,True
station,primary_loco,BFA,140,1,4,True,True,True,1.0000000000000027,-0.2910606862846536,443.40769711153223,1519.6324338563804,9182.273627364239,True,,0.0,1052.2930055147838,2484.2062479899832,True
station,primary_loco,BDI,144,1,4,True,True,True,1.0000000000000004,-0.2798406267536389,399.083621576208,1458.4180905640715,9182.273627364239,True,,0.0,1289.3834194177368,1848.7159247169045,True
station,primary_loco,CMR,142,1,4,True,True,True,1.0000000000000004,-0.2896873304048072,397.931458964969,1482.2114713737635,9182.273627364239,True,,0.0,1036.8750693719046,2242.066882416424,True
station,primary_loco,CAF,141,1,4,True,True,True,1.0000000000000027,-0.2971095346245596,397.931458964969,1477.043985360583,9182.273627364239,True,,0.0,1440.1773725834348,2158.961641648726,True
station,primary_loco,TCD,140,1,5,True,True,True,0.9999999999999998,-0.32619446826231346,382.71759619570616,1516.123795861307,9182.273627364239,True,,0.0,1028.3704520985661,2006.7634001298366,True
station,primary_loco,COG,143,1,4,True,True,True,1.000000000000002,-0.2903105787984589,397.931458964969,1477.6066671860951,9182.273627364239,True,,0.0,1603.903841041737,2122.242363073052,True
station,primary_loco,COD,133,1,4,True,True,True,1.0000000000000098,-0.2643261480865573,385.84365816787545,1474.1299852322582,9182.273627364239,True,,0.0,1695.9404939860888,2695.5732729692304,True
station,primary_loco,CIV,141,1,4,True,True,True,0.999999999999999,-0.2903155595180548,486.85780585958014,1512.7175599913132,9182.273627364239,True,,0.0,1193.9561757341842,2493.521823940659,True
station,primary_loco,DJI,145,1,4,True,True,True,1.0000000000000047,-0.28850314549577627,400.2357841874469,1440.1773725834348,9182.273627364239,True,,0.0,1121.412549980065,2156.836633378262,True
station,primary_loco,EGY,137,1,3,True,True,True,1.000000000000001,-0.2999023365161462,397.931458964969,1535.0916018024352,9182.273627364239,True,,0.0,1606.9785629382557,1918.5695690326,True
station,primary_loco,GNQ,145,1,4,True,True,True,1.0000000000000018,-0.2907785616193465,400.2357841874469,1477.043985360583,9182.273627364239,True,,0.0,994.9740410083191,1714.3649573197742,True
station,primary_loco,ERI,143,1,6,True,True,True,1.0000000000000053,-0.28453057520851394,397.931458964969,1440.1773725834348,9182.273627364239,True,,0.0,1549.5810323202434,2123.6632457761348,True
station,primary_loco,ETH,141,1,4,True,True,True,1.0000000000000036,-0.2993773508966842,397.931458964969,1442.1691776272546,9182.273627364239,True,,0.0,1670.1003356944798,2395.5224934432117,True
station,primary_loco,GAB,143,1,4,True,True,True,1.0000000000000013,-0.2903105787984599,397.931458964969,1477.6066671860951,9182.273627364239,True,,0.0,1188.1210625987153,2157.1025498065196,True
station,primary_loco,GHA,142,1,4,True,True,True,1.0000000000000004,-0.29106068628465276,425.9565657761533,1530.8194547619414,9182.273627364239,True,,0.0,1163.8932003037007,1998.1159637480957,True
station,primary_loco,GIN,142,1,4,True,True,True,1.0000000000000007,-0.32068866125503925,451.03603267492997,1486.8579553168654,9182.273627364239,True,,0.0,1163.8932003037007,2507.3279929875066,True
station,primary_loco,GNB,145,1,4,True,True,True,1.0000000000000044,-0.29530030335199253,480.41757876205895,1453.0946038605146,9182.273627364239,True,,0.0,710.056253588082,2401.349120798496,True
station,primary_loco,KEN,142,1,4,True,True,True,1.0000000000000016,-0.26454018225897064,397.931458964969,1423.1555759504558,9182.273627364239,True,,0.0,1499.653618821558,2097.9029421753794,True
station,primary_loco,LSO,146,1,4,True,True,True,1.0000000000000022,-0.29500765987794086,423.29616226352164,1441.1732751053446,9182.273627364239,True,,0.0,1228.5841587120226,2867.985830522182,True
station,primary_loco,LBR,143,1,4,True,True,True,1.0000000000000016,-0.3130369402065478,480.41757876205895,1489.4795462801071,9182.273627364239,True,,0.0,710.056253588082,2294.626668921546,True
station,primary_loco,LBY,142,1,4,True,True,True,1.000000000000002,-0.34509863965414883,391.88755856642223,1490.3942975127484,9182.273627364239,True,,0.0,1051.230667728244,1558.672011445138,True
station,primary_loco,MDG,149,1,4,True,True,True,1.0000000000000018,-0.30797185681985495,400.2357841874469,1442.7061958958848,9182.273627364239,True,,0.0,1384.0296029202043,2227.4461734136394,True
station,primary_loco,MWI,145,1,4,True,True,True,1.0000000000000018,-0.2831731566817964,397.931458964969,1474.1299852322582,9182.273627364239,True,,0.0,1289.3834194177368,1828.6281881862728,True
station,primary_loco,MLI,135,1,4,True,True,True,1.0000000000000038,-0.29106068628465376,428.45829769723264,1511.2090320004447,9182.273627364239,True,,0.0,2015.8534523430628,3029.3412524318987,True
station,primary_loco,MRT,142,1,4,True,True,True,1.000000000000005,-0.3146468376903005,451.03603267492997,1479.183174792941,9182.273627364239,True,,0.0,1121.3005731898202,2487.714492920348,True
station,primary_loco,MAR,145,1,4,True,True,True,1.0000000000000016,-0.31078939051007537,423.4548338550739,1442.7061958958848,9182.273627364239,True,,0.0,1546.6242328810565,2152.719531388444,True
station,primary_loco,MOZ,140,1,4,True,True,True,1.0000000000000024,-0.28362435334910613,397.931458964969,1421.861765716386,9182.273627364239,True,,0.0,1831.3936969169256,2801.860734050573,True
station,primary_loco,NAM,145,1,4,True,True,True,1.000000000000003,-0.3212742853240176,423.1374906719694,1442.1691776272546,9182.273627364239,True,,0.0,1313.6174856217833,2720.3523289305463,True
station,primary_loco,NER,140,1,4,True,True,True,0.9999999999999996,-0.3018885338873339,411.6866374297081,1540.933054324596,9182.273627364239,True,,0.0,1217.1611822126195,2199.5726427851378,True
station,primary_loco,NGA,139,1,4,True,True,True,0.9999999999999984,-0.2925052491127831,428.45829769723264,1526.5473077214479,9182.273627364239,True,,0.0,1361.8044571222695,2416.259969357181,True
station,primary_loco,RWA,145,1,4,True,True,True,1.0000000000000022,-0.28030121322095874,400.2357841874469,1442.7061958958848,9182.273627364239,True,,0.0,1288.5393886365543,1838.9452298816398,True
station,primary_loco,SEN,143,1,4,True,True,True,1.0000000000000013,-0.31687554549958413,473.61376765262736,1446.61117555206,9182.273627364239,True,,0.0,1536.5481789147973,2935.3845441010003,True
station,primary_loco,SLE,144,1,4,True,True,True,1.0000000000000024,-0.32124842318282154,477.0156732073432,1449.8528897062874,9182.273627364239,True,,0.0,1052.2930055147838,2489.879296147361,True
station,primary_loco,SOM,143,1,4,True,True,True,0.9999999999999997,-0.2927394228907514,397.931458964969,1442.1691776272546,9182.273627364239,True,,0.0,1269.4404588618097,2508.1059068195145,True
station,primary_loco,ZAF,144,1,4,True,True,True,1.0000000000000002,-0.29008994812086053,411.6866374297081,1420.865863194476,9182.273627364239,True,,0.0,1587.8735573724528,2871.181387411216,True
station,primary_loco,SDN,140,1,6,True,True,True,1.0000000000000027,-0.26697809414390694,391.88755856642223,1474.536690849839,9182.273627364239,True,,0.0,1121.412549980065,2338.1079077423765,True
station,primary_loco,SWZ,145,1,4,True,True,True,1.0000000000000036,-0.28963441695015857,423.1374906719694,1440.1773725834348,9182.273627364239,True,,0.0,1367.397948940314,2690.882746773124,True
station,primary_loco,TZA,141,1,4,True,True,True,1.0000000000000002,-0.27660339349134805,397.931458964969,1442.1691776272546,9182.273627364239,True,,0.0,1568.9981311754461,2328.6064499501326,True
station,primary_loco,TGO,143,1,4,True,True,True,1.0000000000000027,-0.29766693385235155,423.4548338550739,1535.0916018024352,9182.273627364239,True,,0.0,1114.6788601368717,1786.1625067638226,True
station,primary_loco,TUN,145,1,4,True,True,True,0.9999999999999998,-0.2980927212111004,428.45829769723264,1446.61117555206,9182.273627364239,True,,0.0,987.1599150916882,1275.0651720481378,True
station,primary_loco,UGA,143,1,4,True,True,True,0.9999999999999989,-0.2995161238942078,397.931458964969,1442.1691776272546,9182.273627364239,True,,0.0,1133.5068614286647,1924.1555849891822,True
station,primary_loco,ZMB,141,1,4,True,True,True,1.0000000000000027,-0.2796666326349927,397.931458964969,1442.1691776272546,9182.273627364239,True,,0.0,1288.5393886365543,2098.2577726138925,True
station,primary_loco,ZWE,141,1,4,True,True,True,1.0000000000000018,-0.2887833641487133,397.931458964969,1442.1691776272546,9182.273627364239,True,,0.0,1228.5841587120226,2333.0057653469407,True
station,primary_loco,AFG,142,1,2,True,True,True,1.0000000000000009,-0.30946841788186363,397.931458964969,1402.8481640395871,9182.273627364239,True,,0.0,1636.1649674446112,2358.8823645943753,True
station,primary_loco,ARM,143,1,0,True,True,True,1.0000000000000007,-0.3094623854870139,423.1374906719694,1496.5522306718733,9182.273627364239,True,,0.0,1144.1870617583572,1556.9311098495232,True
station,primary_loco,AZE,140,1,0,True,True,True,1.0000000000000013,-0.31239283589193023,423.29616226352164,1486.8579553168654,9182.273627364239,True,,0.0,1442.1691776272546,1801.1343355864426,True
station,primary_loco,BGD,146,1,4,True,True,True,1.0000000000000002,-0.29806327496070856,397.931458964969,1402.8481640395871,9182.273627364239,True,,0.0,1513.915618822036,2606.5374893448247,True
station,primary_loco,MMR,141,1,4,True,True,True,1.0000000000000016,-0.2978059874773226,397.931458964969,1393.35419379525,10058.758864130423,True,,0.0,1445.2804755107609,3472.0475144607603,True
station,primary_loco,KHM,144,1,4,True,True,True,1.0000000000000007,-0.30132522027869857,399.083621576208,1398.3547982554999,9902.588146541837,True,,0.0,1840.447294888039,3534.2094657338266,True
station,primary_loco,CHN,131,1,2,True,True,True,1.0000000000000022,-0.3000080198355063,379.5915342235368,1351.3079047602196,10864.266373486727,True,,0.0,3507.888475717798,5816.657550409686,True
station,primary_loco,GEO,140,1,0,True,True,True,1.000000000000003,-0.30693213494546023,411.6866374297081,1493.0158884759903,9182.273627364239,True,,0.0,1144.1870617583572,1755.7438210555915,True
station,primary_loco,IND,140,1,2,True,True,True,1.0000000000000027,-0.3005155517981015,391.88755856642223,1387.5174190527632,9201.290397887928,True,,0.0,2303.9908539733033,2982.1692751048718,True
station,primary_loco,IDN,142,1,4,True,True,True,1.0000000000000038,-0.2977097049841091,397.931458964969,1394.2547182503663,10187.404499414652,True,,0.0,1971.154562931003,5091.417691668225,True
station,primary_loco,IRN,134,1,0,True,True,True,1.0000000000000024,-0.2895799278493927,411.6866374297081,1479.183174792941,9182.273627364239,True,,0.0,1459.7444098201831,2358.5049435653427,True
station,primary_loco,IRQ,136,1,0,True,True,True,1.0000000000000038,-0.3292694382344837,461.62113922691185,1502.7782278860298,9182.273627364239,True,,0.0,1562.2381241934052,2076.4368177363467,True
station,primary_loco,ISR,142,1,2,True,True,True,1.0000000000000022,-0.31818431566773114,423.29616226352164,1519.6324338563804,9182.273627364239,True,,0.0,1192.447188669057,1709.6540036150923,True
station,primary_loco,JPN,145,1,4,True,True,True,1.0000000000000029,-0.3024570233050449,397.931458964969,1401.5543538055174,9624.735225062106,True,,0.0,2767.413113681763,4877.144310642027,True
station,primary_loco,JOR,142,1,2,True,True,True,1.0000000000000022,-0.31818431566773114,423.29616226352164,1519.6324338563804,9182.273627364239,True,,0.0,1185.477073952835,1687.282406015309,True
station,primary_loco,KAZ,139,1,0,True,True,True,0.9999999999999996,-0.3098920417856139,423.1374906719694,1440.1773725834348,9182.273627364239,True,,0.0,2056.059535836901,2959.7858351790173,True
station,primary_loco,LAO,145,1,4,True,True,True,0.9999999999999986,-0.3007660250141389,400.2357841874469,1401.5543538055174,9453.81292451432,True,,0.0,1513.915618822036,2719.6412519449573,True
station,primary_loco,LBN,142,1,2,True,True,True,1.0000000000000022,-0.31818431566773114,423.29616226352164,1519.6324338563804,9182.273627364239,True,,0.0,1105.5956864821965,1570.5269912142896,True
station,primary_loco,MYS,144,1,4,True,True,True,1.0000000000000013,-0.2968347160680684,399.083621576208,1398.3547982554999,10058.758864130423,True,,0.0,1666.9298063879476,4357.604833768512,True
station,primary_loco,MNG,147,1,3,True,True,True,1.0000000000000029,-0.30238320937176916,397.931458964969,1404.141974273657,9182.273627364239,True,,0.0,1837.0478104746458,3255.436289101884,True
station,primary_loco,NPL,147,1,4,True,True,True,1.0000000000000029,-0.29806327496070645,397.931458964969,1404.141974273657,9182.273627364239,True,,0.0,1378.822195679322,2244.8404775312383,True
station,primary_loco,OMN,144,1,4,True,True,True,1.0000000000000016,-0.3067121487352215,423.29616226352164,1443.3942740677476,9182.273627364239,True,,0.0,1283.8708589496996,2534.5499800101784,True
station,primary_loco,PAK,141,1,2,True,True,True,1.0000000000000047,-0.2967876767325985,400.2357841874469,1404.141974273657,9182.273627364239,True,,0.0,1378.822195679322,2680.368231742026,True
station,primary_loco,PHL,145,1,4,True,True,True,1.0000000000000013,-0.2985870718924811,397.931458964969,1401.5543538055174,9902.588146541837,True,,0.0,1671.6325668651411,3636.4227623394986,True
station,primary_loco,QAT,145,1,6,True,True,True,1.0000000000000009,-0.2895780481342103,400.2357841874469,1446.61117555206,9182.273627364239,True,,0.0,1442.7061958958848,1842.6756834140494,True
station,primary_loco,SAU,132,1,2,True,True,True,1.0000000000000024,-0.28453057520851455,411.6866374297081,1485.3411079520656,9182.273627364239,True,,0.0,2059.65097886676,2703.4682222441115,True
station,primary_loco,KOR,147,1,4,True,True,True,1.0000000000000024,-0.30374865468014656,397.931458964969,1404.141974273657,9201.290397887928,True,,0.0,1558.1019925945523,3647.8458420904076,True
station,primary_loco,LKA,149,1,4,True,True,True,1.0000000000000033,-0.30666922429042504,400.2357841874469,1440.1773725834348,9182.273627364239,True,,0.0,2057.57847124328,2745.987813458961,True
station,primary_loco,SYR,138,1,0,True,True,True,1.0000000000000004,-0.2915748827696722,436.54167232813506,1510.8608925457497,9182.273627364239,True,,0.0,1181.6920700338865,1671.6160081931491,True
station,primary_loco,TWN,147,1,4,True,True,True,1.0000000000000007,-0.29775690711245945,397.931458964969,1404.141974273657,9624.735225062106,True,,0.0,1558.1019925945523,2871.5325790894435,True
station,primary_loco,TJK,143,1,2,True,True,True,1.0000000000000049,-0.3063979758433964,397.931458964969,1404.141974273657,9182.273627364239,True,,0.0,1729.0006915837118,2288.589226660918,True
station,primary_loco,THA,142,1,4,True,True,True,1.0000000000000013,-0.2988295770831998,397.931458964969,1394.2547182503663,10058.758864130423,True,,0.0,1616.7117168210063,3784.5274376799157,True
station,primary_loco,TUR,129,1,0,True,True,True,1.0000000000000022,-0.3071801590485967,480.41757876205895,1536.731377746373,9182.273627364239,True,,0.0,1250.3140533891853,1760.8519843188933,True
station,primary_loco,TKM,141,1,0,True,True,True,1.0000000000000018,-0.3094132937591065,423.1374906719694,1404.141974273657,9182.273627364239,True,,0.0,1395.1552427054824,2398.5118664262905,True
station,primary_loco,ARE,144,1,4,True,True,True,1.0000000000000016,-0.3067121487352215,423.29616226352164,1443.3942740677476,9182.273627364239,True,,0.0,1562.864040600539,2023.194150193204,True
station,primary_loco,UZB,142,1,3,True,True,True,0.9999999999999993,-0.3095962223121857,399.083621576208,1402.8481640395871,9182.273627364239,True,,0.0,1705.4849196855164,2303.9908539733033,True
station,primary_loco,VNM,143,1,4,True,True,True,1.0000000000000004,-0.3016166973180242,397.931458964969,1395.1552427054824,10058.758864130423,True,,0.0,1671.6325668651411,3653.5189762224154,True
station,primary_loco,YEM,142,1,4,True,True,True,1.000000000000003,-0.28453057520851305,411.6866374297081,1422.1596734285458,9182.273627364239,True,,0.0,1442.7061958958848,2392.2548453818426,True
station,primary_loco,ALB,138,1,3,True,True,True,1.0,-0.31648559898573997,477.0156732073432,1510.8608925457497,9182.273627364239,True,,0.0,806.5585229445715,1185.1884388265905,True
station,primary_loco,AUT,133,1,4,True,True,True,1.0000000000000009,-0.30926390109931534,507.62979687285184,1552.6922359008197,9182.273627364239,True,,0.0,851.8613303061896,1181.5120048271804,True
station,primary_loco,BLR,137,1,4,True,True,True,0.9999999999999989,-0.30594217319610484,506.62454646134614,1489.4795462801071,9182.273627364239,True,,0.0,1078.5008908623358,1224.23080246211,True
station,primary_loco,BEL,141,1,4,True,True,True,1.0000000000000004,-0.2999034143127663,483.058925480137,1496.5522306718733,9182.273627364239,True,,0.0,834.1097825768189,1205.5633656463679,True
station,primary_loco,BIH,132,1,6,True,True,True,1.0000000000000018,-0.3138568391133335,507.127171667099,1536.6397783305852,9182.273627364239,True,,0.0,941.5353621371274,1346.6758473915709,True
station,primary_loco,BGR,136,1,3,True,True,True,1.0000000000000018,-0.3305108181700235,481.73825212109796,1518.376770769964,9182.273627364239,True,,0.0,928.3955047745721,1298.7043861511793,True
station,primary_loco,HRV,131,1,6,True,True,True,1.0000000000000029,-0.3138609290252361,507.62979687285184,1545.1347309028188,9182.273627364239,True,,0.0,1014.3939367478844,1408.1905597630405,True
station,primary_loco,CYP,141,1,2,True,True,True,0.9999999999999997,-0.318182058701935,423.1374906719694,1526.5473077214479,9182.273627364239,True,,0.0,1122.68664194198,1467.4398624685018,True
station,primary_loco,CZE,130,1,4,True,True,True,1.0000000000000013,-0.3021542243696374,512.3590686317127,1567.4424545986724,9182.273627364239,True,,0.0,768.3077017020465,1156.3919780968333,True
station,primary_loco,DNK,138,1,4,True,True,True,0.9999999999999991,-0.3026465924210038,506.62454646134614,1502.7782278860298,9182.273627364239,True,,0.0,938.1554159537769,1196.300411514432,True
station,primary_loco,EST,142,1,4,True,True,True,1.0000000000000018,-0.30333631562182717,461.62113922691185,1463.6122945463862,9182.273627364239,True,,0.0,1048.7559208943085,1408.4519213883111,True
station,primary_loco,FIN,143,1,4,True,True,True,1.0000000000000029,-0.30256826744055,449.6285108011963,1446.61117555206,9182.273627364239,True,,0.0,970.2426745890441,1597.6319000748097,True
station,primary_loco,FRA,135,1,4,True,True,True,1.0000000000000029,-0.29822842172688124,483.058925480137,1496.5522306718733,9182.273627364239,True,,0.0,1174.0991370696943,1427.3247138444458,True
station,primary_loco,DEU,129,1,4,True,True,True,1.000000000000003,-0.30431765166467023,516.8038862740605,1547.3673517483949,9182.273627364239,True,,0.0,1138.8755138826007,1491.0728239892305,True
station,primary_loco,GRC,135,1,2,True,True,True,1.000000000000005,-0.30170429370178686,480.41757876205895,1526.5473077214479,9182.273627364239,True,,0.0,1061.7800957409945,1244.8984796948178,True
station,primary_loco,HUN,131,1,3,True,True,True,1.0000000000000004,-0.29577513667681077,507.62979687285184,1547.3673517483949,9182.273627364239,True,,0.0,963.3632070652586,1320.834585155208,True
station,primary_loco,ISL,150,1,4,True,True,True,1.0000000000000033,-0.29778814228860034,411.6866374297081,1441.1732751053446,9182.273627364239,True,,0.0,1529.172897361748,2247.6579459042964,True
station,primary_loco,IRL,148,1,4,True,True,True,1.000000000000001,-0.29788065226180965,439.04340424921446,1449.8528897062874,9182.273627364239,True,,0.0,834.1097825768189,1511.2090320004447,True
station,primary_loco,ITA,127,1,8,True,True,True,0.9999999999999987,-0.3130594281556348,506.62454646134614,1545.1347309028188,9182.273627364239,True,,0.0,1080.7828502091859,1735.8490922704648,True
station,primary_loco,LVA,140,1,4,True,True,True,1.0000000000000016,-0.3026917949541823,477.0156732073432,1486.8579553168654,9182.273627364239,True,,0.0,920.5210089259396,1350.2394195201443,True
station,primary_loco,LTU,140,1,4,True,True,True,1.0000000000000016,-0.3026917949541823,477.0156732073432,1486.8579553168654,9182.273627364239,True,,0.0,768.3077017020465,1208.195998408037,True
station,primary_loco,MKD,139,1,3,True,True,True,1.0000000000000027,-0.31650041536373896,473.61376765262736,1509.0042251001862,9182.273627364239,True,,0.0,644.2038031593597,1214.8917886539873,True
station,primary_loco,MDA,139,1,3,True,True,True,0.9999999999999991,-0.3098067777799518,449.6285108011963,1497.1857108246963,9182.273627364239,True,,0.0,768.3838988466838,1069.1547208598322,True
station,primary_loco,MNE,137,1,6,True,True,True,1.0000000000000002,-0.313738479297579,483.058925480137,1512.7175599913132,9182.273627364239,True,,0.0,863.216582559573,1233.1496345236558,True
station,primary_loco,NLD,138,1,4,True,True,True,1.0000000000000029,-0.2997125673617674,496.74117616046317,1518.376770769964,9182.273627364239,True,,0.0,876.3390061165742,1350.2394195201443,True
station,primary_loco,NOR,143,1,4,True,True,True,1.0000000000000009,-0.3025767509340346,449.6285108011963,1453.0946038605146,9182.273627364239,True,,0.0,1048.7559208943085,1459.2731286209016,True
station,primary_loco,POL,129,1,4,True,True,True,1.0000000000000022,-0.3012956031606033,516.8038862740605,1536.731377746373,9182.273627364239,True,,0.0,991.7741965331772,1206.5222728680792,True
station,primary_loco,PRT,147,1,4,True,True,True,1.0000000000000022,-0.2977717361638923,428.45829769723264,1446.61117555206,9182.273627364239,True,,0.0,1179.6344541122817,1752.9982285728083,True
station,primary_loco,ROU,132,1,3,True,True,True,1.0000000000000044,-0.3164886653077615,507.127171667099,1531.6319701662032,9182.273627364239,True,,0.0,1060.5614286330772,1517.684009486537,True
station,primary_loco,RUS,124,1,0,True,True,True,1.0000000000000016,-0.30728815537688675,425.9565657761533,1497.3730978745225,9201.290397887928,True,,0.0,1705.4849196855164,2684.0840966030883,True
station,primary_loco,SRB,131,1,3,True,True,True,1.0000000000000013,-0.3164770384288256,506.62454646134614,1536.5481789147973,9182.273627364239,True,,0.0,1118.676797118099,1456.9709214856157,True
station,primary_loco,SVK,133,1,3,True,True,True,1.000000000000004,-0.29198308772569914,506.62454646134614,1545.1347309028188,9182.273627364239,True,,0.0,644.2038031593597,1180.964742630492,True
station,primary_loco,SVN,134,1,4,True,True,True,1.0000000000000013,-0.2971919980729459,507.127171667099,1540.723637815457,9182.273627364239,True,,0.0,650.6202752681369,1196.300411514432,True
station,primary_loco,ESP,142,1,4,True,True,True,1.0000000000000013,-0.3081544038616569,423.29616226352164,1463.6122945463862,9182.273627364239,True,,0.0,1366.3661410634015,1708.8580303682074,True
station,primary_loco,SWE,138,1,4,True,True,True,0.9999999999999999,-0.3035915685174728,477.0156732073432,1487.128280478067,9182.273627364239,True,,0.0,1149.0441567549087,1488.8570481649392,True
station,primary_loco,CHE,137,1,4,True,True,True,1.000000000000003,-0.2968964612447053,506.62454646134614,1535.0916018024352,9182.273627364239,True,,0.0,928.7317525899069,1254.5344712260583,True
station,primary_loco,UKR,130,1,0,True,True,True,0.9999999999999994,-0.3033414920885076,506.62454646134614,1536.6397783305852,9182.273627364239,True,,0.0,1037.2114465583693,1589.938315368931,True
station,primary_loco,GBR,143,1,4,True,True,True,1.0000000000000022,-0.29841153578775736,480.41757876205895,1489.4795462801071,9182.273627364239,True,,0.0,928.7317525899069,1484.7770146760267,True
station,primary_loco,BHS,145,1,4,True,True,True,1.0000000000000018,-0.2977881422886003,428.45829769723264,1442.7061958958848,9182.273627364239,True,,0.0,1474.1299852322582,2106.282300124535,True
station,primary_loco,CAN,149,1,4,True,True,True,1.0000000000000024,-0.2977881422886012,400.2357841874469,1440.1773725834348,9182.273627364239,True,,0.0,2654.429629499364,3601.6387970607225,True
station,primary_loco,CRI,145,1,4,True,True,True,1.0000000000000022,-0.2977881422885982,428.45829769723264,1446.61117555206,9182.273627364239,True,,0.0,890.2839061537835,1859.160565751784,True
station,primary_loco,CUB,142,1,4,True,True,True,0.9999999999999967,-0.2977881422886013,425.9565657761533,1442.4376867615697,9182.273627364239,True,,0.0,1317.858268115998,3042.9270906204783,True
station,primary_loco,DOM,146,1,4,True,True,True,1.0000000000000016,-0.29778814228860023,439.04340424921446,1444.6586857239724,9182.273627364239,True,,0.0,1026.541268631132,2215.987041345674,True
station,primary_loco,SLV,145,1,4,True,True,True,0.9999999999999973,-0.29778814228859896,428.45829769723264,1446.61117555206,9182.273627364239,True,,0.0,1161.7769880412238,2215.987041345674,True
station,primary_loco,GTM,146,1,4,True,True,True,0.9999999999999998,-0.29778814228859923,439.04340424921446,1444.6586857239724,9182.273627364239,True,,0.0,890.2839061537835,2270.2226511329022,True
station,primary_loco,HTI,145,1,4,True,True,True,1.0000000000000018,-0.29778814228859873,428.45829769723264,1446.61117555206,9182.273627364239,True,,0.0,1118.6342319660312,2395.455203479181,True
station,primary_loco,HND,142,1,4,True,True,True,1.0000000000000013,-0.29778814228860173,465.0230447816276,1442.4376867615697,9182.273627364239,True,,0.0,1025.8632757634448,3089.199101790283,True
station,primary_loco,JAM,144,1,4,True,True,True,1.0000000000000013,-0.2977881422885979,439.04340424921446,1444.6586857239724,9182.273627364239,True,,0.0,1141.8548342917834,2558.159264147071,True
station,primary_loco,MEX,144,1,4,True,True,True,1.0000000000000016,-0.2977881422886007,461.62113922691185,1444.6586857239724,9182.273627364239,True,,0.0,2194.183046137531,3295.7236371664576,True
station,primary_loco,NIC,143,1,4,True,True,True,1.0000000000000009,-0.29778814228860195,423.4548338550739,1442.7061958958848,9182.273627364239,True,,0.0,1259.823847367864,2749.2559745020703,True
station,primary_loco,PAN,146,1,4,True,True,True,1.0000000000000007,-0.2977881422885998,411.6866374297081,1446.61117555206,9182.273627364239,True,,0.0,1025.8632757634448,1605.1512377024997,True
station,primary_loco,USA,145,1,4,True,True,True,1.0000000000000013,-0.3023303557195801,400.2357841874469,1442.1691776272546,9182.273627364239,True,,0.0,2479.978367343262,3393.0442085420664,True
station,primary_loco,AUS,148,1,4,True,True,True,0.9999999999999996,-0.29712416212616605,399.083621576208,1422.1596734285458,9624.735225062106,True,,0.0,2671.1336211587063,7241.60894586479,True
station,primary_loco,NZL,150,1,4,True,True,True,1.0000000000000002,-0.2977881422885992,411.6866374297081,1441.1732751053446,7018.260438259346,True,,0.0,2671.1336211587063,9182.273627364239,True
station,primary_loco,PNG,148,1,4,True,True,True,0.9999999999999996,-0.29712416212616605,399.083621576208,1422.1596734285458,9624.735225062106,True,,0.0,3616.3000950830587,5610.964169867275,True
station,primary_loco,ARG,145,1,4,True,True,True,1.000000000000001,-0.2977881422886017,397.931458964969,1401.5543538055174,9182.273627364239,True,,0.0,2773.810945423446,5522.024685005277,True
station,primary_loco,BOL,145,1,4,True,True,True,1.000000000000002,-0.29778814228859973,397.931458964969,1401.5543538055174,9182.273627364239,True,,0.0,1833.1342761026826,4039.089606066186,True
station,primary_loco,BRA,141,1,4,True,True,True,1.0,-0.29778814228860045,385.84365816787545,1395.1552427054824,9182.273627364239,True,,0.0,2986.3568251848565,4984.433808249301,True
station,primary_loco,CHL,146,1,4,True,True,True,1.0000000000000007,-0.2977881422886025,397.931458964969,1402.8481640395871,9182.273627364239,True,,0.0,1313.5112276990567,5060.89770932736,True
station,primary_loco,COL,139,1,4,True,True,True,1.0000000000000018,-0.2977881422886015,428.45829769723264,1440.1773725834348,9182.273627364239,True,,0.0,1535.0916018024352,3965.0586208631216,True
station,primary_loco,ECU,147,1,4,True,True,True,1.0000000000000013,-0.2977881422886009,397.931458964969,1442.1691776272546,9182.273627364239,True,,0.0,1173.2836195420182,2270.2226511329022,True
station,primary_loco,PRY,145,1,4,True,True,True,1.000000000000001,-0.2977881422886017,397.931458964969,1401.5543538055174,9182.273627364239,True,,0.0,2568.4056447209905,5072.337596844092,True
station,primary_loco,PER,145,1,4,True,True,True,1.0000000000000022,-0.2977881422886006,397.931458964969,1440.1773725834348,9182.273627364239,True,,0.0,2200.7213173903033,3078.2815510419177,True
station,primary_loco,SUR,148,1,4,True,True,True,1.0000000000000009,-0.2977881422886001,399.083621576208,1422.1596734285458,9182.273627364239,True,,0.0,2188.955639301168,3007.03742372509,True
station,primary_loco,URY,147,1,4,True,True,True,0.9999999999999998,-0.2977881422886008,397.931458964969,1404.141974273657,9182.273627364239,True,,0.0,1313.5112276990567,5239.000205415451,True
station,primary_loco,VEN,146,1,4,True,True,True,1.0000000000000027,-0.29778814228859984,397.931458964969,1446.61117555206,9182.273627364239,True,,0.0,1026.541268631132,2086.565361981185,True
station,m49_subregion_lo,0,149,2,4,True,True,True,1.0000000000000024,-0.29778814228859973,400.2357841874469,1440.1773725834348,5610.964169867275,True,,0.0,2593.355980204266,9201.290397887928,True
station,m49_subregion_lo,1,146,5,4,True,True,True,1.0000000000000016,-0.29778814228860023,439.04340424921446,1444.6586857239724,9182.273627364239,True,,0.0,1026.541268631132,2215.987041345674,True
station,m49_subregion_lo,2,144,7,4,True,True,True,0.9999999999999973,-0.2977881422886013,425.9565657761533,1444.6586857239724,9182.273627364239,True,,0.0,652.2055693220173,3295.7236371664576,True
station,m49_subregion_lo,3,147,4,3,True,True,True,1.0000000000000009,-0.2996901546843749,423.1374906719694,1442.7061958958848,9182.273627364239,True,,0.0,679.9861212361917,2535.0175934823455,True
station,m49_subregion_lo,4,137,14,4,True,True,True,0.999999999999999,-0.2668527334724941,397.931458964969,1401.5543538055174,9182.273627364239,True,,0.0,268.4242787941612,3700.7654333182436,True
station,m49_subregion_lo,5,146,5,4,True,True,True,1.0000000000000053,-0.2992606431571752,397.931458964969,1402.8481640395871,9453.81292451432,True,,0.0,1329.007195563719,4877.144310642027,True
station,m49_subregion_lo,6,141,10,3,True,True,True,0.9999999999999994,-0.3040658777329597,473.61376765262736,1474.1299852322582,9182.273627364239,True,,0.0,261.2231573726705,1944.3065598145654,True
station,m49_subregion_lo,7,150,1,4,True,True,True,1.0000000000000002,-0.2977881422885992,411.6866374297081,1441.1732751053446,9201.290397887928,True,,0.0,2593.355980204266,5116.698541135172,True
station,m49_subregion_lo,8,143,8,4,True,True,True,1.000000000000002,-0.2903105787984589,397.931458964969,1477.6066671860951,9182.273627364239,True,,0.0,560.7195662212039,2223.4227469026564,True
station,m49_subregion_lo,9,145,6,5,True,True,True,1.000000000000002,-0.3277308776666228,397.931458964969,1453.0946038605146,9182.273627364239,True,,0.0,428.45829769723264,2145.1287401078057,True
station,m49_subregion_lo,10,149,2,4,True,True,True,1.0000000000000024,-0.2977881422886012,400.2357841874469,1440.1773725834348,9182.273627364239,True,,0.0,1627.2230297990016,3601.6387970607225,True
station,m49_subregion_lo,11,141,10,4,True,True,True,1.0000000000000027,-0.29664977453830177,473.61376765262736,1453.0946038605146,9182.273627364239,True,,0.0,400.2357841874469,2805.7777932865133,True
station,m49_subregion_lo,12,140,11,4,True,True,True,1.0000000000000013,-0.2977881422886018,382.71759619570616,1394.2547182503663,9182.273627364239,True,,0.0,652.2055693220173,6214.816756057859,True
station,m49_subregion_lo,13,143,8,4,True,True,True,0.9999999999999999,-0.3008687728972237,397.931458964969,1395.1552427054824,10187.404499414652,True,,0.0,870.7119986081713,4843.818971610087,True
station,m49_subregion_lo,14,146,5,4,True,True,True,1.0,-0.2979787841884249,423.29616226352164,1441.1732751053446,9182.273627364239,True,,0.0,764.2953094477996,2867.985830522182,True
station,m49_subregion_lo,15,144,7,2,True,True,True,1.0000000000000007,-0.30606864208951207,391.88755856642223,1422.1596734285458,9182.273627364239,True,,1.0,653.7154519369084,3323.813675791852,True
station,m49_subregion_lo,16,140,11,5,True,True,True,1.0000000000000018,-0.3170585129884549,477.0156732073432,1493.0158884759903,9182.273627364239,True,,0.0,258.20955457253524,1711.164971067036,True
station,m49_subregion_lo,17,137,14,4,True,True,True,1.0000000000000024,-0.29106068628465454,473.61376765262736,1509.0042251001862,9182.273627364239,True,,0.0,560.7195662212039,3540.311331462958,True
station,m49_subregion_lo,18,136,15,0,True,True,True,1.0000000000000013,-0.31057619530945835,481.73825212109796,1502.7782278860298,9182.273627364239,True,,0.0,268.4242787941612,2426.2428303894812,True
station,m49_subregion_lo,19,145,6,4,True,True,True,1.0000000000000009,-0.29989362586350565,449.6285108011963,1484.2363643536237,9182.273627364239,True,,0.0,258.20955457253524,1174.0991370696943,True
station,random10,0,135,16,2,True,True,True,1.0000000000000009,-0.3303844236785969,480.41757876205895,1497.1857108246963,9201.290397887928,True,,1.0,142.67579818767587,4474.232685135288,True
station,random10,1,136,15,4,True,True,True,1.0000000000000022,-0.35537086836786413,506.62454646134614,1546.2510413256068,9182.273627364239,True,,0.0,62.01449166211429,2186.7349826913546,True
station,random10,2,136,15,3,True,True,True,1.0000000000000027,-0.3451710731322123,481.73825212109796,1616.039174283022,9201.290397887928,True,,0.0,121.88441302824093,3547.9766043655213,True
station,random10,3,136,15,2,True,True,True,1.0000000000000062,-0.3196380025265027,423.29616226352164,1540.113166352627,9182.273627364239,True,,0.0,114.88325941290164,4732.63336162823,True
station,random10,4,136,15,3,True,True,True,1.0,-0.3608534358624141,439.04340424921446,1462.4426831175624,9201.290397887928,True,,1.0,129.71983040755023,2976.378680548231,True
station,random10,5,136,15,3,True,True,True,1.000000000000002,-0.3175591470829526,423.4548338550739,1476.5275512844007,9201.290397887928,True,,0.0,255.10063319105595,3538.015521644883,True
station,random10,6,136,15,0,True,True,True,1.0000000000000016,-0.3160609706172307,483.63769231081955,1497.689837950934,7241.60894586479,True,,0.0,0.0,9182.273627364239,True
station,random10,7,136,15,0,True,True,True,1.0000000000000013,-0.35712450402783247,471.90006762535177,1497.3730978745225,9624.735225062106,True,,0.0,0.0,7018.260438259346,True
station,random10,8,136,15,3,True,True,True,1.0000000000000013,-0.35875569694226694,423.29616226352164,1523.2433666224279,9453.81292451432,True,,0.0,114.88325941290164,4389.5069526897505,True
station,random10,9,136,15,4,True,True,True,1.0000000000000007,-0.3340632255223055,461.62113922691185,1483.918511677018,9182.273627364239,True,,0.0,141.35367214442817,3277.195037289568,True
station,buffer_territory_1000km,DZA,130,1,5,True,True,True,1.000000000000001,-0.30473947831697934,425.9565657761533,1558.1542346480503,9182.273627364239,True,,0.0,1524.0359815486147,1797.5937177590079,True
station,buffer_territory_1000km,AGO,134,1,4,True,True,True,1.0000000000000022,-0.28546027936225327,399.083621576208,1458.4180905640715,9182.273627364239,True,,0.0,2370.814975408515,2716.2374419888433,True
station,buffer_territory_1000km,BEN,136,1,4,True,True,True,1.0000000000000016,-0.2923947442318269,465.98543208922956,1510.8608925457497,9182.273627364239,True,,0.0,1604.1867914896075,2682.7858223145254,True
station,buffer_territory_1000km,BWA,140,1,4,True,True,True,1.0000000000000013,-0.28750645504466,397.931458964969,1421.861765716386,9182.273627364239,True,,0.0,2152.97852886286,3335.4483222451195,True
station,buffer_territory_1000km,BFA,135,1,4,True,True,True,1.0000000000000007,-0.2963154311369012,473.61376765262736,1509.0042251001862,9182.273627364239,True,,0.0,1642.9280674175898,3014.140643326317,True
station,buffer_territory_1000km,BDI,139,1,4,True,True,True,1.0000000000000027,-0.2977794067224837,385.84365816787545,1401.5543538055174,9182.273627364239,True,,0.0,1603.903841041737,2347.960973885755,True
station,buffer_territory_1000km,CMR,136,1,4,True,True,True,1.0000000000000022,-0.3228459046506583,411.6866374297081,1593.6040081871556,9182.273627364239,True,,0.0,1887.1325542084141,2631.4503151645567,True
station,buffer_territory_1000km,CAF,133,1,4,True,True,True,1.0000000000000089,-0.26394840376434353,385.84365816787545,1493.230174845656,9182.273627364239,True,,0.0,1843.46538379767,2734.4593408909172,True
station,buffer_territory_1000km,TCD,137,1,5,True,True,True,0.9999999999999998,-0.32810794148964034,385.84365816787545,1523.2433666224279,9182.273627364239,True,,0.0,1604.1867914896075,2370.814975408515,True
station,buffer_territory_1000km,COG,141,1,4,True,True,True,1.0000000000000024,-0.3228459046506588,397.931458964969,1477.6066671860951,9182.273627364239,True,,0.0,1603.903841041737,2149.7078886826134,True
station,buffer_territory_1000km,COD,128,1,4,True,True,True,1.0000000000000144,-0.2639677489861746,385.84365816787545,1421.861765716386,9182.273627364239,True,,0.0,2508.1059068195145,2893.7288224235667,True
station,buffer_territory_1000km,CIV,137,1,4,True,True,True,1.0000000000000024,-0.29106068628465454,473.61376765262736,1509.0042251001862,9182.273627364239,True,,0.0,1714.3649573197742,3033.6913982228893,True
station,buffer_territory_1000km,DJI,143,1,4,True,True,True,1.0000000000000018,-0.2921518238247088,397.931458964969,1404.141974273657,9182.273627364239,True,,0.0,1283.8708589496996,2293.8244212694954,True
station,buffer_territory_1000km,EGY,133,1,2,True,True,True,1.0000000000000018,-0.30375941473113954,400.2357841874469,1536.5481789147973,9182.273627364239,True,,0.0,1606.9785629382557,1935.5746031768783,True
station,buffer_territory_1000km,GNQ,138,1,4,True,True,True,0.9999999999999984,-0.29031057879845834,399.083621576208,1502.7782278860298,9182.273627364239,True,,0.0,1642.9280674175898,2489.879296147361,True
station,buffer_territory_1000km,ERI,142,1,6,True,True,True,1.0000000000000002,-0.29215182382470684,397.931458964969,1422.1596734285458,9182.273627364239,True,,0.0,1549.5810323202434,2163.1336431951986,True
station,buffer_territory_1000km,ETH,136,1,6,True,True,True,1.0000000000000004,-0.26660161875569977,391.88755856642223,1402.8481640395871,9182.273627364239,True,,0.0,1789.2081970203728,2746.78023002632,True
station,buffer_territory_1000km,GAB,141,1,4,True,True,True,0.9999999999999998,-0.2903105787984598,397.931458964969,1477.6066671860951,9182.273627364239,True,,0.0,1261.063563362806,2337.585329992179,True
station,buffer_territory_1000km,GHA,135,1,4,True,True,True,1.0000000000000004,-0.2905182357193837,486.85780585958014,1509.0042251001862,9182.273627364239,True,,0.0,1279.5395005427772,3122.9121757704725,True
station,buffer_territory_1000km,GIN,138,1,4,True,True,True,1.0000000000000013,-0.290786174810322,478.3363465663822,1502.7782278860298,9182.273627364239,True,,0.0,1957.0380336746111,3262.86883110969,True
station,buffer_territory_1000km,GNB,142,1,4,True,True,True,1.0000000000000007,-0.32068866125503925,451.03603267492997,1486.8579553168654,9182.273627364239,True,,0.0,1659.218830069955,2931.901159748918,True
station,buffer_territory_1000km,KEN,135,1,4,True,True,True,1.0000000000000036,-0.2767308784260306,385.84365816787545,1395.1552427054824,9182.273627364239,True,,0.0,2097.9029421753794,2854.443237910843,True
station,buffer_territory_1000km,LSO,144,1,4,True,True,True,1.0000000000000002,-0.29008994812086053,411.6866374297081,1420.865863194476,9182.273627364239,True,,0.0,1765.9429656140544,3046.5823702230227,True
station,buffer_territory_1000km,LBR,139,1,4,True,True,True,1.0000000000000027,-0.2903133665162082,483.058925480137,1509.0042251001862,9182.273627364239,True,,0.0,1909.76465801997,3125.422000990141,True
station,buffer_territory_1000km,LBY,126,1,2,True,True,True,1.0000000000000018,-0.31780966970960495,473.4598790934682,1677.5796620280219,9182.273627364239,True,,0.0,1346.6758473915709,1830.4244971393243,True
station,buffer_territory_1000km,MDG,147,1,4,True,True,True,1.0000000000000007,-0.3548803259967702,397.931458964969,1474.1299852322582,9182.273627364239,True,,0.0,1670.559834162237,2526.1203583686793,True
station,buffer_territory_1000km,MWI,136,1,4,True,True,True,0.9999999999999988,-0.27704026614904265,397.931458964969,1394.2547182503663,9182.273627364239,True,,0.0,1367.397948940314,3074.113223352765,True
station,buffer_territory_1000km,MLI,133,1,4,True,True,True,1.0000000000000027,-0.29106068628465365,473.61376765262736,1512.7175599913132,9182.273627364239,True,,0.0,2015.8534523430628,3064.417779513994,True
station,buffer_territory_1000km,MRT,134,1,4,True,True,True,1.0000000000000024,-0.29078617481032026,478.3363465663822,1502.7782278860298,9182.273627364239,True,,0.0,2642.6642455291453,3637.5308769051585,True
station,buffer_territory_1000km,MAR,142,1,4,True,True,True,1.000000000000003,-0.3106483170806667,450.88214411577087,1463.6122945463862,9182.273627364239,True,,0.0,1857.502024879063,2272.6377670684105,True
station,buffer_territory_1000km,MOZ,135,1,4,True,True,True,0.9999999999999998,-0.29280555319820545,397.931458964969,1393.35419379525,9182.273627364239,True,,0.0,2000.2504918668533,3639.028740132477,True
station,buffer_territory_1000km,NAM,141,1,4,True,True,True,1.000000000000003,-0.2869924147298637,397.931458964969,1442.1691776272546,9182.273627364239,True,,0.0,1615.9393405722476,3045.7973407625477,True
station,buffer_territory_1000km,NER,132,1,5,True,True,True,1.0000000000000027,-0.31467401250033394,399.083621576208,1587.5862584219003,9182.273627364239,True,,0.0,1543.874170119583,2695.5732729692304,True
station,buffer_territory_1000km,NGA,133,1,4,True,True,True,1.0000000000000024,-0.3191310692338565,397.931458964969,1616.8432718365914,9182.273627364239,True,,0.0,1909.76465801997,2799.1129671853155,True
station,buffer_territory_1000km,RWA,140,1,4,True,True,True,0.9999999999999983,-0.2977794067224814,391.88755856642223,1421.861765716386,9182.273627364239,True,,0.0,1615.2350767294529,2223.4828002940826,True
station,buffer_territory_1000km,SEN,141,1,4,True,True,True,1.0000000000000009,-0.3104851123398538,473.61376765262736,1484.2363643536237,9182.273627364239,True,,0.0,2035.7050969575184,3049.041718706761,True
station,buffer_territory_1000km,SLE,141,1,4,True,True,True,1.0000000000000009,-0.3104851123398538,473.61376765262736,1484.2363643536237,9182.273627364239,True,,0.0,1429.3177531889153,2829.6896470913066,True
station,buffer_territory_1000km,SOM,139,1,5,True,True,True,1.0000000000000053,-0.2898140533070509,385.84365816787545,1440.1773725834348,9182.273627364239,True,,0.0,1765.738726514268,2699.2379657194265,True
station,buffer_territory_1000km,ZAF,140,1,4,True,True,True,1.0000000000000013,-0.28750645504466,397.931458964969,1421.861765716386,9182.273627364239,True,,0.0,2186.7349826913546,3696.454054131856,True
station,buffer_territory_1000km,SDN,131,1,2,True,True,True,1.0000000000000022,-0.27696449884787666,379.5915342235368,1493.230174845656,9182.273627364239,True,,0.0,1635.7037293141782,2534.143134423144,True
station,buffer_territory_1000km,SWZ,144,1,4,True,True,True,1.0000000000000018,-0.3233932974464968,411.6866374297081,1441.1732751053446,9182.273627364239,True,,0.0,1367.397948940314,2694.2592302369303,True
station,buffer_territory_1000km,TZA,136,1,4,True,True,True,1.0000000000000018,-0.2878288714316385,382.71759619570616,1394.2547182503663,9182.273627364239,True,,0.0,2003.1558624965019,2596.5257088226595,True
station,buffer_territory_1000km,TGO,137,1,4,True,True,True,1.0000000000000058,-0.2929875896670071,473.61376765262736,1512.7175599913132,9182.273627364239,True,,0.0,1261.063563362806,2716.2374419888433,True
station,buffer_territory_1000km,TUN,132,1,5,True,True,True,1.0000000000000018,-0.33151944534008754,461.62113922691185,1510.8608925457497,9182.273627364239,True,,0.0,1506.5025340651675,1749.1547696936302,True
station,buffer_territory_1000km,UGA,139,1,4,True,True,True,1.0000000000000033,-0.2796885274997118,385.84365816787545,1401.5543538055174,9182.273627364239,True,,0.0,1563.616233395281,2421.375146476734,True
station,buffer_territory_1000km,ZMB,136,1,4,True,True,True,1.0000000000000018,-0.27704026614904276,397.931458964969,1394.2547182503663,9182.273627364239,True,,0.0,1765.9429656140544,2795.8408635444794,True
station,buffer_territory_1000km,ZWE,139,1,4,True,True,True,1.000000000000001,-0.28276922951227645,397.931458964969,1401.5543538055174,9182.273627364239,True,,0.0,1660.0130982441622,3000.527581745411,True
station,buffer_territory_1000km,AFG,137,1,2,True,True,True,0.9999999999999987,-0.2896182616010716,397.931458964969,1393.35419379525,9182.273627364239,True,,0.0,1848.6083607835737,3024.646862732706,True
station,buffer_territory_1000km,ARM,135,1,0,True,True,True,1.0000000000000027,-0.30949508957272837,428.45829769723264,1509.0042251001862,9182.273627364239,True,,0.0,1329.3803553675084,1891.5264206499428,True
station,buffer_territory_1000km,AZE,135,1,0,True,True,True,1.0000000000000027,-0.30949508957272837,428.45829769723264,1509.0042251001862,9182.273627364239,True,,0.0,1606.4437751194394,1979.5314212948158,True
station,buffer_territory_1000km,BGD,143,1,4,True,True,True,1.0000000000000009,-0.2980632749607077,397.931458964969,1395.1552427054824,9182.273627364239,True,,0.0,1923.4188828441065,3045.5441145427512,True
station,buffer_territory_1000km,MMR,140,1,4,True,True,True,1.0000000000000002,-0.2980632749607089,391.88755856642223,1387.5174190527632,10058.758864130423,True,,0.0,2063.8415634682488,3598.122530195511,True
station,buffer_territory_1000km,KHM,142,1,4,True,True,True,1.0000000000000013,-0.2988295770831998,397.931458964969,1394.2547182503663,10058.758864130423,True,,0.0,1840.447294888039,4011.6566018784793,True
station,buffer_territory_1000km,CHN,130,1,2,True,True,True,0.9999999999999986,-0.3063979758433983,379.5915342235368,1348.991876075895,10864.266373486727,True,,1.0,3507.888475717798,6079.538757060321,True
station,buffer_territory_1000km,GEO,133,1,0,True,True,True,1.0000000000000022,-0.3154857191428963,473.61376765262736,1496.5522306718733,9182.273627364239,True,,0.0,1329.3803553675084,2023.194150193204,True
station,buffer_territory_1000km,IND,131,1,4,True,True,True,1.0000000000000022,-0.31533303165383636,379.5915342235368,1351.3079047602196,10598.275340018721,True,,1.0,2530.4124008833496,3870.593890859939,True
station,buffer_territory_1000km,IDN,141,1,4,True,True,True,0.9999999999999993,-0.29818208084715053,397.931458964969,1393.35419379525,10356.81964799861,True,,0.0,2719.6412519449573,5426.419393300758,True
station,buffer_territory_1000km,IRN,126,1,0,True,True,True,1.0000000000000013,-0.2936274512052179,461.62113922691185,1449.8528897062874,9182.273627364239,True,,0.0,1918.5695690326,2695.0076004864204,True
station,buffer_territory_1000km,IRQ,130,1,0,True,True,True,1.0000000000000033,-0.2889682069864344,423.29616226352164,1490.3942975127484,9182.273627364239,True,,0.0,1767.1403727935112,2249.5677248375587,True
station,buffer_territory_1000km,ISR,138,1,3,True,True,True,1.0000000000000013,-0.29919878216013407,399.083621576208,1530.8194547619414,9182.273627364239,True,,0.0,1329.3803553675084,1772.0780990205828,True
station,buffer_territory_1000km,JPN,145,1,4,True,True,True,1.0000000000000029,-0.3024570233050449,397.931458964969,1401.5543538055174,9624.735225062106,True,,0.0,2767.413113681763,4877.144310642027,True
station,buffer_territory_1000km,JOR,135,1,0,True,True,True,0.9999999999999993,-0.29952078694016854,423.1374906719694,1526.5473077214479,9182.273627364239,True,,0.0,1389.850398773924,1791.2679025633568,True
station,buffer_territory_1000km,KAZ,133,1,0,True,True,True,1.0000000000000018,-0.3098700234590794,397.931458964969,1453.0946038605146,9182.273627364239,True,,0.0,2768.5025537628294,3086.1932109192603,True
station,buffer_territory_1000km,LAO,142,1,4,True,True,True,1.0000000000000009,-0.2981708842324468,397.931458964969,1394.2547182503663,9902.588146541837,True,,0.0,1955.6289245822154,3435.008793825204,True
station,buffer_territory_1000km,LBN,135,1,0,True,True,True,1.0000000000000018,-0.3118321439795906,423.1374906719694,1512.7175599913132,9182.273627364239,True,,0.0,1277.4427887711197,1669.5560681002294,True
station,buffer_territory_1000km,MYS,142,1,4,True,True,True,1.0000000000000036,-0.2980959214736343,397.931458964969,1394.2547182503663,10187.404499414652,True,,0.0,2745.987813458961,4821.125584866194,True
station,buffer_territory_1000km,MNG,147,1,3,True,True,True,1.0000000000000029,-0.30238320937176916,397.931458964969,1404.141974273657,9182.273627364239,True,,0.0,1837.0478104746458,3255.436289101884,True
station,buffer_territory_1000km,NPL,143,1,2,True,True,True,1.0000000000000033,-0.3005155517980999,397.931458964969,1401.5543538055174,9182.273627364239,True,,0.0,2063.3001713936,2768.5025537628294,True
station,buffer_territory_1000km,OMN,140,1,4,True,True,True,0.9999999999999992,-0.29131182179489656,399.083621576208,1446.61117555206,9182.273627364239,True,,0.0,1283.8708589496996,2606.9964548928856,True
station,buffer_territory_1000km,PAK,137,1,2,True,True,True,0.9999999999999987,-0.2896182616010716,397.931458964969,1393.35419379525,9182.273627364239,True,,0.0,1923.4188828441065,2850.344327312004,True
station,buffer_territory_1000km,PHL,144,1,4,True,True,True,1.0000000000000027,-0.2988634847107212,399.083621576208,1398.3547982554999,10058.758864130423,True,,0.0,1840.447294888039,4097.318153975307,True
station,buffer_territory_1000km,QAT,142,1,4,True,True,True,1.0000000000000013,-0.3149456396877754,411.6866374297081,1446.61117555206,9182.273627364239,True,,0.0,1668.6188783561108,1868.1751844714552,True
station,buffer_territory_1000km,SAU,126,1,0,True,True,True,1.000000000000001,-0.3044331333783626,411.6866374297081,1494.8912027587646,9182.273627364239,True,,0.0,2059.65097886676,2995.8475448124354,True
station,buffer_territory_1000km,KOR,146,1,4,True,True,True,0.999999999999998,-0.30291225726463394,397.931458964969,1402.8481640395871,9453.81292451432,True,,0.0,1837.0478104746458,3755.6882541160157,True
station,buffer_territory_1000km,LKA,149,1,4,True,True,True,1.0000000000000033,-0.30666922429042504,400.2357841874469,1440.1773725834348,9182.273627364239,True,,0.0,2057.57847124328,2745.987813458961,True
station,buffer_territory_1000km,SYR,131,1,0,True,True,True,1.0000000000000044,-0.3112787507557735,423.1374906719694,1512.7175599913132,9182.273627364239,True,,0.0,1544.9142511609828,1899.2119849110466,True
station,buffer_territory_1000km,TWN,145,1,4,True,True,True,0.9999999999999976,-0.2986220307918414,400.2357841874469,1401.5543538055174,9787.284844042191,True,,0.0,1955.6289245822154,3538.015521644883,True
station,buffer_territory_1000km,TJK,141,1,2,True,True,True,1.0000000000000022,-0.309468417881865,397.931458964969,1401.5543538055174,9182.273627364239,True,,0.0,1729.0006915837118,2606.5374893448247,True
station,buffer_territory_1000km,THA,141,1,4,True,True,True,1.0000000000000016,-0.2978059874773226,397.931458964969,1393.35419379525,10058.758864130423,True,,0.0,2191.24304274351,3974.5517280254558,True
station,buffer_territory_1000km,TUR,116,1,0,True,True,True,1.0000000000000018,-0.316272771836523,512.3590686317127,1589.0624136618535,9182.273627364239,True,,0.0,1620.2035062050813,2309.899411903545,True
station,buffer_territory_1000km,TKM,135,1,0,True,True,True,1.0000000000000002,-0.3098707175595781,397.931458964969,1453.0946038605146,9182.273627364239,True,,0.0,1705.410345466563,2595.114131917995,True
station,buffer_territory_1000km,ARE,142,1,4,True,True,True,1.0000000000000013,-0.3149456396877754,411.6866374297081,1446.61117555206,9182.273627364239,True,,0.0,1705.410345466563,2093.3299810836907,True
station,buffer_territory_1000km,UZB,137,1,0,True,True,True,1.0000000000000024,-0.30920881183148663,397.931458964969,1432.498234818033,9182.273627364239,True,,0.0,2093.3299810836907,2959.6812752326496,True
station,buffer_territory_1000km,VNM,139,1,4,True,True,True,1.0000000000000004,-0.29816153413709356,385.84365816787545,1381.6806443102762,10864.266373486727,True,,0.0,2634.8466891694397,4601.467521657235,True
station,buffer_territory_1000km,YEM,138,1,6,True,True,True,0.9999999999999997,-0.29215182382470667,397.931458964969,1402.8481640395871,9182.273627364239,True,,0.0,1831.5907532747406,2466.3677153988183,True
station,buffer_territory_1000km,ALB,125,1,2,True,True,True,1.000000000000002,-0.3058140797532902,506.62454646134614,1547.3673517483949,9182.273627364239,True,,0.0,1413.7555760602074,1694.5695615848101,True
station,buffer_territory_1000km,AUT,118,1,3,True,True,True,1.0,-0.3094094336168973,529.0258751550118,1627.1885411038334,9182.273627364239,True,,0.0,1416.4624855184368,2167.435151690941,True
station,buffer_territory_1000km,BLR,126,1,3,True,True,True,0.9999999999999989,-0.30075393275350465,512.3590686317127,1546.2510413256068,9182.273627364239,True,,1.0,1214.8917886539873,1849.0790958509724,True
station,buffer_territory_1000km,BEL,130,1,4,True,True,True,1.000000000000004,-0.30239966490354603,507.77202393110844,1540.933054324596,9182.273627364239,True,,0.0,1378.0522204259446,1616.9424877535428,True
station,buffer_territory_1000km,BIH,125,1,3,True,True,True,1.0000000000000036,-0.3174047171906127,507.91425098936503,1638.437741635419,9182.273627364239,True,,0.0,1344.0126656351522,1740.2271251406369,True
station,buffer_territory_1000km,BGR,124,1,0,True,True,True,1.0000000000000047,-0.31592190245971563,507.77202393110844,1605.173808080588,9182.273627364239,True,,0.0,1277.4427887711197,1606.9785629382557,True
station,buffer_territory_1000km,HRV,119,1,3,True,True,True,1.0000000000000038,-0.3077778001219602,520.2517358844642,1638.437741635419,9182.273627364239,True,,0.0,1408.1905597630405,1926.4661004218308,True
station,buffer_territory_1000km,CYP,132,1,0,True,True,True,1.000000000000003,-0.30718015904859763,461.62113922691185,1530.8194547619414,9182.273627364239,True,,0.0,1322.7396117302694,1869.7945968141785,True
station,buffer_territory_1000km,CZE,119,1,6,True,True,True,1.0000000000000029,-0.30900152837118644,526.2541612915769,1615.9393405722476,9182.273627364239,True,,0.0,1379.3476997867763,2194.9848427105185,True
station,buffer_territory_1000km,DNK,124,1,5,True,True,True,1.0000000000000013,-0.30350664280920264,520.2517358844642,1546.2510413256068,9182.273627364239,True,,0.0,1461.0292429886592,2130.4629883597213,True
station,buffer_territory_1000km,EST,136,1,4,True,True,True,1.0000000000000004,-0.3024012309807378,483.63769231081955,1493.0158884759903,9182.273627364239,True,,0.0,1357.7087760278064,1706.251251722644,True
station,buffer_territory_1000km,FIN,139,1,4,True,True,True,1.0000000000000036,-0.3027023984609927,473.61376765262736,1484.2363643536237,9182.273627364239,True,,0.0,1379.3476997867763,1730.6400932212275,True
station,buffer_territory_1000km,FRA,119,1,7,True,True,True,1.000000000000002,-0.33071076127480875,507.91425098936503,1571.2686758020639,9182.273627364239,True,,0.0,1686.5471101058656,2131.211266244828,True
station,buffer_territory_1000km,DEU,116,1,7,True,True,True,0.9999999999999986,-0.30900152837118655,529.0258751550118,1589.0624136618535,9182.273627364239,True,,0.0,1711.6066994830148,2657.835646631702,True
station,buffer_territory_1000km,GRC,118,1,2,True,True,True,1.000000000000001,-0.29889458343987585,507.127171667099,1647.351371143547,9182.273627364239,True,,0.0,1670.9273807182449,2124.7106992919826,True
station,buffer_territory_1000km,HUN,121,1,3,True,True,True,0.9999999999999999,-0.30884007241730305,520.2517358844642,1697.9254138715005,9182.273627364239,True,,0.0,1357.7087760278064,1887.1116144102189,True
station,buffer_territory_1000km,ISL,147,1,4,True,True,True,1.0000000000000038,-0.2982455634648112,423.1374906719694,1442.7061958958848,9182.273627364239,True,,0.0,1965.4357505161627,2509.1523255662887,True
station,buffer_territory_1000km,IRL,141,1,4,True,True,True,1.0000000000000022,-0.29841153578775736,486.85780585958014,1484.2363643536237,9182.273627364239,True,,0.0,1254.5344712260583,1830.2393545174064,True
station,buffer_territory_1000km,ITA,117,1,4,True,True,True,0.9999999999999999,-0.3076287617191193,520.2517358844642,1638.437741635419,9182.273627364239,True,,0.0,1588.8153850140695,2208.2251196827906,True
station,buffer_territory_1000km,LVA,132,1,4,True,True,True,1.0000000000000018,-0.3071876663740126,506.62454646134614,1510.8608925457497,9182.273627364239,True,,0.0,1362.7537798176093,1571.726227168174,True
station,buffer_territory_1000km,LTU,129,1,4,True,True,True,0.9999999999999998,-0.3054758415768341,507.62979687285184,1535.0916018024352,9182.273627364239,True,,0.0,1344.0126656351522,1635.251802629788,True
station,buffer_territory_1000km,MKD,127,1,3,True,True,True,1.0000000000000009,-0.31386790165297973,506.62454646134614,1547.3673517483949,9182.273627364239,True,,0.0,1214.8917886539873,1611.7687377718082,True
station,buffer_territory_1000km,MDA,125,1,0,True,True,True,1.0000000000000018,-0.30635145801170427,516.8038862740605,1563.616233395281,9182.273627364239,True,,0.0,1451.891043232325,1626.6918913135335,True
station,buffer_territory_1000km,MNE,126,1,3,True,True,True,0.9999999999999993,-0.31386714748326316,507.127171667099,1567.4424545986724,9182.273627364239,True,,0.0,1453.415971973354,1651.6298170110151,True
station,buffer_territory_1000km,NLD,128,1,4,True,True,True,1.000000000000002,-0.30111152797338764,518.5278110792624,1545.8794818919378,9182.273627364239,True,,0.0,1471.96992003263,1619.602892826261,True
station,buffer_territory_1000km,NOR,133,1,4,True,True,True,1.000000000000003,-0.3035670054523825,506.62454646134614,1496.5522306718733,9182.273627364239,True,,0.0,1459.2731286209016,1986.3735756426154,True
station,buffer_territory_1000km,POL,117,1,3,True,True,True,1.0000000000000009,-0.30911927955735585,526.2541612915769,1615.9393405722476,9182.273627364239,True,,0.0,1769.9338804870151,2302.0724745242983,True
station,buffer_territory_1000km,PRT,144,1,4,True,True,True,1.0000000000000038,-0.30835357957220255,450.88214411577087,1446.61117555206,9182.273627364239,True,,0.0,1444.4155920521684,2000.7410435443267,True
station,buffer_territory_1000km,ROU,121,1,0,True,True,True,0.9999999999999993,-0.30480957882365717,520.2517358844642,1705.410345466563,9182.273627364239,True,,0.0,1408.4519213883111,1718.5379328203512,True
station,buffer_territory_1000km,RUS,107,1,0,True,True,True,1.0000000000000002,-0.3108359794942011,520.2517358844642,1699.5783706510813,9201.290397887928,True,,0.0,1789.4088492697,3003.3693194900598,True
station,buffer_territory_1000km,SRB,124,1,3,True,True,True,0.9999999999999989,-0.30866711474874,507.77202393110844,1589.0624136618535,9182.273627364239,True,,0.0,1376.7097180680514,1706.251251722644,True
station,buffer_territory_1000km,SVK,120,1,3,True,True,True,1.0,-0.30876857497183474,524.8529710419032,1668.1815777534598,9182.273627364239,True,,0.0,1508.1265377181403,1981.646533508428,True
station,buffer_territory_1000km,SVN,120,1,3,True,True,True,1.0000000000000004,-0.30886471691583406,521.8517583383468,1668.1815777534598,9182.273627364239,True,,0.0,1362.7537798176093,1850.8584652346344,True
station,buffer_territory_1000km,ESP,132,1,4,True,True,True,1.0000000000000009,-0.3105309178265086,484.9583656698586,1493.0158884759903,9182.273627364239,True,,0.0,1843.2495481913131,2130.4629883597213,True
station,buffer_territory_1000km,SWE,126,1,4,True,True,True,0.9999999999999994,-0.30462760725437443,520.2517358844642,1546.2510413256068,9182.273627364239,True,,0.0,1529.741085235196,1982.085458030827,True
station,buffer_territory_1000km,CHE,124,1,3,True,True,True,1.0000000000000049,-0.29275806826897205,524.8529710419032,1627.1885411038334,9182.273627364239,True,,0.0,1254.5344712260583,1670.9273807182449,True
station,buffer_territory_1000km,UKR,114,1,0,True,True,True,1.0000000000000004,-0.3102035588225156,521.8517583383468,1767.3927491336817,9182.273627364239,True,,0.0,1669.5560681002294,2169.374584393987,True
station,buffer_territory_1000km,GBR,134,1,4,True,True,True,1.0000000000000036,-0.2997125673617652,496.74117616046317,1502.7782278860298,9182.273627364239,True,,0.0,1433.7142849278093,1826.5200529262688,True
station,buffer_territory_1000km,BHS,140,1,4,True,True,True,1.0000000000000018,-0.29778814228860184,439.04340424921446,1441.1732751053446,9182.273627364239,True,,0.0,1712.0825742423199,3946.044994735345,True
station,buffer_territory_1000km,CAN,149,1,4,True,True,True,1.0000000000000024,-0.2977881422886012,400.2357841874469,1440.1773725834348,9182.273627364239,True,,0.0,2654.429629499364,3601.6387970607225,True
station,buffer_territory_1000km,CRI,141,1,4,True,True,True,1.0000000000000027,-0.2977881422886006,423.4548338550739,1442.1691776272546,9182.273627364239,True,,0.0,1345.6588892595767,3277.195037289568,True
station,buffer_territory_1000km,CUB,138,1,4,True,True,True,1.000000000000003,-0.29778814228859957,461.62113922691185,1422.1596734285458,9182.273627364239,True,,0.0,1345.6588892595767,5610.407223585101,True
station,buffer_territory_1000km,DOM,144,1,4,True,True,True,0.9999999999999991,-0.29778814228860034,425.9565657761533,1444.6586857239724,9182.273627364239,True,,0.0,1605.1512377024997,2527.993004900433,True
station,buffer_territory_1000km,SLV,142,1,4,True,True,True,0.999999999999995,-0.29778814228860123,444.0264247657162,1442.4376867615697,9182.273627364239,True,,0.0,1498.3020516782622,3078.2815510419177,True
station,buffer_territory_1000km,GTM,141,1,4,True,True,True,1.0000000000000002,-0.2977881422886018,438.42433873023606,1442.1691776272546,9182.273627364239,True,,0.0,1552.6922359008197,3503.7361273882934,True
station,buffer_territory_1000km,HTI,141,1,4,True,True,True,0.9999999999999999,-0.2977881422886027,449.6285108011963,1442.1691776272546,9182.273627364239,True,,0.0,1390.362937621443,3285.04026586473,True
station,buffer_territory_1000km,HND,138,1,4,True,True,True,1.0000000000000002,-0.29778814228859957,465.0230447816276,1422.1596734285458,9182.273627364239,True,,0.0,1928.1630259763656,5513.5790526595,True
station,buffer_territory_1000km,JAM,138,1,4,True,True,True,1.0000000000000036,-0.2977881422886006,425.9565657761533,1422.1596734285458,9182.273627364239,True,,0.0,1498.3020516782622,5268.345280971546,True
station,buffer_territory_1000km,MEX,140,1,4,True,True,True,0.9999999999999988,-0.297788142288602,439.04340424921446,1441.1732751053446,9182.273627364239,True,,0.0,2651.5041458758283,5265.012918047294,True
station,buffer_territory_1000km,NIC,139,1,4,True,True,True,0.9999999999999968,-0.29778814228860123,480.41757876205895,1440.1773725834348,9182.273627364239,True,,0.0,1709.878351607407,4039.089606066186,True
station,buffer_territory_1000km,PAN,140,1,4,True,True,True,1.0000000000000007,-0.2977881422886013,423.29616226352164,1441.1732751053446,9182.273627364239,True,,0.0,1381.6806443102762,3576.400213360047,True
station,buffer_territory_1000km,USA,140,1,4,True,True,True,1.000000000000005,-0.3023303557195811,425.9565657761533,1441.1732751053446,9182.273627364239,True,,0.0,2685.1352656849276,5581.996100971969,True
station,buffer_territory_1000km,AUS,147,1,4,True,True,True,1.0000000000000036,-0.2971241621261667,397.931458964969,1404.141974273657,4421.024345819681,True,,0.0,5580.520453629007,7600.377155352648,True
station,buffer_territory_1000km,NZL,149,1,4,True,True,True,1.0000000000000024,-0.29778814228859973,400.2357841874469,1440.1773725834348,5610.964169867275,True,,0.0,4370.85124846782,9201.290397887928,True
station,buffer_territory_1000km,PNG,148,1,4,True,True,True,0.9999999999999996,-0.29712416212616605,399.083621576208,1422.1596734285458,9624.735225062106,True,,0.0,3616.3000950830587,5610.964169867275,True
station,buffer_territory_1000km,ARG,144,1,4,True,True,True,1.0000000000000024,-0.29778814228859896,391.88755856642223,1398.3547982554999,9182.273627364239,True,,0.0,3813.0695130845625,5764.088535085047,True
station,buffer_territory_1000km,BOL,144,1,4,True,True,True,1.0000000000000024,-0.2977881422886009,391.88755856642223,1422.1596734285458,9182.273627364239,True,,0.0,1833.1342761026826,4211.50680333317,True
station,buffer_territory_1000km,BRA,140,1,4,True,True,True,1.0000000000000013,-0.2977881422886018,382.71759619570616,1394.2547182503663,9182.273627364239,True,,0.0,4842.378170674209,5128.8708230179545,True
station,buffer_territory_1000km,CHL,145,1,4,True,True,True,1.000000000000002,-0.29778814228859973,397.931458964969,1401.5543538055174,9182.273627364239,True,,0.0,1313.5112276990567,5292.474300203562,True
station,buffer_territory_1000km,COL,132,1,4,True,True,True,1.0000000000000002,-0.297788142288601,411.8453090212604,1380.7155881659696,9182.273627364239,True,,0.0,2223.273651205989,6605.988459887531,True
station,buffer_territory_1000km,ECU,144,1,4,True,True,True,1.000000000000001,-0.2977881422886035,397.931458964969,1444.6586857239724,9182.273627364239,True,,0.0,1709.878351607407,2527.993004900433,True
station,buffer_territory_1000km,PRY,144,1,4,True,True,True,1.0000000000000024,-0.29778814228859896,391.88755856642223,1398.3547982554999,9182.273627364239,True,,0.0,3405.4448688269817,5138.574195792892,True
station,buffer_territory_1000km,PER,141,1,4,True,True,True,1.0000000000000024,-0.29778814228860073,385.84365816787545,1442.1691776272546,9182.273627364239,True,,0.0,2499.1025793565386,3285.04026586473,True
station,buffer_territory_1000km,SUR,148,1,4,True,True,True,1.0000000000000009,-0.2977881422886001,399.083621576208,1422.1596734285458,9182.273627364239,True,,0.0,2188.955639301168,3007.03742372509,True
station,buffer_territory_1000km,URY,147,1,4,True,True,True,0.9999999999999998,-0.2977881422886008,397.931458964969,1404.141974273657,9182.273627364239,True,,0.0,1313.5112276990567,5239.000205415451,True
station,buffer_territory_1000km,VEN,139,1,4,True,True,True,0.9999999999999991,-0.29778814228860334,397.931458964969,1440.1773725834348,9182.273627364239,True,,0.0,1859.160565751784,4045.9931486716205,True
station,buffer_centroid_1500km,DZA,145,1,4,True,True,True,0.9999999999999983,-0.3467075854435424,423.4548338550739,1453.0946038605146,9182.273627364239,True,,0.0,1153.699662377113,1524.0359815486147,True
station,buffer_centroid_1500km,AGO,144,1,4,True,True,True,1.0000000000000002,-0.2953126090156154,411.6866374297081,1481.8047657561826,9182.273627364239,True,,0.0,1805.446458351575,2223.4227469026564,True
station,buffer_centroid_1500km,BEN,139,1,4,True,True,True,1.0000000000000018,-0.29300141591363194,473.61376765262736,1512.7175599913132,9182.273627364239,True,,0.0,1188.1210625987153,2200.296965325105,True
station,buffer_centroid_1500km,BWA,141,1,4,True,True,True,1.0000000000000018,-0.3253153839077879,397.931458964969,1401.5543538055174,9182.273627364239,True,,0.0,2152.97852886286,3056.9479371129773,True
station,buffer_centroid_1500km,BFA,137,1,4,True,True,True,1.0000000000000024,-0.29106068628465454,473.61376765262736,1509.0042251001862,9182.273627364239,True,,0.0,1642.9280674175898,2740.695567208281,True
station,buffer_centroid_1500km,BDI,143,1,4,True,True,True,1.0000000000000022,-0.2772447479415541,397.931458964969,1442.7061958958848,9182.273627364239,True,,0.0,1536.731377746373,1922.0881207149914,True
station,buffer_centroid_1500km,CMR,141,1,4,True,True,True,1.0000000000000044,-0.29108331530328835,423.1374906719694,1496.5522306718733,9182.273627364239,True,,0.0,1381.9272407694473,2326.607427482983,True
station,buffer_centroid_1500km,CAF,140,1,4,True,True,True,1.000000000000003,-0.31667166100011546,399.083621576208,1477.3253262733392,9182.273627364239,True,,0.0,1536.731377746373,2163.038475025452,True
station,buffer_centroid_1500km,TCD,144,1,4,True,True,True,1.0000000000000016,-0.3087614351184131,391.88755856642223,1502.7782278860298,9182.273627364239,True,,0.0,1028.3704520985661,1924.1555849891822,True
station,buffer_centroid_1500km,COG,143,1,4,True,True,True,1.0000000000000013,-0.2903105787984599,397.931458964969,1477.6066671860951,9182.273627364239,True,,0.0,1443.219022679277,2122.242363073052,True
station,buffer_centroid_1500km,COD,141,1,4,True,True,True,0.9999999999999996,-0.27998501356980315,400.2357841874469,1509.0042251001862,9182.273627364239,True,,0.0,1512.7175599913132,2197.007757568946,True
station,buffer_centroid_1500km,CIV,140,1,4,True,True,True,1.0000000000000018,-0.29033079813132734,484.9583656698586,1510.8608925457497,9182.273627364239,True,,0.0,1361.8044571222695,2582.8129283607714,True
station,buffer_centroid_1500km,DJI,143,1,4,True,True,True,1.0000000000000018,-0.2921518238247088,397.931458964969,1404.141974273657,9182.273627364239,True,,0.0,1283.8708589496996,2293.8244212694954,True
station,buffer_centroid_1500km,EGY,140,1,2,True,True,True,1.0000000000000036,-0.31965845868923376,411.6866374297081,1535.8198903586162,9182.273627364239,True,,0.0,1344.3820830201703,1825.8641123268105,True
station,buffer_centroid_1500km,GNQ,142,1,4,True,True,True,1.0000000000000022,-0.2910661469608735,425.797894184601,1502.7782278860298,9182.273627364239,True,,0.0,1028.3704520985661,2278.749963000338,True
station,buffer_centroid_1500km,ERI,144,1,4,True,True,True,1.0000000000000029,-0.28453057520851477,399.083621576208,1422.1596734285458,9182.273627364239,True,,0.0,1549.5810323202434,2001.779063867564,True
station,buffer_centroid_1500km,ETH,143,1,4,True,True,True,1.0000000000000022,-0.3007298640580164,397.931458964969,1432.498234818033,9182.273627364239,True,,0.0,1489.4795462801071,2321.512171803333,True
station,buffer_centroid_1500km,GAB,143,1,4,True,True,True,1.0000000000000013,-0.2903105787984599,397.931458964969,1477.6066671860951,9182.273627364239,True,,0.0,1188.1210625987153,2157.1025498065196,True
station,buffer_centroid_1500km,GHA,140,1,4,True,True,True,0.9999999999999999,-0.29278113177933585,484.9583656698586,1519.6324338563804,9182.273627364239,True,,0.0,1148.941937993015,2122.242363073052,True
station,buffer_centroid_1500km,GIN,139,1,4,True,True,True,1.0000000000000027,-0.2903133665162082,483.058925480137,1509.0042251001862,9182.273627364239,True,,0.0,1949.906110582779,3241.3308167684,True
station,buffer_centroid_1500km,GNB,142,1,4,True,True,True,1.0000000000000007,-0.32068866125503925,451.03603267492997,1486.8579553168654,9182.273627364239,True,,0.0,1659.218830069955,2931.901159748918,True
station,buffer_centroid_1500km,KEN,143,1,4,True,True,True,1.000000000000003,-0.2697341690236347,423.1374906719694,1442.1691776272546,9182.273627364239,True,,0.0,1499.653618821558,2073.193510076424,True
station,buffer_centroid_1500km,LSO,145,1,4,True,True,True,1.0000000000000033,-0.2912998521834337,423.1374906719694,1440.1773725834348,9182.273627364239,True,,0.0,1404.141974273657,2907.8184623463735,True
station,buffer_centroid_1500km,LBR,140,1,4,True,True,True,1.0000000000000018,-0.29033079813132734,484.9583656698586,1510.8608925457497,9182.273627364239,True,,0.0,1349.1506495874078,3040.1363912569645,True
station,buffer_centroid_1500km,LBY,145,1,4,True,True,True,1.000000000000001,-0.3377315524488074,397.931458964969,1468.8187382151777,9182.273627364239,True,,0.0,1051.230667728244,1497.9318148992916,True
station,buffer_centroid_1500km,MDG,148,1,4,True,True,True,1.0000000000000024,-0.3357692813391362,399.083621576208,1442.4376867615697,9182.273627364239,True,,0.0,1670.559834162237,2341.2533813491555,True
station,buffer_centroid_1500km,MWI,142,1,4,True,True,True,1.0000000000000029,-0.30174851185960166,399.083621576208,1442.4376867615697,9182.273627364239,True,,0.0,1367.397948940314,2223.4227469026564,True
station,buffer_centroid_1500km,MLI,137,1,4,True,True,True,1.0000000000000047,-0.2907861748103205,473.61376765262736,1509.0042251001862,9182.273627364239,True,,0.0,1489.3034102449176,2992.3981569303564,True
station,buffer_centroid_1500km,MRT,143,1,4,True,True,True,0.9999999999999968,-0.295710617677457,473.61376765262736,1474.1299852322582,9182.273627364239,True,,0.0,1349.1506495874078,2599.963573230533,True
station,buffer_centroid_1500km,MAR,146,1,4,True,True,True,1.0000000000000009,-0.30834041377994587,411.6866374297081,1442.4376867615697,9182.273627364239,True,,0.0,1546.6242328810565,2152.719531388444,True
station,buffer_centroid_1500km,MOZ,143,1,4,True,True,True,1.000000000000002,-0.3169140318557628,397.931458964969,1442.1691776272546,9182.273627364239,True,,0.0,1289.4133844578657,2386.949794348139,True
station,buffer_centroid_1500km,NAM,144,1,4,True,True,True,1.0000000000000004,-0.31323461768323063,411.6866374297081,1441.1732751053446,9182.273627364239,True,,0.0,1615.9393405722476,2724.1891401938165,True
station,buffer_centroid_1500km,NER,141,1,4,True,True,True,0.9999999999999996,-0.29393758947427173,423.1374906719694,1545.1347309028188,9182.273627364239,True,,0.0,1148.941937993015,2085.5327181127614,True
station,buffer_centroid_1500km,NGA,139,1,4,True,True,True,0.9999999999999987,-0.2910833153032887,428.45829769723264,1535.0916018024352,9182.273627364239,True,,0.0,1361.8044571222695,2416.259969357181,True
station,buffer_centroid_1500km,RWA,142,1,4,True,True,True,1.0,-0.31827184018322413,397.931458964969,1442.4376867615697,9182.273627364239,True,,0.0,1615.2350767294529,2016.3636703023042,True
station,buffer_centroid_1500km,SEN,142,1,4,True,True,True,1.0000000000000007,-0.32068866125503925,451.03603267492997,1486.8579553168654,9182.273627364239,True,,0.0,1959.5676288746213,3042.1024159414656,True
station,buffer_centroid_1500km,SLE,140,1,4,True,True,True,1.0000000000000016,-0.2957285345385185,480.41757876205895,1493.0158884759903,9182.273627364239,True,,0.0,1604.553046109046,3206.3884491835315,True
station,buffer_centroid_1500km,SOM,145,1,4,True,True,True,1.0000000000000016,-0.2921887098992506,400.2357841874469,1432.498234818033,9182.273627364239,True,,0.0,1269.4404588618097,2327.6132985519266,True
station,buffer_centroid_1500km,ZAF,145,1,4,True,True,True,1.0000000000000033,-0.2912998521834337,423.1374906719694,1440.1773725834348,9182.273627364239,True,,0.0,1289.4133844578657,2725.3785254859927,True
station,buffer_centroid_1500km,SDN,144,1,5,True,True,True,1.0000000000000016,-0.291601913142687,399.083621576208,1446.61117555206,9182.273627364239,True,,0.0,1133.5068614286647,2003.1558624965019,True
station,buffer_centroid_1500km,SWZ,145,1,4,True,True,True,1.0000000000000036,-0.28963441695015857,423.1374906719694,1440.1773725834348,9182.273627364239,True,,0.0,1367.397948940314,2690.882746773124,True
station,buffer_centroid_1500km,TZA,142,1,4,True,True,True,1.000000000000002,-0.2774753245463336,397.931458964969,1442.4376867615697,9182.273627364239,True,,0.0,1484.2363643536237,2231.190957657715,True
station,buffer_centroid_1500km,TGO,138,1,4,True,True,True,1.000000000000002,-0.2905182357193839,478.3363465663822,1510.8608925457497,9182.273627364239,True,,0.0,1261.063563362806,2716.2374419888433,True
station,buffer_centroid_1500km,TUN,136,1,5,True,True,True,0.9999999999999991,-0.31690313635567524,477.0156732073432,1502.7782278860298,9182.273627364239,True,,0.0,1431.3259336134658,1711.6066994830148,True
station,buffer_centroid_1500km,UGA,143,1,4,True,True,True,0.9999999999999989,-0.2995161238942078,397.931458964969,1442.1691776272546,9182.273627364239,True,,0.0,1133.5068614286647,1924.1555849891822,True
station,buffer_centroid_1500km,ZMB,140,1,4,True,True,True,1.0000000000000018,-0.28616016766914354,397.931458964969,1421.861765716386,9182.273627364239,True,,0.0,1477.6066671860951,2244.6773133959255,True
station,buffer_centroid_1500km,ZWE,142,1,4,True,True,True,1.0000000000000016,-0.31353368875506155,399.083621576208,1420.865863194476,9182.273627364239,True,,0.0,1568.9981311754461,2324.109632914766,True
station,buffer_centroid_1500km,AFG,145,1,2,True,True,True,1.0,-0.3094709647924831,400.2357841874469,1440.1773725834348,9182.273627364239,True,,0.0,1636.1649674446112,2193.413208943527,True
station,buffer_centroid_1500km,ARM,138,1,0,True,True,True,1.0000000000000002,-0.31130977467913745,461.62113922691185,1493.0158884759903,9182.273627364239,True,,0.0,1451.891043232325,1891.5264206499428,True
station,buffer_centroid_1500km,AZE,138,1,0,True,True,True,0.9999999999999993,-0.32833442318696016,477.0156732073432,1489.4795462801071,9182.273627364239,True,,0.0,1529.386913763929,1871.002797824366,True
station,buffer_centroid_1500km,BGD,147,1,4,True,True,True,0.9999999999999999,-0.2980632749607084,397.931458964969,1404.141974273657,9182.273627364239,True,,0.0,1513.915618822036,2606.5374893448247,True
station,buffer_centroid_1500km,MMR,145,1,4,True,True,True,0.999999999999999,-0.3010186752770502,400.2357841874469,1401.5543538055174,9453.81292451432,True,,0.0,1445.2804755107609,2879.827317728334,True
station,buffer_centroid_1500km,KHM,145,1,4,True,True,True,1.0000000000000002,-0.3004453396433598,400.2357841874469,1401.5543538055174,9902.588146541837,True,,0.0,1840.447294888039,2934.717381547879,True
station,buffer_centroid_1500km,CHN,149,1,4,True,True,True,1.000000000000002,-0.2983277214926021,400.2357841874469,1440.1773725834348,9182.273627364239,True,,0.0,1103.706316076573,2611.7030159465908,True
station,buffer_centroid_1500km,GEO,136,1,0,True,True,True,1.0000000000000024,-0.31130369640227723,477.0156732073432,1502.7782278860298,9182.273627364239,True,,0.0,1655.7785126863496,1942.6502113891618,True
station,buffer_centroid_1500km,IND,147,1,4,True,True,True,1.0000000000000038,-0.3007169024138129,397.931458964969,1404.141974273657,9182.273627364239,True,,0.0,1614.2572731520222,2530.4124008833496,True
station,buffer_centroid_1500km,IDN,149,1,4,True,True,True,1.0,-0.2989806743553236,400.2357841874469,1440.1773725834348,9453.81292451432,True,,0.0,1971.154562931003,3538.015521644883,True
station,buffer_centroid_1500km,IRN,138,1,0,True,True,True,1.0000000000000027,-0.28958114380266864,423.29616226352164,1446.61117555206,9182.273627364239,True,,0.0,1351.8236811366894,1918.5695690326,True
station,buffer_centroid_1500km,IRQ,137,1,0,True,True,True,1.0,-0.3072518749410017,473.61376765262736,1509.0042251001862,9182.273627364239,True,,0.0,1344.3820830201703,2076.4368177363467,True
station,buffer_centroid_1500km,ISR,138,1,0,True,True,True,1.0000000000000049,-0.2941836937393868,436.54167232813506,1519.6324338563804,9182.273627364239,True,,0.0,1443.4815523926802,1775.136831457392,True
station,buffer_centroid_1500km,JPN,149,1,4,True,True,True,1.0000000000000013,-0.30091398222679044,400.2357841874469,1440.1773725834348,9201.290397887928,True,,0.0,2022.2854703818234,4389.5069526897505,True
station,buffer_centroid_1500km,JOR,138,1,0,True,True,True,1.0000000000000049,-0.2941836937393868,436.54167232813506,1519.6324338563804,9182.273627364239,True,,0.0,1389.850398773924,1748.69010762277,True
station,buffer_centroid_1500km,KAZ,147,1,3,True,True,True,1.0000000000000009,-0.2996901546843749,423.1374906719694,1442.7061958958848,9182.273627364239,True,,0.0,1015.7617107783623,2535.0175934823455,True
station,buffer_centroid_1500km,LAO,146,1,4,True,True,True,0.9999999999999988,-0.3006249422237507,411.6866374297081,1402.8481640395871,9453.81292451432,True,,0.0,1513.915618822036,2704.803068801112,True
station,buffer_centroid_1500km,LBN,137,1,0,True,True,True,1.0000000000000007,-0.2941836937393856,449.6285108011963,1526.5473077214479,9182.273627364239,True,,0.0,1467.319536776835,1669.5560681002294,True
station,buffer_centroid_1500km,MYS,147,1,4,True,True,True,1.0,-0.30116370899102696,423.1374906719694,1404.141974273657,9787.284844042191,True,,0.0,1237.4438736718682,3373.911075098783,True
station,buffer_centroid_1500km,MNG,149,1,4,True,True,True,1.000000000000002,-0.2983277214926021,400.2357841874469,1440.1773725834348,9182.273627364239,True,,0.0,1837.0478104746458,3245.8056126518686,True
station,buffer_centroid_1500km,NPL,147,1,4,True,True,True,1.0000000000000038,-0.3007169024138129,397.931458964969,1404.141974273657,9182.273627364239,True,,0.0,1445.2804755107609,2610.3859478722616,True
station,buffer_centroid_1500km,OMN,145,1,4,True,True,True,1.000000000000001,-0.29274113712490624,423.4548338550739,1440.1773725834348,9182.273627364239,True,,0.0,1283.8708589496996,2410.853316688519,True
station,buffer_centroid_1500km,PAK,143,1,2,True,True,True,1.0000000000000029,-0.30936127598721624,397.931458964969,1404.141974273657,9182.273627364239,True,,1.0,1755.328132701826,2680.368231742026,True
station,buffer_centroid_1500km,PHL,149,1,4,True,True,True,1.0000000000000013,-0.299337374983497,400.2357841874469,1440.1773725834348,9453.81292451432,True,,0.0,1671.6325668651411,2827.452637587741,True
station,buffer_centroid_1500km,QAT,144,1,6,True,True,True,1.0000000000000044,-0.2927288375361848,423.29616226352164,1446.61117555206,9182.273627364239,True,,0.0,1668.6188783561108,1868.1751844714552,True
station,buffer_centroid_1500km,SAU,137,1,2,True,True,True,1.0000000000000022,-0.2910470699532649,449.6285108011963,1474.1299852322582,9182.273627364239,True,,0.0,1489.4795462801071,2147.02727394239,True
station,buffer_centroid_1500km,KOR,148,1,4,True,True,True,0.9999999999999983,-0.3000820909684881,399.083621576208,1422.1596734285458,9453.81292451432,True,,0.0,1103.706316076573,3647.8458420904076,True
station,buffer_centroid_1500km,LKA,150,1,4,True,True,True,1.0000000000000036,-0.2961569579262069,411.6866374297081,1441.1732751053446,9182.273627364239,True,,0.0,1614.2572731520222,2732.9212151487736,True
station,buffer_centroid_1500km,SYR,137,1,0,True,True,True,1.0000000000000007,-0.2941836937393856,449.6285108011963,1526.5473077214479,9182.273627364239,True,,0.0,1351.8236811366894,1702.1167388107365,True
station,buffer_centroid_1500km,TWN,148,1,4,True,True,True,1.0000000000000007,-0.29928822765087437,399.083621576208,1422.1596734285458,9453.81292451432,True,,0.0,1190.5864355143412,2800.98472093004,True
station,buffer_centroid_1500km,TJK,145,1,2,True,True,True,0.999999999999999,-0.30639797584339706,400.2357841874469,1440.1773725834348,9182.273627364239,True,,0.0,1729.0006915837118,2212.9315060623194,True
station,buffer_centroid_1500km,THA,146,1,4,True,True,True,0.9999999999999988,-0.3006249422237507,411.6866374297081,1402.8481640395871,9453.81292451432,True,,0.0,1237.4438736718682,2415.029436625784,True
station,buffer_centroid_1500km,TUR,131,1,0,True,True,True,1.0000000000000022,-0.2929416183637985,506.62454646134614,1536.731377746373,9182.273627364239,True,,0.0,1432.6895011166175,1760.8519843188933,True
station,buffer_centroid_1500km,TKM,141,1,0,True,True,True,1.0000000000000018,-0.3085854131562234,423.1374906719694,1440.1773725834348,9182.273627364239,True,,0.0,1562.2381241934052,2398.5118664262905,True
station,buffer_centroid_1500km,ARE,144,1,6,True,True,True,1.0000000000000044,-0.2927288375361848,423.29616226352164,1446.61117555206,9182.273627364239,True,,0.0,1636.1649674446112,2023.194150193204,True
station,buffer_centroid_1500km,UZB,143,1,3,True,True,True,1.0000000000000029,-0.3095962223121833,400.2357841874469,1404.141974273657,9182.273627364239,True,,0.0,1705.4849196855164,2303.9908539733033,True
station,buffer_centroid_1500km,VNM,145,1,4,True,True,True,1.0000000000000002,-0.3004453396433598,400.2357841874469,1401.5543538055174,9902.588146541837,True,,0.0,1671.6325668651411,2982.1692751048718,True
station,buffer_centroid_1500km,YEM,142,1,4,True,True,True,1.0000000000000009,-0.28850175782653537,411.6866374297081,1422.1596734285458,9182.273627364239,True,,0.0,1329.8869259575338,2392.2548453818426,True
station,buffer_centroid_1500km,ALB,128,1,2,True,True,True,1.000000000000001,-0.3045820015873656,507.127171667099,1550.0297938246072,9182.273627364239,True,,0.0,1051.230667728244,1635.251802629788,True
station,buffer_centroid_1500km,AUT,122,1,6,True,True,True,1.000000000000003,-0.31361244135966126,524.8529710419032,1668.1815777534598,9182.273627364239,True,,0.0,1181.5120048271804,1814.0448617613256,True
station,buffer_centroid_1500km,BLR,127,1,3,True,True,True,0.9999999999999998,-0.2967397853884652,520.2517358844642,1544.715897884541,9182.273627364239,True,,1.0,1458.7100489811246,1849.0790958509724,True
station,buffer_centroid_1500km,BEL,128,1,4,True,True,True,1.0000000000000024,-0.3003511161223786,521.744510313667,1567.4424545986724,9182.273627364239,True,,0.0,1139.8398381316993,1715.8590964250554,True
station,buffer_centroid_1500km,BIH,123,1,7,True,True,True,1.0000000000000053,-0.3141051867320483,516.8038862740605,1697.9254138715005,9182.273627364239,True,,0.0,1346.6758473915709,1843.2495481913131,True
station,buffer_centroid_1500km,BGR,124,1,0,True,True,True,1.0000000000000029,-0.3274552195577179,518.5278110792624,1698.7518922612908,9182.273627364239,True,,0.0,1389.850398773924,1735.77114679784,True
station,buffer_centroid_1500km,HRV,123,1,7,True,True,True,1.0000000000000053,-0.3141051867320483,516.8038862740605,1697.9254138715005,9182.273627364239,True,,0.0,1484.7770146760267,1779.4281742551366,True
station,buffer_centroid_1500km,CYP,132,1,0,True,True,True,1.0000000000000024,-0.2920542769426413,506.62454646134614,1536.6397783305852,9182.273627364239,True,,0.0,1582.9413585024888,1926.4661004218308,True
station,buffer_centroid_1500km,CZE,121,1,6,True,True,True,0.9999999999999991,-0.31287075446050455,531.7975890184466,1638.437741635419,9182.273627364239,True,,0.0,1298.6149048391012,2019.6384460505658,True
station,buffer_centroid_1500km,DNK,127,1,5,True,True,True,1.0000000000000033,-0.30291002548254486,520.2517358844642,1545.1347309028188,9182.273627364239,True,,0.0,1475.4526917589008,1822.7079574908894,True
station,buffer_centroid_1500km,EST,133,1,4,True,True,True,1.0000000000000007,-0.30664646408130153,506.62454646134614,1512.7175599913132,9182.273627364239,True,,0.0,1613.3802680514825,1821.2879752390866,True
station,buffer_centroid_1500km,FIN,142,1,4,True,True,True,1.000000000000002,-0.3017982364600775,461.62113922691185,1479.183174792941,9182.273627364239,True,,0.0,1379.3476997867763,1637.5090205063675,True
station,buffer_centroid_1500km,FRA,129,1,4,True,True,True,1.000000000000001,-0.3008194937148559,507.62979687285184,1545.1347309028188,9182.273627364239,True,,0.0,1288.7064464121588,1691.5683843424022,True
station,buffer_centroid_1500km,DEU,121,1,3,True,True,True,1.0000000000000004,-0.29518433953231826,531.7975890184466,1615.9393405722476,9182.273627364239,True,,0.0,1511.8706260324325,2203.5147474747346,True
station,buffer_centroid_1500km,GRC,125,1,2,True,True,True,1.0000000000000007,-0.30620182436959686,507.91425098936503,1563.616233395281,9182.273627364239,True,,0.0,1568.6550434361038,1852.7479865175196,True
station,buffer_centroid_1500km,HUN,123,1,7,True,True,True,1.000000000000001,-0.314818397321694,520.2517358844642,1697.9254138715005,9182.273627364239,True,,0.0,1320.834585155208,1780.637910678023,True
station,buffer_centroid_1500km,ISL,147,1,4,True,True,True,1.0000000000000038,-0.2982455634648112,423.1374906719694,1442.7061958958848,9182.273627364239,True,,0.0,1965.4357505161627,2509.1523255662887,True
station,buffer_centroid_1500km,IRL,142,1,4,True,True,True,1.0000000000000027,-0.2988578979137972,477.0156732073432,1479.183174792941,9182.273627364239,True,,0.0,1248.8964584649625,1795.1455432962975,True
station,buffer_centroid_1500km,ITA,127,1,6,True,True,True,1.0000000000000002,-0.3117595132557722,516.8038862740605,1552.6922359008197,9182.273627364239,True,,0.0,1153.699662377113,1735.8490922704648,True
station,buffer_centroid_1500km,LVA,128,1,4,True,True,True,1.0000000000000022,-0.2982484997205539,518.5278110792624,1540.933054324596,9182.273627364239,True,,0.0,1468.750713073169,1840.5891418230174,True
station,buffer_centroid_1500km,LTU,125,1,3,True,True,True,1.0000000000000013,-0.2982958401128914,523.2372847428696,1552.6922359008197,9182.273627364239,True,,0.0,1433.6550988178446,1996.1788315027125,True
station,buffer_centroid_1500km,MKD,127,1,2,True,True,True,1.0000000000000009,-0.30454239699213626,507.62979687285184,1570.7301825630022,9182.273627364239,True,,0.0,1293.0126526877368,1611.7687377718082,True
station,buffer_centroid_1500km,MDA,125,1,0,True,True,True,1.0000000000000013,-0.3134716025771172,520.2517358844642,1563.616233395281,9182.273627364239,True,,0.0,1451.891043232325,1702.564714178384,True
station,buffer_centroid_1500km,MNE,123,1,2,True,True,True,0.9999999999999999,-0.30534279501010414,516.8038862740605,1705.410345466563,9182.273627364239,True,,0.0,1233.1496345236558,1775.136831457392,True
station,buffer_centroid_1500km,NLD,127,1,5,True,True,True,0.9999999999999989,-0.298745273819414,520.2517358844642,1571.2686758020639,9182.273627364239,True,,0.0,1476.2203780005316,1741.5878408368735,True
station,buffer_centroid_1500km,NOR,138,1,4,True,True,True,1.0000000000000038,-0.3017044083007202,483.63769231081955,1486.8579553168654,9182.273627364239,True,,0.0,1139.8398381316993,1697.1804940764198,True
station,buffer_centroid_1500km,POL,121,1,3,True,True,True,1.000000000000001,-0.29868225983819596,523.4517807922296,1615.9393405722476,9182.273627364239,True,,0.0,1394.1138764685847,2212.8939507237906,True
station,buffer_centroid_1500km,PRT,147,1,4,True,True,True,1.0000000000000022,-0.2977717361638923,428.45829769723264,1446.61117555206,9182.273627364239,True,,0.0,1179.6344541122817,1752.9982285728083,True
station,buffer_centroid_1500km,ROU,125,1,2,True,True,True,1.0000000000000022,-0.30509917016188515,520.2517358844642,1571.2686758020639,9182.273627364239,True,,0.0,1517.684009486537,1655.7785126863496,True
station,buffer_centroid_1500km,RUS,150,1,4,True,True,True,1.0000000000000009,-0.3023303557195799,411.6866374297081,1441.1732751053446,9182.273627364239,True,,0.0,1015.7617107783623,1803.1129945319599,True
station,buffer_centroid_1500km,SRB,121,1,3,True,True,True,0.9999999999999991,-0.3067920141831793,520.2517358844642,1705.410345466563,9182.273627364239,True,,0.0,1376.7097180680514,1772.0780990205828,True
station,buffer_centroid_1500km,SVK,122,1,6,True,True,True,0.9999999999999989,-0.314145642051913,524.8529710419032,1668.1815777534598,9182.273627364239,True,,0.0,1508.1265377181403,1977.8768126083235,True
station,buffer_centroid_1500km,SVN,123,1,7,True,True,True,1.0000000000000053,-0.3141051867320483,516.8038862740605,1697.9254138715005,9182.273627364239,True,,0.0,1429.4374518292598,1717.4762825375558,True
station,buffer_centroid_1500km,ESP,142,1,4,True,True,True,1.0000000000000004,-0.29765919658570955,425.9565657761533,1463.6122945463862,9182.273627364239,True,,0.0,1468.8187382151777,1843.2495481913131,True
station,buffer_centroid_1500km,SWE,136,1,4,True,True,True,1.0000000000000016,-0.30149621171859875,506.62454646134614,1510.1066285503155,9182.273627364239,True,,0.0,1181.5120048271804,1546.0213585047134,True
station,buffer_centroid_1500km,CHE,125,1,3,True,True,True,1.0000000000000013,-0.2923583417678481,520.2517358844642,1615.9393405722476,9182.273627364239,True,,0.0,1324.322579561546,1670.9273807182449,True
station,buffer_centroid_1500km,UKR,127,1,0,True,True,True,1.0000000000000047,-0.31998017441755455,520.2517358844642,1562.2381241934052,9182.273627364239,True,,0.0,1490.407423295375,1646.3908996916382,True
station,buffer_centroid_1500km,GBR,138,1,4,True,True,True,1.0000000000000009,-0.2989589871346372,477.0156732073432,1502.7782278860298,9182.273627364239,True,,0.0,1394.1138764685847,1642.4439309634315,True
station,buffer_centroid_1500km,BHS,145,1,4,True,True,True,0.9999999999999952,-0.2977881422885998,449.6285108011963,1446.61117555206,9182.273627364239,True,,0.0,1674.5762782970282,2313.9489881576023,True
station,buffer_centroid_1500km,CAN,150,1,4,True,True,True,1.000000000000003,-0.29778814228860034,411.6866374297081,1441.1732751053446,9182.273627364239,True,,0.0,1315.1336399201512,3547.9766043655213,True
station,buffer_centroid_1500km,CRI,141,1,4,True,True,True,1.0000000000000007,-0.29778814228860284,449.6285108011963,1442.1691776272546,9182.273627364239,True,,0.0,1571.2686758020639,3277.195037289568,True
station,buffer_centroid_1500km,CUB,140,1,4,True,True,True,1.000000000000002,-0.29778814228860384,481.73825212109796,1441.1732751053446,9182.273627364239,True,,0.0,1697.9392596203238,3526.9010955984777,True
station,buffer_centroid_1500km,DOM,145,1,4,True,True,True,0.9999999999999998,-0.2977881422885999,428.45829769723264,1446.61117555206,9182.273627364239,True,,0.0,1535.0916018024352,2281.416935984448,True
station,buffer_centroid_1500km,SLV,143,1,4,True,True,True,1.0000000000000024,-0.29778814228859973,480.41757876205895,1442.7061958958848,9182.273627364239,True,,0.0,1509.0042251001862,2685.1352656849276,True
station,buffer_centroid_1500km,GTM,143,1,4,True,True,True,1.0000000000000024,-0.29778814228859973,480.41757876205895,1442.7061958958848,9182.273627364239,True,,0.0,1304.009581041404,2617.143325381927,True
station,buffer_centroid_1500km,HTI,142,1,4,True,True,True,1.0000000000000018,-0.2977881422886017,465.0230447816276,1442.4376867615697,9182.273627364239,True,,0.0,1426.952447710918,3193.425208202765,True
station,buffer_centroid_1500km,HND,141,1,4,True,True,True,1.0000000000000002,-0.29778814228860184,483.058925480137,1442.1691776272546,9182.273627364239,True,,0.0,1634.1031840206022,3547.9766043655213,True
station,buffer_centroid_1500km,JAM,140,1,4,True,True,True,1.000000000000002,-0.29778814228860384,481.73825212109796,1441.1732751053446,9182.273627364239,True,,0.0,1371.9677980124854,3378.0053298791086,True
station,buffer_centroid_1500km,MEX,150,1,4,True,True,True,1.0000000000000036,-0.29778814228860007,411.6866374297081,1441.1732751053446,9182.273627364239,True,,0.0,1304.009581041404,2345.956374204481,True
station,buffer_centroid_1500km,NIC,142,1,4,True,True,True,0.9999999999999999,-0.2977881422885996,484.9583656698586,1442.4376867615697,9182.273627364239,True,,0.0,1401.5543538055174,2976.378680548231,True
station,buffer_centroid_1500km,PAN,140,1,4,True,True,True,0.9999999999999986,-0.2977881422886037,481.73825212109796,1441.1732751053446,9182.273627364239,True,,0.0,1431.386966309948,3576.400213360047,True
station,buffer_centroid_1500km,USA,150,1,4,True,True,True,0.9999999999999978,-0.29778814228860034,411.6866374297081,1441.1732751053446,9182.273627364239,True,,0.0,1315.1336399201512,2914.1781077790056,True
station,buffer_centroid_1500km,AUS,150,1,4,True,True,True,1.0000000000000016,-0.2977881422885996,411.6866374297081,1441.1732751053446,9201.290397887928,True,,0.0,2593.355980204266,6834.6064920567305,True
station,buffer_centroid_1500km,NZL,150,1,4,True,True,True,1.0000000000000002,-0.2977881422885992,411.6866374297081,1441.1732751053446,7018.260438259346,True,,0.0,2671.1336211587063,9182.273627364239,True
station,buffer_centroid_1500km,PNG,150,1,4,True,True,True,1.0000000000000002,-0.2977881422885992,411.6866374297081,1441.1732751053446,9201.290397887928,True,,0.0,2593.355980204266,5116.698541135172,True
station,buffer_centroid_1500km,ARG,147,1,4,True,True,True,0.9999999999999997,-0.29778814228859835,397.931458964969,1404.141974273657,9182.273627364239,True,,0.0,1563.7585803878594,4933.9048078354945,True
station,buffer_centroid_1500km,BOL,147,1,4,True,True,True,1.0000000000000004,-0.29778814228859884,397.931458964969,1404.141974273657,9182.273627364239,True,,0.0,1563.7585803878594,3406.4480040386884,True
station,buffer_centroid_1500km,BRA,149,1,4,True,True,True,1.0000000000000027,-0.2977881422885989,400.2357841874469,1440.1773725834348,9182.273627364239,True,,0.0,1311.779459718249,4125.630257197361,True
station,buffer_centroid_1500km,CHL,149,1,4,True,True,True,1.000000000000003,-0.297788142288599,400.2357841874469,1440.1773725834348,9182.273627364239,True,,0.0,1313.5112276990567,4683.58609005165,True
station,buffer_centroid_1500km,COL,145,1,4,True,True,True,1.0000000000000007,-0.29778814228860095,397.931458964969,1446.61117555206,9182.273627364239,True,,0.0,1376.5583807001851,2001.3555133368272,True
station,buffer_centroid_1500km,ECU,146,1,4,True,True,True,0.9999999999999984,-0.29778814228859996,399.083621576208,1446.61117555206,9182.273627364239,True,,0.0,1709.878351607407,2395.455203479181,True
station,buffer_centroid_1500km,PRY,147,1,4,True,True,True,1.0000000000000002,-0.2977881422885975,397.931458964969,1404.141974273657,9182.273627364239,True,,0.0,1311.779459718249,4516.028827221387,True
station,buffer_centroid_1500km,PER,147,1,4,True,True,True,1.0000000000000016,-0.2977881422886024,397.931458964969,1442.1691776272546,9182.273627364239,True,,0.0,2200.7213173903033,2959.570923130428,True
station,buffer_centroid_1500km,SUR,149,1,4,True,True,True,0.9999999999999977,-0.2977881422885993,400.2357841874469,1440.1773725834348,9182.273627364239,True,,0.0,2188.955639301168,2959.570923130428,True
station,buffer_centroid_1500km,URY,148,1,4,True,True,True,0.9999999999999962,-0.2977881422886015,399.083621576208,1422.1596734285458,9182.273627364239,True,,0.0,1313.5112276990567,4898.69929325741,True
station,buffer_centroid_1500km,VEN,146,1,4,True,True,True,0.9999999999999979,-0.2977881422886007,411.6866374297081,1444.6586857239724,9182.273627364239,True,,0.0,1371.9677980124854,2242.3838479986252,True
land,full_sample,all,151,0,0,True,True,True,0.9999999999999988,-0.3202699578252153,470.7601656300599,1444.5188422522847,9213.028207715477,True,,,,,
land,primary_loco,DZA,140,1,0,True,True,True,1.0000000000000029,-0.31074633149505204,455.47246562923635,1510.9420847164472,9213.028207715477,True,,0.0,1771.0516940386663,2196.6864495109144,True
land,primary_loco,AGO,143,1,0,True,True,True,0.9999999999999996,-0.33513049612943524,460.6164275967239,1525.082616167338,9213.028207715477,True,,0.0,1690.4322402459375,2066.252154293292,True
land,primary_loco,BEN,143,1,0,True,True,True,1.0000000000000009,-0.32877524662030616,470.7601656300599,1596.7537143522538,9213.028207715477,True,,0.0,1206.2514060257706,1843.1153995861166,True
land,primary_loco,BWA,142,1,0,True,True,True,0.9999999999999987,-0.3257656274698169,456.0491067076004,1463.3217656462184,9213.028207715477,True,,0.0,1489.0918782082656,2727.2363640240246,True
land,primary_loco,BFA,140,1,0,True,True,True,0.9999999999999996,-0.3287933604658155,474.28949690799504,1571.4244479255017,9213.028207715477,True,,0.0,1186.1387871331215,2226.8295772272454,True
land,primary_loco,BDI,144,1,0,True,True,True,0.9999999999999999,-0.34154375406229875,465.6882966133919,1492.9467157369108,9213.028207715477,True,,0.0,1188.8987647594313,2047.3079710377278,True
land,primary_loco,CMR,142,1,0,True,True,True,0.9999999999999981,-0.3298580676526063,458.6210876913442,1499.7975809875757,9213.028207715477,True,,0.0,1219.2220104722073,2162.5950200584102,True
land,primary_loco,CAF,141,1,0,True,True,True,1.0000000000000002,-0.3216954321925437,460.6164275967239,1491.2005147497016,9213.028207715477,True,,0.0,1418.5487897103092,2152.4749286336023,True
land,primary_loco,TCD,140,1,0,True,True,True,1.0000000000000027,-0.31045824616948225,454.39490324444625,1499.7975809875757,9213.028207715477,True,,0.0,1774.3668429972586,2286.961641928306,True
land,primary_loco,COG,143,1,0,True,True,True,1.0000000000000002,-0.33453975741433317,460.6164275967239,1496.8015532655563,9213.028207715477,True,,0.0,1400.8076754928893,2064.2735044740966,True
land,primary_loco,COD,133,1,0,True,True,True,0.9999999999999976,-0.3103911301891877,455.47246562923635,1496.8015532655563,9213.028207715477,True,,0.0,1611.4829987940502,2737.922842294722,True
land,primary_loco,CIV,141,1,0,True,True,True,1.0000000000000013,-0.328911874899628,479.0782142318579,1567.1382722848032,9213.028207715477,True,,0.0,1171.0268609219331,2446.4866532552624,True
land,primary_loco,DJI,145,1,0,True,True,True,1.0000000000000024,-0.32445243890113895,455.47246562923635,1444.2006317897303,9213.028207715477,True,,0.0,1353.869136659916,2108.609031255303,True
land,primary_loco,EGY,137,1,0,True,True,True,0.9999999999999993,-0.3012838040702634,460.6164275967239,1533.709250989208,9213.028207715477,True,,0.0,1839.6738444677844,2124.2550744445657,True
land,primary_loco,GNQ,145,1,0,True,True,True,1.0000000000000018,-0.3499006105913598,470.7601656300599,1496.8015532655563,9213.028207715477,True,,0.0,1206.2514060257706,1777.0485258484257,True
land,primary_loco,ERI,143,1,0,True,True,True,0.9999999999999981,-0.3102101748246722,455.47246562923635,1444.2006317897303,9213.028207715477,True,,0.0,1657.5358404495967,2005.9110352156972,True
land,primary_loco,ETH,141,1,0,True,True,True,0.9999999999999994,-0.3154856985000304,455.47246562923635,1470.1629597670772,9213.028207715477,True,,0.0,1596.7537143522538,2293.766798863708,True
land,primary_loco,GAB,143,1,0,True,True,True,1.0000000000000009,-0.3482932367340404,460.6164275967239,1496.8015532655563,9213.028207715477,True,,0.0,1543.8996811072427,2067.0590625605487,True
land,primary_loco,GHA,142,1,0,True,True,True,1.0000000000000038,-0.328790254171506,471.3098567253155,1586.2321689592268,9213.028207715477,True,,0.0,1119.0909842355948,1715.7610792012324,True
land,primary_loco,GIN,142,1,0,True,True,True,0.9999999999999951,-0.31413803529022033,474.28949690799504,1547.4667871827655,9213.028207715477,True,,0.0,1119.0909842355948,2508.2859705781275,True
land,primary_loco,GNB,145,1,0,True,True,True,1.0000000000000024,-0.33082062721180994,471.8595478205712,1533.709250989208,9213.028207715477,True,,0.0,899.4233213450746,2559.9814938736354,True
land,primary_loco,KEN,142,1,0,True,True,True,1.0000000000000009,-0.310437199414061,458.6210876913442,1471.7228794259372,9213.028207715477,True,,0.0,1353.869136659916,2340.2602806845507,True
land,primary_loco,LSO,146,1,0,True,True,True,1.000000000000003,-0.33506956707727603,471.3098567253155,1463.3217656462184,9213.028207715477,True,,0.0,1190.1082499877682,2917.6614589815463,True
land,primary_loco,LBR,143,1,0,True,True,True,1.0000000000000009,-0.32642722909433136,479.0782142318579,1553.2760711040148,9213.028207715477,True,,0.0,899.4233213450746,2431.5682693816525,True
land,primary_loco,LBY,142,1,0,True,True,True,0.9999999999999958,-0.32867716636823624,456.0491067076004,1480.6817372583894,9213.028207715477,True,,0.0,1560.4654630260763,1863.8773067760353,True
land,primary_loco,MDG,149,1,0,True,True,True,1.0000000000000004,-0.32202654113828266,460.6164275967239,1470.1629597670772,9213.028207715477,True,,0.0,1491.2005147497016,2407.253663325948,True
land,primary_loco,MWI,145,1,0,True,True,True,1.000000000000002,-0.33139820787629265,455.47246562923635,1496.8015532655563,9213.028207715477,True,,0.0,1188.8987647594313,1827.2830780062673,True
land,primary_loco,MLI,135,1,0,True,True,True,1.0000000000000024,-0.32880550328982266,471.8595478205712,1553.2760711040148,9213.028207715477,True,,0.0,2189.0406575442703,2606.2496949305823,True
land,primary_loco,MRT,142,1,0,True,True,True,1.0000000000000036,-0.3341879636761732,458.6210876913442,1538.8044660482253,9213.028207715477,True,,0.0,1314.4489780992205,2102.649817750974,True
land,primary_loco,MAR,145,1,0,True,True,True,1.0000000000000038,-0.32781803988711744,455.47246562923635,1456.4805715253597,9213.028207715477,True,,0.0,1527.4279627819208,2278.9583809694714,True
land,primary_loco,MOZ,140,1,0,True,True,True,0.9999999999999992,-0.32486031457320763,455.47246562923635,1453.2044750734397,9213.028207715477,True,,0.0,1668.4549976148023,2890.59290293102,True
land,primary_loco,NAM,145,1,0,True,True,True,1.0000000000000009,-0.323345821118967,460.6164275967239,1496.8015532655563,9213.028207715477,True,,0.0,1386.7500492719466,2499.969518086411,True
land,primary_loco,NER,140,1,0,True,True,True,1.000000000000003,-0.325586978724734,456.0491067076004,1571.4244479255017,9213.028207715477,True,,0.0,1704.0069515723271,2205.5025744148707,True
land,primary_loco,NGA,139,1,0,True,True,True,0.9999999999999933,-0.3303723755430347,470.7601656300599,1596.7537143522538,9213.028207715477,True,,0.0,1400.8076754928893,2225.2128785593077,True
land,primary_loco,RWA,145,1,0,True,True,True,1.0000000000000022,-0.3420520432521928,470.7601656300599,1470.1629597670772,9213.028207715477,True,,0.0,1297.306599111226,1890.2466733574458,True
land,primary_loco,SEN,143,1,0,True,True,True,0.999999999999999,-0.3225857622633457,476.71944599541894,1543.8996811072427,9213.028207715477,True,,0.0,1413.849226685314,2585.9731306826498,True
land,primary_loco,SLE,144,1,0,True,True,True,1.0000000000000002,-0.3227459226494764,477.8988301136384,1543.8996811072427,9213.028207715477,True,,0.0,1176.812773923718,2524.100055010083,True
land,primary_loco,SOM,143,1,0,True,True,True,1.0000000000000022,-0.3248790186208156,455.47246562923635,1444.5188422522847,9213.028207715477,True,,0.0,1597.2809141473529,2501.743992070298,True
land,primary_loco,ZAF,144,1,0,True,True,True,0.9999999999999988,-0.3195242480322325,463.69295670801216,1450.4997068888222,9213.028207715477,True,,0.0,1762.2357274505925,3059.040911350495,True
land,primary_loco,SDN,140,1,0,True,True,True,0.9999999999999997,-0.31010524053225674,453.2056603590777,1499.7975809875757,9213.028207715477,True,,0.0,1443.0755221890038,2148.13444885888,True
land,primary_loco,SWZ,145,1,0,True,True,True,0.9999999999999996,-0.3177598771957283,470.7601656300599,1456.4805715253597,9213.028207715477,True,,0.0,1505.8904928851969,2738.1835436806687,True
land,primary_loco,TZA,141,1,0,True,True,True,0.9999999999999996,-0.34391897287507545,456.62574778596445,1496.8015532655563,9213.028207715477,True,,0.0,1514.090816831377,2270.8476688318424,True
land,primary_loco,TGO,143,1,0,True,True,True,1.0000000000000009,-0.32877524662030616,470.7601656300599,1596.7537143522538,9213.028207715477,True,,0.0,1161.4626581211626,1822.3997781883065,True
land,primary_loco,TUN,145,1,0,True,True,True,1.0000000000000013,-0.32039324432825145,460.6164275967239,1491.2005147497016,9213.028207715477,True,,0.0,1175.6519171091522,1401.119074873957,True
land,primary_loco,UGA,143,1,0,True,True,True,1.0000000000000009,-0.319711381591146,460.6164275967239,1496.8015532655563,9213.028207715477,True,,0.0,1597.2809141473529,2092.112125087287,True
land,primary_loco,ZMB,141,1,0,True,True,True,0.9999999999999978,-0.3251944724718376,455.47246562923635,1456.4805715253597,9213.028207715477,True,,0.0,1297.306599111226,2117.857592329834,True
land,primary_loco,ZWE,141,1,0,True,True,True,0.9999999999999983,-0.331954228624764,455.47246562923635,1456.4805715253597,9213.028207715477,True,,0.0,1190.1082499877682,2569.6466169920077,True
land,primary_loco,AFG,142,1,0,True,True,True,0.9999999999999999,-0.31076816836301135,454.9715443228103,1436.1431874752577,9213.028207715477,True,,0.0,1587.966393174854,2176.006725292594,True
land,primary_loco,ARM,143,1,0,True,True,True,0.9999999999999997,-0.30994567861330374,470.7601656300599,1525.082616167338,9213.028207715477,True,,0.0,1078.7101297495162,1551.0338932582881,True
land,primary_loco,AZE,140,1,0,True,True,True,1.0000000000000002,-0.31000592410838607,473.7398058127394,1502.2114952371412,9213.028207715477,True,,0.0,1274.7946159441526,1762.6617750285623,True
land,primary_loco,BGD,146,1,0,True,True,True,1.0000000000000029,-0.32811168456087014,456.0491067076004,1436.1431874752577,9213.028207715477,True,,0.0,1504.9849829398265,2624.7506157638227,True
land,primary_loco,MMR,141,1,0,True,True,True,1.0000000000000018,-0.32772978516617807,456.62574778596445,1418.5487897103092,9790.746894645757,True,,0.0,1549.291485218015,3363.1091214171815,True
land,primary_loco,KHM,144,1,0,True,True,True,1.0000000000000007,-0.3221563201971872,466.23798770864755,1425.6862110026234,9667.748021060428,True,,0.0,1933.955967326727,3450.6962405860486,True
land,primary_loco,CHN,131,1,0,True,True,True,0.9999999999999991,-0.32888442490711883,445.1149364795609,1375.5936797537156,10794.409689373617,True,,0.0,3681.6439798577835,4916.094350555158,True
land,primary_loco,GEO,140,1,0,True,True,True,0.999999999999999,-0.3187063189060009,477.8988301136384,1513.9381124384663,9213.028207715477,True,,0.0,1138.7896432737039,1644.9181052046179,True
land,primary_loco,IND,140,1,0,True,True,True,1.0000000000000029,-0.3204064618958702,453.2056603590777,1418.5487897103092,9362.03692412302,True,,0.0,2432.500454629722,2901.685398801569,True
land,primary_loco,IDN,142,1,0,True,True,True,1.0000000000000013,-0.3271074746515822,458.6210876913442,1418.5487897103092,10335.142025217694,True,,0.0,2208.526353180026,4711.552917268606,True
land,primary_loco,IRN,134,1,0,True,True,True,1.0000000000000022,-0.3103338129582786,473.7398058127394,1513.9381124384663,9213.028207715477,True,,0.0,1645.3139872344605,2445.964707552102,True
land,primary_loco,IRQ,136,1,0,True,True,True,1.0000000000000022,-0.3103948393646695,477.8988301136384,1538.8044660482253,9213.028207715477,True,,0.0,1399.6553589290247,2005.9110352156972,True
land,primary_loco,ISR,142,1,0,True,True,True,0.999999999999995,-0.3105443952085186,473.7398058127394,1538.8044660482253,9213.028207715477,True,,0.0,1273.5480545178918,1707.236712368477,True
land,primary_loco,JPN,145,1,0,True,True,True,0.9999999999999991,-0.32141067209858176,455.47246562923635,1432.8236322949376,9658.95521137718,True,,0.0,2974.441128232411,4593.295966578864,True
land,primary_loco,JOR,142,1,0,True,True,True,0.999999999999995,-0.3105443952085186,473.7398058127394,1538.8044660482253,9213.028207715477,True,,0.0,1247.7078036789153,1765.9789643806607,True
land,primary_loco,KAZ,139,1,0,True,True,True,1.000000000000004,-0.30670832120130637,470.7601656300599,1444.5188422522847,9213.028207715477,True,,0.0,1961.9297129050196,2856.619322725405,True
land,primary_loco,LAO,145,1,0,True,True,True,0.9999999999999994,-0.3221754555683837,471.8595478205712,1432.8236322949376,9421.341292384812,True,,0.0,1504.9849829398265,2795.6145766411764,True
land,primary_loco,LBN,142,1,0,True,True,True,0.999999999999995,-0.3105443952085186,473.7398058127394,1538.8044660482253,9213.028207715477,True,,0.0,1078.7101297495162,1606.1169182060687,True
land,primary_loco,MYS,144,1,0,True,True,True,0.9999999999999967,-0.32292789583278647,466.23798770864755,1425.6862110026234,9790.746894645757,True,,0.0,1747.979589363468,3998.1070267952714,True
land,primary_loco,MNG,147,1,0,True,True,True,0.9999999999999991,-0.33139763436689046,456.62574778596445,1439.4627426555778,9213.028207715477,True,,0.0,2350.762940982553,3165.8258306429743,True
land,primary_loco,NPL,147,1,0,True,True,True,0.9999999999999999,-0.32811168456086826,456.62574778596445,1439.4627426555778,9213.028207715477,True,,0.0,1451.351249239681,2393.1512612800107,True
land,primary_loco,OMN,144,1,0,True,True,True,1.0000000000000075,-0.3200625726986862,465.6882966133919,1450.4997068888222,9213.028207715477,True,,0.0,1744.4035228784076,2273.897394987283,True
land,primary_loco,PAK,141,1,0,True,True,True,0.999999999999997,-0.31871797660914664,470.7601656300599,1439.4627426555778,9213.028207715477,True,,0.0,1451.351249239681,2523.0621288562475,True
land,primary_loco,PHL,145,1,0,True,True,True,1.0000000000000009,-0.3221961662308469,455.47246562923635,1432.8236322949376,9758.99701170666,True,,0.0,1810.4236162482875,3667.0139402051086,True
land,primary_loco,QAT,145,1,0,True,True,True,1.000000000000004,-0.32524272308615526,470.7601656300599,1456.4805715253597,9213.028207715477,True,,0.0,1140.8230145907723,1727.8507002567299,True
land,primary_loco,SAU,132,1,0,True,True,True,1.0000000000000004,-0.34598492807611775,458.6210876913442,1499.7975809875757,9213.028207715477,True,,0.0,1818.9481664935652,2634.382661409063,True
land,primary_loco,KOR,147,1,0,True,True,True,1.0000000000000044,-0.3199779476926174,456.62574778596445,1439.4627426555778,9213.028207715477,True,,0.0,1498.7647181710176,3564.4858720426914,True
land,primary_loco,LKA,149,1,0,True,True,True,0.9999999999999999,-0.32591991202965154,460.6164275967239,1444.2006317897303,9213.028207715477,True,,0.0,2048.1394683876147,2955.0078231122284,True
land,primary_loco,SYR,138,1,0,True,True,True,1.000000000000002,-0.3103631049992115,477.8988301136384,1548.5878761056288,9213.028207715477,True,,0.0,1365.9790356430142,1747.1058778814665,True
land,primary_loco,TWN,147,1,0,True,True,True,0.9999999999999962,-0.32145001611798996,456.62574778596445,1439.4627426555778,9658.95521137718,True,,0.0,1498.7647181710176,2939.938858001745,True
land,primary_loco,TJK,143,1,0,True,True,True,0.9999999999999987,-0.31692716277416094,456.62574778596445,1439.4627426555778,9213.028207715477,True,,0.0,1645.3139872344605,2451.5899765233776,True
land,primary_loco,THA,142,1,0,True,True,True,1.000000000000003,-0.3283227321402846,458.6210876913442,1418.5487897103092,9790.746894645757,True,,0.0,1507.3821901248803,3670.809009486754,True
land,primary_loco,TUR,129,1,0,True,True,True,0.9999999999999986,-0.2936484257097248,481.0462035108626,1596.7537143522538,9213.028207715477,True,,0.0,1371.0552590162038,1875.88894970325,True
land,primary_loco,TKM,141,1,0,True,True,True,1.0000000000000009,-0.3104711868135173,470.7601656300599,1444.2006317897303,9213.028207715477,True,,0.0,1219.445543830753,2159.627911260112,True
land,primary_loco,ARE,144,1,0,True,True,True,1.0000000000000075,-0.3200625726986862,465.6882966133919,1450.4997068888222,9213.028207715477,True,,0.0,1399.6553589290247,1926.8575291777497,True
land,primary_loco,UZB,142,1,0,True,True,True,0.9999999999999967,-0.3113810138103118,458.6210876913442,1441.8316872226542,9213.028207715477,True,,0.0,1551.0338932582881,2414.1849588346654,True
land,primary_loco,VNM,143,1,0,True,True,True,0.9999999999999959,-0.32209847232483924,460.6164275967239,1418.5487897103092,9790.746894645757,True,,0.0,1722.0602351903788,3452.346589254766,True
land,primary_loco,YEM,142,1,0,True,True,True,0.9999999999999973,-0.31047624490191733,458.6210876913442,1438.512132042334,9213.028207715477,True,,0.0,1140.8230145907723,2309.898997871484,True
land,primary_loco,ALB,138,1,0,True,True,True,0.9999999999999997,-0.3107308997738073,487.33165792822274,1538.8044660482253,9213.028207715477,True,,0.0,852.8160684356075,1260.0639852499048,True
land,primary_loco,AUT,133,1,0,True,True,True,1.0000000000000069,-0.31514867896211374,536.6241034778278,1597.2809141473529,9213.028207715477,True,,0.0,864.5716369365597,1257.788705959864,True
land,primary_loco,BLR,137,1,0,True,True,True,1.0000000000000027,-0.328954094453318,481.0462035108626,1533.709250989208,9213.028207715477,True,,0.0,1158.0638791880683,1315.9596973570465,True
land,primary_loco,BEL,141,1,0,True,True,True,1.000000000000007,-0.3200856970826412,481.0462035108626,1543.8996811072427,9213.028207715477,True,,0.0,905.5256256719398,1381.2463872227324,True
land,primary_loco,BIH,132,1,0,True,True,True,1.000000000000007,-0.32130775385429605,532.5835536921303,1583.8049215218387,9213.028207715477,True,,0.0,891.1511799214798,1410.143714669934,True
land,primary_loco,BGR,136,1,0,True,True,True,1.0000000000000016,-0.31068563040416086,502.7793682806937,1538.8044660482253,9213.028207715477,True,,0.0,915.5998633250631,1402.1335891014992,True
land,primary_loco,HRV,131,1,0,True,True,True,0.9999999999999952,-0.3221351999460924,536.6241034778278,1624.821253273497,9213.028207715477,True,,0.0,989.4568145006581,1492.6637201869448,True
land,primary_loco,CYP,141,1,0,True,True,True,1.0,-0.30845690350775873,476.71944599541894,1543.8996811072427,9213.028207715477,True,,0.0,1100.4135516231622,1414.0310795555622,True
land,primary_loco,CZE,130,1,0,True,True,True,1.0000000000000056,-0.32721952164514545,539.1844247951062,1630.403573677289,9213.028207715477,True,,0.0,834.997023678108,1178.1228422478564,True
land,primary_loco,DNK,138,1,0,True,True,True,0.9999999999999994,-0.32044041521030237,487.33165792822274,1538.8044660482253,9213.028207715477,True,,0.0,959.4712345565569,1243.6020313384988,True
land,primary_loco,EST,142,1,0,True,True,True,0.9999999999999983,-0.32087568775071085,477.8988301136384,1513.9381124384663,9213.028207715477,True,,0.0,915.8354120476572,1413.2093168643019,True
land,primary_loco,FIN,143,1,0,True,True,True,1.0000000000000002,-0.3210179389288057,476.71944599541894,1491.2005147497016,9213.028207715477,True,,0.0,1243.7712661771782,1877.0723902687446,True
land,primary_loco,FRA,135,1,0,True,True,True,0.9999999999999978,-0.3207510736308226,479.0782142318579,1525.082616167338,9213.028207715477,True,,0.0,1186.0765910795794,1527.8681531673103,True
land,primary_loco,DEU,129,1,0,True,True,True,1.0000000000000058,-0.3342899620040018,550.5593326684286,1597.2809141473529,9213.028207715477,True,,0.0,1156.328517130293,1378.9737423234728,True
land,primary_loco,GRC,135,1,0,True,True,True,0.9999999999999976,-0.32094121600964853,481.0462035108626,1543.8996811072427,9213.028207715477,True,,0.0,1043.2308058389199,1365.9790356430142,True
land,primary_loco,HUN,131,1,0,True,True,True,0.9999999999999949,-0.30586991941345204,536.6241034778278,1584.5124312891714,9213.028207715477,True,,0.0,959.6965571912085,1336.1447489375773,True
land,primary_loco,ISL,150,1,0,True,True,True,0.9999999999999999,-0.3201341413337643,465.6882966133919,1450.340601657545,9213.028207715477,True,,0.0,1444.5188422522847,2097.281786434798,True
land,primary_loco,IRL,148,1,0,True,True,True,1.0000000000000033,-0.32019576593749044,474.28949690799504,1480.6817372583894,9213.028207715477,True,,0.0,928.9725202756132,1583.0974117545059,True
land,primary_loco,ITA,127,1,0,True,True,True,1.0000000000000016,-0.3125949204768332,523.3271202565203,1596.7537143522538,9213.028207715477,True,,0.0,1086.5673027603273,1856.7986650522791,True
land,primary_loco,LVA,140,1,0,True,True,True,1.000000000000002,-0.3204569614868404,479.0782142318579,1529.395933578273,9213.028207715477,True,,0.0,970.8368092669889,1330.2931340475304,True
land,primary_loco,LTU,140,1,0,True,True,True,1.000000000000002,-0.3204569614868404,479.0782142318579,1529.395933578273,9213.028207715477,True,,0.0,793.1258264375996,1204.7008908183484,True
land,primary_loco,MKD,139,1,0,True,True,True,0.9999999999999984,-0.3092580511912576,481.0462035108626,1531.5713423192528,9213.028207715477,True,,0.0,746.2377722462636,1215.8683704740336,True
land,primary_loco,MDA,139,1,0,True,True,True,0.9999999999999977,-0.29866416173390864,481.0462035108626,1525.082616167338,9213.028207715477,True,,0.0,823.0764741163001,1043.6140401916841,True
land,primary_loco,MNE,137,1,0,True,True,True,0.9999999999999984,-0.32163289475427115,493.61711234558294,1543.8996811072427,9213.028207715477,True,,0.0,834.997023678108,1366.6541061049006,True
land,primary_loco,NLD,138,1,0,True,True,True,1.0000000000000029,-0.32009561052049645,487.33165792822274,1552.1549821811514,9213.028207715477,True,,0.0,929.0717371002586,1330.2931340475304,True
land,primary_loco,NOR,143,1,0,True,True,True,0.9999999999999999,-0.3203991954488834,479.0782142318579,1496.8015532655563,9213.028207715477,True,,0.0,915.8354120476572,1636.057036888284,True
land,primary_loco,POL,129,1,0,True,True,True,1.000000000000003,-0.31671404044709073,536.6241034778278,1597.2809141473529,9213.028207715477,True,,0.0,997.7165754080415,1375.5936797537156,True
land,primary_loco,PRT,147,1,0,True,True,True,1.0000000000000029,-0.32051467854689697,460.6164275967239,1456.4805715253597,9213.028207715477,True,,0.0,1583.0974117545059,2018.7056825987756,True
land,primary_loco,ROU,132,1,0,True,True,True,1.0000000000000004,-0.31107338628232123,532.5835536921303,1571.4244479255017,9213.028207715477,True,,0.0,1060.7894264541715,1511.7372510102937,True
land,primary_loco,RUS,124,1,0,True,True,True,1.0000000000000004,-0.3163986701735054,479.0782142318579,1556.2395040844317,9213.028207715477,True,,0.0,3407.862376707855,4649.627720341296,True
land,primary_loco,SRB,131,1,0,True,True,True,1.0000000000000038,-0.31122927084855834,528.5430039064328,1575.7106235662,9213.028207715477,True,,0.0,1020.0917275271845,1459.135696806335,True
land,primary_loco,SVK,133,1,0,True,True,True,1.000000000000002,-0.317137563126633,523.3271202565203,1584.5124312891714,9213.028207715477,True,,0.0,793.1258264375996,1167.3011234612338,True
land,primary_loco,SVN,134,1,0,True,True,True,0.9999999999999994,-0.31540593325308697,525.9350620814765,1597.0173142498033,9213.028207715477,True,,0.0,746.2377722462636,1204.7008908183484,True
land,primary_loco,ESP,142,1,0,True,True,True,1.000000000000002,-0.3206847615189615,458.6210876913442,1494.001034007629,9213.028207715477,True,,0.0,1394.9916260433056,1753.1196348530561,True
land,primary_loco,SWE,138,1,0,True,True,True,0.9999999999999988,-0.3208417518422177,480.0622088713602,1538.8044660482253,9213.028207715477,True,,0.0,1419.9648197319568,1755.3739541080502,True
land,primary_loco,CHE,137,1,0,True,True,True,1.0000000000000036,-0.3230863150198756,481.0462035108626,1551.0338932582881,9213.028207715477,True,,0.0,977.4347018822762,1289.271791336503,True
land,primary_loco,UKR,130,1,0,True,True,True,1.0000000000000009,-0.32837264169693103,532.5835536921303,1571.4244479255017,9213.028207715477,True,,0.0,1119.7927407326936,1591.8401494037682,True
land,primary_loco,GBR,143,1,0,True,True,True,1.0000000000000053,-0.32003140852264933,479.0782142318579,1525.082616167338,9213.028207715477,True,,0.0,1155.5388605205403,1627.641097405841,True
land,primary_loco,BHS,145,1,0,True,True,True,0.9999999999999977,-0.3202699721512425,476.71944599541894,1491.2005147497016,9213.028207715477,True,,0.0,1456.4805715253597,2265.9275418575357,True
land,primary_loco,CAN,149,1,0,True,True,True,0.9999999999999991,-0.32026997215124287,460.6164275967239,1444.2006317897303,9213.028207715477,True,,0.0,3650.7540567632727,4992.166371732849,True
land,primary_loco,CRI,145,1,0,True,True,True,1.0000000000000002,-0.32026996459727375,479.0782142318579,1491.2005147497016,9213.028207715477,True,,0.0,922.3053987944086,2010.9124436889442,True
land,primary_loco,CUB,142,1,0,True,True,True,1.0000000000000024,-0.3202699721512425,474.28949690799504,1457.340901009681,9213.028207715477,True,,0.0,1137.6630837560015,3193.847947402105,True
land,primary_loco,DOM,146,1,0,True,True,True,0.9999999999999989,-0.3202699721879695,477.8988301136384,1496.997061729648,9213.028207715477,True,,0.0,1355.3471636969393,2157.9071085158193,True
land,primary_loco,SLV,145,1,0,True,True,True,0.9999999999999976,-0.32026997215124225,479.0782142318579,1491.2005147497016,9213.028207715477,True,,0.0,1110.72807360103,2058.376265961505,True
land,primary_loco,GTM,146,1,0,True,True,True,1.0000000000000009,-0.3202699721512421,476.71944599541894,1496.997061729648,9213.028207715477,True,,0.0,922.3053987944086,2187.19000858485,True
land,primary_loco,HTI,145,1,0,True,True,True,0.9999999999999972,-0.3202699694588977,476.71944599541894,1491.2005147497016,9213.028207715477,True,,0.0,1406.7719446682343,2389.1734596679617,True
land,primary_loco,HND,142,1,0,True,True,True,1.0000000000000002,-0.3202699260243185,480.0622088713602,1457.340901009681,9213.028207715477,True,,0.0,998.1052384315648,3548.8528674004283,True
land,primary_loco,JAM,144,1,0,True,True,True,0.999999999999999,-0.3202699823859633,477.8988301136384,1480.6817372583894,9213.028207715477,True,,0.0,1007.6360334902121,2687.941962627916,True
land,primary_loco,MEX,144,1,0,True,True,True,1.0000000000000007,-0.32026997215124264,477.8988301136384,1480.6817372583894,9213.028207715477,True,,0.0,2473.2138267045343,3816.5562919522195,True
land,primary_loco,NIC,143,1,0,True,True,True,0.9999999999999994,-0.32026990724601145,471.8595478205712,1470.1629597670772,9213.028207715477,True,,0.0,1007.6360334902121,2709.7772568872792,True
land,primary_loco,PAN,146,1,0,True,True,True,1.0,-0.3202699529025177,465.6882966133919,1496.997061729648,9213.028207715477,True,,0.0,998.1052384315648,1569.4685748557981,True
land,primary_loco,USA,145,1,0,True,True,True,0.9999999999999997,-0.3200718022612328,460.6164275967239,1439.4627426555778,9213.028207715477,True,,0.0,3557.7747356496066,4394.216604257351,True
land,primary_loco,AUS,148,1,0,True,True,True,0.9999999999999993,-0.3210003934699567,458.6210876913442,1441.8316872226542,9658.95521137718,True,,0.0,3962.2545301287087,5923.229213820964,True
land,primary_loco,NZL,150,1,0,True,True,True,1.0000000000000013,-0.32033560700769453,465.6882966133919,1444.3597370210075,5749.226961240612,True,,0.0,3962.2545301287087,9213.028207715477,True
land,primary_loco,PNG,148,1,0,True,True,True,0.9999999999999993,-0.3210003934699567,458.6210876913442,1441.8316872226542,9658.95521137718,True,,0.0,3322.324619559235,5121.885544427493,True
land,primary_loco,ARG,145,1,0,True,True,True,0.9999999999999987,-0.320324251581798,455.47246562923635,1432.8236322949376,9362.03692412302,True,,0.0,3030.41243681881,5726.868409591845,True
land,primary_loco,BOL,145,1,0,True,True,True,0.9999999999999963,-0.3203242515817979,455.47246562923635,1432.8236322949376,9362.03692412302,True,,0.0,2001.8236097527717,3966.513677071267,True
land,primary_loco,BRA,141,1,0,True,True,True,0.9999999999999997,-0.32026991978633335,453.31734085965616,1432.8236322949376,9213.028207715477,True,,0.0,3539.3215626827823,4606.002871623074,True
land,primary_loco,CHL,146,1,0,True,True,True,1.0000000000000002,-0.3203242515817945,456.0491067076004,1436.1431874752577,9362.03692412302,True,,0.0,1502.6016032806654,5467.19144979451,True
land,primary_loco,COL,139,1,0,True,True,True,1.000000000000001,-0.320269985664728,479.0782142318579,1439.4627426555778,9213.028207715477,True,,0.0,1668.9229764408094,3816.5562919522195,True
land,primary_loco,ECU,147,1,0,True,True,True,1.0000000000000029,-0.320269980087201,456.62574778596445,1444.5188422522847,9213.028207715477,True,,0.0,1083.1714052808293,2187.19000858485,True
land,primary_loco,PRY,145,1,0,True,True,True,0.9999999999999987,-0.320324251581798,455.47246562923635,1432.8236322949376,9362.03692412302,True,,0.0,2313.664923390145,4853.2857751932415,True
land,primary_loco,PER,145,1,0,True,True,True,1.0000000000000007,-0.3203242515817959,455.47246562923635,1444.2006317897303,9362.03692412302,True,,0.0,2058.843842032851,2996.0915196761634,True
land,primary_loco,SUR,148,1,0,True,True,True,1.0000000000000007,-0.3202699757798376,458.6210876913442,1441.8316872226542,9213.028207715477,True,,0.0,1923.7767437216828,2780.8161781786657,True
land,primary_loco,URY,147,1,0,True,True,True,0.9999999999999999,-0.32026999860470506,456.62574778596445,1439.4627426555778,9213.028207715477,True,,0.0,1502.6016032806654,5259.802241090277,True
land,primary_loco,VEN,146,1,0,True,True,True,0.9999999999999959,-0.32026998312638033,456.0491067076004,1457.340901009681,9213.028207715477,True,,0.0,1355.3471636969393,2138.0867527266505,True
land,m49_subregion_lo,0,149,2,0,True,True,True,1.0000000000000016,-0.32090352387177995,460.6164275967239,1444.2006317897303,5121.885544427493,True,,0.0,2512.644366516637,9362.03692412302,True
land,m49_subregion_lo,1,146,5,0,True,True,True,0.9999999999999989,-0.3202699721879695,477.8988301136384,1496.997061729648,9213.028207715477,True,,0.0,1007.6360334902121,2265.9275418575357,True
land,m49_subregion_lo,2,144,7,0,True,True,True,1.000000000000001,-0.3202699721512432,475.46888102621455,1480.6817372583894,9213.028207715477,True,,0.0,904.8504361493917,3816.5562919522195,True
land,m49_subregion_lo,3,147,4,0,True,True,True,1.0000000000000009,-0.3192379105359583,470.7601656300599,1444.2006317897303,9213.028207715477,True,,0.0,696.0467541986219,2584.376315986064,True
land,m49_subregion_lo,4,137,14,0,True,True,True,1.0000000000000056,-0.32411810322072016,455.47246562923635,1456.4805715253597,9213.028207715477,True,,0.0,686.7509417057968,3877.930243605284,True
land,m49_subregion_lo,5,146,5,0,True,True,True,0.9999999999999976,-0.32004534908516596,456.0491067076004,1436.1431874752577,9362.03692412302,True,,0.0,1400.3078392758916,4500.442458202049,True
land,m49_subregion_lo,6,141,10,0,True,True,True,1.000000000000005,-0.3401567443033636,479.0782142318579,1502.7936087095948,9213.028207715477,True,,0.0,255.874690516004,3615.385478216854,True
land,m49_subregion_lo,7,150,1,0,True,True,True,0.9999999999999996,-0.3204677083308728,465.6882966133919,1444.3597370210075,9362.03692412302,True,,0.0,2512.644366516637,5082.403346202947,True
land,m49_subregion_lo,8,143,8,0,True,True,True,1.0000000000000002,-0.33453975741433317,460.6164275967239,1496.8015532655563,9213.028207715477,True,,0.0,663.765300724505,2191.483346073587,True
land,m49_subregion_lo,9,145,6,0,True,True,True,1.0000000000000073,-0.3133091192189381,455.47246562923635,1456.4805715253597,9213.028207715477,True,,0.0,738.9848184325549,2117.8441679431567,True
land,m49_subregion_lo,10,149,2,0,True,True,True,0.9999999999999991,-0.32026997215124287,460.6164275967239,1444.2006317897303,9213.028207715477,True,,0.0,2386.1424929863297,4992.166371732849,True
land,m49_subregion_lo,11,141,10,0,True,True,True,0.9999999999999986,-0.32034700927274523,479.0782142318579,1496.8015532655563,9213.028207715477,True,,0.0,338.7660391175219,2750.7049374118046,True
land,m49_subregion_lo,12,140,11,0,True,True,True,0.9999999999999978,-0.3203242515817959,453.2056603590777,1425.6862110026234,9362.03692412302,True,,0.0,904.8504361493917,6307.832302979865,True
land,m49_subregion_lo,13,143,8,0,True,True,True,0.9999999999999984,-0.321723505451765,460.6164275967239,1418.5487897103092,10335.142025217694,True,,0.0,738.575549160016,4711.552917268606,True
land,m49_subregion_lo,14,146,5,0,True,True,True,1.000000000000001,-0.3161101422482786,471.3098567253155,1444.3597370210075,9213.028207715477,True,,0.0,720.4659867574989,2917.6614589815463,True
land,m49_subregion_lo,15,144,7,0,True,True,True,0.9999999999999981,-0.3176305054932197,455.47246562923635,1441.8316872226542,9213.028207715477,True,,0.0,696.0467541986219,3370.8040084911486,True
land,m49_subregion_lo,16,140,11,0,True,True,True,1.0000000000000009,-0.3239685800446702,479.0782142318579,1513.9381124384663,9213.028207715477,True,,0.0,172.30572647040742,1938.1507899006422,True
land,m49_subregion_lo,17,137,14,0,True,True,True,1.0000000000000029,-0.3287874299365249,476.71944599541894,1553.2760711040148,9213.028207715477,True,,0.0,663.765300724505,3545.621908017254,True
land,m49_subregion_lo,18,136,15,0,True,True,True,1.0000000000000027,-0.3357836120501482,480.0622088713602,1538.8044660482253,9213.028207715477,True,,0.0,686.7509417057968,2216.7550548179956,True
land,m49_subregion_lo,19,145,6,0,True,True,True,0.9999999999999988,-0.32006689943921207,479.0782142318579,1525.082616167338,9213.028207715477,True,,0.0,172.30572647040742,1186.0765910795794,True
land,random10,0,135,16,0,True,True,True,1.0000000000000013,-0.32228948893451376,470.7601656300599,1545.8976218167154,9362.03692412302,True,,0.0,203.59222465230314,4450.280468134521,True
land,random10,1,136,15,0,True,True,True,1.0000000000000009,-0.3229086371434973,487.33165792822274,1625.708313828883,9213.028207715477,True,,0.0,156.68100200471352,2035.6292851546928,True
land,random10,2,136,15,0,True,True,True,1.0000000000000007,-0.30255506201932936,482.6707912033079,1551.1720355478005,9362.03692412302,True,,0.0,136.3897925594138,4982.998748932491,True
land,random10,3,136,15,0,True,True,True,0.9999999999999966,-0.32170042509943164,458.6210876913442,1625.708313828883,9213.028207715477,True,,0.0,170.40249006343802,4497.075285100854,True
land,random10,4,136,15,0,True,True,True,1.000000000000002,-0.37153491984798503,479.0782142318579,1536.707520615731,9362.03692412302,True,,0.0,171.84518801088083,4054.188612146985,True
land,random10,5,136,15,0,True,True,True,1.0000000000000004,-0.3140004964063321,476.71944599541894,1494.001034007629,9362.03692412302,True,,0.0,255.874690516004,3450.6962405860486,True
land,random10,6,136,15,0,True,True,True,1.0000000000000029,-0.37742126005528137,487.3445885621557,1555.518976696023,5923.229213820964,True,,0.0,136.3897925594138,9213.028207715477,True
land,random10,7,136,15,0,True,True,True,1.000000000000001,-0.3175740595113054,480.0622088713602,1500.6472764105451,9658.95521137718,True,,0.0,155.56405742850257,5749.226961240612,True
land,random10,8,136,15,0,True,True,True,0.9999999999999989,-0.338766755652945,458.6210876913442,1540.696259961685,9362.03692412302,True,,0.0,156.68100200471352,4198.704636557916,True
land,random10,9,136,15,0,True,True,True,1.0000000000000016,-0.3664666853484626,481.0462035108626,1514.090816831377,9213.028207715477,True,,0.0,210.05951301984382,3639.7730976548382,True
land,buffer_territory_1000km,DZA,130,1,0,True,True,True,1.000000000000002,-0.32536388245541076,458.6210876913442,1626.0475021611005,9213.028207715477,True,,0.0,2200.1352678708445,2433.9445672615493,True
land,buffer_territory_1000km,AGO,134,1,0,True,True,True,0.9999999999999994,-0.33293572820074846,460.6164275967239,1463.3217656462184,9213.028207715477,True,,0.0,2160.1624278569952,3045.689750681684,True
land,buffer_territory_1000km,BEN,136,1,0,True,True,True,1.000000000000003,-0.3337481891056082,477.8988301136384,1560.207171694409,9213.028207715477,True,,0.0,1568.7072208863985,2634.348752712271,True
land,buffer_territory_1000km,BWA,140,1,0,True,True,True,1.0000000000000049,-0.3325037034887544,455.47246562923635,1453.2044750734397,9213.028207715477,True,,0.0,2129.7123742896965,2947.684018676211,True
land,buffer_territory_1000km,BFA,135,1,0,True,True,True,1.0000000000000062,-0.33696289498426685,471.8595478205712,1551.0338932582881,9213.028207715477,True,,0.0,1733.2140906168827,2705.7673606144276,True
land,buffer_territory_1000km,BDI,139,1,0,True,True,True,0.9999999999999982,-0.3235584229974323,455.47246562923635,1496.8015532655563,9213.028207715477,True,,0.0,1655.5183334683447,2196.8512670564787,True
land,buffer_territory_1000km,CMR,136,1,0,True,True,True,1.0000000000000049,-0.30938904971616304,458.6210876913442,1571.4244479255017,9213.028207715477,True,,0.0,2021.4586723121786,2664.9434938263153,True
land,buffer_territory_1000km,CAF,133,1,0,True,True,True,1.000000000000002,-0.31007102524961233,455.47246562923635,1489.0918782082656,9213.028207715477,True,,0.0,2021.5011965232186,2515.938620952336,True
land,buffer_territory_1000km,TCD,137,1,0,True,True,True,1.000000000000008,-0.31010962359226185,455.47246562923635,1502.7936087095948,9213.028207715477,True,,0.0,1875.3538367707315,2379.2377578984906,True
land,buffer_territory_1000km,COG,141,1,0,True,True,True,1.000000000000002,-0.31394451432758386,456.62574778596445,1491.2005147497016,9213.028207715477,True,,0.0,1641.5505538265022,2132.1610681003635,True
land,buffer_territory_1000km,COD,128,1,0,True,True,True,1.0000000000000027,-0.31020008914888914,455.47246562923635,1470.9189567555077,9213.028207715477,True,,0.0,2654.8736974075296,3003.766097285799,True
land,buffer_territory_1000km,CIV,137,1,0,True,True,True,1.0000000000000029,-0.3287874299365249,476.71944599541894,1553.2760711040148,9213.028207715477,True,,0.0,1826.9694158352777,2870.251141357194,True
land,buffer_territory_1000km,DJI,143,1,0,True,True,True,1.0000000000000044,-0.3148179193366076,455.47246562923635,1456.4805715253597,9213.028207715477,True,,0.0,1624.821253273497,2196.8512670564787,True
land,buffer_territory_1000km,EGY,133,1,0,True,True,True,1.0000000000000002,-0.32281069213082686,456.62574778596445,1533.709250989208,9213.028207715477,True,,0.0,1839.6738444677844,2125.8835060708248,True
land,buffer_territory_1000km,GNQ,138,1,0,True,True,True,1.0000000000000002,-0.32868643775024653,465.6882966133919,1508.4422127704859,9213.028207715477,True,,0.0,1733.2140906168827,2508.2859705781275,True
land,buffer_territory_1000km,ERI,142,1,0,True,True,True,1.0000000000000022,-0.3101864308531675,454.39490324444625,1450.4997068888222,9213.028207715477,True,,0.0,1672.7423939927578,2086.7708986333027,True
land,buffer_territory_1000km,ETH,136,1,0,True,True,True,0.9999999999999996,-0.31024325096289446,454.2832227438678,1463.3217656462184,9213.028207715477,True,,0.0,2216.7550548179956,2739.267184910345,True
land,buffer_territory_1000km,GAB,141,1,0,True,True,True,0.9999999999999992,-0.33436968163653125,460.6164275967239,1502.7936087095948,9213.028207715477,True,,0.0,1556.5966665982849,2275.8036998269326,True
land,buffer_territory_1000km,GHA,135,1,0,True,True,True,0.999999999999999,-0.3300464957345107,476.71944599541894,1551.0338932582881,9213.028207715477,True,,0.0,1603.6251708568007,3003.766097285799,True
land,buffer_territory_1000km,GIN,138,1,0,True,True,True,0.9999999999999979,-0.3232491661687939,477.8988301136384,1560.207171694409,9213.028207715477,True,,0.0,2094.5256839239764,3185.2721463025205,True
land,buffer_territory_1000km,GNB,142,1,0,True,True,True,0.9999999999999951,-0.31413803529022033,474.28949690799504,1547.4667871827655,9213.028207715477,True,,0.0,1603.6251708568007,2994.4517441994844,True
land,buffer_territory_1000km,KEN,135,1,0,True,True,True,0.9999999999999997,-0.31326353846783617,453.0939798584992,1470.1629597670772,9213.028207715477,True,,0.0,2340.2602806845507,2916.8613311293925,True
land,buffer_territory_1000km,LSO,144,1,0,True,True,True,0.9999999999999988,-0.3195242480322325,463.69295670801216,1450.4997068888222,9213.028207715477,True,,0.0,1793.4981464443435,3074.2826261934283,True
land,buffer_territory_1000km,LBR,139,1,0,True,True,True,1.0000000000000009,-0.3288712503471468,479.0782142318579,1553.2760711040148,9213.028207715477,True,,0.0,1942.5929726868142,2856.4269189045667,True
land,buffer_territory_1000km,LBY,126,1,0,True,True,True,1.0000000000000029,-0.29160190041408396,465.6882966133919,1654.3178630503194,9213.028207715477,True,,0.0,1894.6448668362607,2356.5591154473314,True
land,buffer_territory_1000km,MDG,147,1,0,True,True,True,0.9999999999999963,-0.33297638095724724,456.62574778596445,1496.8015532655563,9213.028207715477,True,,0.0,1768.6884829359244,2536.7330508693585,True
land,buffer_territory_1000km,MWI,136,1,0,True,True,True,0.9999999999999969,-0.34294727968911703,456.0491067076004,1444.3597370210075,9213.028207715477,True,,0.0,1517.4082976822901,2921.8720152822266,True
land,buffer_territory_1000km,MLI,133,1,0,True,True,True,1.0000000000000062,-0.32810742276412475,470.7601656300599,1551.0338932582881,9213.028207715477,True,,0.0,2189.0406575442703,2885.650772496545,True
land,buffer_territory_1000km,MRT,134,1,0,True,True,True,0.9999999999999962,-0.31504941266705144,471.3098567253155,1552.1549821811514,9213.028207715477,True,,0.0,2310.2968568099436,3245.595243833005,True
land,buffer_territory_1000km,MAR,142,1,0,True,True,True,1.0000000000000027,-0.32135751150490544,456.0491067076004,1510.9420847164472,9213.028207715477,True,,0.0,2079.4034575693377,2410.7945689625485,True
land,buffer_territory_1000km,MOZ,135,1,0,True,True,True,1.0000000000000036,-0.33003844428981793,453.31734085965616,1444.5188422522847,9213.028207715477,True,,0.0,1813.0608691237262,3537.367604655519,True
land,buffer_territory_1000km,NAM,141,1,0,True,True,True,0.9999999999999964,-0.33195422862476465,455.47246562923635,1456.4805715253597,9213.028207715477,True,,0.0,1533.709250989208,3086.5552885372845,True
land,buffer_territory_1000km,NER,132,1,0,True,True,True,1.0000000000000027,-0.31009239904193436,455.47246562923635,1590.6330728207126,9213.028207715477,True,,0.0,2026.8856184342283,2715.7680073651645,True
land,buffer_territory_1000km,NGA,133,1,0,True,True,True,1.0000000000000049,-0.31035094728762447,456.62574778596445,1575.7106235662,9213.028207715477,True,,0.0,1942.5929726868142,2740.5260468012607,True
land,buffer_territory_1000km,RWA,140,1,0,True,True,True,1.000000000000002,-0.32355842299743015,456.0491067076004,1499.7975809875757,9213.028207715477,True,,0.0,1641.5505538265022,2098.1347626318097,True
land,buffer_territory_1000km,SEN,141,1,0,True,True,True,1.0000000000000033,-0.31598554446066207,476.71944599541894,1551.0338932582881,9213.028207715477,True,,0.0,1828.6740270775713,2999.6326342674374,True
land,buffer_territory_1000km,SLE,141,1,0,True,True,True,1.0000000000000033,-0.31598554446066207,476.71944599541894,1551.0338932582881,9213.028207715477,True,,0.0,1417.8816186211416,2726.276324766252,True
land,buffer_territory_1000km,SOM,139,1,0,True,True,True,0.9999999999999969,-0.3106673045793883,455.47246562923635,1473.2827990847973,9213.028207715477,True,,0.0,1993.1417433576146,2818.513240670081,True
land,buffer_territory_1000km,ZAF,140,1,0,True,True,True,1.0000000000000049,-0.3325037034887544,455.47246562923635,1453.2044750734397,9213.028207715477,True,,0.0,2448.319447177946,3563.0211426365627,True
land,buffer_territory_1000km,SDN,131,1,0,True,True,True,1.0000000000000022,-0.31008215859397253,445.1149364795609,1491.2005147497016,9213.028207715477,True,,0.0,1998.922248968994,2537.2142567175674,True
land,buffer_territory_1000km,SWZ,144,1,0,True,True,True,0.9999999999999966,-0.32671430261579487,463.69295670801216,1463.3217656462184,9213.028207715477,True,,0.0,1517.4082976822901,2764.517947210236,True
land,buffer_territory_1000km,TZA,136,1,0,True,True,True,1.0000000000000022,-0.315484002263863,454.2832227438678,1463.3217656462184,9213.028207715477,True,,0.0,2129.7123742896965,2656.657017667678,True
land,buffer_territory_1000km,TGO,137,1,0,True,True,True,1.0000000000000044,-0.32999877062886795,471.8595478205712,1553.2760711040148,9213.028207715477,True,,0.0,1417.8816186211416,2720.307919295839,True
land,buffer_territory_1000km,TUN,132,1,0,True,True,True,0.9999999999999986,-0.3286307748161334,477.8988301136384,1544.361720784742,9213.028207715477,True,,0.0,1647.6168323078082,1938.1507899006422,True
land,buffer_territory_1000km,UGA,139,1,0,True,True,True,1.000000000000002,-0.31043058075234065,455.47246562923635,1496.8015532655563,9213.028207715477,True,,0.0,1624.821253273497,2268.3484603107713,True
land,buffer_territory_1000km,ZMB,136,1,0,True,True,True,0.9999999999999988,-0.3429472796891152,456.0491067076004,1444.3597370210075,9213.028207715477,True,,0.0,1793.4981464443435,2780.4639245437425,True
land,buffer_territory_1000km,ZWE,139,1,0,True,True,True,1.0000000000000016,-0.3312427141207958,455.47246562923635,1449.9283786215196,9213.028207715477,True,,0.0,1733.6149395747543,3023.055690669063,True
land,buffer_territory_1000km,AFG,137,1,0,True,True,True,0.9999999999999973,-0.3215088082957525,456.62574778596445,1432.8236322949376,9213.028207715477,True,,0.0,1762.6617750285623,2742.0377816495775,True
land,buffer_territory_1000km,ARM,135,1,0,True,True,True,0.9999999999999992,-0.3130323309584774,479.0782142318579,1543.8996811072427,9213.028207715477,True,,0.0,1318.9447296615883,1948.0569560445822,True
land,buffer_territory_1000km,AZE,135,1,0,True,True,True,0.9999999999999992,-0.3130323309584774,479.0782142318579,1543.8996811072427,9213.028207715477,True,,0.0,1498.942452115312,2004.0834945727208,True
land,buffer_territory_1000km,BGD,143,1,0,True,True,True,1.0000000000000002,-0.3281116845608703,460.6164275967239,1418.5487897103092,9213.028207715477,True,,0.0,1958.9678437697464,3091.5597087271276,True
land,buffer_territory_1000km,MMR,140,1,0,True,True,True,1.0000000000000007,-0.3281116845608702,456.0491067076004,1416.1990081978115,9790.746894645757,True,,0.0,2203.086278697769,3476.3749848464563,True
land,buffer_territory_1000km,KHM,142,1,0,True,True,True,1.000000000000003,-0.3283227321402846,458.6210876913442,1418.5487897103092,9790.746894645757,True,,0.0,1933.955967326727,4097.577912446605,True
land,buffer_territory_1000km,CHN,130,1,0,True,True,True,1.000000000000001,-0.31692716277415983,445.1149364795609,1395.9629826360247,10794.409689373617,True,,0.0,3681.6439798577835,5043.619156222945,True
land,buffer_territory_1000km,GEO,133,1,0,True,True,True,1.000000000000001,-0.3138682079907526,481.0462035108626,1543.8996811072427,9213.028207715477,True,,0.0,1397.746590535077,1977.1310130317333,True
land,buffer_territory_1000km,IND,131,1,0,True,True,True,1.0000000000000004,-0.3115021406090899,445.1149364795609,1411.0519717207792,9790.746894645757,True,,0.0,2627.329255334632,3815.486910969466,True
land,buffer_territory_1000km,IDN,141,1,0,True,True,True,1.0000000000000049,-0.326858769183576,456.62574778596445,1418.5487897103092,10794.409689373617,True,,0.0,2795.6145766411764,4975.93271873658,True
land,buffer_territory_1000km,IRN,126,1,0,True,True,True,0.9999999999999983,-0.30636087242124294,477.8988301136384,1494.001034007629,9213.028207715477,True,,0.0,2439.870039836375,2919.7199973667225,True
land,buffer_territory_1000km,IRQ,130,1,0,True,True,True,1.0000000000000004,-0.2880559641862639,481.0462035108626,1529.395933578273,9213.028207715477,True,,0.0,1943.9578213533798,2168.8838210430417,True
land,buffer_territory_1000km,ISR,138,1,0,True,True,True,1.0000000000000007,-0.3314323853592984,465.6882966133919,1548.5878761056288,9213.028207715477,True,,0.0,1318.9447296615883,1802.5012173917107,True
land,buffer_territory_1000km,JPN,145,1,0,True,True,True,0.9999999999999991,-0.32141067209858176,455.47246562923635,1432.8236322949376,9658.95521137718,True,,0.0,2974.441128232411,4593.295966578864,True
land,buffer_territory_1000km,JOR,135,1,0,True,True,True,0.9999999999999976,-0.2968447980120693,476.71944599541894,1543.8996811072427,9213.028207715477,True,,0.0,1559.2029370648484,1913.9352442418278,True
land,buffer_territory_1000km,KAZ,133,1,0,True,True,True,0.9999999999999983,-0.3061997469113606,456.62574778596445,1491.2005147497016,9213.028207715477,True,,0.0,2663.5964482592703,3002.5197622719083,True
land,buffer_territory_1000km,LAO,142,1,0,True,True,True,1.0,-0.3283112444589021,458.6210876913442,1418.5487897103092,9667.748021060428,True,,0.0,1857.0724422610729,3714.175514364423,True
land,buffer_territory_1000km,LBN,135,1,0,True,True,True,1.0000000000000009,-0.2987515178495782,476.71944599541894,1543.8996811072427,9213.028207715477,True,,0.0,1338.5030339853731,1739.951330470091,True
land,buffer_territory_1000km,MYS,142,1,0,True,True,True,0.9999999999999978,-0.3279637467032097,458.6210876913442,1418.5487897103092,10335.142025217694,True,,0.0,2504.7036422618503,4259.775740926464,True
land,buffer_territory_1000km,MNG,147,1,0,True,True,True,0.9999999999999991,-0.33139763436689046,456.62574778596445,1439.4627426555778,9213.028207715477,True,,0.0,2350.762940982553,3165.8258306429743,True
land,buffer_territory_1000km,NPL,143,1,0,True,True,True,1.000000000000001,-0.3204064618958722,455.47246562923635,1432.8236322949376,9213.028207715477,True,,0.0,2288.845242866646,2679.816088270322,True
land,buffer_territory_1000km,OMN,140,1,0,True,True,True,1.0000000000000024,-0.31027805260648966,456.0491067076004,1444.3597370210075,9213.028207715477,True,,0.0,1744.4035228784076,2439.3465488119214,True
land,buffer_territory_1000km,PAK,137,1,0,True,True,True,0.9999999999999973,-0.3215088082957525,456.62574778596445,1432.8236322949376,9213.028207715477,True,,0.0,2210.2866680853053,2926.155662982554,True
land,buffer_territory_1000km,PHL,144,1,0,True,True,True,1.000000000000005,-0.32185996744339646,465.6882966133919,1425.6862110026234,9790.746894645757,True,,0.0,1933.955967326727,4306.865630440626,True
land,buffer_territory_1000km,QAT,142,1,0,True,True,True,0.9999999999999999,-0.3102799724341223,458.6210876913442,1450.4997068888222,9213.028207715477,True,,0.0,1559.2029370648484,1763.4544480786697,True
land,buffer_territory_1000km,SAU,126,1,0,True,True,True,0.9999999999999996,-0.2949958730066845,465.6882966133919,1494.001034007629,9213.028207715477,True,,0.0,2030.207852200793,2878.0151739271523,True
land,buffer_territory_1000km,KOR,146,1,0,True,True,True,0.9999999999999989,-0.3200453490851643,456.0491067076004,1436.1431874752577,9362.03692412302,True,,0.0,2350.762940982553,3804.019688436311,True
land,buffer_territory_1000km,LKA,149,1,0,True,True,True,0.9999999999999999,-0.32591991202965154,460.6164275967239,1444.2006317897303,9213.028207715477,True,,0.0,2048.1394683876147,2955.0078231122284,True
land,buffer_territory_1000km,SYR,131,1,0,True,True,True,0.9999999999999999,-0.32592810922911575,479.0782142318579,1543.8996811072427,9213.028207715477,True,,0.0,1594.865078249166,1926.8575291777497,True
land,buffer_territory_1000km,TWN,145,1,0,True,True,True,0.9999999999999979,-0.3217824859838555,470.7601656300599,1432.8236322949376,9667.748021060428,True,,0.0,1857.0724422610729,3091.5597087271276,True
land,buffer_territory_1000km,TJK,141,1,0,True,True,True,1.0000000000000002,-0.31076816836300714,453.31734085965616,1432.8236322949376,9213.028207715477,True,,0.0,2004.0834945727208,2526.972528115981,True
land,buffer_territory_1000km,THA,141,1,0,True,True,True,1.0000000000000018,-0.32772978516617807,456.62574778596445,1418.5487897103092,9790.746894645757,True,,0.0,2325.0776615970885,3965.2545538221384,True
land,buffer_territory_1000km,TUR,116,1,0,True,True,True,0.9999999999999979,-0.29691289534811666,532.5835536921303,1689.9683619075508,9213.028207715477,True,,0.0,1679.9878218845279,2313.1821705760053,True
land,buffer_territory_1000km,TKM,135,1,0,True,True,True,1.0000000000000042,-0.31009333329215216,456.62574778596445,1491.2005147497016,9213.028207715477,True,,0.0,1706.1082946814745,2336.915302905699,True
land,buffer_territory_1000km,ARE,142,1,0,True,True,True,0.9999999999999999,-0.3102799724341223,458.6210876913442,1450.4997068888222,9213.028207715477,True,,0.0,1752.2000130378476,2038.9643170539507,True
land,buffer_territory_1000km,UZB,137,1,0,True,True,True,0.9999999999999996,-0.31022125408680296,456.62574778596445,1444.2006317897303,9213.028207715477,True,,0.0,1980.5430384833114,2582.512418522966,True
land,buffer_territory_1000km,VNM,139,1,0,True,True,True,0.9999999999999998,-0.3278796683972734,455.47246562923635,1413.849226685314,10794.409689373617,True,,0.0,2679.816088270322,4501.752392537318,True
land,buffer_territory_1000km,YEM,138,1,0,True,True,True,0.9999999999999983,-0.3262464289644618,455.47246562923635,1444.3597370210075,9213.028207715477,True,,0.0,1953.7143824049388,2705.0932584459297,True
land,buffer_territory_1000km,ALB,125,1,0,True,True,True,1.0000000000000042,-0.30868781742098195,523.3271202565203,1624.821253273497,9213.028207715477,True,,0.0,1346.2213745701642,1747.1058778814665,True
land,buffer_territory_1000km,AUT,118,1,0,True,True,True,1.0000000000000084,-0.31563703871794446,606.035823342205,1647.333973229398,9213.028207715477,True,,0.0,1432.587746222221,2363.684397679566,True
land,buffer_territory_1000km,BLR,126,1,0,True,True,True,1.000000000000002,-0.3207784722091327,536.6241034778278,1624.5970495406427,9213.028207715477,True,,0.0,1408.217131307745,1721.6803225366918,True
land,buffer_territory_1000km,BEL,130,1,0,True,True,True,0.9999999999999982,-0.32543032218364376,508.47211630105164,1571.4244479255017,9213.028207715477,True,,0.0,1381.2463872227324,1623.3799598334338,True
land,buffer_territory_1000km,BIH,125,1,0,True,True,True,1.0000000000000036,-0.31327099890112986,541.7447461123847,1657.5358404495967,9213.028207715477,True,,0.0,1318.0528988565204,1894.6448668362607,True
land,buffer_territory_1000km,BGR,124,1,0,True,True,True,1.0000000000000033,-0.3945114996206793,536.6241034778278,1633.5333963058736,9213.028207715477,True,,0.0,1338.5030339853731,1771.7471206762812,True
land,buffer_territory_1000km,HRV,119,1,0,True,True,True,0.9999999999999997,-0.3243236276130985,550.5593326684286,1653.117392632294,9213.028207715477,True,,0.0,1492.6637201869448,2166.2884962754006,True
land,buffer_territory_1000km,CYP,132,1,0,True,True,True,0.999999999999999,-0.2987417015271876,480.0622088713602,1560.207171694409,9213.028207715477,True,,0.0,1248.9973129731588,1800.147201669996,True
land,buffer_territory_1000km,CZE,119,1,0,True,True,True,1.0000000000000007,-0.3215501882782735,616.249247691313,1641.5505538265022,9213.028207715477,True,,0.0,1675.8015032211501,2401.2407079866566,True
land,buffer_territory_1000km,DNK,124,1,0,True,True,True,1.0000000000000009,-0.32273959431496957,546.1520393904067,1597.0173142498033,9213.028207715477,True,,0.0,1410.143714669934,2094.1186452330653,True
land,buffer_territory_1000km,EST,136,1,0,True,True,True,0.9999999999999989,-0.3202688705777666,480.0622088713602,1547.4667871827655,9213.028207715477,True,,0.0,1336.1447489375773,1684.5509428335004,True
land,buffer_territory_1000km,FIN,139,1,0,True,True,True,1.0000000000000004,-0.32056724642059675,479.0782142318579,1525.082616167338,9213.028207715477,True,,0.0,1713.7656011361348,1969.0414885285713,True
land,buffer_territory_1000km,FRA,119,1,0,True,True,True,0.999999999999997,-0.30872982867956555,536.6241034778278,1627.273751048704,9213.028207715477,True,,0.0,1783.447920060607,2426.64715707217,True
land,buffer_territory_1000km,DEU,116,1,0,True,True,True,1.0000000000000007,-0.3231493902844077,603.8246581241604,1633.5333963058736,9213.028207715477,True,,0.0,1882.3682265956381,2682.5405863985384,True
land,buffer_territory_1000km,GRC,118,1,0,True,True,True,0.9999999999999988,-0.3061061746322855,525.9350620814765,1695.1691812535423,9213.028207715477,True,,0.0,1571.8087746113222,2075.819692176994,True
land,buffer_territory_1000km,HUN,121,1,0,True,True,True,0.9999999999999954,-0.3120394875407844,597.9895697360994,1657.5358404495967,9213.028207715477,True,,0.0,1336.1447489375773,2015.4565392928394,True
land,buffer_territory_1000km,ISL,147,1,0,True,True,True,1.0000000000000013,-0.3200465296360878,476.71944599541894,1470.1629597670772,9213.028207715477,True,,0.0,1751.587876292036,2429.4199767228074,True
land,buffer_territory_1000km,IRL,141,1,0,True,True,True,1.0000000000000036,-0.320018968238152,479.0782142318579,1502.7936087095948,9213.028207715477,True,,0.0,1375.6856865842012,1968.7992396679956,True
land,buffer_territory_1000km,ITA,117,1,0,True,True,True,0.9999999999999991,-0.3088902588102713,550.5593326684286,1641.5505538265022,9213.028207715477,True,,0.0,1685.7848522011072,2314.7524570712467,True
land,buffer_territory_1000km,LVA,132,1,0,True,True,True,0.9999999999999992,-0.3289656984406682,493.1209161818551,1560.207171694409,9213.028207715477,True,,0.0,1374.9223015060734,1622.3104277238392,True
land,buffer_territory_1000km,LTU,129,1,0,True,True,True,1.0000000000000016,-0.3362457899156799,523.3271202565203,1575.7106235662,9213.028207715477,True,,0.0,1318.0528988565204,1685.7848522011072,True
land,buffer_territory_1000km,MKD,127,1,0,True,True,True,1.000000000000002,-0.30602874927952506,528.5430039064328,1624.821253273497,9213.028207715477,True,,0.0,1248.9973129731588,1711.1817054170324,True
land,buffer_territory_1000km,MDA,125,1,0,True,True,True,1.000000000000009,-0.33066575374037965,536.6241034778278,1627.273751048704,9213.028207715477,True,,0.0,1414.0310795555622,1735.1159878792248,True
land,buffer_territory_1000km,MNE,126,1,0,True,True,True,1.0000000000000022,-0.30594360169517243,532.5835536921303,1626.0475021611005,9213.028207715477,True,,0.0,1418.295951173396,1823.1620630064929,True
land,buffer_territory_1000km,NLD,128,1,0,True,True,True,0.9999999999999939,-0.32439288453932774,539.1844247951062,1586.2321689592268,9213.028207715477,True,,0.0,1413.2093168643019,1735.1159878792248,True
land,buffer_territory_1000km,NOR,133,1,0,True,True,True,0.9999999999999999,-0.3201098149703483,481.0462035108626,1543.8996811072427,9213.028207715477,True,,0.0,1791.437052155006,2201.327573711978,True
land,buffer_territory_1000km,POL,117,1,0,True,True,True,1.0000000000000009,-0.31412879481603057,616.249247691313,1641.5505538265022,9213.028207715477,True,,0.0,1858.4862635770467,2433.7477574845093,True
land,buffer_territory_1000km,PRT,144,1,0,True,True,True,1.000000000000005,-0.31927000960620633,465.6882966133919,1473.8405431375306,9213.028207715477,True,,0.0,1583.0974117545059,2240.6640471617798,True
land,buffer_territory_1000km,ROU,121,1,0,True,True,True,1.0000000000000004,-0.3420116221746225,597.9895697360994,1689.5044835691644,9213.028207715477,True,,0.0,1431.3377658711893,1824.761081680702,True
land,buffer_territory_1000km,RUS,107,1,0,True,True,True,1.0000000000000024,-0.33511872302004914,593.5672393000098,1751.8488000919697,9213.028207715477,True,,0.0,3490.025135154586,5026.6419075029735,True
land,buffer_territory_1000km,SRB,124,1,0,True,True,True,0.9999999999999959,-0.31324982807345625,536.6241034778278,1647.333973229398,9213.028207715477,True,,0.0,1410.597616810298,1837.1717111249118,True
land,buffer_territory_1000km,SVK,120,1,0,True,True,True,0.9999999999999982,-0.31194230555190194,615.1656623198119,1655.3266165409455,9213.028207715477,True,,0.0,1677.718039924554,2121.9653217147566,True
land,buffer_territory_1000km,SVN,120,1,0,True,True,True,0.9999999999999978,-0.3152438612982382,572.0632859842192,1655.3266165409455,9213.028207715477,True,,0.0,1374.9223015060734,2134.9081843099507,True
land,buffer_territory_1000km,ESP,132,1,0,True,True,True,1.0000000000000009,-0.3087083787210312,474.28949690799504,1547.4667871827655,9213.028207715477,True,,0.0,1872.474639510115,2121.9653217147566,True
land,buffer_territory_1000km,SWE,126,1,0,True,True,True,1.0000000000000007,-0.33664197661440487,546.1520393904067,1597.0173142498033,9213.028207715477,True,,0.0,1751.587876292036,2304.131485362474,True
land,buffer_territory_1000km,CHE,124,1,0,True,True,True,0.9999999999999897,-0.32604112387193873,595.7784045180546,1647.333973229398,9213.028207715477,True,,0.0,1375.6856865842012,1796.7715597319623,True
land,buffer_territory_1000km,UKR,114,1,0,True,True,True,0.9999999999999961,-0.3146017341004507,615.1656623198119,1783.3410693489507,9213.028207715477,True,,0.0,1699.8140792323286,2424.508313624356,True
land,buffer_territory_1000km,GBR,134,1,0,True,True,True,1.0000000000000016,-0.3200652122323603,480.0622088713602,1538.8044660482253,9213.028207715477,True,,0.0,1560.070231450683,1882.9702751803934,True
land,buffer_territory_1000km,BHS,140,1,0,True,True,True,1.000000000000001,-0.3202699721512422,476.71944599541894,1441.9907924539311,9213.028207715477,True,,0.0,1738.634942115838,4331.384242250134,True
land,buffer_territory_1000km,CAN,149,1,0,True,True,True,0.9999999999999991,-0.32026997215124287,460.6164275967239,1444.2006317897303,9213.028207715477,True,,0.0,3650.7540567632727,4992.166371732849,True
land,buffer_territory_1000km,CRI,141,1,0,True,True,True,0.9999999999999983,-0.3202699708204838,471.8595478205712,1444.5188422522847,9213.028207715477,True,,0.0,1419.263197993797,3650.3621338681314,True
land,buffer_territory_1000km,CUB,138,1,0,True,True,True,1.0,-0.3202699721512423,477.8988301136384,1436.1431874752577,9213.028207715477,True,,0.0,1419.263197993797,4606.002871623074,True
land,buffer_territory_1000km,DOM,144,1,0,True,True,True,0.9999999999999967,-0.3202699752419144,474.28949690799504,1480.6817372583894,9213.028207715477,True,,0.0,1569.4685748557981,2485.3614620415574,True
land,buffer_territory_1000km,SLV,142,1,0,True,True,True,1.0000000000000004,-0.32026998393214423,479.0782142318579,1457.340901009681,9213.028207715477,True,,0.0,1343.546076445893,3765.1751418753793,True
land,buffer_territory_1000km,GTM,141,1,0,True,True,True,0.9999999999999997,-0.3202699617554978,479.0782142318579,1444.5188422522847,9213.028207715477,True,,0.0,1433.0011783240373,3976.5624256513975,True
land,buffer_territory_1000km,HTI,141,1,0,True,True,True,0.9999999999999989,-0.320270001823885,476.71944599541894,1444.5188422522847,9213.028207715477,True,,0.0,1406.7719446682343,3136.637155967431,True
land,buffer_territory_1000km,HND,138,1,0,True,True,True,1.0000000000000002,-0.32027001457259774,480.0622088713602,1436.1431874752577,9213.028207715477,True,,0.0,1759.9169111292235,5159.595280608302,True
land,buffer_territory_1000km,JAM,138,1,0,True,True,True,0.9999999999999973,-0.3202699092240523,475.46888102621455,1436.1431874752577,9213.028207715477,True,,0.0,1343.546076445893,4982.998748932491,True
land,buffer_territory_1000km,MEX,140,1,0,True,True,True,1.0000000000000016,-0.32026997215124237,479.0782142318579,1441.9907924539311,9213.028207715477,True,,0.0,2916.90122511626,5432.106681993298,True
land,buffer_territory_1000km,NIC,139,1,0,True,True,True,0.999999999999999,-0.3202700314356345,481.0462035108626,1439.4627426555778,9213.028207715477,True,,0.0,1659.9327996123852,4383.748393776338,True
land,buffer_territory_1000km,PAN,140,1,0,True,True,True,1.0000000000000018,-0.32027015349972976,471.3098567253155,1441.9907924539311,9213.028207715477,True,,0.0,1406.7719446682343,3678.761344369347,True
land,buffer_territory_1000km,USA,140,1,0,True,True,True,1.0000000000000018,-0.3200718022612334,474.28949690799504,1441.9907924539311,9213.028207715477,True,,0.0,3816.2837570595543,5709.3555127464015,True
land,buffer_territory_1000km,AUS,147,1,0,True,True,True,0.9999999999999984,-0.3210003934699569,456.62574778596445,1439.4627426555778,4982.998748932491,True,,0.0,4227.213857138119,6544.360623017025,True
land,buffer_territory_1000km,NZL,149,1,0,True,True,True,1.0000000000000016,-0.32090352387177995,460.6164275967239,1444.2006317897303,5121.885544427493,True,,0.0,4699.435731470944,9362.03692412302,True
land,buffer_territory_1000km,PNG,148,1,0,True,True,True,0.9999999999999993,-0.3210003934699567,458.6210876913442,1441.8316872226542,9658.95521137718,True,,0.0,3322.324619559235,5121.885544427493,True
land,buffer_territory_1000km,ARG,144,1,0,True,True,True,0.9999999999999982,-0.32032425158179545,455.47246562923635,1425.6862110026234,9362.03692412302,True,,0.0,4069.2115909632553,5972.4100764275045,True
land,buffer_territory_1000km,BOL,144,1,0,True,True,True,1.0000000000000004,-0.320324251581797,455.47246562923635,1426.0434151443674,9362.03692412302,True,,0.0,2001.8236097527717,3998.6600415581534,True
land,buffer_territory_1000km,BRA,140,1,0,True,True,True,0.9999999999999978,-0.3203242515817959,453.2056603590777,1425.6862110026234,9362.03692412302,True,,0.0,3678.761344369347,4643.803444808026,True
land,buffer_territory_1000km,CHL,145,1,0,True,True,True,0.9999999999999963,-0.3203242515817979,455.47246562923635,1432.8236322949376,9362.03692412302,True,,0.0,1502.6016032806654,5814.811340961493,True
land,buffer_territory_1000km,COL,132,1,0,True,True,True,0.9999999999999991,-0.3203164372713388,471.3098567253155,1416.1990081978115,9213.028207715477,True,,0.0,1923.7767437216828,6590.96521340213,True
land,buffer_territory_1000km,ECU,144,1,0,True,True,True,1.000000000000001,-0.3202699257962788,456.0491067076004,1441.9907924539311,9213.028207715477,True,,0.0,1659.9327996123852,2485.3614620415574,True
land,buffer_territory_1000km,PRY,144,1,0,True,True,True,0.9999999999999982,-0.32032425158179545,455.47246562923635,1425.6862110026234,9362.03692412302,True,,0.0,3062.1652987686666,4939.660031082849,True
land,buffer_territory_1000km,PER,141,1,0,True,True,True,0.9999999999999996,-0.32032425158179656,453.31734085965616,1432.8236322949376,9362.03692412302,True,,0.0,2374.8120605204863,3151.2553230563885,True
land,buffer_territory_1000km,SUR,148,1,0,True,True,True,1.0000000000000007,-0.3202699757798376,458.6210876913442,1441.8316872226542,9213.028207715477,True,,0.0,1923.7767437216828,2780.8161781786657,True
land,buffer_territory_1000km,URY,147,1,0,True,True,True,0.9999999999999999,-0.32026999860470506,456.62574778596445,1439.4627426555778,9213.028207715477,True,,0.0,1502.6016032806654,5259.802241090277,True
land,buffer_territory_1000km,VEN,139,1,0,True,True,True,0.9999999999999997,-0.32026968180001236,460.6164275967239,1439.4627426555778,9213.028207715477,True,,0.0,2010.9124436889442,4268.497168881807,True
land,buffer_centroid_1500km,DZA,145,1,0,True,True,True,0.9999999999999996,-0.32749608585581036,455.47246562923635,1491.2005147497016,9213.028207715477,True,,0.0,1522.9137461516332,2130.2093706208475,True
land,buffer_centroid_1500km,AGO,144,1,0,True,True,True,0.9999999999999982,-0.33278017545923827,465.6882966133919,1538.058254712813,9213.028207715477,True,,0.0,1523.3904400849103,2041.5037984370413,True
land,buffer_centroid_1500km,BEN,139,1,0,True,True,True,0.9999999999999989,-0.33675425369585565,476.71944599541894,1567.1382722848032,9213.028207715477,True,,0.0,1543.8996811072427,2021.5011965232186,True
land,buffer_centroid_1500km,BWA,141,1,0,True,True,True,0.999999999999996,-0.32334047287360623,455.47246562923635,1456.4805715253597,9213.028207715477,True,,0.0,2129.7123742896965,2765.6854212194457,True
land,buffer_centroid_1500km,BFA,137,1,0,True,True,True,1.0000000000000029,-0.3287874299365249,476.71944599541894,1553.2760711040148,9213.028207715477,True,,0.0,1733.2140906168827,2515.938620952336,True
land,buffer_centroid_1500km,BDI,143,1,0,True,True,True,1.0000000000000033,-0.34250434695358795,460.6164275967239,1496.8015532655563,9213.028207715477,True,,0.0,1525.082616167338,2072.3292798192347,True
land,buffer_centroid_1500km,CMR,141,1,0,True,True,True,1.000000000000001,-0.3308592495663825,471.8595478205712,1502.7936087095948,9213.028207715477,True,,0.0,1544.823760462241,2189.0406575442703,True
land,buffer_centroid_1500km,CAF,140,1,0,True,True,True,0.9999999999999968,-0.31254074411376986,471.3098567253155,1492.2381308043236,9213.028207715477,True,,0.0,1525.082616167338,2153.644140358467,True
land,buffer_centroid_1500km,TCD,144,1,0,True,True,True,1.0,-0.31014782520003625,455.47246562923635,1486.4403452325519,9213.028207715477,True,,0.0,1719.3521698553684,2170.0836228367875,True
land,buffer_centroid_1500km,COG,143,1,0,True,True,True,1.0000000000000009,-0.3482932367340404,460.6164275967239,1496.8015532655563,9213.028207715477,True,,0.0,1641.5505538265022,2064.2735044740966,True
land,buffer_centroid_1500km,COD,141,1,0,True,True,True,1.0000000000000036,-0.3180809585533663,471.8595478205712,1502.7936087095948,9213.028207715477,True,,0.0,1544.823760462241,2146.088788475021,True
land,buffer_centroid_1500km,CIV,140,1,0,True,True,True,1.0000000000000002,-0.32874317540101033,479.0782142318579,1560.207171694409,9213.028207715477,True,,0.0,1502.7936087095948,2484.3729507825633,True
land,buffer_centroid_1500km,DJI,143,1,0,True,True,True,1.0000000000000044,-0.3148179193366076,455.47246562923635,1456.4805715253597,9213.028207715477,True,,0.0,1624.821253273497,2196.8512670564787,True
land,buffer_centroid_1500km,EGY,140,1,0,True,True,True,0.9999999999999977,-0.28799549956758264,473.7398058127394,1538.8044660482253,9213.028207715477,True,,0.0,1504.4929995555337,2057.5561850083936,True
land,buffer_centroid_1500km,GNQ,142,1,0,True,True,True,0.9999999999999968,-0.3529492915133881,474.28949690799504,1539.8034364029618,9213.028207715477,True,,0.0,1611.4829987940502,2264.337360163506,True
land,buffer_centroid_1500km,ERI,144,1,0,True,True,True,0.9999999999999984,-0.3144554909296078,455.47246562923635,1444.3597370210075,9213.028207715477,True,,0.0,1561.2757609505975,1885.7626525637202,True
land,buffer_centroid_1500km,ETH,143,1,0,True,True,True,1.0000000000000018,-0.3126772555153808,455.47246562923635,1444.5188422522847,9213.028207715477,True,,0.0,1596.7537143522538,2230.0367810862326,True
land,buffer_centroid_1500km,GAB,143,1,0,True,True,True,1.0000000000000009,-0.3482932367340404,460.6164275967239,1496.8015532655563,9213.028207715477,True,,0.0,1543.8996811072427,2067.0590625605487,True
land,buffer_centroid_1500km,GHA,140,1,0,True,True,True,1.000000000000004,-0.3348442595485958,477.8988301136384,1571.4244479255017,9213.028207715477,True,,0.0,1551.3101778373132,2288.5422577082163,True
land,buffer_centroid_1500km,GIN,139,1,0,True,True,True,1.0000000000000009,-0.3288712503471468,479.0782142318579,1553.2760711040148,9213.028207715477,True,,0.0,2094.5256839239764,3167.5341946656486,True
land,buffer_centroid_1500km,GNB,142,1,0,True,True,True,0.9999999999999951,-0.31413803529022033,474.28949690799504,1547.4667871827655,9213.028207715477,True,,0.0,1603.6251708568007,2994.4517441994844,True
land,buffer_centroid_1500km,KEN,143,1,0,True,True,True,1.0000000000000002,-0.32235109071170054,460.6164275967239,1470.1629597670772,9213.028207715477,True,,0.0,1575.7106235662,2045.2709741021226,True
land,buffer_centroid_1500km,LSO,145,1,0,True,True,True,0.9999999999999987,-0.31628914243449624,470.7601656300599,1444.5188422522847,9213.028207715477,True,,0.0,1567.1382722848032,3011.081132744028,True
land,buffer_centroid_1500km,LBR,140,1,0,True,True,True,1.0000000000000002,-0.32874317540101033,479.0782142318579,1560.207171694409,9213.028207715477,True,,0.0,1545.8976218167154,2837.763421305713,True
land,buffer_centroid_1500km,LBY,145,1,0,True,True,True,1.000000000000001,-0.33212985440038456,456.62574778596445,1491.2005147497016,9213.028207715477,True,,0.0,1522.9137461516332,1749.9585472728427,True
land,buffer_centroid_1500km,MDG,148,1,0,True,True,True,1.0000000000000007,-0.31875703951490225,458.6210876913442,1492.2381308043236,9213.028207715477,True,,0.0,1768.6884829359244,2448.319447177946,True
land,buffer_centroid_1500km,MWI,142,1,0,True,True,True,0.9999999999999971,-0.32725876231731293,458.6210876913442,1463.3217656462184,9213.028207715477,True,,0.0,1517.4082976822901,2070.633153780456,True
land,buffer_centroid_1500km,MLI,137,1,0,True,True,True,0.9999999999999952,-0.31526865183719477,476.71944599541894,1553.2760711040148,9213.028207715477,True,,0.0,1526.13837361473,2490.9077672819108,True
land,buffer_centroid_1500km,MRT,143,1,0,True,True,True,0.9999999999999969,-0.330917383995762,470.7601656300599,1533.709250989208,9213.028207715477,True,,0.0,1502.7936087095948,2102.649817750974,True
land,buffer_centroid_1500km,MAR,146,1,0,True,True,True,1.000000000000002,-0.31927000960620544,456.0491067076004,1444.3597370210075,9213.028207715477,True,,0.0,1527.4279627819208,2262.993026321785,True
land,buffer_centroid_1500km,MOZ,143,1,0,True,True,True,0.999999999999998,-0.33073874173273055,455.47246562923635,1470.1629597670772,9213.028207715477,True,,0.0,1567.1382722848032,2074.8747442170456,True
land,buffer_centroid_1500km,NAM,144,1,0,True,True,True,1.0000000000000016,-0.32298623406890514,463.69295670801216,1483.4822565163167,9213.028207715477,True,,0.0,1533.709250989208,2602.076591815614,True
land,buffer_centroid_1500km,NER,141,1,0,True,True,True,1.0000000000000029,-0.3204150555265547,456.62574778596445,1575.7106235662,9213.028207715477,True,,0.0,1559.1666022194897,2132.1610681003635,True
land,buffer_centroid_1500km,NGA,139,1,0,True,True,True,1.0000000000000053,-0.330840654567464,470.7601656300599,1596.7537143522538,9213.028207715477,True,,0.0,1508.778537473571,2225.2128785593077,True
land,buffer_centroid_1500km,RWA,142,1,0,True,True,True,1.000000000000006,-0.3302961765435218,458.6210876913442,1499.7975809875757,9213.028207715477,True,,0.0,1596.7537143522538,2035.4428332562663,True
land,buffer_centroid_1500km,SEN,142,1,0,True,True,True,0.9999999999999951,-0.31413803529022033,474.28949690799504,1547.4667871827655,9213.028207715477,True,,0.0,1633.6487836811827,2768.423074095034,True
land,buffer_centroid_1500km,SLE,140,1,0,True,True,True,1.0000000000000009,-0.32761134995141833,479.0782142318579,1547.4667871827655,9213.028207715477,True,,0.0,1568.7072208863985,2801.422403650962,True
land,buffer_centroid_1500km,SOM,145,1,0,True,True,True,1.0000000000000033,-0.3236070624152389,455.47246562923635,1444.5188422522847,9213.028207715477,True,,0.0,1597.2809141473529,2172.932242735167,True
land,buffer_centroid_1500km,ZAF,145,1,0,True,True,True,0.9999999999999987,-0.31628914243449624,470.7601656300599,1444.5188422522847,9213.028207715477,True,,0.0,1701.0059867207347,2924.3088650881073,True
land,buffer_centroid_1500km,SDN,144,1,0,True,True,True,1.0000000000000013,-0.3102020625037949,455.47246562923635,1480.6817372583894,9213.028207715477,True,,0.0,1658.4341708803713,1998.922248968994,True
land,buffer_centroid_1500km,SWZ,145,1,0,True,True,True,0.9999999999999996,-0.3177598771957283,470.7601656300599,1456.4805715253597,9213.028207715477,True,,0.0,1505.8904928851969,2738.1835436806687,True
land,buffer_centroid_1500km,TZA,142,1,0,True,True,True,1.0000000000000033,-0.34259442035925247,458.6210876913442,1483.4822565163167,9213.028207715477,True,,0.0,1514.090816831377,2180.506830043278,True
land,buffer_centroid_1500km,TGO,138,1,0,True,True,True,1.0000000000000016,-0.3367114515561087,474.28949690799504,1560.207171694409,9213.028207715477,True,,0.0,1556.5966665982849,2196.6864495109144,True
land,buffer_centroid_1500km,TUN,136,1,0,True,True,True,1.000000000000001,-0.31950920007457884,479.0782142318579,1538.8044660482253,9213.028207715477,True,,0.0,1525.2925090189713,1870.8685414623624,True
land,buffer_centroid_1500km,UGA,143,1,0,True,True,True,1.0000000000000009,-0.319711381591146,460.6164275967239,1496.8015532655563,9213.028207715477,True,,0.0,1597.2809141473529,2092.112125087287,True
land,buffer_centroid_1500km,ZMB,140,1,0,True,True,True,0.9999999999999986,-0.3185406138707395,456.0491067076004,1463.3217656462184,9213.028207715477,True,,0.0,1505.8904928851969,2275.8036998269326,True
land,buffer_centroid_1500km,ZWE,142,1,0,True,True,True,0.9999999999999989,-0.3214004640931461,456.0491067076004,1450.4997068888222,9213.028207715477,True,,0.0,1514.090816831377,2340.2602806845507,True
land,buffer_centroid_1500km,AFG,145,1,0,True,True,True,1.0000000000000016,-0.31076816836300963,460.6164275967239,1444.2006317897303,9213.028207715477,True,,0.0,1587.966393174854,1996.4640025412118,True
land,buffer_centroid_1500km,ARM,138,1,0,True,True,True,1.0000000000000004,-0.3064063355899151,481.0462035108626,1548.5878761056288,9213.028207715477,True,,0.0,1526.0705390945288,1936.6393304297735,True
land,buffer_centroid_1500km,AZE,138,1,0,True,True,True,1.0000000000000004,-0.33611608160013917,480.0622088713602,1538.8044660482253,9213.028207715477,True,,0.0,1591.8401494037682,1891.6452066690808,True
land,buffer_centroid_1500km,BGD,147,1,0,True,True,True,0.9999999999999999,-0.3281116845608697,456.62574778596445,1439.4627426555778,9213.028207715477,True,,0.0,1504.9849829398265,2462.681849474149,True
land,buffer_centroid_1500km,MMR,145,1,0,True,True,True,1.0000000000000027,-0.3237990386728943,471.8595478205712,1432.8236322949376,9421.341292384812,True,,0.0,1549.291485218015,2951.547135692747,True
land,buffer_centroid_1500km,KHM,145,1,0,True,True,True,1.0000000000000002,-0.3214582822750984,471.8595478205712,1432.8236322949376,9667.748021060428,True,,0.0,1933.955967326727,2877.529485230809,True
land,buffer_centroid_1500km,CHN,149,1,0,True,True,True,1.0000000000000036,-0.3222344157229241,460.6164275967239,1444.2006317897303,9213.028207715477,True,,0.0,1921.8977639991353,2474.9387719510255,True
land,buffer_centroid_1500km,GEO,136,1,0,True,True,True,0.9999999999999963,-0.30433087539795983,487.33165792822274,1560.207171694409,9213.028207715477,True,,0.0,1519.8705556884536,1960.3070467970588,True
land,buffer_centroid_1500km,IND,147,1,0,True,True,True,1.0000000000000009,-0.3208347222911242,456.62574778596445,1439.4627426555778,9213.028207715477,True,,0.0,1634.8062751901575,2627.329255334632,True
land,buffer_centroid_1500km,IDN,149,1,0,True,True,True,0.9999999999999989,-0.3205060004589483,460.6164275967239,1444.2006317897303,9421.341292384812,True,,0.0,1620.441188089678,3233.613256046562,True
land,buffer_centroid_1500km,IRN,138,1,0,True,True,True,1.0000000000000056,-0.31022149719093717,474.28949690799504,1494.001034007629,9213.028207715477,True,,0.0,1505.4630924343996,1983.2702697499362,True
land,buffer_centroid_1500km,IRQ,137,1,0,True,True,True,1.0,-0.3346274994296995,481.0462035108626,1543.8996811072427,9213.028207715477,True,,0.0,1504.4929995555337,2005.9110352156972,True
land,buffer_centroid_1500km,ISR,138,1,0,True,True,True,1.000000000000002,-0.3035083674625533,479.0782142318579,1560.207171694409,9213.028207715477,True,,0.0,1506.8033658298657,1829.3173141905886,True
land,buffer_centroid_1500km,JPN,149,1,0,True,True,True,1.0000000000000007,-0.3203736767932076,460.6164275967239,1444.2006317897303,9213.028207715477,True,,0.0,2029.0301159925932,4198.704636557916,True
land,buffer_centroid_1500km,JOR,138,1,0,True,True,True,1.000000000000002,-0.3035083674625533,479.0782142318579,1560.207171694409,9213.028207715477,True,,0.0,1559.2029370648484,1863.8773067760353,True
land,buffer_centroid_1500km,KAZ,147,1,0,True,True,True,1.0000000000000009,-0.3192379105359583,470.7601656300599,1444.2006317897303,9213.028207715477,True,,0.0,1619.4290328069865,2584.376315986064,True
land,buffer_centroid_1500km,LAO,146,1,0,True,True,True,0.999999999999999,-0.3208601584799091,474.28949690799504,1436.1431874752577,9421.341292384812,True,,0.0,1504.9849829398265,2769.6868903337404,True
land,buffer_centroid_1500km,LBN,137,1,0,True,True,True,0.9999999999999971,-0.3202299518716368,479.0782142318579,1567.1382722848032,9213.028207715477,True,,0.0,1501.6293817646874,1743.4161082796072,True
land,buffer_centroid_1500km,MYS,147,1,0,True,True,True,0.9999999999999972,-0.3219181750143282,476.71944599541894,1439.4627426555778,9667.748021060428,True,,0.0,1522.489407830806,3681.6439798577835,True
land,buffer_centroid_1500km,MNG,149,1,0,True,True,True,1.0000000000000036,-0.3222344157229241,460.6164275967239,1444.2006317897303,9213.028207715477,True,,0.0,2186.8062075746902,3017.792302112606,True
land,buffer_centroid_1500km,NPL,147,1,0,True,True,True,1.0000000000000009,-0.3208347222911242,456.62574778596445,1439.4627426555778,9213.028207715477,True,,0.0,1549.291485218015,2393.1512612800107,True
land,buffer_centroid_1500km,OMN,145,1,0,True,True,True,1.000000000000003,-0.3293513782743729,470.7601656300599,1444.5188422522847,9213.028207715477,True,,0.0,1657.8082406720648,2216.7550548179956,True
land,buffer_centroid_1500km,PAK,143,1,0,True,True,True,0.9999999999999991,-0.3107681683630101,456.62574778596445,1439.4627426555778,9213.028207715477,True,,0.0,1633.5333963058736,2485.0323113063478,True
land,buffer_centroid_1500km,PHL,149,1,0,True,True,True,1.0000000000000047,-0.32013697755089954,460.6164275967239,1444.2006317897303,9421.341292384812,True,,0.0,1620.441188089678,2951.547135692747,True
land,buffer_centroid_1500km,QAT,144,1,0,True,True,True,0.9999999999999988,-0.3252002512374336,465.6882966133919,1450.4997068888222,9213.028207715477,True,,0.0,1559.2029370648484,1761.9028370444216,True
land,buffer_centroid_1500km,SAU,137,1,0,True,True,True,1.0000000000000007,-0.3425012899473193,471.8595478205712,1496.8015532655563,9213.028207715477,True,,0.0,1634.5702488987965,2030.207852200793,True
land,buffer_centroid_1500km,KOR,148,1,0,True,True,True,1.0000000000000016,-0.31983831565906384,458.6210876913442,1441.8316872226542,9362.03692412302,True,,0.0,2123.3761159638143,3564.4858720426914,True
land,buffer_centroid_1500km,LKA,150,1,0,True,True,True,1.0000000000000002,-0.3202343716073777,465.6882966133919,1444.3597370210075,9213.028207715477,True,,0.0,1634.8062751901575,2769.6868903337404,True
land,buffer_centroid_1500km,SYR,137,1,0,True,True,True,0.9999999999999971,-0.3202299518716368,479.0782142318579,1567.1382722848032,9213.028207715477,True,,0.0,1505.4630924343996,1816.8403451493025,True
land,buffer_centroid_1500km,TWN,148,1,0,True,True,True,0.9999999999999978,-0.3185772174293001,458.6210876913442,1441.8316872226542,9421.341292384812,True,,0.0,1722.0602351903788,2527.5893459811373,True
land,buffer_centroid_1500km,TJK,145,1,0,True,True,True,0.9999999999999958,-0.3169271627741593,460.6164275967239,1444.2006317897303,9213.028207715477,True,,0.0,1645.3139872344605,2366.1236243627786,True
land,buffer_centroid_1500km,THA,146,1,0,True,True,True,0.999999999999999,-0.3208601584799091,474.28949690799504,1436.1431874752577,9421.341292384812,True,,0.0,1507.3821901248803,2474.9387719510255,True
land,buffer_centroid_1500km,TUR,131,1,0,True,True,True,0.9999999999999983,-0.3082211984616814,511.94162421580444,1596.7537143522538,9213.028207715477,True,,0.0,1518.5563869638675,1912.386236682325,True
land,buffer_centroid_1500km,TKM,141,1,0,True,True,True,1.0000000000000013,-0.3103450811992371,470.7601656300599,1444.5188422522847,9213.028207715477,True,,0.0,1541.686729681116,2181.6782144188123,True
land,buffer_centroid_1500km,ARE,144,1,0,True,True,True,0.9999999999999988,-0.3252002512374336,465.6882966133919,1450.4997068888222,9213.028207715477,True,,0.0,1587.966393174854,1926.8575291777497,True
land,buffer_centroid_1500km,UZB,143,1,0,True,True,True,1.0,-0.31138101381031424,460.6164275967239,1444.2006317897303,9213.028207715477,True,,0.0,1551.0338932582881,2414.1849588346654,True
land,buffer_centroid_1500km,VNM,145,1,0,True,True,True,1.0000000000000002,-0.3214582822750984,471.8595478205712,1432.8236322949376,9667.748021060428,True,,0.0,1722.0602351903788,2955.0078231122284,True
land,buffer_centroid_1500km,YEM,142,1,0,True,True,True,1.0000000000000024,-0.3158664395603575,458.6210876913442,1441.8316872226542,9213.028207715477,True,,0.0,1874.0991374787118,2309.898997871484,True
land,buffer_centroid_1500km,ALB,128,1,0,True,True,True,0.9999999999999977,-0.315769579706303,532.5835536921303,1611.0510837104248,9213.028207715477,True,,0.0,1512.5255347591326,1704.228496419749,True
land,buffer_centroid_1500km,AUT,122,1,0,True,True,True,1.0000000000000064,-0.32054141841255973,603.8246581241604,1655.3266165409455,9213.028207715477,True,,0.0,1525.2925090189713,2118.3291787908656,True
land,buffer_centroid_1500km,BLR,127,1,0,True,True,True,1.0000000000000022,-0.31707627840348,541.7447461123847,1597.2809141473529,9213.028207715477,True,,0.0,1512.5255347591326,1721.6803225366918,True
land,buffer_centroid_1500km,BEL,128,1,0,True,True,True,1.0000000000000078,-0.32785039633300384,561.839855198537,1626.0475021611005,9213.028207715477,True,,0.0,1577.4517195549226,1787.0795528860708,True
land,buffer_centroid_1500km,BIH,123,1,0,True,True,True,1.0000000000000084,-0.3208849575937144,550.5593326684286,1657.5358404495967,9213.028207715477,True,,0.0,1518.5563869638675,1996.5364871268555,True
land,buffer_centroid_1500km,BGR,124,1,0,True,True,True,1.0000000000000042,-0.3690412954634259,572.0632859842192,1681.0141129328542,9213.028207715477,True,,0.0,1506.8033658298657,1809.6629891661057,True
land,buffer_centroid_1500km,HRV,123,1,0,True,True,True,1.0000000000000084,-0.3208849575937144,550.5593326684286,1657.5358404495967,9213.028207715477,True,,0.0,1654.5012167023442,2020.3867461413465,True
land,buffer_centroid_1500km,CYP,132,1,0,True,True,True,1.0000000000000038,-0.3074758820799215,517.6343722361623,1586.2321689592268,9213.028207715477,True,,0.0,1540.9124825670665,1966.0491511824562,True
land,buffer_centroid_1500km,CZE,121,1,0,True,True,True,0.9999999999999961,-0.32056005717781055,616.249247691313,1653.117392632294,9213.028207715477,True,,0.0,1636.057036888284,2306.9909487357186,True
land,buffer_centroid_1500km,DNK,127,1,0,True,True,True,1.0000000000000062,-0.3381522042345588,541.7447461123847,1596.7537143522538,9213.028207715477,True,,0.0,1511.7372510102937,1809.6629891661057,True
land,buffer_centroid_1500km,EST,133,1,0,True,True,True,0.9999999999999989,-0.3281332562324605,493.61711234558294,1567.1382722848032,9213.028207715477,True,,0.0,1558.2123305774305,1778.0114188519865,True
land,buffer_centroid_1500km,FIN,142,1,0,True,True,True,1.0000000000000024,-0.3206879109400346,477.8988301136384,1513.9381124384663,9213.028207715477,True,,0.0,1696.3639379712017,1942.9237043331207,True
land,buffer_centroid_1500km,FRA,129,1,0,True,True,True,1.0000000000000053,-0.3323735061269825,493.61711234558294,1596.7537143522538,9213.028207715477,True,,0.0,1527.8681531673103,1946.0410130116106,True
land,buffer_centroid_1500km,DEU,121,1,0,True,True,True,1.0000000000000004,-0.33429677703448635,616.249247691313,1641.5505538265022,9213.028207715477,True,,0.0,1534.2574494532635,2324.711566919256,True
land,buffer_centroid_1500km,GRC,125,1,0,True,True,True,1.0000000000000044,-0.30072116071279886,528.5430039064328,1624.821253273497,9213.028207715477,True,,0.0,1571.8087746113222,1906.9155549781397,True
land,buffer_centroid_1500km,HUN,123,1,0,True,True,True,0.9999999999999986,-0.32054339709881835,550.5593326684286,1657.5358404495967,9213.028207715477,True,,0.0,1536.5198646157623,1967.9293080759608,True
land,buffer_centroid_1500km,ISL,147,1,0,True,True,True,1.0000000000000013,-0.3200465296360878,476.71944599541894,1470.1629597670772,9213.028207715477,True,,0.0,1751.587876292036,2429.4199767228074,True
land,buffer_centroid_1500km,IRL,142,1,0,True,True,True,1.0000000000000062,-0.32006868113292175,477.8988301136384,1529.395933578273,9213.028207715477,True,,0.0,1531.5713423192528,1858.4862635770467,True
land,buffer_centroid_1500km,ITA,127,1,0,True,True,True,1.0000000000000047,-0.321653012835242,536.6241034778278,1624.821253273497,9213.028207715477,True,,0.0,1539.4406064831617,1856.7986650522791,True
land,buffer_centroid_1500km,LVA,128,1,0,True,True,True,0.999999999999994,-0.3246958657206258,539.1844247951062,1597.0173142498033,9213.028207715477,True,,0.0,1569.9949837535871,1905.149936098147,True
land,buffer_centroid_1500km,LTU,125,1,0,True,True,True,1.0000000000000018,-0.3146248950007061,593.5672393000098,1627.641097405841,9213.028207715477,True,,0.0,1536.8055674577122,2031.8790905811777,True
land,buffer_centroid_1500km,MKD,127,1,0,True,True,True,0.9999999999999957,-0.31585071367695416,536.6241034778278,1624.821253273497,9213.028207715477,True,,0.0,1501.6293817646874,1711.1817054170324,True
land,buffer_centroid_1500km,MDA,125,1,0,True,True,True,1.0000000000000047,-0.34173236748074926,541.7447461123847,1633.5333963058736,9213.028207715477,True,,0.0,1523.8904061304709,1769.985739332223,True
land,buffer_centroid_1500km,MNE,123,1,0,True,True,True,0.9999999999999972,-0.3159111940753436,550.5593326684286,1690.4322402459375,9213.028207715477,True,,0.0,1597.418502718029,1972.7109047800202,True
land,buffer_centroid_1500km,NLD,127,1,0,True,True,True,0.9999999999999966,-0.3298654827612649,550.5593326684286,1627.273751048704,9213.028207715477,True,,0.0,1513.7315404098704,1825.974631956093,True
land,buffer_centroid_1500km,NOR,138,1,0,True,True,True,0.9999999999999998,-0.32056332054588443,481.0462035108626,1529.395933578273,9213.028207715477,True,,0.0,1588.1876849012908,2033.5801273729835,True
land,buffer_centroid_1500km,POL,121,1,0,True,True,True,0.9999999999999983,-0.3138709018580552,614.0820769483108,1641.5505538265022,9213.028207715477,True,,0.0,1506.5850500350944,2265.719663997295,True
land,buffer_centroid_1500km,PRT,147,1,0,True,True,True,1.0000000000000029,-0.32051467854689697,460.6164275967239,1456.4805715253597,9213.028207715477,True,,0.0,1583.0974117545059,2018.7056825987756,True
land,buffer_centroid_1500km,ROU,125,1,0,True,True,True,1.0000000000000018,-0.3222347460439804,541.7447461123847,1633.5333963058736,9213.028207715477,True,,0.0,1511.7372510102937,1734.2922252398416,True
land,buffer_centroid_1500km,RUS,150,1,0,True,True,True,1.0,-0.3200717865393299,465.6882966133919,1444.3597370210075,9213.028207715477,True,,0.0,2186.8062075746902,3615.385478216854,True
land,buffer_centroid_1500km,SRB,121,1,0,True,True,True,1.0000000000000007,-0.31494412876982036,593.5672393000098,1689.5044835691644,9213.028207715477,True,,0.0,1637.986128134214,2007.6867252941367,True
land,buffer_centroid_1500km,SVK,122,1,0,True,True,True,1.0000000000000038,-0.3203701675614684,615.1656623198119,1655.3266165409455,9213.028207715477,True,,0.0,1618.100476140872,2001.3087600066237,True
land,buffer_centroid_1500km,SVN,123,1,0,True,True,True,1.0000000000000084,-0.3208849575937144,550.5593326684286,1657.5358404495967,9213.028207715477,True,,0.0,1558.2123305774305,2033.5801273729835,True
land,buffer_centroid_1500km,ESP,142,1,0,True,True,True,1.0000000000000042,-0.3212668031279044,465.6882966133919,1480.6817372583894,9213.028207715477,True,,0.0,1531.5713423192528,1872.474639510115,True
land,buffer_centroid_1500km,SWE,136,1,0,True,True,True,1.0000000000000016,-0.32235332429903685,487.33165792822274,1547.4667871827655,9213.028207715477,True,,0.0,1617.5030810849737,1814.6694934180568,True
land,buffer_centroid_1500km,CHE,125,1,0,True,True,True,1.0000000000000067,-0.33832845207311535,536.6241034778278,1641.5505538265022,9213.028207715477,True,,0.0,1523.8904061304709,1796.7715597319623,True
land,buffer_centroid_1500km,UKR,127,1,0,True,True,True,1.0000000000000047,-0.31621146460272687,550.5593326684286,1633.5333963058736,9213.028207715477,True,,0.0,1534.2574494532635,1723.0016748521955,True
land,buffer_centroid_1500km,GBR,138,1,0,True,True,True,1.0000000000000013,-0.3200686811329188,480.0622088713602,1538.8044660482253,9213.028207715477,True,,0.0,1506.5850500350944,1759.8369851956202,True
land,buffer_centroid_1500km,BHS,145,1,0,True,True,True,1.0000000000000036,-0.32026985708771866,479.0782142318579,1491.2005147497016,9213.028207715477,True,,0.0,1539.705790242254,2618.976265597053,True
land,buffer_centroid_1500km,CAN,150,1,0,True,True,True,1.0000000000000007,-0.32026997215124253,465.6882966133919,1444.3597370210075,9213.028207715477,True,,0.0,1845.3592117092003,4982.998748932491,True
land,buffer_centroid_1500km,CRI,141,1,0,True,True,True,0.999999999999999,-0.32026995998096625,479.0782142318579,1444.5188422522847,9213.028207715477,True,,0.0,1589.6733009721256,3650.3621338681314,True
land,buffer_centroid_1500km,CUB,140,1,0,True,True,True,0.9999999999999982,-0.3202699429606841,481.0462035108626,1441.9907924539311,9213.028207715477,True,,0.0,2063.5565486413548,4541.859376022332,True
land,buffer_centroid_1500km,DOM,145,1,0,True,True,True,1.0000000000000002,-0.3202699805461907,476.71944599541894,1491.2005147497016,9213.028207715477,True,,0.0,1569.4685748557981,2261.424502259429,True
land,buffer_centroid_1500km,SLV,143,1,0,True,True,True,1.0000000000000002,-0.32027009321133465,481.0462035108626,1470.1629597670772,9213.028207715477,True,,0.0,1751.8488000919697,2994.1244175383868,True
land,buffer_centroid_1500km,GTM,143,1,0,True,True,True,1.0000000000000002,-0.32027009321133465,481.0462035108626,1470.1629597670772,9213.028207715477,True,,0.0,1553.2760711040148,3264.8776864751217,True
land,buffer_centroid_1500km,HTI,142,1,0,True,True,True,1.0000000000000047,-0.32027012895905893,480.0622088713602,1457.340901009681,9213.028207715477,True,,0.0,1589.6733009721256,3136.637155967431,True
land,buffer_centroid_1500km,HND,141,1,0,True,True,True,1.0000000000000013,-0.3202699715116949,481.0462035108626,1444.5188422522847,9213.028207715477,True,,0.0,1759.9169111292235,3770.302982217156,True
land,buffer_centroid_1500km,JAM,140,1,0,True,True,True,0.9999999999999982,-0.3202699429606841,481.0462035108626,1441.9907924539311,9213.028207715477,True,,0.0,1610.2950270372448,4098.627916482055,True
land,buffer_centroid_1500km,MEX,150,1,0,True,True,True,0.9999999999999996,-0.32026997215124176,465.6882966133919,1444.3597370210075,9213.028207715477,True,,0.0,1553.2760711040148,2618.976265597053,True
land,buffer_centroid_1500km,NIC,142,1,0,True,True,True,0.999999999999999,-0.32027009024505093,487.33165792822274,1457.340901009681,9213.028207715477,True,,0.0,1539.705790242254,3326.5989248754026,True
land,buffer_centroid_1500km,PAN,140,1,0,True,True,True,1.000000000000001,-0.32026998824820063,481.0462035108626,1441.9907924539311,9213.028207715477,True,,0.0,1547.4604198549541,3678.761344369347,True
land,buffer_centroid_1500km,USA,150,1,0,True,True,True,1.0000000000000013,-0.32026997215124087,465.6882966133919,1444.3597370210075,9213.028207715477,True,,0.0,1845.3592117092003,3945.5977573687387,True
land,buffer_centroid_1500km,AUS,150,1,0,True,True,True,0.9999999999999976,-0.32074543566577246,465.6882966133919,1444.3597370210075,9362.03692412302,True,,0.0,2512.644366516637,5690.658461783122,True
land,buffer_centroid_1500km,NZL,150,1,0,True,True,True,1.0000000000000013,-0.32033560700769453,465.6882966133919,1444.3597370210075,5749.226961240612,True,,0.0,3962.2545301287087,9213.028207715477,True
land,buffer_centroid_1500km,PNG,150,1,0,True,True,True,0.9999999999999996,-0.3204677083308728,465.6882966133919,1444.3597370210075,9362.03692412302,True,,0.0,2512.644366516637,5082.403346202947,True
land,buffer_centroid_1500km,ARG,147,1,0,True,True,True,1.0000000000000027,-0.32032425158179756,456.62574778596445,1439.4627426555778,9362.03692412302,True,,0.0,2031.0507662103878,5089.7306438276155,True
land,buffer_centroid_1500km,BOL,147,1,0,True,True,True,1.000000000000001,-0.3202700025692222,456.62574778596445,1439.4627426555778,9213.028207715477,True,,0.0,2001.8236097527717,3271.9827701088957,True
land,buffer_centroid_1500km,BRA,149,1,0,True,True,True,1.000000000000002,-0.3202699710622834,460.6164275967239,1444.2006317897303,9213.028207715477,True,,0.0,1509.6207489612268,3175.3607058576804,True
land,buffer_centroid_1500km,CHL,149,1,0,True,True,True,0.9999999999999988,-0.3203242515817966,460.6164275967239,1444.2006317897303,9362.03692412302,True,,0.0,1502.6016032806654,4946.532669548015,True
land,buffer_centroid_1500km,COL,145,1,0,True,True,True,0.9999999999999991,-0.3202699208866259,456.62574778596445,1444.5188422522847,9213.028207715477,True,,0.0,1608.6189840482862,2063.5565486413548,True
land,buffer_centroid_1500km,ECU,146,1,0,True,True,True,1.0,-0.32026997203097024,458.6210876913442,1457.340901009681,9213.028207715477,True,,0.0,1659.9327996123852,2409.712611116252,True
land,buffer_centroid_1500km,PRY,147,1,0,True,True,True,1.0000000000000002,-0.3202700088026702,456.62574778596445,1439.4627426555778,9213.028207715477,True,,0.0,1509.6207489612268,4240.840249204223,True
land,buffer_centroid_1500km,PER,147,1,0,True,True,True,0.9999999999999981,-0.3202699838867977,456.62574778596445,1444.5188422522847,9213.028207715477,True,,0.0,2058.843842032851,2994.1244175383868,True
land,buffer_centroid_1500km,SUR,149,1,0,True,True,True,1.0000000000000002,-0.32026996969007826,460.6164275967239,1444.2006317897303,9213.028207715477,True,,0.0,1683.4237927886047,2768.1543691711913,True
land,buffer_centroid_1500km,URY,148,1,0,True,True,True,1.0,-0.3202699820626789,458.6210876913442,1441.8316872226542,9213.028207715477,True,,0.0,1502.6016032806654,4602.527946481434,True
land,buffer_centroid_1500km,VEN,146,1,0,True,True,True,0.9999999999999994,-0.32026997338978314,467.37207780893954,1450.4997068888222,9213.028207715477,True,,0.0,1547.4604198549541,2176.9354975662836,True
